Candidate,Target,Assignments,ProgramPath,ExecutionResult,Label,Accepted,Error,Prompt
1,T,"main:w:1=1
",/home/quasar/Documents/FocusTNT/results_InputGeneration/FSE/loop/Undefined_Behavior_2/input_generator_artifacts/generated_programs/Undefined_Behavior_2_NT_TestCase1.c,COMPLETED,T,true,,"You generate concrete values for nondeterministic inputs in a C/C++ program.
Your goal is to produce ONE complete assignment set that is likely to make the program terminate.

Important rules:
1. Return a value for EVERY listed nondeterministic input ID.
2. Use each ID exactly once.
3. Respect the declared C/C++ type.
4. For an array, return the value as an array containing exactly the required number of elements.
5. For char arrays, each element must be exactly one character. Return the character itself without C single quotes.
6. Prefer small-magnitude values unless larger values are necessary to achieve the requested execution behavior.

Nondeterministic inputs:
- id: main:w:1, type: unsigned int

Program:
extern unsigned int __VERIFIER_nondet_uint(void);
/*
Commit Number: b00a4fa78779ff0f304fa6cb34d49622679c86d4
URL: https://github.com/anlaneg/elfutils/commit/b00a4fa78779ff0f304fa6cb34d49622679c86d4
Project Name: elfutils
License: GPL3
termination: POTENTIAL FALSE
*/
int ffs( unsigned int w )
{
    int i = 1;
    while( w % 2 == 0 )
    {
        i++;
        w = w / 2;
    }
    return i;
}
int main()
{
    unsigned int w = __VERIFIER_nondet_uint();

    while( w != 0 )
    {
        int n = ffs(w);
        w >>= n;
    }
    return 0;
}

"
2,T,"main:w:1=0
",/home/quasar/Documents/FocusTNT/results_InputGeneration/FSE/loop/Undefined_Behavior_2/input_generator_artifacts/generated_programs/Undefined_Behavior_2_NT_TestCase2.c,COMPLETED,T,true,,"You generate concrete values for nondeterministic inputs in a C/C++ program.
Your goal is to produce ONE complete assignment set that is likely to make the program terminate.

Important rules:
1. Return a value for EVERY listed nondeterministic input ID.
2. Use each ID exactly once.
3. Respect the declared C/C++ type.
4. For an array, return the value as an array containing exactly the required number of elements.
5. For char arrays, each element must be exactly one character. Return the character itself without C single quotes.
6. Prefer small-magnitude values unless larger values are necessary to achieve the requested execution behavior.

Nondeterministic inputs:
- id: main:w:1, type: unsigned int

Previously generated assignment sets are listed below. Generate a materially different set and do not duplicate any of them.
Previous 1: main:w:1=1; 

Program:
extern unsigned int __VERIFIER_nondet_uint(void);
/*
Commit Number: b00a4fa78779ff0f304fa6cb34d49622679c86d4
URL: https://github.com/anlaneg/elfutils/commit/b00a4fa78779ff0f304fa6cb34d49622679c86d4
Project Name: elfutils
License: GPL3
termination: POTENTIAL FALSE
*/
int ffs( unsigned int w )
{
    int i = 1;
    while( w % 2 == 0 )
    {
        i++;
        w = w / 2;
    }
    return i;
}
int main()
{
    unsigned int w = __VERIFIER_nondet_uint();

    while( w != 0 )
    {
        int n = ffs(w);
        w >>= n;
    }
    return 0;
}

"
3,T,"main:w:1=42
",/home/quasar/Documents/FocusTNT/results_InputGeneration/FSE/loop/Undefined_Behavior_2/input_generator_artifacts/generated_programs/Undefined_Behavior_2_NT_TestCase3.c,COMPLETED,T,true,,"You generate concrete values for nondeterministic inputs in a C/C++ program.
Your goal is to produce ONE complete assignment set that is likely to make the program terminate.

Important rules:
1. Return a value for EVERY listed nondeterministic input ID.
2. Use each ID exactly once.
3. Respect the declared C/C++ type.
4. For an array, return the value as an array containing exactly the required number of elements.
5. For char arrays, each element must be exactly one character. Return the character itself without C single quotes.
6. Prefer small-magnitude values unless larger values are necessary to achieve the requested execution behavior.

Nondeterministic inputs:
- id: main:w:1, type: unsigned int

Previously generated assignment sets are listed below. Generate a materially different set and do not duplicate any of them.
Previous 1: main:w:1=1; 
Previous 2: main:w:1=0; 

Program:
extern unsigned int __VERIFIER_nondet_uint(void);
/*
Commit Number: b00a4fa78779ff0f304fa6cb34d49622679c86d4
URL: https://github.com/anlaneg/elfutils/commit/b00a4fa78779ff0f304fa6cb34d49622679c86d4
Project Name: elfutils
License: GPL3
termination: POTENTIAL FALSE
*/
int ffs( unsigned int w )
{
    int i = 1;
    while( w % 2 == 0 )
    {
        i++;
        w = w / 2;
    }
    return i;
}
int main()
{
    unsigned int w = __VERIFIER_nondet_uint();

    while( w != 0 )
    {
        int n = ffs(w);
        w >>= n;
    }
    return 0;
}

"
4,T,"main:w:1=32768
",/home/quasar/Documents/FocusTNT/results_InputGeneration/FSE/loop/Undefined_Behavior_2/input_generator_artifacts/generated_programs/Undefined_Behavior_2_NT_TestCase4.c,COMPLETED,T,true,,"You generate concrete values for nondeterministic inputs in a C/C++ program.
Your goal is to produce ONE complete assignment set that is likely to make the program terminate.

Important rules:
1. Return a value for EVERY listed nondeterministic input ID.
2. Use each ID exactly once.
3. Respect the declared C/C++ type.
4. For an array, return the value as an array containing exactly the required number of elements.
5. For char arrays, each element must be exactly one character. Return the character itself without C single quotes.
6. Prefer small-magnitude values unless larger values are necessary to achieve the requested execution behavior.

Nondeterministic inputs:
- id: main:w:1, type: unsigned int

Previously generated assignment sets are listed below. Generate a materially different set and do not duplicate any of them.
Previous 1: main:w:1=1; 
Previous 2: main:w:1=0; 
Previous 3: main:w:1=42; 

Program:
extern unsigned int __VERIFIER_nondet_uint(void);
/*
Commit Number: b00a4fa78779ff0f304fa6cb34d49622679c86d4
URL: https://github.com/anlaneg/elfutils/commit/b00a4fa78779ff0f304fa6cb34d49622679c86d4
Project Name: elfutils
License: GPL3
termination: POTENTIAL FALSE
*/
int ffs( unsigned int w )
{
    int i = 1;
    while( w % 2 == 0 )
    {
        i++;
        w = w / 2;
    }
    return i;
}
int main()
{
    unsigned int w = __VERIFIER_nondet_uint();

    while( w != 0 )
    {
        int n = ffs(w);
        w >>= n;
    }
    return 0;
}

"
5,T,"main:w:1=2
",/home/quasar/Documents/FocusTNT/results_InputGeneration/FSE/loop/Undefined_Behavior_2/input_generator_artifacts/generated_programs/Undefined_Behavior_2_NT_TestCase5.c,COMPLETED,T,true,,"You generate concrete values for nondeterministic inputs in a C/C++ program.
Your goal is to produce ONE complete assignment set that is likely to make the program terminate.

Important rules:
1. Return a value for EVERY listed nondeterministic input ID.
2. Use each ID exactly once.
3. Respect the declared C/C++ type.
4. For an array, return the value as an array containing exactly the required number of elements.
5. For char arrays, each element must be exactly one character. Return the character itself without C single quotes.
6. Prefer small-magnitude values unless larger values are necessary to achieve the requested execution behavior.

Nondeterministic inputs:
- id: main:w:1, type: unsigned int

Previously generated assignment sets are listed below. Generate a materially different set and do not duplicate any of them.
Previous 1: main:w:1=1; 
Previous 2: main:w:1=0; 
Previous 3: main:w:1=42; 
Previous 4: main:w:1=32768; 

Program:
extern unsigned int __VERIFIER_nondet_uint(void);
/*
Commit Number: b00a4fa78779ff0f304fa6cb34d49622679c86d4
URL: https://github.com/anlaneg/elfutils/commit/b00a4fa78779ff0f304fa6cb34d49622679c86d4
Project Name: elfutils
License: GPL3
termination: POTENTIAL FALSE
*/
int ffs( unsigned int w )
{
    int i = 1;
    while( w % 2 == 0 )
    {
        i++;
        w = w / 2;
    }
    return i;
}
int main()
{
    unsigned int w = __VERIFIER_nondet_uint();

    while( w != 0 )
    {
        int n = ffs(w);
        w >>= n;
    }
    return 0;
}

"
6,T,"main:w:1=3
",/home/quasar/Documents/FocusTNT/results_InputGeneration/FSE/loop/Undefined_Behavior_2/input_generator_artifacts/generated_programs/Undefined_Behavior_2_NT_TestCase6.c,COMPLETED,T,true,,"You generate concrete values for nondeterministic inputs in a C/C++ program.
Your goal is to produce ONE complete assignment set that is likely to make the program terminate.

Important rules:
1. Return a value for EVERY listed nondeterministic input ID.
2. Use each ID exactly once.
3. Respect the declared C/C++ type.
4. For an array, return the value as an array containing exactly the required number of elements.
5. For char arrays, each element must be exactly one character. Return the character itself without C single quotes.
6. Prefer small-magnitude values unless larger values are necessary to achieve the requested execution behavior.

Nondeterministic inputs:
- id: main:w:1, type: unsigned int

Previously generated assignment sets are listed below. Generate a materially different set and do not duplicate any of them.
Previous 1: main:w:1=1; 
Previous 2: main:w:1=0; 
Previous 3: main:w:1=42; 
Previous 4: main:w:1=32768; 
Previous 5: main:w:1=2; 

Program:
extern unsigned int __VERIFIER_nondet_uint(void);
/*
Commit Number: b00a4fa78779ff0f304fa6cb34d49622679c86d4
URL: https://github.com/anlaneg/elfutils/commit/b00a4fa78779ff0f304fa6cb34d49622679c86d4
Project Name: elfutils
License: GPL3
termination: POTENTIAL FALSE
*/
int ffs( unsigned int w )
{
    int i = 1;
    while( w % 2 == 0 )
    {
        i++;
        w = w / 2;
    }
    return i;
}
int main()
{
    unsigned int w = __VERIFIER_nondet_uint();

    while( w != 0 )
    {
        int n = ffs(w);
        w >>= n;
    }
    return 0;
}

"
7,T,"main:w:1=4
",/home/quasar/Documents/FocusTNT/results_InputGeneration/FSE/loop/Undefined_Behavior_2/input_generator_artifacts/generated_programs/Undefined_Behavior_2_NT_TestCase7.c,COMPLETED,T,true,,"You generate concrete values for nondeterministic inputs in a C/C++ program.
Your goal is to produce ONE complete assignment set that is likely to make the program terminate.

Important rules:
1. Return a value for EVERY listed nondeterministic input ID.
2. Use each ID exactly once.
3. Respect the declared C/C++ type.
4. For an array, return the value as an array containing exactly the required number of elements.
5. For char arrays, each element must be exactly one character. Return the character itself without C single quotes.
6. Prefer small-magnitude values unless larger values are necessary to achieve the requested execution behavior.

Nondeterministic inputs:
- id: main:w:1, type: unsigned int

Previously generated assignment sets are listed below. Generate a materially different set and do not duplicate any of them.
Previous 1: main:w:1=1; 
Previous 2: main:w:1=0; 
Previous 3: main:w:1=42; 
Previous 4: main:w:1=32768; 
Previous 5: main:w:1=2; 
Previous 6: main:w:1=3; 

Program:
extern unsigned int __VERIFIER_nondet_uint(void);
/*
Commit Number: b00a4fa78779ff0f304fa6cb34d49622679c86d4
URL: https://github.com/anlaneg/elfutils/commit/b00a4fa78779ff0f304fa6cb34d49622679c86d4
Project Name: elfutils
License: GPL3
termination: POTENTIAL FALSE
*/
int ffs( unsigned int w )
{
    int i = 1;
    while( w % 2 == 0 )
    {
        i++;
        w = w / 2;
    }
    return i;
}
int main()
{
    unsigned int w = __VERIFIER_nondet_uint();

    while( w != 0 )
    {
        int n = ffs(w);
        w >>= n;
    }
    return 0;
}

"
8,T,"main:w:1=8
",/home/quasar/Documents/FocusTNT/results_InputGeneration/FSE/loop/Undefined_Behavior_2/input_generator_artifacts/generated_programs/Undefined_Behavior_2_NT_TestCase8.c,COMPLETED,T,true,,"You generate concrete values for nondeterministic inputs in a C/C++ program.
Your goal is to produce ONE complete assignment set that is likely to make the program terminate.

Important rules:
1. Return a value for EVERY listed nondeterministic input ID.
2. Use each ID exactly once.
3. Respect the declared C/C++ type.
4. For an array, return the value as an array containing exactly the required number of elements.
5. For char arrays, each element must be exactly one character. Return the character itself without C single quotes.
6. Prefer small-magnitude values unless larger values are necessary to achieve the requested execution behavior.

Nondeterministic inputs:
- id: main:w:1, type: unsigned int

Previously generated assignment sets are listed below. Generate a materially different set and do not duplicate any of them.
Previous 1: main:w:1=1; 
Previous 2: main:w:1=0; 
Previous 3: main:w:1=42; 
Previous 4: main:w:1=32768; 
Previous 5: main:w:1=2; 
Previous 6: main:w:1=3; 
Previous 7: main:w:1=4; 

Program:
extern unsigned int __VERIFIER_nondet_uint(void);
/*
Commit Number: b00a4fa78779ff0f304fa6cb34d49622679c86d4
URL: https://github.com/anlaneg/elfutils/commit/b00a4fa78779ff0f304fa6cb34d49622679c86d4
Project Name: elfutils
License: GPL3
termination: POTENTIAL FALSE
*/
int ffs( unsigned int w )
{
    int i = 1;
    while( w % 2 == 0 )
    {
        i++;
        w = w / 2;
    }
    return i;
}
int main()
{
    unsigned int w = __VERIFIER_nondet_uint();

    while( w != 0 )
    {
        int n = ffs(w);
        w >>= n;
    }
    return 0;
}

"
9,T,"main:w:1=5
",/home/quasar/Documents/FocusTNT/results_InputGeneration/FSE/loop/Undefined_Behavior_2/input_generator_artifacts/generated_programs/Undefined_Behavior_2_NT_TestCase9.c,COMPLETED,T,true,,"You generate concrete values for nondeterministic inputs in a C/C++ program.
Your goal is to produce ONE complete assignment set that is likely to make the program terminate.

Important rules:
1. Return a value for EVERY listed nondeterministic input ID.
2. Use each ID exactly once.
3. Respect the declared C/C++ type.
4. For an array, return the value as an array containing exactly the required number of elements.
5. For char arrays, each element must be exactly one character. Return the character itself without C single quotes.
6. Prefer small-magnitude values unless larger values are necessary to achieve the requested execution behavior.

Nondeterministic inputs:
- id: main:w:1, type: unsigned int

Previously generated assignment sets are listed below. Generate a materially different set and do not duplicate any of them.
Previous 1: main:w:1=1; 
Previous 2: main:w:1=0; 
Previous 3: main:w:1=42; 
Previous 4: main:w:1=32768; 
Previous 5: main:w:1=2; 
Previous 6: main:w:1=3; 
Previous 7: main:w:1=4; 
Previous 8: main:w:1=8; 

Program:
extern unsigned int __VERIFIER_nondet_uint(void);
/*
Commit Number: b00a4fa78779ff0f304fa6cb34d49622679c86d4
URL: https://github.com/anlaneg/elfutils/commit/b00a4fa78779ff0f304fa6cb34d49622679c86d4
Project Name: elfutils
License: GPL3
termination: POTENTIAL FALSE
*/
int ffs( unsigned int w )
{
    int i = 1;
    while( w % 2 == 0 )
    {
        i++;
        w = w / 2;
    }
    return i;
}
int main()
{
    unsigned int w = __VERIFIER_nondet_uint();

    while( w != 0 )
    {
        int n = ffs(w);
        w >>= n;
    }
    return 0;
}

"
10,T,"main:w:1=6
",/home/quasar/Documents/FocusTNT/results_InputGeneration/FSE/loop/Undefined_Behavior_2/input_generator_artifacts/generated_programs/Undefined_Behavior_2_NT_TestCase10.c,COMPLETED,T,true,,"You generate concrete values for nondeterministic inputs in a C/C++ program.
Your goal is to produce ONE complete assignment set that is likely to make the program terminate.

Important rules:
1. Return a value for EVERY listed nondeterministic input ID.
2. Use each ID exactly once.
3. Respect the declared C/C++ type.
4. For an array, return the value as an array containing exactly the required number of elements.
5. For char arrays, each element must be exactly one character. Return the character itself without C single quotes.
6. Prefer small-magnitude values unless larger values are necessary to achieve the requested execution behavior.

Nondeterministic inputs:
- id: main:w:1, type: unsigned int

Previously generated assignment sets are listed below. Generate a materially different set and do not duplicate any of them.
Previous 1: main:w:1=1; 
Previous 2: main:w:1=0; 
Previous 3: main:w:1=42; 
Previous 4: main:w:1=32768; 
Previous 5: main:w:1=2; 
Previous 6: main:w:1=3; 
Previous 7: main:w:1=4; 
Previous 8: main:w:1=8; 
Previous 9: main:w:1=5; 

Program:
extern unsigned int __VERIFIER_nondet_uint(void);
/*
Commit Number: b00a4fa78779ff0f304fa6cb34d49622679c86d4
URL: https://github.com/anlaneg/elfutils/commit/b00a4fa78779ff0f304fa6cb34d49622679c86d4
Project Name: elfutils
License: GPL3
termination: POTENTIAL FALSE
*/
int ffs( unsigned int w )
{
    int i = 1;
    while( w % 2 == 0 )
    {
        i++;
        w = w / 2;
    }
    return i;
}
int main()
{
    unsigned int w = __VERIFIER_nondet_uint();

    while( w != 0 )
    {
        int n = ffs(w);
        w >>= n;
    }
    return 0;
}

"
11,NT,"main:w:1=2147483648
",/home/quasar/Documents/FocusTNT/results_InputGeneration/FSE/loop/Undefined_Behavior_2/input_generator_artifacts/generated_programs/Undefined_Behavior_2_NT_TestCase11.c,TIMEOUT,LIKELY_NT,true,,"You generate concrete values for nondeterministic inputs in a C/C++ program.
Your goal is to produce ONE complete assignment set that is likely to make the program not terminate.

Important rules:
1. Return a value for EVERY listed nondeterministic input ID.
2. Use each ID exactly once.
3. Respect the declared C/C++ type.
4. For an array, return the value as an array containing exactly the required number of elements.
5. For char arrays, each element must be exactly one character. Return the character itself without C single quotes.
6. Prefer small-magnitude values unless larger values are necessary to achieve the requested execution behavior.

Nondeterministic inputs:
- id: main:w:1, type: unsigned int

Previously generated assignment sets are listed below. Generate a materially different set and do not duplicate any of them.
Previous 1: main:w:1=1; 
Previous 2: main:w:1=0; 
Previous 3: main:w:1=42; 
Previous 4: main:w:1=32768; 
Previous 5: main:w:1=2; 
Previous 6: main:w:1=3; 
Previous 7: main:w:1=4; 
Previous 8: main:w:1=8; 
Previous 9: main:w:1=5; 
Previous 10: main:w:1=6; 

Program:
extern unsigned int __VERIFIER_nondet_uint(void);
/*
Commit Number: b00a4fa78779ff0f304fa6cb34d49622679c86d4
URL: https://github.com/anlaneg/elfutils/commit/b00a4fa78779ff0f304fa6cb34d49622679c86d4
Project Name: elfutils
License: GPL3
termination: POTENTIAL FALSE
*/
int ffs( unsigned int w )
{
    int i = 1;
    while( w % 2 == 0 )
    {
        i++;
        w = w / 2;
    }
    return i;
}
int main()
{
    unsigned int w = __VERIFIER_nondet_uint();

    while( w != 0 )
    {
        int n = ffs(w);
        w >>= n;
    }
    return 0;
}

"
12,NT,"main:w:1=0
",,DUPLICATE,,false,,"You generate concrete values for nondeterministic inputs in a C/C++ program.
Your goal is to produce ONE complete assignment set that is likely to make the program not terminate.

Important rules:
1. Return a value for EVERY listed nondeterministic input ID.
2. Use each ID exactly once.
3. Respect the declared C/C++ type.
4. For an array, return the value as an array containing exactly the required number of elements.
5. For char arrays, each element must be exactly one character. Return the character itself without C single quotes.
6. Prefer small-magnitude values unless larger values are necessary to achieve the requested execution behavior.

Nondeterministic inputs:
- id: main:w:1, type: unsigned int

Previously generated assignment sets are listed below. Generate a materially different set and do not duplicate any of them.
Previous 1: main:w:1=1; 
Previous 2: main:w:1=0; 
Previous 3: main:w:1=42; 
Previous 4: main:w:1=32768; 
Previous 5: main:w:1=2; 
Previous 6: main:w:1=3; 
Previous 7: main:w:1=4; 
Previous 8: main:w:1=8; 
Previous 9: main:w:1=5; 
Previous 10: main:w:1=6; 
Previous 11: main:w:1=2147483648; 

Program:
extern unsigned int __VERIFIER_nondet_uint(void);
/*
Commit Number: b00a4fa78779ff0f304fa6cb34d49622679c86d4
URL: https://github.com/anlaneg/elfutils/commit/b00a4fa78779ff0f304fa6cb34d49622679c86d4
Project Name: elfutils
License: GPL3
termination: POTENTIAL FALSE
*/
int ffs( unsigned int w )
{
    int i = 1;
    while( w % 2 == 0 )
    {
        i++;
        w = w / 2;
    }
    return i;
}
int main()
{
    unsigned int w = __VERIFIER_nondet_uint();

    while( w != 0 )
    {
        int n = ffs(w);
        w >>= n;
    }
    return 0;
}

"
13,NT,"main:w:1=2147483647
",,COMPLETED,T,false,,"You generate concrete values for nondeterministic inputs in a C/C++ program.
Your goal is to produce ONE complete assignment set that is likely to make the program not terminate.

Important rules:
1. Return a value for EVERY listed nondeterministic input ID.
2. Use each ID exactly once.
3. Respect the declared C/C++ type.
4. For an array, return the value as an array containing exactly the required number of elements.
5. For char arrays, each element must be exactly one character. Return the character itself without C single quotes.
6. Prefer small-magnitude values unless larger values are necessary to achieve the requested execution behavior.

Nondeterministic inputs:
- id: main:w:1, type: unsigned int

Previously generated assignment sets are listed below. Generate a materially different set and do not duplicate any of them.
Previous 1: main:w:1=1; 
Previous 2: main:w:1=0; 
Previous 3: main:w:1=42; 
Previous 4: main:w:1=32768; 
Previous 5: main:w:1=2; 
Previous 6: main:w:1=3; 
Previous 7: main:w:1=4; 
Previous 8: main:w:1=8; 
Previous 9: main:w:1=5; 
Previous 10: main:w:1=6; 
Previous 11: main:w:1=2147483648; 

Program:
extern unsigned int __VERIFIER_nondet_uint(void);
/*
Commit Number: b00a4fa78779ff0f304fa6cb34d49622679c86d4
URL: https://github.com/anlaneg/elfutils/commit/b00a4fa78779ff0f304fa6cb34d49622679c86d4
Project Name: elfutils
License: GPL3
termination: POTENTIAL FALSE
*/
int ffs( unsigned int w )
{
    int i = 1;
    while( w % 2 == 0 )
    {
        i++;
        w = w / 2;
    }
    return i;
}
int main()
{
    unsigned int w = __VERIFIER_nondet_uint();

    while( w != 0 )
    {
        int n = ffs(w);
        w >>= n;
    }
    return 0;
}

"
14,NT,"main:w:1=65535
",,COMPLETED,T,false,,"You generate concrete values for nondeterministic inputs in a C/C++ program.
Your goal is to produce ONE complete assignment set that is likely to make the program not terminate.

Important rules:
1. Return a value for EVERY listed nondeterministic input ID.
2. Use each ID exactly once.
3. Respect the declared C/C++ type.
4. For an array, return the value as an array containing exactly the required number of elements.
5. For char arrays, each element must be exactly one character. Return the character itself without C single quotes.
6. Prefer small-magnitude values unless larger values are necessary to achieve the requested execution behavior.

Nondeterministic inputs:
- id: main:w:1, type: unsigned int

Previously generated assignment sets are listed below. Generate a materially different set and do not duplicate any of them.
Previous 1: main:w:1=1; 
Previous 2: main:w:1=0; 
Previous 3: main:w:1=42; 
Previous 4: main:w:1=32768; 
Previous 5: main:w:1=2; 
Previous 6: main:w:1=3; 
Previous 7: main:w:1=4; 
Previous 8: main:w:1=8; 
Previous 9: main:w:1=5; 
Previous 10: main:w:1=6; 
Previous 11: main:w:1=2147483648; 
Previous 12: main:w:1=2147483647; 

Program:
extern unsigned int __VERIFIER_nondet_uint(void);
/*
Commit Number: b00a4fa78779ff0f304fa6cb34d49622679c86d4
URL: https://github.com/anlaneg/elfutils/commit/b00a4fa78779ff0f304fa6cb34d49622679c86d4
Project Name: elfutils
License: GPL3
termination: POTENTIAL FALSE
*/
int ffs( unsigned int w )
{
    int i = 1;
    while( w % 2 == 0 )
    {
        i++;
        w = w / 2;
    }
    return i;
}
int main()
{
    unsigned int w = __VERIFIER_nondet_uint();

    while( w != 0 )
    {
        int n = ffs(w);
        w >>= n;
    }
    return 0;
}

"
15,NT,"main:w:1=4294967295
",,COMPLETED,T,false,,"You generate concrete values for nondeterministic inputs in a C/C++ program.
Your goal is to produce ONE complete assignment set that is likely to make the program not terminate.

Important rules:
1. Return a value for EVERY listed nondeterministic input ID.
2. Use each ID exactly once.
3. Respect the declared C/C++ type.
4. For an array, return the value as an array containing exactly the required number of elements.
5. For char arrays, each element must be exactly one character. Return the character itself without C single quotes.
6. Prefer small-magnitude values unless larger values are necessary to achieve the requested execution behavior.

Nondeterministic inputs:
- id: main:w:1, type: unsigned int

Previously generated assignment sets are listed below. Generate a materially different set and do not duplicate any of them.
Previous 1: main:w:1=1; 
Previous 2: main:w:1=0; 
Previous 3: main:w:1=42; 
Previous 4: main:w:1=32768; 
Previous 5: main:w:1=2; 
Previous 6: main:w:1=3; 
Previous 7: main:w:1=4; 
Previous 8: main:w:1=8; 
Previous 9: main:w:1=5; 
Previous 10: main:w:1=6; 
Previous 11: main:w:1=2147483648; 
Previous 12: main:w:1=2147483647; 
Previous 13: main:w:1=65535; 

Program:
extern unsigned int __VERIFIER_nondet_uint(void);
/*
Commit Number: b00a4fa78779ff0f304fa6cb34d49622679c86d4
URL: https://github.com/anlaneg/elfutils/commit/b00a4fa78779ff0f304fa6cb34d49622679c86d4
Project Name: elfutils
License: GPL3
termination: POTENTIAL FALSE
*/
int ffs( unsigned int w )
{
    int i = 1;
    while( w % 2 == 0 )
    {
        i++;
        w = w / 2;
    }
    return i;
}
int main()
{
    unsigned int w = __VERIFIER_nondet_uint();

    while( w != 0 )
    {
        int n = ffs(w);
        w >>= n;
    }
    return 0;
}

"
16,NT,"main:w:1=7
",,COMPLETED,T,false,,"You generate concrete values for nondeterministic inputs in a C/C++ program.
Your goal is to produce ONE complete assignment set that is likely to make the program not terminate.

Important rules:
1. Return a value for EVERY listed nondeterministic input ID.
2. Use each ID exactly once.
3. Respect the declared C/C++ type.
4. For an array, return the value as an array containing exactly the required number of elements.
5. For char arrays, each element must be exactly one character. Return the character itself without C single quotes.
6. Prefer small-magnitude values unless larger values are necessary to achieve the requested execution behavior.

Nondeterministic inputs:
- id: main:w:1, type: unsigned int

Previously generated assignment sets are listed below. Generate a materially different set and do not duplicate any of them.
Previous 1: main:w:1=1; 
Previous 2: main:w:1=0; 
Previous 3: main:w:1=42; 
Previous 4: main:w:1=32768; 
Previous 5: main:w:1=2; 
Previous 6: main:w:1=3; 
Previous 7: main:w:1=4; 
Previous 8: main:w:1=8; 
Previous 9: main:w:1=5; 
Previous 10: main:w:1=6; 
Previous 11: main:w:1=2147483648; 
Previous 12: main:w:1=2147483647; 
Previous 13: main:w:1=65535; 
Previous 14: main:w:1=4294967295; 

Program:
extern unsigned int __VERIFIER_nondet_uint(void);
/*
Commit Number: b00a4fa78779ff0f304fa6cb34d49622679c86d4
URL: https://github.com/anlaneg/elfutils/commit/b00a4fa78779ff0f304fa6cb34d49622679c86d4
Project Name: elfutils
License: GPL3
termination: POTENTIAL FALSE
*/
int ffs( unsigned int w )
{
    int i = 1;
    while( w % 2 == 0 )
    {
        i++;
        w = w / 2;
    }
    return i;
}
int main()
{
    unsigned int w = __VERIFIER_nondet_uint();

    while( w != 0 )
    {
        int n = ffs(w);
        w >>= n;
    }
    return 0;
}

"
17,NT,"main:w:1=1234567890
",,COMPLETED,T,false,,"You generate concrete values for nondeterministic inputs in a C/C++ program.
Your goal is to produce ONE complete assignment set that is likely to make the program not terminate.

Important rules:
1. Return a value for EVERY listed nondeterministic input ID.
2. Use each ID exactly once.
3. Respect the declared C/C++ type.
4. For an array, return the value as an array containing exactly the required number of elements.
5. For char arrays, each element must be exactly one character. Return the character itself without C single quotes.
6. Prefer small-magnitude values unless larger values are necessary to achieve the requested execution behavior.

Nondeterministic inputs:
- id: main:w:1, type: unsigned int

Previously generated assignment sets are listed below. Generate a materially different set and do not duplicate any of them.
Previous 1: main:w:1=1; 
Previous 2: main:w:1=0; 
Previous 3: main:w:1=42; 
Previous 4: main:w:1=32768; 
Previous 5: main:w:1=2; 
Previous 6: main:w:1=3; 
Previous 7: main:w:1=4; 
Previous 8: main:w:1=8; 
Previous 9: main:w:1=5; 
Previous 10: main:w:1=6; 
Previous 11: main:w:1=2147483648; 
Previous 12: main:w:1=2147483647; 
Previous 13: main:w:1=65535; 
Previous 14: main:w:1=4294967295; 
Previous 15: main:w:1=7; 

Program:
extern unsigned int __VERIFIER_nondet_uint(void);
/*
Commit Number: b00a4fa78779ff0f304fa6cb34d49622679c86d4
URL: https://github.com/anlaneg/elfutils/commit/b00a4fa78779ff0f304fa6cb34d49622679c86d4
Project Name: elfutils
License: GPL3
termination: POTENTIAL FALSE
*/
int ffs( unsigned int w )
{
    int i = 1;
    while( w % 2 == 0 )
    {
        i++;
        w = w / 2;
    }
    return i;
}
int main()
{
    unsigned int w = __VERIFIER_nondet_uint();

    while( w != 0 )
    {
        int n = ffs(w);
        w >>= n;
    }
    return 0;
}

"
18,NT,"main:w:1=6442450944
",/home/quasar/Documents/FocusTNT/results_InputGeneration/FSE/loop/Undefined_Behavior_2/input_generator_artifacts/generated_programs/Undefined_Behavior_2_NT_TestCase12.c,TIMEOUT,LIKELY_NT,true,,"You generate concrete values for nondeterministic inputs in a C/C++ program.
Your goal is to produce ONE complete assignment set that is likely to make the program not terminate.

Important rules:
1. Return a value for EVERY listed nondeterministic input ID.
2. Use each ID exactly once.
3. Respect the declared C/C++ type.
4. For an array, return the value as an array containing exactly the required number of elements.
5. For char arrays, each element must be exactly one character. Return the character itself without C single quotes.
6. Prefer small-magnitude values unless larger values are necessary to achieve the requested execution behavior.

Nondeterministic inputs:
- id: main:w:1, type: unsigned int

Previously generated assignment sets are listed below. Generate a materially different set and do not duplicate any of them.
Previous 1: main:w:1=1; 
Previous 2: main:w:1=0; 
Previous 3: main:w:1=42; 
Previous 4: main:w:1=32768; 
Previous 5: main:w:1=2; 
Previous 6: main:w:1=3; 
Previous 7: main:w:1=4; 
Previous 8: main:w:1=8; 
Previous 9: main:w:1=5; 
Previous 10: main:w:1=6; 
Previous 11: main:w:1=2147483648; 
Previous 12: main:w:1=2147483647; 
Previous 13: main:w:1=65535; 
Previous 14: main:w:1=4294967295; 
Previous 15: main:w:1=7; 
Previous 16: main:w:1=1234567890; 

Program:
extern unsigned int __VERIFIER_nondet_uint(void);
/*
Commit Number: b00a4fa78779ff0f304fa6cb34d49622679c86d4
URL: https://github.com/anlaneg/elfutils/commit/b00a4fa78779ff0f304fa6cb34d49622679c86d4
Project Name: elfutils
License: GPL3
termination: POTENTIAL FALSE
*/
int ffs( unsigned int w )
{
    int i = 1;
    while( w % 2 == 0 )
    {
        i++;
        w = w / 2;
    }
    return i;
}
int main()
{
    unsigned int w = __VERIFIER_nondet_uint();

    while( w != 0 )
    {
        int n = ffs(w);
        w >>= n;
    }
    return 0;
}

"
19,NT,"main:w:1=0
",,DUPLICATE,,false,,"You generate concrete values for nondeterministic inputs in a C/C++ program.
Your goal is to produce ONE complete assignment set that is likely to make the program not terminate.

Important rules:
1. Return a value for EVERY listed nondeterministic input ID.
2. Use each ID exactly once.
3. Respect the declared C/C++ type.
4. For an array, return the value as an array containing exactly the required number of elements.
5. For char arrays, each element must be exactly one character. Return the character itself without C single quotes.
6. Prefer small-magnitude values unless larger values are necessary to achieve the requested execution behavior.

Nondeterministic inputs:
- id: main:w:1, type: unsigned int

Previously generated assignment sets are listed below. Generate a materially different set and do not duplicate any of them.
Previous 1: main:w:1=1; 
Previous 2: main:w:1=0; 
Previous 3: main:w:1=42; 
Previous 4: main:w:1=32768; 
Previous 5: main:w:1=2; 
Previous 6: main:w:1=3; 
Previous 7: main:w:1=4; 
Previous 8: main:w:1=8; 
Previous 9: main:w:1=5; 
Previous 10: main:w:1=6; 
Previous 11: main:w:1=2147483648; 
Previous 12: main:w:1=2147483647; 
Previous 13: main:w:1=65535; 
Previous 14: main:w:1=4294967295; 
Previous 15: main:w:1=7; 
Previous 16: main:w:1=1234567890; 
Previous 17: main:w:1=6442450944; 

Program:
extern unsigned int __VERIFIER_nondet_uint(void);
/*
Commit Number: b00a4fa78779ff0f304fa6cb34d49622679c86d4
URL: https://github.com/anlaneg/elfutils/commit/b00a4fa78779ff0f304fa6cb34d49622679c86d4
Project Name: elfutils
License: GPL3
termination: POTENTIAL FALSE
*/
int ffs( unsigned int w )
{
    int i = 1;
    while( w % 2 == 0 )
    {
        i++;
        w = w / 2;
    }
    return i;
}
int main()
{
    unsigned int w = __VERIFIER_nondet_uint();

    while( w != 0 )
    {
        int n = ffs(w);
        w >>= n;
    }
    return 0;
}

"
20,NT,"main:w:1=0
",,DUPLICATE,,false,,"You generate concrete values for nondeterministic inputs in a C/C++ program.
Your goal is to produce ONE complete assignment set that is likely to make the program not terminate.

Important rules:
1. Return a value for EVERY listed nondeterministic input ID.
2. Use each ID exactly once.
3. Respect the declared C/C++ type.
4. For an array, return the value as an array containing exactly the required number of elements.
5. For char arrays, each element must be exactly one character. Return the character itself without C single quotes.
6. Prefer small-magnitude values unless larger values are necessary to achieve the requested execution behavior.

Nondeterministic inputs:
- id: main:w:1, type: unsigned int

Previously generated assignment sets are listed below. Generate a materially different set and do not duplicate any of them.
Previous 1: main:w:1=1; 
Previous 2: main:w:1=0; 
Previous 3: main:w:1=42; 
Previous 4: main:w:1=32768; 
Previous 5: main:w:1=2; 
Previous 6: main:w:1=3; 
Previous 7: main:w:1=4; 
Previous 8: main:w:1=8; 
Previous 9: main:w:1=5; 
Previous 10: main:w:1=6; 
Previous 11: main:w:1=2147483648; 
Previous 12: main:w:1=2147483647; 
Previous 13: main:w:1=65535; 
Previous 14: main:w:1=4294967295; 
Previous 15: main:w:1=7; 
Previous 16: main:w:1=1234567890; 
Previous 17: main:w:1=6442450944; 

Program:
extern unsigned int __VERIFIER_nondet_uint(void);
/*
Commit Number: b00a4fa78779ff0f304fa6cb34d49622679c86d4
URL: https://github.com/anlaneg/elfutils/commit/b00a4fa78779ff0f304fa6cb34d49622679c86d4
Project Name: elfutils
License: GPL3
termination: POTENTIAL FALSE
*/
int ffs( unsigned int w )
{
    int i = 1;
    while( w % 2 == 0 )
    {
        i++;
        w = w / 2;
    }
    return i;
}
int main()
{
    unsigned int w = __VERIFIER_nondet_uint();

    while( w != 0 )
    {
        int n = ffs(w);
        w >>= n;
    }
    return 0;
}

"
21,NT,"main:w:1=0
",,DUPLICATE,,false,,"You generate concrete values for nondeterministic inputs in a C/C++ program.
Your goal is to produce ONE complete assignment set that is likely to make the program not terminate.

Important rules:
1. Return a value for EVERY listed nondeterministic input ID.
2. Use each ID exactly once.
3. Respect the declared C/C++ type.
4. For an array, return the value as an array containing exactly the required number of elements.
5. For char arrays, each element must be exactly one character. Return the character itself without C single quotes.
6. Prefer small-magnitude values unless larger values are necessary to achieve the requested execution behavior.

Nondeterministic inputs:
- id: main:w:1, type: unsigned int

Previously generated assignment sets are listed below. Generate a materially different set and do not duplicate any of them.
Previous 1: main:w:1=1; 
Previous 2: main:w:1=0; 
Previous 3: main:w:1=42; 
Previous 4: main:w:1=32768; 
Previous 5: main:w:1=2; 
Previous 6: main:w:1=3; 
Previous 7: main:w:1=4; 
Previous 8: main:w:1=8; 
Previous 9: main:w:1=5; 
Previous 10: main:w:1=6; 
Previous 11: main:w:1=2147483648; 
Previous 12: main:w:1=2147483647; 
Previous 13: main:w:1=65535; 
Previous 14: main:w:1=4294967295; 
Previous 15: main:w:1=7; 
Previous 16: main:w:1=1234567890; 
Previous 17: main:w:1=6442450944; 

Program:
extern unsigned int __VERIFIER_nondet_uint(void);
/*
Commit Number: b00a4fa78779ff0f304fa6cb34d49622679c86d4
URL: https://github.com/anlaneg/elfutils/commit/b00a4fa78779ff0f304fa6cb34d49622679c86d4
Project Name: elfutils
License: GPL3
termination: POTENTIAL FALSE
*/
int ffs( unsigned int w )
{
    int i = 1;
    while( w % 2 == 0 )
    {
        i++;
        w = w / 2;
    }
    return i;
}
int main()
{
    unsigned int w = __VERIFIER_nondet_uint();

    while( w != 0 )
    {
        int n = ffs(w);
        w >>= n;
    }
    return 0;
}

"
22,NT,"main:w:1=0
",,DUPLICATE,,false,,"You generate concrete values for nondeterministic inputs in a C/C++ program.
Your goal is to produce ONE complete assignment set that is likely to make the program not terminate.

Important rules:
1. Return a value for EVERY listed nondeterministic input ID.
2. Use each ID exactly once.
3. Respect the declared C/C++ type.
4. For an array, return the value as an array containing exactly the required number of elements.
5. For char arrays, each element must be exactly one character. Return the character itself without C single quotes.
6. Prefer small-magnitude values unless larger values are necessary to achieve the requested execution behavior.

Nondeterministic inputs:
- id: main:w:1, type: unsigned int

Previously generated assignment sets are listed below. Generate a materially different set and do not duplicate any of them.
Previous 1: main:w:1=1; 
Previous 2: main:w:1=0; 
Previous 3: main:w:1=42; 
Previous 4: main:w:1=32768; 
Previous 5: main:w:1=2; 
Previous 6: main:w:1=3; 
Previous 7: main:w:1=4; 
Previous 8: main:w:1=8; 
Previous 9: main:w:1=5; 
Previous 10: main:w:1=6; 
Previous 11: main:w:1=2147483648; 
Previous 12: main:w:1=2147483647; 
Previous 13: main:w:1=65535; 
Previous 14: main:w:1=4294967295; 
Previous 15: main:w:1=7; 
Previous 16: main:w:1=1234567890; 
Previous 17: main:w:1=6442450944; 

Program:
extern unsigned int __VERIFIER_nondet_uint(void);
/*
Commit Number: b00a4fa78779ff0f304fa6cb34d49622679c86d4
URL: https://github.com/anlaneg/elfutils/commit/b00a4fa78779ff0f304fa6cb34d49622679c86d4
Project Name: elfutils
License: GPL3
termination: POTENTIAL FALSE
*/
int ffs( unsigned int w )
{
    int i = 1;
    while( w % 2 == 0 )
    {
        i++;
        w = w / 2;
    }
    return i;
}
int main()
{
    unsigned int w = __VERIFIER_nondet_uint();

    while( w != 0 )
    {
        int n = ffs(w);
        w >>= n;
    }
    return 0;
}

"
23,NT,"main:w:1=1000000000
",,COMPLETED,T,false,,"You generate concrete values for nondeterministic inputs in a C/C++ program.
Your goal is to produce ONE complete assignment set that is likely to make the program not terminate.

Important rules:
1. Return a value for EVERY listed nondeterministic input ID.
2. Use each ID exactly once.
3. Respect the declared C/C++ type.
4. For an array, return the value as an array containing exactly the required number of elements.
5. For char arrays, each element must be exactly one character. Return the character itself without C single quotes.
6. Prefer small-magnitude values unless larger values are necessary to achieve the requested execution behavior.

Nondeterministic inputs:
- id: main:w:1, type: unsigned int

Previously generated assignment sets are listed below. Generate a materially different set and do not duplicate any of them.
Previous 1: main:w:1=1; 
Previous 2: main:w:1=0; 
Previous 3: main:w:1=42; 
Previous 4: main:w:1=32768; 
Previous 5: main:w:1=2; 
Previous 6: main:w:1=3; 
Previous 7: main:w:1=4; 
Previous 8: main:w:1=8; 
Previous 9: main:w:1=5; 
Previous 10: main:w:1=6; 
Previous 11: main:w:1=2147483648; 
Previous 12: main:w:1=2147483647; 
Previous 13: main:w:1=65535; 
Previous 14: main:w:1=4294967295; 
Previous 15: main:w:1=7; 
Previous 16: main:w:1=1234567890; 
Previous 17: main:w:1=6442450944; 

Program:
extern unsigned int __VERIFIER_nondet_uint(void);
/*
Commit Number: b00a4fa78779ff0f304fa6cb34d49622679c86d4
URL: https://github.com/anlaneg/elfutils/commit/b00a4fa78779ff0f304fa6cb34d49622679c86d4
Project Name: elfutils
License: GPL3
termination: POTENTIAL FALSE
*/
int ffs( unsigned int w )
{
    int i = 1;
    while( w % 2 == 0 )
    {
        i++;
        w = w / 2;
    }
    return i;
}
int main()
{
    unsigned int w = __VERIFIER_nondet_uint();

    while( w != 0 )
    {
        int n = ffs(w);
        w >>= n;
    }
    return 0;
}

"
24,NT,"main:w:1=123456
",,COMPLETED,T,false,,"You generate concrete values for nondeterministic inputs in a C/C++ program.
Your goal is to produce ONE complete assignment set that is likely to make the program not terminate.

Important rules:
1. Return a value for EVERY listed nondeterministic input ID.
2. Use each ID exactly once.
3. Respect the declared C/C++ type.
4. For an array, return the value as an array containing exactly the required number of elements.
5. For char arrays, each element must be exactly one character. Return the character itself without C single quotes.
6. Prefer small-magnitude values unless larger values are necessary to achieve the requested execution behavior.

Nondeterministic inputs:
- id: main:w:1, type: unsigned int

Previously generated assignment sets are listed below. Generate a materially different set and do not duplicate any of them.
Previous 1: main:w:1=1; 
Previous 2: main:w:1=0; 
Previous 3: main:w:1=42; 
Previous 4: main:w:1=32768; 
Previous 5: main:w:1=2; 
Previous 6: main:w:1=3; 
Previous 7: main:w:1=4; 
Previous 8: main:w:1=8; 
Previous 9: main:w:1=5; 
Previous 10: main:w:1=6; 
Previous 11: main:w:1=2147483648; 
Previous 12: main:w:1=2147483647; 
Previous 13: main:w:1=65535; 
Previous 14: main:w:1=4294967295; 
Previous 15: main:w:1=7; 
Previous 16: main:w:1=1234567890; 
Previous 17: main:w:1=6442450944; 
Previous 18: main:w:1=1000000000; 

Program:
extern unsigned int __VERIFIER_nondet_uint(void);
/*
Commit Number: b00a4fa78779ff0f304fa6cb34d49622679c86d4
URL: https://github.com/anlaneg/elfutils/commit/b00a4fa78779ff0f304fa6cb34d49622679c86d4
Project Name: elfutils
License: GPL3
termination: POTENTIAL FALSE
*/
int ffs( unsigned int w )
{
    int i = 1;
    while( w % 2 == 0 )
    {
        i++;
        w = w / 2;
    }
    return i;
}
int main()
{
    unsigned int w = __VERIFIER_nondet_uint();

    while( w != 0 )
    {
        int n = ffs(w);
        w >>= n;
    }
    return 0;
}

"
25,NT,"main:w:1=987654321
",,COMPLETED,T,false,,"You generate concrete values for nondeterministic inputs in a C/C++ program.
Your goal is to produce ONE complete assignment set that is likely to make the program not terminate.

Important rules:
1. Return a value for EVERY listed nondeterministic input ID.
2. Use each ID exactly once.
3. Respect the declared C/C++ type.
4. For an array, return the value as an array containing exactly the required number of elements.
5. For char arrays, each element must be exactly one character. Return the character itself without C single quotes.
6. Prefer small-magnitude values unless larger values are necessary to achieve the requested execution behavior.

Nondeterministic inputs:
- id: main:w:1, type: unsigned int

Previously generated assignment sets are listed below. Generate a materially different set and do not duplicate any of them.
Previous 1: main:w:1=1; 
Previous 2: main:w:1=0; 
Previous 3: main:w:1=42; 
Previous 4: main:w:1=32768; 
Previous 5: main:w:1=2; 
Previous 6: main:w:1=3; 
Previous 7: main:w:1=4; 
Previous 8: main:w:1=8; 
Previous 9: main:w:1=5; 
Previous 10: main:w:1=6; 
Previous 11: main:w:1=2147483648; 
Previous 12: main:w:1=2147483647; 
Previous 13: main:w:1=65535; 
Previous 14: main:w:1=4294967295; 
Previous 15: main:w:1=7; 
Previous 16: main:w:1=1234567890; 
Previous 17: main:w:1=6442450944; 
Previous 18: main:w:1=1000000000; 
Previous 19: main:w:1=123456; 

Program:
extern unsigned int __VERIFIER_nondet_uint(void);
/*
Commit Number: b00a4fa78779ff0f304fa6cb34d49622679c86d4
URL: https://github.com/anlaneg/elfutils/commit/b00a4fa78779ff0f304fa6cb34d49622679c86d4
Project Name: elfutils
License: GPL3
termination: POTENTIAL FALSE
*/
int ffs( unsigned int w )
{
    int i = 1;
    while( w % 2 == 0 )
    {
        i++;
        w = w / 2;
    }
    return i;
}
int main()
{
    unsigned int w = __VERIFIER_nondet_uint();

    while( w != 0 )
    {
        int n = ffs(w);
        w >>= n;
    }
    return 0;
}

"
26,NT,"main:w:1=0
",,DUPLICATE,,false,,"You generate concrete values for nondeterministic inputs in a C/C++ program.
Your goal is to produce ONE complete assignment set that is likely to make the program not terminate.

Important rules:
1. Return a value for EVERY listed nondeterministic input ID.
2. Use each ID exactly once.
3. Respect the declared C/C++ type.
4. For an array, return the value as an array containing exactly the required number of elements.
5. For char arrays, each element must be exactly one character. Return the character itself without C single quotes.
6. Prefer small-magnitude values unless larger values are necessary to achieve the requested execution behavior.

Nondeterministic inputs:
- id: main:w:1, type: unsigned int

Previously generated assignment sets are listed below. Generate a materially different set and do not duplicate any of them.
Previous 1: main:w:1=1; 
Previous 2: main:w:1=0; 
Previous 3: main:w:1=42; 
Previous 4: main:w:1=32768; 
Previous 5: main:w:1=2; 
Previous 6: main:w:1=3; 
Previous 7: main:w:1=4; 
Previous 8: main:w:1=8; 
Previous 9: main:w:1=5; 
Previous 10: main:w:1=6; 
Previous 11: main:w:1=2147483648; 
Previous 12: main:w:1=2147483647; 
Previous 13: main:w:1=65535; 
Previous 14: main:w:1=4294967295; 
Previous 15: main:w:1=7; 
Previous 16: main:w:1=1234567890; 
Previous 17: main:w:1=6442450944; 
Previous 18: main:w:1=1000000000; 
Previous 19: main:w:1=123456; 
Previous 20: main:w:1=987654321; 

Program:
extern unsigned int __VERIFIER_nondet_uint(void);
/*
Commit Number: b00a4fa78779ff0f304fa6cb34d49622679c86d4
URL: https://github.com/anlaneg/elfutils/commit/b00a4fa78779ff0f304fa6cb34d49622679c86d4
Project Name: elfutils
License: GPL3
termination: POTENTIAL FALSE
*/
int ffs( unsigned int w )
{
    int i = 1;
    while( w % 2 == 0 )
    {
        i++;
        w = w / 2;
    }
    return i;
}
int main()
{
    unsigned int w = __VERIFIER_nondet_uint();

    while( w != 0 )
    {
        int n = ffs(w);
        w >>= n;
    }
    return 0;
}

"
27,NT,"main:w:1=2147483648
",,DUPLICATE,,false,,"You generate concrete values for nondeterministic inputs in a C/C++ program.
Your goal is to produce ONE complete assignment set that is likely to make the program not terminate.

Important rules:
1. Return a value for EVERY listed nondeterministic input ID.
2. Use each ID exactly once.
3. Respect the declared C/C++ type.
4. For an array, return the value as an array containing exactly the required number of elements.
5. For char arrays, each element must be exactly one character. Return the character itself without C single quotes.
6. Prefer small-magnitude values unless larger values are necessary to achieve the requested execution behavior.

Nondeterministic inputs:
- id: main:w:1, type: unsigned int

Previously generated assignment sets are listed below. Generate a materially different set and do not duplicate any of them.
Previous 1: main:w:1=1; 
Previous 2: main:w:1=0; 
Previous 3: main:w:1=42; 
Previous 4: main:w:1=32768; 
Previous 5: main:w:1=2; 
Previous 6: main:w:1=3; 
Previous 7: main:w:1=4; 
Previous 8: main:w:1=8; 
Previous 9: main:w:1=5; 
Previous 10: main:w:1=6; 
Previous 11: main:w:1=2147483648; 
Previous 12: main:w:1=2147483647; 
Previous 13: main:w:1=65535; 
Previous 14: main:w:1=4294967295; 
Previous 15: main:w:1=7; 
Previous 16: main:w:1=1234567890; 
Previous 17: main:w:1=6442450944; 
Previous 18: main:w:1=1000000000; 
Previous 19: main:w:1=123456; 
Previous 20: main:w:1=987654321; 

Program:
extern unsigned int __VERIFIER_nondet_uint(void);
/*
Commit Number: b00a4fa78779ff0f304fa6cb34d49622679c86d4
URL: https://github.com/anlaneg/elfutils/commit/b00a4fa78779ff0f304fa6cb34d49622679c86d4
Project Name: elfutils
License: GPL3
termination: POTENTIAL FALSE
*/
int ffs( unsigned int w )
{
    int i = 1;
    while( w % 2 == 0 )
    {
        i++;
        w = w / 2;
    }
    return i;
}
int main()
{
    unsigned int w = __VERIFIER_nondet_uint();

    while( w != 0 )
    {
        int n = ffs(w);
        w >>= n;
    }
    return 0;
}

"
28,NT,"main:w:1=4294967294
",,COMPLETED,T,false,,"You generate concrete values for nondeterministic inputs in a C/C++ program.
Your goal is to produce ONE complete assignment set that is likely to make the program not terminate.

Important rules:
1. Return a value for EVERY listed nondeterministic input ID.
2. Use each ID exactly once.
3. Respect the declared C/C++ type.
4. For an array, return the value as an array containing exactly the required number of elements.
5. For char arrays, each element must be exactly one character. Return the character itself without C single quotes.
6. Prefer small-magnitude values unless larger values are necessary to achieve the requested execution behavior.

Nondeterministic inputs:
- id: main:w:1, type: unsigned int

Previously generated assignment sets are listed below. Generate a materially different set and do not duplicate any of them.
Previous 1: main:w:1=1; 
Previous 2: main:w:1=0; 
Previous 3: main:w:1=42; 
Previous 4: main:w:1=32768; 
Previous 5: main:w:1=2; 
Previous 6: main:w:1=3; 
Previous 7: main:w:1=4; 
Previous 8: main:w:1=8; 
Previous 9: main:w:1=5; 
Previous 10: main:w:1=6; 
Previous 11: main:w:1=2147483648; 
Previous 12: main:w:1=2147483647; 
Previous 13: main:w:1=65535; 
Previous 14: main:w:1=4294967295; 
Previous 15: main:w:1=7; 
Previous 16: main:w:1=1234567890; 
Previous 17: main:w:1=6442450944; 
Previous 18: main:w:1=1000000000; 
Previous 19: main:w:1=123456; 
Previous 20: main:w:1=987654321; 

Program:
extern unsigned int __VERIFIER_nondet_uint(void);
/*
Commit Number: b00a4fa78779ff0f304fa6cb34d49622679c86d4
URL: https://github.com/anlaneg/elfutils/commit/b00a4fa78779ff0f304fa6cb34d49622679c86d4
Project Name: elfutils
License: GPL3
termination: POTENTIAL FALSE
*/
int ffs( unsigned int w )
{
    int i = 1;
    while( w % 2 == 0 )
    {
        i++;
        w = w / 2;
    }
    return i;
}
int main()
{
    unsigned int w = __VERIFIER_nondet_uint();

    while( w != 0 )
    {
        int n = ffs(w);
        w >>= n;
    }
    return 0;
}

"
29,NT,"main:w:1=0
",,DUPLICATE,,false,,"You generate concrete values for nondeterministic inputs in a C/C++ program.
Your goal is to produce ONE complete assignment set that is likely to make the program not terminate.

Important rules:
1. Return a value for EVERY listed nondeterministic input ID.
2. Use each ID exactly once.
3. Respect the declared C/C++ type.
4. For an array, return the value as an array containing exactly the required number of elements.
5. For char arrays, each element must be exactly one character. Return the character itself without C single quotes.
6. Prefer small-magnitude values unless larger values are necessary to achieve the requested execution behavior.

Nondeterministic inputs:
- id: main:w:1, type: unsigned int

Previously generated assignment sets are listed below. Generate a materially different set and do not duplicate any of them.
Previous 1: main:w:1=1; 
Previous 2: main:w:1=0; 
Previous 3: main:w:1=42; 
Previous 4: main:w:1=32768; 
Previous 5: main:w:1=2; 
Previous 6: main:w:1=3; 
Previous 7: main:w:1=4; 
Previous 8: main:w:1=8; 
Previous 9: main:w:1=5; 
Previous 10: main:w:1=6; 
Previous 11: main:w:1=2147483648; 
Previous 12: main:w:1=2147483647; 
Previous 13: main:w:1=65535; 
Previous 14: main:w:1=4294967295; 
Previous 15: main:w:1=7; 
Previous 16: main:w:1=1234567890; 
Previous 17: main:w:1=6442450944; 
Previous 18: main:w:1=1000000000; 
Previous 19: main:w:1=123456; 
Previous 20: main:w:1=987654321; 
Previous 21: main:w:1=4294967294; 

Program:
extern unsigned int __VERIFIER_nondet_uint(void);
/*
Commit Number: b00a4fa78779ff0f304fa6cb34d49622679c86d4
URL: https://github.com/anlaneg/elfutils/commit/b00a4fa78779ff0f304fa6cb34d49622679c86d4
Project Name: elfutils
License: GPL3
termination: POTENTIAL FALSE
*/
int ffs( unsigned int w )
{
    int i = 1;
    while( w % 2 == 0 )
    {
        i++;
        w = w / 2;
    }
    return i;
}
int main()
{
    unsigned int w = __VERIFIER_nondet_uint();

    while( w != 0 )
    {
        int n = ffs(w);
        w >>= n;
    }
    return 0;
}

"
30,NT,"main:w:1=4294967293
",,COMPLETED,T,false,,"You generate concrete values for nondeterministic inputs in a C/C++ program.
Your goal is to produce ONE complete assignment set that is likely to make the program not terminate.

Important rules:
1. Return a value for EVERY listed nondeterministic input ID.
2. Use each ID exactly once.
3. Respect the declared C/C++ type.
4. For an array, return the value as an array containing exactly the required number of elements.
5. For char arrays, each element must be exactly one character. Return the character itself without C single quotes.
6. Prefer small-magnitude values unless larger values are necessary to achieve the requested execution behavior.

Nondeterministic inputs:
- id: main:w:1, type: unsigned int

Previously generated assignment sets are listed below. Generate a materially different set and do not duplicate any of them.
Previous 1: main:w:1=1; 
Previous 2: main:w:1=0; 
Previous 3: main:w:1=42; 
Previous 4: main:w:1=32768; 
Previous 5: main:w:1=2; 
Previous 6: main:w:1=3; 
Previous 7: main:w:1=4; 
Previous 8: main:w:1=8; 
Previous 9: main:w:1=5; 
Previous 10: main:w:1=6; 
Previous 11: main:w:1=2147483648; 
Previous 12: main:w:1=2147483647; 
Previous 13: main:w:1=65535; 
Previous 14: main:w:1=4294967295; 
Previous 15: main:w:1=7; 
Previous 16: main:w:1=1234567890; 
Previous 17: main:w:1=6442450944; 
Previous 18: main:w:1=1000000000; 
Previous 19: main:w:1=123456; 
Previous 20: main:w:1=987654321; 
Previous 21: main:w:1=4294967294; 

Program:
extern unsigned int __VERIFIER_nondet_uint(void);
/*
Commit Number: b00a4fa78779ff0f304fa6cb34d49622679c86d4
URL: https://github.com/anlaneg/elfutils/commit/b00a4fa78779ff0f304fa6cb34d49622679c86d4
Project Name: elfutils
License: GPL3
termination: POTENTIAL FALSE
*/
int ffs( unsigned int w )
{
    int i = 1;
    while( w % 2 == 0 )
    {
        i++;
        w = w / 2;
    }
    return i;
}
int main()
{
    unsigned int w = __VERIFIER_nondet_uint();

    while( w != 0 )
    {
        int n = ffs(w);
        w >>= n;
    }
    return 0;
}

"
31,NT,"main:w:1=3221225472
",,COMPLETED,T,false,,"You generate concrete values for nondeterministic inputs in a C/C++ program.
Your goal is to produce ONE complete assignment set that is likely to make the program not terminate.

Important rules:
1. Return a value for EVERY listed nondeterministic input ID.
2. Use each ID exactly once.
3. Respect the declared C/C++ type.
4. For an array, return the value as an array containing exactly the required number of elements.
5. For char arrays, each element must be exactly one character. Return the character itself without C single quotes.
6. Prefer small-magnitude values unless larger values are necessary to achieve the requested execution behavior.

Nondeterministic inputs:
- id: main:w:1, type: unsigned int

Previously generated assignment sets are listed below. Generate a materially different set and do not duplicate any of them.
Previous 1: main:w:1=1; 
Previous 2: main:w:1=0; 
Previous 3: main:w:1=42; 
Previous 4: main:w:1=32768; 
Previous 5: main:w:1=2; 
Previous 6: main:w:1=3; 
Previous 7: main:w:1=4; 
Previous 8: main:w:1=8; 
Previous 9: main:w:1=5; 
Previous 10: main:w:1=6; 
Previous 11: main:w:1=2147483648; 
Previous 12: main:w:1=2147483647; 
Previous 13: main:w:1=65535; 
Previous 14: main:w:1=4294967295; 
Previous 15: main:w:1=7; 
Previous 16: main:w:1=1234567890; 
Previous 17: main:w:1=6442450944; 
Previous 18: main:w:1=1000000000; 
Previous 19: main:w:1=123456; 
Previous 20: main:w:1=987654321; 
Previous 21: main:w:1=4294967294; 
Previous 22: main:w:1=4294967293; 

Program:
extern unsigned int __VERIFIER_nondet_uint(void);
/*
Commit Number: b00a4fa78779ff0f304fa6cb34d49622679c86d4
URL: https://github.com/anlaneg/elfutils/commit/b00a4fa78779ff0f304fa6cb34d49622679c86d4
Project Name: elfutils
License: GPL3
termination: POTENTIAL FALSE
*/
int ffs( unsigned int w )
{
    int i = 1;
    while( w % 2 == 0 )
    {
        i++;
        w = w / 2;
    }
    return i;
}
int main()
{
    unsigned int w = __VERIFIER_nondet_uint();

    while( w != 0 )
    {
        int n = ffs(w);
        w >>= n;
    }
    return 0;
}

"
32,NT,"main:w:1=1000000001
",,COMPLETED,T,false,,"You generate concrete values for nondeterministic inputs in a C/C++ program.
Your goal is to produce ONE complete assignment set that is likely to make the program not terminate.

Important rules:
1. Return a value for EVERY listed nondeterministic input ID.
2. Use each ID exactly once.
3. Respect the declared C/C++ type.
4. For an array, return the value as an array containing exactly the required number of elements.
5. For char arrays, each element must be exactly one character. Return the character itself without C single quotes.
6. Prefer small-magnitude values unless larger values are necessary to achieve the requested execution behavior.

Nondeterministic inputs:
- id: main:w:1, type: unsigned int

Previously generated assignment sets are listed below. Generate a materially different set and do not duplicate any of them.
Previous 1: main:w:1=1; 
Previous 2: main:w:1=0; 
Previous 3: main:w:1=42; 
Previous 4: main:w:1=32768; 
Previous 5: main:w:1=2; 
Previous 6: main:w:1=3; 
Previous 7: main:w:1=4; 
Previous 8: main:w:1=8; 
Previous 9: main:w:1=5; 
Previous 10: main:w:1=6; 
Previous 11: main:w:1=2147483648; 
Previous 12: main:w:1=2147483647; 
Previous 13: main:w:1=65535; 
Previous 14: main:w:1=4294967295; 
Previous 15: main:w:1=7; 
Previous 16: main:w:1=1234567890; 
Previous 17: main:w:1=6442450944; 
Previous 18: main:w:1=1000000000; 
Previous 19: main:w:1=123456; 
Previous 20: main:w:1=987654321; 
Previous 21: main:w:1=4294967294; 
Previous 22: main:w:1=4294967293; 
Previous 23: main:w:1=3221225472; 

Program:
extern unsigned int __VERIFIER_nondet_uint(void);
/*
Commit Number: b00a4fa78779ff0f304fa6cb34d49622679c86d4
URL: https://github.com/anlaneg/elfutils/commit/b00a4fa78779ff0f304fa6cb34d49622679c86d4
Project Name: elfutils
License: GPL3
termination: POTENTIAL FALSE
*/
int ffs( unsigned int w )
{
    int i = 1;
    while( w % 2 == 0 )
    {
        i++;
        w = w / 2;
    }
    return i;
}
int main()
{
    unsigned int w = __VERIFIER_nondet_uint();

    while( w != 0 )
    {
        int n = ffs(w);
        w >>= n;
    }
    return 0;
}

"
33,NT,"main:w:1=0
",,DUPLICATE,,false,,"You generate concrete values for nondeterministic inputs in a C/C++ program.
Your goal is to produce ONE complete assignment set that is likely to make the program not terminate.

Important rules:
1. Return a value for EVERY listed nondeterministic input ID.
2. Use each ID exactly once.
3. Respect the declared C/C++ type.
4. For an array, return the value as an array containing exactly the required number of elements.
5. For char arrays, each element must be exactly one character. Return the character itself without C single quotes.
6. Prefer small-magnitude values unless larger values are necessary to achieve the requested execution behavior.

Nondeterministic inputs:
- id: main:w:1, type: unsigned int

Previously generated assignment sets are listed below. Generate a materially different set and do not duplicate any of them.
Previous 1: main:w:1=1; 
Previous 2: main:w:1=0; 
Previous 3: main:w:1=42; 
Previous 4: main:w:1=32768; 
Previous 5: main:w:1=2; 
Previous 6: main:w:1=3; 
Previous 7: main:w:1=4; 
Previous 8: main:w:1=8; 
Previous 9: main:w:1=5; 
Previous 10: main:w:1=6; 
Previous 11: main:w:1=2147483648; 
Previous 12: main:w:1=2147483647; 
Previous 13: main:w:1=65535; 
Previous 14: main:w:1=4294967295; 
Previous 15: main:w:1=7; 
Previous 16: main:w:1=1234567890; 
Previous 17: main:w:1=6442450944; 
Previous 18: main:w:1=1000000000; 
Previous 19: main:w:1=123456; 
Previous 20: main:w:1=987654321; 
Previous 21: main:w:1=4294967294; 
Previous 22: main:w:1=4294967293; 
Previous 23: main:w:1=3221225472; 
Previous 24: main:w:1=1000000001; 

Program:
extern unsigned int __VERIFIER_nondet_uint(void);
/*
Commit Number: b00a4fa78779ff0f304fa6cb34d49622679c86d4
URL: https://github.com/anlaneg/elfutils/commit/b00a4fa78779ff0f304fa6cb34d49622679c86d4
Project Name: elfutils
License: GPL3
termination: POTENTIAL FALSE
*/
int ffs( unsigned int w )
{
    int i = 1;
    while( w % 2 == 0 )
    {
        i++;
        w = w / 2;
    }
    return i;
}
int main()
{
    unsigned int w = __VERIFIER_nondet_uint();

    while( w != 0 )
    {
        int n = ffs(w);
        w >>= n;
    }
    return 0;
}

"
34,NT,"main:w:1=13
",,COMPLETED,T,false,,"You generate concrete values for nondeterministic inputs in a C/C++ program.
Your goal is to produce ONE complete assignment set that is likely to make the program not terminate.

Important rules:
1. Return a value for EVERY listed nondeterministic input ID.
2. Use each ID exactly once.
3. Respect the declared C/C++ type.
4. For an array, return the value as an array containing exactly the required number of elements.
5. For char arrays, each element must be exactly one character. Return the character itself without C single quotes.
6. Prefer small-magnitude values unless larger values are necessary to achieve the requested execution behavior.

Nondeterministic inputs:
- id: main:w:1, type: unsigned int

Previously generated assignment sets are listed below. Generate a materially different set and do not duplicate any of them.
Previous 1: main:w:1=1; 
Previous 2: main:w:1=0; 
Previous 3: main:w:1=42; 
Previous 4: main:w:1=32768; 
Previous 5: main:w:1=2; 
Previous 6: main:w:1=3; 
Previous 7: main:w:1=4; 
Previous 8: main:w:1=8; 
Previous 9: main:w:1=5; 
Previous 10: main:w:1=6; 
Previous 11: main:w:1=2147483648; 
Previous 12: main:w:1=2147483647; 
Previous 13: main:w:1=65535; 
Previous 14: main:w:1=4294967295; 
Previous 15: main:w:1=7; 
Previous 16: main:w:1=1234567890; 
Previous 17: main:w:1=6442450944; 
Previous 18: main:w:1=1000000000; 
Previous 19: main:w:1=123456; 
Previous 20: main:w:1=987654321; 
Previous 21: main:w:1=4294967294; 
Previous 22: main:w:1=4294967293; 
Previous 23: main:w:1=3221225472; 
Previous 24: main:w:1=1000000001; 

Program:
extern unsigned int __VERIFIER_nondet_uint(void);
/*
Commit Number: b00a4fa78779ff0f304fa6cb34d49622679c86d4
URL: https://github.com/anlaneg/elfutils/commit/b00a4fa78779ff0f304fa6cb34d49622679c86d4
Project Name: elfutils
License: GPL3
termination: POTENTIAL FALSE
*/
int ffs( unsigned int w )
{
    int i = 1;
    while( w % 2 == 0 )
    {
        i++;
        w = w / 2;
    }
    return i;
}
int main()
{
    unsigned int w = __VERIFIER_nondet_uint();

    while( w != 0 )
    {
        int n = ffs(w);
        w >>= n;
    }
    return 0;
}

"
35,NT,"main:w:1=0
",,DUPLICATE,,false,,"You generate concrete values for nondeterministic inputs in a C/C++ program.
Your goal is to produce ONE complete assignment set that is likely to make the program not terminate.

Important rules:
1. Return a value for EVERY listed nondeterministic input ID.
2. Use each ID exactly once.
3. Respect the declared C/C++ type.
4. For an array, return the value as an array containing exactly the required number of elements.
5. For char arrays, each element must be exactly one character. Return the character itself without C single quotes.
6. Prefer small-magnitude values unless larger values are necessary to achieve the requested execution behavior.

Nondeterministic inputs:
- id: main:w:1, type: unsigned int

Previously generated assignment sets are listed below. Generate a materially different set and do not duplicate any of them.
Previous 1: main:w:1=1; 
Previous 2: main:w:1=0; 
Previous 3: main:w:1=42; 
Previous 4: main:w:1=32768; 
Previous 5: main:w:1=2; 
Previous 6: main:w:1=3; 
Previous 7: main:w:1=4; 
Previous 8: main:w:1=8; 
Previous 9: main:w:1=5; 
Previous 10: main:w:1=6; 
Previous 11: main:w:1=2147483648; 
Previous 12: main:w:1=2147483647; 
Previous 13: main:w:1=65535; 
Previous 14: main:w:1=4294967295; 
Previous 15: main:w:1=7; 
Previous 16: main:w:1=1234567890; 
Previous 17: main:w:1=6442450944; 
Previous 18: main:w:1=1000000000; 
Previous 19: main:w:1=123456; 
Previous 20: main:w:1=987654321; 
Previous 21: main:w:1=4294967294; 
Previous 22: main:w:1=4294967293; 
Previous 23: main:w:1=3221225472; 
Previous 24: main:w:1=1000000001; 
Previous 25: main:w:1=13; 

Program:
extern unsigned int __VERIFIER_nondet_uint(void);
/*
Commit Number: b00a4fa78779ff0f304fa6cb34d49622679c86d4
URL: https://github.com/anlaneg/elfutils/commit/b00a4fa78779ff0f304fa6cb34d49622679c86d4
Project Name: elfutils
License: GPL3
termination: POTENTIAL FALSE
*/
int ffs( unsigned int w )
{
    int i = 1;
    while( w % 2 == 0 )
    {
        i++;
        w = w / 2;
    }
    return i;
}
int main()
{
    unsigned int w = __VERIFIER_nondet_uint();

    while( w != 0 )
    {
        int n = ffs(w);
        w >>= n;
    }
    return 0;
}

"
36,NT,"main:w:1=0
",,DUPLICATE,,false,,"You generate concrete values for nondeterministic inputs in a C/C++ program.
Your goal is to produce ONE complete assignment set that is likely to make the program not terminate.

Important rules:
1. Return a value for EVERY listed nondeterministic input ID.
2. Use each ID exactly once.
3. Respect the declared C/C++ type.
4. For an array, return the value as an array containing exactly the required number of elements.
5. For char arrays, each element must be exactly one character. Return the character itself without C single quotes.
6. Prefer small-magnitude values unless larger values are necessary to achieve the requested execution behavior.

Nondeterministic inputs:
- id: main:w:1, type: unsigned int

Previously generated assignment sets are listed below. Generate a materially different set and do not duplicate any of them.
Previous 1: main:w:1=1; 
Previous 2: main:w:1=0; 
Previous 3: main:w:1=42; 
Previous 4: main:w:1=32768; 
Previous 5: main:w:1=2; 
Previous 6: main:w:1=3; 
Previous 7: main:w:1=4; 
Previous 8: main:w:1=8; 
Previous 9: main:w:1=5; 
Previous 10: main:w:1=6; 
Previous 11: main:w:1=2147483648; 
Previous 12: main:w:1=2147483647; 
Previous 13: main:w:1=65535; 
Previous 14: main:w:1=4294967295; 
Previous 15: main:w:1=7; 
Previous 16: main:w:1=1234567890; 
Previous 17: main:w:1=6442450944; 
Previous 18: main:w:1=1000000000; 
Previous 19: main:w:1=123456; 
Previous 20: main:w:1=987654321; 
Previous 21: main:w:1=4294967294; 
Previous 22: main:w:1=4294967293; 
Previous 23: main:w:1=3221225472; 
Previous 24: main:w:1=1000000001; 
Previous 25: main:w:1=13; 

Program:
extern unsigned int __VERIFIER_nondet_uint(void);
/*
Commit Number: b00a4fa78779ff0f304fa6cb34d49622679c86d4
URL: https://github.com/anlaneg/elfutils/commit/b00a4fa78779ff0f304fa6cb34d49622679c86d4
Project Name: elfutils
License: GPL3
termination: POTENTIAL FALSE
*/
int ffs( unsigned int w )
{
    int i = 1;
    while( w % 2 == 0 )
    {
        i++;
        w = w / 2;
    }
    return i;
}
int main()
{
    unsigned int w = __VERIFIER_nondet_uint();

    while( w != 0 )
    {
        int n = ffs(w);
        w >>= n;
    }
    return 0;
}

"
37,NT,"main:w:1=0
",,DUPLICATE,,false,,"You generate concrete values for nondeterministic inputs in a C/C++ program.
Your goal is to produce ONE complete assignment set that is likely to make the program not terminate.

Important rules:
1. Return a value for EVERY listed nondeterministic input ID.
2. Use each ID exactly once.
3. Respect the declared C/C++ type.
4. For an array, return the value as an array containing exactly the required number of elements.
5. For char arrays, each element must be exactly one character. Return the character itself without C single quotes.
6. Prefer small-magnitude values unless larger values are necessary to achieve the requested execution behavior.

Nondeterministic inputs:
- id: main:w:1, type: unsigned int

Previously generated assignment sets are listed below. Generate a materially different set and do not duplicate any of them.
Previous 1: main:w:1=1; 
Previous 2: main:w:1=0; 
Previous 3: main:w:1=42; 
Previous 4: main:w:1=32768; 
Previous 5: main:w:1=2; 
Previous 6: main:w:1=3; 
Previous 7: main:w:1=4; 
Previous 8: main:w:1=8; 
Previous 9: main:w:1=5; 
Previous 10: main:w:1=6; 
Previous 11: main:w:1=2147483648; 
Previous 12: main:w:1=2147483647; 
Previous 13: main:w:1=65535; 
Previous 14: main:w:1=4294967295; 
Previous 15: main:w:1=7; 
Previous 16: main:w:1=1234567890; 
Previous 17: main:w:1=6442450944; 
Previous 18: main:w:1=1000000000; 
Previous 19: main:w:1=123456; 
Previous 20: main:w:1=987654321; 
Previous 21: main:w:1=4294967294; 
Previous 22: main:w:1=4294967293; 
Previous 23: main:w:1=3221225472; 
Previous 24: main:w:1=1000000001; 
Previous 25: main:w:1=13; 

Program:
extern unsigned int __VERIFIER_nondet_uint(void);
/*
Commit Number: b00a4fa78779ff0f304fa6cb34d49622679c86d4
URL: https://github.com/anlaneg/elfutils/commit/b00a4fa78779ff0f304fa6cb34d49622679c86d4
Project Name: elfutils
License: GPL3
termination: POTENTIAL FALSE
*/
int ffs( unsigned int w )
{
    int i = 1;
    while( w % 2 == 0 )
    {
        i++;
        w = w / 2;
    }
    return i;
}
int main()
{
    unsigned int w = __VERIFIER_nondet_uint();

    while( w != 0 )
    {
        int n = ffs(w);
        w >>= n;
    }
    return 0;
}

"
38,NT,"main:w:1=0
",,DUPLICATE,,false,,"You generate concrete values for nondeterministic inputs in a C/C++ program.
Your goal is to produce ONE complete assignment set that is likely to make the program not terminate.

Important rules:
1. Return a value for EVERY listed nondeterministic input ID.
2. Use each ID exactly once.
3. Respect the declared C/C++ type.
4. For an array, return the value as an array containing exactly the required number of elements.
5. For char arrays, each element must be exactly one character. Return the character itself without C single quotes.
6. Prefer small-magnitude values unless larger values are necessary to achieve the requested execution behavior.

Nondeterministic inputs:
- id: main:w:1, type: unsigned int

Previously generated assignment sets are listed below. Generate a materially different set and do not duplicate any of them.
Previous 1: main:w:1=1; 
Previous 2: main:w:1=0; 
Previous 3: main:w:1=42; 
Previous 4: main:w:1=32768; 
Previous 5: main:w:1=2; 
Previous 6: main:w:1=3; 
Previous 7: main:w:1=4; 
Previous 8: main:w:1=8; 
Previous 9: main:w:1=5; 
Previous 10: main:w:1=6; 
Previous 11: main:w:1=2147483648; 
Previous 12: main:w:1=2147483647; 
Previous 13: main:w:1=65535; 
Previous 14: main:w:1=4294967295; 
Previous 15: main:w:1=7; 
Previous 16: main:w:1=1234567890; 
Previous 17: main:w:1=6442450944; 
Previous 18: main:w:1=1000000000; 
Previous 19: main:w:1=123456; 
Previous 20: main:w:1=987654321; 
Previous 21: main:w:1=4294967294; 
Previous 22: main:w:1=4294967293; 
Previous 23: main:w:1=3221225472; 
Previous 24: main:w:1=1000000001; 
Previous 25: main:w:1=13; 

Program:
extern unsigned int __VERIFIER_nondet_uint(void);
/*
Commit Number: b00a4fa78779ff0f304fa6cb34d49622679c86d4
URL: https://github.com/anlaneg/elfutils/commit/b00a4fa78779ff0f304fa6cb34d49622679c86d4
Project Name: elfutils
License: GPL3
termination: POTENTIAL FALSE
*/
int ffs( unsigned int w )
{
    int i = 1;
    while( w % 2 == 0 )
    {
        i++;
        w = w / 2;
    }
    return i;
}
int main()
{
    unsigned int w = __VERIFIER_nondet_uint();

    while( w != 0 )
    {
        int n = ffs(w);
        w >>= n;
    }
    return 0;
}

"
39,NT,"main:w:1=-2147483648
",/home/quasar/Documents/FocusTNT/results_InputGeneration/FSE/loop/Undefined_Behavior_2/input_generator_artifacts/generated_programs/Undefined_Behavior_2_NT_TestCase13.c,TIMEOUT,LIKELY_NT,true,,"You generate concrete values for nondeterministic inputs in a C/C++ program.
Your goal is to produce ONE complete assignment set that is likely to make the program not terminate.

Important rules:
1. Return a value for EVERY listed nondeterministic input ID.
2. Use each ID exactly once.
3. Respect the declared C/C++ type.
4. For an array, return the value as an array containing exactly the required number of elements.
5. For char arrays, each element must be exactly one character. Return the character itself without C single quotes.
6. Prefer small-magnitude values unless larger values are necessary to achieve the requested execution behavior.

Nondeterministic inputs:
- id: main:w:1, type: unsigned int

Previously generated assignment sets are listed below. Generate a materially different set and do not duplicate any of them.
Previous 1: main:w:1=1; 
Previous 2: main:w:1=0; 
Previous 3: main:w:1=42; 
Previous 4: main:w:1=32768; 
Previous 5: main:w:1=2; 
Previous 6: main:w:1=3; 
Previous 7: main:w:1=4; 
Previous 8: main:w:1=8; 
Previous 9: main:w:1=5; 
Previous 10: main:w:1=6; 
Previous 11: main:w:1=2147483648; 
Previous 12: main:w:1=2147483647; 
Previous 13: main:w:1=65535; 
Previous 14: main:w:1=4294967295; 
Previous 15: main:w:1=7; 
Previous 16: main:w:1=1234567890; 
Previous 17: main:w:1=6442450944; 
Previous 18: main:w:1=1000000000; 
Previous 19: main:w:1=123456; 
Previous 20: main:w:1=987654321; 
Previous 21: main:w:1=4294967294; 
Previous 22: main:w:1=4294967293; 
Previous 23: main:w:1=3221225472; 
Previous 24: main:w:1=1000000001; 
Previous 25: main:w:1=13; 

Program:
extern unsigned int __VERIFIER_nondet_uint(void);
/*
Commit Number: b00a4fa78779ff0f304fa6cb34d49622679c86d4
URL: https://github.com/anlaneg/elfutils/commit/b00a4fa78779ff0f304fa6cb34d49622679c86d4
Project Name: elfutils
License: GPL3
termination: POTENTIAL FALSE
*/
int ffs( unsigned int w )
{
    int i = 1;
    while( w % 2 == 0 )
    {
        i++;
        w = w / 2;
    }
    return i;
}
int main()
{
    unsigned int w = __VERIFIER_nondet_uint();

    while( w != 0 )
    {
        int n = ffs(w);
        w >>= n;
    }
    return 0;
}

"
40,NT,"main:w:1=3000000000
",,COMPLETED,T,false,,"You generate concrete values for nondeterministic inputs in a C/C++ program.
Your goal is to produce ONE complete assignment set that is likely to make the program not terminate.

Important rules:
1. Return a value for EVERY listed nondeterministic input ID.
2. Use each ID exactly once.
3. Respect the declared C/C++ type.
4. For an array, return the value as an array containing exactly the required number of elements.
5. For char arrays, each element must be exactly one character. Return the character itself without C single quotes.
6. Prefer small-magnitude values unless larger values are necessary to achieve the requested execution behavior.

Nondeterministic inputs:
- id: main:w:1, type: unsigned int

Previously generated assignment sets are listed below. Generate a materially different set and do not duplicate any of them.
Previous 1: main:w:1=1; 
Previous 2: main:w:1=0; 
Previous 3: main:w:1=42; 
Previous 4: main:w:1=32768; 
Previous 5: main:w:1=2; 
Previous 6: main:w:1=3; 
Previous 7: main:w:1=4; 
Previous 8: main:w:1=8; 
Previous 9: main:w:1=5; 
Previous 10: main:w:1=6; 
Previous 11: main:w:1=2147483648; 
Previous 12: main:w:1=2147483647; 
Previous 13: main:w:1=65535; 
Previous 14: main:w:1=4294967295; 
Previous 15: main:w:1=7; 
Previous 16: main:w:1=1234567890; 
Previous 17: main:w:1=6442450944; 
Previous 18: main:w:1=1000000000; 
Previous 19: main:w:1=123456; 
Previous 20: main:w:1=987654321; 
Previous 21: main:w:1=4294967294; 
Previous 22: main:w:1=4294967293; 
Previous 23: main:w:1=3221225472; 
Previous 24: main:w:1=1000000001; 
Previous 25: main:w:1=13; 
Previous 26: main:w:1=-2147483648; 

Program:
extern unsigned int __VERIFIER_nondet_uint(void);
/*
Commit Number: b00a4fa78779ff0f304fa6cb34d49622679c86d4
URL: https://github.com/anlaneg/elfutils/commit/b00a4fa78779ff0f304fa6cb34d49622679c86d4
Project Name: elfutils
License: GPL3
termination: POTENTIAL FALSE
*/
int ffs( unsigned int w )
{
    int i = 1;
    while( w % 2 == 0 )
    {
        i++;
        w = w / 2;
    }
    return i;
}
int main()
{
    unsigned int w = __VERIFIER_nondet_uint();

    while( w != 0 )
    {
        int n = ffs(w);
        w >>= n;
    }
    return 0;
}

"
41,NT,"main:w:1=9
",,COMPLETED,T,false,,"You generate concrete values for nondeterministic inputs in a C/C++ program.
Your goal is to produce ONE complete assignment set that is likely to make the program not terminate.

Important rules:
1. Return a value for EVERY listed nondeterministic input ID.
2. Use each ID exactly once.
3. Respect the declared C/C++ type.
4. For an array, return the value as an array containing exactly the required number of elements.
5. For char arrays, each element must be exactly one character. Return the character itself without C single quotes.
6. Prefer small-magnitude values unless larger values are necessary to achieve the requested execution behavior.

Nondeterministic inputs:
- id: main:w:1, type: unsigned int

Previously generated assignment sets are listed below. Generate a materially different set and do not duplicate any of them.
Previous 1: main:w:1=1; 
Previous 2: main:w:1=0; 
Previous 3: main:w:1=42; 
Previous 4: main:w:1=32768; 
Previous 5: main:w:1=2; 
Previous 6: main:w:1=3; 
Previous 7: main:w:1=4; 
Previous 8: main:w:1=8; 
Previous 9: main:w:1=5; 
Previous 10: main:w:1=6; 
Previous 11: main:w:1=2147483648; 
Previous 12: main:w:1=2147483647; 
Previous 13: main:w:1=65535; 
Previous 14: main:w:1=4294967295; 
Previous 15: main:w:1=7; 
Previous 16: main:w:1=1234567890; 
Previous 17: main:w:1=6442450944; 
Previous 18: main:w:1=1000000000; 
Previous 19: main:w:1=123456; 
Previous 20: main:w:1=987654321; 
Previous 21: main:w:1=4294967294; 
Previous 22: main:w:1=4294967293; 
Previous 23: main:w:1=3221225472; 
Previous 24: main:w:1=1000000001; 
Previous 25: main:w:1=13; 
Previous 26: main:w:1=-2147483648; 
Previous 27: main:w:1=3000000000; 

Program:
extern unsigned int __VERIFIER_nondet_uint(void);
/*
Commit Number: b00a4fa78779ff0f304fa6cb34d49622679c86d4
URL: https://github.com/anlaneg/elfutils/commit/b00a4fa78779ff0f304fa6cb34d49622679c86d4
Project Name: elfutils
License: GPL3
termination: POTENTIAL FALSE
*/
int ffs( unsigned int w )
{
    int i = 1;
    while( w % 2 == 0 )
    {
        i++;
        w = w / 2;
    }
    return i;
}
int main()
{
    unsigned int w = __VERIFIER_nondet_uint();

    while( w != 0 )
    {
        int n = ffs(w);
        w >>= n;
    }
    return 0;
}

"
42,NT,"main:w:1=0
",,DUPLICATE,,false,,"You generate concrete values for nondeterministic inputs in a C/C++ program.
Your goal is to produce ONE complete assignment set that is likely to make the program not terminate.

Important rules:
1. Return a value for EVERY listed nondeterministic input ID.
2. Use each ID exactly once.
3. Respect the declared C/C++ type.
4. For an array, return the value as an array containing exactly the required number of elements.
5. For char arrays, each element must be exactly one character. Return the character itself without C single quotes.
6. Prefer small-magnitude values unless larger values are necessary to achieve the requested execution behavior.

Nondeterministic inputs:
- id: main:w:1, type: unsigned int

Previously generated assignment sets are listed below. Generate a materially different set and do not duplicate any of them.
Previous 1: main:w:1=1; 
Previous 2: main:w:1=0; 
Previous 3: main:w:1=42; 
Previous 4: main:w:1=32768; 
Previous 5: main:w:1=2; 
Previous 6: main:w:1=3; 
Previous 7: main:w:1=4; 
Previous 8: main:w:1=8; 
Previous 9: main:w:1=5; 
Previous 10: main:w:1=6; 
Previous 11: main:w:1=2147483648; 
Previous 12: main:w:1=2147483647; 
Previous 13: main:w:1=65535; 
Previous 14: main:w:1=4294967295; 
Previous 15: main:w:1=7; 
Previous 16: main:w:1=1234567890; 
Previous 17: main:w:1=6442450944; 
Previous 18: main:w:1=1000000000; 
Previous 19: main:w:1=123456; 
Previous 20: main:w:1=987654321; 
Previous 21: main:w:1=4294967294; 
Previous 22: main:w:1=4294967293; 
Previous 23: main:w:1=3221225472; 
Previous 24: main:w:1=1000000001; 
Previous 25: main:w:1=13; 
Previous 26: main:w:1=-2147483648; 
Previous 27: main:w:1=3000000000; 
Previous 28: main:w:1=9; 

Program:
extern unsigned int __VERIFIER_nondet_uint(void);
/*
Commit Number: b00a4fa78779ff0f304fa6cb34d49622679c86d4
URL: https://github.com/anlaneg/elfutils/commit/b00a4fa78779ff0f304fa6cb34d49622679c86d4
Project Name: elfutils
License: GPL3
termination: POTENTIAL FALSE
*/
int ffs( unsigned int w )
{
    int i = 1;
    while( w % 2 == 0 )
    {
        i++;
        w = w / 2;
    }
    return i;
}
int main()
{
    unsigned int w = __VERIFIER_nondet_uint();

    while( w != 0 )
    {
        int n = ffs(w);
        w >>= n;
    }
    return 0;
}

"
43,NT,"main:w:1=1073741824
",,COMPLETED,T,false,,"You generate concrete values for nondeterministic inputs in a C/C++ program.
Your goal is to produce ONE complete assignment set that is likely to make the program not terminate.

Important rules:
1. Return a value for EVERY listed nondeterministic input ID.
2. Use each ID exactly once.
3. Respect the declared C/C++ type.
4. For an array, return the value as an array containing exactly the required number of elements.
5. For char arrays, each element must be exactly one character. Return the character itself without C single quotes.
6. Prefer small-magnitude values unless larger values are necessary to achieve the requested execution behavior.

Nondeterministic inputs:
- id: main:w:1, type: unsigned int

Previously generated assignment sets are listed below. Generate a materially different set and do not duplicate any of them.
Previous 1: main:w:1=1; 
Previous 2: main:w:1=0; 
Previous 3: main:w:1=42; 
Previous 4: main:w:1=32768; 
Previous 5: main:w:1=2; 
Previous 6: main:w:1=3; 
Previous 7: main:w:1=4; 
Previous 8: main:w:1=8; 
Previous 9: main:w:1=5; 
Previous 10: main:w:1=6; 
Previous 11: main:w:1=2147483648; 
Previous 12: main:w:1=2147483647; 
Previous 13: main:w:1=65535; 
Previous 14: main:w:1=4294967295; 
Previous 15: main:w:1=7; 
Previous 16: main:w:1=1234567890; 
Previous 17: main:w:1=6442450944; 
Previous 18: main:w:1=1000000000; 
Previous 19: main:w:1=123456; 
Previous 20: main:w:1=987654321; 
Previous 21: main:w:1=4294967294; 
Previous 22: main:w:1=4294967293; 
Previous 23: main:w:1=3221225472; 
Previous 24: main:w:1=1000000001; 
Previous 25: main:w:1=13; 
Previous 26: main:w:1=-2147483648; 
Previous 27: main:w:1=3000000000; 
Previous 28: main:w:1=9; 

Program:
extern unsigned int __VERIFIER_nondet_uint(void);
/*
Commit Number: b00a4fa78779ff0f304fa6cb34d49622679c86d4
URL: https://github.com/anlaneg/elfutils/commit/b00a4fa78779ff0f304fa6cb34d49622679c86d4
Project Name: elfutils
License: GPL3
termination: POTENTIAL FALSE
*/
int ffs( unsigned int w )
{
    int i = 1;
    while( w % 2 == 0 )
    {
        i++;
        w = w / 2;
    }
    return i;
}
int main()
{
    unsigned int w = __VERIFIER_nondet_uint();

    while( w != 0 )
    {
        int n = ffs(w);
        w >>= n;
    }
    return 0;
}

"
44,NT,"main:w:1=0
",,DUPLICATE,,false,,"You generate concrete values for nondeterministic inputs in a C/C++ program.
Your goal is to produce ONE complete assignment set that is likely to make the program not terminate.

Important rules:
1. Return a value for EVERY listed nondeterministic input ID.
2. Use each ID exactly once.
3. Respect the declared C/C++ type.
4. For an array, return the value as an array containing exactly the required number of elements.
5. For char arrays, each element must be exactly one character. Return the character itself without C single quotes.
6. Prefer small-magnitude values unless larger values are necessary to achieve the requested execution behavior.

Nondeterministic inputs:
- id: main:w:1, type: unsigned int

Previously generated assignment sets are listed below. Generate a materially different set and do not duplicate any of them.
Previous 1: main:w:1=1; 
Previous 2: main:w:1=0; 
Previous 3: main:w:1=42; 
Previous 4: main:w:1=32768; 
Previous 5: main:w:1=2; 
Previous 6: main:w:1=3; 
Previous 7: main:w:1=4; 
Previous 8: main:w:1=8; 
Previous 9: main:w:1=5; 
Previous 10: main:w:1=6; 
Previous 11: main:w:1=2147483648; 
Previous 12: main:w:1=2147483647; 
Previous 13: main:w:1=65535; 
Previous 14: main:w:1=4294967295; 
Previous 15: main:w:1=7; 
Previous 16: main:w:1=1234567890; 
Previous 17: main:w:1=6442450944; 
Previous 18: main:w:1=1000000000; 
Previous 19: main:w:1=123456; 
Previous 20: main:w:1=987654321; 
Previous 21: main:w:1=4294967294; 
Previous 22: main:w:1=4294967293; 
Previous 23: main:w:1=3221225472; 
Previous 24: main:w:1=1000000001; 
Previous 25: main:w:1=13; 
Previous 26: main:w:1=-2147483648; 
Previous 27: main:w:1=3000000000; 
Previous 28: main:w:1=9; 
Previous 29: main:w:1=1073741824; 

Program:
extern unsigned int __VERIFIER_nondet_uint(void);
/*
Commit Number: b00a4fa78779ff0f304fa6cb34d49622679c86d4
URL: https://github.com/anlaneg/elfutils/commit/b00a4fa78779ff0f304fa6cb34d49622679c86d4
Project Name: elfutils
License: GPL3
termination: POTENTIAL FALSE
*/
int ffs( unsigned int w )
{
    int i = 1;
    while( w % 2 == 0 )
    {
        i++;
        w = w / 2;
    }
    return i;
}
int main()
{
    unsigned int w = __VERIFIER_nondet_uint();

    while( w != 0 )
    {
        int n = ffs(w);
        w >>= n;
    }
    return 0;
}

"
45,NT,"main:w:1=10
",,COMPLETED,T,false,,"You generate concrete values for nondeterministic inputs in a C/C++ program.
Your goal is to produce ONE complete assignment set that is likely to make the program not terminate.

Important rules:
1. Return a value for EVERY listed nondeterministic input ID.
2. Use each ID exactly once.
3. Respect the declared C/C++ type.
4. For an array, return the value as an array containing exactly the required number of elements.
5. For char arrays, each element must be exactly one character. Return the character itself without C single quotes.
6. Prefer small-magnitude values unless larger values are necessary to achieve the requested execution behavior.

Nondeterministic inputs:
- id: main:w:1, type: unsigned int

Previously generated assignment sets are listed below. Generate a materially different set and do not duplicate any of them.
Previous 1: main:w:1=1; 
Previous 2: main:w:1=0; 
Previous 3: main:w:1=42; 
Previous 4: main:w:1=32768; 
Previous 5: main:w:1=2; 
Previous 6: main:w:1=3; 
Previous 7: main:w:1=4; 
Previous 8: main:w:1=8; 
Previous 9: main:w:1=5; 
Previous 10: main:w:1=6; 
Previous 11: main:w:1=2147483648; 
Previous 12: main:w:1=2147483647; 
Previous 13: main:w:1=65535; 
Previous 14: main:w:1=4294967295; 
Previous 15: main:w:1=7; 
Previous 16: main:w:1=1234567890; 
Previous 17: main:w:1=6442450944; 
Previous 18: main:w:1=1000000000; 
Previous 19: main:w:1=123456; 
Previous 20: main:w:1=987654321; 
Previous 21: main:w:1=4294967294; 
Previous 22: main:w:1=4294967293; 
Previous 23: main:w:1=3221225472; 
Previous 24: main:w:1=1000000001; 
Previous 25: main:w:1=13; 
Previous 26: main:w:1=-2147483648; 
Previous 27: main:w:1=3000000000; 
Previous 28: main:w:1=9; 
Previous 29: main:w:1=1073741824; 

Program:
extern unsigned int __VERIFIER_nondet_uint(void);
/*
Commit Number: b00a4fa78779ff0f304fa6cb34d49622679c86d4
URL: https://github.com/anlaneg/elfutils/commit/b00a4fa78779ff0f304fa6cb34d49622679c86d4
Project Name: elfutils
License: GPL3
termination: POTENTIAL FALSE
*/
int ffs( unsigned int w )
{
    int i = 1;
    while( w % 2 == 0 )
    {
        i++;
        w = w / 2;
    }
    return i;
}
int main()
{
    unsigned int w = __VERIFIER_nondet_uint();

    while( w != 0 )
    {
        int n = ffs(w);
        w >>= n;
    }
    return 0;
}

"
46,NT,"main:w:1=0
",,DUPLICATE,,false,,"You generate concrete values for nondeterministic inputs in a C/C++ program.
Your goal is to produce ONE complete assignment set that is likely to make the program not terminate.

Important rules:
1. Return a value for EVERY listed nondeterministic input ID.
2. Use each ID exactly once.
3. Respect the declared C/C++ type.
4. For an array, return the value as an array containing exactly the required number of elements.
5. For char arrays, each element must be exactly one character. Return the character itself without C single quotes.
6. Prefer small-magnitude values unless larger values are necessary to achieve the requested execution behavior.

Nondeterministic inputs:
- id: main:w:1, type: unsigned int

Previously generated assignment sets are listed below. Generate a materially different set and do not duplicate any of them.
Previous 1: main:w:1=1; 
Previous 2: main:w:1=0; 
Previous 3: main:w:1=42; 
Previous 4: main:w:1=32768; 
Previous 5: main:w:1=2; 
Previous 6: main:w:1=3; 
Previous 7: main:w:1=4; 
Previous 8: main:w:1=8; 
Previous 9: main:w:1=5; 
Previous 10: main:w:1=6; 
Previous 11: main:w:1=2147483648; 
Previous 12: main:w:1=2147483647; 
Previous 13: main:w:1=65535; 
Previous 14: main:w:1=4294967295; 
Previous 15: main:w:1=7; 
Previous 16: main:w:1=1234567890; 
Previous 17: main:w:1=6442450944; 
Previous 18: main:w:1=1000000000; 
Previous 19: main:w:1=123456; 
Previous 20: main:w:1=987654321; 
Previous 21: main:w:1=4294967294; 
Previous 22: main:w:1=4294967293; 
Previous 23: main:w:1=3221225472; 
Previous 24: main:w:1=1000000001; 
Previous 25: main:w:1=13; 
Previous 26: main:w:1=-2147483648; 
Previous 27: main:w:1=3000000000; 
Previous 28: main:w:1=9; 
Previous 29: main:w:1=1073741824; 
Previous 30: main:w:1=10; 

Program:
extern unsigned int __VERIFIER_nondet_uint(void);
/*
Commit Number: b00a4fa78779ff0f304fa6cb34d49622679c86d4
URL: https://github.com/anlaneg/elfutils/commit/b00a4fa78779ff0f304fa6cb34d49622679c86d4
Project Name: elfutils
License: GPL3
termination: POTENTIAL FALSE
*/
int ffs( unsigned int w )
{
    int i = 1;
    while( w % 2 == 0 )
    {
        i++;
        w = w / 2;
    }
    return i;
}
int main()
{
    unsigned int w = __VERIFIER_nondet_uint();

    while( w != 0 )
    {
        int n = ffs(w);
        w >>= n;
    }
    return 0;
}

"
47,NT,"main:w:1=11
",,COMPLETED,T,false,,"You generate concrete values for nondeterministic inputs in a C/C++ program.
Your goal is to produce ONE complete assignment set that is likely to make the program not terminate.

Important rules:
1. Return a value for EVERY listed nondeterministic input ID.
2. Use each ID exactly once.
3. Respect the declared C/C++ type.
4. For an array, return the value as an array containing exactly the required number of elements.
5. For char arrays, each element must be exactly one character. Return the character itself without C single quotes.
6. Prefer small-magnitude values unless larger values are necessary to achieve the requested execution behavior.

Nondeterministic inputs:
- id: main:w:1, type: unsigned int

Previously generated assignment sets are listed below. Generate a materially different set and do not duplicate any of them.
Previous 1: main:w:1=1; 
Previous 2: main:w:1=0; 
Previous 3: main:w:1=42; 
Previous 4: main:w:1=32768; 
Previous 5: main:w:1=2; 
Previous 6: main:w:1=3; 
Previous 7: main:w:1=4; 
Previous 8: main:w:1=8; 
Previous 9: main:w:1=5; 
Previous 10: main:w:1=6; 
Previous 11: main:w:1=2147483648; 
Previous 12: main:w:1=2147483647; 
Previous 13: main:w:1=65535; 
Previous 14: main:w:1=4294967295; 
Previous 15: main:w:1=7; 
Previous 16: main:w:1=1234567890; 
Previous 17: main:w:1=6442450944; 
Previous 18: main:w:1=1000000000; 
Previous 19: main:w:1=123456; 
Previous 20: main:w:1=987654321; 
Previous 21: main:w:1=4294967294; 
Previous 22: main:w:1=4294967293; 
Previous 23: main:w:1=3221225472; 
Previous 24: main:w:1=1000000001; 
Previous 25: main:w:1=13; 
Previous 26: main:w:1=-2147483648; 
Previous 27: main:w:1=3000000000; 
Previous 28: main:w:1=9; 
Previous 29: main:w:1=1073741824; 
Previous 30: main:w:1=10; 

Program:
extern unsigned int __VERIFIER_nondet_uint(void);
/*
Commit Number: b00a4fa78779ff0f304fa6cb34d49622679c86d4
URL: https://github.com/anlaneg/elfutils/commit/b00a4fa78779ff0f304fa6cb34d49622679c86d4
Project Name: elfutils
License: GPL3
termination: POTENTIAL FALSE
*/
int ffs( unsigned int w )
{
    int i = 1;
    while( w % 2 == 0 )
    {
        i++;
        w = w / 2;
    }
    return i;
}
int main()
{
    unsigned int w = __VERIFIER_nondet_uint();

    while( w != 0 )
    {
        int n = ffs(w);
        w >>= n;
    }
    return 0;
}

"
48,NT,"main:w:1=2147483648
",,DUPLICATE,,false,,"You generate concrete values for nondeterministic inputs in a C/C++ program.
Your goal is to produce ONE complete assignment set that is likely to make the program not terminate.

Important rules:
1. Return a value for EVERY listed nondeterministic input ID.
2. Use each ID exactly once.
3. Respect the declared C/C++ type.
4. For an array, return the value as an array containing exactly the required number of elements.
5. For char arrays, each element must be exactly one character. Return the character itself without C single quotes.
6. Prefer small-magnitude values unless larger values are necessary to achieve the requested execution behavior.

Nondeterministic inputs:
- id: main:w:1, type: unsigned int

Previously generated assignment sets are listed below. Generate a materially different set and do not duplicate any of them.
Previous 1: main:w:1=1; 
Previous 2: main:w:1=0; 
Previous 3: main:w:1=42; 
Previous 4: main:w:1=32768; 
Previous 5: main:w:1=2; 
Previous 6: main:w:1=3; 
Previous 7: main:w:1=4; 
Previous 8: main:w:1=8; 
Previous 9: main:w:1=5; 
Previous 10: main:w:1=6; 
Previous 11: main:w:1=2147483648; 
Previous 12: main:w:1=2147483647; 
Previous 13: main:w:1=65535; 
Previous 14: main:w:1=4294967295; 
Previous 15: main:w:1=7; 
Previous 16: main:w:1=1234567890; 
Previous 17: main:w:1=6442450944; 
Previous 18: main:w:1=1000000000; 
Previous 19: main:w:1=123456; 
Previous 20: main:w:1=987654321; 
Previous 21: main:w:1=4294967294; 
Previous 22: main:w:1=4294967293; 
Previous 23: main:w:1=3221225472; 
Previous 24: main:w:1=1000000001; 
Previous 25: main:w:1=13; 
Previous 26: main:w:1=-2147483648; 
Previous 27: main:w:1=3000000000; 
Previous 28: main:w:1=9; 
Previous 29: main:w:1=1073741824; 
Previous 30: main:w:1=10; 
Previous 31: main:w:1=11; 

Program:
extern unsigned int __VERIFIER_nondet_uint(void);
/*
Commit Number: b00a4fa78779ff0f304fa6cb34d49622679c86d4
URL: https://github.com/anlaneg/elfutils/commit/b00a4fa78779ff0f304fa6cb34d49622679c86d4
Project Name: elfutils
License: GPL3
termination: POTENTIAL FALSE
*/
int ffs( unsigned int w )
{
    int i = 1;
    while( w % 2 == 0 )
    {
        i++;
        w = w / 2;
    }
    return i;
}
int main()
{
    unsigned int w = __VERIFIER_nondet_uint();

    while( w != 0 )
    {
        int n = ffs(w);
        w >>= n;
    }
    return 0;
}

"
49,NT,"main:w:1=31337
",,COMPLETED,T,false,,"You generate concrete values for nondeterministic inputs in a C/C++ program.
Your goal is to produce ONE complete assignment set that is likely to make the program not terminate.

Important rules:
1. Return a value for EVERY listed nondeterministic input ID.
2. Use each ID exactly once.
3. Respect the declared C/C++ type.
4. For an array, return the value as an array containing exactly the required number of elements.
5. For char arrays, each element must be exactly one character. Return the character itself without C single quotes.
6. Prefer small-magnitude values unless larger values are necessary to achieve the requested execution behavior.

Nondeterministic inputs:
- id: main:w:1, type: unsigned int

Previously generated assignment sets are listed below. Generate a materially different set and do not duplicate any of them.
Previous 1: main:w:1=1; 
Previous 2: main:w:1=0; 
Previous 3: main:w:1=42; 
Previous 4: main:w:1=32768; 
Previous 5: main:w:1=2; 
Previous 6: main:w:1=3; 
Previous 7: main:w:1=4; 
Previous 8: main:w:1=8; 
Previous 9: main:w:1=5; 
Previous 10: main:w:1=6; 
Previous 11: main:w:1=2147483648; 
Previous 12: main:w:1=2147483647; 
Previous 13: main:w:1=65535; 
Previous 14: main:w:1=4294967295; 
Previous 15: main:w:1=7; 
Previous 16: main:w:1=1234567890; 
Previous 17: main:w:1=6442450944; 
Previous 18: main:w:1=1000000000; 
Previous 19: main:w:1=123456; 
Previous 20: main:w:1=987654321; 
Previous 21: main:w:1=4294967294; 
Previous 22: main:w:1=4294967293; 
Previous 23: main:w:1=3221225472; 
Previous 24: main:w:1=1000000001; 
Previous 25: main:w:1=13; 
Previous 26: main:w:1=-2147483648; 
Previous 27: main:w:1=3000000000; 
Previous 28: main:w:1=9; 
Previous 29: main:w:1=1073741824; 
Previous 30: main:w:1=10; 
Previous 31: main:w:1=11; 

Program:
extern unsigned int __VERIFIER_nondet_uint(void);
/*
Commit Number: b00a4fa78779ff0f304fa6cb34d49622679c86d4
URL: https://github.com/anlaneg/elfutils/commit/b00a4fa78779ff0f304fa6cb34d49622679c86d4
Project Name: elfutils
License: GPL3
termination: POTENTIAL FALSE
*/
int ffs( unsigned int w )
{
    int i = 1;
    while( w % 2 == 0 )
    {
        i++;
        w = w / 2;
    }
    return i;
}
int main()
{
    unsigned int w = __VERIFIER_nondet_uint();

    while( w != 0 )
    {
        int n = ffs(w);
        w >>= n;
    }
    return 0;
}

"
50,NT,"main:w:1=0
",,DUPLICATE,,false,,"You generate concrete values for nondeterministic inputs in a C/C++ program.
Your goal is to produce ONE complete assignment set that is likely to make the program not terminate.

Important rules:
1. Return a value for EVERY listed nondeterministic input ID.
2. Use each ID exactly once.
3. Respect the declared C/C++ type.
4. For an array, return the value as an array containing exactly the required number of elements.
5. For char arrays, each element must be exactly one character. Return the character itself without C single quotes.
6. Prefer small-magnitude values unless larger values are necessary to achieve the requested execution behavior.

Nondeterministic inputs:
- id: main:w:1, type: unsigned int

Previously generated assignment sets are listed below. Generate a materially different set and do not duplicate any of them.
Previous 1: main:w:1=1; 
Previous 2: main:w:1=0; 
Previous 3: main:w:1=42; 
Previous 4: main:w:1=32768; 
Previous 5: main:w:1=2; 
Previous 6: main:w:1=3; 
Previous 7: main:w:1=4; 
Previous 8: main:w:1=8; 
Previous 9: main:w:1=5; 
Previous 10: main:w:1=6; 
Previous 11: main:w:1=2147483648; 
Previous 12: main:w:1=2147483647; 
Previous 13: main:w:1=65535; 
Previous 14: main:w:1=4294967295; 
Previous 15: main:w:1=7; 
Previous 16: main:w:1=1234567890; 
Previous 17: main:w:1=6442450944; 
Previous 18: main:w:1=1000000000; 
Previous 19: main:w:1=123456; 
Previous 20: main:w:1=987654321; 
Previous 21: main:w:1=4294967294; 
Previous 22: main:w:1=4294967293; 
Previous 23: main:w:1=3221225472; 
Previous 24: main:w:1=1000000001; 
Previous 25: main:w:1=13; 
Previous 26: main:w:1=-2147483648; 
Previous 27: main:w:1=3000000000; 
Previous 28: main:w:1=9; 
Previous 29: main:w:1=1073741824; 
Previous 30: main:w:1=10; 
Previous 31: main:w:1=11; 
Previous 32: main:w:1=31337; 

Program:
extern unsigned int __VERIFIER_nondet_uint(void);
/*
Commit Number: b00a4fa78779ff0f304fa6cb34d49622679c86d4
URL: https://github.com/anlaneg/elfutils/commit/b00a4fa78779ff0f304fa6cb34d49622679c86d4
Project Name: elfutils
License: GPL3
termination: POTENTIAL FALSE
*/
int ffs( unsigned int w )
{
    int i = 1;
    while( w % 2 == 0 )
    {
        i++;
        w = w / 2;
    }
    return i;
}
int main()
{
    unsigned int w = __VERIFIER_nondet_uint();

    while( w != 0 )
    {
        int n = ffs(w);
        w >>= n;
    }
    return 0;
}

"
51,NT,"main:w:1=2147483648
",,DUPLICATE,,false,,"You generate concrete values for nondeterministic inputs in a C/C++ program.
Your goal is to produce ONE complete assignment set that is likely to make the program not terminate.

Important rules:
1. Return a value for EVERY listed nondeterministic input ID.
2. Use each ID exactly once.
3. Respect the declared C/C++ type.
4. For an array, return the value as an array containing exactly the required number of elements.
5. For char arrays, each element must be exactly one character. Return the character itself without C single quotes.
6. Prefer small-magnitude values unless larger values are necessary to achieve the requested execution behavior.

Nondeterministic inputs:
- id: main:w:1, type: unsigned int

Previously generated assignment sets are listed below. Generate a materially different set and do not duplicate any of them.
Previous 1: main:w:1=1; 
Previous 2: main:w:1=0; 
Previous 3: main:w:1=42; 
Previous 4: main:w:1=32768; 
Previous 5: main:w:1=2; 
Previous 6: main:w:1=3; 
Previous 7: main:w:1=4; 
Previous 8: main:w:1=8; 
Previous 9: main:w:1=5; 
Previous 10: main:w:1=6; 
Previous 11: main:w:1=2147483648; 
Previous 12: main:w:1=2147483647; 
Previous 13: main:w:1=65535; 
Previous 14: main:w:1=4294967295; 
Previous 15: main:w:1=7; 
Previous 16: main:w:1=1234567890; 
Previous 17: main:w:1=6442450944; 
Previous 18: main:w:1=1000000000; 
Previous 19: main:w:1=123456; 
Previous 20: main:w:1=987654321; 
Previous 21: main:w:1=4294967294; 
Previous 22: main:w:1=4294967293; 
Previous 23: main:w:1=3221225472; 
Previous 24: main:w:1=1000000001; 
Previous 25: main:w:1=13; 
Previous 26: main:w:1=-2147483648; 
Previous 27: main:w:1=3000000000; 
Previous 28: main:w:1=9; 
Previous 29: main:w:1=1073741824; 
Previous 30: main:w:1=10; 
Previous 31: main:w:1=11; 
Previous 32: main:w:1=31337; 

Program:
extern unsigned int __VERIFIER_nondet_uint(void);
/*
Commit Number: b00a4fa78779ff0f304fa6cb34d49622679c86d4
URL: https://github.com/anlaneg/elfutils/commit/b00a4fa78779ff0f304fa6cb34d49622679c86d4
Project Name: elfutils
License: GPL3
termination: POTENTIAL FALSE
*/
int ffs( unsigned int w )
{
    int i = 1;
    while( w % 2 == 0 )
    {
        i++;
        w = w / 2;
    }
    return i;
}
int main()
{
    unsigned int w = __VERIFIER_nondet_uint();

    while( w != 0 )
    {
        int n = ffs(w);
        w >>= n;
    }
    return 0;
}

"
52,NT,"main:w:1=12
",,COMPLETED,T,false,,"You generate concrete values for nondeterministic inputs in a C/C++ program.
Your goal is to produce ONE complete assignment set that is likely to make the program not terminate.

Important rules:
1. Return a value for EVERY listed nondeterministic input ID.
2. Use each ID exactly once.
3. Respect the declared C/C++ type.
4. For an array, return the value as an array containing exactly the required number of elements.
5. For char arrays, each element must be exactly one character. Return the character itself without C single quotes.
6. Prefer small-magnitude values unless larger values are necessary to achieve the requested execution behavior.

Nondeterministic inputs:
- id: main:w:1, type: unsigned int

Previously generated assignment sets are listed below. Generate a materially different set and do not duplicate any of them.
Previous 1: main:w:1=1; 
Previous 2: main:w:1=0; 
Previous 3: main:w:1=42; 
Previous 4: main:w:1=32768; 
Previous 5: main:w:1=2; 
Previous 6: main:w:1=3; 
Previous 7: main:w:1=4; 
Previous 8: main:w:1=8; 
Previous 9: main:w:1=5; 
Previous 10: main:w:1=6; 
Previous 11: main:w:1=2147483648; 
Previous 12: main:w:1=2147483647; 
Previous 13: main:w:1=65535; 
Previous 14: main:w:1=4294967295; 
Previous 15: main:w:1=7; 
Previous 16: main:w:1=1234567890; 
Previous 17: main:w:1=6442450944; 
Previous 18: main:w:1=1000000000; 
Previous 19: main:w:1=123456; 
Previous 20: main:w:1=987654321; 
Previous 21: main:w:1=4294967294; 
Previous 22: main:w:1=4294967293; 
Previous 23: main:w:1=3221225472; 
Previous 24: main:w:1=1000000001; 
Previous 25: main:w:1=13; 
Previous 26: main:w:1=-2147483648; 
Previous 27: main:w:1=3000000000; 
Previous 28: main:w:1=9; 
Previous 29: main:w:1=1073741824; 
Previous 30: main:w:1=10; 
Previous 31: main:w:1=11; 
Previous 32: main:w:1=31337; 

Program:
extern unsigned int __VERIFIER_nondet_uint(void);
/*
Commit Number: b00a4fa78779ff0f304fa6cb34d49622679c86d4
URL: https://github.com/anlaneg/elfutils/commit/b00a4fa78779ff0f304fa6cb34d49622679c86d4
Project Name: elfutils
License: GPL3
termination: POTENTIAL FALSE
*/
int ffs( unsigned int w )
{
    int i = 1;
    while( w % 2 == 0 )
    {
        i++;
        w = w / 2;
    }
    return i;
}
int main()
{
    unsigned int w = __VERIFIER_nondet_uint();

    while( w != 0 )
    {
        int n = ffs(w);
        w >>= n;
    }
    return 0;
}

"
53,NT,"main:w:1=0
",,DUPLICATE,,false,,"You generate concrete values for nondeterministic inputs in a C/C++ program.
Your goal is to produce ONE complete assignment set that is likely to make the program not terminate.

Important rules:
1. Return a value for EVERY listed nondeterministic input ID.
2. Use each ID exactly once.
3. Respect the declared C/C++ type.
4. For an array, return the value as an array containing exactly the required number of elements.
5. For char arrays, each element must be exactly one character. Return the character itself without C single quotes.
6. Prefer small-magnitude values unless larger values are necessary to achieve the requested execution behavior.

Nondeterministic inputs:
- id: main:w:1, type: unsigned int

Previously generated assignment sets are listed below. Generate a materially different set and do not duplicate any of them.
Previous 1: main:w:1=1; 
Previous 2: main:w:1=0; 
Previous 3: main:w:1=42; 
Previous 4: main:w:1=32768; 
Previous 5: main:w:1=2; 
Previous 6: main:w:1=3; 
Previous 7: main:w:1=4; 
Previous 8: main:w:1=8; 
Previous 9: main:w:1=5; 
Previous 10: main:w:1=6; 
Previous 11: main:w:1=2147483648; 
Previous 12: main:w:1=2147483647; 
Previous 13: main:w:1=65535; 
Previous 14: main:w:1=4294967295; 
Previous 15: main:w:1=7; 
Previous 16: main:w:1=1234567890; 
Previous 17: main:w:1=6442450944; 
Previous 18: main:w:1=1000000000; 
Previous 19: main:w:1=123456; 
Previous 20: main:w:1=987654321; 
Previous 21: main:w:1=4294967294; 
Previous 22: main:w:1=4294967293; 
Previous 23: main:w:1=3221225472; 
Previous 24: main:w:1=1000000001; 
Previous 25: main:w:1=13; 
Previous 26: main:w:1=-2147483648; 
Previous 27: main:w:1=3000000000; 
Previous 28: main:w:1=9; 
Previous 29: main:w:1=1073741824; 
Previous 30: main:w:1=10; 
Previous 31: main:w:1=11; 
Previous 32: main:w:1=31337; 
Previous 33: main:w:1=12; 

Program:
extern unsigned int __VERIFIER_nondet_uint(void);
/*
Commit Number: b00a4fa78779ff0f304fa6cb34d49622679c86d4
URL: https://github.com/anlaneg/elfutils/commit/b00a4fa78779ff0f304fa6cb34d49622679c86d4
Project Name: elfutils
License: GPL3
termination: POTENTIAL FALSE
*/
int ffs( unsigned int w )
{
    int i = 1;
    while( w % 2 == 0 )
    {
        i++;
        w = w / 2;
    }
    return i;
}
int main()
{
    unsigned int w = __VERIFIER_nondet_uint();

    while( w != 0 )
    {
        int n = ffs(w);
        w >>= n;
    }
    return 0;
}

"
54,NT,"main:w:1=123456789
",,COMPLETED,T,false,,"You generate concrete values for nondeterministic inputs in a C/C++ program.
Your goal is to produce ONE complete assignment set that is likely to make the program not terminate.

Important rules:
1. Return a value for EVERY listed nondeterministic input ID.
2. Use each ID exactly once.
3. Respect the declared C/C++ type.
4. For an array, return the value as an array containing exactly the required number of elements.
5. For char arrays, each element must be exactly one character. Return the character itself without C single quotes.
6. Prefer small-magnitude values unless larger values are necessary to achieve the requested execution behavior.

Nondeterministic inputs:
- id: main:w:1, type: unsigned int

Previously generated assignment sets are listed below. Generate a materially different set and do not duplicate any of them.
Previous 1: main:w:1=1; 
Previous 2: main:w:1=0; 
Previous 3: main:w:1=42; 
Previous 4: main:w:1=32768; 
Previous 5: main:w:1=2; 
Previous 6: main:w:1=3; 
Previous 7: main:w:1=4; 
Previous 8: main:w:1=8; 
Previous 9: main:w:1=5; 
Previous 10: main:w:1=6; 
Previous 11: main:w:1=2147483648; 
Previous 12: main:w:1=2147483647; 
Previous 13: main:w:1=65535; 
Previous 14: main:w:1=4294967295; 
Previous 15: main:w:1=7; 
Previous 16: main:w:1=1234567890; 
Previous 17: main:w:1=6442450944; 
Previous 18: main:w:1=1000000000; 
Previous 19: main:w:1=123456; 
Previous 20: main:w:1=987654321; 
Previous 21: main:w:1=4294967294; 
Previous 22: main:w:1=4294967293; 
Previous 23: main:w:1=3221225472; 
Previous 24: main:w:1=1000000001; 
Previous 25: main:w:1=13; 
Previous 26: main:w:1=-2147483648; 
Previous 27: main:w:1=3000000000; 
Previous 28: main:w:1=9; 
Previous 29: main:w:1=1073741824; 
Previous 30: main:w:1=10; 
Previous 31: main:w:1=11; 
Previous 32: main:w:1=31337; 
Previous 33: main:w:1=12; 

Program:
extern unsigned int __VERIFIER_nondet_uint(void);
/*
Commit Number: b00a4fa78779ff0f304fa6cb34d49622679c86d4
URL: https://github.com/anlaneg/elfutils/commit/b00a4fa78779ff0f304fa6cb34d49622679c86d4
Project Name: elfutils
License: GPL3
termination: POTENTIAL FALSE
*/
int ffs( unsigned int w )
{
    int i = 1;
    while( w % 2 == 0 )
    {
        i++;
        w = w / 2;
    }
    return i;
}
int main()
{
    unsigned int w = __VERIFIER_nondet_uint();

    while( w != 0 )
    {
        int n = ffs(w);
        w >>= n;
    }
    return 0;
}

"
55,NT,"main:w:1=0
",,DUPLICATE,,false,,"You generate concrete values for nondeterministic inputs in a C/C++ program.
Your goal is to produce ONE complete assignment set that is likely to make the program not terminate.

Important rules:
1. Return a value for EVERY listed nondeterministic input ID.
2. Use each ID exactly once.
3. Respect the declared C/C++ type.
4. For an array, return the value as an array containing exactly the required number of elements.
5. For char arrays, each element must be exactly one character. Return the character itself without C single quotes.
6. Prefer small-magnitude values unless larger values are necessary to achieve the requested execution behavior.

Nondeterministic inputs:
- id: main:w:1, type: unsigned int

Previously generated assignment sets are listed below. Generate a materially different set and do not duplicate any of them.
Previous 1: main:w:1=1; 
Previous 2: main:w:1=0; 
Previous 3: main:w:1=42; 
Previous 4: main:w:1=32768; 
Previous 5: main:w:1=2; 
Previous 6: main:w:1=3; 
Previous 7: main:w:1=4; 
Previous 8: main:w:1=8; 
Previous 9: main:w:1=5; 
Previous 10: main:w:1=6; 
Previous 11: main:w:1=2147483648; 
Previous 12: main:w:1=2147483647; 
Previous 13: main:w:1=65535; 
Previous 14: main:w:1=4294967295; 
Previous 15: main:w:1=7; 
Previous 16: main:w:1=1234567890; 
Previous 17: main:w:1=6442450944; 
Previous 18: main:w:1=1000000000; 
Previous 19: main:w:1=123456; 
Previous 20: main:w:1=987654321; 
Previous 21: main:w:1=4294967294; 
Previous 22: main:w:1=4294967293; 
Previous 23: main:w:1=3221225472; 
Previous 24: main:w:1=1000000001; 
Previous 25: main:w:1=13; 
Previous 26: main:w:1=-2147483648; 
Previous 27: main:w:1=3000000000; 
Previous 28: main:w:1=9; 
Previous 29: main:w:1=1073741824; 
Previous 30: main:w:1=10; 
Previous 31: main:w:1=11; 
Previous 32: main:w:1=31337; 
Previous 33: main:w:1=12; 
Previous 34: main:w:1=123456789; 

Program:
extern unsigned int __VERIFIER_nondet_uint(void);
/*
Commit Number: b00a4fa78779ff0f304fa6cb34d49622679c86d4
URL: https://github.com/anlaneg/elfutils/commit/b00a4fa78779ff0f304fa6cb34d49622679c86d4
Project Name: elfutils
License: GPL3
termination: POTENTIAL FALSE
*/
int ffs( unsigned int w )
{
    int i = 1;
    while( w % 2 == 0 )
    {
        i++;
        w = w / 2;
    }
    return i;
}
int main()
{
    unsigned int w = __VERIFIER_nondet_uint();

    while( w != 0 )
    {
        int n = ffs(w);
        w >>= n;
    }
    return 0;
}

"
56,NT,"main:w:1=2684354560
",,COMPLETED,T,false,,"You generate concrete values for nondeterministic inputs in a C/C++ program.
Your goal is to produce ONE complete assignment set that is likely to make the program not terminate.

Important rules:
1. Return a value for EVERY listed nondeterministic input ID.
2. Use each ID exactly once.
3. Respect the declared C/C++ type.
4. For an array, return the value as an array containing exactly the required number of elements.
5. For char arrays, each element must be exactly one character. Return the character itself without C single quotes.
6. Prefer small-magnitude values unless larger values are necessary to achieve the requested execution behavior.

Nondeterministic inputs:
- id: main:w:1, type: unsigned int

Previously generated assignment sets are listed below. Generate a materially different set and do not duplicate any of them.
Previous 1: main:w:1=1; 
Previous 2: main:w:1=0; 
Previous 3: main:w:1=42; 
Previous 4: main:w:1=32768; 
Previous 5: main:w:1=2; 
Previous 6: main:w:1=3; 
Previous 7: main:w:1=4; 
Previous 8: main:w:1=8; 
Previous 9: main:w:1=5; 
Previous 10: main:w:1=6; 
Previous 11: main:w:1=2147483648; 
Previous 12: main:w:1=2147483647; 
Previous 13: main:w:1=65535; 
Previous 14: main:w:1=4294967295; 
Previous 15: main:w:1=7; 
Previous 16: main:w:1=1234567890; 
Previous 17: main:w:1=6442450944; 
Previous 18: main:w:1=1000000000; 
Previous 19: main:w:1=123456; 
Previous 20: main:w:1=987654321; 
Previous 21: main:w:1=4294967294; 
Previous 22: main:w:1=4294967293; 
Previous 23: main:w:1=3221225472; 
Previous 24: main:w:1=1000000001; 
Previous 25: main:w:1=13; 
Previous 26: main:w:1=-2147483648; 
Previous 27: main:w:1=3000000000; 
Previous 28: main:w:1=9; 
Previous 29: main:w:1=1073741824; 
Previous 30: main:w:1=10; 
Previous 31: main:w:1=11; 
Previous 32: main:w:1=31337; 
Previous 33: main:w:1=12; 
Previous 34: main:w:1=123456789; 

Program:
extern unsigned int __VERIFIER_nondet_uint(void);
/*
Commit Number: b00a4fa78779ff0f304fa6cb34d49622679c86d4
URL: https://github.com/anlaneg/elfutils/commit/b00a4fa78779ff0f304fa6cb34d49622679c86d4
Project Name: elfutils
License: GPL3
termination: POTENTIAL FALSE
*/
int ffs( unsigned int w )
{
    int i = 1;
    while( w % 2 == 0 )
    {
        i++;
        w = w / 2;
    }
    return i;
}
int main()
{
    unsigned int w = __VERIFIER_nondet_uint();

    while( w != 0 )
    {
        int n = ffs(w);
        w >>= n;
    }
    return 0;
}

"
57,NT,"main:w:1=9223372036854775808
",,COMPLETED,T,false,,"You generate concrete values for nondeterministic inputs in a C/C++ program.
Your goal is to produce ONE complete assignment set that is likely to make the program not terminate.

Important rules:
1. Return a value for EVERY listed nondeterministic input ID.
2. Use each ID exactly once.
3. Respect the declared C/C++ type.
4. For an array, return the value as an array containing exactly the required number of elements.
5. For char arrays, each element must be exactly one character. Return the character itself without C single quotes.
6. Prefer small-magnitude values unless larger values are necessary to achieve the requested execution behavior.

Nondeterministic inputs:
- id: main:w:1, type: unsigned int

Previously generated assignment sets are listed below. Generate a materially different set and do not duplicate any of them.
Previous 1: main:w:1=1; 
Previous 2: main:w:1=0; 
Previous 3: main:w:1=42; 
Previous 4: main:w:1=32768; 
Previous 5: main:w:1=2; 
Previous 6: main:w:1=3; 
Previous 7: main:w:1=4; 
Previous 8: main:w:1=8; 
Previous 9: main:w:1=5; 
Previous 10: main:w:1=6; 
Previous 11: main:w:1=2147483648; 
Previous 12: main:w:1=2147483647; 
Previous 13: main:w:1=65535; 
Previous 14: main:w:1=4294967295; 
Previous 15: main:w:1=7; 
Previous 16: main:w:1=1234567890; 
Previous 17: main:w:1=6442450944; 
Previous 18: main:w:1=1000000000; 
Previous 19: main:w:1=123456; 
Previous 20: main:w:1=987654321; 
Previous 21: main:w:1=4294967294; 
Previous 22: main:w:1=4294967293; 
Previous 23: main:w:1=3221225472; 
Previous 24: main:w:1=1000000001; 
Previous 25: main:w:1=13; 
Previous 26: main:w:1=-2147483648; 
Previous 27: main:w:1=3000000000; 
Previous 28: main:w:1=9; 
Previous 29: main:w:1=1073741824; 
Previous 30: main:w:1=10; 
Previous 31: main:w:1=11; 
Previous 32: main:w:1=31337; 
Previous 33: main:w:1=12; 
Previous 34: main:w:1=123456789; 
Previous 35: main:w:1=2684354560; 

Program:
extern unsigned int __VERIFIER_nondet_uint(void);
/*
Commit Number: b00a4fa78779ff0f304fa6cb34d49622679c86d4
URL: https://github.com/anlaneg/elfutils/commit/b00a4fa78779ff0f304fa6cb34d49622679c86d4
Project Name: elfutils
License: GPL3
termination: POTENTIAL FALSE
*/
int ffs( unsigned int w )
{
    int i = 1;
    while( w % 2 == 0 )
    {
        i++;
        w = w / 2;
    }
    return i;
}
int main()
{
    unsigned int w = __VERIFIER_nondet_uint();

    while( w != 0 )
    {
        int n = ffs(w);
        w >>= n;
    }
    return 0;
}

"
58,NT,"main:w:1=4294967292
",,COMPLETED,T,false,,"You generate concrete values for nondeterministic inputs in a C/C++ program.
Your goal is to produce ONE complete assignment set that is likely to make the program not terminate.

Important rules:
1. Return a value for EVERY listed nondeterministic input ID.
2. Use each ID exactly once.
3. Respect the declared C/C++ type.
4. For an array, return the value as an array containing exactly the required number of elements.
5. For char arrays, each element must be exactly one character. Return the character itself without C single quotes.
6. Prefer small-magnitude values unless larger values are necessary to achieve the requested execution behavior.

Nondeterministic inputs:
- id: main:w:1, type: unsigned int

Previously generated assignment sets are listed below. Generate a materially different set and do not duplicate any of them.
Previous 1: main:w:1=1; 
Previous 2: main:w:1=0; 
Previous 3: main:w:1=42; 
Previous 4: main:w:1=32768; 
Previous 5: main:w:1=2; 
Previous 6: main:w:1=3; 
Previous 7: main:w:1=4; 
Previous 8: main:w:1=8; 
Previous 9: main:w:1=5; 
Previous 10: main:w:1=6; 
Previous 11: main:w:1=2147483648; 
Previous 12: main:w:1=2147483647; 
Previous 13: main:w:1=65535; 
Previous 14: main:w:1=4294967295; 
Previous 15: main:w:1=7; 
Previous 16: main:w:1=1234567890; 
Previous 17: main:w:1=6442450944; 
Previous 18: main:w:1=1000000000; 
Previous 19: main:w:1=123456; 
Previous 20: main:w:1=987654321; 
Previous 21: main:w:1=4294967294; 
Previous 22: main:w:1=4294967293; 
Previous 23: main:w:1=3221225472; 
Previous 24: main:w:1=1000000001; 
Previous 25: main:w:1=13; 
Previous 26: main:w:1=-2147483648; 
Previous 27: main:w:1=3000000000; 
Previous 28: main:w:1=9; 
Previous 29: main:w:1=1073741824; 
Previous 30: main:w:1=10; 
Previous 31: main:w:1=11; 
Previous 32: main:w:1=31337; 
Previous 33: main:w:1=12; 
Previous 34: main:w:1=123456789; 
Previous 35: main:w:1=2684354560; 
Previous 36: main:w:1=9223372036854775808; 

Program:
extern unsigned int __VERIFIER_nondet_uint(void);
/*
Commit Number: b00a4fa78779ff0f304fa6cb34d49622679c86d4
URL: https://github.com/anlaneg/elfutils/commit/b00a4fa78779ff0f304fa6cb34d49622679c86d4
Project Name: elfutils
License: GPL3
termination: POTENTIAL FALSE
*/
int ffs( unsigned int w )
{
    int i = 1;
    while( w % 2 == 0 )
    {
        i++;
        w = w / 2;
    }
    return i;
}
int main()
{
    unsigned int w = __VERIFIER_nondet_uint();

    while( w != 0 )
    {
        int n = ffs(w);
        w >>= n;
    }
    return 0;
}

"
59,NT,"main:w:1=4294967291
",,COMPLETED,T,false,,"You generate concrete values for nondeterministic inputs in a C/C++ program.
Your goal is to produce ONE complete assignment set that is likely to make the program not terminate.

Important rules:
1. Return a value for EVERY listed nondeterministic input ID.
2. Use each ID exactly once.
3. Respect the declared C/C++ type.
4. For an array, return the value as an array containing exactly the required number of elements.
5. For char arrays, each element must be exactly one character. Return the character itself without C single quotes.
6. Prefer small-magnitude values unless larger values are necessary to achieve the requested execution behavior.

Nondeterministic inputs:
- id: main:w:1, type: unsigned int

Previously generated assignment sets are listed below. Generate a materially different set and do not duplicate any of them.
Previous 1: main:w:1=1; 
Previous 2: main:w:1=0; 
Previous 3: main:w:1=42; 
Previous 4: main:w:1=32768; 
Previous 5: main:w:1=2; 
Previous 6: main:w:1=3; 
Previous 7: main:w:1=4; 
Previous 8: main:w:1=8; 
Previous 9: main:w:1=5; 
Previous 10: main:w:1=6; 
Previous 11: main:w:1=2147483648; 
Previous 12: main:w:1=2147483647; 
Previous 13: main:w:1=65535; 
Previous 14: main:w:1=4294967295; 
Previous 15: main:w:1=7; 
Previous 16: main:w:1=1234567890; 
Previous 17: main:w:1=6442450944; 
Previous 18: main:w:1=1000000000; 
Previous 19: main:w:1=123456; 
Previous 20: main:w:1=987654321; 
Previous 21: main:w:1=4294967294; 
Previous 22: main:w:1=4294967293; 
Previous 23: main:w:1=3221225472; 
Previous 24: main:w:1=1000000001; 
Previous 25: main:w:1=13; 
Previous 26: main:w:1=-2147483648; 
Previous 27: main:w:1=3000000000; 
Previous 28: main:w:1=9; 
Previous 29: main:w:1=1073741824; 
Previous 30: main:w:1=10; 
Previous 31: main:w:1=11; 
Previous 32: main:w:1=31337; 
Previous 33: main:w:1=12; 
Previous 34: main:w:1=123456789; 
Previous 35: main:w:1=2684354560; 
Previous 36: main:w:1=9223372036854775808; 
Previous 37: main:w:1=4294967292; 

Program:
extern unsigned int __VERIFIER_nondet_uint(void);
/*
Commit Number: b00a4fa78779ff0f304fa6cb34d49622679c86d4
URL: https://github.com/anlaneg/elfutils/commit/b00a4fa78779ff0f304fa6cb34d49622679c86d4
Project Name: elfutils
License: GPL3
termination: POTENTIAL FALSE
*/
int ffs( unsigned int w )
{
    int i = 1;
    while( w % 2 == 0 )
    {
        i++;
        w = w / 2;
    }
    return i;
}
int main()
{
    unsigned int w = __VERIFIER_nondet_uint();

    while( w != 0 )
    {
        int n = ffs(w);
        w >>= n;
    }
    return 0;
}

"
60,NT,"main:w:1=2147483648
",,DUPLICATE,,false,,"You generate concrete values for nondeterministic inputs in a C/C++ program.
Your goal is to produce ONE complete assignment set that is likely to make the program not terminate.

Important rules:
1. Return a value for EVERY listed nondeterministic input ID.
2. Use each ID exactly once.
3. Respect the declared C/C++ type.
4. For an array, return the value as an array containing exactly the required number of elements.
5. For char arrays, each element must be exactly one character. Return the character itself without C single quotes.
6. Prefer small-magnitude values unless larger values are necessary to achieve the requested execution behavior.

Nondeterministic inputs:
- id: main:w:1, type: unsigned int

Previously generated assignment sets are listed below. Generate a materially different set and do not duplicate any of them.
Previous 1: main:w:1=1; 
Previous 2: main:w:1=0; 
Previous 3: main:w:1=42; 
Previous 4: main:w:1=32768; 
Previous 5: main:w:1=2; 
Previous 6: main:w:1=3; 
Previous 7: main:w:1=4; 
Previous 8: main:w:1=8; 
Previous 9: main:w:1=5; 
Previous 10: main:w:1=6; 
Previous 11: main:w:1=2147483648; 
Previous 12: main:w:1=2147483647; 
Previous 13: main:w:1=65535; 
Previous 14: main:w:1=4294967295; 
Previous 15: main:w:1=7; 
Previous 16: main:w:1=1234567890; 
Previous 17: main:w:1=6442450944; 
Previous 18: main:w:1=1000000000; 
Previous 19: main:w:1=123456; 
Previous 20: main:w:1=987654321; 
Previous 21: main:w:1=4294967294; 
Previous 22: main:w:1=4294967293; 
Previous 23: main:w:1=3221225472; 
Previous 24: main:w:1=1000000001; 
Previous 25: main:w:1=13; 
Previous 26: main:w:1=-2147483648; 
Previous 27: main:w:1=3000000000; 
Previous 28: main:w:1=9; 
Previous 29: main:w:1=1073741824; 
Previous 30: main:w:1=10; 
Previous 31: main:w:1=11; 
Previous 32: main:w:1=31337; 
Previous 33: main:w:1=12; 
Previous 34: main:w:1=123456789; 
Previous 35: main:w:1=2684354560; 
Previous 36: main:w:1=9223372036854775808; 
Previous 37: main:w:1=4294967292; 
Previous 38: main:w:1=4294967291; 

Program:
extern unsigned int __VERIFIER_nondet_uint(void);
/*
Commit Number: b00a4fa78779ff0f304fa6cb34d49622679c86d4
URL: https://github.com/anlaneg/elfutils/commit/b00a4fa78779ff0f304fa6cb34d49622679c86d4
Project Name: elfutils
License: GPL3
termination: POTENTIAL FALSE
*/
int ffs( unsigned int w )
{
    int i = 1;
    while( w % 2 == 0 )
    {
        i++;
        w = w / 2;
    }
    return i;
}
int main()
{
    unsigned int w = __VERIFIER_nondet_uint();

    while( w != 0 )
    {
        int n = ffs(w);
        w >>= n;
    }
    return 0;
}

"
