Adding_Subtracting_Zero_1_NT,NT
Adding_Subtracting_Zero_1_NT_Loop17,NT
Adding_Subtracting_Zero_1_NT_TestCase1,T
Adding_Subtracting_Zero_1_NT_TestCase2,T
Adding_Subtracting_Zero_1_NT_TestCase3,T
Adding_Subtracting_Zero_1_NT_TestCase4,T
Adding_Subtracting_Zero_1_NT_TestCase5,T
Adding_Subtracting_Zero_1_NT_TestCase6,T
Adding_Subtracting_Zero_1_NT_TestCase7,T
Adding_Subtracting_Zero_1_NT_TestCase8,T
Adding_Subtracting_Zero_1_NT_TestCase9,T
Adding_Subtracting_Zero_1_NT_TestCase10,T
Adding_Subtracting_Zero_1_NT_TestCase11,NT
Adding_Subtracting_Zero_1_NT_TestCase12,NT
Adding_Subtracting_Zero_1_NT_TestCase13,NT
Adding_Subtracting_Zero_1_NT_TestCase14,NT
Adding_Subtracting_Zero_1_NT_TestCase15,NT
Adding_Subtracting_Zero_1_NT_TestCase16,NT
Adding_Subtracting_Zero_1_NT_TestCase17,NT
Adding_Subtracting_Zero_1_NT_TestCase18,NT
Adding_Subtracting_Zero_1_NT_TestCase19,NT
Adding_Subtracting_Zero_1_NT_TestCase20,NT
Adding_Subtracting_Zero_1_NT_Loop17_TestCase1,T
Adding_Subtracting_Zero_1_NT_Loop17_TestCase2,T
Adding_Subtracting_Zero_1_NT_Loop17_TestCase3,T
Adding_Subtracting_Zero_1_NT_Loop17_TestCase4,T
Adding_Subtracting_Zero_1_NT_Loop17_TestCase5,T
Adding_Subtracting_Zero_1_NT_Loop17_TestCase6,T
Adding_Subtracting_Zero_1_NT_Loop17_TestCase7,T
Adding_Subtracting_Zero_1_NT_Loop17_TestCase8,T
Adding_Subtracting_Zero_1_NT_Loop17_TestCase9,T
Adding_Subtracting_Zero_1_NT_Loop17_TestCase10,T
Adding_Subtracting_Zero_1_NT_Loop17_TestCase11,NT
Adding_Subtracting_Zero_1_NT_Loop17_TestCase12,NT
Adding_Subtracting_Zero_1_NT_Loop17_TestCase13,NT
Adding_Subtracting_Zero_1_NT_Loop17_TestCase14,NT
Adding_Subtracting_Zero_1_NT_Loop17_TestCase15,NT
Adding_Subtracting_Zero_1_NT_Loop17_TestCase16,NT
Adding_Subtracting_Zero_1_NT_Loop17_TestCase17,NT
Adding_Subtracting_Zero_1_NT_Loop17_TestCase18,NT
Adding_Subtracting_Zero_1_NT_Loop17_TestCase19,NT
Adding_Subtracting_Zero_1_NT_Loop17_TestCase20,NT
Adding_Subtracting_Zero_1_NT_TestCase1_Loop17,T
Adding_Subtracting_Zero_1_NT_TestCase2_Loop17,T
Adding_Subtracting_Zero_1_NT_TestCase3_Loop17,T
Adding_Subtracting_Zero_1_NT_TestCase4_Loop17,T
Adding_Subtracting_Zero_1_NT_TestCase5_Loop17,T
Adding_Subtracting_Zero_1_NT_TestCase6_Loop17,T
Adding_Subtracting_Zero_1_NT_TestCase7_Loop17,T
Adding_Subtracting_Zero_1_NT_TestCase8_Loop17,T
Adding_Subtracting_Zero_1_NT_TestCase9_Loop17,T
Adding_Subtracting_Zero_1_NT_TestCase10_Loop17,T
Adding_Subtracting_Zero_1_NT_TestCase11_Loop17,NT
Adding_Subtracting_Zero_1_NT_TestCase12_Loop17,NT
Adding_Subtracting_Zero_1_NT_TestCase13_Loop17,NT
Adding_Subtracting_Zero_1_NT_TestCase14_Loop17,NT
Adding_Subtracting_Zero_1_NT_TestCase15_Loop17,NT
Adding_Subtracting_Zero_1_NT_TestCase16_Loop17,NT
Adding_Subtracting_Zero_1_NT_TestCase17_Loop17,NT
Adding_Subtracting_Zero_1_NT_TestCase18_Loop17,NT
Adding_Subtracting_Zero_1_NT_TestCase19_Loop17,NT
Adding_Subtracting_Zero_1_NT_TestCase20_Loop17,NT
Adding_Subtracting_Zero_1_T,T
Adding_Subtracting_Zero_1_T_Loop17,T
Adding_Subtracting_Zero_1_T_TestCase1,T
Adding_Subtracting_Zero_1_T_TestCase2,T
Adding_Subtracting_Zero_1_T_TestCase3,T
Adding_Subtracting_Zero_1_T_TestCase4,T
Adding_Subtracting_Zero_1_T_TestCase5,T
Adding_Subtracting_Zero_1_T_TestCase6,T
Adding_Subtracting_Zero_1_T_TestCase7,T
Adding_Subtracting_Zero_1_T_TestCase8,T
Adding_Subtracting_Zero_1_T_TestCase9,T
Adding_Subtracting_Zero_1_T_TestCase10,T
Adding_Subtracting_Zero_1_T_TestCase11,T
Adding_Subtracting_Zero_1_T_TestCase12,T
Adding_Subtracting_Zero_1_T_TestCase13,T
Adding_Subtracting_Zero_1_T_TestCase14,T
Adding_Subtracting_Zero_1_T_TestCase15,T
Adding_Subtracting_Zero_1_T_TestCase16,T
Adding_Subtracting_Zero_1_T_TestCase17,T
Adding_Subtracting_Zero_1_T_TestCase18,T
Adding_Subtracting_Zero_1_T_TestCase19,T
Adding_Subtracting_Zero_1_T_TestCase20,T
Adding_Subtracting_Zero_1_T_Loop17_TestCase1,T
Adding_Subtracting_Zero_1_T_Loop17_TestCase2,T
Adding_Subtracting_Zero_1_T_Loop17_TestCase3,T
Adding_Subtracting_Zero_1_T_Loop17_TestCase4,T
Adding_Subtracting_Zero_1_T_Loop17_TestCase5,T
Adding_Subtracting_Zero_1_T_Loop17_TestCase6,T
Adding_Subtracting_Zero_1_T_Loop17_TestCase7,T
Adding_Subtracting_Zero_1_T_Loop17_TestCase8,T
Adding_Subtracting_Zero_1_T_Loop17_TestCase9,T
Adding_Subtracting_Zero_1_T_Loop17_TestCase10,T
Adding_Subtracting_Zero_1_T_Loop17_TestCase11,T
Adding_Subtracting_Zero_1_T_Loop17_TestCase12,T
Adding_Subtracting_Zero_1_T_Loop17_TestCase13,T
Adding_Subtracting_Zero_1_T_Loop17_TestCase14,T
Adding_Subtracting_Zero_1_T_Loop17_TestCase15,T
Adding_Subtracting_Zero_1_T_Loop17_TestCase16,T
Adding_Subtracting_Zero_1_T_Loop17_TestCase17,T
Adding_Subtracting_Zero_1_T_Loop17_TestCase18,T
Adding_Subtracting_Zero_1_T_Loop17_TestCase19,T
Adding_Subtracting_Zero_1_T_Loop17_TestCase20,T
Adding_Subtracting_Zero_1_T_TestCase1_Loop17,T
Adding_Subtracting_Zero_1_T_TestCase2_Loop17,T
Adding_Subtracting_Zero_1_T_TestCase3_Loop17,T
Adding_Subtracting_Zero_1_T_TestCase4_Loop17,T
Adding_Subtracting_Zero_1_T_TestCase5_Loop17,T
Adding_Subtracting_Zero_1_T_TestCase6_Loop17,T
Adding_Subtracting_Zero_1_T_TestCase7_Loop17,T
Adding_Subtracting_Zero_1_T_TestCase8_Loop17,T
Adding_Subtracting_Zero_1_T_TestCase9_Loop17,T
Adding_Subtracting_Zero_1_T_TestCase10_Loop17,T
Adding_Subtracting_Zero_1_T_TestCase11_Loop17,T
Adding_Subtracting_Zero_1_T_TestCase12_Loop17,T
Adding_Subtracting_Zero_1_T_TestCase13_Loop17,T
Adding_Subtracting_Zero_1_T_TestCase14_Loop17,T
Adding_Subtracting_Zero_1_T_TestCase15_Loop17,T
Adding_Subtracting_Zero_1_T_TestCase16_Loop17,T
Adding_Subtracting_Zero_1_T_TestCase17_Loop17,T
Adding_Subtracting_Zero_1_T_TestCase18_Loop17,T
Adding_Subtracting_Zero_1_T_TestCase19_Loop17,T
Adding_Subtracting_Zero_1_T_TestCase20_Loop17,T
Adding_Subtracting_Zero_2_NT,NT
Adding_Subtracting_Zero_2_NT_Loop34,NT
Adding_Subtracting_Zero_2_NT_TestCase1,T
Adding_Subtracting_Zero_2_NT_TestCase2,T
Adding_Subtracting_Zero_2_NT_TestCase3,T
Adding_Subtracting_Zero_2_NT_TestCase4,T
Adding_Subtracting_Zero_2_NT_TestCase5,T
Adding_Subtracting_Zero_2_NT_TestCase6,T
Adding_Subtracting_Zero_2_NT_TestCase7,T
Adding_Subtracting_Zero_2_NT_TestCase8,T
Adding_Subtracting_Zero_2_NT_TestCase9,T
Adding_Subtracting_Zero_2_NT_TestCase10,T
Adding_Subtracting_Zero_2_NT_TestCase11,NT
Adding_Subtracting_Zero_2_NT_TestCase12,NT
Adding_Subtracting_Zero_2_NT_TestCase13,NT
Adding_Subtracting_Zero_2_NT_TestCase14,NT
Adding_Subtracting_Zero_2_NT_TestCase15,NT
Adding_Subtracting_Zero_2_NT_TestCase16,NT
Adding_Subtracting_Zero_2_NT_TestCase17,NT
Adding_Subtracting_Zero_2_NT_TestCase18,NT
Adding_Subtracting_Zero_2_NT_TestCase19,NT
Adding_Subtracting_Zero_2_NT_TestCase20,NT
Adding_Subtracting_Zero_2_NT_Loop34_TestCase1,T
Adding_Subtracting_Zero_2_NT_Loop34_TestCase2,T
Adding_Subtracting_Zero_2_NT_Loop34_TestCase3,T
Adding_Subtracting_Zero_2_NT_Loop34_TestCase4,T
Adding_Subtracting_Zero_2_NT_Loop34_TestCase5,T
Adding_Subtracting_Zero_2_NT_Loop34_TestCase6,T
Adding_Subtracting_Zero_2_NT_Loop34_TestCase7,T
Adding_Subtracting_Zero_2_NT_Loop34_TestCase8,T
Adding_Subtracting_Zero_2_NT_Loop34_TestCase9,T
Adding_Subtracting_Zero_2_NT_Loop34_TestCase10,T
Adding_Subtracting_Zero_2_NT_Loop34_TestCase11,NT
Adding_Subtracting_Zero_2_NT_Loop34_TestCase12,NT
Adding_Subtracting_Zero_2_NT_Loop34_TestCase13,NT
Adding_Subtracting_Zero_2_NT_Loop34_TestCase14,NT
Adding_Subtracting_Zero_2_NT_Loop34_TestCase15,NT
Adding_Subtracting_Zero_2_NT_Loop34_TestCase16,NT
Adding_Subtracting_Zero_2_NT_Loop34_TestCase17,NT
Adding_Subtracting_Zero_2_NT_Loop34_TestCase18,NT
Adding_Subtracting_Zero_2_NT_Loop34_TestCase19,NT
Adding_Subtracting_Zero_2_NT_Loop34_TestCase20,NT
Adding_Subtracting_Zero_2_NT_TestCase1_Loop34,T
Adding_Subtracting_Zero_2_NT_TestCase2_Loop34,T
Adding_Subtracting_Zero_2_NT_TestCase3_Loop34,T
Adding_Subtracting_Zero_2_NT_TestCase4_Loop34,T
Adding_Subtracting_Zero_2_NT_TestCase5_Loop34,T
Adding_Subtracting_Zero_2_NT_TestCase6_Loop34,T
Adding_Subtracting_Zero_2_NT_TestCase7_Loop34,T
Adding_Subtracting_Zero_2_NT_TestCase8_Loop34,T
Adding_Subtracting_Zero_2_NT_TestCase9_Loop34,T
Adding_Subtracting_Zero_2_NT_TestCase10_Loop34,T
Adding_Subtracting_Zero_2_NT_TestCase11_Loop34,NT
Adding_Subtracting_Zero_2_NT_TestCase12_Loop34,NT
Adding_Subtracting_Zero_2_NT_TestCase13_Loop34,NT
Adding_Subtracting_Zero_2_NT_TestCase14_Loop34,NT
Adding_Subtracting_Zero_2_NT_TestCase15_Loop34,NT
Adding_Subtracting_Zero_2_NT_TestCase16_Loop34,NT
Adding_Subtracting_Zero_2_NT_TestCase17_Loop34,NT
Adding_Subtracting_Zero_2_NT_TestCase18_Loop34,NT
Adding_Subtracting_Zero_2_NT_TestCase19_Loop34,NT
Adding_Subtracting_Zero_2_NT_TestCase20_Loop34,NT
Adding_Subtracting_Zero_2_T,T
Adding_Subtracting_Zero_2_T_Loop35,T
Adding_Subtracting_Zero_2_T_TestCase1,T
Adding_Subtracting_Zero_2_T_TestCase2,T
Adding_Subtracting_Zero_2_T_TestCase3,T
Adding_Subtracting_Zero_2_T_TestCase4,T
Adding_Subtracting_Zero_2_T_TestCase5,T
Adding_Subtracting_Zero_2_T_TestCase6,T
Adding_Subtracting_Zero_2_T_TestCase7,T
Adding_Subtracting_Zero_2_T_TestCase8,T
Adding_Subtracting_Zero_2_T_TestCase9,T
Adding_Subtracting_Zero_2_T_TestCase10,T
Adding_Subtracting_Zero_2_T_TestCase11,T
Adding_Subtracting_Zero_2_T_TestCase12,T
Adding_Subtracting_Zero_2_T_TestCase13,T
Adding_Subtracting_Zero_2_T_TestCase14,T
Adding_Subtracting_Zero_2_T_TestCase15,T
Adding_Subtracting_Zero_2_T_TestCase16,T
Adding_Subtracting_Zero_2_T_TestCase17,T
Adding_Subtracting_Zero_2_T_TestCase18,T
Adding_Subtracting_Zero_2_T_TestCase19,T
Adding_Subtracting_Zero_2_T_TestCase20,T
Adding_Subtracting_Zero_2_T_Loop35_TestCase1,T
Adding_Subtracting_Zero_2_T_Loop35_TestCase2,T
Adding_Subtracting_Zero_2_T_Loop35_TestCase3,T
Adding_Subtracting_Zero_2_T_Loop35_TestCase4,T
Adding_Subtracting_Zero_2_T_Loop35_TestCase5,T
Adding_Subtracting_Zero_2_T_Loop35_TestCase6,T
Adding_Subtracting_Zero_2_T_Loop35_TestCase7,T
Adding_Subtracting_Zero_2_T_Loop35_TestCase8,T
Adding_Subtracting_Zero_2_T_Loop35_TestCase9,T
Adding_Subtracting_Zero_2_T_Loop35_TestCase10,T
Adding_Subtracting_Zero_2_T_Loop35_TestCase11,T
Adding_Subtracting_Zero_2_T_Loop35_TestCase12,T
Adding_Subtracting_Zero_2_T_Loop35_TestCase13,T
Adding_Subtracting_Zero_2_T_Loop35_TestCase14,T
Adding_Subtracting_Zero_2_T_Loop35_TestCase15,T
Adding_Subtracting_Zero_2_T_Loop35_TestCase16,T
Adding_Subtracting_Zero_2_T_Loop35_TestCase17,T
Adding_Subtracting_Zero_2_T_Loop35_TestCase18,T
Adding_Subtracting_Zero_2_T_Loop35_TestCase19,T
Adding_Subtracting_Zero_2_T_Loop35_TestCase20,T
Adding_Subtracting_Zero_2_T_TestCase1_Loop35,T
Adding_Subtracting_Zero_2_T_TestCase2_Loop35,T
Adding_Subtracting_Zero_2_T_TestCase3_Loop35,T
Adding_Subtracting_Zero_2_T_TestCase4_Loop35,T
Adding_Subtracting_Zero_2_T_TestCase5_Loop35,T
Adding_Subtracting_Zero_2_T_TestCase6_Loop35,T
Adding_Subtracting_Zero_2_T_TestCase7_Loop35,T
Adding_Subtracting_Zero_2_T_TestCase8_Loop35,T
Adding_Subtracting_Zero_2_T_TestCase9_Loop35,T
Adding_Subtracting_Zero_2_T_TestCase10_Loop35,T
Adding_Subtracting_Zero_2_T_TestCase11_Loop35,T
Adding_Subtracting_Zero_2_T_TestCase12_Loop35,T
Adding_Subtracting_Zero_2_T_TestCase13_Loop35,T
Adding_Subtracting_Zero_2_T_TestCase14_Loop35,T
Adding_Subtracting_Zero_2_T_TestCase15_Loop35,T
Adding_Subtracting_Zero_2_T_TestCase16_Loop35,T
Adding_Subtracting_Zero_2_T_TestCase17_Loop35,T
Adding_Subtracting_Zero_2_T_TestCase18_Loop35,T
Adding_Subtracting_Zero_2_T_TestCase19_Loop35,T
Adding_Subtracting_Zero_2_T_TestCase20_Loop35,T
Adding_Subtracting_Zero_3_NT,NT
Adding_Subtracting_Zero_3_NT_Loop40,NT
Adding_Subtracting_Zero_3_NT_Loop75,NT
Adding_Subtracting_Zero_3_NT_TestCase1,T
Adding_Subtracting_Zero_3_NT_TestCase2,T
Adding_Subtracting_Zero_3_NT_TestCase3,T
Adding_Subtracting_Zero_3_NT_TestCase4,T
Adding_Subtracting_Zero_3_NT_TestCase5,T
Adding_Subtracting_Zero_3_NT_TestCase6,T
Adding_Subtracting_Zero_3_NT_TestCase7,T
Adding_Subtracting_Zero_3_NT_TestCase8,T
Adding_Subtracting_Zero_3_NT_TestCase9,T
Adding_Subtracting_Zero_3_NT_TestCase10,T
Adding_Subtracting_Zero_3_NT_TestCase11,NT
Adding_Subtracting_Zero_3_NT_TestCase12,NT
Adding_Subtracting_Zero_3_NT_TestCase13,NT
Adding_Subtracting_Zero_3_NT_TestCase14,NT
Adding_Subtracting_Zero_3_NT_TestCase15,NT
Adding_Subtracting_Zero_3_NT_TestCase16,NT
Adding_Subtracting_Zero_3_NT_TestCase17,NT
Adding_Subtracting_Zero_3_NT_TestCase18,NT
Adding_Subtracting_Zero_3_NT_TestCase19,NT
Adding_Subtracting_Zero_3_NT_TestCase20,NT
Adding_Subtracting_Zero_3_NT_Loop40_TestCase1,T
Adding_Subtracting_Zero_3_NT_Loop40_TestCase2,T
Adding_Subtracting_Zero_3_NT_Loop40_TestCase3,T
Adding_Subtracting_Zero_3_NT_Loop40_TestCase4,T
Adding_Subtracting_Zero_3_NT_Loop40_TestCase5,T
Adding_Subtracting_Zero_3_NT_Loop40_TestCase6,T
Adding_Subtracting_Zero_3_NT_Loop40_TestCase7,T
Adding_Subtracting_Zero_3_NT_Loop40_TestCase8,T
Adding_Subtracting_Zero_3_NT_Loop40_TestCase9,T
Adding_Subtracting_Zero_3_NT_Loop40_TestCase10,T
Adding_Subtracting_Zero_3_NT_Loop40_TestCase11,NT
Adding_Subtracting_Zero_3_NT_Loop40_TestCase12,NT
Adding_Subtracting_Zero_3_NT_Loop40_TestCase13,NT
Adding_Subtracting_Zero_3_NT_Loop40_TestCase14,NT
Adding_Subtracting_Zero_3_NT_Loop40_TestCase15,NT
Adding_Subtracting_Zero_3_NT_Loop40_TestCase16,NT
Adding_Subtracting_Zero_3_NT_Loop40_TestCase17,NT
Adding_Subtracting_Zero_3_NT_Loop40_TestCase18,NT
Adding_Subtracting_Zero_3_NT_Loop40_TestCase19,NT
Adding_Subtracting_Zero_3_NT_Loop40_TestCase20,NT
Adding_Subtracting_Zero_3_NT_Loop75_TestCase1,T
Adding_Subtracting_Zero_3_NT_Loop75_TestCase2,T
Adding_Subtracting_Zero_3_NT_Loop75_TestCase3,T
Adding_Subtracting_Zero_3_NT_Loop75_TestCase4,T
Adding_Subtracting_Zero_3_NT_Loop75_TestCase5,T
Adding_Subtracting_Zero_3_NT_Loop75_TestCase6,T
Adding_Subtracting_Zero_3_NT_Loop75_TestCase7,T
Adding_Subtracting_Zero_3_NT_Loop75_TestCase8,T
Adding_Subtracting_Zero_3_NT_Loop75_TestCase9,T
Adding_Subtracting_Zero_3_NT_Loop75_TestCase10,T
Adding_Subtracting_Zero_3_NT_Loop75_TestCase11,NT
Adding_Subtracting_Zero_3_NT_Loop75_TestCase12,NT
Adding_Subtracting_Zero_3_NT_Loop75_TestCase13,NT
Adding_Subtracting_Zero_3_NT_Loop75_TestCase14,NT
Adding_Subtracting_Zero_3_NT_Loop75_TestCase15,NT
Adding_Subtracting_Zero_3_NT_Loop75_TestCase16,NT
Adding_Subtracting_Zero_3_NT_Loop75_TestCase17,NT
Adding_Subtracting_Zero_3_NT_Loop75_TestCase18,NT
Adding_Subtracting_Zero_3_NT_Loop75_TestCase19,NT
Adding_Subtracting_Zero_3_NT_Loop75_TestCase20,NT
Adding_Subtracting_Zero_3_NT_TestCase1_Loop40,T
Adding_Subtracting_Zero_3_NT_TestCase2_Loop40,T
Adding_Subtracting_Zero_3_NT_TestCase3_Loop40,T
Adding_Subtracting_Zero_3_NT_TestCase4_Loop40,T
Adding_Subtracting_Zero_3_NT_TestCase5_Loop40,T
Adding_Subtracting_Zero_3_NT_TestCase6_Loop40,T
Adding_Subtracting_Zero_3_NT_TestCase7_Loop40,T
Adding_Subtracting_Zero_3_NT_TestCase8_Loop40,T
Adding_Subtracting_Zero_3_NT_TestCase9_Loop40,T
Adding_Subtracting_Zero_3_NT_TestCase10_Loop40,T
Adding_Subtracting_Zero_3_NT_TestCase11_Loop40,NT
Adding_Subtracting_Zero_3_NT_TestCase12_Loop40,NT
Adding_Subtracting_Zero_3_NT_TestCase13_Loop40,NT
Adding_Subtracting_Zero_3_NT_TestCase14_Loop40,NT
Adding_Subtracting_Zero_3_NT_TestCase15_Loop40,NT
Adding_Subtracting_Zero_3_NT_TestCase16_Loop40,NT
Adding_Subtracting_Zero_3_NT_TestCase17_Loop40,NT
Adding_Subtracting_Zero_3_NT_TestCase18_Loop40,NT
Adding_Subtracting_Zero_3_NT_TestCase19_Loop40,NT
Adding_Subtracting_Zero_3_NT_TestCase20_Loop40,NT
Adding_Subtracting_Zero_3_NT_TestCase1_Loop75,T
Adding_Subtracting_Zero_3_NT_TestCase2_Loop75,T
Adding_Subtracting_Zero_3_NT_TestCase3_Loop75,T
Adding_Subtracting_Zero_3_NT_TestCase4_Loop75,T
Adding_Subtracting_Zero_3_NT_TestCase5_Loop75,T
Adding_Subtracting_Zero_3_NT_TestCase6_Loop75,T
Adding_Subtracting_Zero_3_NT_TestCase7_Loop75,T
Adding_Subtracting_Zero_3_NT_TestCase8_Loop75,T
Adding_Subtracting_Zero_3_NT_TestCase9_Loop75,T
Adding_Subtracting_Zero_3_NT_TestCase10_Loop75,T
Adding_Subtracting_Zero_3_NT_TestCase11_Loop75,NT
Adding_Subtracting_Zero_3_NT_TestCase12_Loop75,NT
Adding_Subtracting_Zero_3_NT_TestCase13_Loop75,NT
Adding_Subtracting_Zero_3_NT_TestCase14_Loop75,NT
Adding_Subtracting_Zero_3_NT_TestCase15_Loop75,NT
Adding_Subtracting_Zero_3_NT_TestCase16_Loop75,NT
Adding_Subtracting_Zero_3_NT_TestCase17_Loop75,NT
Adding_Subtracting_Zero_3_NT_TestCase18_Loop75,NT
Adding_Subtracting_Zero_3_NT_TestCase19_Loop75,NT
Adding_Subtracting_Zero_3_NT_TestCase20_Loop75,NT
Adding_Subtracting_Zero_3_T,T
Adding_Subtracting_Zero_3_T_Loop37,T
Adding_Subtracting_Zero_3_T_Loop72,T
Adding_Subtracting_Zero_3_T_TestCase1,T
Adding_Subtracting_Zero_3_T_TestCase2,T
Adding_Subtracting_Zero_3_T_TestCase3,T
Adding_Subtracting_Zero_3_T_TestCase4,T
Adding_Subtracting_Zero_3_T_TestCase5,T
Adding_Subtracting_Zero_3_T_TestCase6,T
Adding_Subtracting_Zero_3_T_TestCase7,T
Adding_Subtracting_Zero_3_T_TestCase8,T
Adding_Subtracting_Zero_3_T_TestCase9,T
Adding_Subtracting_Zero_3_T_TestCase10,T
Adding_Subtracting_Zero_3_T_TestCase11,T
Adding_Subtracting_Zero_3_T_TestCase12,T
Adding_Subtracting_Zero_3_T_TestCase13,T
Adding_Subtracting_Zero_3_T_TestCase14,T
Adding_Subtracting_Zero_3_T_TestCase15,T
Adding_Subtracting_Zero_3_T_TestCase16,T
Adding_Subtracting_Zero_3_T_TestCase17,T
Adding_Subtracting_Zero_3_T_TestCase18,T
Adding_Subtracting_Zero_3_T_TestCase19,T
Adding_Subtracting_Zero_3_T_TestCase20,T
Adding_Subtracting_Zero_3_T_Loop37_TestCase1,T
Adding_Subtracting_Zero_3_T_Loop37_TestCase2,T
Adding_Subtracting_Zero_3_T_Loop37_TestCase3,T
Adding_Subtracting_Zero_3_T_Loop37_TestCase4,T
Adding_Subtracting_Zero_3_T_Loop37_TestCase5,T
Adding_Subtracting_Zero_3_T_Loop37_TestCase6,T
Adding_Subtracting_Zero_3_T_Loop37_TestCase7,T
Adding_Subtracting_Zero_3_T_Loop37_TestCase8,T
Adding_Subtracting_Zero_3_T_Loop37_TestCase9,T
Adding_Subtracting_Zero_3_T_Loop37_TestCase10,T
Adding_Subtracting_Zero_3_T_Loop37_TestCase11,T
Adding_Subtracting_Zero_3_T_Loop37_TestCase12,T
Adding_Subtracting_Zero_3_T_Loop37_TestCase13,T
Adding_Subtracting_Zero_3_T_Loop37_TestCase14,T
Adding_Subtracting_Zero_3_T_Loop37_TestCase15,T
Adding_Subtracting_Zero_3_T_Loop37_TestCase16,T
Adding_Subtracting_Zero_3_T_Loop37_TestCase17,T
Adding_Subtracting_Zero_3_T_Loop37_TestCase18,T
Adding_Subtracting_Zero_3_T_Loop37_TestCase19,T
Adding_Subtracting_Zero_3_T_Loop37_TestCase20,T
Adding_Subtracting_Zero_3_T_Loop72_TestCase1,T
Adding_Subtracting_Zero_3_T_Loop72_TestCase2,T
Adding_Subtracting_Zero_3_T_Loop72_TestCase3,T
Adding_Subtracting_Zero_3_T_Loop72_TestCase4,T
Adding_Subtracting_Zero_3_T_Loop72_TestCase5,T
Adding_Subtracting_Zero_3_T_Loop72_TestCase6,T
Adding_Subtracting_Zero_3_T_Loop72_TestCase7,T
Adding_Subtracting_Zero_3_T_Loop72_TestCase8,T
Adding_Subtracting_Zero_3_T_Loop72_TestCase9,T
Adding_Subtracting_Zero_3_T_Loop72_TestCase10,T
Adding_Subtracting_Zero_3_T_Loop72_TestCase11,T
Adding_Subtracting_Zero_3_T_Loop72_TestCase12,T
Adding_Subtracting_Zero_3_T_Loop72_TestCase13,T
Adding_Subtracting_Zero_3_T_Loop72_TestCase14,T
Adding_Subtracting_Zero_3_T_Loop72_TestCase15,T
Adding_Subtracting_Zero_3_T_Loop72_TestCase16,T
Adding_Subtracting_Zero_3_T_Loop72_TestCase17,T
Adding_Subtracting_Zero_3_T_Loop72_TestCase18,T
Adding_Subtracting_Zero_3_T_Loop72_TestCase19,T
Adding_Subtracting_Zero_3_T_Loop72_TestCase20,T
Adding_Subtracting_Zero_3_T_TestCase1_Loop37,T
Adding_Subtracting_Zero_3_T_TestCase2_Loop37,T
Adding_Subtracting_Zero_3_T_TestCase3_Loop37,T
Adding_Subtracting_Zero_3_T_TestCase4_Loop37,T
Adding_Subtracting_Zero_3_T_TestCase5_Loop37,T
Adding_Subtracting_Zero_3_T_TestCase6_Loop37,T
Adding_Subtracting_Zero_3_T_TestCase7_Loop37,T
Adding_Subtracting_Zero_3_T_TestCase8_Loop37,T
Adding_Subtracting_Zero_3_T_TestCase9_Loop37,T
Adding_Subtracting_Zero_3_T_TestCase10_Loop37,T
Adding_Subtracting_Zero_3_T_TestCase11_Loop37,T
Adding_Subtracting_Zero_3_T_TestCase12_Loop37,T
Adding_Subtracting_Zero_3_T_TestCase13_Loop37,T
Adding_Subtracting_Zero_3_T_TestCase14_Loop37,T
Adding_Subtracting_Zero_3_T_TestCase15_Loop37,T
Adding_Subtracting_Zero_3_T_TestCase16_Loop37,T
Adding_Subtracting_Zero_3_T_TestCase17_Loop37,T
Adding_Subtracting_Zero_3_T_TestCase18_Loop37,T
Adding_Subtracting_Zero_3_T_TestCase19_Loop37,T
Adding_Subtracting_Zero_3_T_TestCase20_Loop37,T
Adding_Subtracting_Zero_3_T_TestCase1_Loop72,T
Adding_Subtracting_Zero_3_T_TestCase2_Loop72,T
Adding_Subtracting_Zero_3_T_TestCase3_Loop72,T
Adding_Subtracting_Zero_3_T_TestCase4_Loop72,T
Adding_Subtracting_Zero_3_T_TestCase5_Loop72,T
Adding_Subtracting_Zero_3_T_TestCase6_Loop72,T
Adding_Subtracting_Zero_3_T_TestCase7_Loop72,T
Adding_Subtracting_Zero_3_T_TestCase8_Loop72,T
Adding_Subtracting_Zero_3_T_TestCase9_Loop72,T
Adding_Subtracting_Zero_3_T_TestCase10_Loop72,T
Adding_Subtracting_Zero_3_T_TestCase11_Loop72,T
Adding_Subtracting_Zero_3_T_TestCase12_Loop72,T
Adding_Subtracting_Zero_3_T_TestCase13_Loop72,T
Adding_Subtracting_Zero_3_T_TestCase14_Loop72,T
Adding_Subtracting_Zero_3_T_TestCase15_Loop72,T
Adding_Subtracting_Zero_3_T_TestCase16_Loop72,T
Adding_Subtracting_Zero_3_T_TestCase17_Loop72,T
Adding_Subtracting_Zero_3_T_TestCase18_Loop72,T
Adding_Subtracting_Zero_3_T_TestCase19_Loop72,T
Adding_Subtracting_Zero_3_T_TestCase20_Loop72,T
Adding_Subtracting_Zero_4_NT,NT
Adding_Subtracting_Zero_4_NT_Loop16,NT
Adding_Subtracting_Zero_4_NT_Loop50,NT
Adding_Subtracting_Zero_4_NT_TestCase1,T
Adding_Subtracting_Zero_4_NT_TestCase2,T
Adding_Subtracting_Zero_4_NT_TestCase3,T
Adding_Subtracting_Zero_4_NT_TestCase4,T
Adding_Subtracting_Zero_4_NT_TestCase5,T
Adding_Subtracting_Zero_4_NT_TestCase6,T
Adding_Subtracting_Zero_4_NT_TestCase7,T
Adding_Subtracting_Zero_4_NT_TestCase8,T
Adding_Subtracting_Zero_4_NT_TestCase9,T
Adding_Subtracting_Zero_4_NT_TestCase10,T
Adding_Subtracting_Zero_4_NT_TestCase11,NT
Adding_Subtracting_Zero_4_NT_TestCase12,NT
Adding_Subtracting_Zero_4_NT_TestCase13,NT
Adding_Subtracting_Zero_4_NT_TestCase14,NT
Adding_Subtracting_Zero_4_NT_TestCase15,NT
Adding_Subtracting_Zero_4_NT_TestCase16,NT
Adding_Subtracting_Zero_4_NT_TestCase17,NT
Adding_Subtracting_Zero_4_NT_TestCase18,NT
Adding_Subtracting_Zero_4_NT_TestCase19,NT
Adding_Subtracting_Zero_4_NT_TestCase20,NT
Adding_Subtracting_Zero_4_NT_Loop16_TestCase1,T
Adding_Subtracting_Zero_4_NT_Loop16_TestCase2,T
Adding_Subtracting_Zero_4_NT_Loop16_TestCase3,T
Adding_Subtracting_Zero_4_NT_Loop16_TestCase4,T
Adding_Subtracting_Zero_4_NT_Loop16_TestCase5,T
Adding_Subtracting_Zero_4_NT_Loop16_TestCase6,T
Adding_Subtracting_Zero_4_NT_Loop16_TestCase7,T
Adding_Subtracting_Zero_4_NT_Loop16_TestCase8,T
Adding_Subtracting_Zero_4_NT_Loop16_TestCase9,T
Adding_Subtracting_Zero_4_NT_Loop16_TestCase10,T
Adding_Subtracting_Zero_4_NT_Loop16_TestCase11,NT
Adding_Subtracting_Zero_4_NT_Loop16_TestCase12,NT
Adding_Subtracting_Zero_4_NT_Loop16_TestCase13,NT
Adding_Subtracting_Zero_4_NT_Loop16_TestCase14,NT
Adding_Subtracting_Zero_4_NT_Loop16_TestCase15,NT
Adding_Subtracting_Zero_4_NT_Loop16_TestCase16,NT
Adding_Subtracting_Zero_4_NT_Loop16_TestCase17,NT
Adding_Subtracting_Zero_4_NT_Loop16_TestCase18,NT
Adding_Subtracting_Zero_4_NT_Loop16_TestCase19,NT
Adding_Subtracting_Zero_4_NT_Loop16_TestCase20,NT
Adding_Subtracting_Zero_4_NT_Loop50_TestCase1,T
Adding_Subtracting_Zero_4_NT_Loop50_TestCase2,T
Adding_Subtracting_Zero_4_NT_Loop50_TestCase3,T
Adding_Subtracting_Zero_4_NT_Loop50_TestCase4,T
Adding_Subtracting_Zero_4_NT_Loop50_TestCase5,T
Adding_Subtracting_Zero_4_NT_Loop50_TestCase6,T
Adding_Subtracting_Zero_4_NT_Loop50_TestCase7,T
Adding_Subtracting_Zero_4_NT_Loop50_TestCase8,T
Adding_Subtracting_Zero_4_NT_Loop50_TestCase9,T
Adding_Subtracting_Zero_4_NT_Loop50_TestCase10,T
Adding_Subtracting_Zero_4_NT_Loop50_TestCase11,NT
Adding_Subtracting_Zero_4_NT_Loop50_TestCase12,NT
Adding_Subtracting_Zero_4_NT_Loop50_TestCase13,NT
Adding_Subtracting_Zero_4_NT_Loop50_TestCase14,NT
Adding_Subtracting_Zero_4_NT_Loop50_TestCase15,NT
Adding_Subtracting_Zero_4_NT_Loop50_TestCase16,NT
Adding_Subtracting_Zero_4_NT_Loop50_TestCase17,NT
Adding_Subtracting_Zero_4_NT_Loop50_TestCase18,NT
Adding_Subtracting_Zero_4_NT_Loop50_TestCase19,NT
Adding_Subtracting_Zero_4_NT_Loop50_TestCase20,NT
Adding_Subtracting_Zero_4_NT_TestCase1_Loop16,T
Adding_Subtracting_Zero_4_NT_TestCase2_Loop16,T
Adding_Subtracting_Zero_4_NT_TestCase3_Loop16,T
Adding_Subtracting_Zero_4_NT_TestCase4_Loop16,T
Adding_Subtracting_Zero_4_NT_TestCase5_Loop16,T
Adding_Subtracting_Zero_4_NT_TestCase6_Loop16,T
Adding_Subtracting_Zero_4_NT_TestCase7_Loop16,T
Adding_Subtracting_Zero_4_NT_TestCase8_Loop16,T
Adding_Subtracting_Zero_4_NT_TestCase9_Loop16,T
Adding_Subtracting_Zero_4_NT_TestCase10_Loop16,T
Adding_Subtracting_Zero_4_NT_TestCase11_Loop16,NT
Adding_Subtracting_Zero_4_NT_TestCase12_Loop16,NT
Adding_Subtracting_Zero_4_NT_TestCase13_Loop16,NT
Adding_Subtracting_Zero_4_NT_TestCase14_Loop16,NT
Adding_Subtracting_Zero_4_NT_TestCase15_Loop16,NT
Adding_Subtracting_Zero_4_NT_TestCase16_Loop16,NT
Adding_Subtracting_Zero_4_NT_TestCase17_Loop16,NT
Adding_Subtracting_Zero_4_NT_TestCase18_Loop16,NT
Adding_Subtracting_Zero_4_NT_TestCase19_Loop16,NT
Adding_Subtracting_Zero_4_NT_TestCase20_Loop16,NT
Adding_Subtracting_Zero_4_NT_TestCase1_Loop50,T
Adding_Subtracting_Zero_4_NT_TestCase2_Loop50,T
Adding_Subtracting_Zero_4_NT_TestCase3_Loop50,T
Adding_Subtracting_Zero_4_NT_TestCase4_Loop50,T
Adding_Subtracting_Zero_4_NT_TestCase5_Loop50,T
Adding_Subtracting_Zero_4_NT_TestCase6_Loop50,T
Adding_Subtracting_Zero_4_NT_TestCase7_Loop50,T
Adding_Subtracting_Zero_4_NT_TestCase8_Loop50,T
Adding_Subtracting_Zero_4_NT_TestCase9_Loop50,T
Adding_Subtracting_Zero_4_NT_TestCase10_Loop50,T
Adding_Subtracting_Zero_4_NT_TestCase11_Loop50,NT
Adding_Subtracting_Zero_4_NT_TestCase12_Loop50,NT
Adding_Subtracting_Zero_4_NT_TestCase13_Loop50,NT
Adding_Subtracting_Zero_4_NT_TestCase14_Loop50,NT
Adding_Subtracting_Zero_4_NT_TestCase15_Loop50,NT
Adding_Subtracting_Zero_4_NT_TestCase16_Loop50,NT
Adding_Subtracting_Zero_4_NT_TestCase17_Loop50,NT
Adding_Subtracting_Zero_4_NT_TestCase18_Loop50,NT
Adding_Subtracting_Zero_4_NT_TestCase19_Loop50,NT
Adding_Subtracting_Zero_4_NT_TestCase20_Loop50,NT
Adding_Subtracting_Zero_4_T,T
Adding_Subtracting_Zero_4_T_Loop16,T
Adding_Subtracting_Zero_4_T_Loop51,T
Adding_Subtracting_Zero_4_T_TestCase1,T
Adding_Subtracting_Zero_4_T_TestCase2,T
Adding_Subtracting_Zero_4_T_TestCase3,T
Adding_Subtracting_Zero_4_T_TestCase4,T
Adding_Subtracting_Zero_4_T_TestCase5,T
Adding_Subtracting_Zero_4_T_TestCase6,T
Adding_Subtracting_Zero_4_T_TestCase7,T
Adding_Subtracting_Zero_4_T_TestCase8,T
Adding_Subtracting_Zero_4_T_TestCase9,T
Adding_Subtracting_Zero_4_T_TestCase10,T
Adding_Subtracting_Zero_4_T_TestCase11,T
Adding_Subtracting_Zero_4_T_TestCase12,T
Adding_Subtracting_Zero_4_T_TestCase13,T
Adding_Subtracting_Zero_4_T_TestCase14,T
Adding_Subtracting_Zero_4_T_TestCase15,T
Adding_Subtracting_Zero_4_T_TestCase16,T
Adding_Subtracting_Zero_4_T_TestCase17,T
Adding_Subtracting_Zero_4_T_TestCase18,T
Adding_Subtracting_Zero_4_T_TestCase19,T
Adding_Subtracting_Zero_4_T_TestCase20,T
Adding_Subtracting_Zero_4_T_Loop16_TestCase1,T
Adding_Subtracting_Zero_4_T_Loop16_TestCase2,T
Adding_Subtracting_Zero_4_T_Loop16_TestCase3,T
Adding_Subtracting_Zero_4_T_Loop16_TestCase4,T
Adding_Subtracting_Zero_4_T_Loop16_TestCase5,T
Adding_Subtracting_Zero_4_T_Loop16_TestCase6,T
Adding_Subtracting_Zero_4_T_Loop16_TestCase7,T
Adding_Subtracting_Zero_4_T_Loop16_TestCase8,T
Adding_Subtracting_Zero_4_T_Loop16_TestCase9,T
Adding_Subtracting_Zero_4_T_Loop16_TestCase10,T
Adding_Subtracting_Zero_4_T_Loop16_TestCase11,T
Adding_Subtracting_Zero_4_T_Loop16_TestCase12,T
Adding_Subtracting_Zero_4_T_Loop16_TestCase13,T
Adding_Subtracting_Zero_4_T_Loop16_TestCase14,T
Adding_Subtracting_Zero_4_T_Loop16_TestCase15,T
Adding_Subtracting_Zero_4_T_Loop16_TestCase16,T
Adding_Subtracting_Zero_4_T_Loop16_TestCase17,T
Adding_Subtracting_Zero_4_T_Loop16_TestCase18,T
Adding_Subtracting_Zero_4_T_Loop16_TestCase19,T
Adding_Subtracting_Zero_4_T_Loop16_TestCase20,T
Adding_Subtracting_Zero_4_T_Loop51_TestCase1,T
Adding_Subtracting_Zero_4_T_Loop51_TestCase2,T
Adding_Subtracting_Zero_4_T_Loop51_TestCase3,T
Adding_Subtracting_Zero_4_T_Loop51_TestCase4,T
Adding_Subtracting_Zero_4_T_Loop51_TestCase5,T
Adding_Subtracting_Zero_4_T_Loop51_TestCase6,T
Adding_Subtracting_Zero_4_T_Loop51_TestCase7,T
Adding_Subtracting_Zero_4_T_Loop51_TestCase8,T
Adding_Subtracting_Zero_4_T_Loop51_TestCase9,T
Adding_Subtracting_Zero_4_T_Loop51_TestCase10,T
Adding_Subtracting_Zero_4_T_Loop51_TestCase11,T
Adding_Subtracting_Zero_4_T_Loop51_TestCase12,T
Adding_Subtracting_Zero_4_T_Loop51_TestCase13,T
Adding_Subtracting_Zero_4_T_Loop51_TestCase14,T
Adding_Subtracting_Zero_4_T_Loop51_TestCase15,T
Adding_Subtracting_Zero_4_T_Loop51_TestCase16,T
Adding_Subtracting_Zero_4_T_Loop51_TestCase17,T
Adding_Subtracting_Zero_4_T_Loop51_TestCase18,T
Adding_Subtracting_Zero_4_T_Loop51_TestCase19,T
Adding_Subtracting_Zero_4_T_Loop51_TestCase20,T
Adding_Subtracting_Zero_4_T_TestCase1_Loop16,T
Adding_Subtracting_Zero_4_T_TestCase2_Loop16,T
Adding_Subtracting_Zero_4_T_TestCase3_Loop16,T
Adding_Subtracting_Zero_4_T_TestCase4_Loop16,T
Adding_Subtracting_Zero_4_T_TestCase5_Loop16,T
Adding_Subtracting_Zero_4_T_TestCase6_Loop16,T
Adding_Subtracting_Zero_4_T_TestCase7_Loop16,T
Adding_Subtracting_Zero_4_T_TestCase8_Loop16,T
Adding_Subtracting_Zero_4_T_TestCase9_Loop16,T
Adding_Subtracting_Zero_4_T_TestCase10_Loop16,T
Adding_Subtracting_Zero_4_T_TestCase11_Loop16,T
Adding_Subtracting_Zero_4_T_TestCase12_Loop16,T
Adding_Subtracting_Zero_4_T_TestCase13_Loop16,T
Adding_Subtracting_Zero_4_T_TestCase14_Loop16,T
Adding_Subtracting_Zero_4_T_TestCase15_Loop16,T
Adding_Subtracting_Zero_4_T_TestCase16_Loop16,T
Adding_Subtracting_Zero_4_T_TestCase17_Loop16,T
Adding_Subtracting_Zero_4_T_TestCase18_Loop16,T
Adding_Subtracting_Zero_4_T_TestCase19_Loop16,T
Adding_Subtracting_Zero_4_T_TestCase20_Loop16,T
Adding_Subtracting_Zero_4_T_TestCase1_Loop51,T
Adding_Subtracting_Zero_4_T_TestCase2_Loop51,T
Adding_Subtracting_Zero_4_T_TestCase3_Loop51,T
Adding_Subtracting_Zero_4_T_TestCase4_Loop51,T
Adding_Subtracting_Zero_4_T_TestCase5_Loop51,T
Adding_Subtracting_Zero_4_T_TestCase6_Loop51,T
Adding_Subtracting_Zero_4_T_TestCase7_Loop51,T
Adding_Subtracting_Zero_4_T_TestCase8_Loop51,T
Adding_Subtracting_Zero_4_T_TestCase9_Loop51,T
Adding_Subtracting_Zero_4_T_TestCase10_Loop51,T
Adding_Subtracting_Zero_4_T_TestCase11_Loop51,T
Adding_Subtracting_Zero_4_T_TestCase12_Loop51,T
Adding_Subtracting_Zero_4_T_TestCase13_Loop51,T
Adding_Subtracting_Zero_4_T_TestCase14_Loop51,T
Adding_Subtracting_Zero_4_T_TestCase15_Loop51,T
Adding_Subtracting_Zero_4_T_TestCase16_Loop51,T
Adding_Subtracting_Zero_4_T_TestCase17_Loop51,T
Adding_Subtracting_Zero_4_T_TestCase18_Loop51,T
Adding_Subtracting_Zero_4_T_TestCase19_Loop51,T
Adding_Subtracting_Zero_4_T_TestCase20_Loop51,T
Adding_Subtracting_Zero_5_NT,NT
Adding_Subtracting_Zero_5_NT_Loop21,T
Adding_Subtracting_Zero_5_NT_Loop38,NT
Adding_Subtracting_Zero_5_NT_TestCase1,T
Adding_Subtracting_Zero_5_NT_TestCase2,T
Adding_Subtracting_Zero_5_NT_TestCase3,T
Adding_Subtracting_Zero_5_NT_TestCase4,T
Adding_Subtracting_Zero_5_NT_TestCase5,T
Adding_Subtracting_Zero_5_NT_TestCase6,T
Adding_Subtracting_Zero_5_NT_TestCase7,T
Adding_Subtracting_Zero_5_NT_TestCase8,T
Adding_Subtracting_Zero_5_NT_TestCase9,T
Adding_Subtracting_Zero_5_NT_TestCase10,T
Adding_Subtracting_Zero_5_NT_TestCase11,NT
Adding_Subtracting_Zero_5_NT_TestCase12,NT
Adding_Subtracting_Zero_5_NT_TestCase13,NT
Adding_Subtracting_Zero_5_NT_TestCase14,NT
Adding_Subtracting_Zero_5_NT_TestCase15,NT
Adding_Subtracting_Zero_5_NT_TestCase16,NT
Adding_Subtracting_Zero_5_NT_TestCase17,NT
Adding_Subtracting_Zero_5_NT_TestCase18,NT
Adding_Subtracting_Zero_5_NT_TestCase19,NT
Adding_Subtracting_Zero_5_NT_TestCase20,NT
Adding_Subtracting_Zero_5_NT_Loop21_TestCase1,T
Adding_Subtracting_Zero_5_NT_Loop21_TestCase2,T
Adding_Subtracting_Zero_5_NT_Loop21_TestCase3,T
Adding_Subtracting_Zero_5_NT_Loop21_TestCase4,T
Adding_Subtracting_Zero_5_NT_Loop21_TestCase5,T
Adding_Subtracting_Zero_5_NT_Loop21_TestCase6,T
Adding_Subtracting_Zero_5_NT_Loop21_TestCase7,T
Adding_Subtracting_Zero_5_NT_Loop21_TestCase8,T
Adding_Subtracting_Zero_5_NT_Loop21_TestCase9,T
Adding_Subtracting_Zero_5_NT_Loop21_TestCase10,T
Adding_Subtracting_Zero_5_NT_Loop21_TestCase11,T
Adding_Subtracting_Zero_5_NT_Loop21_TestCase12,T
Adding_Subtracting_Zero_5_NT_Loop21_TestCase13,T
Adding_Subtracting_Zero_5_NT_Loop21_TestCase14,T
Adding_Subtracting_Zero_5_NT_Loop21_TestCase15,T
Adding_Subtracting_Zero_5_NT_Loop21_TestCase16,T
Adding_Subtracting_Zero_5_NT_Loop21_TestCase17,T
Adding_Subtracting_Zero_5_NT_Loop21_TestCase18,T
Adding_Subtracting_Zero_5_NT_Loop21_TestCase19,T
Adding_Subtracting_Zero_5_NT_Loop21_TestCase20,T
Adding_Subtracting_Zero_5_NT_Loop38_TestCase1,T
Adding_Subtracting_Zero_5_NT_Loop38_TestCase2,T
Adding_Subtracting_Zero_5_NT_Loop38_TestCase3,T
Adding_Subtracting_Zero_5_NT_Loop38_TestCase4,T
Adding_Subtracting_Zero_5_NT_Loop38_TestCase5,T
Adding_Subtracting_Zero_5_NT_Loop38_TestCase6,T
Adding_Subtracting_Zero_5_NT_Loop38_TestCase7,T
Adding_Subtracting_Zero_5_NT_Loop38_TestCase8,T
Adding_Subtracting_Zero_5_NT_Loop38_TestCase9,T
Adding_Subtracting_Zero_5_NT_Loop38_TestCase10,T
Adding_Subtracting_Zero_5_NT_Loop38_TestCase11,NT
Adding_Subtracting_Zero_5_NT_Loop38_TestCase12,NT
Adding_Subtracting_Zero_5_NT_Loop38_TestCase13,NT
Adding_Subtracting_Zero_5_NT_Loop38_TestCase14,NT
Adding_Subtracting_Zero_5_NT_Loop38_TestCase15,NT
Adding_Subtracting_Zero_5_NT_Loop38_TestCase16,NT
Adding_Subtracting_Zero_5_NT_Loop38_TestCase17,NT
Adding_Subtracting_Zero_5_NT_Loop38_TestCase18,NT
Adding_Subtracting_Zero_5_NT_Loop38_TestCase19,NT
Adding_Subtracting_Zero_5_NT_Loop38_TestCase20,NT
Adding_Subtracting_Zero_5_NT_TestCase1_Loop21,T
Adding_Subtracting_Zero_5_NT_TestCase2_Loop21,T
Adding_Subtracting_Zero_5_NT_TestCase3_Loop21,T
Adding_Subtracting_Zero_5_NT_TestCase4_Loop21,T
Adding_Subtracting_Zero_5_NT_TestCase5_Loop21,T
Adding_Subtracting_Zero_5_NT_TestCase6_Loop21,T
Adding_Subtracting_Zero_5_NT_TestCase7_Loop21,T
Adding_Subtracting_Zero_5_NT_TestCase8_Loop21,T
Adding_Subtracting_Zero_5_NT_TestCase9_Loop21,T
Adding_Subtracting_Zero_5_NT_TestCase10_Loop21,T
Adding_Subtracting_Zero_5_NT_TestCase11_Loop21,T
Adding_Subtracting_Zero_5_NT_TestCase12_Loop21,T
Adding_Subtracting_Zero_5_NT_TestCase13_Loop21,T
Adding_Subtracting_Zero_5_NT_TestCase14_Loop21,T
Adding_Subtracting_Zero_5_NT_TestCase15_Loop21,T
Adding_Subtracting_Zero_5_NT_TestCase16_Loop21,T
Adding_Subtracting_Zero_5_NT_TestCase17_Loop21,T
Adding_Subtracting_Zero_5_NT_TestCase18_Loop21,T
Adding_Subtracting_Zero_5_NT_TestCase19_Loop21,T
Adding_Subtracting_Zero_5_NT_TestCase20_Loop21,T
Adding_Subtracting_Zero_5_NT_TestCase1_Loop38,T
Adding_Subtracting_Zero_5_NT_TestCase2_Loop38,T
Adding_Subtracting_Zero_5_NT_TestCase3_Loop38,T
Adding_Subtracting_Zero_5_NT_TestCase4_Loop38,T
Adding_Subtracting_Zero_5_NT_TestCase5_Loop38,T
Adding_Subtracting_Zero_5_NT_TestCase6_Loop38,T
Adding_Subtracting_Zero_5_NT_TestCase7_Loop38,T
Adding_Subtracting_Zero_5_NT_TestCase8_Loop38,T
Adding_Subtracting_Zero_5_NT_TestCase9_Loop38,T
Adding_Subtracting_Zero_5_NT_TestCase10_Loop38,T
Adding_Subtracting_Zero_5_NT_TestCase11_Loop38,NT
Adding_Subtracting_Zero_5_NT_TestCase12_Loop38,NT
Adding_Subtracting_Zero_5_NT_TestCase13_Loop38,NT
Adding_Subtracting_Zero_5_NT_TestCase14_Loop38,NT
Adding_Subtracting_Zero_5_NT_TestCase15_Loop38,NT
Adding_Subtracting_Zero_5_NT_TestCase16_Loop38,NT
Adding_Subtracting_Zero_5_NT_TestCase17_Loop38,NT
Adding_Subtracting_Zero_5_NT_TestCase18_Loop38,NT
Adding_Subtracting_Zero_5_NT_TestCase19_Loop38,NT
Adding_Subtracting_Zero_5_NT_TestCase20_Loop38,NT
Adding_Subtracting_Zero_5_T,T
Adding_Subtracting_Zero_5_T_Loop21,T
Adding_Subtracting_Zero_5_T_Loop38,T
Adding_Subtracting_Zero_5_T_TestCase1,T
Adding_Subtracting_Zero_5_T_TestCase2,T
Adding_Subtracting_Zero_5_T_TestCase3,T
Adding_Subtracting_Zero_5_T_TestCase4,T
Adding_Subtracting_Zero_5_T_TestCase5,T
Adding_Subtracting_Zero_5_T_TestCase6,T
Adding_Subtracting_Zero_5_T_TestCase7,T
Adding_Subtracting_Zero_5_T_TestCase8,T
Adding_Subtracting_Zero_5_T_TestCase9,T
Adding_Subtracting_Zero_5_T_TestCase10,T
Adding_Subtracting_Zero_5_T_TestCase11,T
Adding_Subtracting_Zero_5_T_TestCase12,T
Adding_Subtracting_Zero_5_T_TestCase13,T
Adding_Subtracting_Zero_5_T_TestCase14,T
Adding_Subtracting_Zero_5_T_TestCase15,T
Adding_Subtracting_Zero_5_T_TestCase16,T
Adding_Subtracting_Zero_5_T_TestCase17,T
Adding_Subtracting_Zero_5_T_TestCase18,T
Adding_Subtracting_Zero_5_T_TestCase19,T
Adding_Subtracting_Zero_5_T_TestCase20,T
Adding_Subtracting_Zero_5_T_Loop21_TestCase1,T
Adding_Subtracting_Zero_5_T_Loop21_TestCase2,T
Adding_Subtracting_Zero_5_T_Loop21_TestCase3,T
Adding_Subtracting_Zero_5_T_Loop21_TestCase4,T
Adding_Subtracting_Zero_5_T_Loop21_TestCase5,T
Adding_Subtracting_Zero_5_T_Loop21_TestCase6,T
Adding_Subtracting_Zero_5_T_Loop21_TestCase7,T
Adding_Subtracting_Zero_5_T_Loop21_TestCase8,T
Adding_Subtracting_Zero_5_T_Loop21_TestCase9,T
Adding_Subtracting_Zero_5_T_Loop21_TestCase10,T
Adding_Subtracting_Zero_5_T_Loop21_TestCase11,T
Adding_Subtracting_Zero_5_T_Loop21_TestCase12,T
Adding_Subtracting_Zero_5_T_Loop21_TestCase13,T
Adding_Subtracting_Zero_5_T_Loop21_TestCase14,T
Adding_Subtracting_Zero_5_T_Loop21_TestCase15,T
Adding_Subtracting_Zero_5_T_Loop21_TestCase16,T
Adding_Subtracting_Zero_5_T_Loop21_TestCase17,T
Adding_Subtracting_Zero_5_T_Loop21_TestCase18,T
Adding_Subtracting_Zero_5_T_Loop21_TestCase19,T
Adding_Subtracting_Zero_5_T_Loop21_TestCase20,T
Adding_Subtracting_Zero_5_T_Loop38_TestCase1,T
Adding_Subtracting_Zero_5_T_Loop38_TestCase2,T
Adding_Subtracting_Zero_5_T_Loop38_TestCase3,T
Adding_Subtracting_Zero_5_T_Loop38_TestCase4,T
Adding_Subtracting_Zero_5_T_Loop38_TestCase5,T
Adding_Subtracting_Zero_5_T_Loop38_TestCase6,T
Adding_Subtracting_Zero_5_T_Loop38_TestCase7,T
Adding_Subtracting_Zero_5_T_Loop38_TestCase8,T
Adding_Subtracting_Zero_5_T_Loop38_TestCase9,T
Adding_Subtracting_Zero_5_T_Loop38_TestCase10,T
Adding_Subtracting_Zero_5_T_Loop38_TestCase11,T
Adding_Subtracting_Zero_5_T_Loop38_TestCase12,T
Adding_Subtracting_Zero_5_T_Loop38_TestCase13,T
Adding_Subtracting_Zero_5_T_Loop38_TestCase14,T
Adding_Subtracting_Zero_5_T_Loop38_TestCase15,T
Adding_Subtracting_Zero_5_T_Loop38_TestCase16,T
Adding_Subtracting_Zero_5_T_Loop38_TestCase17,T
Adding_Subtracting_Zero_5_T_Loop38_TestCase18,T
Adding_Subtracting_Zero_5_T_Loop38_TestCase19,T
Adding_Subtracting_Zero_5_T_Loop38_TestCase20,T
Adding_Subtracting_Zero_5_T_TestCase1_Loop21,T
Adding_Subtracting_Zero_5_T_TestCase2_Loop21,T
Adding_Subtracting_Zero_5_T_TestCase3_Loop21,T
Adding_Subtracting_Zero_5_T_TestCase4_Loop21,T
Adding_Subtracting_Zero_5_T_TestCase5_Loop21,T
Adding_Subtracting_Zero_5_T_TestCase6_Loop21,T
Adding_Subtracting_Zero_5_T_TestCase7_Loop21,T
Adding_Subtracting_Zero_5_T_TestCase8_Loop21,T
Adding_Subtracting_Zero_5_T_TestCase9_Loop21,T
Adding_Subtracting_Zero_5_T_TestCase10_Loop21,T
Adding_Subtracting_Zero_5_T_TestCase11_Loop21,T
Adding_Subtracting_Zero_5_T_TestCase12_Loop21,T
Adding_Subtracting_Zero_5_T_TestCase13_Loop21,T
Adding_Subtracting_Zero_5_T_TestCase14_Loop21,T
Adding_Subtracting_Zero_5_T_TestCase15_Loop21,T
Adding_Subtracting_Zero_5_T_TestCase16_Loop21,T
Adding_Subtracting_Zero_5_T_TestCase17_Loop21,T
Adding_Subtracting_Zero_5_T_TestCase18_Loop21,T
Adding_Subtracting_Zero_5_T_TestCase19_Loop21,T
Adding_Subtracting_Zero_5_T_TestCase20_Loop21,T
Adding_Subtracting_Zero_5_T_TestCase1_Loop38,T
Adding_Subtracting_Zero_5_T_TestCase2_Loop38,T
Adding_Subtracting_Zero_5_T_TestCase3_Loop38,T
Adding_Subtracting_Zero_5_T_TestCase4_Loop38,T
Adding_Subtracting_Zero_5_T_TestCase5_Loop38,T
Adding_Subtracting_Zero_5_T_TestCase6_Loop38,T
Adding_Subtracting_Zero_5_T_TestCase7_Loop38,T
Adding_Subtracting_Zero_5_T_TestCase8_Loop38,T
Adding_Subtracting_Zero_5_T_TestCase9_Loop38,T
Adding_Subtracting_Zero_5_T_TestCase10_Loop38,T
Adding_Subtracting_Zero_5_T_TestCase11_Loop38,T
Adding_Subtracting_Zero_5_T_TestCase12_Loop38,T
Adding_Subtracting_Zero_5_T_TestCase13_Loop38,T
Adding_Subtracting_Zero_5_T_TestCase14_Loop38,T
Adding_Subtracting_Zero_5_T_TestCase15_Loop38,T
Adding_Subtracting_Zero_5_T_TestCase16_Loop38,T
Adding_Subtracting_Zero_5_T_TestCase17_Loop38,T
Adding_Subtracting_Zero_5_T_TestCase18_Loop38,T
Adding_Subtracting_Zero_5_T_TestCase19_Loop38,T
Adding_Subtracting_Zero_5_T_TestCase20_Loop38,T
Incorrect_Bit_Calculation_1_NT,NT
Incorrect_Bit_Calculation_1_NT_Loop15,NT
Incorrect_Bit_Calculation_1_NT_TestCase1,T
Incorrect_Bit_Calculation_1_NT_TestCase2,T
Incorrect_Bit_Calculation_1_NT_TestCase3,T
Incorrect_Bit_Calculation_1_NT_TestCase4,T
Incorrect_Bit_Calculation_1_NT_TestCase5,T
Incorrect_Bit_Calculation_1_NT_TestCase6,T
Incorrect_Bit_Calculation_1_NT_TestCase7,T
Incorrect_Bit_Calculation_1_NT_TestCase8,T
Incorrect_Bit_Calculation_1_NT_TestCase9,T
Incorrect_Bit_Calculation_1_NT_TestCase10,T
Incorrect_Bit_Calculation_1_NT_TestCase11,NT
Incorrect_Bit_Calculation_1_NT_TestCase12,NT
Incorrect_Bit_Calculation_1_NT_TestCase13,NT
Incorrect_Bit_Calculation_1_NT_TestCase14,NT
Incorrect_Bit_Calculation_1_NT_TestCase15,NT
Incorrect_Bit_Calculation_1_NT_TestCase16,NT
Incorrect_Bit_Calculation_1_NT_TestCase17,NT
Incorrect_Bit_Calculation_1_NT_TestCase18,NT
Incorrect_Bit_Calculation_1_NT_TestCase19,NT
Incorrect_Bit_Calculation_1_NT_TestCase20,NT
Incorrect_Bit_Calculation_1_NT_Loop15_TestCase1,T
Incorrect_Bit_Calculation_1_NT_Loop15_TestCase2,T
Incorrect_Bit_Calculation_1_NT_Loop15_TestCase3,T
Incorrect_Bit_Calculation_1_NT_Loop15_TestCase4,T
Incorrect_Bit_Calculation_1_NT_Loop15_TestCase5,T
Incorrect_Bit_Calculation_1_NT_Loop15_TestCase6,T
Incorrect_Bit_Calculation_1_NT_Loop15_TestCase7,T
Incorrect_Bit_Calculation_1_NT_Loop15_TestCase8,T
Incorrect_Bit_Calculation_1_NT_Loop15_TestCase9,T
Incorrect_Bit_Calculation_1_NT_Loop15_TestCase10,T
Incorrect_Bit_Calculation_1_NT_Loop15_TestCase11,NT
Incorrect_Bit_Calculation_1_NT_Loop15_TestCase12,NT
Incorrect_Bit_Calculation_1_NT_Loop15_TestCase13,NT
Incorrect_Bit_Calculation_1_NT_Loop15_TestCase14,NT
Incorrect_Bit_Calculation_1_NT_Loop15_TestCase15,NT
Incorrect_Bit_Calculation_1_NT_Loop15_TestCase16,NT
Incorrect_Bit_Calculation_1_NT_Loop15_TestCase17,NT
Incorrect_Bit_Calculation_1_NT_Loop15_TestCase18,NT
Incorrect_Bit_Calculation_1_NT_Loop15_TestCase19,NT
Incorrect_Bit_Calculation_1_NT_Loop15_TestCase20,NT
Incorrect_Bit_Calculation_1_NT_TestCase1_Loop15,T
Incorrect_Bit_Calculation_1_NT_TestCase2_Loop15,T
Incorrect_Bit_Calculation_1_NT_TestCase3_Loop15,T
Incorrect_Bit_Calculation_1_NT_TestCase4_Loop15,T
Incorrect_Bit_Calculation_1_NT_TestCase5_Loop15,T
Incorrect_Bit_Calculation_1_NT_TestCase6_Loop15,T
Incorrect_Bit_Calculation_1_NT_TestCase7_Loop15,T
Incorrect_Bit_Calculation_1_NT_TestCase8_Loop15,T
Incorrect_Bit_Calculation_1_NT_TestCase9_Loop15,T
Incorrect_Bit_Calculation_1_NT_TestCase10_Loop15,T
Incorrect_Bit_Calculation_1_NT_TestCase11_Loop15,NT
Incorrect_Bit_Calculation_1_NT_TestCase12_Loop15,NT
Incorrect_Bit_Calculation_1_NT_TestCase13_Loop15,NT
Incorrect_Bit_Calculation_1_NT_TestCase14_Loop15,NT
Incorrect_Bit_Calculation_1_NT_TestCase15_Loop15,NT
Incorrect_Bit_Calculation_1_NT_TestCase16_Loop15,NT
Incorrect_Bit_Calculation_1_NT_TestCase17_Loop15,NT
Incorrect_Bit_Calculation_1_NT_TestCase18_Loop15,NT
Incorrect_Bit_Calculation_1_NT_TestCase19_Loop15,NT
Incorrect_Bit_Calculation_1_NT_TestCase20_Loop15,NT
Incorrect_Bit_Calculation_1_T,T
Incorrect_Bit_Calculation_1_T_Loop14,T
Incorrect_Bit_Calculation_1_T_TestCase1,T
Incorrect_Bit_Calculation_1_T_TestCase2,T
Incorrect_Bit_Calculation_1_T_TestCase3,T
Incorrect_Bit_Calculation_1_T_TestCase4,T
Incorrect_Bit_Calculation_1_T_TestCase5,T
Incorrect_Bit_Calculation_1_T_TestCase6,T
Incorrect_Bit_Calculation_1_T_TestCase7,T
Incorrect_Bit_Calculation_1_T_TestCase8,T
Incorrect_Bit_Calculation_1_T_TestCase9,T
Incorrect_Bit_Calculation_1_T_TestCase10,T
Incorrect_Bit_Calculation_1_T_TestCase11,T
Incorrect_Bit_Calculation_1_T_TestCase12,T
Incorrect_Bit_Calculation_1_T_TestCase13,T
Incorrect_Bit_Calculation_1_T_TestCase14,T
Incorrect_Bit_Calculation_1_T_TestCase15,T
Incorrect_Bit_Calculation_1_T_TestCase16,T
Incorrect_Bit_Calculation_1_T_TestCase17,T
Incorrect_Bit_Calculation_1_T_TestCase18,T
Incorrect_Bit_Calculation_1_T_TestCase19,T
Incorrect_Bit_Calculation_1_T_TestCase20,T
Incorrect_Bit_Calculation_1_T_Loop14_TestCase1,T
Incorrect_Bit_Calculation_1_T_Loop14_TestCase2,T
Incorrect_Bit_Calculation_1_T_Loop14_TestCase3,T
Incorrect_Bit_Calculation_1_T_Loop14_TestCase4,T
Incorrect_Bit_Calculation_1_T_Loop14_TestCase5,T
Incorrect_Bit_Calculation_1_T_Loop14_TestCase6,T
Incorrect_Bit_Calculation_1_T_Loop14_TestCase7,T
Incorrect_Bit_Calculation_1_T_Loop14_TestCase8,T
Incorrect_Bit_Calculation_1_T_Loop14_TestCase9,T
Incorrect_Bit_Calculation_1_T_Loop14_TestCase10,T
Incorrect_Bit_Calculation_1_T_Loop14_TestCase11,T
Incorrect_Bit_Calculation_1_T_Loop14_TestCase12,T
Incorrect_Bit_Calculation_1_T_Loop14_TestCase13,T
Incorrect_Bit_Calculation_1_T_Loop14_TestCase14,T
Incorrect_Bit_Calculation_1_T_Loop14_TestCase15,T
Incorrect_Bit_Calculation_1_T_Loop14_TestCase16,T
Incorrect_Bit_Calculation_1_T_Loop14_TestCase17,T
Incorrect_Bit_Calculation_1_T_Loop14_TestCase18,T
Incorrect_Bit_Calculation_1_T_Loop14_TestCase19,T
Incorrect_Bit_Calculation_1_T_Loop14_TestCase20,T
Incorrect_Bit_Calculation_1_T_TestCase1_Loop14,T
Incorrect_Bit_Calculation_1_T_TestCase2_Loop14,T
Incorrect_Bit_Calculation_1_T_TestCase3_Loop14,T
Incorrect_Bit_Calculation_1_T_TestCase4_Loop14,T
Incorrect_Bit_Calculation_1_T_TestCase5_Loop14,T
Incorrect_Bit_Calculation_1_T_TestCase6_Loop14,T
Incorrect_Bit_Calculation_1_T_TestCase7_Loop14,T
Incorrect_Bit_Calculation_1_T_TestCase8_Loop14,T
Incorrect_Bit_Calculation_1_T_TestCase9_Loop14,T
Incorrect_Bit_Calculation_1_T_TestCase10_Loop14,T
Incorrect_Bit_Calculation_1_T_TestCase11_Loop14,T
Incorrect_Bit_Calculation_1_T_TestCase12_Loop14,T
Incorrect_Bit_Calculation_1_T_TestCase13_Loop14,T
Incorrect_Bit_Calculation_1_T_TestCase14_Loop14,T
Incorrect_Bit_Calculation_1_T_TestCase15_Loop14,T
Incorrect_Bit_Calculation_1_T_TestCase16_Loop14,T
Incorrect_Bit_Calculation_1_T_TestCase17_Loop14,T
Incorrect_Bit_Calculation_1_T_TestCase18_Loop14,T
Incorrect_Bit_Calculation_1_T_TestCase19_Loop14,T
Incorrect_Bit_Calculation_1_T_TestCase20_Loop14,T
Incorrect_Bit_Calculation_2_NT,NT
Incorrect_Bit_Calculation_2_NT_Loop20,NT
Incorrect_Bit_Calculation_2_NT_TestCase1,T
Incorrect_Bit_Calculation_2_NT_TestCase2,T
Incorrect_Bit_Calculation_2_NT_TestCase3,T
Incorrect_Bit_Calculation_2_NT_TestCase4,T
Incorrect_Bit_Calculation_2_NT_TestCase5,T
Incorrect_Bit_Calculation_2_NT_TestCase6,T
Incorrect_Bit_Calculation_2_NT_TestCase7,T
Incorrect_Bit_Calculation_2_NT_TestCase8,T
Incorrect_Bit_Calculation_2_NT_TestCase9,T
Incorrect_Bit_Calculation_2_NT_TestCase10,T
Incorrect_Bit_Calculation_2_NT_TestCase11,NT
Incorrect_Bit_Calculation_2_NT_TestCase12,NT
Incorrect_Bit_Calculation_2_NT_TestCase13,NT
Incorrect_Bit_Calculation_2_NT_TestCase14,NT
Incorrect_Bit_Calculation_2_NT_TestCase15,NT
Incorrect_Bit_Calculation_2_NT_TestCase16,NT
Incorrect_Bit_Calculation_2_NT_TestCase17,NT
Incorrect_Bit_Calculation_2_NT_TestCase18,NT
Incorrect_Bit_Calculation_2_NT_TestCase19,NT
Incorrect_Bit_Calculation_2_NT_TestCase20,NT
Incorrect_Bit_Calculation_2_NT_Loop20_TestCase1,T
Incorrect_Bit_Calculation_2_NT_Loop20_TestCase2,T
Incorrect_Bit_Calculation_2_NT_Loop20_TestCase3,T
Incorrect_Bit_Calculation_2_NT_Loop20_TestCase4,T
Incorrect_Bit_Calculation_2_NT_Loop20_TestCase5,T
Incorrect_Bit_Calculation_2_NT_Loop20_TestCase6,T
Incorrect_Bit_Calculation_2_NT_Loop20_TestCase7,T
Incorrect_Bit_Calculation_2_NT_Loop20_TestCase8,T
Incorrect_Bit_Calculation_2_NT_Loop20_TestCase9,T
Incorrect_Bit_Calculation_2_NT_Loop20_TestCase10,T
Incorrect_Bit_Calculation_2_NT_Loop20_TestCase11,NT
Incorrect_Bit_Calculation_2_NT_Loop20_TestCase12,NT
Incorrect_Bit_Calculation_2_NT_Loop20_TestCase13,NT
Incorrect_Bit_Calculation_2_NT_Loop20_TestCase14,NT
Incorrect_Bit_Calculation_2_NT_Loop20_TestCase15,NT
Incorrect_Bit_Calculation_2_NT_Loop20_TestCase16,NT
Incorrect_Bit_Calculation_2_NT_Loop20_TestCase17,NT
Incorrect_Bit_Calculation_2_NT_Loop20_TestCase18,NT
Incorrect_Bit_Calculation_2_NT_Loop20_TestCase19,NT
Incorrect_Bit_Calculation_2_NT_Loop20_TestCase20,NT
Incorrect_Bit_Calculation_2_NT_TestCase1_Loop20,T
Incorrect_Bit_Calculation_2_NT_TestCase2_Loop20,T
Incorrect_Bit_Calculation_2_NT_TestCase3_Loop20,T
Incorrect_Bit_Calculation_2_NT_TestCase4_Loop20,T
Incorrect_Bit_Calculation_2_NT_TestCase5_Loop20,T
Incorrect_Bit_Calculation_2_NT_TestCase6_Loop20,T
Incorrect_Bit_Calculation_2_NT_TestCase7_Loop20,T
Incorrect_Bit_Calculation_2_NT_TestCase8_Loop20,T
Incorrect_Bit_Calculation_2_NT_TestCase9_Loop20,T
Incorrect_Bit_Calculation_2_NT_TestCase10_Loop20,T
Incorrect_Bit_Calculation_2_NT_TestCase11_Loop20,NT
Incorrect_Bit_Calculation_2_NT_TestCase12_Loop20,NT
Incorrect_Bit_Calculation_2_NT_TestCase13_Loop20,NT
Incorrect_Bit_Calculation_2_NT_TestCase14_Loop20,NT
Incorrect_Bit_Calculation_2_NT_TestCase15_Loop20,NT
Incorrect_Bit_Calculation_2_NT_TestCase16_Loop20,NT
Incorrect_Bit_Calculation_2_NT_TestCase17_Loop20,NT
Incorrect_Bit_Calculation_2_NT_TestCase18_Loop20,NT
Incorrect_Bit_Calculation_2_NT_TestCase19_Loop20,NT
Incorrect_Bit_Calculation_2_NT_TestCase20_Loop20,NT
Incorrect_Bit_Calculation_2_T,T
Incorrect_Bit_Calculation_2_T_Loop16,T
Incorrect_Bit_Calculation_2_T_TestCase1,T
Incorrect_Bit_Calculation_2_T_TestCase2,T
Incorrect_Bit_Calculation_2_T_TestCase3,T
Incorrect_Bit_Calculation_2_T_TestCase4,T
Incorrect_Bit_Calculation_2_T_TestCase5,T
Incorrect_Bit_Calculation_2_T_TestCase6,T
Incorrect_Bit_Calculation_2_T_TestCase7,T
Incorrect_Bit_Calculation_2_T_TestCase8,T
Incorrect_Bit_Calculation_2_T_TestCase9,T
Incorrect_Bit_Calculation_2_T_TestCase10,T
Incorrect_Bit_Calculation_2_T_TestCase11,T
Incorrect_Bit_Calculation_2_T_TestCase12,T
Incorrect_Bit_Calculation_2_T_TestCase13,T
Incorrect_Bit_Calculation_2_T_TestCase14,T
Incorrect_Bit_Calculation_2_T_TestCase15,T
Incorrect_Bit_Calculation_2_T_TestCase16,T
Incorrect_Bit_Calculation_2_T_TestCase17,T
Incorrect_Bit_Calculation_2_T_TestCase18,T
Incorrect_Bit_Calculation_2_T_TestCase19,T
Incorrect_Bit_Calculation_2_T_TestCase20,T
Incorrect_Bit_Calculation_2_T_Loop16_TestCase1,T
Incorrect_Bit_Calculation_2_T_Loop16_TestCase2,T
Incorrect_Bit_Calculation_2_T_Loop16_TestCase3,T
Incorrect_Bit_Calculation_2_T_Loop16_TestCase4,T
Incorrect_Bit_Calculation_2_T_Loop16_TestCase5,T
Incorrect_Bit_Calculation_2_T_Loop16_TestCase6,T
Incorrect_Bit_Calculation_2_T_Loop16_TestCase7,T
Incorrect_Bit_Calculation_2_T_Loop16_TestCase8,T
Incorrect_Bit_Calculation_2_T_Loop16_TestCase9,T
Incorrect_Bit_Calculation_2_T_Loop16_TestCase10,T
Incorrect_Bit_Calculation_2_T_Loop16_TestCase11,T
Incorrect_Bit_Calculation_2_T_Loop16_TestCase12,T
Incorrect_Bit_Calculation_2_T_Loop16_TestCase13,T
Incorrect_Bit_Calculation_2_T_Loop16_TestCase14,T
Incorrect_Bit_Calculation_2_T_Loop16_TestCase15,T
Incorrect_Bit_Calculation_2_T_Loop16_TestCase16,T
Incorrect_Bit_Calculation_2_T_Loop16_TestCase17,T
Incorrect_Bit_Calculation_2_T_Loop16_TestCase18,T
Incorrect_Bit_Calculation_2_T_Loop16_TestCase19,T
Incorrect_Bit_Calculation_2_T_Loop16_TestCase20,T
Incorrect_Bit_Calculation_2_T_TestCase1_Loop16,T
Incorrect_Bit_Calculation_2_T_TestCase2_Loop16,T
Incorrect_Bit_Calculation_2_T_TestCase3_Loop16,T
Incorrect_Bit_Calculation_2_T_TestCase4_Loop16,T
Incorrect_Bit_Calculation_2_T_TestCase5_Loop16,T
Incorrect_Bit_Calculation_2_T_TestCase6_Loop16,T
Incorrect_Bit_Calculation_2_T_TestCase7_Loop16,T
Incorrect_Bit_Calculation_2_T_TestCase8_Loop16,T
Incorrect_Bit_Calculation_2_T_TestCase9_Loop16,T
Incorrect_Bit_Calculation_2_T_TestCase10_Loop16,T
Incorrect_Bit_Calculation_2_T_TestCase11_Loop16,T
Incorrect_Bit_Calculation_2_T_TestCase12_Loop16,T
Incorrect_Bit_Calculation_2_T_TestCase13_Loop16,T
Incorrect_Bit_Calculation_2_T_TestCase14_Loop16,T
Incorrect_Bit_Calculation_2_T_TestCase15_Loop16,T
Incorrect_Bit_Calculation_2_T_TestCase16_Loop16,T
Incorrect_Bit_Calculation_2_T_TestCase17_Loop16,T
Incorrect_Bit_Calculation_2_T_TestCase18_Loop16,T
Incorrect_Bit_Calculation_2_T_TestCase19_Loop16,T
Incorrect_Bit_Calculation_2_T_TestCase20_Loop16,T
Incorrect_Bit_Calculation_3_NT,NT
Incorrect_Bit_Calculation_3_NT_Loop18,NT
Incorrect_Bit_Calculation_3_NT_TestCase1,T
Incorrect_Bit_Calculation_3_NT_TestCase2,T
Incorrect_Bit_Calculation_3_NT_TestCase3,T
Incorrect_Bit_Calculation_3_NT_TestCase4,T
Incorrect_Bit_Calculation_3_NT_TestCase5,T
Incorrect_Bit_Calculation_3_NT_TestCase6,T
Incorrect_Bit_Calculation_3_NT_TestCase7,T
Incorrect_Bit_Calculation_3_NT_TestCase8,T
Incorrect_Bit_Calculation_3_NT_TestCase9,T
Incorrect_Bit_Calculation_3_NT_TestCase10,T
Incorrect_Bit_Calculation_3_NT_TestCase11,NT
Incorrect_Bit_Calculation_3_NT_TestCase12,NT
Incorrect_Bit_Calculation_3_NT_TestCase13,NT
Incorrect_Bit_Calculation_3_NT_TestCase14,NT
Incorrect_Bit_Calculation_3_NT_TestCase15,NT
Incorrect_Bit_Calculation_3_NT_TestCase16,NT
Incorrect_Bit_Calculation_3_NT_TestCase17,NT
Incorrect_Bit_Calculation_3_NT_TestCase18,NT
Incorrect_Bit_Calculation_3_NT_TestCase19,NT
Incorrect_Bit_Calculation_3_NT_TestCase20,NT
Incorrect_Bit_Calculation_3_NT_Loop18_TestCase1,T
Incorrect_Bit_Calculation_3_NT_Loop18_TestCase2,T
Incorrect_Bit_Calculation_3_NT_Loop18_TestCase3,T
Incorrect_Bit_Calculation_3_NT_Loop18_TestCase4,T
Incorrect_Bit_Calculation_3_NT_Loop18_TestCase5,T
Incorrect_Bit_Calculation_3_NT_Loop18_TestCase6,T
Incorrect_Bit_Calculation_3_NT_Loop18_TestCase7,T
Incorrect_Bit_Calculation_3_NT_Loop18_TestCase8,T
Incorrect_Bit_Calculation_3_NT_Loop18_TestCase9,T
Incorrect_Bit_Calculation_3_NT_Loop18_TestCase10,T
Incorrect_Bit_Calculation_3_NT_Loop18_TestCase11,NT
Incorrect_Bit_Calculation_3_NT_Loop18_TestCase12,NT
Incorrect_Bit_Calculation_3_NT_Loop18_TestCase13,NT
Incorrect_Bit_Calculation_3_NT_Loop18_TestCase14,NT
Incorrect_Bit_Calculation_3_NT_Loop18_TestCase15,NT
Incorrect_Bit_Calculation_3_NT_Loop18_TestCase16,NT
Incorrect_Bit_Calculation_3_NT_Loop18_TestCase17,NT
Incorrect_Bit_Calculation_3_NT_Loop18_TestCase18,NT
Incorrect_Bit_Calculation_3_NT_Loop18_TestCase19,NT
Incorrect_Bit_Calculation_3_NT_Loop18_TestCase20,NT
Incorrect_Bit_Calculation_3_NT_TestCase1_Loop18,T
Incorrect_Bit_Calculation_3_NT_TestCase2_Loop18,T
Incorrect_Bit_Calculation_3_NT_TestCase3_Loop18,T
Incorrect_Bit_Calculation_3_NT_TestCase4_Loop18,T
Incorrect_Bit_Calculation_3_NT_TestCase5_Loop18,T
Incorrect_Bit_Calculation_3_NT_TestCase6_Loop18,T
Incorrect_Bit_Calculation_3_NT_TestCase7_Loop18,T
Incorrect_Bit_Calculation_3_NT_TestCase8_Loop18,T
Incorrect_Bit_Calculation_3_NT_TestCase9_Loop18,T
Incorrect_Bit_Calculation_3_NT_TestCase10_Loop18,T
Incorrect_Bit_Calculation_3_NT_TestCase11_Loop18,NT
Incorrect_Bit_Calculation_3_NT_TestCase12_Loop18,NT
Incorrect_Bit_Calculation_3_NT_TestCase13_Loop18,NT
Incorrect_Bit_Calculation_3_NT_TestCase14_Loop18,NT
Incorrect_Bit_Calculation_3_NT_TestCase15_Loop18,NT
Incorrect_Bit_Calculation_3_NT_TestCase16_Loop18,NT
Incorrect_Bit_Calculation_3_NT_TestCase17_Loop18,NT
Incorrect_Bit_Calculation_3_NT_TestCase18_Loop18,NT
Incorrect_Bit_Calculation_3_NT_TestCase19_Loop18,NT
Incorrect_Bit_Calculation_3_NT_TestCase20_Loop18,NT
Incorrect_Bit_Calculation_3_T,T
Incorrect_Bit_Calculation_3_T_Loop15,T
Incorrect_Bit_Calculation_3_T_TestCase1,T
Incorrect_Bit_Calculation_3_T_TestCase2,T
Incorrect_Bit_Calculation_3_T_TestCase3,T
Incorrect_Bit_Calculation_3_T_TestCase4,T
Incorrect_Bit_Calculation_3_T_TestCase5,T
Incorrect_Bit_Calculation_3_T_TestCase6,T
Incorrect_Bit_Calculation_3_T_TestCase7,T
Incorrect_Bit_Calculation_3_T_TestCase8,T
Incorrect_Bit_Calculation_3_T_TestCase9,T
Incorrect_Bit_Calculation_3_T_TestCase10,T
Incorrect_Bit_Calculation_3_T_TestCase11,T
Incorrect_Bit_Calculation_3_T_TestCase12,T
Incorrect_Bit_Calculation_3_T_TestCase13,T
Incorrect_Bit_Calculation_3_T_TestCase14,T
Incorrect_Bit_Calculation_3_T_TestCase15,T
Incorrect_Bit_Calculation_3_T_TestCase16,T
Incorrect_Bit_Calculation_3_T_TestCase17,T
Incorrect_Bit_Calculation_3_T_TestCase18,T
Incorrect_Bit_Calculation_3_T_TestCase19,T
Incorrect_Bit_Calculation_3_T_TestCase20,T
Incorrect_Bit_Calculation_3_T_Loop15_TestCase1,T
Incorrect_Bit_Calculation_3_T_Loop15_TestCase2,T
Incorrect_Bit_Calculation_3_T_Loop15_TestCase3,T
Incorrect_Bit_Calculation_3_T_Loop15_TestCase4,T
Incorrect_Bit_Calculation_3_T_Loop15_TestCase5,T
Incorrect_Bit_Calculation_3_T_Loop15_TestCase6,T
Incorrect_Bit_Calculation_3_T_Loop15_TestCase7,T
Incorrect_Bit_Calculation_3_T_Loop15_TestCase8,T
Incorrect_Bit_Calculation_3_T_Loop15_TestCase9,T
Incorrect_Bit_Calculation_3_T_Loop15_TestCase10,T
Incorrect_Bit_Calculation_3_T_Loop15_TestCase11,T
Incorrect_Bit_Calculation_3_T_Loop15_TestCase12,T
Incorrect_Bit_Calculation_3_T_Loop15_TestCase13,T
Incorrect_Bit_Calculation_3_T_Loop15_TestCase14,T
Incorrect_Bit_Calculation_3_T_Loop15_TestCase15,T
Incorrect_Bit_Calculation_3_T_Loop15_TestCase16,T
Incorrect_Bit_Calculation_3_T_Loop15_TestCase17,T
Incorrect_Bit_Calculation_3_T_Loop15_TestCase18,T
Incorrect_Bit_Calculation_3_T_Loop15_TestCase19,T
Incorrect_Bit_Calculation_3_T_Loop15_TestCase20,T
Incorrect_Bit_Calculation_3_T_TestCase1_Loop15,T
Incorrect_Bit_Calculation_3_T_TestCase2_Loop15,T
Incorrect_Bit_Calculation_3_T_TestCase3_Loop15,T
Incorrect_Bit_Calculation_3_T_TestCase4_Loop15,T
Incorrect_Bit_Calculation_3_T_TestCase5_Loop15,T
Incorrect_Bit_Calculation_3_T_TestCase6_Loop15,T
Incorrect_Bit_Calculation_3_T_TestCase7_Loop15,T
Incorrect_Bit_Calculation_3_T_TestCase8_Loop15,T
Incorrect_Bit_Calculation_3_T_TestCase9_Loop15,T
Incorrect_Bit_Calculation_3_T_TestCase10_Loop15,T
Incorrect_Bit_Calculation_3_T_TestCase11_Loop15,T
Incorrect_Bit_Calculation_3_T_TestCase12_Loop15,T
Incorrect_Bit_Calculation_3_T_TestCase13_Loop15,T
Incorrect_Bit_Calculation_3_T_TestCase14_Loop15,T
Incorrect_Bit_Calculation_3_T_TestCase15_Loop15,T
Incorrect_Bit_Calculation_3_T_TestCase16_Loop15,T
Incorrect_Bit_Calculation_3_T_TestCase17_Loop15,T
Incorrect_Bit_Calculation_3_T_TestCase18_Loop15,T
Incorrect_Bit_Calculation_3_T_TestCase19_Loop15,T
Incorrect_Bit_Calculation_3_T_TestCase20_Loop15,T
Incorrect_Control_Statement_1_NT,NT
Incorrect_Control_Statement_1_NT_Loop16,T
Incorrect_Control_Statement_1_NT_Loop20,NT
Incorrect_Control_Statement_1_NT_TestCase1,T
Incorrect_Control_Statement_1_NT_TestCase2,T
Incorrect_Control_Statement_1_NT_TestCase3,T
Incorrect_Control_Statement_1_NT_TestCase4,T
Incorrect_Control_Statement_1_NT_TestCase5,T
Incorrect_Control_Statement_1_NT_TestCase6,T
Incorrect_Control_Statement_1_NT_TestCase7,T
Incorrect_Control_Statement_1_NT_TestCase8,T
Incorrect_Control_Statement_1_NT_TestCase9,T
Incorrect_Control_Statement_1_NT_TestCase10,T
Incorrect_Control_Statement_1_NT_TestCase11,NT
Incorrect_Control_Statement_1_NT_TestCase12,NT
Incorrect_Control_Statement_1_NT_TestCase13,NT
Incorrect_Control_Statement_1_NT_TestCase14,NT
Incorrect_Control_Statement_1_NT_TestCase15,NT
Incorrect_Control_Statement_1_NT_TestCase16,NT
Incorrect_Control_Statement_1_NT_TestCase17,NT
Incorrect_Control_Statement_1_NT_TestCase18,NT
Incorrect_Control_Statement_1_NT_TestCase19,NT
Incorrect_Control_Statement_1_NT_TestCase20,NT
Incorrect_Control_Statement_1_NT_Loop16_TestCase1,T
Incorrect_Control_Statement_1_NT_Loop16_TestCase2,T
Incorrect_Control_Statement_1_NT_Loop16_TestCase3,T
Incorrect_Control_Statement_1_NT_Loop16_TestCase4,T
Incorrect_Control_Statement_1_NT_Loop16_TestCase5,T
Incorrect_Control_Statement_1_NT_Loop16_TestCase6,T
Incorrect_Control_Statement_1_NT_Loop16_TestCase7,T
Incorrect_Control_Statement_1_NT_Loop16_TestCase8,T
Incorrect_Control_Statement_1_NT_Loop16_TestCase9,T
Incorrect_Control_Statement_1_NT_Loop16_TestCase10,T
Incorrect_Control_Statement_1_NT_Loop16_TestCase11,T
Incorrect_Control_Statement_1_NT_Loop16_TestCase12,T
Incorrect_Control_Statement_1_NT_Loop16_TestCase13,T
Incorrect_Control_Statement_1_NT_Loop16_TestCase14,T
Incorrect_Control_Statement_1_NT_Loop16_TestCase15,T
Incorrect_Control_Statement_1_NT_Loop16_TestCase16,T
Incorrect_Control_Statement_1_NT_Loop16_TestCase17,T
Incorrect_Control_Statement_1_NT_Loop16_TestCase18,T
Incorrect_Control_Statement_1_NT_Loop16_TestCase19,T
Incorrect_Control_Statement_1_NT_Loop16_TestCase20,T
Incorrect_Control_Statement_1_NT_Loop20_TestCase1,T
Incorrect_Control_Statement_1_NT_Loop20_TestCase2,T
Incorrect_Control_Statement_1_NT_Loop20_TestCase3,T
Incorrect_Control_Statement_1_NT_Loop20_TestCase4,T
Incorrect_Control_Statement_1_NT_Loop20_TestCase5,T
Incorrect_Control_Statement_1_NT_Loop20_TestCase6,T
Incorrect_Control_Statement_1_NT_Loop20_TestCase7,T
Incorrect_Control_Statement_1_NT_Loop20_TestCase8,T
Incorrect_Control_Statement_1_NT_Loop20_TestCase9,T
Incorrect_Control_Statement_1_NT_Loop20_TestCase10,T
Incorrect_Control_Statement_1_NT_Loop20_TestCase11,NT
Incorrect_Control_Statement_1_NT_Loop20_TestCase12,NT
Incorrect_Control_Statement_1_NT_Loop20_TestCase13,NT
Incorrect_Control_Statement_1_NT_Loop20_TestCase14,NT
Incorrect_Control_Statement_1_NT_Loop20_TestCase15,NT
Incorrect_Control_Statement_1_NT_Loop20_TestCase16,NT
Incorrect_Control_Statement_1_NT_Loop20_TestCase17,NT
Incorrect_Control_Statement_1_NT_Loop20_TestCase18,NT
Incorrect_Control_Statement_1_NT_Loop20_TestCase19,NT
Incorrect_Control_Statement_1_NT_Loop20_TestCase20,NT
Incorrect_Control_Statement_1_NT_TestCase1_Loop16,T
Incorrect_Control_Statement_1_NT_TestCase2_Loop16,T
Incorrect_Control_Statement_1_NT_TestCase3_Loop16,T
Incorrect_Control_Statement_1_NT_TestCase4_Loop16,T
Incorrect_Control_Statement_1_NT_TestCase5_Loop16,T
Incorrect_Control_Statement_1_NT_TestCase6_Loop16,T
Incorrect_Control_Statement_1_NT_TestCase7_Loop16,T
Incorrect_Control_Statement_1_NT_TestCase8_Loop16,T
Incorrect_Control_Statement_1_NT_TestCase9_Loop16,T
Incorrect_Control_Statement_1_NT_TestCase10_Loop16,T
Incorrect_Control_Statement_1_NT_TestCase11_Loop16,T
Incorrect_Control_Statement_1_NT_TestCase12_Loop16,T
Incorrect_Control_Statement_1_NT_TestCase13_Loop16,T
Incorrect_Control_Statement_1_NT_TestCase14_Loop16,T
Incorrect_Control_Statement_1_NT_TestCase15_Loop16,T
Incorrect_Control_Statement_1_NT_TestCase16_Loop16,T
Incorrect_Control_Statement_1_NT_TestCase17_Loop16,T
Incorrect_Control_Statement_1_NT_TestCase18_Loop16,T
Incorrect_Control_Statement_1_NT_TestCase19_Loop16,T
Incorrect_Control_Statement_1_NT_TestCase20_Loop16,T
Incorrect_Control_Statement_1_NT_TestCase1_Loop20,T
Incorrect_Control_Statement_1_NT_TestCase2_Loop20,T
Incorrect_Control_Statement_1_NT_TestCase3_Loop20,T
Incorrect_Control_Statement_1_NT_TestCase4_Loop20,T
Incorrect_Control_Statement_1_NT_TestCase5_Loop20,T
Incorrect_Control_Statement_1_NT_TestCase6_Loop20,T
Incorrect_Control_Statement_1_NT_TestCase7_Loop20,T
Incorrect_Control_Statement_1_NT_TestCase8_Loop20,T
Incorrect_Control_Statement_1_NT_TestCase9_Loop20,T
Incorrect_Control_Statement_1_NT_TestCase10_Loop20,T
Incorrect_Control_Statement_1_NT_TestCase11_Loop20,NT
Incorrect_Control_Statement_1_NT_TestCase12_Loop20,NT
Incorrect_Control_Statement_1_NT_TestCase13_Loop20,NT
Incorrect_Control_Statement_1_NT_TestCase14_Loop20,NT
Incorrect_Control_Statement_1_NT_TestCase15_Loop20,NT
Incorrect_Control_Statement_1_NT_TestCase16_Loop20,NT
Incorrect_Control_Statement_1_NT_TestCase17_Loop20,NT
Incorrect_Control_Statement_1_NT_TestCase18_Loop20,NT
Incorrect_Control_Statement_1_NT_TestCase19_Loop20,NT
Incorrect_Control_Statement_1_NT_TestCase20_Loop20,NT
Incorrect_Control_Statement_1_T,T
Incorrect_Control_Statement_1_T_Loop14,T
Incorrect_Control_Statement_1_T_Loop18,T
Incorrect_Control_Statement_1_T_TestCase1,T
Incorrect_Control_Statement_1_T_TestCase2,T
Incorrect_Control_Statement_1_T_TestCase3,T
Incorrect_Control_Statement_1_T_TestCase4,T
Incorrect_Control_Statement_1_T_TestCase5,T
Incorrect_Control_Statement_1_T_TestCase6,T
Incorrect_Control_Statement_1_T_TestCase7,T
Incorrect_Control_Statement_1_T_TestCase8,T
Incorrect_Control_Statement_1_T_TestCase9,T
Incorrect_Control_Statement_1_T_TestCase10,T
Incorrect_Control_Statement_1_T_TestCase11,T
Incorrect_Control_Statement_1_T_TestCase12,T
Incorrect_Control_Statement_1_T_TestCase13,T
Incorrect_Control_Statement_1_T_TestCase14,T
Incorrect_Control_Statement_1_T_TestCase15,T
Incorrect_Control_Statement_1_T_TestCase16,T
Incorrect_Control_Statement_1_T_TestCase17,T
Incorrect_Control_Statement_1_T_TestCase18,T
Incorrect_Control_Statement_1_T_TestCase19,T
Incorrect_Control_Statement_1_T_TestCase20,T
Incorrect_Control_Statement_1_T_Loop14_TestCase1,T
Incorrect_Control_Statement_1_T_Loop14_TestCase2,T
Incorrect_Control_Statement_1_T_Loop14_TestCase3,T
Incorrect_Control_Statement_1_T_Loop14_TestCase4,T
Incorrect_Control_Statement_1_T_Loop14_TestCase5,T
Incorrect_Control_Statement_1_T_Loop14_TestCase6,T
Incorrect_Control_Statement_1_T_Loop14_TestCase7,T
Incorrect_Control_Statement_1_T_Loop14_TestCase8,T
Incorrect_Control_Statement_1_T_Loop14_TestCase9,T
Incorrect_Control_Statement_1_T_Loop14_TestCase10,T
Incorrect_Control_Statement_1_T_Loop14_TestCase11,T
Incorrect_Control_Statement_1_T_Loop14_TestCase12,T
Incorrect_Control_Statement_1_T_Loop14_TestCase13,T
Incorrect_Control_Statement_1_T_Loop14_TestCase14,T
Incorrect_Control_Statement_1_T_Loop14_TestCase15,T
Incorrect_Control_Statement_1_T_Loop14_TestCase16,T
Incorrect_Control_Statement_1_T_Loop14_TestCase17,T
Incorrect_Control_Statement_1_T_Loop14_TestCase18,T
Incorrect_Control_Statement_1_T_Loop14_TestCase19,T
Incorrect_Control_Statement_1_T_Loop14_TestCase20,T
Incorrect_Control_Statement_1_T_Loop18_TestCase1,T
Incorrect_Control_Statement_1_T_Loop18_TestCase2,T
Incorrect_Control_Statement_1_T_Loop18_TestCase3,T
Incorrect_Control_Statement_1_T_Loop18_TestCase4,T
Incorrect_Control_Statement_1_T_Loop18_TestCase5,T
Incorrect_Control_Statement_1_T_Loop18_TestCase6,T
Incorrect_Control_Statement_1_T_Loop18_TestCase7,T
Incorrect_Control_Statement_1_T_Loop18_TestCase8,T
Incorrect_Control_Statement_1_T_Loop18_TestCase9,T
Incorrect_Control_Statement_1_T_Loop18_TestCase10,T
Incorrect_Control_Statement_1_T_Loop18_TestCase11,T
Incorrect_Control_Statement_1_T_Loop18_TestCase12,T
Incorrect_Control_Statement_1_T_Loop18_TestCase13,T
Incorrect_Control_Statement_1_T_Loop18_TestCase14,T
Incorrect_Control_Statement_1_T_Loop18_TestCase15,T
Incorrect_Control_Statement_1_T_Loop18_TestCase16,T
Incorrect_Control_Statement_1_T_Loop18_TestCase17,T
Incorrect_Control_Statement_1_T_Loop18_TestCase18,T
Incorrect_Control_Statement_1_T_Loop18_TestCase19,T
Incorrect_Control_Statement_1_T_Loop18_TestCase20,T
Incorrect_Control_Statement_1_T_TestCase1_Loop14,T
Incorrect_Control_Statement_1_T_TestCase2_Loop14,T
Incorrect_Control_Statement_1_T_TestCase3_Loop14,T
Incorrect_Control_Statement_1_T_TestCase4_Loop14,T
Incorrect_Control_Statement_1_T_TestCase5_Loop14,T
Incorrect_Control_Statement_1_T_TestCase6_Loop14,T
Incorrect_Control_Statement_1_T_TestCase7_Loop14,T
Incorrect_Control_Statement_1_T_TestCase8_Loop14,T
Incorrect_Control_Statement_1_T_TestCase9_Loop14,T
Incorrect_Control_Statement_1_T_TestCase10_Loop14,T
Incorrect_Control_Statement_1_T_TestCase11_Loop14,T
Incorrect_Control_Statement_1_T_TestCase12_Loop14,T
Incorrect_Control_Statement_1_T_TestCase13_Loop14,T
Incorrect_Control_Statement_1_T_TestCase14_Loop14,T
Incorrect_Control_Statement_1_T_TestCase15_Loop14,T
Incorrect_Control_Statement_1_T_TestCase16_Loop14,T
Incorrect_Control_Statement_1_T_TestCase17_Loop14,T
Incorrect_Control_Statement_1_T_TestCase18_Loop14,T
Incorrect_Control_Statement_1_T_TestCase19_Loop14,T
Incorrect_Control_Statement_1_T_TestCase20_Loop14,T
Incorrect_Control_Statement_1_T_TestCase1_Loop18,T
Incorrect_Control_Statement_1_T_TestCase2_Loop18,T
Incorrect_Control_Statement_1_T_TestCase3_Loop18,T
Incorrect_Control_Statement_1_T_TestCase4_Loop18,T
Incorrect_Control_Statement_1_T_TestCase5_Loop18,T
Incorrect_Control_Statement_1_T_TestCase6_Loop18,T
Incorrect_Control_Statement_1_T_TestCase7_Loop18,T
Incorrect_Control_Statement_1_T_TestCase8_Loop18,T
Incorrect_Control_Statement_1_T_TestCase9_Loop18,T
Incorrect_Control_Statement_1_T_TestCase10_Loop18,T
Incorrect_Control_Statement_1_T_TestCase11_Loop18,T
Incorrect_Control_Statement_1_T_TestCase12_Loop18,T
Incorrect_Control_Statement_1_T_TestCase13_Loop18,T
Incorrect_Control_Statement_1_T_TestCase14_Loop18,T
Incorrect_Control_Statement_1_T_TestCase15_Loop18,T
Incorrect_Control_Statement_1_T_TestCase16_Loop18,T
Incorrect_Control_Statement_1_T_TestCase17_Loop18,T
Incorrect_Control_Statement_1_T_TestCase18_Loop18,T
Incorrect_Control_Statement_1_T_TestCase19_Loop18,T
Incorrect_Control_Statement_1_T_TestCase20_Loop18,T
Incorrect_Control_Statement_2_NT,NT
Incorrect_Control_Statement_2_NT_Loop17,T
Incorrect_Control_Statement_2_NT_Loop23,NT
Incorrect_Control_Statement_2_NT_TestCase1,T
Incorrect_Control_Statement_2_NT_TestCase2,T
Incorrect_Control_Statement_2_NT_TestCase3,T
Incorrect_Control_Statement_2_NT_TestCase4,T
Incorrect_Control_Statement_2_NT_TestCase5,T
Incorrect_Control_Statement_2_NT_TestCase6,T
Incorrect_Control_Statement_2_NT_TestCase7,T
Incorrect_Control_Statement_2_NT_TestCase8,T
Incorrect_Control_Statement_2_NT_TestCase9,T
Incorrect_Control_Statement_2_NT_TestCase10,T
Incorrect_Control_Statement_2_NT_TestCase11,NT
Incorrect_Control_Statement_2_NT_TestCase12,NT
Incorrect_Control_Statement_2_NT_TestCase13,NT
Incorrect_Control_Statement_2_NT_TestCase14,NT
Incorrect_Control_Statement_2_NT_TestCase15,NT
Incorrect_Control_Statement_2_NT_TestCase16,NT
Incorrect_Control_Statement_2_NT_TestCase17,NT
Incorrect_Control_Statement_2_NT_TestCase18,NT
Incorrect_Control_Statement_2_NT_TestCase19,NT
Incorrect_Control_Statement_2_NT_TestCase20,NT
Incorrect_Control_Statement_2_NT_Loop17_TestCase1,T
Incorrect_Control_Statement_2_NT_Loop17_TestCase2,T
Incorrect_Control_Statement_2_NT_Loop17_TestCase3,T
Incorrect_Control_Statement_2_NT_Loop17_TestCase4,T
Incorrect_Control_Statement_2_NT_Loop17_TestCase5,T
Incorrect_Control_Statement_2_NT_Loop17_TestCase6,T
Incorrect_Control_Statement_2_NT_Loop17_TestCase7,T
Incorrect_Control_Statement_2_NT_Loop17_TestCase8,T
Incorrect_Control_Statement_2_NT_Loop17_TestCase9,T
Incorrect_Control_Statement_2_NT_Loop17_TestCase10,T
Incorrect_Control_Statement_2_NT_Loop17_TestCase11,T
Incorrect_Control_Statement_2_NT_Loop17_TestCase12,T
Incorrect_Control_Statement_2_NT_Loop17_TestCase13,T
Incorrect_Control_Statement_2_NT_Loop17_TestCase14,T
Incorrect_Control_Statement_2_NT_Loop17_TestCase15,T
Incorrect_Control_Statement_2_NT_Loop17_TestCase16,T
Incorrect_Control_Statement_2_NT_Loop17_TestCase17,T
Incorrect_Control_Statement_2_NT_Loop17_TestCase18,T
Incorrect_Control_Statement_2_NT_Loop17_TestCase19,T
Incorrect_Control_Statement_2_NT_Loop17_TestCase20,T
Incorrect_Control_Statement_2_NT_Loop23_TestCase1,T
Incorrect_Control_Statement_2_NT_Loop23_TestCase2,T
Incorrect_Control_Statement_2_NT_Loop23_TestCase3,T
Incorrect_Control_Statement_2_NT_Loop23_TestCase4,T
Incorrect_Control_Statement_2_NT_Loop23_TestCase5,T
Incorrect_Control_Statement_2_NT_Loop23_TestCase6,T
Incorrect_Control_Statement_2_NT_Loop23_TestCase7,T
Incorrect_Control_Statement_2_NT_Loop23_TestCase8,T
Incorrect_Control_Statement_2_NT_Loop23_TestCase9,T
Incorrect_Control_Statement_2_NT_Loop23_TestCase10,T
Incorrect_Control_Statement_2_NT_Loop23_TestCase11,NT
Incorrect_Control_Statement_2_NT_Loop23_TestCase12,NT
Incorrect_Control_Statement_2_NT_Loop23_TestCase13,NT
Incorrect_Control_Statement_2_NT_Loop23_TestCase14,NT
Incorrect_Control_Statement_2_NT_Loop23_TestCase15,NT
Incorrect_Control_Statement_2_NT_Loop23_TestCase16,NT
Incorrect_Control_Statement_2_NT_Loop23_TestCase17,NT
Incorrect_Control_Statement_2_NT_Loop23_TestCase18,NT
Incorrect_Control_Statement_2_NT_Loop23_TestCase19,NT
Incorrect_Control_Statement_2_NT_Loop23_TestCase20,NT
Incorrect_Control_Statement_2_NT_TestCase1_Loop17,T
Incorrect_Control_Statement_2_NT_TestCase2_Loop17,T
Incorrect_Control_Statement_2_NT_TestCase3_Loop17,T
Incorrect_Control_Statement_2_NT_TestCase4_Loop17,T
Incorrect_Control_Statement_2_NT_TestCase5_Loop17,T
Incorrect_Control_Statement_2_NT_TestCase6_Loop17,T
Incorrect_Control_Statement_2_NT_TestCase7_Loop17,T
Incorrect_Control_Statement_2_NT_TestCase8_Loop17,T
Incorrect_Control_Statement_2_NT_TestCase9_Loop17,T
Incorrect_Control_Statement_2_NT_TestCase10_Loop17,T
Incorrect_Control_Statement_2_NT_TestCase11_Loop17,T
Incorrect_Control_Statement_2_NT_TestCase12_Loop17,T
Incorrect_Control_Statement_2_NT_TestCase13_Loop17,T
Incorrect_Control_Statement_2_NT_TestCase14_Loop17,T
Incorrect_Control_Statement_2_NT_TestCase15_Loop17,T
Incorrect_Control_Statement_2_NT_TestCase16_Loop17,T
Incorrect_Control_Statement_2_NT_TestCase17_Loop17,T
Incorrect_Control_Statement_2_NT_TestCase18_Loop17,T
Incorrect_Control_Statement_2_NT_TestCase19_Loop17,T
Incorrect_Control_Statement_2_NT_TestCase20_Loop17,T
Incorrect_Control_Statement_2_NT_TestCase1_Loop23,T
Incorrect_Control_Statement_2_NT_TestCase2_Loop23,T
Incorrect_Control_Statement_2_NT_TestCase3_Loop23,T
Incorrect_Control_Statement_2_NT_TestCase4_Loop23,T
Incorrect_Control_Statement_2_NT_TestCase5_Loop23,T
Incorrect_Control_Statement_2_NT_TestCase6_Loop23,T
Incorrect_Control_Statement_2_NT_TestCase7_Loop23,T
Incorrect_Control_Statement_2_NT_TestCase8_Loop23,T
Incorrect_Control_Statement_2_NT_TestCase9_Loop23,T
Incorrect_Control_Statement_2_NT_TestCase10_Loop23,T
Incorrect_Control_Statement_2_NT_TestCase11_Loop23,NT
Incorrect_Control_Statement_2_NT_TestCase12_Loop23,NT
Incorrect_Control_Statement_2_NT_TestCase13_Loop23,NT
Incorrect_Control_Statement_2_NT_TestCase14_Loop23,NT
Incorrect_Control_Statement_2_NT_TestCase15_Loop23,NT
Incorrect_Control_Statement_2_NT_TestCase16_Loop23,NT
Incorrect_Control_Statement_2_NT_TestCase17_Loop23,NT
Incorrect_Control_Statement_2_NT_TestCase18_Loop23,NT
Incorrect_Control_Statement_2_NT_TestCase19_Loop23,NT
Incorrect_Control_Statement_2_NT_TestCase20_Loop23,NT
Incorrect_Control_Statement_2_T,T
Incorrect_Control_Statement_2_T_Loop17,T
Incorrect_Control_Statement_2_T_Loop23,T
Incorrect_Control_Statement_2_T_TestCase1,T
Incorrect_Control_Statement_2_T_TestCase2,T
Incorrect_Control_Statement_2_T_TestCase3,T
Incorrect_Control_Statement_2_T_TestCase4,T
Incorrect_Control_Statement_2_T_TestCase5,T
Incorrect_Control_Statement_2_T_TestCase6,T
Incorrect_Control_Statement_2_T_TestCase7,T
Incorrect_Control_Statement_2_T_TestCase8,T
Incorrect_Control_Statement_2_T_TestCase9,T
Incorrect_Control_Statement_2_T_TestCase10,T
Incorrect_Control_Statement_2_T_TestCase11,T
Incorrect_Control_Statement_2_T_TestCase12,T
Incorrect_Control_Statement_2_T_TestCase13,T
Incorrect_Control_Statement_2_T_TestCase14,T
Incorrect_Control_Statement_2_T_TestCase15,T
Incorrect_Control_Statement_2_T_TestCase16,T
Incorrect_Control_Statement_2_T_TestCase17,T
Incorrect_Control_Statement_2_T_TestCase18,T
Incorrect_Control_Statement_2_T_TestCase19,T
Incorrect_Control_Statement_2_T_TestCase20,T
Incorrect_Control_Statement_2_T_Loop17_TestCase1,T
Incorrect_Control_Statement_2_T_Loop17_TestCase2,T
Incorrect_Control_Statement_2_T_Loop17_TestCase3,T
Incorrect_Control_Statement_2_T_Loop17_TestCase4,T
Incorrect_Control_Statement_2_T_Loop17_TestCase5,T
Incorrect_Control_Statement_2_T_Loop17_TestCase6,T
Incorrect_Control_Statement_2_T_Loop17_TestCase7,T
Incorrect_Control_Statement_2_T_Loop17_TestCase8,T
Incorrect_Control_Statement_2_T_Loop17_TestCase9,T
Incorrect_Control_Statement_2_T_Loop17_TestCase10,T
Incorrect_Control_Statement_2_T_Loop17_TestCase11,T
Incorrect_Control_Statement_2_T_Loop17_TestCase12,T
Incorrect_Control_Statement_2_T_Loop17_TestCase13,T
Incorrect_Control_Statement_2_T_Loop17_TestCase14,T
Incorrect_Control_Statement_2_T_Loop17_TestCase15,T
Incorrect_Control_Statement_2_T_Loop17_TestCase16,T
Incorrect_Control_Statement_2_T_Loop17_TestCase17,T
Incorrect_Control_Statement_2_T_Loop17_TestCase18,T
Incorrect_Control_Statement_2_T_Loop17_TestCase19,T
Incorrect_Control_Statement_2_T_Loop17_TestCase20,T
Incorrect_Control_Statement_2_T_Loop23_TestCase1,T
Incorrect_Control_Statement_2_T_Loop23_TestCase2,T
Incorrect_Control_Statement_2_T_Loop23_TestCase3,T
Incorrect_Control_Statement_2_T_Loop23_TestCase4,T
Incorrect_Control_Statement_2_T_Loop23_TestCase5,T
Incorrect_Control_Statement_2_T_Loop23_TestCase6,T
Incorrect_Control_Statement_2_T_Loop23_TestCase7,T
Incorrect_Control_Statement_2_T_Loop23_TestCase8,T
Incorrect_Control_Statement_2_T_Loop23_TestCase9,T
Incorrect_Control_Statement_2_T_Loop23_TestCase10,T
Incorrect_Control_Statement_2_T_Loop23_TestCase11,T
Incorrect_Control_Statement_2_T_Loop23_TestCase12,T
Incorrect_Control_Statement_2_T_Loop23_TestCase13,T
Incorrect_Control_Statement_2_T_Loop23_TestCase14,T
Incorrect_Control_Statement_2_T_Loop23_TestCase15,T
Incorrect_Control_Statement_2_T_Loop23_TestCase16,T
Incorrect_Control_Statement_2_T_Loop23_TestCase17,T
Incorrect_Control_Statement_2_T_Loop23_TestCase18,T
Incorrect_Control_Statement_2_T_Loop23_TestCase19,T
Incorrect_Control_Statement_2_T_Loop23_TestCase20,T
Incorrect_Control_Statement_2_T_TestCase1_Loop17,T
Incorrect_Control_Statement_2_T_TestCase2_Loop17,T
Incorrect_Control_Statement_2_T_TestCase3_Loop17,T
Incorrect_Control_Statement_2_T_TestCase4_Loop17,T
Incorrect_Control_Statement_2_T_TestCase5_Loop17,T
Incorrect_Control_Statement_2_T_TestCase6_Loop17,T
Incorrect_Control_Statement_2_T_TestCase7_Loop17,T
Incorrect_Control_Statement_2_T_TestCase8_Loop17,T
Incorrect_Control_Statement_2_T_TestCase9_Loop17,T
Incorrect_Control_Statement_2_T_TestCase10_Loop17,T
Incorrect_Control_Statement_2_T_TestCase11_Loop17,T
Incorrect_Control_Statement_2_T_TestCase12_Loop17,T
Incorrect_Control_Statement_2_T_TestCase13_Loop17,T
Incorrect_Control_Statement_2_T_TestCase14_Loop17,T
Incorrect_Control_Statement_2_T_TestCase15_Loop17,T
Incorrect_Control_Statement_2_T_TestCase16_Loop17,T
Incorrect_Control_Statement_2_T_TestCase17_Loop17,T
Incorrect_Control_Statement_2_T_TestCase18_Loop17,T
Incorrect_Control_Statement_2_T_TestCase19_Loop17,T
Incorrect_Control_Statement_2_T_TestCase20_Loop17,T
Incorrect_Control_Statement_2_T_TestCase1_Loop23,T
Incorrect_Control_Statement_2_T_TestCase2_Loop23,T
Incorrect_Control_Statement_2_T_TestCase3_Loop23,T
Incorrect_Control_Statement_2_T_TestCase4_Loop23,T
Incorrect_Control_Statement_2_T_TestCase5_Loop23,T
Incorrect_Control_Statement_2_T_TestCase6_Loop23,T
Incorrect_Control_Statement_2_T_TestCase7_Loop23,T
Incorrect_Control_Statement_2_T_TestCase8_Loop23,T
Incorrect_Control_Statement_2_T_TestCase9_Loop23,T
Incorrect_Control_Statement_2_T_TestCase10_Loop23,T
Incorrect_Control_Statement_2_T_TestCase11_Loop23,T
Incorrect_Control_Statement_2_T_TestCase12_Loop23,T
Incorrect_Control_Statement_2_T_TestCase13_Loop23,T
Incorrect_Control_Statement_2_T_TestCase14_Loop23,T
Incorrect_Control_Statement_2_T_TestCase15_Loop23,T
Incorrect_Control_Statement_2_T_TestCase16_Loop23,T
Incorrect_Control_Statement_2_T_TestCase17_Loop23,T
Incorrect_Control_Statement_2_T_TestCase18_Loop23,T
Incorrect_Control_Statement_2_T_TestCase19_Loop23,T
Incorrect_Control_Statement_2_T_TestCase20_Loop23,T
Incorrect_Initialization_1_NT,NT
Incorrect_Initialization_1_NT_Loop16,NT
Incorrect_Initialization_1_NT_Loop19,NT
Incorrect_Initialization_1_NT_Loop32,T
Incorrect_Initialization_1_NT_Loop36,NT
Incorrect_Initialization_1_NT_TestCase1,NT
Incorrect_Initialization_1_NT_TestCase2,NT
Incorrect_Initialization_1_NT_TestCase3,NT
Incorrect_Initialization_1_NT_TestCase4,NT
Incorrect_Initialization_1_NT_TestCase5,NT
Incorrect_Initialization_1_NT_TestCase6,NT
Incorrect_Initialization_1_NT_TestCase7,NT
Incorrect_Initialization_1_NT_TestCase8,NT
Incorrect_Initialization_1_NT_TestCase9,NT
Incorrect_Initialization_1_NT_TestCase10,NT
Incorrect_Initialization_1_NT_Loop16_TestCase1,NT
Incorrect_Initialization_1_NT_Loop16_TestCase2,NT
Incorrect_Initialization_1_NT_Loop16_TestCase3,NT
Incorrect_Initialization_1_NT_Loop16_TestCase4,NT
Incorrect_Initialization_1_NT_Loop16_TestCase5,NT
Incorrect_Initialization_1_NT_Loop16_TestCase6,NT
Incorrect_Initialization_1_NT_Loop16_TestCase7,NT
Incorrect_Initialization_1_NT_Loop16_TestCase8,NT
Incorrect_Initialization_1_NT_Loop16_TestCase9,NT
Incorrect_Initialization_1_NT_Loop16_TestCase10,NT
Incorrect_Initialization_1_NT_Loop19_TestCase1,NT
Incorrect_Initialization_1_NT_Loop19_TestCase2,NT
Incorrect_Initialization_1_NT_Loop19_TestCase3,NT
Incorrect_Initialization_1_NT_Loop19_TestCase4,NT
Incorrect_Initialization_1_NT_Loop19_TestCase5,NT
Incorrect_Initialization_1_NT_Loop19_TestCase6,NT
Incorrect_Initialization_1_NT_Loop19_TestCase7,NT
Incorrect_Initialization_1_NT_Loop19_TestCase8,NT
Incorrect_Initialization_1_NT_Loop19_TestCase9,NT
Incorrect_Initialization_1_NT_Loop19_TestCase10,NT
Incorrect_Initialization_1_NT_Loop32_TestCase1,T
Incorrect_Initialization_1_NT_Loop32_TestCase2,T
Incorrect_Initialization_1_NT_Loop32_TestCase3,T
Incorrect_Initialization_1_NT_Loop32_TestCase4,T
Incorrect_Initialization_1_NT_Loop32_TestCase5,T
Incorrect_Initialization_1_NT_Loop32_TestCase6,T
Incorrect_Initialization_1_NT_Loop32_TestCase7,T
Incorrect_Initialization_1_NT_Loop32_TestCase8,T
Incorrect_Initialization_1_NT_Loop32_TestCase9,T
Incorrect_Initialization_1_NT_Loop32_TestCase10,T
Incorrect_Initialization_1_NT_Loop36_TestCase1,NT
Incorrect_Initialization_1_NT_Loop36_TestCase2,NT
Incorrect_Initialization_1_NT_Loop36_TestCase3,NT
Incorrect_Initialization_1_NT_Loop36_TestCase4,NT
Incorrect_Initialization_1_NT_Loop36_TestCase5,NT
Incorrect_Initialization_1_NT_Loop36_TestCase6,NT
Incorrect_Initialization_1_NT_Loop36_TestCase7,NT
Incorrect_Initialization_1_NT_Loop36_TestCase8,NT
Incorrect_Initialization_1_NT_Loop36_TestCase9,NT
Incorrect_Initialization_1_NT_Loop36_TestCase10,NT
Incorrect_Initialization_1_NT_TestCase1_Loop16,NT
Incorrect_Initialization_1_NT_TestCase2_Loop16,NT
Incorrect_Initialization_1_NT_TestCase3_Loop16,NT
Incorrect_Initialization_1_NT_TestCase4_Loop16,NT
Incorrect_Initialization_1_NT_TestCase5_Loop16,NT
Incorrect_Initialization_1_NT_TestCase6_Loop16,NT
Incorrect_Initialization_1_NT_TestCase7_Loop16,NT
Incorrect_Initialization_1_NT_TestCase8_Loop16,NT
Incorrect_Initialization_1_NT_TestCase9_Loop16,NT
Incorrect_Initialization_1_NT_TestCase10_Loop16,NT
Incorrect_Initialization_1_NT_TestCase1_Loop19,NT
Incorrect_Initialization_1_NT_TestCase2_Loop19,NT
Incorrect_Initialization_1_NT_TestCase3_Loop19,NT
Incorrect_Initialization_1_NT_TestCase4_Loop19,NT
Incorrect_Initialization_1_NT_TestCase5_Loop19,NT
Incorrect_Initialization_1_NT_TestCase6_Loop19,NT
Incorrect_Initialization_1_NT_TestCase7_Loop19,NT
Incorrect_Initialization_1_NT_TestCase8_Loop19,NT
Incorrect_Initialization_1_NT_TestCase9_Loop19,NT
Incorrect_Initialization_1_NT_TestCase10_Loop19,NT
Incorrect_Initialization_1_NT_TestCase1_Loop32,T
Incorrect_Initialization_1_NT_TestCase2_Loop32,T
Incorrect_Initialization_1_NT_TestCase3_Loop32,T
Incorrect_Initialization_1_NT_TestCase4_Loop32,T
Incorrect_Initialization_1_NT_TestCase5_Loop32,T
Incorrect_Initialization_1_NT_TestCase6_Loop32,T
Incorrect_Initialization_1_NT_TestCase7_Loop32,T
Incorrect_Initialization_1_NT_TestCase8_Loop32,T
Incorrect_Initialization_1_NT_TestCase9_Loop32,T
Incorrect_Initialization_1_NT_TestCase10_Loop32,T
Incorrect_Initialization_1_NT_TestCase1_Loop36,NT
Incorrect_Initialization_1_NT_TestCase2_Loop36,NT
Incorrect_Initialization_1_NT_TestCase3_Loop36,NT
Incorrect_Initialization_1_NT_TestCase4_Loop36,NT
Incorrect_Initialization_1_NT_TestCase5_Loop36,NT
Incorrect_Initialization_1_NT_TestCase6_Loop36,NT
Incorrect_Initialization_1_NT_TestCase7_Loop36,NT
Incorrect_Initialization_1_NT_TestCase8_Loop36,NT
Incorrect_Initialization_1_NT_TestCase9_Loop36,NT
Incorrect_Initialization_1_NT_TestCase10_Loop36,NT
Incorrect_Initialization_1_T,T
Incorrect_Initialization_1_T_Loop15,T
Incorrect_Initialization_1_T_Loop18,T
Incorrect_Initialization_1_T_Loop31,T
Incorrect_Initialization_1_T_Loop35,T
Incorrect_Initialization_1_T_TestCase1,T
Incorrect_Initialization_1_T_TestCase2,T
Incorrect_Initialization_1_T_TestCase3,T
Incorrect_Initialization_1_T_TestCase4,T
Incorrect_Initialization_1_T_TestCase5,T
Incorrect_Initialization_1_T_TestCase6,T
Incorrect_Initialization_1_T_TestCase7,T
Incorrect_Initialization_1_T_TestCase8,T
Incorrect_Initialization_1_T_TestCase9,T
Incorrect_Initialization_1_T_TestCase10,T
Incorrect_Initialization_1_T_TestCase11,T
Incorrect_Initialization_1_T_TestCase12,T
Incorrect_Initialization_1_T_TestCase13,T
Incorrect_Initialization_1_T_TestCase14,T
Incorrect_Initialization_1_T_TestCase15,T
Incorrect_Initialization_1_T_TestCase16,T
Incorrect_Initialization_1_T_TestCase17,T
Incorrect_Initialization_1_T_TestCase18,T
Incorrect_Initialization_1_T_TestCase19,T
Incorrect_Initialization_1_T_TestCase20,T
Incorrect_Initialization_1_T_Loop15_TestCase1,T
Incorrect_Initialization_1_T_Loop15_TestCase2,T
Incorrect_Initialization_1_T_Loop15_TestCase3,T
Incorrect_Initialization_1_T_Loop15_TestCase4,T
Incorrect_Initialization_1_T_Loop15_TestCase5,T
Incorrect_Initialization_1_T_Loop15_TestCase6,T
Incorrect_Initialization_1_T_Loop15_TestCase7,T
Incorrect_Initialization_1_T_Loop15_TestCase8,T
Incorrect_Initialization_1_T_Loop15_TestCase9,T
Incorrect_Initialization_1_T_Loop15_TestCase10,T
Incorrect_Initialization_1_T_Loop15_TestCase11,T
Incorrect_Initialization_1_T_Loop15_TestCase12,T
Incorrect_Initialization_1_T_Loop15_TestCase13,T
Incorrect_Initialization_1_T_Loop15_TestCase14,T
Incorrect_Initialization_1_T_Loop15_TestCase15,T
Incorrect_Initialization_1_T_Loop15_TestCase16,T
Incorrect_Initialization_1_T_Loop15_TestCase17,T
Incorrect_Initialization_1_T_Loop15_TestCase18,T
Incorrect_Initialization_1_T_Loop15_TestCase19,T
Incorrect_Initialization_1_T_Loop15_TestCase20,T
Incorrect_Initialization_1_T_Loop18_TestCase1,T
Incorrect_Initialization_1_T_Loop18_TestCase2,T
Incorrect_Initialization_1_T_Loop18_TestCase3,T
Incorrect_Initialization_1_T_Loop18_TestCase4,T
Incorrect_Initialization_1_T_Loop18_TestCase5,T
Incorrect_Initialization_1_T_Loop18_TestCase6,T
Incorrect_Initialization_1_T_Loop18_TestCase7,T
Incorrect_Initialization_1_T_Loop18_TestCase8,T
Incorrect_Initialization_1_T_Loop18_TestCase9,T
Incorrect_Initialization_1_T_Loop18_TestCase10,T
Incorrect_Initialization_1_T_Loop18_TestCase11,T
Incorrect_Initialization_1_T_Loop18_TestCase12,T
Incorrect_Initialization_1_T_Loop18_TestCase13,T
Incorrect_Initialization_1_T_Loop18_TestCase14,T
Incorrect_Initialization_1_T_Loop18_TestCase15,T
Incorrect_Initialization_1_T_Loop18_TestCase16,T
Incorrect_Initialization_1_T_Loop18_TestCase17,T
Incorrect_Initialization_1_T_Loop18_TestCase18,T
Incorrect_Initialization_1_T_Loop18_TestCase19,T
Incorrect_Initialization_1_T_Loop18_TestCase20,T
Incorrect_Initialization_1_T_Loop31_TestCase1,T
Incorrect_Initialization_1_T_Loop31_TestCase2,T
Incorrect_Initialization_1_T_Loop31_TestCase3,T
Incorrect_Initialization_1_T_Loop31_TestCase4,T
Incorrect_Initialization_1_T_Loop31_TestCase5,T
Incorrect_Initialization_1_T_Loop31_TestCase6,T
Incorrect_Initialization_1_T_Loop31_TestCase7,T
Incorrect_Initialization_1_T_Loop31_TestCase8,T
Incorrect_Initialization_1_T_Loop31_TestCase9,T
Incorrect_Initialization_1_T_Loop31_TestCase10,T
Incorrect_Initialization_1_T_Loop31_TestCase11,T
Incorrect_Initialization_1_T_Loop31_TestCase12,T
Incorrect_Initialization_1_T_Loop31_TestCase13,T
Incorrect_Initialization_1_T_Loop31_TestCase14,T
Incorrect_Initialization_1_T_Loop31_TestCase15,T
Incorrect_Initialization_1_T_Loop31_TestCase16,T
Incorrect_Initialization_1_T_Loop31_TestCase17,T
Incorrect_Initialization_1_T_Loop31_TestCase18,T
Incorrect_Initialization_1_T_Loop31_TestCase19,T
Incorrect_Initialization_1_T_Loop31_TestCase20,T
Incorrect_Initialization_1_T_Loop35_TestCase1,T
Incorrect_Initialization_1_T_Loop35_TestCase2,T
Incorrect_Initialization_1_T_Loop35_TestCase3,T
Incorrect_Initialization_1_T_Loop35_TestCase4,T
Incorrect_Initialization_1_T_Loop35_TestCase5,T
Incorrect_Initialization_1_T_Loop35_TestCase6,T
Incorrect_Initialization_1_T_Loop35_TestCase7,T
Incorrect_Initialization_1_T_Loop35_TestCase8,T
Incorrect_Initialization_1_T_Loop35_TestCase9,T
Incorrect_Initialization_1_T_Loop35_TestCase10,T
Incorrect_Initialization_1_T_Loop35_TestCase11,T
Incorrect_Initialization_1_T_Loop35_TestCase12,T
Incorrect_Initialization_1_T_Loop35_TestCase13,T
Incorrect_Initialization_1_T_Loop35_TestCase14,T
Incorrect_Initialization_1_T_Loop35_TestCase15,T
Incorrect_Initialization_1_T_Loop35_TestCase16,T
Incorrect_Initialization_1_T_Loop35_TestCase17,T
Incorrect_Initialization_1_T_Loop35_TestCase18,T
Incorrect_Initialization_1_T_Loop35_TestCase19,T
Incorrect_Initialization_1_T_Loop35_TestCase20,T
Incorrect_Initialization_1_T_TestCase1_Loop15,T
Incorrect_Initialization_1_T_TestCase2_Loop15,T
Incorrect_Initialization_1_T_TestCase3_Loop15,T
Incorrect_Initialization_1_T_TestCase4_Loop15,T
Incorrect_Initialization_1_T_TestCase5_Loop15,T
Incorrect_Initialization_1_T_TestCase6_Loop15,T
Incorrect_Initialization_1_T_TestCase7_Loop15,T
Incorrect_Initialization_1_T_TestCase8_Loop15,T
Incorrect_Initialization_1_T_TestCase9_Loop15,T
Incorrect_Initialization_1_T_TestCase10_Loop15,T
Incorrect_Initialization_1_T_TestCase11_Loop15,T
Incorrect_Initialization_1_T_TestCase12_Loop15,T
Incorrect_Initialization_1_T_TestCase13_Loop15,T
Incorrect_Initialization_1_T_TestCase14_Loop15,T
Incorrect_Initialization_1_T_TestCase15_Loop15,T
Incorrect_Initialization_1_T_TestCase16_Loop15,T
Incorrect_Initialization_1_T_TestCase17_Loop15,T
Incorrect_Initialization_1_T_TestCase18_Loop15,T
Incorrect_Initialization_1_T_TestCase19_Loop15,T
Incorrect_Initialization_1_T_TestCase20_Loop15,T
Incorrect_Initialization_1_T_TestCase1_Loop18,T
Incorrect_Initialization_1_T_TestCase2_Loop18,T
Incorrect_Initialization_1_T_TestCase3_Loop18,T
Incorrect_Initialization_1_T_TestCase4_Loop18,T
Incorrect_Initialization_1_T_TestCase5_Loop18,T
Incorrect_Initialization_1_T_TestCase6_Loop18,T
Incorrect_Initialization_1_T_TestCase7_Loop18,T
Incorrect_Initialization_1_T_TestCase8_Loop18,T
Incorrect_Initialization_1_T_TestCase9_Loop18,T
Incorrect_Initialization_1_T_TestCase10_Loop18,T
Incorrect_Initialization_1_T_TestCase11_Loop18,T
Incorrect_Initialization_1_T_TestCase12_Loop18,T
Incorrect_Initialization_1_T_TestCase13_Loop18,T
Incorrect_Initialization_1_T_TestCase14_Loop18,T
Incorrect_Initialization_1_T_TestCase15_Loop18,T
Incorrect_Initialization_1_T_TestCase16_Loop18,T
Incorrect_Initialization_1_T_TestCase17_Loop18,T
Incorrect_Initialization_1_T_TestCase18_Loop18,T
Incorrect_Initialization_1_T_TestCase19_Loop18,T
Incorrect_Initialization_1_T_TestCase20_Loop18,T
Incorrect_Initialization_1_T_TestCase1_Loop31,T
Incorrect_Initialization_1_T_TestCase2_Loop31,T
Incorrect_Initialization_1_T_TestCase3_Loop31,T
Incorrect_Initialization_1_T_TestCase4_Loop31,T
Incorrect_Initialization_1_T_TestCase5_Loop31,T
Incorrect_Initialization_1_T_TestCase6_Loop31,T
Incorrect_Initialization_1_T_TestCase7_Loop31,T
Incorrect_Initialization_1_T_TestCase8_Loop31,T
Incorrect_Initialization_1_T_TestCase9_Loop31,T
Incorrect_Initialization_1_T_TestCase10_Loop31,T
Incorrect_Initialization_1_T_TestCase11_Loop31,T
Incorrect_Initialization_1_T_TestCase12_Loop31,T
Incorrect_Initialization_1_T_TestCase13_Loop31,T
Incorrect_Initialization_1_T_TestCase14_Loop31,T
Incorrect_Initialization_1_T_TestCase15_Loop31,T
Incorrect_Initialization_1_T_TestCase16_Loop31,T
Incorrect_Initialization_1_T_TestCase17_Loop31,T
Incorrect_Initialization_1_T_TestCase18_Loop31,T
Incorrect_Initialization_1_T_TestCase19_Loop31,T
Incorrect_Initialization_1_T_TestCase20_Loop31,T
Incorrect_Initialization_1_T_TestCase1_Loop35,T
Incorrect_Initialization_1_T_TestCase2_Loop35,T
Incorrect_Initialization_1_T_TestCase3_Loop35,T
Incorrect_Initialization_1_T_TestCase4_Loop35,T
Incorrect_Initialization_1_T_TestCase5_Loop35,T
Incorrect_Initialization_1_T_TestCase6_Loop35,T
Incorrect_Initialization_1_T_TestCase7_Loop35,T
Incorrect_Initialization_1_T_TestCase8_Loop35,T
Incorrect_Initialization_1_T_TestCase9_Loop35,T
Incorrect_Initialization_1_T_TestCase10_Loop35,T
Incorrect_Initialization_1_T_TestCase11_Loop35,T
Incorrect_Initialization_1_T_TestCase12_Loop35,T
Incorrect_Initialization_1_T_TestCase13_Loop35,T
Incorrect_Initialization_1_T_TestCase14_Loop35,T
Incorrect_Initialization_1_T_TestCase15_Loop35,T
Incorrect_Initialization_1_T_TestCase16_Loop35,T
Incorrect_Initialization_1_T_TestCase17_Loop35,T
Incorrect_Initialization_1_T_TestCase18_Loop35,T
Incorrect_Initialization_1_T_TestCase19_Loop35,T
Incorrect_Initialization_1_T_TestCase20_Loop35,T
Incorrect_Initialization_2_NT,NT
Incorrect_Initialization_2_NT_Loop29,NT
Incorrect_Initialization_2_NT_Loop31,NT
Incorrect_Initialization_2_NT_TestCase1,T
Incorrect_Initialization_2_NT_TestCase2,T
Incorrect_Initialization_2_NT_TestCase3,T
Incorrect_Initialization_2_NT_TestCase4,T
Incorrect_Initialization_2_NT_TestCase5,T
Incorrect_Initialization_2_NT_TestCase6,T
Incorrect_Initialization_2_NT_TestCase7,T
Incorrect_Initialization_2_NT_TestCase8,T
Incorrect_Initialization_2_NT_TestCase9,T
Incorrect_Initialization_2_NT_TestCase10,T
Incorrect_Initialization_2_NT_TestCase11,NT
Incorrect_Initialization_2_NT_TestCase12,NT
Incorrect_Initialization_2_NT_TestCase13,NT
Incorrect_Initialization_2_NT_TestCase14,NT
Incorrect_Initialization_2_NT_TestCase15,NT
Incorrect_Initialization_2_NT_TestCase16,NT
Incorrect_Initialization_2_NT_TestCase17,NT
Incorrect_Initialization_2_NT_TestCase18,NT
Incorrect_Initialization_2_NT_TestCase19,NT
Incorrect_Initialization_2_NT_TestCase20,NT
Incorrect_Initialization_2_NT_Loop29_TestCase1,T
Incorrect_Initialization_2_NT_Loop29_TestCase2,T
Incorrect_Initialization_2_NT_Loop29_TestCase3,T
Incorrect_Initialization_2_NT_Loop29_TestCase4,T
Incorrect_Initialization_2_NT_Loop29_TestCase5,T
Incorrect_Initialization_2_NT_Loop29_TestCase6,T
Incorrect_Initialization_2_NT_Loop29_TestCase7,T
Incorrect_Initialization_2_NT_Loop29_TestCase8,T
Incorrect_Initialization_2_NT_Loop29_TestCase9,T
Incorrect_Initialization_2_NT_Loop29_TestCase10,T
Incorrect_Initialization_2_NT_Loop29_TestCase11,NT
Incorrect_Initialization_2_NT_Loop29_TestCase12,NT
Incorrect_Initialization_2_NT_Loop29_TestCase13,NT
Incorrect_Initialization_2_NT_Loop29_TestCase14,NT
Incorrect_Initialization_2_NT_Loop29_TestCase15,NT
Incorrect_Initialization_2_NT_Loop29_TestCase16,NT
Incorrect_Initialization_2_NT_Loop29_TestCase17,NT
Incorrect_Initialization_2_NT_Loop29_TestCase18,NT
Incorrect_Initialization_2_NT_Loop29_TestCase19,NT
Incorrect_Initialization_2_NT_Loop29_TestCase20,NT
Incorrect_Initialization_2_NT_Loop31_TestCase1,T
Incorrect_Initialization_2_NT_Loop31_TestCase2,T
Incorrect_Initialization_2_NT_Loop31_TestCase3,T
Incorrect_Initialization_2_NT_Loop31_TestCase4,T
Incorrect_Initialization_2_NT_Loop31_TestCase5,T
Incorrect_Initialization_2_NT_Loop31_TestCase6,T
Incorrect_Initialization_2_NT_Loop31_TestCase7,T
Incorrect_Initialization_2_NT_Loop31_TestCase8,T
Incorrect_Initialization_2_NT_Loop31_TestCase9,T
Incorrect_Initialization_2_NT_Loop31_TestCase10,T
Incorrect_Initialization_2_NT_Loop31_TestCase11,NT
Incorrect_Initialization_2_NT_Loop31_TestCase12,NT
Incorrect_Initialization_2_NT_Loop31_TestCase13,NT
Incorrect_Initialization_2_NT_Loop31_TestCase14,NT
Incorrect_Initialization_2_NT_Loop31_TestCase15,NT
Incorrect_Initialization_2_NT_Loop31_TestCase16,NT
Incorrect_Initialization_2_NT_Loop31_TestCase17,NT
Incorrect_Initialization_2_NT_Loop31_TestCase18,NT
Incorrect_Initialization_2_NT_Loop31_TestCase19,NT
Incorrect_Initialization_2_NT_Loop31_TestCase20,NT
Incorrect_Initialization_2_NT_TestCase1_Loop29,T
Incorrect_Initialization_2_NT_TestCase2_Loop29,T
Incorrect_Initialization_2_NT_TestCase3_Loop29,T
Incorrect_Initialization_2_NT_TestCase4_Loop29,T
Incorrect_Initialization_2_NT_TestCase5_Loop29,T
Incorrect_Initialization_2_NT_TestCase6_Loop29,T
Incorrect_Initialization_2_NT_TestCase7_Loop29,T
Incorrect_Initialization_2_NT_TestCase8_Loop29,T
Incorrect_Initialization_2_NT_TestCase9_Loop29,T
Incorrect_Initialization_2_NT_TestCase10_Loop29,T
Incorrect_Initialization_2_NT_TestCase11_Loop29,NT
Incorrect_Initialization_2_NT_TestCase12_Loop29,NT
Incorrect_Initialization_2_NT_TestCase13_Loop29,NT
Incorrect_Initialization_2_NT_TestCase14_Loop29,NT
Incorrect_Initialization_2_NT_TestCase15_Loop29,NT
Incorrect_Initialization_2_NT_TestCase16_Loop29,NT
Incorrect_Initialization_2_NT_TestCase17_Loop29,NT
Incorrect_Initialization_2_NT_TestCase18_Loop29,NT
Incorrect_Initialization_2_NT_TestCase19_Loop29,NT
Incorrect_Initialization_2_NT_TestCase20_Loop29,NT
Incorrect_Initialization_2_NT_TestCase1_Loop31,T
Incorrect_Initialization_2_NT_TestCase2_Loop31,T
Incorrect_Initialization_2_NT_TestCase3_Loop31,T
Incorrect_Initialization_2_NT_TestCase4_Loop31,T
Incorrect_Initialization_2_NT_TestCase5_Loop31,T
Incorrect_Initialization_2_NT_TestCase6_Loop31,T
Incorrect_Initialization_2_NT_TestCase7_Loop31,T
Incorrect_Initialization_2_NT_TestCase8_Loop31,T
Incorrect_Initialization_2_NT_TestCase9_Loop31,T
Incorrect_Initialization_2_NT_TestCase10_Loop31,T
Incorrect_Initialization_2_NT_TestCase11_Loop31,NT
Incorrect_Initialization_2_NT_TestCase12_Loop31,NT
Incorrect_Initialization_2_NT_TestCase13_Loop31,NT
Incorrect_Initialization_2_NT_TestCase14_Loop31,NT
Incorrect_Initialization_2_NT_TestCase15_Loop31,NT
Incorrect_Initialization_2_NT_TestCase16_Loop31,NT
Incorrect_Initialization_2_NT_TestCase17_Loop31,NT
Incorrect_Initialization_2_NT_TestCase18_Loop31,NT
Incorrect_Initialization_2_NT_TestCase19_Loop31,NT
Incorrect_Initialization_2_NT_TestCase20_Loop31,NT
Incorrect_Initialization_2_T,NT
Incorrect_Initialization_2_T_Loop26,NT
Incorrect_Initialization_2_T_Loop29,NT
Incorrect_Initialization_2_T_TestCase1,T
Incorrect_Initialization_2_T_TestCase2,T
Incorrect_Initialization_2_T_TestCase3,T
Incorrect_Initialization_2_T_TestCase4,T
Incorrect_Initialization_2_T_TestCase5,T
Incorrect_Initialization_2_T_TestCase6,T
Incorrect_Initialization_2_T_TestCase7,T
Incorrect_Initialization_2_T_TestCase8,T
Incorrect_Initialization_2_T_TestCase9,T
Incorrect_Initialization_2_T_TestCase10,NT
Incorrect_Initialization_2_T_TestCase11,NT
Incorrect_Initialization_2_T_TestCase12,NT
Incorrect_Initialization_2_T_TestCase13,NT
Incorrect_Initialization_2_T_TestCase14,NT
Incorrect_Initialization_2_T_TestCase15,NT
Incorrect_Initialization_2_T_TestCase16,NT
Incorrect_Initialization_2_T_TestCase17,NT
Incorrect_Initialization_2_T_TestCase18,NT
Incorrect_Initialization_2_T_TestCase19,NT
Incorrect_Initialization_2_T_TestCase20,NT
Incorrect_Initialization_2_T_Loop26_TestCase1,T
Incorrect_Initialization_2_T_Loop26_TestCase2,T
Incorrect_Initialization_2_T_Loop26_TestCase3,T
Incorrect_Initialization_2_T_Loop26_TestCase4,T
Incorrect_Initialization_2_T_Loop26_TestCase5,T
Incorrect_Initialization_2_T_Loop26_TestCase6,T
Incorrect_Initialization_2_T_Loop26_TestCase7,T
Incorrect_Initialization_2_T_Loop26_TestCase8,T
Incorrect_Initialization_2_T_Loop26_TestCase9,T
Incorrect_Initialization_2_T_Loop26_TestCase10,T
Incorrect_Initialization_2_T_Loop26_TestCase11,NT
Incorrect_Initialization_2_T_Loop26_TestCase12,NT
Incorrect_Initialization_2_T_Loop26_TestCase13,NT
Incorrect_Initialization_2_T_Loop26_TestCase14,NT
Incorrect_Initialization_2_T_Loop26_TestCase15,NT
Incorrect_Initialization_2_T_Loop26_TestCase16,NT
Incorrect_Initialization_2_T_Loop26_TestCase17,NT
Incorrect_Initialization_2_T_Loop26_TestCase18,NT
Incorrect_Initialization_2_T_Loop26_TestCase19,NT
Incorrect_Initialization_2_T_Loop26_TestCase20,NT
Incorrect_Initialization_2_T_Loop29_TestCase1,T
Incorrect_Initialization_2_T_Loop29_TestCase2,T
Incorrect_Initialization_2_T_Loop29_TestCase3,T
Incorrect_Initialization_2_T_Loop29_TestCase4,T
Incorrect_Initialization_2_T_Loop29_TestCase5,T
Incorrect_Initialization_2_T_Loop29_TestCase6,T
Incorrect_Initialization_2_T_Loop29_TestCase7,T
Incorrect_Initialization_2_T_Loop29_TestCase8,T
Incorrect_Initialization_2_T_Loop29_TestCase9,T
Incorrect_Initialization_2_T_Loop29_TestCase10,T
Incorrect_Initialization_2_T_Loop29_TestCase11,NT
Incorrect_Initialization_2_T_Loop29_TestCase12,NT
Incorrect_Initialization_2_T_Loop29_TestCase13,NT
Incorrect_Initialization_2_T_Loop29_TestCase14,NT
Incorrect_Initialization_2_T_Loop29_TestCase15,NT
Incorrect_Initialization_2_T_Loop29_TestCase16,NT
Incorrect_Initialization_2_T_Loop29_TestCase17,NT
Incorrect_Initialization_2_T_Loop29_TestCase18,NT
Incorrect_Initialization_2_T_Loop29_TestCase19,NT
Incorrect_Initialization_2_T_Loop29_TestCase20,NT
Incorrect_Initialization_2_T_TestCase1_Loop26,T
Incorrect_Initialization_2_T_TestCase2_Loop26,T
Incorrect_Initialization_2_T_TestCase3_Loop26,T
Incorrect_Initialization_2_T_TestCase4_Loop26,T
Incorrect_Initialization_2_T_TestCase5_Loop26,T
Incorrect_Initialization_2_T_TestCase6_Loop26,T
Incorrect_Initialization_2_T_TestCase7_Loop26,T
Incorrect_Initialization_2_T_TestCase8_Loop26,T
Incorrect_Initialization_2_T_TestCase9_Loop26,T
Incorrect_Initialization_2_T_TestCase10_Loop26,T
Incorrect_Initialization_2_T_TestCase11_Loop26,NT
Incorrect_Initialization_2_T_TestCase12_Loop26,NT
Incorrect_Initialization_2_T_TestCase13_Loop26,NT
Incorrect_Initialization_2_T_TestCase14_Loop26,NT
Incorrect_Initialization_2_T_TestCase15_Loop26,NT
Incorrect_Initialization_2_T_TestCase16_Loop26,NT
Incorrect_Initialization_2_T_TestCase17_Loop26,NT
Incorrect_Initialization_2_T_TestCase18_Loop26,NT
Incorrect_Initialization_2_T_TestCase19_Loop26,NT
Incorrect_Initialization_2_T_TestCase20_Loop26,NT
Incorrect_Initialization_2_T_TestCase1_Loop29,T
Incorrect_Initialization_2_T_TestCase2_Loop29,T
Incorrect_Initialization_2_T_TestCase3_Loop29,T
Incorrect_Initialization_2_T_TestCase4_Loop29,T
Incorrect_Initialization_2_T_TestCase5_Loop29,T
Incorrect_Initialization_2_T_TestCase6_Loop29,T
Incorrect_Initialization_2_T_TestCase7_Loop29,T
Incorrect_Initialization_2_T_TestCase8_Loop29,T
Incorrect_Initialization_2_T_TestCase9_Loop29,T
Incorrect_Initialization_2_T_TestCase10_Loop29,T
Incorrect_Initialization_2_T_TestCase11_Loop29,NT
Incorrect_Initialization_2_T_TestCase12_Loop29,NT
Incorrect_Initialization_2_T_TestCase13_Loop29,NT
Incorrect_Initialization_2_T_TestCase14_Loop29,NT
Incorrect_Initialization_2_T_TestCase15_Loop29,NT
Incorrect_Initialization_2_T_TestCase16_Loop29,NT
Incorrect_Initialization_2_T_TestCase17_Loop29,NT
Incorrect_Initialization_2_T_TestCase18_Loop29,NT
Incorrect_Initialization_2_T_TestCase19_Loop29,NT
Incorrect_Initialization_2_T_TestCase20_Loop29,NT
Incorrect_Initialization_3_NT,NT
Incorrect_Initialization_3_NT_Loop10,NT
Incorrect_Initialization_3_NT_Loop21,T
Incorrect_Initialization_3_NT_Loop25,NT
Incorrect_Initialization_3_NT_TestCase0,NT
Incorrect_Initialization_3_NT_Loop10_TestCase0,NT
Incorrect_Initialization_3_NT_Loop21_TestCase0,T
Incorrect_Initialization_3_NT_Loop25_TestCase0,NT
Incorrect_Initialization_3_NT_TestCase0_Loop10,NT
Incorrect_Initialization_3_NT_TestCase0_Loop21,T
Incorrect_Initialization_3_NT_TestCase0_Loop25,NT
Incorrect_Initialization_3_T,T
Incorrect_Initialization_3_T_Loop10,T
Incorrect_Initialization_3_T_Loop21,T
Incorrect_Initialization_3_T_Loop25,T
Incorrect_Initialization_3_T_TestCase0,T
Incorrect_Initialization_3_T_Loop10_TestCase0,T
Incorrect_Initialization_3_T_Loop21_TestCase0,T
Incorrect_Initialization_3_T_Loop25_TestCase0,T
Incorrect_Initialization_3_T_TestCase0_Loop10,T
Incorrect_Initialization_3_T_TestCase0_Loop21,T
Incorrect_Initialization_3_T_TestCase0_Loop25,T
Incorrect_Initialization_4_NT,NT
Incorrect_Initialization_4_NT_Loop19,NT
Incorrect_Initialization_4_NT_TestCase1,T
Incorrect_Initialization_4_NT_TestCase2,T
Incorrect_Initialization_4_NT_TestCase3,T
Incorrect_Initialization_4_NT_TestCase4,T
Incorrect_Initialization_4_NT_TestCase5,T
Incorrect_Initialization_4_NT_TestCase6,T
Incorrect_Initialization_4_NT_TestCase7,T
Incorrect_Initialization_4_NT_TestCase8,T
Incorrect_Initialization_4_NT_TestCase9,T
Incorrect_Initialization_4_NT_TestCase10,T
Incorrect_Initialization_4_NT_TestCase11,NT
Incorrect_Initialization_4_NT_TestCase12,NT
Incorrect_Initialization_4_NT_TestCase13,NT
Incorrect_Initialization_4_NT_TestCase14,NT
Incorrect_Initialization_4_NT_TestCase15,NT
Incorrect_Initialization_4_NT_TestCase16,NT
Incorrect_Initialization_4_NT_TestCase17,NT
Incorrect_Initialization_4_NT_TestCase18,NT
Incorrect_Initialization_4_NT_TestCase19,NT
Incorrect_Initialization_4_NT_TestCase20,NT
Incorrect_Initialization_4_NT_Loop19_TestCase1,T
Incorrect_Initialization_4_NT_Loop19_TestCase2,T
Incorrect_Initialization_4_NT_Loop19_TestCase3,T
Incorrect_Initialization_4_NT_Loop19_TestCase4,T
Incorrect_Initialization_4_NT_Loop19_TestCase5,T
Incorrect_Initialization_4_NT_Loop19_TestCase6,T
Incorrect_Initialization_4_NT_Loop19_TestCase7,T
Incorrect_Initialization_4_NT_Loop19_TestCase8,T
Incorrect_Initialization_4_NT_Loop19_TestCase9,T
Incorrect_Initialization_4_NT_Loop19_TestCase10,T
Incorrect_Initialization_4_NT_Loop19_TestCase11,NT
Incorrect_Initialization_4_NT_Loop19_TestCase12,NT
Incorrect_Initialization_4_NT_Loop19_TestCase13,NT
Incorrect_Initialization_4_NT_Loop19_TestCase14,NT
Incorrect_Initialization_4_NT_Loop19_TestCase15,NT
Incorrect_Initialization_4_NT_Loop19_TestCase16,NT
Incorrect_Initialization_4_NT_Loop19_TestCase17,NT
Incorrect_Initialization_4_NT_Loop19_TestCase18,NT
Incorrect_Initialization_4_NT_Loop19_TestCase19,NT
Incorrect_Initialization_4_NT_Loop19_TestCase20,NT
Incorrect_Initialization_4_NT_TestCase1_Loop19,T
Incorrect_Initialization_4_NT_TestCase2_Loop19,T
Incorrect_Initialization_4_NT_TestCase3_Loop19,T
Incorrect_Initialization_4_NT_TestCase4_Loop19,T
Incorrect_Initialization_4_NT_TestCase5_Loop19,T
Incorrect_Initialization_4_NT_TestCase6_Loop19,T
Incorrect_Initialization_4_NT_TestCase7_Loop19,T
Incorrect_Initialization_4_NT_TestCase8_Loop19,T
Incorrect_Initialization_4_NT_TestCase9_Loop19,T
Incorrect_Initialization_4_NT_TestCase10_Loop19,T
Incorrect_Initialization_4_NT_TestCase11_Loop19,NT
Incorrect_Initialization_4_NT_TestCase12_Loop19,NT
Incorrect_Initialization_4_NT_TestCase13_Loop19,NT
Incorrect_Initialization_4_NT_TestCase14_Loop19,NT
Incorrect_Initialization_4_NT_TestCase15_Loop19,NT
Incorrect_Initialization_4_NT_TestCase16_Loop19,NT
Incorrect_Initialization_4_NT_TestCase17_Loop19,NT
Incorrect_Initialization_4_NT_TestCase18_Loop19,NT
Incorrect_Initialization_4_NT_TestCase19_Loop19,NT
Incorrect_Initialization_4_NT_TestCase20_Loop19,NT
Incorrect_Initialization_4_T,T
Incorrect_Initialization_4_T_Loop20,T
Incorrect_Initialization_4_T_TestCase1,T
Incorrect_Initialization_4_T_TestCase2,T
Incorrect_Initialization_4_T_TestCase3,T
Incorrect_Initialization_4_T_TestCase4,T
Incorrect_Initialization_4_T_TestCase5,T
Incorrect_Initialization_4_T_TestCase6,T
Incorrect_Initialization_4_T_TestCase7,T
Incorrect_Initialization_4_T_TestCase8,T
Incorrect_Initialization_4_T_TestCase9,T
Incorrect_Initialization_4_T_TestCase10,T
Incorrect_Initialization_4_T_TestCase11,T
Incorrect_Initialization_4_T_TestCase12,T
Incorrect_Initialization_4_T_TestCase13,T
Incorrect_Initialization_4_T_TestCase14,T
Incorrect_Initialization_4_T_TestCase15,T
Incorrect_Initialization_4_T_TestCase16,T
Incorrect_Initialization_4_T_TestCase17,T
Incorrect_Initialization_4_T_TestCase18,T
Incorrect_Initialization_4_T_TestCase19,T
Incorrect_Initialization_4_T_TestCase20,T
Incorrect_Initialization_4_T_Loop20_TestCase1,T
Incorrect_Initialization_4_T_Loop20_TestCase2,T
Incorrect_Initialization_4_T_Loop20_TestCase3,T
Incorrect_Initialization_4_T_Loop20_TestCase4,T
Incorrect_Initialization_4_T_Loop20_TestCase5,T
Incorrect_Initialization_4_T_Loop20_TestCase6,T
Incorrect_Initialization_4_T_Loop20_TestCase7,T
Incorrect_Initialization_4_T_Loop20_TestCase8,T
Incorrect_Initialization_4_T_Loop20_TestCase9,T
Incorrect_Initialization_4_T_Loop20_TestCase10,T
Incorrect_Initialization_4_T_Loop20_TestCase11,T
Incorrect_Initialization_4_T_Loop20_TestCase12,T
Incorrect_Initialization_4_T_Loop20_TestCase13,T
Incorrect_Initialization_4_T_Loop20_TestCase14,T
Incorrect_Initialization_4_T_Loop20_TestCase15,T
Incorrect_Initialization_4_T_Loop20_TestCase16,T
Incorrect_Initialization_4_T_Loop20_TestCase17,T
Incorrect_Initialization_4_T_Loop20_TestCase18,T
Incorrect_Initialization_4_T_Loop20_TestCase19,T
Incorrect_Initialization_4_T_Loop20_TestCase20,T
Incorrect_Initialization_4_T_TestCase1_Loop20,T
Incorrect_Initialization_4_T_TestCase2_Loop20,T
Incorrect_Initialization_4_T_TestCase3_Loop20,T
Incorrect_Initialization_4_T_TestCase4_Loop20,T
Incorrect_Initialization_4_T_TestCase5_Loop20,T
Incorrect_Initialization_4_T_TestCase6_Loop20,T
Incorrect_Initialization_4_T_TestCase7_Loop20,T
Incorrect_Initialization_4_T_TestCase8_Loop20,T
Incorrect_Initialization_4_T_TestCase9_Loop20,T
Incorrect_Initialization_4_T_TestCase10_Loop20,T
Incorrect_Initialization_4_T_TestCase11_Loop20,T
Incorrect_Initialization_4_T_TestCase12_Loop20,T
Incorrect_Initialization_4_T_TestCase13_Loop20,T
Incorrect_Initialization_4_T_TestCase14_Loop20,T
Incorrect_Initialization_4_T_TestCase15_Loop20,T
Incorrect_Initialization_4_T_TestCase16_Loop20,T
Incorrect_Initialization_4_T_TestCase17_Loop20,T
Incorrect_Initialization_4_T_TestCase18_Loop20,T
Incorrect_Initialization_4_T_TestCase19_Loop20,T
Incorrect_Initialization_4_T_TestCase20_Loop20,T
Incorrect_Update_for_Loop_Iterator_1_NT,NT
Incorrect_Update_for_Loop_Iterator_1_NT_Loop19,NT
Incorrect_Update_for_Loop_Iterator_1_NT_TestCase1,T
Incorrect_Update_for_Loop_Iterator_1_NT_TestCase2,T
Incorrect_Update_for_Loop_Iterator_1_NT_TestCase3,T
Incorrect_Update_for_Loop_Iterator_1_NT_TestCase4,T
Incorrect_Update_for_Loop_Iterator_1_NT_TestCase5,T
Incorrect_Update_for_Loop_Iterator_1_NT_TestCase6,T
Incorrect_Update_for_Loop_Iterator_1_NT_TestCase7,T
Incorrect_Update_for_Loop_Iterator_1_NT_TestCase8,T
Incorrect_Update_for_Loop_Iterator_1_NT_TestCase9,T
Incorrect_Update_for_Loop_Iterator_1_NT_TestCase10,T
Incorrect_Update_for_Loop_Iterator_1_NT_TestCase11,NT
Incorrect_Update_for_Loop_Iterator_1_NT_TestCase12,NT
Incorrect_Update_for_Loop_Iterator_1_NT_TestCase13,NT
Incorrect_Update_for_Loop_Iterator_1_NT_TestCase14,NT
Incorrect_Update_for_Loop_Iterator_1_NT_TestCase15,NT
Incorrect_Update_for_Loop_Iterator_1_NT_TestCase16,NT
Incorrect_Update_for_Loop_Iterator_1_NT_TestCase17,NT
Incorrect_Update_for_Loop_Iterator_1_NT_TestCase18,NT
Incorrect_Update_for_Loop_Iterator_1_NT_TestCase19,NT
Incorrect_Update_for_Loop_Iterator_1_NT_TestCase20,NT
Incorrect_Update_for_Loop_Iterator_1_NT_Loop19_TestCase1,T
Incorrect_Update_for_Loop_Iterator_1_NT_Loop19_TestCase2,T
Incorrect_Update_for_Loop_Iterator_1_NT_Loop19_TestCase3,T
Incorrect_Update_for_Loop_Iterator_1_NT_Loop19_TestCase4,T
Incorrect_Update_for_Loop_Iterator_1_NT_Loop19_TestCase5,T
Incorrect_Update_for_Loop_Iterator_1_NT_Loop19_TestCase6,T
Incorrect_Update_for_Loop_Iterator_1_NT_Loop19_TestCase7,T
Incorrect_Update_for_Loop_Iterator_1_NT_Loop19_TestCase8,T
Incorrect_Update_for_Loop_Iterator_1_NT_Loop19_TestCase9,T
Incorrect_Update_for_Loop_Iterator_1_NT_Loop19_TestCase10,T
Incorrect_Update_for_Loop_Iterator_1_NT_Loop19_TestCase11,NT
Incorrect_Update_for_Loop_Iterator_1_NT_Loop19_TestCase12,NT
Incorrect_Update_for_Loop_Iterator_1_NT_Loop19_TestCase13,NT
Incorrect_Update_for_Loop_Iterator_1_NT_Loop19_TestCase14,NT
Incorrect_Update_for_Loop_Iterator_1_NT_Loop19_TestCase15,NT
Incorrect_Update_for_Loop_Iterator_1_NT_Loop19_TestCase16,NT
Incorrect_Update_for_Loop_Iterator_1_NT_Loop19_TestCase17,NT
Incorrect_Update_for_Loop_Iterator_1_NT_Loop19_TestCase18,NT
Incorrect_Update_for_Loop_Iterator_1_NT_Loop19_TestCase19,NT
Incorrect_Update_for_Loop_Iterator_1_NT_Loop19_TestCase20,NT
Incorrect_Update_for_Loop_Iterator_1_NT_TestCase1_Loop19,T
Incorrect_Update_for_Loop_Iterator_1_NT_TestCase2_Loop19,T
Incorrect_Update_for_Loop_Iterator_1_NT_TestCase3_Loop19,T
Incorrect_Update_for_Loop_Iterator_1_NT_TestCase4_Loop19,T
Incorrect_Update_for_Loop_Iterator_1_NT_TestCase5_Loop19,T
Incorrect_Update_for_Loop_Iterator_1_NT_TestCase6_Loop19,T
Incorrect_Update_for_Loop_Iterator_1_NT_TestCase7_Loop19,T
Incorrect_Update_for_Loop_Iterator_1_NT_TestCase8_Loop19,T
Incorrect_Update_for_Loop_Iterator_1_NT_TestCase9_Loop19,T
Incorrect_Update_for_Loop_Iterator_1_NT_TestCase10_Loop19,T
Incorrect_Update_for_Loop_Iterator_1_NT_TestCase11_Loop19,NT
Incorrect_Update_for_Loop_Iterator_1_NT_TestCase12_Loop19,NT
Incorrect_Update_for_Loop_Iterator_1_NT_TestCase13_Loop19,NT
Incorrect_Update_for_Loop_Iterator_1_NT_TestCase14_Loop19,NT
Incorrect_Update_for_Loop_Iterator_1_NT_TestCase15_Loop19,NT
Incorrect_Update_for_Loop_Iterator_1_NT_TestCase16_Loop19,NT
Incorrect_Update_for_Loop_Iterator_1_NT_TestCase17_Loop19,NT
Incorrect_Update_for_Loop_Iterator_1_NT_TestCase18_Loop19,NT
Incorrect_Update_for_Loop_Iterator_1_NT_TestCase19_Loop19,NT
Incorrect_Update_for_Loop_Iterator_1_NT_TestCase20_Loop19,NT
Incorrect_Update_for_Loop_Iterator_1_T,T
Incorrect_Update_for_Loop_Iterator_1_T_Loop19,T
Incorrect_Update_for_Loop_Iterator_1_T_TestCase1,T
Incorrect_Update_for_Loop_Iterator_1_T_TestCase2,T
Incorrect_Update_for_Loop_Iterator_1_T_TestCase3,T
Incorrect_Update_for_Loop_Iterator_1_T_TestCase4,T
Incorrect_Update_for_Loop_Iterator_1_T_TestCase5,T
Incorrect_Update_for_Loop_Iterator_1_T_TestCase6,T
Incorrect_Update_for_Loop_Iterator_1_T_TestCase7,T
Incorrect_Update_for_Loop_Iterator_1_T_TestCase8,T
Incorrect_Update_for_Loop_Iterator_1_T_TestCase9,T
Incorrect_Update_for_Loop_Iterator_1_T_TestCase10,T
Incorrect_Update_for_Loop_Iterator_1_T_TestCase11,T
Incorrect_Update_for_Loop_Iterator_1_T_TestCase12,T
Incorrect_Update_for_Loop_Iterator_1_T_TestCase13,T
Incorrect_Update_for_Loop_Iterator_1_T_TestCase14,T
Incorrect_Update_for_Loop_Iterator_1_T_TestCase15,T
Incorrect_Update_for_Loop_Iterator_1_T_TestCase16,T
Incorrect_Update_for_Loop_Iterator_1_T_TestCase17,T
Incorrect_Update_for_Loop_Iterator_1_T_TestCase18,T
Incorrect_Update_for_Loop_Iterator_1_T_TestCase19,T
Incorrect_Update_for_Loop_Iterator_1_T_TestCase20,T
Incorrect_Update_for_Loop_Iterator_1_T_Loop19_TestCase1,T
Incorrect_Update_for_Loop_Iterator_1_T_Loop19_TestCase2,T
Incorrect_Update_for_Loop_Iterator_1_T_Loop19_TestCase3,T
Incorrect_Update_for_Loop_Iterator_1_T_Loop19_TestCase4,T
Incorrect_Update_for_Loop_Iterator_1_T_Loop19_TestCase5,T
Incorrect_Update_for_Loop_Iterator_1_T_Loop19_TestCase6,T
Incorrect_Update_for_Loop_Iterator_1_T_Loop19_TestCase7,T
Incorrect_Update_for_Loop_Iterator_1_T_Loop19_TestCase8,T
Incorrect_Update_for_Loop_Iterator_1_T_Loop19_TestCase9,T
Incorrect_Update_for_Loop_Iterator_1_T_Loop19_TestCase10,T
Incorrect_Update_for_Loop_Iterator_1_T_Loop19_TestCase11,T
Incorrect_Update_for_Loop_Iterator_1_T_Loop19_TestCase12,T
Incorrect_Update_for_Loop_Iterator_1_T_Loop19_TestCase13,T
Incorrect_Update_for_Loop_Iterator_1_T_Loop19_TestCase14,T
Incorrect_Update_for_Loop_Iterator_1_T_Loop19_TestCase15,T
Incorrect_Update_for_Loop_Iterator_1_T_Loop19_TestCase16,T
Incorrect_Update_for_Loop_Iterator_1_T_Loop19_TestCase17,T
Incorrect_Update_for_Loop_Iterator_1_T_Loop19_TestCase18,T
Incorrect_Update_for_Loop_Iterator_1_T_Loop19_TestCase19,T
Incorrect_Update_for_Loop_Iterator_1_T_Loop19_TestCase20,T
Incorrect_Update_for_Loop_Iterator_1_T_TestCase1_Loop19,T
Incorrect_Update_for_Loop_Iterator_1_T_TestCase2_Loop19,T
Incorrect_Update_for_Loop_Iterator_1_T_TestCase3_Loop19,T
Incorrect_Update_for_Loop_Iterator_1_T_TestCase4_Loop19,T
Incorrect_Update_for_Loop_Iterator_1_T_TestCase5_Loop19,T
Incorrect_Update_for_Loop_Iterator_1_T_TestCase6_Loop19,T
Incorrect_Update_for_Loop_Iterator_1_T_TestCase7_Loop19,T
Incorrect_Update_for_Loop_Iterator_1_T_TestCase8_Loop19,T
Incorrect_Update_for_Loop_Iterator_1_T_TestCase9_Loop19,T
Incorrect_Update_for_Loop_Iterator_1_T_TestCase10_Loop19,T
Incorrect_Update_for_Loop_Iterator_1_T_TestCase11_Loop19,T
Incorrect_Update_for_Loop_Iterator_1_T_TestCase12_Loop19,T
Incorrect_Update_for_Loop_Iterator_1_T_TestCase13_Loop19,T
Incorrect_Update_for_Loop_Iterator_1_T_TestCase14_Loop19,T
Incorrect_Update_for_Loop_Iterator_1_T_TestCase15_Loop19,T
Incorrect_Update_for_Loop_Iterator_1_T_TestCase16_Loop19,T
Incorrect_Update_for_Loop_Iterator_1_T_TestCase17_Loop19,T
Incorrect_Update_for_Loop_Iterator_1_T_TestCase18_Loop19,T
Incorrect_Update_for_Loop_Iterator_1_T_TestCase19_Loop19,T
Incorrect_Update_for_Loop_Iterator_1_T_TestCase20_Loop19,T
Incorrect_Update_for_Loop_Iterator_2_NT,NT
Incorrect_Update_for_Loop_Iterator_2_NT_Loop15,NT
Incorrect_Update_for_Loop_Iterator_2_NT_TestCase1,T
Incorrect_Update_for_Loop_Iterator_2_NT_TestCase2,T
Incorrect_Update_for_Loop_Iterator_2_NT_TestCase3,T
Incorrect_Update_for_Loop_Iterator_2_NT_TestCase4,T
Incorrect_Update_for_Loop_Iterator_2_NT_TestCase5,T
Incorrect_Update_for_Loop_Iterator_2_NT_TestCase6,T
Incorrect_Update_for_Loop_Iterator_2_NT_TestCase7,T
Incorrect_Update_for_Loop_Iterator_2_NT_TestCase8,T
Incorrect_Update_for_Loop_Iterator_2_NT_TestCase9,T
Incorrect_Update_for_Loop_Iterator_2_NT_TestCase10,T
Incorrect_Update_for_Loop_Iterator_2_NT_TestCase11,NT
Incorrect_Update_for_Loop_Iterator_2_NT_TestCase12,NT
Incorrect_Update_for_Loop_Iterator_2_NT_TestCase13,NT
Incorrect_Update_for_Loop_Iterator_2_NT_TestCase14,NT
Incorrect_Update_for_Loop_Iterator_2_NT_TestCase15,NT
Incorrect_Update_for_Loop_Iterator_2_NT_TestCase16,NT
Incorrect_Update_for_Loop_Iterator_2_NT_TestCase17,NT
Incorrect_Update_for_Loop_Iterator_2_NT_TestCase18,NT
Incorrect_Update_for_Loop_Iterator_2_NT_TestCase19,NT
Incorrect_Update_for_Loop_Iterator_2_NT_TestCase20,NT
Incorrect_Update_for_Loop_Iterator_2_NT_Loop15_TestCase1,T
Incorrect_Update_for_Loop_Iterator_2_NT_Loop15_TestCase2,T
Incorrect_Update_for_Loop_Iterator_2_NT_Loop15_TestCase3,T
Incorrect_Update_for_Loop_Iterator_2_NT_Loop15_TestCase4,T
Incorrect_Update_for_Loop_Iterator_2_NT_Loop15_TestCase5,T
Incorrect_Update_for_Loop_Iterator_2_NT_Loop15_TestCase6,T
Incorrect_Update_for_Loop_Iterator_2_NT_Loop15_TestCase7,T
Incorrect_Update_for_Loop_Iterator_2_NT_Loop15_TestCase8,T
Incorrect_Update_for_Loop_Iterator_2_NT_Loop15_TestCase9,T
Incorrect_Update_for_Loop_Iterator_2_NT_Loop15_TestCase10,T
Incorrect_Update_for_Loop_Iterator_2_NT_Loop15_TestCase11,NT
Incorrect_Update_for_Loop_Iterator_2_NT_Loop15_TestCase12,NT
Incorrect_Update_for_Loop_Iterator_2_NT_Loop15_TestCase13,NT
Incorrect_Update_for_Loop_Iterator_2_NT_Loop15_TestCase14,NT
Incorrect_Update_for_Loop_Iterator_2_NT_Loop15_TestCase15,NT
Incorrect_Update_for_Loop_Iterator_2_NT_Loop15_TestCase16,NT
Incorrect_Update_for_Loop_Iterator_2_NT_Loop15_TestCase17,NT
Incorrect_Update_for_Loop_Iterator_2_NT_Loop15_TestCase18,NT
Incorrect_Update_for_Loop_Iterator_2_NT_Loop15_TestCase19,NT
Incorrect_Update_for_Loop_Iterator_2_NT_Loop15_TestCase20,NT
Incorrect_Update_for_Loop_Iterator_2_NT_TestCase1_Loop15,T
Incorrect_Update_for_Loop_Iterator_2_NT_TestCase2_Loop15,T
Incorrect_Update_for_Loop_Iterator_2_NT_TestCase3_Loop15,T
Incorrect_Update_for_Loop_Iterator_2_NT_TestCase4_Loop15,T
Incorrect_Update_for_Loop_Iterator_2_NT_TestCase5_Loop15,T
Incorrect_Update_for_Loop_Iterator_2_NT_TestCase6_Loop15,T
Incorrect_Update_for_Loop_Iterator_2_NT_TestCase7_Loop15,T
Incorrect_Update_for_Loop_Iterator_2_NT_TestCase8_Loop15,T
Incorrect_Update_for_Loop_Iterator_2_NT_TestCase9_Loop15,T
Incorrect_Update_for_Loop_Iterator_2_NT_TestCase10_Loop15,T
Incorrect_Update_for_Loop_Iterator_2_NT_TestCase11_Loop15,NT
Incorrect_Update_for_Loop_Iterator_2_NT_TestCase12_Loop15,NT
Incorrect_Update_for_Loop_Iterator_2_NT_TestCase13_Loop15,NT
Incorrect_Update_for_Loop_Iterator_2_NT_TestCase14_Loop15,NT
Incorrect_Update_for_Loop_Iterator_2_NT_TestCase15_Loop15,NT
Incorrect_Update_for_Loop_Iterator_2_NT_TestCase16_Loop15,NT
Incorrect_Update_for_Loop_Iterator_2_NT_TestCase17_Loop15,NT
Incorrect_Update_for_Loop_Iterator_2_NT_TestCase18_Loop15,NT
Incorrect_Update_for_Loop_Iterator_2_NT_TestCase19_Loop15,NT
Incorrect_Update_for_Loop_Iterator_2_NT_TestCase20_Loop15,NT
Incorrect_Update_for_Loop_Iterator_2_T,T
Incorrect_Update_for_Loop_Iterator_2_T_Loop14,T
Incorrect_Update_for_Loop_Iterator_2_T_TestCase1,T
Incorrect_Update_for_Loop_Iterator_2_T_TestCase2,T
Incorrect_Update_for_Loop_Iterator_2_T_TestCase3,T
Incorrect_Update_for_Loop_Iterator_2_T_TestCase4,T
Incorrect_Update_for_Loop_Iterator_2_T_TestCase5,T
Incorrect_Update_for_Loop_Iterator_2_T_TestCase6,T
Incorrect_Update_for_Loop_Iterator_2_T_TestCase7,T
Incorrect_Update_for_Loop_Iterator_2_T_TestCase8,T
Incorrect_Update_for_Loop_Iterator_2_T_TestCase9,T
Incorrect_Update_for_Loop_Iterator_2_T_TestCase10,T
Incorrect_Update_for_Loop_Iterator_2_T_TestCase11,T
Incorrect_Update_for_Loop_Iterator_2_T_TestCase12,T
Incorrect_Update_for_Loop_Iterator_2_T_TestCase13,T
Incorrect_Update_for_Loop_Iterator_2_T_TestCase14,T
Incorrect_Update_for_Loop_Iterator_2_T_TestCase15,T
Incorrect_Update_for_Loop_Iterator_2_T_TestCase16,T
Incorrect_Update_for_Loop_Iterator_2_T_TestCase17,T
Incorrect_Update_for_Loop_Iterator_2_T_TestCase18,T
Incorrect_Update_for_Loop_Iterator_2_T_TestCase19,T
Incorrect_Update_for_Loop_Iterator_2_T_TestCase20,T
Incorrect_Update_for_Loop_Iterator_2_T_Loop14_TestCase1,T
Incorrect_Update_for_Loop_Iterator_2_T_Loop14_TestCase2,T
Incorrect_Update_for_Loop_Iterator_2_T_Loop14_TestCase3,T
Incorrect_Update_for_Loop_Iterator_2_T_Loop14_TestCase4,T
Incorrect_Update_for_Loop_Iterator_2_T_Loop14_TestCase5,T
Incorrect_Update_for_Loop_Iterator_2_T_Loop14_TestCase6,T
Incorrect_Update_for_Loop_Iterator_2_T_Loop14_TestCase7,T
Incorrect_Update_for_Loop_Iterator_2_T_Loop14_TestCase8,T
Incorrect_Update_for_Loop_Iterator_2_T_Loop14_TestCase9,T
Incorrect_Update_for_Loop_Iterator_2_T_Loop14_TestCase10,T
Incorrect_Update_for_Loop_Iterator_2_T_Loop14_TestCase11,T
Incorrect_Update_for_Loop_Iterator_2_T_Loop14_TestCase12,T
Incorrect_Update_for_Loop_Iterator_2_T_Loop14_TestCase13,T
Incorrect_Update_for_Loop_Iterator_2_T_Loop14_TestCase14,T
Incorrect_Update_for_Loop_Iterator_2_T_Loop14_TestCase15,T
Incorrect_Update_for_Loop_Iterator_2_T_Loop14_TestCase16,T
Incorrect_Update_for_Loop_Iterator_2_T_Loop14_TestCase17,T
Incorrect_Update_for_Loop_Iterator_2_T_Loop14_TestCase18,T
Incorrect_Update_for_Loop_Iterator_2_T_Loop14_TestCase19,T
Incorrect_Update_for_Loop_Iterator_2_T_Loop14_TestCase20,T
Incorrect_Update_for_Loop_Iterator_2_T_TestCase1_Loop14,T
Incorrect_Update_for_Loop_Iterator_2_T_TestCase2_Loop14,T
Incorrect_Update_for_Loop_Iterator_2_T_TestCase3_Loop14,T
Incorrect_Update_for_Loop_Iterator_2_T_TestCase4_Loop14,T
Incorrect_Update_for_Loop_Iterator_2_T_TestCase5_Loop14,T
Incorrect_Update_for_Loop_Iterator_2_T_TestCase6_Loop14,T
Incorrect_Update_for_Loop_Iterator_2_T_TestCase7_Loop14,T
Incorrect_Update_for_Loop_Iterator_2_T_TestCase8_Loop14,T
Incorrect_Update_for_Loop_Iterator_2_T_TestCase9_Loop14,T
Incorrect_Update_for_Loop_Iterator_2_T_TestCase10_Loop14,T
Incorrect_Update_for_Loop_Iterator_2_T_TestCase11_Loop14,T
Incorrect_Update_for_Loop_Iterator_2_T_TestCase12_Loop14,T
Incorrect_Update_for_Loop_Iterator_2_T_TestCase13_Loop14,T
Incorrect_Update_for_Loop_Iterator_2_T_TestCase14_Loop14,T
Incorrect_Update_for_Loop_Iterator_2_T_TestCase15_Loop14,T
Incorrect_Update_for_Loop_Iterator_2_T_TestCase16_Loop14,T
Incorrect_Update_for_Loop_Iterator_2_T_TestCase17_Loop14,T
Incorrect_Update_for_Loop_Iterator_2_T_TestCase18_Loop14,T
Incorrect_Update_for_Loop_Iterator_2_T_TestCase19_Loop14,T
Incorrect_Update_for_Loop_Iterator_2_T_TestCase20_Loop14,T
Incorrect_Update_for_Loop_Iterator_3_NT,NT
Incorrect_Update_for_Loop_Iterator_3_NT_Loop18,NT
Incorrect_Update_for_Loop_Iterator_3_NT_TestCase1,T
Incorrect_Update_for_Loop_Iterator_3_NT_TestCase2,T
Incorrect_Update_for_Loop_Iterator_3_NT_TestCase3,T
Incorrect_Update_for_Loop_Iterator_3_NT_TestCase4,T
Incorrect_Update_for_Loop_Iterator_3_NT_TestCase5,T
Incorrect_Update_for_Loop_Iterator_3_NT_TestCase6,T
Incorrect_Update_for_Loop_Iterator_3_NT_TestCase7,T
Incorrect_Update_for_Loop_Iterator_3_NT_TestCase8,T
Incorrect_Update_for_Loop_Iterator_3_NT_TestCase9,T
Incorrect_Update_for_Loop_Iterator_3_NT_TestCase10,T
Incorrect_Update_for_Loop_Iterator_3_NT_TestCase11,NT
Incorrect_Update_for_Loop_Iterator_3_NT_TestCase12,NT
Incorrect_Update_for_Loop_Iterator_3_NT_TestCase13,NT
Incorrect_Update_for_Loop_Iterator_3_NT_TestCase14,NT
Incorrect_Update_for_Loop_Iterator_3_NT_TestCase15,NT
Incorrect_Update_for_Loop_Iterator_3_NT_TestCase16,NT
Incorrect_Update_for_Loop_Iterator_3_NT_TestCase17,NT
Incorrect_Update_for_Loop_Iterator_3_NT_TestCase18,NT
Incorrect_Update_for_Loop_Iterator_3_NT_TestCase19,NT
Incorrect_Update_for_Loop_Iterator_3_NT_TestCase20,NT
Incorrect_Update_for_Loop_Iterator_3_NT_Loop18_TestCase1,T
Incorrect_Update_for_Loop_Iterator_3_NT_Loop18_TestCase2,T
Incorrect_Update_for_Loop_Iterator_3_NT_Loop18_TestCase3,T
Incorrect_Update_for_Loop_Iterator_3_NT_Loop18_TestCase4,T
Incorrect_Update_for_Loop_Iterator_3_NT_Loop18_TestCase5,T
Incorrect_Update_for_Loop_Iterator_3_NT_Loop18_TestCase6,T
Incorrect_Update_for_Loop_Iterator_3_NT_Loop18_TestCase7,T
Incorrect_Update_for_Loop_Iterator_3_NT_Loop18_TestCase8,T
Incorrect_Update_for_Loop_Iterator_3_NT_Loop18_TestCase9,T
Incorrect_Update_for_Loop_Iterator_3_NT_Loop18_TestCase10,T
Incorrect_Update_for_Loop_Iterator_3_NT_Loop18_TestCase11,NT
Incorrect_Update_for_Loop_Iterator_3_NT_Loop18_TestCase12,NT
Incorrect_Update_for_Loop_Iterator_3_NT_Loop18_TestCase13,NT
Incorrect_Update_for_Loop_Iterator_3_NT_Loop18_TestCase14,NT
Incorrect_Update_for_Loop_Iterator_3_NT_Loop18_TestCase15,NT
Incorrect_Update_for_Loop_Iterator_3_NT_Loop18_TestCase16,NT
Incorrect_Update_for_Loop_Iterator_3_NT_Loop18_TestCase17,NT
Incorrect_Update_for_Loop_Iterator_3_NT_Loop18_TestCase18,NT
Incorrect_Update_for_Loop_Iterator_3_NT_Loop18_TestCase19,NT
Incorrect_Update_for_Loop_Iterator_3_NT_Loop18_TestCase20,NT
Incorrect_Update_for_Loop_Iterator_3_NT_TestCase1_Loop18,T
Incorrect_Update_for_Loop_Iterator_3_NT_TestCase2_Loop18,T
Incorrect_Update_for_Loop_Iterator_3_NT_TestCase3_Loop18,T
Incorrect_Update_for_Loop_Iterator_3_NT_TestCase4_Loop18,T
Incorrect_Update_for_Loop_Iterator_3_NT_TestCase5_Loop18,T
Incorrect_Update_for_Loop_Iterator_3_NT_TestCase6_Loop18,T
Incorrect_Update_for_Loop_Iterator_3_NT_TestCase7_Loop18,T
Incorrect_Update_for_Loop_Iterator_3_NT_TestCase8_Loop18,T
Incorrect_Update_for_Loop_Iterator_3_NT_TestCase9_Loop18,T
Incorrect_Update_for_Loop_Iterator_3_NT_TestCase10_Loop18,T
Incorrect_Update_for_Loop_Iterator_3_NT_TestCase11_Loop18,NT
Incorrect_Update_for_Loop_Iterator_3_NT_TestCase12_Loop18,NT
Incorrect_Update_for_Loop_Iterator_3_NT_TestCase13_Loop18,NT
Incorrect_Update_for_Loop_Iterator_3_NT_TestCase14_Loop18,NT
Incorrect_Update_for_Loop_Iterator_3_NT_TestCase15_Loop18,NT
Incorrect_Update_for_Loop_Iterator_3_NT_TestCase16_Loop18,NT
Incorrect_Update_for_Loop_Iterator_3_NT_TestCase17_Loop18,NT
Incorrect_Update_for_Loop_Iterator_3_NT_TestCase18_Loop18,NT
Incorrect_Update_for_Loop_Iterator_3_NT_TestCase19_Loop18,NT
Incorrect_Update_for_Loop_Iterator_3_NT_TestCase20_Loop18,NT
Missing_Corner-case_Handling_1_NT,NT
Missing_Corner-case_Handling_1_NT_Loop40,NT
Missing_Corner-case_Handling_1_NT_TestCase1,T
Missing_Corner-case_Handling_1_NT_TestCase2,T
Missing_Corner-case_Handling_1_NT_TestCase3,T
Missing_Corner-case_Handling_1_NT_TestCase4,T
Missing_Corner-case_Handling_1_NT_TestCase5,T
Missing_Corner-case_Handling_1_NT_TestCase6,T
Missing_Corner-case_Handling_1_NT_TestCase7,T
Missing_Corner-case_Handling_1_NT_TestCase8,T
Missing_Corner-case_Handling_1_NT_TestCase9,T
Missing_Corner-case_Handling_1_NT_TestCase10,T
Missing_Corner-case_Handling_1_NT_TestCase11,NT
Missing_Corner-case_Handling_1_NT_TestCase12,NT
Missing_Corner-case_Handling_1_NT_TestCase13,NT
Missing_Corner-case_Handling_1_NT_TestCase14,NT
Missing_Corner-case_Handling_1_NT_TestCase15,NT
Missing_Corner-case_Handling_1_NT_TestCase16,NT
Missing_Corner-case_Handling_1_NT_TestCase17,NT
Missing_Corner-case_Handling_1_NT_TestCase18,NT
Missing_Corner-case_Handling_1_NT_TestCase19,NT
Missing_Corner-case_Handling_1_NT_TestCase20,NT
Missing_Corner-case_Handling_1_NT_Loop40_TestCase1,T
Missing_Corner-case_Handling_1_NT_Loop40_TestCase2,T
Missing_Corner-case_Handling_1_NT_Loop40_TestCase3,T
Missing_Corner-case_Handling_1_NT_Loop40_TestCase4,T
Missing_Corner-case_Handling_1_NT_Loop40_TestCase5,T
Missing_Corner-case_Handling_1_NT_Loop40_TestCase6,T
Missing_Corner-case_Handling_1_NT_Loop40_TestCase7,T
Missing_Corner-case_Handling_1_NT_Loop40_TestCase8,T
Missing_Corner-case_Handling_1_NT_Loop40_TestCase9,T
Missing_Corner-case_Handling_1_NT_Loop40_TestCase10,T
Missing_Corner-case_Handling_1_NT_Loop40_TestCase11,NT
Missing_Corner-case_Handling_1_NT_Loop40_TestCase12,NT
Missing_Corner-case_Handling_1_NT_Loop40_TestCase13,NT
Missing_Corner-case_Handling_1_NT_Loop40_TestCase14,NT
Missing_Corner-case_Handling_1_NT_Loop40_TestCase15,NT
Missing_Corner-case_Handling_1_NT_Loop40_TestCase16,NT
Missing_Corner-case_Handling_1_NT_Loop40_TestCase17,NT
Missing_Corner-case_Handling_1_NT_Loop40_TestCase18,NT
Missing_Corner-case_Handling_1_NT_Loop40_TestCase19,NT
Missing_Corner-case_Handling_1_NT_Loop40_TestCase20,NT
Missing_Corner-case_Handling_1_NT_TestCase1_Loop40,T
Missing_Corner-case_Handling_1_NT_TestCase2_Loop40,T
Missing_Corner-case_Handling_1_NT_TestCase3_Loop40,T
Missing_Corner-case_Handling_1_NT_TestCase4_Loop40,T
Missing_Corner-case_Handling_1_NT_TestCase5_Loop40,T
Missing_Corner-case_Handling_1_NT_TestCase6_Loop40,T
Missing_Corner-case_Handling_1_NT_TestCase7_Loop40,T
Missing_Corner-case_Handling_1_NT_TestCase8_Loop40,T
Missing_Corner-case_Handling_1_NT_TestCase9_Loop40,T
Missing_Corner-case_Handling_1_NT_TestCase10_Loop40,T
Missing_Corner-case_Handling_1_NT_TestCase11_Loop40,NT
Missing_Corner-case_Handling_1_NT_TestCase12_Loop40,NT
Missing_Corner-case_Handling_1_NT_TestCase13_Loop40,NT
Missing_Corner-case_Handling_1_NT_TestCase14_Loop40,NT
Missing_Corner-case_Handling_1_NT_TestCase15_Loop40,NT
Missing_Corner-case_Handling_1_NT_TestCase16_Loop40,NT
Missing_Corner-case_Handling_1_NT_TestCase17_Loop40,NT
Missing_Corner-case_Handling_1_NT_TestCase18_Loop40,NT
Missing_Corner-case_Handling_1_NT_TestCase19_Loop40,NT
Missing_Corner-case_Handling_1_NT_TestCase20_Loop40,NT
Missing_Corner-case_Handling_1_T,T
Missing_Corner-case_Handling_1_T_Loop40,T
Missing_Corner-case_Handling_1_T_TestCase1,T
Missing_Corner-case_Handling_1_T_TestCase2,T
Missing_Corner-case_Handling_1_T_TestCase3,T
Missing_Corner-case_Handling_1_T_TestCase4,T
Missing_Corner-case_Handling_1_T_TestCase5,T
Missing_Corner-case_Handling_1_T_TestCase6,T
Missing_Corner-case_Handling_1_T_TestCase7,T
Missing_Corner-case_Handling_1_T_TestCase8,T
Missing_Corner-case_Handling_1_T_TestCase9,T
Missing_Corner-case_Handling_1_T_TestCase10,T
Missing_Corner-case_Handling_1_T_TestCase11,T
Missing_Corner-case_Handling_1_T_TestCase12,T
Missing_Corner-case_Handling_1_T_TestCase13,T
Missing_Corner-case_Handling_1_T_TestCase14,T
Missing_Corner-case_Handling_1_T_TestCase15,T
Missing_Corner-case_Handling_1_T_TestCase16,T
Missing_Corner-case_Handling_1_T_TestCase17,T
Missing_Corner-case_Handling_1_T_TestCase18,T
Missing_Corner-case_Handling_1_T_TestCase19,T
Missing_Corner-case_Handling_1_T_TestCase20,T
Missing_Corner-case_Handling_1_T_Loop40_TestCase1,T
Missing_Corner-case_Handling_1_T_Loop40_TestCase2,T
Missing_Corner-case_Handling_1_T_Loop40_TestCase3,T
Missing_Corner-case_Handling_1_T_Loop40_TestCase4,T
Missing_Corner-case_Handling_1_T_Loop40_TestCase5,T
Missing_Corner-case_Handling_1_T_Loop40_TestCase6,T
Missing_Corner-case_Handling_1_T_Loop40_TestCase7,T
Missing_Corner-case_Handling_1_T_Loop40_TestCase8,T
Missing_Corner-case_Handling_1_T_Loop40_TestCase9,T
Missing_Corner-case_Handling_1_T_Loop40_TestCase10,T
Missing_Corner-case_Handling_1_T_Loop40_TestCase11,T
Missing_Corner-case_Handling_1_T_Loop40_TestCase12,T
Missing_Corner-case_Handling_1_T_Loop40_TestCase13,T
Missing_Corner-case_Handling_1_T_Loop40_TestCase14,T
Missing_Corner-case_Handling_1_T_Loop40_TestCase15,T
Missing_Corner-case_Handling_1_T_Loop40_TestCase16,T
Missing_Corner-case_Handling_1_T_Loop40_TestCase17,T
Missing_Corner-case_Handling_1_T_Loop40_TestCase18,T
Missing_Corner-case_Handling_1_T_Loop40_TestCase19,T
Missing_Corner-case_Handling_1_T_Loop40_TestCase20,T
Missing_Corner-case_Handling_1_T_TestCase1_Loop40,T
Missing_Corner-case_Handling_1_T_TestCase2_Loop40,T
Missing_Corner-case_Handling_1_T_TestCase3_Loop40,T
Missing_Corner-case_Handling_1_T_TestCase4_Loop40,T
Missing_Corner-case_Handling_1_T_TestCase5_Loop40,T
Missing_Corner-case_Handling_1_T_TestCase6_Loop40,T
Missing_Corner-case_Handling_1_T_TestCase7_Loop40,T
Missing_Corner-case_Handling_1_T_TestCase8_Loop40,T
Missing_Corner-case_Handling_1_T_TestCase9_Loop40,T
Missing_Corner-case_Handling_1_T_TestCase10_Loop40,T
Missing_Corner-case_Handling_1_T_TestCase11_Loop40,T
Missing_Corner-case_Handling_1_T_TestCase12_Loop40,T
Missing_Corner-case_Handling_1_T_TestCase13_Loop40,T
Missing_Corner-case_Handling_1_T_TestCase14_Loop40,T
Missing_Corner-case_Handling_1_T_TestCase15_Loop40,T
Missing_Corner-case_Handling_1_T_TestCase16_Loop40,T
Missing_Corner-case_Handling_1_T_TestCase17_Loop40,T
Missing_Corner-case_Handling_1_T_TestCase18_Loop40,T
Missing_Corner-case_Handling_1_T_TestCase19_Loop40,T
Missing_Corner-case_Handling_1_T_TestCase20_Loop40,T
Missing_Corner-case_Handling_2_NT,NT
Missing_Corner-case_Handling_2_NT_Loop17,NT
Missing_Corner-case_Handling_2_NT_TestCase1,T
Missing_Corner-case_Handling_2_NT_TestCase2,T
Missing_Corner-case_Handling_2_NT_TestCase3,T
Missing_Corner-case_Handling_2_NT_TestCase4,T
Missing_Corner-case_Handling_2_NT_TestCase5,T
Missing_Corner-case_Handling_2_NT_TestCase6,T
Missing_Corner-case_Handling_2_NT_TestCase7,T
Missing_Corner-case_Handling_2_NT_TestCase8,T
Missing_Corner-case_Handling_2_NT_TestCase9,T
Missing_Corner-case_Handling_2_NT_TestCase10,T
Missing_Corner-case_Handling_2_NT_TestCase11,NT
Missing_Corner-case_Handling_2_NT_TestCase12,NT
Missing_Corner-case_Handling_2_NT_TestCase13,NT
Missing_Corner-case_Handling_2_NT_TestCase14,NT
Missing_Corner-case_Handling_2_NT_TestCase15,NT
Missing_Corner-case_Handling_2_NT_TestCase16,NT
Missing_Corner-case_Handling_2_NT_TestCase17,NT
Missing_Corner-case_Handling_2_NT_TestCase18,NT
Missing_Corner-case_Handling_2_NT_TestCase19,NT
Missing_Corner-case_Handling_2_NT_TestCase20,NT
Missing_Corner-case_Handling_2_NT_Loop17_TestCase1,T
Missing_Corner-case_Handling_2_NT_Loop17_TestCase2,T
Missing_Corner-case_Handling_2_NT_Loop17_TestCase3,T
Missing_Corner-case_Handling_2_NT_Loop17_TestCase4,T
Missing_Corner-case_Handling_2_NT_Loop17_TestCase5,T
Missing_Corner-case_Handling_2_NT_Loop17_TestCase6,T
Missing_Corner-case_Handling_2_NT_Loop17_TestCase7,T
Missing_Corner-case_Handling_2_NT_Loop17_TestCase8,T
Missing_Corner-case_Handling_2_NT_Loop17_TestCase9,T
Missing_Corner-case_Handling_2_NT_Loop17_TestCase10,T
Missing_Corner-case_Handling_2_NT_Loop17_TestCase11,NT
Missing_Corner-case_Handling_2_NT_Loop17_TestCase12,NT
Missing_Corner-case_Handling_2_NT_Loop17_TestCase13,NT
Missing_Corner-case_Handling_2_NT_Loop17_TestCase14,NT
Missing_Corner-case_Handling_2_NT_Loop17_TestCase15,NT
Missing_Corner-case_Handling_2_NT_Loop17_TestCase16,NT
Missing_Corner-case_Handling_2_NT_Loop17_TestCase17,NT
Missing_Corner-case_Handling_2_NT_Loop17_TestCase18,NT
Missing_Corner-case_Handling_2_NT_Loop17_TestCase19,NT
Missing_Corner-case_Handling_2_NT_Loop17_TestCase20,NT
Missing_Corner-case_Handling_2_NT_TestCase1_Loop17,T
Missing_Corner-case_Handling_2_NT_TestCase2_Loop17,T
Missing_Corner-case_Handling_2_NT_TestCase3_Loop17,T
Missing_Corner-case_Handling_2_NT_TestCase4_Loop17,T
Missing_Corner-case_Handling_2_NT_TestCase5_Loop17,T
Missing_Corner-case_Handling_2_NT_TestCase6_Loop17,T
Missing_Corner-case_Handling_2_NT_TestCase7_Loop17,T
Missing_Corner-case_Handling_2_NT_TestCase8_Loop17,T
Missing_Corner-case_Handling_2_NT_TestCase9_Loop17,T
Missing_Corner-case_Handling_2_NT_TestCase10_Loop17,T
Missing_Corner-case_Handling_2_NT_TestCase11_Loop17,NT
Missing_Corner-case_Handling_2_NT_TestCase12_Loop17,NT
Missing_Corner-case_Handling_2_NT_TestCase13_Loop17,NT
Missing_Corner-case_Handling_2_NT_TestCase14_Loop17,NT
Missing_Corner-case_Handling_2_NT_TestCase15_Loop17,NT
Missing_Corner-case_Handling_2_NT_TestCase16_Loop17,NT
Missing_Corner-case_Handling_2_NT_TestCase17_Loop17,NT
Missing_Corner-case_Handling_2_NT_TestCase18_Loop17,NT
Missing_Corner-case_Handling_2_NT_TestCase19_Loop17,NT
Missing_Corner-case_Handling_2_NT_TestCase20_Loop17,NT
Missing_Corner-case_Handling_2_T,T
Missing_Corner-case_Handling_2_T_Loop16,T
Missing_Corner-case_Handling_2_T_TestCase1,T
Missing_Corner-case_Handling_2_T_TestCase2,T
Missing_Corner-case_Handling_2_T_TestCase3,T
Missing_Corner-case_Handling_2_T_TestCase4,T
Missing_Corner-case_Handling_2_T_TestCase5,T
Missing_Corner-case_Handling_2_T_TestCase6,T
Missing_Corner-case_Handling_2_T_TestCase7,T
Missing_Corner-case_Handling_2_T_TestCase8,T
Missing_Corner-case_Handling_2_T_TestCase9,T
Missing_Corner-case_Handling_2_T_TestCase10,T
Missing_Corner-case_Handling_2_T_TestCase11,T
Missing_Corner-case_Handling_2_T_TestCase12,T
Missing_Corner-case_Handling_2_T_TestCase13,T
Missing_Corner-case_Handling_2_T_TestCase14,T
Missing_Corner-case_Handling_2_T_TestCase15,T
Missing_Corner-case_Handling_2_T_TestCase16,T
Missing_Corner-case_Handling_2_T_TestCase17,T
Missing_Corner-case_Handling_2_T_TestCase18,T
Missing_Corner-case_Handling_2_T_TestCase19,T
Missing_Corner-case_Handling_2_T_TestCase20,T
Missing_Corner-case_Handling_2_T_Loop16_TestCase1,T
Missing_Corner-case_Handling_2_T_Loop16_TestCase2,T
Missing_Corner-case_Handling_2_T_Loop16_TestCase3,T
Missing_Corner-case_Handling_2_T_Loop16_TestCase4,T
Missing_Corner-case_Handling_2_T_Loop16_TestCase5,T
Missing_Corner-case_Handling_2_T_Loop16_TestCase6,T
Missing_Corner-case_Handling_2_T_Loop16_TestCase7,T
Missing_Corner-case_Handling_2_T_Loop16_TestCase8,T
Missing_Corner-case_Handling_2_T_Loop16_TestCase9,T
Missing_Corner-case_Handling_2_T_Loop16_TestCase10,T
Missing_Corner-case_Handling_2_T_Loop16_TestCase11,T
Missing_Corner-case_Handling_2_T_Loop16_TestCase12,T
Missing_Corner-case_Handling_2_T_Loop16_TestCase13,T
Missing_Corner-case_Handling_2_T_Loop16_TestCase14,T
Missing_Corner-case_Handling_2_T_Loop16_TestCase15,T
Missing_Corner-case_Handling_2_T_Loop16_TestCase16,T
Missing_Corner-case_Handling_2_T_Loop16_TestCase17,T
Missing_Corner-case_Handling_2_T_Loop16_TestCase18,T
Missing_Corner-case_Handling_2_T_Loop16_TestCase19,T
Missing_Corner-case_Handling_2_T_Loop16_TestCase20,T
Missing_Corner-case_Handling_2_T_TestCase1_Loop16,T
Missing_Corner-case_Handling_2_T_TestCase2_Loop16,T
Missing_Corner-case_Handling_2_T_TestCase3_Loop16,T
Missing_Corner-case_Handling_2_T_TestCase4_Loop16,T
Missing_Corner-case_Handling_2_T_TestCase5_Loop16,T
Missing_Corner-case_Handling_2_T_TestCase6_Loop16,T
Missing_Corner-case_Handling_2_T_TestCase7_Loop16,T
Missing_Corner-case_Handling_2_T_TestCase8_Loop16,T
Missing_Corner-case_Handling_2_T_TestCase9_Loop16,T
Missing_Corner-case_Handling_2_T_TestCase10_Loop16,T
Missing_Corner-case_Handling_2_T_TestCase11_Loop16,T
Missing_Corner-case_Handling_2_T_TestCase12_Loop16,T
Missing_Corner-case_Handling_2_T_TestCase13_Loop16,T
Missing_Corner-case_Handling_2_T_TestCase14_Loop16,T
Missing_Corner-case_Handling_2_T_TestCase15_Loop16,T
Missing_Corner-case_Handling_2_T_TestCase16_Loop16,T
Missing_Corner-case_Handling_2_T_TestCase17_Loop16,T
Missing_Corner-case_Handling_2_T_TestCase18_Loop16,T
Missing_Corner-case_Handling_2_T_TestCase19_Loop16,T
Missing_Corner-case_Handling_2_T_TestCase20_Loop16,T
Missing_Corner-case_Handling_3_NT,NT
Missing_Corner-case_Handling_3_NT_Loop19,NT
Missing_Corner-case_Handling_3_NT_Loop21,NT
Missing_Corner-case_Handling_3_NT_Loop31,NT
Missing_Corner-case_Handling_3_NT_Loop33,NT
Missing_Corner-case_Handling_3_NT_TestCase1,T
Missing_Corner-case_Handling_3_NT_TestCase2,T
Missing_Corner-case_Handling_3_NT_TestCase3,T
Missing_Corner-case_Handling_3_NT_TestCase4,T
Missing_Corner-case_Handling_3_NT_TestCase5,T
Missing_Corner-case_Handling_3_NT_TestCase6,T
Missing_Corner-case_Handling_3_NT_TestCase7,T
Missing_Corner-case_Handling_3_NT_TestCase8,T
Missing_Corner-case_Handling_3_NT_TestCase9,T
Missing_Corner-case_Handling_3_NT_TestCase10,T
Missing_Corner-case_Handling_3_NT_TestCase11,NT
Missing_Corner-case_Handling_3_NT_TestCase12,NT
Missing_Corner-case_Handling_3_NT_TestCase13,NT
Missing_Corner-case_Handling_3_NT_TestCase14,NT
Missing_Corner-case_Handling_3_NT_TestCase15,NT
Missing_Corner-case_Handling_3_NT_TestCase16,NT
Missing_Corner-case_Handling_3_NT_TestCase17,NT
Missing_Corner-case_Handling_3_NT_TestCase18,NT
Missing_Corner-case_Handling_3_NT_TestCase19,NT
Missing_Corner-case_Handling_3_NT_TestCase20,NT
Missing_Corner-case_Handling_3_NT_Loop19_TestCase1,T
Missing_Corner-case_Handling_3_NT_Loop19_TestCase2,T
Missing_Corner-case_Handling_3_NT_Loop19_TestCase3,T
Missing_Corner-case_Handling_3_NT_Loop19_TestCase4,T
Missing_Corner-case_Handling_3_NT_Loop19_TestCase5,T
Missing_Corner-case_Handling_3_NT_Loop19_TestCase6,T
Missing_Corner-case_Handling_3_NT_Loop19_TestCase7,T
Missing_Corner-case_Handling_3_NT_Loop19_TestCase8,T
Missing_Corner-case_Handling_3_NT_Loop19_TestCase9,T
Missing_Corner-case_Handling_3_NT_Loop19_TestCase10,T
Missing_Corner-case_Handling_3_NT_Loop19_TestCase11,NT
Missing_Corner-case_Handling_3_NT_Loop19_TestCase12,NT
Missing_Corner-case_Handling_3_NT_Loop19_TestCase13,NT
Missing_Corner-case_Handling_3_NT_Loop19_TestCase14,NT
Missing_Corner-case_Handling_3_NT_Loop19_TestCase15,NT
Missing_Corner-case_Handling_3_NT_Loop19_TestCase16,NT
Missing_Corner-case_Handling_3_NT_Loop19_TestCase17,NT
Missing_Corner-case_Handling_3_NT_Loop19_TestCase18,NT
Missing_Corner-case_Handling_3_NT_Loop19_TestCase19,NT
Missing_Corner-case_Handling_3_NT_Loop19_TestCase20,NT
Missing_Corner-case_Handling_3_NT_Loop21_TestCase1,T
Missing_Corner-case_Handling_3_NT_Loop21_TestCase2,T
Missing_Corner-case_Handling_3_NT_Loop21_TestCase3,T
Missing_Corner-case_Handling_3_NT_Loop21_TestCase4,T
Missing_Corner-case_Handling_3_NT_Loop21_TestCase5,T
Missing_Corner-case_Handling_3_NT_Loop21_TestCase6,T
Missing_Corner-case_Handling_3_NT_Loop21_TestCase7,T
Missing_Corner-case_Handling_3_NT_Loop21_TestCase8,T
Missing_Corner-case_Handling_3_NT_Loop21_TestCase9,T
Missing_Corner-case_Handling_3_NT_Loop21_TestCase10,T
Missing_Corner-case_Handling_3_NT_Loop21_TestCase11,NT
Missing_Corner-case_Handling_3_NT_Loop21_TestCase12,NT
Missing_Corner-case_Handling_3_NT_Loop21_TestCase13,NT
Missing_Corner-case_Handling_3_NT_Loop21_TestCase14,NT
Missing_Corner-case_Handling_3_NT_Loop21_TestCase15,NT
Missing_Corner-case_Handling_3_NT_Loop21_TestCase16,NT
Missing_Corner-case_Handling_3_NT_Loop21_TestCase17,NT
Missing_Corner-case_Handling_3_NT_Loop21_TestCase18,NT
Missing_Corner-case_Handling_3_NT_Loop21_TestCase19,NT
Missing_Corner-case_Handling_3_NT_Loop21_TestCase20,NT
Missing_Corner-case_Handling_3_NT_Loop31_TestCase1,T
Missing_Corner-case_Handling_3_NT_Loop31_TestCase2,T
Missing_Corner-case_Handling_3_NT_Loop31_TestCase3,T
Missing_Corner-case_Handling_3_NT_Loop31_TestCase4,T
Missing_Corner-case_Handling_3_NT_Loop31_TestCase5,T
Missing_Corner-case_Handling_3_NT_Loop31_TestCase6,T
Missing_Corner-case_Handling_3_NT_Loop31_TestCase7,T
Missing_Corner-case_Handling_3_NT_Loop31_TestCase8,T
Missing_Corner-case_Handling_3_NT_Loop31_TestCase9,T
Missing_Corner-case_Handling_3_NT_Loop31_TestCase10,T
Missing_Corner-case_Handling_3_NT_Loop31_TestCase11,NT
Missing_Corner-case_Handling_3_NT_Loop31_TestCase12,NT
Missing_Corner-case_Handling_3_NT_Loop31_TestCase13,NT
Missing_Corner-case_Handling_3_NT_Loop31_TestCase14,NT
Missing_Corner-case_Handling_3_NT_Loop31_TestCase15,NT
Missing_Corner-case_Handling_3_NT_Loop31_TestCase16,NT
Missing_Corner-case_Handling_3_NT_Loop31_TestCase17,NT
Missing_Corner-case_Handling_3_NT_Loop31_TestCase18,NT
Missing_Corner-case_Handling_3_NT_Loop31_TestCase19,NT
Missing_Corner-case_Handling_3_NT_Loop31_TestCase20,NT
Missing_Corner-case_Handling_3_NT_Loop33_TestCase1,T
Missing_Corner-case_Handling_3_NT_Loop33_TestCase2,T
Missing_Corner-case_Handling_3_NT_Loop33_TestCase3,T
Missing_Corner-case_Handling_3_NT_Loop33_TestCase4,T
Missing_Corner-case_Handling_3_NT_Loop33_TestCase5,T
Missing_Corner-case_Handling_3_NT_Loop33_TestCase6,T
Missing_Corner-case_Handling_3_NT_Loop33_TestCase7,T
Missing_Corner-case_Handling_3_NT_Loop33_TestCase8,T
Missing_Corner-case_Handling_3_NT_Loop33_TestCase9,T
Missing_Corner-case_Handling_3_NT_Loop33_TestCase10,T
Missing_Corner-case_Handling_3_NT_Loop33_TestCase11,NT
Missing_Corner-case_Handling_3_NT_Loop33_TestCase12,NT
Missing_Corner-case_Handling_3_NT_Loop33_TestCase13,NT
Missing_Corner-case_Handling_3_NT_Loop33_TestCase14,NT
Missing_Corner-case_Handling_3_NT_Loop33_TestCase15,NT
Missing_Corner-case_Handling_3_NT_Loop33_TestCase16,NT
Missing_Corner-case_Handling_3_NT_Loop33_TestCase17,NT
Missing_Corner-case_Handling_3_NT_Loop33_TestCase18,NT
Missing_Corner-case_Handling_3_NT_Loop33_TestCase19,NT
Missing_Corner-case_Handling_3_NT_Loop33_TestCase20,NT
Missing_Corner-case_Handling_3_NT_TestCase1_Loop19,T
Missing_Corner-case_Handling_3_NT_TestCase2_Loop19,T
Missing_Corner-case_Handling_3_NT_TestCase3_Loop19,T
Missing_Corner-case_Handling_3_NT_TestCase4_Loop19,T
Missing_Corner-case_Handling_3_NT_TestCase5_Loop19,T
Missing_Corner-case_Handling_3_NT_TestCase6_Loop19,T
Missing_Corner-case_Handling_3_NT_TestCase7_Loop19,T
Missing_Corner-case_Handling_3_NT_TestCase8_Loop19,T
Missing_Corner-case_Handling_3_NT_TestCase9_Loop19,T
Missing_Corner-case_Handling_3_NT_TestCase10_Loop19,T
Missing_Corner-case_Handling_3_NT_TestCase11_Loop19,NT
Missing_Corner-case_Handling_3_NT_TestCase12_Loop19,NT
Missing_Corner-case_Handling_3_NT_TestCase13_Loop19,NT
Missing_Corner-case_Handling_3_NT_TestCase14_Loop19,NT
Missing_Corner-case_Handling_3_NT_TestCase15_Loop19,NT
Missing_Corner-case_Handling_3_NT_TestCase16_Loop19,NT
Missing_Corner-case_Handling_3_NT_TestCase17_Loop19,NT
Missing_Corner-case_Handling_3_NT_TestCase18_Loop19,NT
Missing_Corner-case_Handling_3_NT_TestCase19_Loop19,NT
Missing_Corner-case_Handling_3_NT_TestCase20_Loop19,NT
Missing_Corner-case_Handling_3_NT_TestCase1_Loop21,T
Missing_Corner-case_Handling_3_NT_TestCase2_Loop21,T
Missing_Corner-case_Handling_3_NT_TestCase3_Loop21,T
Missing_Corner-case_Handling_3_NT_TestCase4_Loop21,T
Missing_Corner-case_Handling_3_NT_TestCase5_Loop21,T
Missing_Corner-case_Handling_3_NT_TestCase6_Loop21,T
Missing_Corner-case_Handling_3_NT_TestCase7_Loop21,T
Missing_Corner-case_Handling_3_NT_TestCase8_Loop21,T
Missing_Corner-case_Handling_3_NT_TestCase9_Loop21,T
Missing_Corner-case_Handling_3_NT_TestCase10_Loop21,T
Missing_Corner-case_Handling_3_NT_TestCase11_Loop21,NT
Missing_Corner-case_Handling_3_NT_TestCase12_Loop21,NT
Missing_Corner-case_Handling_3_NT_TestCase13_Loop21,NT
Missing_Corner-case_Handling_3_NT_TestCase14_Loop21,NT
Missing_Corner-case_Handling_3_NT_TestCase15_Loop21,NT
Missing_Corner-case_Handling_3_NT_TestCase16_Loop21,NT
Missing_Corner-case_Handling_3_NT_TestCase17_Loop21,NT
Missing_Corner-case_Handling_3_NT_TestCase18_Loop21,NT
Missing_Corner-case_Handling_3_NT_TestCase19_Loop21,NT
Missing_Corner-case_Handling_3_NT_TestCase20_Loop21,NT
Missing_Corner-case_Handling_3_NT_TestCase1_Loop31,T
Missing_Corner-case_Handling_3_NT_TestCase2_Loop31,T
Missing_Corner-case_Handling_3_NT_TestCase3_Loop31,T
Missing_Corner-case_Handling_3_NT_TestCase4_Loop31,T
Missing_Corner-case_Handling_3_NT_TestCase5_Loop31,T
Missing_Corner-case_Handling_3_NT_TestCase6_Loop31,T
Missing_Corner-case_Handling_3_NT_TestCase7_Loop31,T
Missing_Corner-case_Handling_3_NT_TestCase8_Loop31,T
Missing_Corner-case_Handling_3_NT_TestCase9_Loop31,T
Missing_Corner-case_Handling_3_NT_TestCase10_Loop31,T
Missing_Corner-case_Handling_3_NT_TestCase11_Loop31,NT
Missing_Corner-case_Handling_3_NT_TestCase12_Loop31,NT
Missing_Corner-case_Handling_3_NT_TestCase13_Loop31,NT
Missing_Corner-case_Handling_3_NT_TestCase14_Loop31,NT
Missing_Corner-case_Handling_3_NT_TestCase15_Loop31,NT
Missing_Corner-case_Handling_3_NT_TestCase16_Loop31,NT
Missing_Corner-case_Handling_3_NT_TestCase17_Loop31,NT
Missing_Corner-case_Handling_3_NT_TestCase18_Loop31,NT
Missing_Corner-case_Handling_3_NT_TestCase19_Loop31,NT
Missing_Corner-case_Handling_3_NT_TestCase20_Loop31,NT
Missing_Corner-case_Handling_3_NT_TestCase1_Loop33,T
Missing_Corner-case_Handling_3_NT_TestCase2_Loop33,T
Missing_Corner-case_Handling_3_NT_TestCase3_Loop33,T
Missing_Corner-case_Handling_3_NT_TestCase4_Loop33,T
Missing_Corner-case_Handling_3_NT_TestCase5_Loop33,T
Missing_Corner-case_Handling_3_NT_TestCase6_Loop33,T
Missing_Corner-case_Handling_3_NT_TestCase7_Loop33,T
Missing_Corner-case_Handling_3_NT_TestCase8_Loop33,T
Missing_Corner-case_Handling_3_NT_TestCase9_Loop33,T
Missing_Corner-case_Handling_3_NT_TestCase10_Loop33,T
Missing_Corner-case_Handling_3_NT_TestCase11_Loop33,NT
Missing_Corner-case_Handling_3_NT_TestCase12_Loop33,NT
Missing_Corner-case_Handling_3_NT_TestCase13_Loop33,NT
Missing_Corner-case_Handling_3_NT_TestCase14_Loop33,NT
Missing_Corner-case_Handling_3_NT_TestCase15_Loop33,NT
Missing_Corner-case_Handling_3_NT_TestCase16_Loop33,NT
Missing_Corner-case_Handling_3_NT_TestCase17_Loop33,NT
Missing_Corner-case_Handling_3_NT_TestCase18_Loop33,NT
Missing_Corner-case_Handling_3_NT_TestCase19_Loop33,NT
Missing_Corner-case_Handling_3_NT_TestCase20_Loop33,NT
Missing_Corner-case_Handling_3_T,T
Missing_Corner-case_Handling_3_T_Loop19,T
Missing_Corner-case_Handling_3_T_Loop21,T
Missing_Corner-case_Handling_3_T_Loop31,T
Missing_Corner-case_Handling_3_T_Loop33,T
Missing_Corner-case_Handling_3_T_TestCase1,T
Missing_Corner-case_Handling_3_T_TestCase2,T
Missing_Corner-case_Handling_3_T_TestCase3,T
Missing_Corner-case_Handling_3_T_TestCase4,T
Missing_Corner-case_Handling_3_T_TestCase5,T
Missing_Corner-case_Handling_3_T_TestCase6,T
Missing_Corner-case_Handling_3_T_TestCase7,T
Missing_Corner-case_Handling_3_T_TestCase8,T
Missing_Corner-case_Handling_3_T_TestCase9,T
Missing_Corner-case_Handling_3_T_TestCase10,T
Missing_Corner-case_Handling_3_T_TestCase11,T
Missing_Corner-case_Handling_3_T_TestCase12,T
Missing_Corner-case_Handling_3_T_TestCase13,T
Missing_Corner-case_Handling_3_T_TestCase14,T
Missing_Corner-case_Handling_3_T_TestCase15,T
Missing_Corner-case_Handling_3_T_TestCase16,T
Missing_Corner-case_Handling_3_T_TestCase17,T
Missing_Corner-case_Handling_3_T_TestCase18,T
Missing_Corner-case_Handling_3_T_TestCase19,T
Missing_Corner-case_Handling_3_T_TestCase20,T
Missing_Corner-case_Handling_3_T_Loop19_TestCase1,T
Missing_Corner-case_Handling_3_T_Loop19_TestCase2,T
Missing_Corner-case_Handling_3_T_Loop19_TestCase3,T
Missing_Corner-case_Handling_3_T_Loop19_TestCase4,T
Missing_Corner-case_Handling_3_T_Loop19_TestCase5,T
Missing_Corner-case_Handling_3_T_Loop19_TestCase6,T
Missing_Corner-case_Handling_3_T_Loop19_TestCase7,T
Missing_Corner-case_Handling_3_T_Loop19_TestCase8,T
Missing_Corner-case_Handling_3_T_Loop19_TestCase9,T
Missing_Corner-case_Handling_3_T_Loop19_TestCase10,T
Missing_Corner-case_Handling_3_T_Loop19_TestCase11,T
Missing_Corner-case_Handling_3_T_Loop19_TestCase12,T
Missing_Corner-case_Handling_3_T_Loop19_TestCase13,T
Missing_Corner-case_Handling_3_T_Loop19_TestCase14,T
Missing_Corner-case_Handling_3_T_Loop19_TestCase15,T
Missing_Corner-case_Handling_3_T_Loop19_TestCase16,T
Missing_Corner-case_Handling_3_T_Loop19_TestCase17,T
Missing_Corner-case_Handling_3_T_Loop19_TestCase18,T
Missing_Corner-case_Handling_3_T_Loop19_TestCase19,T
Missing_Corner-case_Handling_3_T_Loop19_TestCase20,T
Missing_Corner-case_Handling_3_T_Loop21_TestCase1,T
Missing_Corner-case_Handling_3_T_Loop21_TestCase2,T
Missing_Corner-case_Handling_3_T_Loop21_TestCase3,T
Missing_Corner-case_Handling_3_T_Loop21_TestCase4,T
Missing_Corner-case_Handling_3_T_Loop21_TestCase5,T
Missing_Corner-case_Handling_3_T_Loop21_TestCase6,T
Missing_Corner-case_Handling_3_T_Loop21_TestCase7,T
Missing_Corner-case_Handling_3_T_Loop21_TestCase8,T
Missing_Corner-case_Handling_3_T_Loop21_TestCase9,T
Missing_Corner-case_Handling_3_T_Loop21_TestCase10,T
Missing_Corner-case_Handling_3_T_Loop21_TestCase11,T
Missing_Corner-case_Handling_3_T_Loop21_TestCase12,T
Missing_Corner-case_Handling_3_T_Loop21_TestCase13,T
Missing_Corner-case_Handling_3_T_Loop21_TestCase14,T
Missing_Corner-case_Handling_3_T_Loop21_TestCase15,T
Missing_Corner-case_Handling_3_T_Loop21_TestCase16,T
Missing_Corner-case_Handling_3_T_Loop21_TestCase17,T
Missing_Corner-case_Handling_3_T_Loop21_TestCase18,T
Missing_Corner-case_Handling_3_T_Loop21_TestCase19,T
Missing_Corner-case_Handling_3_T_Loop21_TestCase20,T
Missing_Corner-case_Handling_3_T_Loop31_TestCase1,T
Missing_Corner-case_Handling_3_T_Loop31_TestCase2,T
Missing_Corner-case_Handling_3_T_Loop31_TestCase3,T
Missing_Corner-case_Handling_3_T_Loop31_TestCase4,T
Missing_Corner-case_Handling_3_T_Loop31_TestCase5,T
Missing_Corner-case_Handling_3_T_Loop31_TestCase6,T
Missing_Corner-case_Handling_3_T_Loop31_TestCase7,T
Missing_Corner-case_Handling_3_T_Loop31_TestCase8,T
Missing_Corner-case_Handling_3_T_Loop31_TestCase9,T
Missing_Corner-case_Handling_3_T_Loop31_TestCase10,T
Missing_Corner-case_Handling_3_T_Loop31_TestCase11,T
Missing_Corner-case_Handling_3_T_Loop31_TestCase12,T
Missing_Corner-case_Handling_3_T_Loop31_TestCase13,T
Missing_Corner-case_Handling_3_T_Loop31_TestCase14,T
Missing_Corner-case_Handling_3_T_Loop31_TestCase15,T
Missing_Corner-case_Handling_3_T_Loop31_TestCase16,T
Missing_Corner-case_Handling_3_T_Loop31_TestCase17,T
Missing_Corner-case_Handling_3_T_Loop31_TestCase18,T
Missing_Corner-case_Handling_3_T_Loop31_TestCase19,T
Missing_Corner-case_Handling_3_T_Loop31_TestCase20,T
Missing_Corner-case_Handling_3_T_Loop33_TestCase1,T
Missing_Corner-case_Handling_3_T_Loop33_TestCase2,T
Missing_Corner-case_Handling_3_T_Loop33_TestCase3,T
Missing_Corner-case_Handling_3_T_Loop33_TestCase4,T
Missing_Corner-case_Handling_3_T_Loop33_TestCase5,T
Missing_Corner-case_Handling_3_T_Loop33_TestCase6,T
Missing_Corner-case_Handling_3_T_Loop33_TestCase7,T
Missing_Corner-case_Handling_3_T_Loop33_TestCase8,T
Missing_Corner-case_Handling_3_T_Loop33_TestCase9,T
Missing_Corner-case_Handling_3_T_Loop33_TestCase10,T
Missing_Corner-case_Handling_3_T_Loop33_TestCase11,T
Missing_Corner-case_Handling_3_T_Loop33_TestCase12,T
Missing_Corner-case_Handling_3_T_Loop33_TestCase13,T
Missing_Corner-case_Handling_3_T_Loop33_TestCase14,T
Missing_Corner-case_Handling_3_T_Loop33_TestCase15,T
Missing_Corner-case_Handling_3_T_Loop33_TestCase16,T
Missing_Corner-case_Handling_3_T_Loop33_TestCase17,T
Missing_Corner-case_Handling_3_T_Loop33_TestCase18,T
Missing_Corner-case_Handling_3_T_Loop33_TestCase19,T
Missing_Corner-case_Handling_3_T_Loop33_TestCase20,T
Missing_Corner-case_Handling_3_T_TestCase1_Loop19,T
Missing_Corner-case_Handling_3_T_TestCase2_Loop19,T
Missing_Corner-case_Handling_3_T_TestCase3_Loop19,T
Missing_Corner-case_Handling_3_T_TestCase4_Loop19,T
Missing_Corner-case_Handling_3_T_TestCase5_Loop19,T
Missing_Corner-case_Handling_3_T_TestCase6_Loop19,T
Missing_Corner-case_Handling_3_T_TestCase7_Loop19,T
Missing_Corner-case_Handling_3_T_TestCase8_Loop19,T
Missing_Corner-case_Handling_3_T_TestCase9_Loop19,T
Missing_Corner-case_Handling_3_T_TestCase10_Loop19,T
Missing_Corner-case_Handling_3_T_TestCase11_Loop19,T
Missing_Corner-case_Handling_3_T_TestCase12_Loop19,T
Missing_Corner-case_Handling_3_T_TestCase13_Loop19,T
Missing_Corner-case_Handling_3_T_TestCase14_Loop19,T
Missing_Corner-case_Handling_3_T_TestCase15_Loop19,T
Missing_Corner-case_Handling_3_T_TestCase16_Loop19,T
Missing_Corner-case_Handling_3_T_TestCase17_Loop19,T
Missing_Corner-case_Handling_3_T_TestCase18_Loop19,T
Missing_Corner-case_Handling_3_T_TestCase19_Loop19,T
Missing_Corner-case_Handling_3_T_TestCase20_Loop19,T
Missing_Corner-case_Handling_3_T_TestCase1_Loop21,T
Missing_Corner-case_Handling_3_T_TestCase2_Loop21,T
Missing_Corner-case_Handling_3_T_TestCase3_Loop21,T
Missing_Corner-case_Handling_3_T_TestCase4_Loop21,T
Missing_Corner-case_Handling_3_T_TestCase5_Loop21,T
Missing_Corner-case_Handling_3_T_TestCase6_Loop21,T
Missing_Corner-case_Handling_3_T_TestCase7_Loop21,T
Missing_Corner-case_Handling_3_T_TestCase8_Loop21,T
Missing_Corner-case_Handling_3_T_TestCase9_Loop21,T
Missing_Corner-case_Handling_3_T_TestCase10_Loop21,T
Missing_Corner-case_Handling_3_T_TestCase11_Loop21,T
Missing_Corner-case_Handling_3_T_TestCase12_Loop21,T
Missing_Corner-case_Handling_3_T_TestCase13_Loop21,T
Missing_Corner-case_Handling_3_T_TestCase14_Loop21,T
Missing_Corner-case_Handling_3_T_TestCase15_Loop21,T
Missing_Corner-case_Handling_3_T_TestCase16_Loop21,T
Missing_Corner-case_Handling_3_T_TestCase17_Loop21,T
Missing_Corner-case_Handling_3_T_TestCase18_Loop21,T
Missing_Corner-case_Handling_3_T_TestCase19_Loop21,T
Missing_Corner-case_Handling_3_T_TestCase20_Loop21,T
Missing_Corner-case_Handling_3_T_TestCase1_Loop31,T
Missing_Corner-case_Handling_3_T_TestCase2_Loop31,T
Missing_Corner-case_Handling_3_T_TestCase3_Loop31,T
Missing_Corner-case_Handling_3_T_TestCase4_Loop31,T
Missing_Corner-case_Handling_3_T_TestCase5_Loop31,T
Missing_Corner-case_Handling_3_T_TestCase6_Loop31,T
Missing_Corner-case_Handling_3_T_TestCase7_Loop31,T
Missing_Corner-case_Handling_3_T_TestCase8_Loop31,T
Missing_Corner-case_Handling_3_T_TestCase9_Loop31,T
Missing_Corner-case_Handling_3_T_TestCase10_Loop31,T
Missing_Corner-case_Handling_3_T_TestCase11_Loop31,T
Missing_Corner-case_Handling_3_T_TestCase12_Loop31,T
Missing_Corner-case_Handling_3_T_TestCase13_Loop31,T
Missing_Corner-case_Handling_3_T_TestCase14_Loop31,T
Missing_Corner-case_Handling_3_T_TestCase15_Loop31,T
Missing_Corner-case_Handling_3_T_TestCase16_Loop31,T
Missing_Corner-case_Handling_3_T_TestCase17_Loop31,T
Missing_Corner-case_Handling_3_T_TestCase18_Loop31,T
Missing_Corner-case_Handling_3_T_TestCase19_Loop31,T
Missing_Corner-case_Handling_3_T_TestCase20_Loop31,T
Missing_Corner-case_Handling_3_T_TestCase1_Loop33,T
Missing_Corner-case_Handling_3_T_TestCase2_Loop33,T
Missing_Corner-case_Handling_3_T_TestCase3_Loop33,T
Missing_Corner-case_Handling_3_T_TestCase4_Loop33,T
Missing_Corner-case_Handling_3_T_TestCase5_Loop33,T
Missing_Corner-case_Handling_3_T_TestCase6_Loop33,T
Missing_Corner-case_Handling_3_T_TestCase7_Loop33,T
Missing_Corner-case_Handling_3_T_TestCase8_Loop33,T
Missing_Corner-case_Handling_3_T_TestCase9_Loop33,T
Missing_Corner-case_Handling_3_T_TestCase10_Loop33,T
Missing_Corner-case_Handling_3_T_TestCase11_Loop33,T
Missing_Corner-case_Handling_3_T_TestCase12_Loop33,T
Missing_Corner-case_Handling_3_T_TestCase13_Loop33,T
Missing_Corner-case_Handling_3_T_TestCase14_Loop33,T
Missing_Corner-case_Handling_3_T_TestCase15_Loop33,T
Missing_Corner-case_Handling_3_T_TestCase16_Loop33,T
Missing_Corner-case_Handling_3_T_TestCase17_Loop33,T
Missing_Corner-case_Handling_3_T_TestCase18_Loop33,T
Missing_Corner-case_Handling_3_T_TestCase19_Loop33,T
Missing_Corner-case_Handling_3_T_TestCase20_Loop33,T
Missing_Corner-case_Handling_4_NT,NT
Missing_Corner-case_Handling_4_NT_Loop24,T
Missing_Corner-case_Handling_4_NT_Loop37,T
Missing_Corner-case_Handling_4_NT_Loop51,NT
Missing_Corner-case_Handling_4_NT_TestCase1,T
Missing_Corner-case_Handling_4_NT_TestCase2,T
Missing_Corner-case_Handling_4_NT_TestCase3,T
Missing_Corner-case_Handling_4_NT_TestCase4,T
Missing_Corner-case_Handling_4_NT_TestCase5,T
Missing_Corner-case_Handling_4_NT_TestCase6,T
Missing_Corner-case_Handling_4_NT_TestCase7,T
Missing_Corner-case_Handling_4_NT_TestCase8,T
Missing_Corner-case_Handling_4_NT_TestCase9,T
Missing_Corner-case_Handling_4_NT_TestCase10,T
Missing_Corner-case_Handling_4_NT_TestCase11,NT
Missing_Corner-case_Handling_4_NT_TestCase12,NT
Missing_Corner-case_Handling_4_NT_TestCase13,NT
Missing_Corner-case_Handling_4_NT_TestCase14,NT
Missing_Corner-case_Handling_4_NT_TestCase15,NT
Missing_Corner-case_Handling_4_NT_TestCase16,NT
Missing_Corner-case_Handling_4_NT_TestCase17,NT
Missing_Corner-case_Handling_4_NT_TestCase18,NT
Missing_Corner-case_Handling_4_NT_TestCase19,NT
Missing_Corner-case_Handling_4_NT_TestCase20,NT
Missing_Corner-case_Handling_4_NT_Loop24_TestCase1,T
Missing_Corner-case_Handling_4_NT_Loop24_TestCase2,T
Missing_Corner-case_Handling_4_NT_Loop24_TestCase3,T
Missing_Corner-case_Handling_4_NT_Loop24_TestCase4,T
Missing_Corner-case_Handling_4_NT_Loop24_TestCase5,T
Missing_Corner-case_Handling_4_NT_Loop24_TestCase6,T
Missing_Corner-case_Handling_4_NT_Loop24_TestCase7,T
Missing_Corner-case_Handling_4_NT_Loop24_TestCase8,T
Missing_Corner-case_Handling_4_NT_Loop24_TestCase9,T
Missing_Corner-case_Handling_4_NT_Loop24_TestCase10,T
Missing_Corner-case_Handling_4_NT_Loop24_TestCase11,T
Missing_Corner-case_Handling_4_NT_Loop24_TestCase12,T
Missing_Corner-case_Handling_4_NT_Loop24_TestCase13,T
Missing_Corner-case_Handling_4_NT_Loop24_TestCase14,T
Missing_Corner-case_Handling_4_NT_Loop24_TestCase15,T
Missing_Corner-case_Handling_4_NT_Loop24_TestCase16,T
Missing_Corner-case_Handling_4_NT_Loop24_TestCase17,T
Missing_Corner-case_Handling_4_NT_Loop24_TestCase18,T
Missing_Corner-case_Handling_4_NT_Loop24_TestCase19,T
Missing_Corner-case_Handling_4_NT_Loop24_TestCase20,T
Missing_Corner-case_Handling_4_NT_Loop37_TestCase1,T
Missing_Corner-case_Handling_4_NT_Loop37_TestCase2,T
Missing_Corner-case_Handling_4_NT_Loop37_TestCase3,T
Missing_Corner-case_Handling_4_NT_Loop37_TestCase4,T
Missing_Corner-case_Handling_4_NT_Loop37_TestCase5,T
Missing_Corner-case_Handling_4_NT_Loop37_TestCase6,T
Missing_Corner-case_Handling_4_NT_Loop37_TestCase7,T
Missing_Corner-case_Handling_4_NT_Loop37_TestCase8,T
Missing_Corner-case_Handling_4_NT_Loop37_TestCase9,T
Missing_Corner-case_Handling_4_NT_Loop37_TestCase10,T
Missing_Corner-case_Handling_4_NT_Loop37_TestCase11,T
Missing_Corner-case_Handling_4_NT_Loop37_TestCase12,T
Missing_Corner-case_Handling_4_NT_Loop37_TestCase13,T
Missing_Corner-case_Handling_4_NT_Loop37_TestCase14,T
Missing_Corner-case_Handling_4_NT_Loop37_TestCase15,T
Missing_Corner-case_Handling_4_NT_Loop37_TestCase16,T
Missing_Corner-case_Handling_4_NT_Loop37_TestCase17,T
Missing_Corner-case_Handling_4_NT_Loop37_TestCase18,T
Missing_Corner-case_Handling_4_NT_Loop37_TestCase19,T
Missing_Corner-case_Handling_4_NT_Loop37_TestCase20,T
Missing_Corner-case_Handling_4_NT_Loop51_TestCase1,T
Missing_Corner-case_Handling_4_NT_Loop51_TestCase2,T
Missing_Corner-case_Handling_4_NT_Loop51_TestCase3,T
Missing_Corner-case_Handling_4_NT_Loop51_TestCase4,T
Missing_Corner-case_Handling_4_NT_Loop51_TestCase5,T
Missing_Corner-case_Handling_4_NT_Loop51_TestCase6,T
Missing_Corner-case_Handling_4_NT_Loop51_TestCase7,T
Missing_Corner-case_Handling_4_NT_Loop51_TestCase8,T
Missing_Corner-case_Handling_4_NT_Loop51_TestCase9,T
Missing_Corner-case_Handling_4_NT_Loop51_TestCase10,T
Missing_Corner-case_Handling_4_NT_Loop51_TestCase11,NT
Missing_Corner-case_Handling_4_NT_Loop51_TestCase12,NT
Missing_Corner-case_Handling_4_NT_Loop51_TestCase13,NT
Missing_Corner-case_Handling_4_NT_Loop51_TestCase14,NT
Missing_Corner-case_Handling_4_NT_Loop51_TestCase15,NT
Missing_Corner-case_Handling_4_NT_Loop51_TestCase16,NT
Missing_Corner-case_Handling_4_NT_Loop51_TestCase17,NT
Missing_Corner-case_Handling_4_NT_Loop51_TestCase18,NT
Missing_Corner-case_Handling_4_NT_Loop51_TestCase19,NT
Missing_Corner-case_Handling_4_NT_Loop51_TestCase20,NT
Missing_Corner-case_Handling_4_NT_TestCase1_Loop24,T
Missing_Corner-case_Handling_4_NT_TestCase2_Loop24,T
Missing_Corner-case_Handling_4_NT_TestCase3_Loop24,T
Missing_Corner-case_Handling_4_NT_TestCase4_Loop24,T
Missing_Corner-case_Handling_4_NT_TestCase5_Loop24,T
Missing_Corner-case_Handling_4_NT_TestCase6_Loop24,T
Missing_Corner-case_Handling_4_NT_TestCase7_Loop24,T
Missing_Corner-case_Handling_4_NT_TestCase8_Loop24,T
Missing_Corner-case_Handling_4_NT_TestCase9_Loop24,T
Missing_Corner-case_Handling_4_NT_TestCase10_Loop24,T
Missing_Corner-case_Handling_4_NT_TestCase11_Loop24,T
Missing_Corner-case_Handling_4_NT_TestCase12_Loop24,T
Missing_Corner-case_Handling_4_NT_TestCase13_Loop24,T
Missing_Corner-case_Handling_4_NT_TestCase14_Loop24,T
Missing_Corner-case_Handling_4_NT_TestCase15_Loop24,T
Missing_Corner-case_Handling_4_NT_TestCase16_Loop24,T
Missing_Corner-case_Handling_4_NT_TestCase17_Loop24,T
Missing_Corner-case_Handling_4_NT_TestCase18_Loop24,T
Missing_Corner-case_Handling_4_NT_TestCase19_Loop24,T
Missing_Corner-case_Handling_4_NT_TestCase20_Loop24,T
Missing_Corner-case_Handling_4_NT_TestCase1_Loop37,T
Missing_Corner-case_Handling_4_NT_TestCase2_Loop37,T
Missing_Corner-case_Handling_4_NT_TestCase3_Loop37,T
Missing_Corner-case_Handling_4_NT_TestCase4_Loop37,T
Missing_Corner-case_Handling_4_NT_TestCase5_Loop37,T
Missing_Corner-case_Handling_4_NT_TestCase6_Loop37,T
Missing_Corner-case_Handling_4_NT_TestCase7_Loop37,T
Missing_Corner-case_Handling_4_NT_TestCase8_Loop37,T
Missing_Corner-case_Handling_4_NT_TestCase9_Loop37,T
Missing_Corner-case_Handling_4_NT_TestCase10_Loop37,T
Missing_Corner-case_Handling_4_NT_TestCase11_Loop37,T
Missing_Corner-case_Handling_4_NT_TestCase12_Loop37,T
Missing_Corner-case_Handling_4_NT_TestCase13_Loop37,T
Missing_Corner-case_Handling_4_NT_TestCase14_Loop37,T
Missing_Corner-case_Handling_4_NT_TestCase15_Loop37,T
Missing_Corner-case_Handling_4_NT_TestCase16_Loop37,T
Missing_Corner-case_Handling_4_NT_TestCase17_Loop37,T
Missing_Corner-case_Handling_4_NT_TestCase18_Loop37,T
Missing_Corner-case_Handling_4_NT_TestCase19_Loop37,T
Missing_Corner-case_Handling_4_NT_TestCase20_Loop37,T
Missing_Corner-case_Handling_4_NT_TestCase1_Loop51,T
Missing_Corner-case_Handling_4_NT_TestCase2_Loop51,T
Missing_Corner-case_Handling_4_NT_TestCase3_Loop51,T
Missing_Corner-case_Handling_4_NT_TestCase4_Loop51,T
Missing_Corner-case_Handling_4_NT_TestCase5_Loop51,T
Missing_Corner-case_Handling_4_NT_TestCase6_Loop51,T
Missing_Corner-case_Handling_4_NT_TestCase7_Loop51,T
Missing_Corner-case_Handling_4_NT_TestCase8_Loop51,T
Missing_Corner-case_Handling_4_NT_TestCase9_Loop51,T
Missing_Corner-case_Handling_4_NT_TestCase10_Loop51,T
Missing_Corner-case_Handling_4_NT_TestCase11_Loop51,NT
Missing_Corner-case_Handling_4_NT_TestCase12_Loop51,NT
Missing_Corner-case_Handling_4_NT_TestCase13_Loop51,NT
Missing_Corner-case_Handling_4_NT_TestCase14_Loop51,NT
Missing_Corner-case_Handling_4_NT_TestCase15_Loop51,NT
Missing_Corner-case_Handling_4_NT_TestCase16_Loop51,NT
Missing_Corner-case_Handling_4_NT_TestCase17_Loop51,NT
Missing_Corner-case_Handling_4_NT_TestCase18_Loop51,NT
Missing_Corner-case_Handling_4_NT_TestCase19_Loop51,NT
Missing_Corner-case_Handling_4_NT_TestCase20_Loop51,NT
Missing_Corner-case_Handling_4_T,T
Missing_Corner-case_Handling_4_T_Loop23,T
Missing_Corner-case_Handling_4_T_Loop36,T
Missing_Corner-case_Handling_4_T_Loop50,T
Missing_Corner-case_Handling_4_T_TestCase1,T
Missing_Corner-case_Handling_4_T_TestCase2,T
Missing_Corner-case_Handling_4_T_TestCase3,T
Missing_Corner-case_Handling_4_T_TestCase4,T
Missing_Corner-case_Handling_4_T_TestCase5,T
Missing_Corner-case_Handling_4_T_TestCase6,T
Missing_Corner-case_Handling_4_T_TestCase7,T
Missing_Corner-case_Handling_4_T_TestCase8,T
Missing_Corner-case_Handling_4_T_TestCase9,T
Missing_Corner-case_Handling_4_T_TestCase10,T
Missing_Corner-case_Handling_4_T_TestCase11,T
Missing_Corner-case_Handling_4_T_TestCase12,T
Missing_Corner-case_Handling_4_T_TestCase13,T
Missing_Corner-case_Handling_4_T_TestCase14,T
Missing_Corner-case_Handling_4_T_TestCase15,T
Missing_Corner-case_Handling_4_T_TestCase16,T
Missing_Corner-case_Handling_4_T_TestCase17,T
Missing_Corner-case_Handling_4_T_TestCase18,T
Missing_Corner-case_Handling_4_T_TestCase19,T
Missing_Corner-case_Handling_4_T_TestCase20,T
Missing_Corner-case_Handling_4_T_Loop23_TestCase1,T
Missing_Corner-case_Handling_4_T_Loop23_TestCase2,T
Missing_Corner-case_Handling_4_T_Loop23_TestCase3,T
Missing_Corner-case_Handling_4_T_Loop23_TestCase4,T
Missing_Corner-case_Handling_4_T_Loop23_TestCase5,T
Missing_Corner-case_Handling_4_T_Loop23_TestCase6,T
Missing_Corner-case_Handling_4_T_Loop23_TestCase7,T
Missing_Corner-case_Handling_4_T_Loop23_TestCase8,T
Missing_Corner-case_Handling_4_T_Loop23_TestCase9,T
Missing_Corner-case_Handling_4_T_Loop23_TestCase10,T
Missing_Corner-case_Handling_4_T_Loop23_TestCase11,T
Missing_Corner-case_Handling_4_T_Loop23_TestCase12,T
Missing_Corner-case_Handling_4_T_Loop23_TestCase13,T
Missing_Corner-case_Handling_4_T_Loop23_TestCase14,T
Missing_Corner-case_Handling_4_T_Loop23_TestCase15,T
Missing_Corner-case_Handling_4_T_Loop23_TestCase16,T
Missing_Corner-case_Handling_4_T_Loop23_TestCase17,T
Missing_Corner-case_Handling_4_T_Loop23_TestCase18,T
Missing_Corner-case_Handling_4_T_Loop23_TestCase19,T
Missing_Corner-case_Handling_4_T_Loop23_TestCase20,T
Missing_Corner-case_Handling_4_T_Loop36_TestCase1,T
Missing_Corner-case_Handling_4_T_Loop36_TestCase2,T
Missing_Corner-case_Handling_4_T_Loop36_TestCase3,T
Missing_Corner-case_Handling_4_T_Loop36_TestCase4,T
Missing_Corner-case_Handling_4_T_Loop36_TestCase5,T
Missing_Corner-case_Handling_4_T_Loop36_TestCase6,T
Missing_Corner-case_Handling_4_T_Loop36_TestCase7,T
Missing_Corner-case_Handling_4_T_Loop36_TestCase8,T
Missing_Corner-case_Handling_4_T_Loop36_TestCase9,T
Missing_Corner-case_Handling_4_T_Loop36_TestCase10,T
Missing_Corner-case_Handling_4_T_Loop36_TestCase11,T
Missing_Corner-case_Handling_4_T_Loop36_TestCase12,T
Missing_Corner-case_Handling_4_T_Loop36_TestCase13,T
Missing_Corner-case_Handling_4_T_Loop36_TestCase14,T
Missing_Corner-case_Handling_4_T_Loop36_TestCase15,T
Missing_Corner-case_Handling_4_T_Loop36_TestCase16,T
Missing_Corner-case_Handling_4_T_Loop36_TestCase17,T
Missing_Corner-case_Handling_4_T_Loop36_TestCase18,T
Missing_Corner-case_Handling_4_T_Loop36_TestCase19,T
Missing_Corner-case_Handling_4_T_Loop36_TestCase20,T
Missing_Corner-case_Handling_4_T_Loop50_TestCase1,T
Missing_Corner-case_Handling_4_T_Loop50_TestCase2,T
Missing_Corner-case_Handling_4_T_Loop50_TestCase3,T
Missing_Corner-case_Handling_4_T_Loop50_TestCase4,T
Missing_Corner-case_Handling_4_T_Loop50_TestCase5,T
Missing_Corner-case_Handling_4_T_Loop50_TestCase6,T
Missing_Corner-case_Handling_4_T_Loop50_TestCase7,T
Missing_Corner-case_Handling_4_T_Loop50_TestCase8,T
Missing_Corner-case_Handling_4_T_Loop50_TestCase9,T
Missing_Corner-case_Handling_4_T_Loop50_TestCase10,T
Missing_Corner-case_Handling_4_T_Loop50_TestCase11,T
Missing_Corner-case_Handling_4_T_Loop50_TestCase12,T
Missing_Corner-case_Handling_4_T_Loop50_TestCase13,T
Missing_Corner-case_Handling_4_T_Loop50_TestCase14,T
Missing_Corner-case_Handling_4_T_Loop50_TestCase15,T
Missing_Corner-case_Handling_4_T_Loop50_TestCase16,T
Missing_Corner-case_Handling_4_T_Loop50_TestCase17,T
Missing_Corner-case_Handling_4_T_Loop50_TestCase18,T
Missing_Corner-case_Handling_4_T_Loop50_TestCase19,T
Missing_Corner-case_Handling_4_T_Loop50_TestCase20,T
Missing_Corner-case_Handling_4_T_TestCase1_Loop23,T
Missing_Corner-case_Handling_4_T_TestCase2_Loop23,T
Missing_Corner-case_Handling_4_T_TestCase3_Loop23,T
Missing_Corner-case_Handling_4_T_TestCase4_Loop23,T
Missing_Corner-case_Handling_4_T_TestCase5_Loop23,T
Missing_Corner-case_Handling_4_T_TestCase6_Loop23,T
Missing_Corner-case_Handling_4_T_TestCase7_Loop23,T
Missing_Corner-case_Handling_4_T_TestCase8_Loop23,T
Missing_Corner-case_Handling_4_T_TestCase9_Loop23,T
Missing_Corner-case_Handling_4_T_TestCase10_Loop23,T
Missing_Corner-case_Handling_4_T_TestCase11_Loop23,T
Missing_Corner-case_Handling_4_T_TestCase12_Loop23,T
Missing_Corner-case_Handling_4_T_TestCase13_Loop23,T
Missing_Corner-case_Handling_4_T_TestCase14_Loop23,T
Missing_Corner-case_Handling_4_T_TestCase15_Loop23,T
Missing_Corner-case_Handling_4_T_TestCase16_Loop23,T
Missing_Corner-case_Handling_4_T_TestCase17_Loop23,T
Missing_Corner-case_Handling_4_T_TestCase18_Loop23,T
Missing_Corner-case_Handling_4_T_TestCase19_Loop23,T
Missing_Corner-case_Handling_4_T_TestCase20_Loop23,T
Missing_Corner-case_Handling_4_T_TestCase1_Loop36,T
Missing_Corner-case_Handling_4_T_TestCase2_Loop36,T
Missing_Corner-case_Handling_4_T_TestCase3_Loop36,T
Missing_Corner-case_Handling_4_T_TestCase4_Loop36,T
Missing_Corner-case_Handling_4_T_TestCase5_Loop36,T
Missing_Corner-case_Handling_4_T_TestCase6_Loop36,T
Missing_Corner-case_Handling_4_T_TestCase7_Loop36,T
Missing_Corner-case_Handling_4_T_TestCase8_Loop36,T
Missing_Corner-case_Handling_4_T_TestCase9_Loop36,T
Missing_Corner-case_Handling_4_T_TestCase10_Loop36,T
Missing_Corner-case_Handling_4_T_TestCase11_Loop36,T
Missing_Corner-case_Handling_4_T_TestCase12_Loop36,T
Missing_Corner-case_Handling_4_T_TestCase13_Loop36,T
Missing_Corner-case_Handling_4_T_TestCase14_Loop36,T
Missing_Corner-case_Handling_4_T_TestCase15_Loop36,T
Missing_Corner-case_Handling_4_T_TestCase16_Loop36,T
Missing_Corner-case_Handling_4_T_TestCase17_Loop36,T
Missing_Corner-case_Handling_4_T_TestCase18_Loop36,T
Missing_Corner-case_Handling_4_T_TestCase19_Loop36,T
Missing_Corner-case_Handling_4_T_TestCase20_Loop36,T
Missing_Corner-case_Handling_4_T_TestCase1_Loop50,T
Missing_Corner-case_Handling_4_T_TestCase2_Loop50,T
Missing_Corner-case_Handling_4_T_TestCase3_Loop50,T
Missing_Corner-case_Handling_4_T_TestCase4_Loop50,T
Missing_Corner-case_Handling_4_T_TestCase5_Loop50,T
Missing_Corner-case_Handling_4_T_TestCase6_Loop50,T
Missing_Corner-case_Handling_4_T_TestCase7_Loop50,T
Missing_Corner-case_Handling_4_T_TestCase8_Loop50,T
Missing_Corner-case_Handling_4_T_TestCase9_Loop50,T
Missing_Corner-case_Handling_4_T_TestCase10_Loop50,T
Missing_Corner-case_Handling_4_T_TestCase11_Loop50,T
Missing_Corner-case_Handling_4_T_TestCase12_Loop50,T
Missing_Corner-case_Handling_4_T_TestCase13_Loop50,T
Missing_Corner-case_Handling_4_T_TestCase14_Loop50,T
Missing_Corner-case_Handling_4_T_TestCase15_Loop50,T
Missing_Corner-case_Handling_4_T_TestCase16_Loop50,T
Missing_Corner-case_Handling_4_T_TestCase17_Loop50,T
Missing_Corner-case_Handling_4_T_TestCase18_Loop50,T
Missing_Corner-case_Handling_4_T_TestCase19_Loop50,T
Missing_Corner-case_Handling_4_T_TestCase20_Loop50,T
Missing_Initialization_1_NT,NT
Missing_Initialization_1_NT_Loop14,NT
Missing_Initialization_1_NT_Loop16,NT
Missing_Initialization_1_NT_TestCase1,T
Missing_Initialization_1_NT_TestCase2,T
Missing_Initialization_1_NT_TestCase3,T
Missing_Initialization_1_NT_TestCase4,T
Missing_Initialization_1_NT_TestCase5,T
Missing_Initialization_1_NT_TestCase6,T
Missing_Initialization_1_NT_TestCase7,T
Missing_Initialization_1_NT_TestCase8,T
Missing_Initialization_1_NT_TestCase9,T
Missing_Initialization_1_NT_TestCase10,T
Missing_Initialization_1_NT_TestCase11,NT
Missing_Initialization_1_NT_TestCase12,NT
Missing_Initialization_1_NT_TestCase13,NT
Missing_Initialization_1_NT_TestCase14,NT
Missing_Initialization_1_NT_TestCase15,NT
Missing_Initialization_1_NT_TestCase16,NT
Missing_Initialization_1_NT_TestCase17,NT
Missing_Initialization_1_NT_TestCase18,NT
Missing_Initialization_1_NT_TestCase19,NT
Missing_Initialization_1_NT_TestCase20,NT
Missing_Initialization_1_NT_Loop14_TestCase1,T
Missing_Initialization_1_NT_Loop14_TestCase2,T
Missing_Initialization_1_NT_Loop14_TestCase3,T
Missing_Initialization_1_NT_Loop14_TestCase4,T
Missing_Initialization_1_NT_Loop14_TestCase5,T
Missing_Initialization_1_NT_Loop14_TestCase6,T
Missing_Initialization_1_NT_Loop14_TestCase7,T
Missing_Initialization_1_NT_Loop14_TestCase8,T
Missing_Initialization_1_NT_Loop14_TestCase9,T
Missing_Initialization_1_NT_Loop14_TestCase10,T
Missing_Initialization_1_NT_Loop14_TestCase11,NT
Missing_Initialization_1_NT_Loop14_TestCase12,NT
Missing_Initialization_1_NT_Loop14_TestCase13,NT
Missing_Initialization_1_NT_Loop14_TestCase14,NT
Missing_Initialization_1_NT_Loop14_TestCase15,NT
Missing_Initialization_1_NT_Loop14_TestCase16,NT
Missing_Initialization_1_NT_Loop14_TestCase17,NT
Missing_Initialization_1_NT_Loop14_TestCase18,NT
Missing_Initialization_1_NT_Loop14_TestCase19,NT
Missing_Initialization_1_NT_Loop14_TestCase20,NT
Missing_Initialization_1_NT_Loop16_TestCase1,T
Missing_Initialization_1_NT_Loop16_TestCase2,T
Missing_Initialization_1_NT_Loop16_TestCase3,T
Missing_Initialization_1_NT_Loop16_TestCase4,T
Missing_Initialization_1_NT_Loop16_TestCase5,T
Missing_Initialization_1_NT_Loop16_TestCase6,T
Missing_Initialization_1_NT_Loop16_TestCase7,T
Missing_Initialization_1_NT_Loop16_TestCase8,T
Missing_Initialization_1_NT_Loop16_TestCase9,T
Missing_Initialization_1_NT_Loop16_TestCase10,T
Missing_Initialization_1_NT_Loop16_TestCase11,NT
Missing_Initialization_1_NT_Loop16_TestCase12,NT
Missing_Initialization_1_NT_Loop16_TestCase13,NT
Missing_Initialization_1_NT_Loop16_TestCase14,NT
Missing_Initialization_1_NT_Loop16_TestCase15,NT
Missing_Initialization_1_NT_Loop16_TestCase16,NT
Missing_Initialization_1_NT_Loop16_TestCase17,NT
Missing_Initialization_1_NT_Loop16_TestCase18,NT
Missing_Initialization_1_NT_Loop16_TestCase19,NT
Missing_Initialization_1_NT_Loop16_TestCase20,NT
Missing_Initialization_1_NT_TestCase1_Loop14,T
Missing_Initialization_1_NT_TestCase2_Loop14,T
Missing_Initialization_1_NT_TestCase3_Loop14,T
Missing_Initialization_1_NT_TestCase4_Loop14,T
Missing_Initialization_1_NT_TestCase5_Loop14,T
Missing_Initialization_1_NT_TestCase6_Loop14,T
Missing_Initialization_1_NT_TestCase7_Loop14,T
Missing_Initialization_1_NT_TestCase8_Loop14,T
Missing_Initialization_1_NT_TestCase9_Loop14,T
Missing_Initialization_1_NT_TestCase10_Loop14,T
Missing_Initialization_1_NT_TestCase11_Loop14,NT
Missing_Initialization_1_NT_TestCase12_Loop14,NT
Missing_Initialization_1_NT_TestCase13_Loop14,NT
Missing_Initialization_1_NT_TestCase14_Loop14,NT
Missing_Initialization_1_NT_TestCase15_Loop14,NT
Missing_Initialization_1_NT_TestCase16_Loop14,NT
Missing_Initialization_1_NT_TestCase17_Loop14,NT
Missing_Initialization_1_NT_TestCase18_Loop14,NT
Missing_Initialization_1_NT_TestCase19_Loop14,NT
Missing_Initialization_1_NT_TestCase20_Loop14,NT
Missing_Initialization_1_NT_TestCase1_Loop16,T
Missing_Initialization_1_NT_TestCase2_Loop16,T
Missing_Initialization_1_NT_TestCase3_Loop16,T
Missing_Initialization_1_NT_TestCase4_Loop16,T
Missing_Initialization_1_NT_TestCase5_Loop16,T
Missing_Initialization_1_NT_TestCase6_Loop16,T
Missing_Initialization_1_NT_TestCase7_Loop16,T
Missing_Initialization_1_NT_TestCase8_Loop16,T
Missing_Initialization_1_NT_TestCase9_Loop16,T
Missing_Initialization_1_NT_TestCase10_Loop16,T
Missing_Initialization_1_NT_TestCase11_Loop16,NT
Missing_Initialization_1_NT_TestCase12_Loop16,NT
Missing_Initialization_1_NT_TestCase13_Loop16,NT
Missing_Initialization_1_NT_TestCase14_Loop16,NT
Missing_Initialization_1_NT_TestCase15_Loop16,NT
Missing_Initialization_1_NT_TestCase16_Loop16,NT
Missing_Initialization_1_NT_TestCase17_Loop16,NT
Missing_Initialization_1_NT_TestCase18_Loop16,NT
Missing_Initialization_1_NT_TestCase19_Loop16,NT
Missing_Initialization_1_NT_TestCase20_Loop16,NT
Missing_Initialization_1_T,T
Missing_Initialization_1_T_Loop14,T
Missing_Initialization_1_T_Loop17,T
Missing_Initialization_1_T_TestCase1,T
Missing_Initialization_1_T_TestCase2,T
Missing_Initialization_1_T_TestCase3,T
Missing_Initialization_1_T_TestCase4,T
Missing_Initialization_1_T_TestCase5,T
Missing_Initialization_1_T_TestCase6,T
Missing_Initialization_1_T_TestCase7,T
Missing_Initialization_1_T_TestCase8,T
Missing_Initialization_1_T_TestCase9,T
Missing_Initialization_1_T_TestCase10,T
Missing_Initialization_1_T_TestCase11,T
Missing_Initialization_1_T_TestCase12,T
Missing_Initialization_1_T_TestCase13,T
Missing_Initialization_1_T_TestCase14,T
Missing_Initialization_1_T_TestCase15,T
Missing_Initialization_1_T_TestCase16,T
Missing_Initialization_1_T_TestCase17,T
Missing_Initialization_1_T_TestCase18,T
Missing_Initialization_1_T_TestCase19,T
Missing_Initialization_1_T_TestCase20,T
Missing_Initialization_1_T_Loop14_TestCase1,T
Missing_Initialization_1_T_Loop14_TestCase2,T
Missing_Initialization_1_T_Loop14_TestCase3,T
Missing_Initialization_1_T_Loop14_TestCase4,T
Missing_Initialization_1_T_Loop14_TestCase5,T
Missing_Initialization_1_T_Loop14_TestCase6,T
Missing_Initialization_1_T_Loop14_TestCase7,T
Missing_Initialization_1_T_Loop14_TestCase8,T
Missing_Initialization_1_T_Loop14_TestCase9,T
Missing_Initialization_1_T_Loop14_TestCase10,T
Missing_Initialization_1_T_Loop14_TestCase11,T
Missing_Initialization_1_T_Loop14_TestCase12,T
Missing_Initialization_1_T_Loop14_TestCase13,T
Missing_Initialization_1_T_Loop14_TestCase14,T
Missing_Initialization_1_T_Loop14_TestCase15,T
Missing_Initialization_1_T_Loop14_TestCase16,T
Missing_Initialization_1_T_Loop14_TestCase17,T
Missing_Initialization_1_T_Loop14_TestCase18,T
Missing_Initialization_1_T_Loop14_TestCase19,T
Missing_Initialization_1_T_Loop14_TestCase20,T
Missing_Initialization_1_T_Loop17_TestCase1,T
Missing_Initialization_1_T_Loop17_TestCase2,T
Missing_Initialization_1_T_Loop17_TestCase3,T
Missing_Initialization_1_T_Loop17_TestCase4,T
Missing_Initialization_1_T_Loop17_TestCase5,T
Missing_Initialization_1_T_Loop17_TestCase6,T
Missing_Initialization_1_T_Loop17_TestCase7,T
Missing_Initialization_1_T_Loop17_TestCase8,T
Missing_Initialization_1_T_Loop17_TestCase9,T
Missing_Initialization_1_T_Loop17_TestCase10,T
Missing_Initialization_1_T_Loop17_TestCase11,T
Missing_Initialization_1_T_Loop17_TestCase12,T
Missing_Initialization_1_T_Loop17_TestCase13,T
Missing_Initialization_1_T_Loop17_TestCase14,T
Missing_Initialization_1_T_Loop17_TestCase15,T
Missing_Initialization_1_T_Loop17_TestCase16,T
Missing_Initialization_1_T_Loop17_TestCase17,T
Missing_Initialization_1_T_Loop17_TestCase18,T
Missing_Initialization_1_T_Loop17_TestCase19,T
Missing_Initialization_1_T_Loop17_TestCase20,T
Missing_Initialization_1_T_TestCase1_Loop14,T
Missing_Initialization_1_T_TestCase2_Loop14,T
Missing_Initialization_1_T_TestCase3_Loop14,T
Missing_Initialization_1_T_TestCase4_Loop14,T
Missing_Initialization_1_T_TestCase5_Loop14,T
Missing_Initialization_1_T_TestCase6_Loop14,T
Missing_Initialization_1_T_TestCase7_Loop14,T
Missing_Initialization_1_T_TestCase8_Loop14,T
Missing_Initialization_1_T_TestCase9_Loop14,T
Missing_Initialization_1_T_TestCase10_Loop14,T
Missing_Initialization_1_T_TestCase11_Loop14,T
Missing_Initialization_1_T_TestCase12_Loop14,T
Missing_Initialization_1_T_TestCase13_Loop14,T
Missing_Initialization_1_T_TestCase14_Loop14,T
Missing_Initialization_1_T_TestCase15_Loop14,T
Missing_Initialization_1_T_TestCase16_Loop14,T
Missing_Initialization_1_T_TestCase17_Loop14,T
Missing_Initialization_1_T_TestCase18_Loop14,T
Missing_Initialization_1_T_TestCase19_Loop14,T
Missing_Initialization_1_T_TestCase20_Loop14,T
Missing_Initialization_1_T_TestCase1_Loop17,T
Missing_Initialization_1_T_TestCase2_Loop17,T
Missing_Initialization_1_T_TestCase3_Loop17,T
Missing_Initialization_1_T_TestCase4_Loop17,T
Missing_Initialization_1_T_TestCase5_Loop17,T
Missing_Initialization_1_T_TestCase6_Loop17,T
Missing_Initialization_1_T_TestCase7_Loop17,T
Missing_Initialization_1_T_TestCase8_Loop17,T
Missing_Initialization_1_T_TestCase9_Loop17,T
Missing_Initialization_1_T_TestCase10_Loop17,T
Missing_Initialization_1_T_TestCase11_Loop17,T
Missing_Initialization_1_T_TestCase12_Loop17,T
Missing_Initialization_1_T_TestCase13_Loop17,T
Missing_Initialization_1_T_TestCase14_Loop17,T
Missing_Initialization_1_T_TestCase15_Loop17,T
Missing_Initialization_1_T_TestCase16_Loop17,T
Missing_Initialization_1_T_TestCase17_Loop17,T
Missing_Initialization_1_T_TestCase18_Loop17,T
Missing_Initialization_1_T_TestCase19_Loop17,T
Missing_Initialization_1_T_TestCase20_Loop17,T
Missing_Iterator_Update_1_NT,NT
Missing_Iterator_Update_1_NT_Loop18,NT
Missing_Iterator_Update_1_NT_TestCase1,T
Missing_Iterator_Update_1_NT_TestCase2,T
Missing_Iterator_Update_1_NT_TestCase3,T
Missing_Iterator_Update_1_NT_TestCase4,T
Missing_Iterator_Update_1_NT_TestCase5,T
Missing_Iterator_Update_1_NT_TestCase6,T
Missing_Iterator_Update_1_NT_TestCase7,T
Missing_Iterator_Update_1_NT_TestCase8,T
Missing_Iterator_Update_1_NT_TestCase9,T
Missing_Iterator_Update_1_NT_TestCase10,T
Missing_Iterator_Update_1_NT_TestCase11,NT
Missing_Iterator_Update_1_NT_TestCase12,NT
Missing_Iterator_Update_1_NT_TestCase13,NT
Missing_Iterator_Update_1_NT_TestCase14,NT
Missing_Iterator_Update_1_NT_TestCase15,NT
Missing_Iterator_Update_1_NT_TestCase16,NT
Missing_Iterator_Update_1_NT_TestCase17,NT
Missing_Iterator_Update_1_NT_TestCase18,NT
Missing_Iterator_Update_1_NT_TestCase19,NT
Missing_Iterator_Update_1_NT_TestCase20,NT
Missing_Iterator_Update_1_NT_Loop18_TestCase1,T
Missing_Iterator_Update_1_NT_Loop18_TestCase2,T
Missing_Iterator_Update_1_NT_Loop18_TestCase3,T
Missing_Iterator_Update_1_NT_Loop18_TestCase4,T
Missing_Iterator_Update_1_NT_Loop18_TestCase5,T
Missing_Iterator_Update_1_NT_Loop18_TestCase6,T
Missing_Iterator_Update_1_NT_Loop18_TestCase7,T
Missing_Iterator_Update_1_NT_Loop18_TestCase8,T
Missing_Iterator_Update_1_NT_Loop18_TestCase9,T
Missing_Iterator_Update_1_NT_Loop18_TestCase10,T
Missing_Iterator_Update_1_NT_Loop18_TestCase11,NT
Missing_Iterator_Update_1_NT_Loop18_TestCase12,NT
Missing_Iterator_Update_1_NT_Loop18_TestCase13,NT
Missing_Iterator_Update_1_NT_Loop18_TestCase14,NT
Missing_Iterator_Update_1_NT_Loop18_TestCase15,NT
Missing_Iterator_Update_1_NT_Loop18_TestCase16,NT
Missing_Iterator_Update_1_NT_Loop18_TestCase17,NT
Missing_Iterator_Update_1_NT_Loop18_TestCase18,NT
Missing_Iterator_Update_1_NT_Loop18_TestCase19,NT
Missing_Iterator_Update_1_NT_Loop18_TestCase20,NT
Missing_Iterator_Update_1_NT_TestCase1_Loop18,T
Missing_Iterator_Update_1_NT_TestCase2_Loop18,T
Missing_Iterator_Update_1_NT_TestCase3_Loop18,T
Missing_Iterator_Update_1_NT_TestCase4_Loop18,T
Missing_Iterator_Update_1_NT_TestCase5_Loop18,T
Missing_Iterator_Update_1_NT_TestCase6_Loop18,T
Missing_Iterator_Update_1_NT_TestCase7_Loop18,T
Missing_Iterator_Update_1_NT_TestCase8_Loop18,T
Missing_Iterator_Update_1_NT_TestCase9_Loop18,T
Missing_Iterator_Update_1_NT_TestCase10_Loop18,T
Missing_Iterator_Update_1_NT_TestCase11_Loop18,NT
Missing_Iterator_Update_1_NT_TestCase12_Loop18,NT
Missing_Iterator_Update_1_NT_TestCase13_Loop18,NT
Missing_Iterator_Update_1_NT_TestCase14_Loop18,NT
Missing_Iterator_Update_1_NT_TestCase15_Loop18,NT
Missing_Iterator_Update_1_NT_TestCase16_Loop18,NT
Missing_Iterator_Update_1_NT_TestCase17_Loop18,NT
Missing_Iterator_Update_1_NT_TestCase18_Loop18,NT
Missing_Iterator_Update_1_NT_TestCase19_Loop18,NT
Missing_Iterator_Update_1_NT_TestCase20_Loop18,NT
Missing_Iterator_Update_1_T,T
Missing_Iterator_Update_1_T_Loop17,T
Missing_Iterator_Update_1_T_Loop35,T
Missing_Iterator_Update_1_T_TestCase1,T
Missing_Iterator_Update_1_T_TestCase2,T
Missing_Iterator_Update_1_T_TestCase3,T
Missing_Iterator_Update_1_T_TestCase4,T
Missing_Iterator_Update_1_T_TestCase5,T
Missing_Iterator_Update_1_T_TestCase6,T
Missing_Iterator_Update_1_T_TestCase7,T
Missing_Iterator_Update_1_T_TestCase8,T
Missing_Iterator_Update_1_T_TestCase9,T
Missing_Iterator_Update_1_T_TestCase10,T
Missing_Iterator_Update_1_T_TestCase11,T
Missing_Iterator_Update_1_T_TestCase12,T
Missing_Iterator_Update_1_T_TestCase13,T
Missing_Iterator_Update_1_T_TestCase14,T
Missing_Iterator_Update_1_T_TestCase15,T
Missing_Iterator_Update_1_T_TestCase16,T
Missing_Iterator_Update_1_T_TestCase17,T
Missing_Iterator_Update_1_T_TestCase18,T
Missing_Iterator_Update_1_T_TestCase19,T
Missing_Iterator_Update_1_T_TestCase20,T
Missing_Iterator_Update_1_T_Loop17_TestCase1,T
Missing_Iterator_Update_1_T_Loop17_TestCase2,T
Missing_Iterator_Update_1_T_Loop17_TestCase3,T
Missing_Iterator_Update_1_T_Loop17_TestCase4,T
Missing_Iterator_Update_1_T_Loop17_TestCase5,T
Missing_Iterator_Update_1_T_Loop17_TestCase6,T
Missing_Iterator_Update_1_T_Loop17_TestCase7,T
Missing_Iterator_Update_1_T_Loop17_TestCase8,T
Missing_Iterator_Update_1_T_Loop17_TestCase9,T
Missing_Iterator_Update_1_T_Loop17_TestCase10,T
Missing_Iterator_Update_1_T_Loop17_TestCase11,T
Missing_Iterator_Update_1_T_Loop17_TestCase12,T
Missing_Iterator_Update_1_T_Loop17_TestCase13,T
Missing_Iterator_Update_1_T_Loop17_TestCase14,T
Missing_Iterator_Update_1_T_Loop17_TestCase15,T
Missing_Iterator_Update_1_T_Loop17_TestCase16,T
Missing_Iterator_Update_1_T_Loop17_TestCase17,T
Missing_Iterator_Update_1_T_Loop17_TestCase18,T
Missing_Iterator_Update_1_T_Loop17_TestCase19,T
Missing_Iterator_Update_1_T_Loop17_TestCase20,T
Missing_Iterator_Update_1_T_Loop35_TestCase1,T
Missing_Iterator_Update_1_T_Loop35_TestCase2,T
Missing_Iterator_Update_1_T_Loop35_TestCase3,T
Missing_Iterator_Update_1_T_Loop35_TestCase4,T
Missing_Iterator_Update_1_T_Loop35_TestCase5,T
Missing_Iterator_Update_1_T_Loop35_TestCase6,T
Missing_Iterator_Update_1_T_Loop35_TestCase7,T
Missing_Iterator_Update_1_T_Loop35_TestCase8,T
Missing_Iterator_Update_1_T_Loop35_TestCase9,T
Missing_Iterator_Update_1_T_Loop35_TestCase10,T
Missing_Iterator_Update_1_T_Loop35_TestCase11,T
Missing_Iterator_Update_1_T_Loop35_TestCase12,T
Missing_Iterator_Update_1_T_Loop35_TestCase13,T
Missing_Iterator_Update_1_T_Loop35_TestCase14,T
Missing_Iterator_Update_1_T_Loop35_TestCase15,T
Missing_Iterator_Update_1_T_Loop35_TestCase16,T
Missing_Iterator_Update_1_T_Loop35_TestCase17,T
Missing_Iterator_Update_1_T_Loop35_TestCase18,T
Missing_Iterator_Update_1_T_Loop35_TestCase19,T
Missing_Iterator_Update_1_T_Loop35_TestCase20,T
Missing_Iterator_Update_1_T_TestCase1_Loop17,T
Missing_Iterator_Update_1_T_TestCase2_Loop17,T
Missing_Iterator_Update_1_T_TestCase3_Loop17,T
Missing_Iterator_Update_1_T_TestCase4_Loop17,T
Missing_Iterator_Update_1_T_TestCase5_Loop17,T
Missing_Iterator_Update_1_T_TestCase6_Loop17,T
Missing_Iterator_Update_1_T_TestCase7_Loop17,T
Missing_Iterator_Update_1_T_TestCase8_Loop17,T
Missing_Iterator_Update_1_T_TestCase9_Loop17,T
Missing_Iterator_Update_1_T_TestCase10_Loop17,T
Missing_Iterator_Update_1_T_TestCase11_Loop17,T
Missing_Iterator_Update_1_T_TestCase12_Loop17,T
Missing_Iterator_Update_1_T_TestCase13_Loop17,T
Missing_Iterator_Update_1_T_TestCase14_Loop17,T
Missing_Iterator_Update_1_T_TestCase15_Loop17,T
Missing_Iterator_Update_1_T_TestCase16_Loop17,T
Missing_Iterator_Update_1_T_TestCase17_Loop17,T
Missing_Iterator_Update_1_T_TestCase18_Loop17,T
Missing_Iterator_Update_1_T_TestCase19_Loop17,T
Missing_Iterator_Update_1_T_TestCase20_Loop17,T
Missing_Iterator_Update_1_T_TestCase1_Loop35,T
Missing_Iterator_Update_1_T_TestCase2_Loop35,T
Missing_Iterator_Update_1_T_TestCase3_Loop35,T
Missing_Iterator_Update_1_T_TestCase4_Loop35,T
Missing_Iterator_Update_1_T_TestCase5_Loop35,T
Missing_Iterator_Update_1_T_TestCase6_Loop35,T
Missing_Iterator_Update_1_T_TestCase7_Loop35,T
Missing_Iterator_Update_1_T_TestCase8_Loop35,T
Missing_Iterator_Update_1_T_TestCase9_Loop35,T
Missing_Iterator_Update_1_T_TestCase10_Loop35,T
Missing_Iterator_Update_1_T_TestCase11_Loop35,T
Missing_Iterator_Update_1_T_TestCase12_Loop35,T
Missing_Iterator_Update_1_T_TestCase13_Loop35,T
Missing_Iterator_Update_1_T_TestCase14_Loop35,T
Missing_Iterator_Update_1_T_TestCase15_Loop35,T
Missing_Iterator_Update_1_T_TestCase16_Loop35,T
Missing_Iterator_Update_1_T_TestCase17_Loop35,T
Missing_Iterator_Update_1_T_TestCase18_Loop35,T
Missing_Iterator_Update_1_T_TestCase19_Loop35,T
Missing_Iterator_Update_1_T_TestCase20_Loop35,T
Missing_Iterator_Update_2_NT,NT
Missing_Iterator_Update_2_NT_Loop28,NT
Missing_Iterator_Update_2_NT_TestCase1,T
Missing_Iterator_Update_2_NT_TestCase2,T
Missing_Iterator_Update_2_NT_TestCase3,T
Missing_Iterator_Update_2_NT_TestCase4,T
Missing_Iterator_Update_2_NT_TestCase5,T
Missing_Iterator_Update_2_NT_TestCase6,T
Missing_Iterator_Update_2_NT_TestCase7,T
Missing_Iterator_Update_2_NT_TestCase8,T
Missing_Iterator_Update_2_NT_TestCase9,T
Missing_Iterator_Update_2_NT_TestCase10,T
Missing_Iterator_Update_2_NT_TestCase11,NT
Missing_Iterator_Update_2_NT_TestCase12,NT
Missing_Iterator_Update_2_NT_TestCase13,NT
Missing_Iterator_Update_2_NT_TestCase14,NT
Missing_Iterator_Update_2_NT_TestCase15,NT
Missing_Iterator_Update_2_NT_TestCase16,NT
Missing_Iterator_Update_2_NT_TestCase17,NT
Missing_Iterator_Update_2_NT_TestCase18,NT
Missing_Iterator_Update_2_NT_TestCase19,NT
Missing_Iterator_Update_2_NT_TestCase20,NT
Missing_Iterator_Update_2_NT_Loop28_TestCase1,T
Missing_Iterator_Update_2_NT_Loop28_TestCase2,T
Missing_Iterator_Update_2_NT_Loop28_TestCase3,T
Missing_Iterator_Update_2_NT_Loop28_TestCase4,T
Missing_Iterator_Update_2_NT_Loop28_TestCase5,T
Missing_Iterator_Update_2_NT_Loop28_TestCase6,T
Missing_Iterator_Update_2_NT_Loop28_TestCase7,T
Missing_Iterator_Update_2_NT_Loop28_TestCase8,T
Missing_Iterator_Update_2_NT_Loop28_TestCase9,T
Missing_Iterator_Update_2_NT_Loop28_TestCase10,T
Missing_Iterator_Update_2_NT_Loop28_TestCase11,NT
Missing_Iterator_Update_2_NT_Loop28_TestCase12,NT
Missing_Iterator_Update_2_NT_Loop28_TestCase13,NT
Missing_Iterator_Update_2_NT_Loop28_TestCase14,NT
Missing_Iterator_Update_2_NT_Loop28_TestCase15,NT
Missing_Iterator_Update_2_NT_Loop28_TestCase16,NT
Missing_Iterator_Update_2_NT_Loop28_TestCase17,NT
Missing_Iterator_Update_2_NT_Loop28_TestCase18,NT
Missing_Iterator_Update_2_NT_Loop28_TestCase19,NT
Missing_Iterator_Update_2_NT_Loop28_TestCase20,NT
Missing_Iterator_Update_2_NT_TestCase1_Loop28,T
Missing_Iterator_Update_2_NT_TestCase2_Loop28,T
Missing_Iterator_Update_2_NT_TestCase3_Loop28,T
Missing_Iterator_Update_2_NT_TestCase4_Loop28,T
Missing_Iterator_Update_2_NT_TestCase5_Loop28,T
Missing_Iterator_Update_2_NT_TestCase6_Loop28,T
Missing_Iterator_Update_2_NT_TestCase7_Loop28,T
Missing_Iterator_Update_2_NT_TestCase8_Loop28,T
Missing_Iterator_Update_2_NT_TestCase9_Loop28,T
Missing_Iterator_Update_2_NT_TestCase10_Loop28,T
Missing_Iterator_Update_2_NT_TestCase11_Loop28,NT
Missing_Iterator_Update_2_NT_TestCase12_Loop28,NT
Missing_Iterator_Update_2_NT_TestCase13_Loop28,NT
Missing_Iterator_Update_2_NT_TestCase14_Loop28,NT
Missing_Iterator_Update_2_NT_TestCase15_Loop28,NT
Missing_Iterator_Update_2_NT_TestCase16_Loop28,NT
Missing_Iterator_Update_2_NT_TestCase17_Loop28,NT
Missing_Iterator_Update_2_NT_TestCase18_Loop28,NT
Missing_Iterator_Update_2_NT_TestCase19_Loop28,NT
Missing_Iterator_Update_2_NT_TestCase20_Loop28,NT
Missing_Iterator_Update_2_T,T
Missing_Iterator_Update_2_T_Loop28,T
Missing_Iterator_Update_2_T_TestCase1,T
Missing_Iterator_Update_2_T_TestCase2,T
Missing_Iterator_Update_2_T_TestCase3,T
Missing_Iterator_Update_2_T_TestCase4,T
Missing_Iterator_Update_2_T_TestCase5,T
Missing_Iterator_Update_2_T_TestCase6,T
Missing_Iterator_Update_2_T_TestCase7,T
Missing_Iterator_Update_2_T_TestCase8,T
Missing_Iterator_Update_2_T_TestCase9,T
Missing_Iterator_Update_2_T_TestCase10,T
Missing_Iterator_Update_2_T_TestCase11,T
Missing_Iterator_Update_2_T_TestCase12,T
Missing_Iterator_Update_2_T_TestCase13,T
Missing_Iterator_Update_2_T_TestCase14,T
Missing_Iterator_Update_2_T_TestCase15,T
Missing_Iterator_Update_2_T_TestCase16,T
Missing_Iterator_Update_2_T_TestCase17,T
Missing_Iterator_Update_2_T_TestCase18,T
Missing_Iterator_Update_2_T_TestCase19,T
Missing_Iterator_Update_2_T_TestCase20,T
Missing_Iterator_Update_2_T_Loop28_TestCase1,T
Missing_Iterator_Update_2_T_Loop28_TestCase2,T
Missing_Iterator_Update_2_T_Loop28_TestCase3,T
Missing_Iterator_Update_2_T_Loop28_TestCase4,T
Missing_Iterator_Update_2_T_Loop28_TestCase5,T
Missing_Iterator_Update_2_T_Loop28_TestCase6,T
Missing_Iterator_Update_2_T_Loop28_TestCase7,T
Missing_Iterator_Update_2_T_Loop28_TestCase8,T
Missing_Iterator_Update_2_T_Loop28_TestCase9,T
Missing_Iterator_Update_2_T_Loop28_TestCase10,T
Missing_Iterator_Update_2_T_Loop28_TestCase11,T
Missing_Iterator_Update_2_T_Loop28_TestCase12,T
Missing_Iterator_Update_2_T_Loop28_TestCase13,T
Missing_Iterator_Update_2_T_Loop28_TestCase14,T
Missing_Iterator_Update_2_T_Loop28_TestCase15,T
Missing_Iterator_Update_2_T_Loop28_TestCase16,T
Missing_Iterator_Update_2_T_Loop28_TestCase17,T
Missing_Iterator_Update_2_T_Loop28_TestCase18,T
Missing_Iterator_Update_2_T_Loop28_TestCase19,T
Missing_Iterator_Update_2_T_Loop28_TestCase20,T
Missing_Iterator_Update_2_T_TestCase1_Loop28,T
Missing_Iterator_Update_2_T_TestCase2_Loop28,T
Missing_Iterator_Update_2_T_TestCase3_Loop28,T
Missing_Iterator_Update_2_T_TestCase4_Loop28,T
Missing_Iterator_Update_2_T_TestCase5_Loop28,T
Missing_Iterator_Update_2_T_TestCase6_Loop28,T
Missing_Iterator_Update_2_T_TestCase7_Loop28,T
Missing_Iterator_Update_2_T_TestCase8_Loop28,T
Missing_Iterator_Update_2_T_TestCase9_Loop28,T
Missing_Iterator_Update_2_T_TestCase10_Loop28,T
Missing_Iterator_Update_2_T_TestCase11_Loop28,T
Missing_Iterator_Update_2_T_TestCase12_Loop28,T
Missing_Iterator_Update_2_T_TestCase13_Loop28,T
Missing_Iterator_Update_2_T_TestCase14_Loop28,T
Missing_Iterator_Update_2_T_TestCase15_Loop28,T
Missing_Iterator_Update_2_T_TestCase16_Loop28,T
Missing_Iterator_Update_2_T_TestCase17_Loop28,T
Missing_Iterator_Update_2_T_TestCase18_Loop28,T
Missing_Iterator_Update_2_T_TestCase19_Loop28,T
Missing_Iterator_Update_2_T_TestCase20_Loop28,T
Missing_Iterator_Update_3_NT,NT
Missing_Iterator_Update_3_NT_Loop29,T
Missing_Iterator_Update_3_NT_Loop35,NT
Missing_Iterator_Update_3_NT_TestCase1,T
Missing_Iterator_Update_3_NT_TestCase2,T
Missing_Iterator_Update_3_NT_TestCase3,T
Missing_Iterator_Update_3_NT_TestCase4,T
Missing_Iterator_Update_3_NT_TestCase5,T
Missing_Iterator_Update_3_NT_TestCase6,T
Missing_Iterator_Update_3_NT_TestCase7,T
Missing_Iterator_Update_3_NT_TestCase8,T
Missing_Iterator_Update_3_NT_TestCase9,T
Missing_Iterator_Update_3_NT_TestCase10,T
Missing_Iterator_Update_3_NT_TestCase11,NT
Missing_Iterator_Update_3_NT_TestCase12,NT
Missing_Iterator_Update_3_NT_TestCase13,NT
Missing_Iterator_Update_3_NT_TestCase14,NT
Missing_Iterator_Update_3_NT_TestCase15,NT
Missing_Iterator_Update_3_NT_TestCase16,NT
Missing_Iterator_Update_3_NT_TestCase17,NT
Missing_Iterator_Update_3_NT_TestCase18,NT
Missing_Iterator_Update_3_NT_TestCase19,NT
Missing_Iterator_Update_3_NT_TestCase20,NT
Missing_Iterator_Update_3_NT_Loop29_TestCase1,T
Missing_Iterator_Update_3_NT_Loop29_TestCase2,T
Missing_Iterator_Update_3_NT_Loop29_TestCase3,T
Missing_Iterator_Update_3_NT_Loop29_TestCase4,T
Missing_Iterator_Update_3_NT_Loop29_TestCase5,T
Missing_Iterator_Update_3_NT_Loop29_TestCase6,T
Missing_Iterator_Update_3_NT_Loop29_TestCase7,T
Missing_Iterator_Update_3_NT_Loop29_TestCase8,T
Missing_Iterator_Update_3_NT_Loop29_TestCase9,T
Missing_Iterator_Update_3_NT_Loop29_TestCase10,T
Missing_Iterator_Update_3_NT_Loop29_TestCase11,T
Missing_Iterator_Update_3_NT_Loop29_TestCase12,T
Missing_Iterator_Update_3_NT_Loop29_TestCase13,T
Missing_Iterator_Update_3_NT_Loop29_TestCase14,T
Missing_Iterator_Update_3_NT_Loop29_TestCase15,T
Missing_Iterator_Update_3_NT_Loop29_TestCase16,T
Missing_Iterator_Update_3_NT_Loop29_TestCase17,T
Missing_Iterator_Update_3_NT_Loop29_TestCase18,T
Missing_Iterator_Update_3_NT_Loop29_TestCase19,T
Missing_Iterator_Update_3_NT_Loop29_TestCase20,T
Missing_Iterator_Update_3_NT_Loop35_TestCase1,T
Missing_Iterator_Update_3_NT_Loop35_TestCase2,T
Missing_Iterator_Update_3_NT_Loop35_TestCase3,T
Missing_Iterator_Update_3_NT_Loop35_TestCase4,T
Missing_Iterator_Update_3_NT_Loop35_TestCase5,T
Missing_Iterator_Update_3_NT_Loop35_TestCase6,T
Missing_Iterator_Update_3_NT_Loop35_TestCase7,T
Missing_Iterator_Update_3_NT_Loop35_TestCase8,T
Missing_Iterator_Update_3_NT_Loop35_TestCase9,T
Missing_Iterator_Update_3_NT_Loop35_TestCase10,T
Missing_Iterator_Update_3_NT_Loop35_TestCase11,NT
Missing_Iterator_Update_3_NT_Loop35_TestCase12,NT
Missing_Iterator_Update_3_NT_Loop35_TestCase13,NT
Missing_Iterator_Update_3_NT_Loop35_TestCase14,NT
Missing_Iterator_Update_3_NT_Loop35_TestCase15,NT
Missing_Iterator_Update_3_NT_Loop35_TestCase16,NT
Missing_Iterator_Update_3_NT_Loop35_TestCase17,NT
Missing_Iterator_Update_3_NT_Loop35_TestCase18,NT
Missing_Iterator_Update_3_NT_Loop35_TestCase19,NT
Missing_Iterator_Update_3_NT_Loop35_TestCase20,NT
Missing_Iterator_Update_3_NT_TestCase1_Loop29,T
Missing_Iterator_Update_3_NT_TestCase2_Loop29,T
Missing_Iterator_Update_3_NT_TestCase3_Loop29,T
Missing_Iterator_Update_3_NT_TestCase4_Loop29,T
Missing_Iterator_Update_3_NT_TestCase5_Loop29,T
Missing_Iterator_Update_3_NT_TestCase6_Loop29,T
Missing_Iterator_Update_3_NT_TestCase7_Loop29,T
Missing_Iterator_Update_3_NT_TestCase8_Loop29,T
Missing_Iterator_Update_3_NT_TestCase9_Loop29,T
Missing_Iterator_Update_3_NT_TestCase10_Loop29,T
Missing_Iterator_Update_3_NT_TestCase11_Loop29,T
Missing_Iterator_Update_3_NT_TestCase12_Loop29,T
Missing_Iterator_Update_3_NT_TestCase13_Loop29,T
Missing_Iterator_Update_3_NT_TestCase14_Loop29,T
Missing_Iterator_Update_3_NT_TestCase15_Loop29,T
Missing_Iterator_Update_3_NT_TestCase16_Loop29,T
Missing_Iterator_Update_3_NT_TestCase17_Loop29,T
Missing_Iterator_Update_3_NT_TestCase18_Loop29,T
Missing_Iterator_Update_3_NT_TestCase19_Loop29,T
Missing_Iterator_Update_3_NT_TestCase20_Loop29,T
Missing_Iterator_Update_3_NT_TestCase1_Loop35,T
Missing_Iterator_Update_3_NT_TestCase2_Loop35,T
Missing_Iterator_Update_3_NT_TestCase3_Loop35,T
Missing_Iterator_Update_3_NT_TestCase4_Loop35,T
Missing_Iterator_Update_3_NT_TestCase5_Loop35,T
Missing_Iterator_Update_3_NT_TestCase6_Loop35,T
Missing_Iterator_Update_3_NT_TestCase7_Loop35,T
Missing_Iterator_Update_3_NT_TestCase8_Loop35,T
Missing_Iterator_Update_3_NT_TestCase9_Loop35,T
Missing_Iterator_Update_3_NT_TestCase10_Loop35,T
Missing_Iterator_Update_3_NT_TestCase11_Loop35,NT
Missing_Iterator_Update_3_NT_TestCase12_Loop35,NT
Missing_Iterator_Update_3_NT_TestCase13_Loop35,NT
Missing_Iterator_Update_3_NT_TestCase14_Loop35,NT
Missing_Iterator_Update_3_NT_TestCase15_Loop35,NT
Missing_Iterator_Update_3_NT_TestCase16_Loop35,NT
Missing_Iterator_Update_3_NT_TestCase17_Loop35,NT
Missing_Iterator_Update_3_NT_TestCase18_Loop35,NT
Missing_Iterator_Update_3_NT_TestCase19_Loop35,NT
Missing_Iterator_Update_3_NT_TestCase20_Loop35,NT
Missing_Iterator_Update_3_T,T
Missing_Iterator_Update_3_T_Loop30,T
Missing_Iterator_Update_3_T_Loop36,T
Missing_Iterator_Update_3_T_TestCase1,T
Missing_Iterator_Update_3_T_TestCase2,T
Missing_Iterator_Update_3_T_TestCase3,T
Missing_Iterator_Update_3_T_TestCase4,T
Missing_Iterator_Update_3_T_TestCase5,T
Missing_Iterator_Update_3_T_TestCase6,T
Missing_Iterator_Update_3_T_TestCase7,T
Missing_Iterator_Update_3_T_TestCase8,T
Missing_Iterator_Update_3_T_TestCase9,T
Missing_Iterator_Update_3_T_TestCase10,T
Missing_Iterator_Update_3_T_TestCase11,T
Missing_Iterator_Update_3_T_TestCase12,T
Missing_Iterator_Update_3_T_TestCase13,T
Missing_Iterator_Update_3_T_TestCase14,T
Missing_Iterator_Update_3_T_TestCase15,T
Missing_Iterator_Update_3_T_TestCase16,T
Missing_Iterator_Update_3_T_TestCase17,T
Missing_Iterator_Update_3_T_TestCase18,T
Missing_Iterator_Update_3_T_TestCase19,T
Missing_Iterator_Update_3_T_TestCase20,T
Missing_Iterator_Update_3_T_Loop30_TestCase1,T
Missing_Iterator_Update_3_T_Loop30_TestCase2,T
Missing_Iterator_Update_3_T_Loop30_TestCase3,T
Missing_Iterator_Update_3_T_Loop30_TestCase4,T
Missing_Iterator_Update_3_T_Loop30_TestCase5,T
Missing_Iterator_Update_3_T_Loop30_TestCase6,T
Missing_Iterator_Update_3_T_Loop30_TestCase7,T
Missing_Iterator_Update_3_T_Loop30_TestCase8,T
Missing_Iterator_Update_3_T_Loop30_TestCase9,T
Missing_Iterator_Update_3_T_Loop30_TestCase10,T
Missing_Iterator_Update_3_T_Loop30_TestCase11,T
Missing_Iterator_Update_3_T_Loop30_TestCase12,T
Missing_Iterator_Update_3_T_Loop30_TestCase13,T
Missing_Iterator_Update_3_T_Loop30_TestCase14,T
Missing_Iterator_Update_3_T_Loop30_TestCase15,T
Missing_Iterator_Update_3_T_Loop30_TestCase16,T
Missing_Iterator_Update_3_T_Loop30_TestCase17,T
Missing_Iterator_Update_3_T_Loop30_TestCase18,T
Missing_Iterator_Update_3_T_Loop30_TestCase19,T
Missing_Iterator_Update_3_T_Loop30_TestCase20,T
Missing_Iterator_Update_3_T_Loop36_TestCase1,T
Missing_Iterator_Update_3_T_Loop36_TestCase2,T
Missing_Iterator_Update_3_T_Loop36_TestCase3,T
Missing_Iterator_Update_3_T_Loop36_TestCase4,T
Missing_Iterator_Update_3_T_Loop36_TestCase5,T
Missing_Iterator_Update_3_T_Loop36_TestCase6,T
Missing_Iterator_Update_3_T_Loop36_TestCase7,T
Missing_Iterator_Update_3_T_Loop36_TestCase8,T
Missing_Iterator_Update_3_T_Loop36_TestCase9,T
Missing_Iterator_Update_3_T_Loop36_TestCase10,T
Missing_Iterator_Update_3_T_Loop36_TestCase11,T
Missing_Iterator_Update_3_T_Loop36_TestCase12,T
Missing_Iterator_Update_3_T_Loop36_TestCase13,T
Missing_Iterator_Update_3_T_Loop36_TestCase14,T
Missing_Iterator_Update_3_T_Loop36_TestCase15,T
Missing_Iterator_Update_3_T_Loop36_TestCase16,T
Missing_Iterator_Update_3_T_Loop36_TestCase17,T
Missing_Iterator_Update_3_T_Loop36_TestCase18,T
Missing_Iterator_Update_3_T_Loop36_TestCase19,T
Missing_Iterator_Update_3_T_Loop36_TestCase20,T
Missing_Iterator_Update_3_T_TestCase1_Loop30,T
Missing_Iterator_Update_3_T_TestCase2_Loop30,T
Missing_Iterator_Update_3_T_TestCase3_Loop30,T
Missing_Iterator_Update_3_T_TestCase4_Loop30,T
Missing_Iterator_Update_3_T_TestCase5_Loop30,T
Missing_Iterator_Update_3_T_TestCase6_Loop30,T
Missing_Iterator_Update_3_T_TestCase7_Loop30,T
Missing_Iterator_Update_3_T_TestCase8_Loop30,T
Missing_Iterator_Update_3_T_TestCase9_Loop30,T
Missing_Iterator_Update_3_T_TestCase10_Loop30,T
Missing_Iterator_Update_3_T_TestCase11_Loop30,T
Missing_Iterator_Update_3_T_TestCase12_Loop30,T
Missing_Iterator_Update_3_T_TestCase13_Loop30,T
Missing_Iterator_Update_3_T_TestCase14_Loop30,T
Missing_Iterator_Update_3_T_TestCase15_Loop30,T
Missing_Iterator_Update_3_T_TestCase16_Loop30,T
Missing_Iterator_Update_3_T_TestCase17_Loop30,T
Missing_Iterator_Update_3_T_TestCase18_Loop30,T
Missing_Iterator_Update_3_T_TestCase19_Loop30,T
Missing_Iterator_Update_3_T_TestCase20_Loop30,T
Missing_Iterator_Update_3_T_TestCase1_Loop36,T
Missing_Iterator_Update_3_T_TestCase2_Loop36,T
Missing_Iterator_Update_3_T_TestCase3_Loop36,T
Missing_Iterator_Update_3_T_TestCase4_Loop36,T
Missing_Iterator_Update_3_T_TestCase5_Loop36,T
Missing_Iterator_Update_3_T_TestCase6_Loop36,T
Missing_Iterator_Update_3_T_TestCase7_Loop36,T
Missing_Iterator_Update_3_T_TestCase8_Loop36,T
Missing_Iterator_Update_3_T_TestCase9_Loop36,T
Missing_Iterator_Update_3_T_TestCase10_Loop36,T
Missing_Iterator_Update_3_T_TestCase11_Loop36,T
Missing_Iterator_Update_3_T_TestCase12_Loop36,T
Missing_Iterator_Update_3_T_TestCase13_Loop36,T
Missing_Iterator_Update_3_T_TestCase14_Loop36,T
Missing_Iterator_Update_3_T_TestCase15_Loop36,T
Missing_Iterator_Update_3_T_TestCase16_Loop36,T
Missing_Iterator_Update_3_T_TestCase17_Loop36,T
Missing_Iterator_Update_3_T_TestCase18_Loop36,T
Missing_Iterator_Update_3_T_TestCase19_Loop36,T
Missing_Iterator_Update_3_T_TestCase20_Loop36,T
Missing_Iterator_Update_4_NT,NT
Missing_Iterator_Update_4_NT_Loop19,NT
Missing_Iterator_Update_4_NT_Loop21,NT
Missing_Iterator_Update_4_NT_TestCase1,T
Missing_Iterator_Update_4_NT_TestCase2,T
Missing_Iterator_Update_4_NT_TestCase3,T
Missing_Iterator_Update_4_NT_TestCase4,T
Missing_Iterator_Update_4_NT_TestCase5,T
Missing_Iterator_Update_4_NT_TestCase6,T
Missing_Iterator_Update_4_NT_TestCase7,T
Missing_Iterator_Update_4_NT_TestCase8,T
Missing_Iterator_Update_4_NT_TestCase9,T
Missing_Iterator_Update_4_NT_TestCase10,T
Missing_Iterator_Update_4_NT_TestCase11,NT
Missing_Iterator_Update_4_NT_TestCase12,NT
Missing_Iterator_Update_4_NT_TestCase13,NT
Missing_Iterator_Update_4_NT_TestCase14,NT
Missing_Iterator_Update_4_NT_TestCase15,NT
Missing_Iterator_Update_4_NT_TestCase16,NT
Missing_Iterator_Update_4_NT_TestCase17,NT
Missing_Iterator_Update_4_NT_TestCase18,NT
Missing_Iterator_Update_4_NT_TestCase19,NT
Missing_Iterator_Update_4_NT_TestCase20,NT
Missing_Iterator_Update_4_NT_Loop19_TestCase1,T
Missing_Iterator_Update_4_NT_Loop19_TestCase2,T
Missing_Iterator_Update_4_NT_Loop19_TestCase3,T
Missing_Iterator_Update_4_NT_Loop19_TestCase4,T
Missing_Iterator_Update_4_NT_Loop19_TestCase5,T
Missing_Iterator_Update_4_NT_Loop19_TestCase6,T
Missing_Iterator_Update_4_NT_Loop19_TestCase7,T
Missing_Iterator_Update_4_NT_Loop19_TestCase8,T
Missing_Iterator_Update_4_NT_Loop19_TestCase9,T
Missing_Iterator_Update_4_NT_Loop19_TestCase10,T
Missing_Iterator_Update_4_NT_Loop19_TestCase11,NT
Missing_Iterator_Update_4_NT_Loop19_TestCase12,NT
Missing_Iterator_Update_4_NT_Loop19_TestCase13,NT
Missing_Iterator_Update_4_NT_Loop19_TestCase14,NT
Missing_Iterator_Update_4_NT_Loop19_TestCase15,NT
Missing_Iterator_Update_4_NT_Loop19_TestCase16,NT
Missing_Iterator_Update_4_NT_Loop19_TestCase17,NT
Missing_Iterator_Update_4_NT_Loop19_TestCase18,NT
Missing_Iterator_Update_4_NT_Loop19_TestCase19,NT
Missing_Iterator_Update_4_NT_Loop19_TestCase20,NT
Missing_Iterator_Update_4_NT_Loop21_TestCase1,T
Missing_Iterator_Update_4_NT_Loop21_TestCase2,T
Missing_Iterator_Update_4_NT_Loop21_TestCase3,T
Missing_Iterator_Update_4_NT_Loop21_TestCase4,T
Missing_Iterator_Update_4_NT_Loop21_TestCase5,T
Missing_Iterator_Update_4_NT_Loop21_TestCase6,T
Missing_Iterator_Update_4_NT_Loop21_TestCase7,T
Missing_Iterator_Update_4_NT_Loop21_TestCase8,T
Missing_Iterator_Update_4_NT_Loop21_TestCase9,T
Missing_Iterator_Update_4_NT_Loop21_TestCase10,T
Missing_Iterator_Update_4_NT_Loop21_TestCase11,NT
Missing_Iterator_Update_4_NT_Loop21_TestCase12,NT
Missing_Iterator_Update_4_NT_Loop21_TestCase13,NT
Missing_Iterator_Update_4_NT_Loop21_TestCase14,NT
Missing_Iterator_Update_4_NT_Loop21_TestCase15,NT
Missing_Iterator_Update_4_NT_Loop21_TestCase16,NT
Missing_Iterator_Update_4_NT_Loop21_TestCase17,NT
Missing_Iterator_Update_4_NT_Loop21_TestCase18,NT
Missing_Iterator_Update_4_NT_Loop21_TestCase19,NT
Missing_Iterator_Update_4_NT_Loop21_TestCase20,NT
Missing_Iterator_Update_4_NT_TestCase1_Loop19,T
Missing_Iterator_Update_4_NT_TestCase2_Loop19,T
Missing_Iterator_Update_4_NT_TestCase3_Loop19,T
Missing_Iterator_Update_4_NT_TestCase4_Loop19,T
Missing_Iterator_Update_4_NT_TestCase5_Loop19,T
Missing_Iterator_Update_4_NT_TestCase6_Loop19,T
Missing_Iterator_Update_4_NT_TestCase7_Loop19,T
Missing_Iterator_Update_4_NT_TestCase8_Loop19,T
Missing_Iterator_Update_4_NT_TestCase9_Loop19,T
Missing_Iterator_Update_4_NT_TestCase10_Loop19,T
Missing_Iterator_Update_4_NT_TestCase11_Loop19,NT
Missing_Iterator_Update_4_NT_TestCase12_Loop19,NT
Missing_Iterator_Update_4_NT_TestCase13_Loop19,NT
Missing_Iterator_Update_4_NT_TestCase14_Loop19,NT
Missing_Iterator_Update_4_NT_TestCase15_Loop19,NT
Missing_Iterator_Update_4_NT_TestCase16_Loop19,NT
Missing_Iterator_Update_4_NT_TestCase17_Loop19,NT
Missing_Iterator_Update_4_NT_TestCase18_Loop19,NT
Missing_Iterator_Update_4_NT_TestCase19_Loop19,NT
Missing_Iterator_Update_4_NT_TestCase20_Loop19,NT
Missing_Iterator_Update_4_NT_TestCase1_Loop21,T
Missing_Iterator_Update_4_NT_TestCase2_Loop21,T
Missing_Iterator_Update_4_NT_TestCase3_Loop21,T
Missing_Iterator_Update_4_NT_TestCase4_Loop21,T
Missing_Iterator_Update_4_NT_TestCase5_Loop21,T
Missing_Iterator_Update_4_NT_TestCase6_Loop21,T
Missing_Iterator_Update_4_NT_TestCase7_Loop21,T
Missing_Iterator_Update_4_NT_TestCase8_Loop21,T
Missing_Iterator_Update_4_NT_TestCase9_Loop21,T
Missing_Iterator_Update_4_NT_TestCase10_Loop21,T
Missing_Iterator_Update_4_NT_TestCase11_Loop21,NT
Missing_Iterator_Update_4_NT_TestCase12_Loop21,NT
Missing_Iterator_Update_4_NT_TestCase13_Loop21,NT
Missing_Iterator_Update_4_NT_TestCase14_Loop21,NT
Missing_Iterator_Update_4_NT_TestCase15_Loop21,NT
Missing_Iterator_Update_4_NT_TestCase16_Loop21,NT
Missing_Iterator_Update_4_NT_TestCase17_Loop21,NT
Missing_Iterator_Update_4_NT_TestCase18_Loop21,NT
Missing_Iterator_Update_4_NT_TestCase19_Loop21,NT
Missing_Iterator_Update_4_NT_TestCase20_Loop21,NT
Missing_Iterator_Update_4_T,T
Missing_Iterator_Update_4_T_Loop19,T
Missing_Iterator_Update_4_T_Loop21,T
Missing_Iterator_Update_4_T_TestCase1,T
Missing_Iterator_Update_4_T_TestCase2,T
Missing_Iterator_Update_4_T_TestCase3,T
Missing_Iterator_Update_4_T_TestCase4,T
Missing_Iterator_Update_4_T_TestCase5,T
Missing_Iterator_Update_4_T_TestCase6,T
Missing_Iterator_Update_4_T_TestCase7,T
Missing_Iterator_Update_4_T_TestCase8,T
Missing_Iterator_Update_4_T_TestCase9,T
Missing_Iterator_Update_4_T_TestCase10,T
Missing_Iterator_Update_4_T_TestCase11,T
Missing_Iterator_Update_4_T_TestCase12,T
Missing_Iterator_Update_4_T_TestCase13,T
Missing_Iterator_Update_4_T_TestCase14,T
Missing_Iterator_Update_4_T_TestCase15,T
Missing_Iterator_Update_4_T_TestCase16,T
Missing_Iterator_Update_4_T_TestCase17,T
Missing_Iterator_Update_4_T_TestCase18,T
Missing_Iterator_Update_4_T_TestCase19,T
Missing_Iterator_Update_4_T_TestCase20,T
Missing_Iterator_Update_4_T_Loop19_TestCase1,T
Missing_Iterator_Update_4_T_Loop19_TestCase2,T
Missing_Iterator_Update_4_T_Loop19_TestCase3,T
Missing_Iterator_Update_4_T_Loop19_TestCase4,T
Missing_Iterator_Update_4_T_Loop19_TestCase5,T
Missing_Iterator_Update_4_T_Loop19_TestCase6,T
Missing_Iterator_Update_4_T_Loop19_TestCase7,T
Missing_Iterator_Update_4_T_Loop19_TestCase8,T
Missing_Iterator_Update_4_T_Loop19_TestCase9,T
Missing_Iterator_Update_4_T_Loop19_TestCase10,T
Missing_Iterator_Update_4_T_Loop19_TestCase11,T
Missing_Iterator_Update_4_T_Loop19_TestCase12,T
Missing_Iterator_Update_4_T_Loop19_TestCase13,T
Missing_Iterator_Update_4_T_Loop19_TestCase14,T
Missing_Iterator_Update_4_T_Loop19_TestCase15,T
Missing_Iterator_Update_4_T_Loop19_TestCase16,T
Missing_Iterator_Update_4_T_Loop19_TestCase17,T
Missing_Iterator_Update_4_T_Loop19_TestCase18,T
Missing_Iterator_Update_4_T_Loop19_TestCase19,T
Missing_Iterator_Update_4_T_Loop19_TestCase20,T
Missing_Iterator_Update_4_T_Loop21_TestCase1,T
Missing_Iterator_Update_4_T_Loop21_TestCase2,T
Missing_Iterator_Update_4_T_Loop21_TestCase3,T
Missing_Iterator_Update_4_T_Loop21_TestCase4,T
Missing_Iterator_Update_4_T_Loop21_TestCase5,T
Missing_Iterator_Update_4_T_Loop21_TestCase6,T
Missing_Iterator_Update_4_T_Loop21_TestCase7,T
Missing_Iterator_Update_4_T_Loop21_TestCase8,T
Missing_Iterator_Update_4_T_Loop21_TestCase9,T
Missing_Iterator_Update_4_T_Loop21_TestCase10,T
Missing_Iterator_Update_4_T_Loop21_TestCase11,T
Missing_Iterator_Update_4_T_Loop21_TestCase12,T
Missing_Iterator_Update_4_T_Loop21_TestCase13,T
Missing_Iterator_Update_4_T_Loop21_TestCase14,T
Missing_Iterator_Update_4_T_Loop21_TestCase15,T
Missing_Iterator_Update_4_T_Loop21_TestCase16,T
Missing_Iterator_Update_4_T_Loop21_TestCase17,T
Missing_Iterator_Update_4_T_Loop21_TestCase18,T
Missing_Iterator_Update_4_T_Loop21_TestCase19,T
Missing_Iterator_Update_4_T_Loop21_TestCase20,T
Missing_Iterator_Update_4_T_TestCase1_Loop19,T
Missing_Iterator_Update_4_T_TestCase2_Loop19,T
Missing_Iterator_Update_4_T_TestCase3_Loop19,T
Missing_Iterator_Update_4_T_TestCase4_Loop19,T
Missing_Iterator_Update_4_T_TestCase5_Loop19,T
Missing_Iterator_Update_4_T_TestCase6_Loop19,T
Missing_Iterator_Update_4_T_TestCase7_Loop19,T
Missing_Iterator_Update_4_T_TestCase8_Loop19,T
Missing_Iterator_Update_4_T_TestCase9_Loop19,T
Missing_Iterator_Update_4_T_TestCase10_Loop19,T
Missing_Iterator_Update_4_T_TestCase11_Loop19,T
Missing_Iterator_Update_4_T_TestCase12_Loop19,T
Missing_Iterator_Update_4_T_TestCase13_Loop19,T
Missing_Iterator_Update_4_T_TestCase14_Loop19,T
Missing_Iterator_Update_4_T_TestCase15_Loop19,T
Missing_Iterator_Update_4_T_TestCase16_Loop19,T
Missing_Iterator_Update_4_T_TestCase17_Loop19,T
Missing_Iterator_Update_4_T_TestCase18_Loop19,T
Missing_Iterator_Update_4_T_TestCase19_Loop19,T
Missing_Iterator_Update_4_T_TestCase20_Loop19,T
Missing_Iterator_Update_4_T_TestCase1_Loop21,T
Missing_Iterator_Update_4_T_TestCase2_Loop21,T
Missing_Iterator_Update_4_T_TestCase3_Loop21,T
Missing_Iterator_Update_4_T_TestCase4_Loop21,T
Missing_Iterator_Update_4_T_TestCase5_Loop21,T
Missing_Iterator_Update_4_T_TestCase6_Loop21,T
Missing_Iterator_Update_4_T_TestCase7_Loop21,T
Missing_Iterator_Update_4_T_TestCase8_Loop21,T
Missing_Iterator_Update_4_T_TestCase9_Loop21,T
Missing_Iterator_Update_4_T_TestCase10_Loop21,T
Missing_Iterator_Update_4_T_TestCase11_Loop21,T
Missing_Iterator_Update_4_T_TestCase12_Loop21,T
Missing_Iterator_Update_4_T_TestCase13_Loop21,T
Missing_Iterator_Update_4_T_TestCase14_Loop21,T
Missing_Iterator_Update_4_T_TestCase15_Loop21,T
Missing_Iterator_Update_4_T_TestCase16_Loop21,T
Missing_Iterator_Update_4_T_TestCase17_Loop21,T
Missing_Iterator_Update_4_T_TestCase18_Loop21,T
Missing_Iterator_Update_4_T_TestCase19_Loop21,T
Missing_Iterator_Update_4_T_TestCase20_Loop21,T
Missing_Iterator_Update_5_NT,NT
Missing_Iterator_Update_5_NT_Loop18,NT
Missing_Iterator_Update_5_NT_Loop23,NT
Missing_Iterator_Update_5_NT_TestCase1,T
Missing_Iterator_Update_5_NT_TestCase2,T
Missing_Iterator_Update_5_NT_TestCase3,T
Missing_Iterator_Update_5_NT_TestCase4,T
Missing_Iterator_Update_5_NT_TestCase5,T
Missing_Iterator_Update_5_NT_TestCase6,T
Missing_Iterator_Update_5_NT_TestCase7,T
Missing_Iterator_Update_5_NT_TestCase8,T
Missing_Iterator_Update_5_NT_TestCase9,T
Missing_Iterator_Update_5_NT_TestCase10,T
Missing_Iterator_Update_5_NT_TestCase11,NT
Missing_Iterator_Update_5_NT_TestCase12,NT
Missing_Iterator_Update_5_NT_TestCase13,NT
Missing_Iterator_Update_5_NT_TestCase14,NT
Missing_Iterator_Update_5_NT_TestCase15,NT
Missing_Iterator_Update_5_NT_TestCase16,NT
Missing_Iterator_Update_5_NT_TestCase17,NT
Missing_Iterator_Update_5_NT_TestCase18,NT
Missing_Iterator_Update_5_NT_TestCase19,NT
Missing_Iterator_Update_5_NT_TestCase20,NT
Missing_Iterator_Update_5_NT_Loop18_TestCase1,T
Missing_Iterator_Update_5_NT_Loop18_TestCase2,T
Missing_Iterator_Update_5_NT_Loop18_TestCase3,T
Missing_Iterator_Update_5_NT_Loop18_TestCase4,T
Missing_Iterator_Update_5_NT_Loop18_TestCase5,T
Missing_Iterator_Update_5_NT_Loop18_TestCase6,T
Missing_Iterator_Update_5_NT_Loop18_TestCase7,T
Missing_Iterator_Update_5_NT_Loop18_TestCase8,T
Missing_Iterator_Update_5_NT_Loop18_TestCase9,T
Missing_Iterator_Update_5_NT_Loop18_TestCase10,T
Missing_Iterator_Update_5_NT_Loop18_TestCase11,NT
Missing_Iterator_Update_5_NT_Loop18_TestCase12,NT
Missing_Iterator_Update_5_NT_Loop18_TestCase13,NT
Missing_Iterator_Update_5_NT_Loop18_TestCase14,NT
Missing_Iterator_Update_5_NT_Loop18_TestCase15,NT
Missing_Iterator_Update_5_NT_Loop18_TestCase16,NT
Missing_Iterator_Update_5_NT_Loop18_TestCase17,NT
Missing_Iterator_Update_5_NT_Loop18_TestCase18,NT
Missing_Iterator_Update_5_NT_Loop18_TestCase19,NT
Missing_Iterator_Update_5_NT_Loop18_TestCase20,NT
Missing_Iterator_Update_5_NT_Loop23_TestCase1,T
Missing_Iterator_Update_5_NT_Loop23_TestCase2,T
Missing_Iterator_Update_5_NT_Loop23_TestCase3,T
Missing_Iterator_Update_5_NT_Loop23_TestCase4,T
Missing_Iterator_Update_5_NT_Loop23_TestCase5,T
Missing_Iterator_Update_5_NT_Loop23_TestCase6,T
Missing_Iterator_Update_5_NT_Loop23_TestCase7,T
Missing_Iterator_Update_5_NT_Loop23_TestCase8,T
Missing_Iterator_Update_5_NT_Loop23_TestCase9,T
Missing_Iterator_Update_5_NT_Loop23_TestCase10,T
Missing_Iterator_Update_5_NT_Loop23_TestCase11,NT
Missing_Iterator_Update_5_NT_Loop23_TestCase12,NT
Missing_Iterator_Update_5_NT_Loop23_TestCase13,NT
Missing_Iterator_Update_5_NT_Loop23_TestCase14,NT
Missing_Iterator_Update_5_NT_Loop23_TestCase15,NT
Missing_Iterator_Update_5_NT_Loop23_TestCase16,NT
Missing_Iterator_Update_5_NT_Loop23_TestCase17,NT
Missing_Iterator_Update_5_NT_Loop23_TestCase18,NT
Missing_Iterator_Update_5_NT_Loop23_TestCase19,NT
Missing_Iterator_Update_5_NT_Loop23_TestCase20,NT
Missing_Iterator_Update_5_NT_TestCase1_Loop18,T
Missing_Iterator_Update_5_NT_TestCase2_Loop18,T
Missing_Iterator_Update_5_NT_TestCase3_Loop18,T
Missing_Iterator_Update_5_NT_TestCase4_Loop18,T
Missing_Iterator_Update_5_NT_TestCase5_Loop18,T
Missing_Iterator_Update_5_NT_TestCase6_Loop18,T
Missing_Iterator_Update_5_NT_TestCase7_Loop18,T
Missing_Iterator_Update_5_NT_TestCase8_Loop18,T
Missing_Iterator_Update_5_NT_TestCase9_Loop18,T
Missing_Iterator_Update_5_NT_TestCase10_Loop18,T
Missing_Iterator_Update_5_NT_TestCase11_Loop18,NT
Missing_Iterator_Update_5_NT_TestCase12_Loop18,NT
Missing_Iterator_Update_5_NT_TestCase13_Loop18,NT
Missing_Iterator_Update_5_NT_TestCase14_Loop18,NT
Missing_Iterator_Update_5_NT_TestCase15_Loop18,NT
Missing_Iterator_Update_5_NT_TestCase16_Loop18,NT
Missing_Iterator_Update_5_NT_TestCase17_Loop18,NT
Missing_Iterator_Update_5_NT_TestCase18_Loop18,NT
Missing_Iterator_Update_5_NT_TestCase19_Loop18,NT
Missing_Iterator_Update_5_NT_TestCase20_Loop18,NT
Missing_Iterator_Update_5_NT_TestCase1_Loop23,T
Missing_Iterator_Update_5_NT_TestCase2_Loop23,T
Missing_Iterator_Update_5_NT_TestCase3_Loop23,T
Missing_Iterator_Update_5_NT_TestCase4_Loop23,T
Missing_Iterator_Update_5_NT_TestCase5_Loop23,T
Missing_Iterator_Update_5_NT_TestCase6_Loop23,T
Missing_Iterator_Update_5_NT_TestCase7_Loop23,T
Missing_Iterator_Update_5_NT_TestCase8_Loop23,T
Missing_Iterator_Update_5_NT_TestCase9_Loop23,T
Missing_Iterator_Update_5_NT_TestCase10_Loop23,T
Missing_Iterator_Update_5_NT_TestCase11_Loop23,NT
Missing_Iterator_Update_5_NT_TestCase12_Loop23,NT
Missing_Iterator_Update_5_NT_TestCase13_Loop23,NT
Missing_Iterator_Update_5_NT_TestCase14_Loop23,NT
Missing_Iterator_Update_5_NT_TestCase15_Loop23,NT
Missing_Iterator_Update_5_NT_TestCase16_Loop23,NT
Missing_Iterator_Update_5_NT_TestCase17_Loop23,NT
Missing_Iterator_Update_5_NT_TestCase18_Loop23,NT
Missing_Iterator_Update_5_NT_TestCase19_Loop23,NT
Missing_Iterator_Update_5_NT_TestCase20_Loop23,NT
Missing_Iterator_Update_5_T,T
Missing_Iterator_Update_5_T_Loop17,T
Missing_Iterator_Update_5_T_Loop22,T
Missing_Iterator_Update_5_T_TestCase1,T
Missing_Iterator_Update_5_T_TestCase2,T
Missing_Iterator_Update_5_T_TestCase3,T
Missing_Iterator_Update_5_T_TestCase4,T
Missing_Iterator_Update_5_T_TestCase5,T
Missing_Iterator_Update_5_T_TestCase6,T
Missing_Iterator_Update_5_T_TestCase7,T
Missing_Iterator_Update_5_T_TestCase8,T
Missing_Iterator_Update_5_T_TestCase9,T
Missing_Iterator_Update_5_T_TestCase10,T
Missing_Iterator_Update_5_T_TestCase11,T
Missing_Iterator_Update_5_T_TestCase12,T
Missing_Iterator_Update_5_T_TestCase13,T
Missing_Iterator_Update_5_T_TestCase14,T
Missing_Iterator_Update_5_T_TestCase15,T
Missing_Iterator_Update_5_T_TestCase16,T
Missing_Iterator_Update_5_T_TestCase17,T
Missing_Iterator_Update_5_T_TestCase18,T
Missing_Iterator_Update_5_T_TestCase19,T
Missing_Iterator_Update_5_T_TestCase20,T
Missing_Iterator_Update_5_T_Loop17_TestCase1,T
Missing_Iterator_Update_5_T_Loop17_TestCase2,T
Missing_Iterator_Update_5_T_Loop17_TestCase3,T
Missing_Iterator_Update_5_T_Loop17_TestCase4,T
Missing_Iterator_Update_5_T_Loop17_TestCase5,T
Missing_Iterator_Update_5_T_Loop17_TestCase6,T
Missing_Iterator_Update_5_T_Loop17_TestCase7,T
Missing_Iterator_Update_5_T_Loop17_TestCase8,T
Missing_Iterator_Update_5_T_Loop17_TestCase9,T
Missing_Iterator_Update_5_T_Loop17_TestCase10,T
Missing_Iterator_Update_5_T_Loop17_TestCase11,T
Missing_Iterator_Update_5_T_Loop17_TestCase12,T
Missing_Iterator_Update_5_T_Loop17_TestCase13,T
Missing_Iterator_Update_5_T_Loop17_TestCase14,T
Missing_Iterator_Update_5_T_Loop17_TestCase15,T
Missing_Iterator_Update_5_T_Loop17_TestCase16,T
Missing_Iterator_Update_5_T_Loop17_TestCase17,T
Missing_Iterator_Update_5_T_Loop17_TestCase18,T
Missing_Iterator_Update_5_T_Loop17_TestCase19,T
Missing_Iterator_Update_5_T_Loop17_TestCase20,T
Missing_Iterator_Update_5_T_Loop22_TestCase1,T
Missing_Iterator_Update_5_T_Loop22_TestCase2,T
Missing_Iterator_Update_5_T_Loop22_TestCase3,T
Missing_Iterator_Update_5_T_Loop22_TestCase4,T
Missing_Iterator_Update_5_T_Loop22_TestCase5,T
Missing_Iterator_Update_5_T_Loop22_TestCase6,T
Missing_Iterator_Update_5_T_Loop22_TestCase7,T
Missing_Iterator_Update_5_T_Loop22_TestCase8,T
Missing_Iterator_Update_5_T_Loop22_TestCase9,T
Missing_Iterator_Update_5_T_Loop22_TestCase10,T
Missing_Iterator_Update_5_T_Loop22_TestCase11,T
Missing_Iterator_Update_5_T_Loop22_TestCase12,T
Missing_Iterator_Update_5_T_Loop22_TestCase13,T
Missing_Iterator_Update_5_T_Loop22_TestCase14,T
Missing_Iterator_Update_5_T_Loop22_TestCase15,T
Missing_Iterator_Update_5_T_Loop22_TestCase16,T
Missing_Iterator_Update_5_T_Loop22_TestCase17,T
Missing_Iterator_Update_5_T_Loop22_TestCase18,T
Missing_Iterator_Update_5_T_Loop22_TestCase19,T
Missing_Iterator_Update_5_T_Loop22_TestCase20,T
Missing_Iterator_Update_5_T_TestCase1_Loop17,T
Missing_Iterator_Update_5_T_TestCase2_Loop17,T
Missing_Iterator_Update_5_T_TestCase3_Loop17,T
Missing_Iterator_Update_5_T_TestCase4_Loop17,T
Missing_Iterator_Update_5_T_TestCase5_Loop17,T
Missing_Iterator_Update_5_T_TestCase6_Loop17,T
Missing_Iterator_Update_5_T_TestCase7_Loop17,T
Missing_Iterator_Update_5_T_TestCase8_Loop17,T
Missing_Iterator_Update_5_T_TestCase9_Loop17,T
Missing_Iterator_Update_5_T_TestCase10_Loop17,T
Missing_Iterator_Update_5_T_TestCase11_Loop17,T
Missing_Iterator_Update_5_T_TestCase12_Loop17,T
Missing_Iterator_Update_5_T_TestCase13_Loop17,T
Missing_Iterator_Update_5_T_TestCase14_Loop17,T
Missing_Iterator_Update_5_T_TestCase15_Loop17,T
Missing_Iterator_Update_5_T_TestCase16_Loop17,T
Missing_Iterator_Update_5_T_TestCase17_Loop17,T
Missing_Iterator_Update_5_T_TestCase18_Loop17,T
Missing_Iterator_Update_5_T_TestCase19_Loop17,T
Missing_Iterator_Update_5_T_TestCase20_Loop17,T
Missing_Iterator_Update_5_T_TestCase1_Loop22,T
Missing_Iterator_Update_5_T_TestCase2_Loop22,T
Missing_Iterator_Update_5_T_TestCase3_Loop22,T
Missing_Iterator_Update_5_T_TestCase4_Loop22,T
Missing_Iterator_Update_5_T_TestCase5_Loop22,T
Missing_Iterator_Update_5_T_TestCase6_Loop22,T
Missing_Iterator_Update_5_T_TestCase7_Loop22,T
Missing_Iterator_Update_5_T_TestCase8_Loop22,T
Missing_Iterator_Update_5_T_TestCase9_Loop22,T
Missing_Iterator_Update_5_T_TestCase10_Loop22,T
Missing_Iterator_Update_5_T_TestCase11_Loop22,T
Missing_Iterator_Update_5_T_TestCase12_Loop22,T
Missing_Iterator_Update_5_T_TestCase13_Loop22,T
Missing_Iterator_Update_5_T_TestCase14_Loop22,T
Missing_Iterator_Update_5_T_TestCase15_Loop22,T
Missing_Iterator_Update_5_T_TestCase16_Loop22,T
Missing_Iterator_Update_5_T_TestCase17_Loop22,T
Missing_Iterator_Update_5_T_TestCase18_Loop22,T
Missing_Iterator_Update_5_T_TestCase19_Loop22,T
Missing_Iterator_Update_5_T_TestCase20_Loop22,T
Misusing_Variable_Type_1_NT,NT
Misusing_Variable_Type_1_NT_Loop14,T
Misusing_Variable_Type_1_NT_Loop16,NT
Misusing_Variable_Type_1_NT_Loop18,NT
Misusing_Variable_Type_1_NT_TestCase0,NT
Misusing_Variable_Type_1_NT_Loop14_TestCase0,T
Misusing_Variable_Type_1_NT_Loop16_TestCase0,NT
Misusing_Variable_Type_1_NT_Loop18_TestCase0,NT
Misusing_Variable_Type_1_NT_TestCase0_Loop14,T
Misusing_Variable_Type_1_NT_TestCase0_Loop16,NT
Misusing_Variable_Type_1_NT_TestCase0_Loop18,NT
Misusing_Variable_Type_1_T,T
Misusing_Variable_Type_1_T_Loop14,T
Misusing_Variable_Type_1_T_Loop16,T
Misusing_Variable_Type_1_T_Loop18,T
Misusing_Variable_Type_1_T_TestCase0,T
Misusing_Variable_Type_1_T_Loop14_TestCase0,T
Misusing_Variable_Type_1_T_Loop16_TestCase0,T
Misusing_Variable_Type_1_T_Loop18_TestCase0,T
Misusing_Variable_Type_1_T_TestCase0_Loop14,T
Misusing_Variable_Type_1_T_TestCase0_Loop16,T
Misusing_Variable_Type_1_T_TestCase0_Loop18,T
Misusing_Variable_Type_2_NT,NT
Misusing_Variable_Type_2_NT_Loop24,NT
Misusing_Variable_Type_2_NT_TestCase1,T
Misusing_Variable_Type_2_NT_TestCase2,T
Misusing_Variable_Type_2_NT_TestCase3,T
Misusing_Variable_Type_2_NT_TestCase4,T
Misusing_Variable_Type_2_NT_TestCase5,T
Misusing_Variable_Type_2_NT_TestCase6,T
Misusing_Variable_Type_2_NT_TestCase7,T
Misusing_Variable_Type_2_NT_TestCase8,T
Misusing_Variable_Type_2_NT_TestCase9,T
Misusing_Variable_Type_2_NT_TestCase10,T
Misusing_Variable_Type_2_NT_TestCase11,NT
Misusing_Variable_Type_2_NT_TestCase12,NT
Misusing_Variable_Type_2_NT_TestCase13,NT
Misusing_Variable_Type_2_NT_TestCase14,NT
Misusing_Variable_Type_2_NT_TestCase15,NT
Misusing_Variable_Type_2_NT_TestCase16,NT
Misusing_Variable_Type_2_NT_TestCase17,NT
Misusing_Variable_Type_2_NT_TestCase18,NT
Misusing_Variable_Type_2_NT_TestCase19,NT
Misusing_Variable_Type_2_NT_TestCase20,NT
Misusing_Variable_Type_2_NT_Loop24_TestCase1,T
Misusing_Variable_Type_2_NT_Loop24_TestCase2,T
Misusing_Variable_Type_2_NT_Loop24_TestCase3,T
Misusing_Variable_Type_2_NT_Loop24_TestCase4,T
Misusing_Variable_Type_2_NT_Loop24_TestCase5,T
Misusing_Variable_Type_2_NT_Loop24_TestCase6,T
Misusing_Variable_Type_2_NT_Loop24_TestCase7,T
Misusing_Variable_Type_2_NT_Loop24_TestCase8,T
Misusing_Variable_Type_2_NT_Loop24_TestCase9,T
Misusing_Variable_Type_2_NT_Loop24_TestCase10,T
Misusing_Variable_Type_2_NT_Loop24_TestCase11,NT
Misusing_Variable_Type_2_NT_Loop24_TestCase12,NT
Misusing_Variable_Type_2_NT_Loop24_TestCase13,NT
Misusing_Variable_Type_2_NT_Loop24_TestCase14,NT
Misusing_Variable_Type_2_NT_Loop24_TestCase15,NT
Misusing_Variable_Type_2_NT_Loop24_TestCase16,NT
Misusing_Variable_Type_2_NT_Loop24_TestCase17,NT
Misusing_Variable_Type_2_NT_Loop24_TestCase18,NT
Misusing_Variable_Type_2_NT_Loop24_TestCase19,NT
Misusing_Variable_Type_2_NT_Loop24_TestCase20,NT
Misusing_Variable_Type_2_NT_TestCase1_Loop24,T
Misusing_Variable_Type_2_NT_TestCase2_Loop24,T
Misusing_Variable_Type_2_NT_TestCase3_Loop24,T
Misusing_Variable_Type_2_NT_TestCase4_Loop24,T
Misusing_Variable_Type_2_NT_TestCase5_Loop24,T
Misusing_Variable_Type_2_NT_TestCase6_Loop24,T
Misusing_Variable_Type_2_NT_TestCase7_Loop24,T
Misusing_Variable_Type_2_NT_TestCase8_Loop24,T
Misusing_Variable_Type_2_NT_TestCase9_Loop24,T
Misusing_Variable_Type_2_NT_TestCase10_Loop24,T
Misusing_Variable_Type_2_NT_TestCase11_Loop24,NT
Misusing_Variable_Type_2_NT_TestCase12_Loop24,NT
Misusing_Variable_Type_2_NT_TestCase13_Loop24,NT
Misusing_Variable_Type_2_NT_TestCase14_Loop24,NT
Misusing_Variable_Type_2_NT_TestCase15_Loop24,NT
Misusing_Variable_Type_2_NT_TestCase16_Loop24,NT
Misusing_Variable_Type_2_NT_TestCase17_Loop24,NT
Misusing_Variable_Type_2_NT_TestCase18_Loop24,NT
Misusing_Variable_Type_2_NT_TestCase19_Loop24,NT
Misusing_Variable_Type_2_NT_TestCase20_Loop24,NT
Misusing_Variable_Type_2_T,T
Misusing_Variable_Type_2_T_Loop23,T
Misusing_Variable_Type_2_T_TestCase1,T
Misusing_Variable_Type_2_T_TestCase2,T
Misusing_Variable_Type_2_T_TestCase3,T
Misusing_Variable_Type_2_T_TestCase4,T
Misusing_Variable_Type_2_T_TestCase5,T
Misusing_Variable_Type_2_T_TestCase6,T
Misusing_Variable_Type_2_T_TestCase7,T
Misusing_Variable_Type_2_T_TestCase8,T
Misusing_Variable_Type_2_T_TestCase9,T
Misusing_Variable_Type_2_T_TestCase10,T
Misusing_Variable_Type_2_T_TestCase11,T
Misusing_Variable_Type_2_T_TestCase12,T
Misusing_Variable_Type_2_T_TestCase13,T
Misusing_Variable_Type_2_T_TestCase14,T
Misusing_Variable_Type_2_T_TestCase15,T
Misusing_Variable_Type_2_T_TestCase16,T
Misusing_Variable_Type_2_T_TestCase17,T
Misusing_Variable_Type_2_T_TestCase18,T
Misusing_Variable_Type_2_T_TestCase19,T
Misusing_Variable_Type_2_T_TestCase20,T
Misusing_Variable_Type_2_T_Loop23_TestCase1,T
Misusing_Variable_Type_2_T_Loop23_TestCase2,T
Misusing_Variable_Type_2_T_Loop23_TestCase3,T
Misusing_Variable_Type_2_T_Loop23_TestCase4,T
Misusing_Variable_Type_2_T_Loop23_TestCase5,T
Misusing_Variable_Type_2_T_Loop23_TestCase6,T
Misusing_Variable_Type_2_T_Loop23_TestCase7,T
Misusing_Variable_Type_2_T_Loop23_TestCase8,T
Misusing_Variable_Type_2_T_Loop23_TestCase9,T
Misusing_Variable_Type_2_T_Loop23_TestCase10,T
Misusing_Variable_Type_2_T_Loop23_TestCase11,T
Misusing_Variable_Type_2_T_Loop23_TestCase12,T
Misusing_Variable_Type_2_T_Loop23_TestCase13,T
Misusing_Variable_Type_2_T_Loop23_TestCase14,T
Misusing_Variable_Type_2_T_Loop23_TestCase15,T
Misusing_Variable_Type_2_T_Loop23_TestCase16,T
Misusing_Variable_Type_2_T_Loop23_TestCase17,T
Misusing_Variable_Type_2_T_Loop23_TestCase18,T
Misusing_Variable_Type_2_T_Loop23_TestCase19,T
Misusing_Variable_Type_2_T_Loop23_TestCase20,T
Misusing_Variable_Type_2_T_TestCase1_Loop23,T
Misusing_Variable_Type_2_T_TestCase2_Loop23,T
Misusing_Variable_Type_2_T_TestCase3_Loop23,T
Misusing_Variable_Type_2_T_TestCase4_Loop23,T
Misusing_Variable_Type_2_T_TestCase5_Loop23,T
Misusing_Variable_Type_2_T_TestCase6_Loop23,T
Misusing_Variable_Type_2_T_TestCase7_Loop23,T
Misusing_Variable_Type_2_T_TestCase8_Loop23,T
Misusing_Variable_Type_2_T_TestCase9_Loop23,T
Misusing_Variable_Type_2_T_TestCase10_Loop23,T
Misusing_Variable_Type_2_T_TestCase11_Loop23,T
Misusing_Variable_Type_2_T_TestCase12_Loop23,T
Misusing_Variable_Type_2_T_TestCase13_Loop23,T
Misusing_Variable_Type_2_T_TestCase14_Loop23,T
Misusing_Variable_Type_2_T_TestCase15_Loop23,T
Misusing_Variable_Type_2_T_TestCase16_Loop23,T
Misusing_Variable_Type_2_T_TestCase17_Loop23,T
Misusing_Variable_Type_2_T_TestCase18_Loop23,T
Misusing_Variable_Type_2_T_TestCase19_Loop23,T
Misusing_Variable_Type_2_T_TestCase20_Loop23,T
Reusing_Same_Loop_Iterator_1_NT,NT
Reusing_Same_Loop_Iterator_1_NT_Loop17,NT
Reusing_Same_Loop_Iterator_1_NT_Loop19,NT
Reusing_Same_Loop_Iterator_1_NT_TestCase1,T
Reusing_Same_Loop_Iterator_1_NT_TestCase2,T
Reusing_Same_Loop_Iterator_1_NT_TestCase3,T
Reusing_Same_Loop_Iterator_1_NT_TestCase4,T
Reusing_Same_Loop_Iterator_1_NT_TestCase5,T
Reusing_Same_Loop_Iterator_1_NT_TestCase6,T
Reusing_Same_Loop_Iterator_1_NT_TestCase7,T
Reusing_Same_Loop_Iterator_1_NT_TestCase8,T
Reusing_Same_Loop_Iterator_1_NT_TestCase9,T
Reusing_Same_Loop_Iterator_1_NT_TestCase10,T
Reusing_Same_Loop_Iterator_1_NT_TestCase11,NT
Reusing_Same_Loop_Iterator_1_NT_TestCase12,NT
Reusing_Same_Loop_Iterator_1_NT_TestCase13,NT
Reusing_Same_Loop_Iterator_1_NT_TestCase14,NT
Reusing_Same_Loop_Iterator_1_NT_TestCase15,NT
Reusing_Same_Loop_Iterator_1_NT_TestCase16,NT
Reusing_Same_Loop_Iterator_1_NT_TestCase17,NT
Reusing_Same_Loop_Iterator_1_NT_TestCase18,NT
Reusing_Same_Loop_Iterator_1_NT_TestCase19,NT
Reusing_Same_Loop_Iterator_1_NT_TestCase20,NT
Reusing_Same_Loop_Iterator_1_NT_Loop17_TestCase1,T
Reusing_Same_Loop_Iterator_1_NT_Loop17_TestCase2,T
Reusing_Same_Loop_Iterator_1_NT_Loop17_TestCase3,T
Reusing_Same_Loop_Iterator_1_NT_Loop17_TestCase4,T
Reusing_Same_Loop_Iterator_1_NT_Loop17_TestCase5,T
Reusing_Same_Loop_Iterator_1_NT_Loop17_TestCase6,T
Reusing_Same_Loop_Iterator_1_NT_Loop17_TestCase7,T
Reusing_Same_Loop_Iterator_1_NT_Loop17_TestCase8,T
Reusing_Same_Loop_Iterator_1_NT_Loop17_TestCase9,T
Reusing_Same_Loop_Iterator_1_NT_Loop17_TestCase10,T
Reusing_Same_Loop_Iterator_1_NT_Loop17_TestCase11,NT
Reusing_Same_Loop_Iterator_1_NT_Loop17_TestCase12,NT
Reusing_Same_Loop_Iterator_1_NT_Loop17_TestCase13,NT
Reusing_Same_Loop_Iterator_1_NT_Loop17_TestCase14,NT
Reusing_Same_Loop_Iterator_1_NT_Loop17_TestCase15,NT
Reusing_Same_Loop_Iterator_1_NT_Loop17_TestCase16,NT
Reusing_Same_Loop_Iterator_1_NT_Loop17_TestCase17,NT
Reusing_Same_Loop_Iterator_1_NT_Loop17_TestCase18,NT
Reusing_Same_Loop_Iterator_1_NT_Loop17_TestCase19,NT
Reusing_Same_Loop_Iterator_1_NT_Loop17_TestCase20,NT
Reusing_Same_Loop_Iterator_1_NT_Loop19_TestCase1,T
Reusing_Same_Loop_Iterator_1_NT_Loop19_TestCase2,T
Reusing_Same_Loop_Iterator_1_NT_Loop19_TestCase3,T
Reusing_Same_Loop_Iterator_1_NT_Loop19_TestCase4,T
Reusing_Same_Loop_Iterator_1_NT_Loop19_TestCase5,T
Reusing_Same_Loop_Iterator_1_NT_Loop19_TestCase6,T
Reusing_Same_Loop_Iterator_1_NT_Loop19_TestCase7,T
Reusing_Same_Loop_Iterator_1_NT_Loop19_TestCase8,T
Reusing_Same_Loop_Iterator_1_NT_Loop19_TestCase9,T
Reusing_Same_Loop_Iterator_1_NT_Loop19_TestCase10,T
Reusing_Same_Loop_Iterator_1_NT_Loop19_TestCase11,NT
Reusing_Same_Loop_Iterator_1_NT_Loop19_TestCase12,NT
Reusing_Same_Loop_Iterator_1_NT_Loop19_TestCase13,NT
Reusing_Same_Loop_Iterator_1_NT_Loop19_TestCase14,NT
Reusing_Same_Loop_Iterator_1_NT_Loop19_TestCase15,NT
Reusing_Same_Loop_Iterator_1_NT_Loop19_TestCase16,NT
Reusing_Same_Loop_Iterator_1_NT_Loop19_TestCase17,NT
Reusing_Same_Loop_Iterator_1_NT_Loop19_TestCase18,NT
Reusing_Same_Loop_Iterator_1_NT_Loop19_TestCase19,NT
Reusing_Same_Loop_Iterator_1_NT_Loop19_TestCase20,NT
Reusing_Same_Loop_Iterator_1_NT_TestCase1_Loop17,T
Reusing_Same_Loop_Iterator_1_NT_TestCase2_Loop17,T
Reusing_Same_Loop_Iterator_1_NT_TestCase3_Loop17,T
Reusing_Same_Loop_Iterator_1_NT_TestCase4_Loop17,T
Reusing_Same_Loop_Iterator_1_NT_TestCase5_Loop17,T
Reusing_Same_Loop_Iterator_1_NT_TestCase6_Loop17,T
Reusing_Same_Loop_Iterator_1_NT_TestCase7_Loop17,T
Reusing_Same_Loop_Iterator_1_NT_TestCase8_Loop17,T
Reusing_Same_Loop_Iterator_1_NT_TestCase9_Loop17,T
Reusing_Same_Loop_Iterator_1_NT_TestCase10_Loop17,T
Reusing_Same_Loop_Iterator_1_NT_TestCase11_Loop17,NT
Reusing_Same_Loop_Iterator_1_NT_TestCase12_Loop17,NT
Reusing_Same_Loop_Iterator_1_NT_TestCase13_Loop17,NT
Reusing_Same_Loop_Iterator_1_NT_TestCase14_Loop17,NT
Reusing_Same_Loop_Iterator_1_NT_TestCase15_Loop17,NT
Reusing_Same_Loop_Iterator_1_NT_TestCase16_Loop17,NT
Reusing_Same_Loop_Iterator_1_NT_TestCase17_Loop17,NT
Reusing_Same_Loop_Iterator_1_NT_TestCase18_Loop17,NT
Reusing_Same_Loop_Iterator_1_NT_TestCase19_Loop17,NT
Reusing_Same_Loop_Iterator_1_NT_TestCase20_Loop17,NT
Reusing_Same_Loop_Iterator_1_NT_TestCase1_Loop19,T
Reusing_Same_Loop_Iterator_1_NT_TestCase2_Loop19,T
Reusing_Same_Loop_Iterator_1_NT_TestCase3_Loop19,T
Reusing_Same_Loop_Iterator_1_NT_TestCase4_Loop19,T
Reusing_Same_Loop_Iterator_1_NT_TestCase5_Loop19,T
Reusing_Same_Loop_Iterator_1_NT_TestCase6_Loop19,T
Reusing_Same_Loop_Iterator_1_NT_TestCase7_Loop19,T
Reusing_Same_Loop_Iterator_1_NT_TestCase8_Loop19,T
Reusing_Same_Loop_Iterator_1_NT_TestCase9_Loop19,T
Reusing_Same_Loop_Iterator_1_NT_TestCase10_Loop19,T
Reusing_Same_Loop_Iterator_1_NT_TestCase11_Loop19,NT
Reusing_Same_Loop_Iterator_1_NT_TestCase12_Loop19,NT
Reusing_Same_Loop_Iterator_1_NT_TestCase13_Loop19,NT
Reusing_Same_Loop_Iterator_1_NT_TestCase14_Loop19,NT
Reusing_Same_Loop_Iterator_1_NT_TestCase15_Loop19,NT
Reusing_Same_Loop_Iterator_1_NT_TestCase16_Loop19,NT
Reusing_Same_Loop_Iterator_1_NT_TestCase17_Loop19,NT
Reusing_Same_Loop_Iterator_1_NT_TestCase18_Loop19,NT
Reusing_Same_Loop_Iterator_1_NT_TestCase19_Loop19,NT
Reusing_Same_Loop_Iterator_1_NT_TestCase20_Loop19,NT
Reusing_Same_Loop_Iterator_1_T,T
Reusing_Same_Loop_Iterator_1_T_Loop17,T
Reusing_Same_Loop_Iterator_1_T_Loop19,T
Reusing_Same_Loop_Iterator_1_T_TestCase1,T
Reusing_Same_Loop_Iterator_1_T_TestCase2,T
Reusing_Same_Loop_Iterator_1_T_TestCase3,T
Reusing_Same_Loop_Iterator_1_T_TestCase4,T
Reusing_Same_Loop_Iterator_1_T_TestCase5,T
Reusing_Same_Loop_Iterator_1_T_TestCase6,T
Reusing_Same_Loop_Iterator_1_T_TestCase7,T
Reusing_Same_Loop_Iterator_1_T_TestCase8,T
Reusing_Same_Loop_Iterator_1_T_TestCase9,T
Reusing_Same_Loop_Iterator_1_T_TestCase10,T
Reusing_Same_Loop_Iterator_1_T_TestCase11,T
Reusing_Same_Loop_Iterator_1_T_TestCase12,T
Reusing_Same_Loop_Iterator_1_T_TestCase13,T
Reusing_Same_Loop_Iterator_1_T_TestCase14,T
Reusing_Same_Loop_Iterator_1_T_TestCase15,T
Reusing_Same_Loop_Iterator_1_T_TestCase16,T
Reusing_Same_Loop_Iterator_1_T_TestCase17,T
Reusing_Same_Loop_Iterator_1_T_TestCase18,T
Reusing_Same_Loop_Iterator_1_T_TestCase19,T
Reusing_Same_Loop_Iterator_1_T_TestCase20,T
Reusing_Same_Loop_Iterator_1_T_Loop17_TestCase1,T
Reusing_Same_Loop_Iterator_1_T_Loop17_TestCase2,T
Reusing_Same_Loop_Iterator_1_T_Loop17_TestCase3,T
Reusing_Same_Loop_Iterator_1_T_Loop17_TestCase4,T
Reusing_Same_Loop_Iterator_1_T_Loop17_TestCase5,T
Reusing_Same_Loop_Iterator_1_T_Loop17_TestCase6,T
Reusing_Same_Loop_Iterator_1_T_Loop17_TestCase7,T
Reusing_Same_Loop_Iterator_1_T_Loop17_TestCase8,T
Reusing_Same_Loop_Iterator_1_T_Loop17_TestCase9,T
Reusing_Same_Loop_Iterator_1_T_Loop17_TestCase10,T
Reusing_Same_Loop_Iterator_1_T_Loop17_TestCase11,T
Reusing_Same_Loop_Iterator_1_T_Loop17_TestCase12,T
Reusing_Same_Loop_Iterator_1_T_Loop17_TestCase13,T
Reusing_Same_Loop_Iterator_1_T_Loop17_TestCase14,T
Reusing_Same_Loop_Iterator_1_T_Loop17_TestCase15,T
Reusing_Same_Loop_Iterator_1_T_Loop17_TestCase16,T
Reusing_Same_Loop_Iterator_1_T_Loop17_TestCase17,T
Reusing_Same_Loop_Iterator_1_T_Loop17_TestCase18,T
Reusing_Same_Loop_Iterator_1_T_Loop17_TestCase19,T
Reusing_Same_Loop_Iterator_1_T_Loop17_TestCase20,T
Reusing_Same_Loop_Iterator_1_T_Loop19_TestCase1,T
Reusing_Same_Loop_Iterator_1_T_Loop19_TestCase2,T
Reusing_Same_Loop_Iterator_1_T_Loop19_TestCase3,T
Reusing_Same_Loop_Iterator_1_T_Loop19_TestCase4,T
Reusing_Same_Loop_Iterator_1_T_Loop19_TestCase5,T
Reusing_Same_Loop_Iterator_1_T_Loop19_TestCase6,T
Reusing_Same_Loop_Iterator_1_T_Loop19_TestCase7,T
Reusing_Same_Loop_Iterator_1_T_Loop19_TestCase8,T
Reusing_Same_Loop_Iterator_1_T_Loop19_TestCase9,T
Reusing_Same_Loop_Iterator_1_T_Loop19_TestCase10,T
Reusing_Same_Loop_Iterator_1_T_Loop19_TestCase11,T
Reusing_Same_Loop_Iterator_1_T_Loop19_TestCase12,T
Reusing_Same_Loop_Iterator_1_T_Loop19_TestCase13,T
Reusing_Same_Loop_Iterator_1_T_Loop19_TestCase14,T
Reusing_Same_Loop_Iterator_1_T_Loop19_TestCase15,T
Reusing_Same_Loop_Iterator_1_T_Loop19_TestCase16,T
Reusing_Same_Loop_Iterator_1_T_Loop19_TestCase17,T
Reusing_Same_Loop_Iterator_1_T_Loop19_TestCase18,T
Reusing_Same_Loop_Iterator_1_T_Loop19_TestCase19,T
Reusing_Same_Loop_Iterator_1_T_Loop19_TestCase20,T
Reusing_Same_Loop_Iterator_1_T_TestCase1_Loop17,T
Reusing_Same_Loop_Iterator_1_T_TestCase2_Loop17,T
Reusing_Same_Loop_Iterator_1_T_TestCase3_Loop17,T
Reusing_Same_Loop_Iterator_1_T_TestCase4_Loop17,T
Reusing_Same_Loop_Iterator_1_T_TestCase5_Loop17,T
Reusing_Same_Loop_Iterator_1_T_TestCase6_Loop17,T
Reusing_Same_Loop_Iterator_1_T_TestCase7_Loop17,T
Reusing_Same_Loop_Iterator_1_T_TestCase8_Loop17,T
Reusing_Same_Loop_Iterator_1_T_TestCase9_Loop17,T
Reusing_Same_Loop_Iterator_1_T_TestCase10_Loop17,T
Reusing_Same_Loop_Iterator_1_T_TestCase11_Loop17,T
Reusing_Same_Loop_Iterator_1_T_TestCase12_Loop17,T
Reusing_Same_Loop_Iterator_1_T_TestCase13_Loop17,T
Reusing_Same_Loop_Iterator_1_T_TestCase14_Loop17,T
Reusing_Same_Loop_Iterator_1_T_TestCase15_Loop17,T
Reusing_Same_Loop_Iterator_1_T_TestCase16_Loop17,T
Reusing_Same_Loop_Iterator_1_T_TestCase17_Loop17,T
Reusing_Same_Loop_Iterator_1_T_TestCase18_Loop17,T
Reusing_Same_Loop_Iterator_1_T_TestCase19_Loop17,T
Reusing_Same_Loop_Iterator_1_T_TestCase20_Loop17,T
Reusing_Same_Loop_Iterator_1_T_TestCase1_Loop19,T
Reusing_Same_Loop_Iterator_1_T_TestCase2_Loop19,T
Reusing_Same_Loop_Iterator_1_T_TestCase3_Loop19,T
Reusing_Same_Loop_Iterator_1_T_TestCase4_Loop19,T
Reusing_Same_Loop_Iterator_1_T_TestCase5_Loop19,T
Reusing_Same_Loop_Iterator_1_T_TestCase6_Loop19,T
Reusing_Same_Loop_Iterator_1_T_TestCase7_Loop19,T
Reusing_Same_Loop_Iterator_1_T_TestCase8_Loop19,T
Reusing_Same_Loop_Iterator_1_T_TestCase9_Loop19,T
Reusing_Same_Loop_Iterator_1_T_TestCase10_Loop19,T
Reusing_Same_Loop_Iterator_1_T_TestCase11_Loop19,T
Reusing_Same_Loop_Iterator_1_T_TestCase12_Loop19,T
Reusing_Same_Loop_Iterator_1_T_TestCase13_Loop19,T
Reusing_Same_Loop_Iterator_1_T_TestCase14_Loop19,T
Reusing_Same_Loop_Iterator_1_T_TestCase15_Loop19,T
Reusing_Same_Loop_Iterator_1_T_TestCase16_Loop19,T
Reusing_Same_Loop_Iterator_1_T_TestCase17_Loop19,T
Reusing_Same_Loop_Iterator_1_T_TestCase18_Loop19,T
Reusing_Same_Loop_Iterator_1_T_TestCase19_Loop19,T
Reusing_Same_Loop_Iterator_1_T_TestCase20_Loop19,T
Reusing_Same_Loop_Iterator_2_NT,NT
Reusing_Same_Loop_Iterator_2_NT_Loop16,NT
Reusing_Same_Loop_Iterator_2_NT_Loop18,NT
Reusing_Same_Loop_Iterator_2_NT_TestCase1,T
Reusing_Same_Loop_Iterator_2_NT_TestCase2,T
Reusing_Same_Loop_Iterator_2_NT_TestCase3,T
Reusing_Same_Loop_Iterator_2_NT_TestCase4,T
Reusing_Same_Loop_Iterator_2_NT_TestCase5,T
Reusing_Same_Loop_Iterator_2_NT_TestCase6,T
Reusing_Same_Loop_Iterator_2_NT_TestCase7,T
Reusing_Same_Loop_Iterator_2_NT_TestCase8,T
Reusing_Same_Loop_Iterator_2_NT_TestCase9,T
Reusing_Same_Loop_Iterator_2_NT_TestCase10,T
Reusing_Same_Loop_Iterator_2_NT_TestCase11,NT
Reusing_Same_Loop_Iterator_2_NT_TestCase12,NT
Reusing_Same_Loop_Iterator_2_NT_TestCase13,NT
Reusing_Same_Loop_Iterator_2_NT_TestCase14,NT
Reusing_Same_Loop_Iterator_2_NT_TestCase15,NT
Reusing_Same_Loop_Iterator_2_NT_TestCase16,NT
Reusing_Same_Loop_Iterator_2_NT_TestCase17,NT
Reusing_Same_Loop_Iterator_2_NT_TestCase18,NT
Reusing_Same_Loop_Iterator_2_NT_TestCase19,NT
Reusing_Same_Loop_Iterator_2_NT_TestCase20,NT
Reusing_Same_Loop_Iterator_2_NT_Loop16_TestCase1,T
Reusing_Same_Loop_Iterator_2_NT_Loop16_TestCase2,T
Reusing_Same_Loop_Iterator_2_NT_Loop16_TestCase3,T
Reusing_Same_Loop_Iterator_2_NT_Loop16_TestCase4,T
Reusing_Same_Loop_Iterator_2_NT_Loop16_TestCase5,T
Reusing_Same_Loop_Iterator_2_NT_Loop16_TestCase6,T
Reusing_Same_Loop_Iterator_2_NT_Loop16_TestCase7,T
Reusing_Same_Loop_Iterator_2_NT_Loop16_TestCase8,T
Reusing_Same_Loop_Iterator_2_NT_Loop16_TestCase9,T
Reusing_Same_Loop_Iterator_2_NT_Loop16_TestCase10,T
Reusing_Same_Loop_Iterator_2_NT_Loop16_TestCase11,NT
Reusing_Same_Loop_Iterator_2_NT_Loop16_TestCase12,NT
Reusing_Same_Loop_Iterator_2_NT_Loop16_TestCase13,NT
Reusing_Same_Loop_Iterator_2_NT_Loop16_TestCase14,NT
Reusing_Same_Loop_Iterator_2_NT_Loop16_TestCase15,NT
Reusing_Same_Loop_Iterator_2_NT_Loop16_TestCase16,NT
Reusing_Same_Loop_Iterator_2_NT_Loop16_TestCase17,NT
Reusing_Same_Loop_Iterator_2_NT_Loop16_TestCase18,NT
Reusing_Same_Loop_Iterator_2_NT_Loop16_TestCase19,NT
Reusing_Same_Loop_Iterator_2_NT_Loop16_TestCase20,NT
Reusing_Same_Loop_Iterator_2_NT_Loop18_TestCase1,T
Reusing_Same_Loop_Iterator_2_NT_Loop18_TestCase2,T
Reusing_Same_Loop_Iterator_2_NT_Loop18_TestCase3,T
Reusing_Same_Loop_Iterator_2_NT_Loop18_TestCase4,T
Reusing_Same_Loop_Iterator_2_NT_Loop18_TestCase5,T
Reusing_Same_Loop_Iterator_2_NT_Loop18_TestCase6,T
Reusing_Same_Loop_Iterator_2_NT_Loop18_TestCase7,T
Reusing_Same_Loop_Iterator_2_NT_Loop18_TestCase8,T
Reusing_Same_Loop_Iterator_2_NT_Loop18_TestCase9,T
Reusing_Same_Loop_Iterator_2_NT_Loop18_TestCase10,T
Reusing_Same_Loop_Iterator_2_NT_Loop18_TestCase11,NT
Reusing_Same_Loop_Iterator_2_NT_Loop18_TestCase12,NT
Reusing_Same_Loop_Iterator_2_NT_Loop18_TestCase13,NT
Reusing_Same_Loop_Iterator_2_NT_Loop18_TestCase14,NT
Reusing_Same_Loop_Iterator_2_NT_Loop18_TestCase15,NT
Reusing_Same_Loop_Iterator_2_NT_Loop18_TestCase16,NT
Reusing_Same_Loop_Iterator_2_NT_Loop18_TestCase17,NT
Reusing_Same_Loop_Iterator_2_NT_Loop18_TestCase18,NT
Reusing_Same_Loop_Iterator_2_NT_Loop18_TestCase19,NT
Reusing_Same_Loop_Iterator_2_NT_Loop18_TestCase20,NT
Reusing_Same_Loop_Iterator_2_NT_TestCase1_Loop16,T
Reusing_Same_Loop_Iterator_2_NT_TestCase2_Loop16,T
Reusing_Same_Loop_Iterator_2_NT_TestCase3_Loop16,T
Reusing_Same_Loop_Iterator_2_NT_TestCase4_Loop16,T
Reusing_Same_Loop_Iterator_2_NT_TestCase5_Loop16,T
Reusing_Same_Loop_Iterator_2_NT_TestCase6_Loop16,T
Reusing_Same_Loop_Iterator_2_NT_TestCase7_Loop16,T
Reusing_Same_Loop_Iterator_2_NT_TestCase8_Loop16,T
Reusing_Same_Loop_Iterator_2_NT_TestCase9_Loop16,T
Reusing_Same_Loop_Iterator_2_NT_TestCase10_Loop16,T
Reusing_Same_Loop_Iterator_2_NT_TestCase11_Loop16,NT
Reusing_Same_Loop_Iterator_2_NT_TestCase12_Loop16,NT
Reusing_Same_Loop_Iterator_2_NT_TestCase13_Loop16,NT
Reusing_Same_Loop_Iterator_2_NT_TestCase14_Loop16,NT
Reusing_Same_Loop_Iterator_2_NT_TestCase15_Loop16,NT
Reusing_Same_Loop_Iterator_2_NT_TestCase16_Loop16,NT
Reusing_Same_Loop_Iterator_2_NT_TestCase17_Loop16,NT
Reusing_Same_Loop_Iterator_2_NT_TestCase18_Loop16,NT
Reusing_Same_Loop_Iterator_2_NT_TestCase19_Loop16,NT
Reusing_Same_Loop_Iterator_2_NT_TestCase20_Loop16,NT
Reusing_Same_Loop_Iterator_2_NT_TestCase1_Loop18,T
Reusing_Same_Loop_Iterator_2_NT_TestCase2_Loop18,T
Reusing_Same_Loop_Iterator_2_NT_TestCase3_Loop18,T
Reusing_Same_Loop_Iterator_2_NT_TestCase4_Loop18,T
Reusing_Same_Loop_Iterator_2_NT_TestCase5_Loop18,T
Reusing_Same_Loop_Iterator_2_NT_TestCase6_Loop18,T
Reusing_Same_Loop_Iterator_2_NT_TestCase7_Loop18,T
Reusing_Same_Loop_Iterator_2_NT_TestCase8_Loop18,T
Reusing_Same_Loop_Iterator_2_NT_TestCase9_Loop18,T
Reusing_Same_Loop_Iterator_2_NT_TestCase10_Loop18,T
Reusing_Same_Loop_Iterator_2_NT_TestCase11_Loop18,NT
Reusing_Same_Loop_Iterator_2_NT_TestCase12_Loop18,NT
Reusing_Same_Loop_Iterator_2_NT_TestCase13_Loop18,NT
Reusing_Same_Loop_Iterator_2_NT_TestCase14_Loop18,NT
Reusing_Same_Loop_Iterator_2_NT_TestCase15_Loop18,NT
Reusing_Same_Loop_Iterator_2_NT_TestCase16_Loop18,NT
Reusing_Same_Loop_Iterator_2_NT_TestCase17_Loop18,NT
Reusing_Same_Loop_Iterator_2_NT_TestCase18_Loop18,NT
Reusing_Same_Loop_Iterator_2_NT_TestCase19_Loop18,NT
Reusing_Same_Loop_Iterator_2_NT_TestCase20_Loop18,NT
Reusing_Same_Loop_Iterator_2_T,T
Reusing_Same_Loop_Iterator_2_T_Loop17,T
Reusing_Same_Loop_Iterator_2_T_Loop20,T
Reusing_Same_Loop_Iterator_2_T_TestCase1,T
Reusing_Same_Loop_Iterator_2_T_TestCase2,T
Reusing_Same_Loop_Iterator_2_T_TestCase3,T
Reusing_Same_Loop_Iterator_2_T_TestCase4,T
Reusing_Same_Loop_Iterator_2_T_TestCase5,T
Reusing_Same_Loop_Iterator_2_T_TestCase6,T
Reusing_Same_Loop_Iterator_2_T_TestCase7,T
Reusing_Same_Loop_Iterator_2_T_TestCase8,T
Reusing_Same_Loop_Iterator_2_T_TestCase9,T
Reusing_Same_Loop_Iterator_2_T_TestCase10,T
Reusing_Same_Loop_Iterator_2_T_TestCase11,T
Reusing_Same_Loop_Iterator_2_T_TestCase12,T
Reusing_Same_Loop_Iterator_2_T_TestCase13,T
Reusing_Same_Loop_Iterator_2_T_TestCase14,T
Reusing_Same_Loop_Iterator_2_T_TestCase15,T
Reusing_Same_Loop_Iterator_2_T_TestCase16,T
Reusing_Same_Loop_Iterator_2_T_TestCase17,T
Reusing_Same_Loop_Iterator_2_T_TestCase18,T
Reusing_Same_Loop_Iterator_2_T_TestCase19,T
Reusing_Same_Loop_Iterator_2_T_TestCase20,T
Reusing_Same_Loop_Iterator_2_T_Loop17_TestCase1,T
Reusing_Same_Loop_Iterator_2_T_Loop17_TestCase2,T
Reusing_Same_Loop_Iterator_2_T_Loop17_TestCase3,T
Reusing_Same_Loop_Iterator_2_T_Loop17_TestCase4,T
Reusing_Same_Loop_Iterator_2_T_Loop17_TestCase5,T
Reusing_Same_Loop_Iterator_2_T_Loop17_TestCase6,T
Reusing_Same_Loop_Iterator_2_T_Loop17_TestCase7,T
Reusing_Same_Loop_Iterator_2_T_Loop17_TestCase8,T
Reusing_Same_Loop_Iterator_2_T_Loop17_TestCase9,T
Reusing_Same_Loop_Iterator_2_T_Loop17_TestCase10,T
Reusing_Same_Loop_Iterator_2_T_Loop17_TestCase11,T
Reusing_Same_Loop_Iterator_2_T_Loop17_TestCase12,T
Reusing_Same_Loop_Iterator_2_T_Loop17_TestCase13,T
Reusing_Same_Loop_Iterator_2_T_Loop17_TestCase14,T
Reusing_Same_Loop_Iterator_2_T_Loop17_TestCase15,T
Reusing_Same_Loop_Iterator_2_T_Loop17_TestCase16,T
Reusing_Same_Loop_Iterator_2_T_Loop17_TestCase17,T
Reusing_Same_Loop_Iterator_2_T_Loop17_TestCase18,T
Reusing_Same_Loop_Iterator_2_T_Loop17_TestCase19,T
Reusing_Same_Loop_Iterator_2_T_Loop17_TestCase20,T
Reusing_Same_Loop_Iterator_2_T_Loop20_TestCase1,T
Reusing_Same_Loop_Iterator_2_T_Loop20_TestCase2,T
Reusing_Same_Loop_Iterator_2_T_Loop20_TestCase3,T
Reusing_Same_Loop_Iterator_2_T_Loop20_TestCase4,T
Reusing_Same_Loop_Iterator_2_T_Loop20_TestCase5,T
Reusing_Same_Loop_Iterator_2_T_Loop20_TestCase6,T
Reusing_Same_Loop_Iterator_2_T_Loop20_TestCase7,T
Reusing_Same_Loop_Iterator_2_T_Loop20_TestCase8,T
Reusing_Same_Loop_Iterator_2_T_Loop20_TestCase9,T
Reusing_Same_Loop_Iterator_2_T_Loop20_TestCase10,T
Reusing_Same_Loop_Iterator_2_T_Loop20_TestCase11,T
Reusing_Same_Loop_Iterator_2_T_Loop20_TestCase12,T
Reusing_Same_Loop_Iterator_2_T_Loop20_TestCase13,T
Reusing_Same_Loop_Iterator_2_T_Loop20_TestCase14,T
Reusing_Same_Loop_Iterator_2_T_Loop20_TestCase15,T
Reusing_Same_Loop_Iterator_2_T_Loop20_TestCase16,T
Reusing_Same_Loop_Iterator_2_T_Loop20_TestCase17,T
Reusing_Same_Loop_Iterator_2_T_Loop20_TestCase18,T
Reusing_Same_Loop_Iterator_2_T_Loop20_TestCase19,T
Reusing_Same_Loop_Iterator_2_T_Loop20_TestCase20,T
Reusing_Same_Loop_Iterator_2_T_TestCase1_Loop17,T
Reusing_Same_Loop_Iterator_2_T_TestCase2_Loop17,T
Reusing_Same_Loop_Iterator_2_T_TestCase3_Loop17,T
Reusing_Same_Loop_Iterator_2_T_TestCase4_Loop17,T
Reusing_Same_Loop_Iterator_2_T_TestCase5_Loop17,T
Reusing_Same_Loop_Iterator_2_T_TestCase6_Loop17,T
Reusing_Same_Loop_Iterator_2_T_TestCase7_Loop17,T
Reusing_Same_Loop_Iterator_2_T_TestCase8_Loop17,T
Reusing_Same_Loop_Iterator_2_T_TestCase9_Loop17,T
Reusing_Same_Loop_Iterator_2_T_TestCase10_Loop17,T
Reusing_Same_Loop_Iterator_2_T_TestCase11_Loop17,T
Reusing_Same_Loop_Iterator_2_T_TestCase12_Loop17,T
Reusing_Same_Loop_Iterator_2_T_TestCase13_Loop17,T
Reusing_Same_Loop_Iterator_2_T_TestCase14_Loop17,T
Reusing_Same_Loop_Iterator_2_T_TestCase15_Loop17,T
Reusing_Same_Loop_Iterator_2_T_TestCase16_Loop17,T
Reusing_Same_Loop_Iterator_2_T_TestCase17_Loop17,T
Reusing_Same_Loop_Iterator_2_T_TestCase18_Loop17,T
Reusing_Same_Loop_Iterator_2_T_TestCase19_Loop17,T
Reusing_Same_Loop_Iterator_2_T_TestCase20_Loop17,T
Reusing_Same_Loop_Iterator_2_T_TestCase1_Loop20,T
Reusing_Same_Loop_Iterator_2_T_TestCase2_Loop20,T
Reusing_Same_Loop_Iterator_2_T_TestCase3_Loop20,T
Reusing_Same_Loop_Iterator_2_T_TestCase4_Loop20,T
Reusing_Same_Loop_Iterator_2_T_TestCase5_Loop20,T
Reusing_Same_Loop_Iterator_2_T_TestCase6_Loop20,T
Reusing_Same_Loop_Iterator_2_T_TestCase7_Loop20,T
Reusing_Same_Loop_Iterator_2_T_TestCase8_Loop20,T
Reusing_Same_Loop_Iterator_2_T_TestCase9_Loop20,T
Reusing_Same_Loop_Iterator_2_T_TestCase10_Loop20,T
Reusing_Same_Loop_Iterator_2_T_TestCase11_Loop20,T
Reusing_Same_Loop_Iterator_2_T_TestCase12_Loop20,T
Reusing_Same_Loop_Iterator_2_T_TestCase13_Loop20,T
Reusing_Same_Loop_Iterator_2_T_TestCase14_Loop20,T
Reusing_Same_Loop_Iterator_2_T_TestCase15_Loop20,T
Reusing_Same_Loop_Iterator_2_T_TestCase16_Loop20,T
Reusing_Same_Loop_Iterator_2_T_TestCase17_Loop20,T
Reusing_Same_Loop_Iterator_2_T_TestCase18_Loop20,T
Reusing_Same_Loop_Iterator_2_T_TestCase19_Loop20,T
Reusing_Same_Loop_Iterator_2_T_TestCase20_Loop20,T
Signed_Overflow_Error_1_NT,T
Signed_Overflow_Error_1_NT_Loop13,T
Signed_Overflow_Error_1_NT_TestCase0,T
Signed_Overflow_Error_1_NT_Loop13_TestCase0,T
Signed_Overflow_Error_1_NT_TestCase0_Loop13,T
Signed_Overflow_Error_1_T,T
Signed_Overflow_Error_1_T_Loop14,T
Signed_Overflow_Error_1_T_TestCase0,T
Signed_Overflow_Error_1_T_Loop14_TestCase0,T
Signed_Overflow_Error_1_T_TestCase0_Loop14,T
Signed_Overflow_Error_2_NT,NT
Signed_Overflow_Error_2_NT_Loop15,NT
Signed_Overflow_Error_2_NT_TestCase1,T
Signed_Overflow_Error_2_NT_TestCase2,T
Signed_Overflow_Error_2_NT_TestCase3,T
Signed_Overflow_Error_2_NT_TestCase4,T
Signed_Overflow_Error_2_NT_TestCase5,T
Signed_Overflow_Error_2_NT_TestCase6,T
Signed_Overflow_Error_2_NT_TestCase7,T
Signed_Overflow_Error_2_NT_TestCase8,T
Signed_Overflow_Error_2_NT_TestCase9,T
Signed_Overflow_Error_2_NT_TestCase10,T
Signed_Overflow_Error_2_NT_TestCase11,NT
Signed_Overflow_Error_2_NT_TestCase12,NT
Signed_Overflow_Error_2_NT_TestCase13,NT
Signed_Overflow_Error_2_NT_TestCase14,NT
Signed_Overflow_Error_2_NT_TestCase15,NT
Signed_Overflow_Error_2_NT_TestCase16,NT
Signed_Overflow_Error_2_NT_TestCase17,NT
Signed_Overflow_Error_2_NT_TestCase18,NT
Signed_Overflow_Error_2_NT_TestCase19,NT
Signed_Overflow_Error_2_NT_TestCase20,NT
Signed_Overflow_Error_2_NT_Loop15_TestCase1,T
Signed_Overflow_Error_2_NT_Loop15_TestCase2,T
Signed_Overflow_Error_2_NT_Loop15_TestCase3,T
Signed_Overflow_Error_2_NT_Loop15_TestCase4,T
Signed_Overflow_Error_2_NT_Loop15_TestCase5,T
Signed_Overflow_Error_2_NT_Loop15_TestCase6,T
Signed_Overflow_Error_2_NT_Loop15_TestCase7,T
Signed_Overflow_Error_2_NT_Loop15_TestCase8,T
Signed_Overflow_Error_2_NT_Loop15_TestCase9,T
Signed_Overflow_Error_2_NT_Loop15_TestCase10,T
Signed_Overflow_Error_2_NT_Loop15_TestCase11,NT
Signed_Overflow_Error_2_NT_Loop15_TestCase12,NT
Signed_Overflow_Error_2_NT_Loop15_TestCase13,NT
Signed_Overflow_Error_2_NT_Loop15_TestCase14,NT
Signed_Overflow_Error_2_NT_Loop15_TestCase15,NT
Signed_Overflow_Error_2_NT_Loop15_TestCase16,NT
Signed_Overflow_Error_2_NT_Loop15_TestCase17,NT
Signed_Overflow_Error_2_NT_Loop15_TestCase18,NT
Signed_Overflow_Error_2_NT_Loop15_TestCase19,NT
Signed_Overflow_Error_2_NT_Loop15_TestCase20,NT
Signed_Overflow_Error_2_NT_TestCase1_Loop15,T
Signed_Overflow_Error_2_NT_TestCase2_Loop15,T
Signed_Overflow_Error_2_NT_TestCase3_Loop15,T
Signed_Overflow_Error_2_NT_TestCase4_Loop15,T
Signed_Overflow_Error_2_NT_TestCase5_Loop15,T
Signed_Overflow_Error_2_NT_TestCase6_Loop15,T
Signed_Overflow_Error_2_NT_TestCase7_Loop15,T
Signed_Overflow_Error_2_NT_TestCase8_Loop15,T
Signed_Overflow_Error_2_NT_TestCase9_Loop15,T
Signed_Overflow_Error_2_NT_TestCase10_Loop15,T
Signed_Overflow_Error_2_NT_TestCase11_Loop15,NT
Signed_Overflow_Error_2_NT_TestCase12_Loop15,NT
Signed_Overflow_Error_2_NT_TestCase13_Loop15,NT
Signed_Overflow_Error_2_NT_TestCase14_Loop15,NT
Signed_Overflow_Error_2_NT_TestCase15_Loop15,NT
Signed_Overflow_Error_2_NT_TestCase16_Loop15,NT
Signed_Overflow_Error_2_NT_TestCase17_Loop15,NT
Signed_Overflow_Error_2_NT_TestCase18_Loop15,NT
Signed_Overflow_Error_2_NT_TestCase19_Loop15,NT
Signed_Overflow_Error_2_NT_TestCase20_Loop15,NT
Signed_Overflow_Error_2_T,T
Signed_Overflow_Error_2_T_Loop14,T
Signed_Overflow_Error_2_T_TestCase1,T
Signed_Overflow_Error_2_T_TestCase2,T
Signed_Overflow_Error_2_T_TestCase3,T
Signed_Overflow_Error_2_T_TestCase4,T
Signed_Overflow_Error_2_T_TestCase5,T
Signed_Overflow_Error_2_T_TestCase6,T
Signed_Overflow_Error_2_T_TestCase7,T
Signed_Overflow_Error_2_T_TestCase8,T
Signed_Overflow_Error_2_T_TestCase9,T
Signed_Overflow_Error_2_T_TestCase10,T
Signed_Overflow_Error_2_T_TestCase11,T
Signed_Overflow_Error_2_T_TestCase12,T
Signed_Overflow_Error_2_T_TestCase13,T
Signed_Overflow_Error_2_T_TestCase14,T
Signed_Overflow_Error_2_T_TestCase15,T
Signed_Overflow_Error_2_T_TestCase16,T
Signed_Overflow_Error_2_T_TestCase17,T
Signed_Overflow_Error_2_T_TestCase18,T
Signed_Overflow_Error_2_T_TestCase19,T
Signed_Overflow_Error_2_T_TestCase20,T
Signed_Overflow_Error_2_T_Loop14_TestCase1,T
Signed_Overflow_Error_2_T_Loop14_TestCase2,T
Signed_Overflow_Error_2_T_Loop14_TestCase3,T
Signed_Overflow_Error_2_T_Loop14_TestCase4,T
Signed_Overflow_Error_2_T_Loop14_TestCase5,T
Signed_Overflow_Error_2_T_Loop14_TestCase6,T
Signed_Overflow_Error_2_T_Loop14_TestCase7,T
Signed_Overflow_Error_2_T_Loop14_TestCase8,T
Signed_Overflow_Error_2_T_Loop14_TestCase9,T
Signed_Overflow_Error_2_T_Loop14_TestCase10,T
Signed_Overflow_Error_2_T_Loop14_TestCase11,T
Signed_Overflow_Error_2_T_Loop14_TestCase12,T
Signed_Overflow_Error_2_T_Loop14_TestCase13,T
Signed_Overflow_Error_2_T_Loop14_TestCase14,T
Signed_Overflow_Error_2_T_Loop14_TestCase15,T
Signed_Overflow_Error_2_T_Loop14_TestCase16,T
Signed_Overflow_Error_2_T_Loop14_TestCase17,T
Signed_Overflow_Error_2_T_Loop14_TestCase18,T
Signed_Overflow_Error_2_T_Loop14_TestCase19,T
Signed_Overflow_Error_2_T_Loop14_TestCase20,T
Signed_Overflow_Error_2_T_TestCase1_Loop14,T
Signed_Overflow_Error_2_T_TestCase2_Loop14,T
Signed_Overflow_Error_2_T_TestCase3_Loop14,T
Signed_Overflow_Error_2_T_TestCase4_Loop14,T
Signed_Overflow_Error_2_T_TestCase5_Loop14,T
Signed_Overflow_Error_2_T_TestCase6_Loop14,T
Signed_Overflow_Error_2_T_TestCase7_Loop14,T
Signed_Overflow_Error_2_T_TestCase8_Loop14,T
Signed_Overflow_Error_2_T_TestCase9_Loop14,T
Signed_Overflow_Error_2_T_TestCase10_Loop14,T
Signed_Overflow_Error_2_T_TestCase11_Loop14,T
Signed_Overflow_Error_2_T_TestCase12_Loop14,T
Signed_Overflow_Error_2_T_TestCase13_Loop14,T
Signed_Overflow_Error_2_T_TestCase14_Loop14,T
Signed_Overflow_Error_2_T_TestCase15_Loop14,T
Signed_Overflow_Error_2_T_TestCase16_Loop14,T
Signed_Overflow_Error_2_T_TestCase17_Loop14,T
Signed_Overflow_Error_2_T_TestCase18_Loop14,T
Signed_Overflow_Error_2_T_TestCase19_Loop14,T
Signed_Overflow_Error_2_T_TestCase20_Loop14,T
Signed_Overflow_Error_3_NT,NT
Signed_Overflow_Error_3_NT_Loop15,NT
Signed_Overflow_Error_3_NT_TestCase1,T
Signed_Overflow_Error_3_NT_TestCase2,T
Signed_Overflow_Error_3_NT_TestCase3,T
Signed_Overflow_Error_3_NT_TestCase4,T
Signed_Overflow_Error_3_NT_TestCase5,T
Signed_Overflow_Error_3_NT_TestCase6,T
Signed_Overflow_Error_3_NT_TestCase7,T
Signed_Overflow_Error_3_NT_TestCase8,T
Signed_Overflow_Error_3_NT_TestCase9,T
Signed_Overflow_Error_3_NT_TestCase10,T
Signed_Overflow_Error_3_NT_TestCase11,NT
Signed_Overflow_Error_3_NT_TestCase12,NT
Signed_Overflow_Error_3_NT_TestCase13,NT
Signed_Overflow_Error_3_NT_TestCase14,NT
Signed_Overflow_Error_3_NT_TestCase15,NT
Signed_Overflow_Error_3_NT_TestCase16,NT
Signed_Overflow_Error_3_NT_TestCase17,NT
Signed_Overflow_Error_3_NT_TestCase18,NT
Signed_Overflow_Error_3_NT_TestCase19,NT
Signed_Overflow_Error_3_NT_TestCase20,NT
Signed_Overflow_Error_3_NT_Loop15_TestCase1,T
Signed_Overflow_Error_3_NT_Loop15_TestCase2,T
Signed_Overflow_Error_3_NT_Loop15_TestCase3,T
Signed_Overflow_Error_3_NT_Loop15_TestCase4,T
Signed_Overflow_Error_3_NT_Loop15_TestCase5,T
Signed_Overflow_Error_3_NT_Loop15_TestCase6,T
Signed_Overflow_Error_3_NT_Loop15_TestCase7,T
Signed_Overflow_Error_3_NT_Loop15_TestCase8,T
Signed_Overflow_Error_3_NT_Loop15_TestCase9,T
Signed_Overflow_Error_3_NT_Loop15_TestCase10,T
Signed_Overflow_Error_3_NT_Loop15_TestCase11,NT
Signed_Overflow_Error_3_NT_Loop15_TestCase12,NT
Signed_Overflow_Error_3_NT_Loop15_TestCase13,NT
Signed_Overflow_Error_3_NT_Loop15_TestCase14,NT
Signed_Overflow_Error_3_NT_Loop15_TestCase15,NT
Signed_Overflow_Error_3_NT_Loop15_TestCase16,NT
Signed_Overflow_Error_3_NT_Loop15_TestCase17,NT
Signed_Overflow_Error_3_NT_Loop15_TestCase18,NT
Signed_Overflow_Error_3_NT_Loop15_TestCase19,NT
Signed_Overflow_Error_3_NT_Loop15_TestCase20,NT
Signed_Overflow_Error_3_NT_TestCase1_Loop15,T
Signed_Overflow_Error_3_NT_TestCase2_Loop15,T
Signed_Overflow_Error_3_NT_TestCase3_Loop15,T
Signed_Overflow_Error_3_NT_TestCase4_Loop15,T
Signed_Overflow_Error_3_NT_TestCase5_Loop15,T
Signed_Overflow_Error_3_NT_TestCase6_Loop15,T
Signed_Overflow_Error_3_NT_TestCase7_Loop15,T
Signed_Overflow_Error_3_NT_TestCase8_Loop15,T
Signed_Overflow_Error_3_NT_TestCase9_Loop15,T
Signed_Overflow_Error_3_NT_TestCase10_Loop15,T
Signed_Overflow_Error_3_NT_TestCase11_Loop15,NT
Signed_Overflow_Error_3_NT_TestCase12_Loop15,NT
Signed_Overflow_Error_3_NT_TestCase13_Loop15,NT
Signed_Overflow_Error_3_NT_TestCase14_Loop15,NT
Signed_Overflow_Error_3_NT_TestCase15_Loop15,NT
Signed_Overflow_Error_3_NT_TestCase16_Loop15,NT
Signed_Overflow_Error_3_NT_TestCase17_Loop15,NT
Signed_Overflow_Error_3_NT_TestCase18_Loop15,NT
Signed_Overflow_Error_3_NT_TestCase19_Loop15,NT
Signed_Overflow_Error_3_NT_TestCase20_Loop15,NT
Signed_Overflow_Error_3_T,T
Signed_Overflow_Error_3_T_Loop14,T
Signed_Overflow_Error_3_T_TestCase1,T
Signed_Overflow_Error_3_T_TestCase2,T
Signed_Overflow_Error_3_T_TestCase3,T
Signed_Overflow_Error_3_T_TestCase4,T
Signed_Overflow_Error_3_T_TestCase5,T
Signed_Overflow_Error_3_T_TestCase6,T
Signed_Overflow_Error_3_T_TestCase7,T
Signed_Overflow_Error_3_T_TestCase8,T
Signed_Overflow_Error_3_T_TestCase9,T
Signed_Overflow_Error_3_T_TestCase10,T
Signed_Overflow_Error_3_T_TestCase11,T
Signed_Overflow_Error_3_T_TestCase12,T
Signed_Overflow_Error_3_T_TestCase13,T
Signed_Overflow_Error_3_T_TestCase14,T
Signed_Overflow_Error_3_T_TestCase15,T
Signed_Overflow_Error_3_T_TestCase16,T
Signed_Overflow_Error_3_T_TestCase17,T
Signed_Overflow_Error_3_T_TestCase18,T
Signed_Overflow_Error_3_T_TestCase19,T
Signed_Overflow_Error_3_T_TestCase20,T
Signed_Overflow_Error_3_T_Loop14_TestCase1,T
Signed_Overflow_Error_3_T_Loop14_TestCase2,T
Signed_Overflow_Error_3_T_Loop14_TestCase3,T
Signed_Overflow_Error_3_T_Loop14_TestCase4,T
Signed_Overflow_Error_3_T_Loop14_TestCase5,T
Signed_Overflow_Error_3_T_Loop14_TestCase6,T
Signed_Overflow_Error_3_T_Loop14_TestCase7,T
Signed_Overflow_Error_3_T_Loop14_TestCase8,T
Signed_Overflow_Error_3_T_Loop14_TestCase9,T
Signed_Overflow_Error_3_T_Loop14_TestCase10,T
Signed_Overflow_Error_3_T_Loop14_TestCase11,T
Signed_Overflow_Error_3_T_Loop14_TestCase12,T
Signed_Overflow_Error_3_T_Loop14_TestCase13,T
Signed_Overflow_Error_3_T_Loop14_TestCase14,T
Signed_Overflow_Error_3_T_Loop14_TestCase15,T
Signed_Overflow_Error_3_T_Loop14_TestCase16,T
Signed_Overflow_Error_3_T_Loop14_TestCase17,T
Signed_Overflow_Error_3_T_Loop14_TestCase18,T
Signed_Overflow_Error_3_T_Loop14_TestCase19,T
Signed_Overflow_Error_3_T_Loop14_TestCase20,T
Signed_Overflow_Error_3_T_TestCase1_Loop14,T
Signed_Overflow_Error_3_T_TestCase2_Loop14,T
Signed_Overflow_Error_3_T_TestCase3_Loop14,T
Signed_Overflow_Error_3_T_TestCase4_Loop14,T
Signed_Overflow_Error_3_T_TestCase5_Loop14,T
Signed_Overflow_Error_3_T_TestCase6_Loop14,T
Signed_Overflow_Error_3_T_TestCase7_Loop14,T
Signed_Overflow_Error_3_T_TestCase8_Loop14,T
Signed_Overflow_Error_3_T_TestCase9_Loop14,T
Signed_Overflow_Error_3_T_TestCase10_Loop14,T
Signed_Overflow_Error_3_T_TestCase11_Loop14,T
Signed_Overflow_Error_3_T_TestCase12_Loop14,T
Signed_Overflow_Error_3_T_TestCase13_Loop14,T
Signed_Overflow_Error_3_T_TestCase14_Loop14,T
Signed_Overflow_Error_3_T_TestCase15_Loop14,T
Signed_Overflow_Error_3_T_TestCase16_Loop14,T
Signed_Overflow_Error_3_T_TestCase17_Loop14,T
Signed_Overflow_Error_3_T_TestCase18_Loop14,T
Signed_Overflow_Error_3_T_TestCase19_Loop14,T
Signed_Overflow_Error_3_T_TestCase20_Loop14,T
Type_Conversion_in_Assignment_1_NT,NT
Type_Conversion_in_Assignment_1_NT_Loop27,NT
Type_Conversion_in_Assignment_1_NT_TestCase1,T
Type_Conversion_in_Assignment_1_NT_TestCase2,T
Type_Conversion_in_Assignment_1_NT_TestCase3,T
Type_Conversion_in_Assignment_1_NT_TestCase4,T
Type_Conversion_in_Assignment_1_NT_TestCase5,T
Type_Conversion_in_Assignment_1_NT_TestCase6,T
Type_Conversion_in_Assignment_1_NT_TestCase7,T
Type_Conversion_in_Assignment_1_NT_TestCase8,T
Type_Conversion_in_Assignment_1_NT_TestCase9,T
Type_Conversion_in_Assignment_1_NT_TestCase10,T
Type_Conversion_in_Assignment_1_NT_TestCase11,NT
Type_Conversion_in_Assignment_1_NT_TestCase12,NT
Type_Conversion_in_Assignment_1_NT_TestCase13,NT
Type_Conversion_in_Assignment_1_NT_TestCase14,NT
Type_Conversion_in_Assignment_1_NT_TestCase15,NT
Type_Conversion_in_Assignment_1_NT_TestCase16,NT
Type_Conversion_in_Assignment_1_NT_TestCase17,NT
Type_Conversion_in_Assignment_1_NT_TestCase18,NT
Type_Conversion_in_Assignment_1_NT_TestCase19,NT
Type_Conversion_in_Assignment_1_NT_TestCase20,NT
Type_Conversion_in_Assignment_1_NT_Loop27_TestCase1,T
Type_Conversion_in_Assignment_1_NT_Loop27_TestCase2,T
Type_Conversion_in_Assignment_1_NT_Loop27_TestCase3,T
Type_Conversion_in_Assignment_1_NT_Loop27_TestCase4,T
Type_Conversion_in_Assignment_1_NT_Loop27_TestCase5,T
Type_Conversion_in_Assignment_1_NT_Loop27_TestCase6,T
Type_Conversion_in_Assignment_1_NT_Loop27_TestCase7,T
Type_Conversion_in_Assignment_1_NT_Loop27_TestCase8,T
Type_Conversion_in_Assignment_1_NT_Loop27_TestCase9,T
Type_Conversion_in_Assignment_1_NT_Loop27_TestCase10,T
Type_Conversion_in_Assignment_1_NT_Loop27_TestCase11,NT
Type_Conversion_in_Assignment_1_NT_Loop27_TestCase12,NT
Type_Conversion_in_Assignment_1_NT_Loop27_TestCase13,NT
Type_Conversion_in_Assignment_1_NT_Loop27_TestCase14,NT
Type_Conversion_in_Assignment_1_NT_Loop27_TestCase15,NT
Type_Conversion_in_Assignment_1_NT_Loop27_TestCase16,NT
Type_Conversion_in_Assignment_1_NT_Loop27_TestCase17,NT
Type_Conversion_in_Assignment_1_NT_Loop27_TestCase18,NT
Type_Conversion_in_Assignment_1_NT_Loop27_TestCase19,NT
Type_Conversion_in_Assignment_1_NT_Loop27_TestCase20,NT
Type_Conversion_in_Assignment_1_NT_TestCase1_Loop27,T
Type_Conversion_in_Assignment_1_NT_TestCase2_Loop27,T
Type_Conversion_in_Assignment_1_NT_TestCase3_Loop27,T
Type_Conversion_in_Assignment_1_NT_TestCase4_Loop27,T
Type_Conversion_in_Assignment_1_NT_TestCase5_Loop27,T
Type_Conversion_in_Assignment_1_NT_TestCase6_Loop27,T
Type_Conversion_in_Assignment_1_NT_TestCase7_Loop27,T
Type_Conversion_in_Assignment_1_NT_TestCase8_Loop27,T
Type_Conversion_in_Assignment_1_NT_TestCase9_Loop27,T
Type_Conversion_in_Assignment_1_NT_TestCase10_Loop27,T
Type_Conversion_in_Assignment_1_NT_TestCase11_Loop27,NT
Type_Conversion_in_Assignment_1_NT_TestCase12_Loop27,NT
Type_Conversion_in_Assignment_1_NT_TestCase13_Loop27,NT
Type_Conversion_in_Assignment_1_NT_TestCase14_Loop27,NT
Type_Conversion_in_Assignment_1_NT_TestCase15_Loop27,NT
Type_Conversion_in_Assignment_1_NT_TestCase16_Loop27,NT
Type_Conversion_in_Assignment_1_NT_TestCase17_Loop27,NT
Type_Conversion_in_Assignment_1_NT_TestCase18_Loop27,NT
Type_Conversion_in_Assignment_1_NT_TestCase19_Loop27,NT
Type_Conversion_in_Assignment_1_NT_TestCase20_Loop27,NT
Type_Conversion_in_Assignment_1_T,T
Type_Conversion_in_Assignment_1_T_Loop26,T
Type_Conversion_in_Assignment_1_T_TestCase1,T
Type_Conversion_in_Assignment_1_T_TestCase2,T
Type_Conversion_in_Assignment_1_T_TestCase3,T
Type_Conversion_in_Assignment_1_T_TestCase4,T
Type_Conversion_in_Assignment_1_T_TestCase5,T
Type_Conversion_in_Assignment_1_T_TestCase6,T
Type_Conversion_in_Assignment_1_T_TestCase7,T
Type_Conversion_in_Assignment_1_T_TestCase8,T
Type_Conversion_in_Assignment_1_T_TestCase9,T
Type_Conversion_in_Assignment_1_T_TestCase10,T
Type_Conversion_in_Assignment_1_T_TestCase11,T
Type_Conversion_in_Assignment_1_T_TestCase12,T
Type_Conversion_in_Assignment_1_T_TestCase13,T
Type_Conversion_in_Assignment_1_T_TestCase14,T
Type_Conversion_in_Assignment_1_T_TestCase15,T
Type_Conversion_in_Assignment_1_T_TestCase16,T
Type_Conversion_in_Assignment_1_T_TestCase17,T
Type_Conversion_in_Assignment_1_T_TestCase18,T
Type_Conversion_in_Assignment_1_T_TestCase19,T
Type_Conversion_in_Assignment_1_T_TestCase20,T
Type_Conversion_in_Assignment_1_T_Loop26_TestCase1,T
Type_Conversion_in_Assignment_1_T_Loop26_TestCase2,T
Type_Conversion_in_Assignment_1_T_Loop26_TestCase3,T
Type_Conversion_in_Assignment_1_T_Loop26_TestCase4,T
Type_Conversion_in_Assignment_1_T_Loop26_TestCase5,T
Type_Conversion_in_Assignment_1_T_Loop26_TestCase6,T
Type_Conversion_in_Assignment_1_T_Loop26_TestCase7,T
Type_Conversion_in_Assignment_1_T_Loop26_TestCase8,T
Type_Conversion_in_Assignment_1_T_Loop26_TestCase9,T
Type_Conversion_in_Assignment_1_T_Loop26_TestCase10,T
Type_Conversion_in_Assignment_1_T_Loop26_TestCase11,T
Type_Conversion_in_Assignment_1_T_Loop26_TestCase12,T
Type_Conversion_in_Assignment_1_T_Loop26_TestCase13,T
Type_Conversion_in_Assignment_1_T_Loop26_TestCase14,T
Type_Conversion_in_Assignment_1_T_Loop26_TestCase15,T
Type_Conversion_in_Assignment_1_T_Loop26_TestCase16,T
Type_Conversion_in_Assignment_1_T_Loop26_TestCase17,T
Type_Conversion_in_Assignment_1_T_Loop26_TestCase18,T
Type_Conversion_in_Assignment_1_T_Loop26_TestCase19,T
Type_Conversion_in_Assignment_1_T_Loop26_TestCase20,T
Type_Conversion_in_Assignment_1_T_TestCase1_Loop26,T
Type_Conversion_in_Assignment_1_T_TestCase2_Loop26,T
Type_Conversion_in_Assignment_1_T_TestCase3_Loop26,T
Type_Conversion_in_Assignment_1_T_TestCase4_Loop26,T
Type_Conversion_in_Assignment_1_T_TestCase5_Loop26,T
Type_Conversion_in_Assignment_1_T_TestCase6_Loop26,T
Type_Conversion_in_Assignment_1_T_TestCase7_Loop26,T
Type_Conversion_in_Assignment_1_T_TestCase8_Loop26,T
Type_Conversion_in_Assignment_1_T_TestCase9_Loop26,T
Type_Conversion_in_Assignment_1_T_TestCase10_Loop26,T
Type_Conversion_in_Assignment_1_T_TestCase11_Loop26,T
Type_Conversion_in_Assignment_1_T_TestCase12_Loop26,T
Type_Conversion_in_Assignment_1_T_TestCase13_Loop26,T
Type_Conversion_in_Assignment_1_T_TestCase14_Loop26,T
Type_Conversion_in_Assignment_1_T_TestCase15_Loop26,T
Type_Conversion_in_Assignment_1_T_TestCase16_Loop26,T
Type_Conversion_in_Assignment_1_T_TestCase17_Loop26,T
Type_Conversion_in_Assignment_1_T_TestCase18_Loop26,T
Type_Conversion_in_Assignment_1_T_TestCase19_Loop26,T
Type_Conversion_in_Assignment_1_T_TestCase20_Loop26,T
Type_Conversion_in_Comparison_1_NT,NT
Type_Conversion_in_Comparison_1_NT_Loop16,NT
Type_Conversion_in_Comparison_1_NT_TestCase1,T
Type_Conversion_in_Comparison_1_NT_TestCase2,T
Type_Conversion_in_Comparison_1_NT_TestCase3,T
Type_Conversion_in_Comparison_1_NT_TestCase4,T
Type_Conversion_in_Comparison_1_NT_TestCase5,T
Type_Conversion_in_Comparison_1_NT_TestCase6,T
Type_Conversion_in_Comparison_1_NT_TestCase7,T
Type_Conversion_in_Comparison_1_NT_TestCase8,T
Type_Conversion_in_Comparison_1_NT_TestCase9,T
Type_Conversion_in_Comparison_1_NT_TestCase10,T
Type_Conversion_in_Comparison_1_NT_TestCase11,NT
Type_Conversion_in_Comparison_1_NT_TestCase12,NT
Type_Conversion_in_Comparison_1_NT_TestCase13,NT
Type_Conversion_in_Comparison_1_NT_TestCase14,NT
Type_Conversion_in_Comparison_1_NT_TestCase15,NT
Type_Conversion_in_Comparison_1_NT_TestCase16,NT
Type_Conversion_in_Comparison_1_NT_TestCase17,NT
Type_Conversion_in_Comparison_1_NT_TestCase18,NT
Type_Conversion_in_Comparison_1_NT_TestCase19,NT
Type_Conversion_in_Comparison_1_NT_TestCase20,NT
Type_Conversion_in_Comparison_1_NT_Loop16_TestCase1,T
Type_Conversion_in_Comparison_1_NT_Loop16_TestCase2,T
Type_Conversion_in_Comparison_1_NT_Loop16_TestCase3,T
Type_Conversion_in_Comparison_1_NT_Loop16_TestCase4,T
Type_Conversion_in_Comparison_1_NT_Loop16_TestCase5,T
Type_Conversion_in_Comparison_1_NT_Loop16_TestCase6,T
Type_Conversion_in_Comparison_1_NT_Loop16_TestCase7,T
Type_Conversion_in_Comparison_1_NT_Loop16_TestCase8,T
Type_Conversion_in_Comparison_1_NT_Loop16_TestCase9,T
Type_Conversion_in_Comparison_1_NT_Loop16_TestCase10,T
Type_Conversion_in_Comparison_1_NT_Loop16_TestCase11,NT
Type_Conversion_in_Comparison_1_NT_Loop16_TestCase12,NT
Type_Conversion_in_Comparison_1_NT_Loop16_TestCase13,NT
Type_Conversion_in_Comparison_1_NT_Loop16_TestCase14,NT
Type_Conversion_in_Comparison_1_NT_Loop16_TestCase15,NT
Type_Conversion_in_Comparison_1_NT_Loop16_TestCase16,NT
Type_Conversion_in_Comparison_1_NT_Loop16_TestCase17,NT
Type_Conversion_in_Comparison_1_NT_Loop16_TestCase18,NT
Type_Conversion_in_Comparison_1_NT_Loop16_TestCase19,NT
Type_Conversion_in_Comparison_1_NT_Loop16_TestCase20,NT
Type_Conversion_in_Comparison_1_NT_TestCase1_Loop16,T
Type_Conversion_in_Comparison_1_NT_TestCase2_Loop16,T
Type_Conversion_in_Comparison_1_NT_TestCase3_Loop16,T
Type_Conversion_in_Comparison_1_NT_TestCase4_Loop16,T
Type_Conversion_in_Comparison_1_NT_TestCase5_Loop16,T
Type_Conversion_in_Comparison_1_NT_TestCase6_Loop16,T
Type_Conversion_in_Comparison_1_NT_TestCase7_Loop16,T
Type_Conversion_in_Comparison_1_NT_TestCase8_Loop16,T
Type_Conversion_in_Comparison_1_NT_TestCase9_Loop16,T
Type_Conversion_in_Comparison_1_NT_TestCase10_Loop16,T
Type_Conversion_in_Comparison_1_NT_TestCase11_Loop16,NT
Type_Conversion_in_Comparison_1_NT_TestCase12_Loop16,NT
Type_Conversion_in_Comparison_1_NT_TestCase13_Loop16,NT
Type_Conversion_in_Comparison_1_NT_TestCase14_Loop16,NT
Type_Conversion_in_Comparison_1_NT_TestCase15_Loop16,NT
Type_Conversion_in_Comparison_1_NT_TestCase16_Loop16,NT
Type_Conversion_in_Comparison_1_NT_TestCase17_Loop16,NT
Type_Conversion_in_Comparison_1_NT_TestCase18_Loop16,NT
Type_Conversion_in_Comparison_1_NT_TestCase19_Loop16,NT
Type_Conversion_in_Comparison_1_NT_TestCase20_Loop16,NT
Type_Conversion_in_Comparison_1_T,T
Type_Conversion_in_Comparison_1_T_Loop18,T
Type_Conversion_in_Comparison_1_T_TestCase1,T
Type_Conversion_in_Comparison_1_T_TestCase2,T
Type_Conversion_in_Comparison_1_T_TestCase3,T
Type_Conversion_in_Comparison_1_T_TestCase4,T
Type_Conversion_in_Comparison_1_T_TestCase5,T
Type_Conversion_in_Comparison_1_T_TestCase6,T
Type_Conversion_in_Comparison_1_T_TestCase7,T
Type_Conversion_in_Comparison_1_T_TestCase8,T
Type_Conversion_in_Comparison_1_T_TestCase9,T
Type_Conversion_in_Comparison_1_T_TestCase10,T
Type_Conversion_in_Comparison_1_T_TestCase11,T
Type_Conversion_in_Comparison_1_T_TestCase12,T
Type_Conversion_in_Comparison_1_T_TestCase13,T
Type_Conversion_in_Comparison_1_T_TestCase14,T
Type_Conversion_in_Comparison_1_T_TestCase15,T
Type_Conversion_in_Comparison_1_T_TestCase16,T
Type_Conversion_in_Comparison_1_T_TestCase17,T
Type_Conversion_in_Comparison_1_T_TestCase18,T
Type_Conversion_in_Comparison_1_T_TestCase19,T
Type_Conversion_in_Comparison_1_T_TestCase20,T
Type_Conversion_in_Comparison_1_T_Loop18_TestCase1,T
Type_Conversion_in_Comparison_1_T_Loop18_TestCase2,T
Type_Conversion_in_Comparison_1_T_Loop18_TestCase3,T
Type_Conversion_in_Comparison_1_T_Loop18_TestCase4,T
Type_Conversion_in_Comparison_1_T_Loop18_TestCase5,T
Type_Conversion_in_Comparison_1_T_Loop18_TestCase6,T
Type_Conversion_in_Comparison_1_T_Loop18_TestCase7,T
Type_Conversion_in_Comparison_1_T_Loop18_TestCase8,T
Type_Conversion_in_Comparison_1_T_Loop18_TestCase9,T
Type_Conversion_in_Comparison_1_T_Loop18_TestCase10,T
Type_Conversion_in_Comparison_1_T_Loop18_TestCase11,T
Type_Conversion_in_Comparison_1_T_Loop18_TestCase12,T
Type_Conversion_in_Comparison_1_T_Loop18_TestCase13,T
Type_Conversion_in_Comparison_1_T_Loop18_TestCase14,T
Type_Conversion_in_Comparison_1_T_Loop18_TestCase15,T
Type_Conversion_in_Comparison_1_T_Loop18_TestCase16,T
Type_Conversion_in_Comparison_1_T_Loop18_TestCase17,T
Type_Conversion_in_Comparison_1_T_Loop18_TestCase18,T
Type_Conversion_in_Comparison_1_T_Loop18_TestCase19,T
Type_Conversion_in_Comparison_1_T_Loop18_TestCase20,T
Type_Conversion_in_Comparison_1_T_TestCase1_Loop18,T
Type_Conversion_in_Comparison_1_T_TestCase2_Loop18,T
Type_Conversion_in_Comparison_1_T_TestCase3_Loop18,T
Type_Conversion_in_Comparison_1_T_TestCase4_Loop18,T
Type_Conversion_in_Comparison_1_T_TestCase5_Loop18,T
Type_Conversion_in_Comparison_1_T_TestCase6_Loop18,T
Type_Conversion_in_Comparison_1_T_TestCase7_Loop18,T
Type_Conversion_in_Comparison_1_T_TestCase8_Loop18,T
Type_Conversion_in_Comparison_1_T_TestCase9_Loop18,T
Type_Conversion_in_Comparison_1_T_TestCase10_Loop18,T
Type_Conversion_in_Comparison_1_T_TestCase11_Loop18,T
Type_Conversion_in_Comparison_1_T_TestCase12_Loop18,T
Type_Conversion_in_Comparison_1_T_TestCase13_Loop18,T
Type_Conversion_in_Comparison_1_T_TestCase14_Loop18,T
Type_Conversion_in_Comparison_1_T_TestCase15_Loop18,T
Type_Conversion_in_Comparison_1_T_TestCase16_Loop18,T
Type_Conversion_in_Comparison_1_T_TestCase17_Loop18,T
Type_Conversion_in_Comparison_1_T_TestCase18_Loop18,T
Type_Conversion_in_Comparison_1_T_TestCase19_Loop18,T
Type_Conversion_in_Comparison_1_T_TestCase20_Loop18,T
Type_Conversion_in_Comparison_2_NT,NT
Type_Conversion_in_Comparison_2_NT_Loop17,NT
Type_Conversion_in_Comparison_2_NT_TestCase1,T
Type_Conversion_in_Comparison_2_NT_TestCase2,T
Type_Conversion_in_Comparison_2_NT_TestCase3,T
Type_Conversion_in_Comparison_2_NT_TestCase4,T
Type_Conversion_in_Comparison_2_NT_TestCase5,T
Type_Conversion_in_Comparison_2_NT_TestCase6,T
Type_Conversion_in_Comparison_2_NT_TestCase7,T
Type_Conversion_in_Comparison_2_NT_TestCase8,T
Type_Conversion_in_Comparison_2_NT_TestCase9,T
Type_Conversion_in_Comparison_2_NT_TestCase10,T
Type_Conversion_in_Comparison_2_NT_TestCase11,NT
Type_Conversion_in_Comparison_2_NT_TestCase12,NT
Type_Conversion_in_Comparison_2_NT_TestCase13,NT
Type_Conversion_in_Comparison_2_NT_TestCase14,NT
Type_Conversion_in_Comparison_2_NT_TestCase15,NT
Type_Conversion_in_Comparison_2_NT_TestCase16,NT
Type_Conversion_in_Comparison_2_NT_TestCase17,NT
Type_Conversion_in_Comparison_2_NT_TestCase18,NT
Type_Conversion_in_Comparison_2_NT_TestCase19,NT
Type_Conversion_in_Comparison_2_NT_TestCase20,NT
Type_Conversion_in_Comparison_2_NT_Loop17_TestCase1,T
Type_Conversion_in_Comparison_2_NT_Loop17_TestCase2,T
Type_Conversion_in_Comparison_2_NT_Loop17_TestCase3,T
Type_Conversion_in_Comparison_2_NT_Loop17_TestCase4,T
Type_Conversion_in_Comparison_2_NT_Loop17_TestCase5,T
Type_Conversion_in_Comparison_2_NT_Loop17_TestCase6,T
Type_Conversion_in_Comparison_2_NT_Loop17_TestCase7,T
Type_Conversion_in_Comparison_2_NT_Loop17_TestCase8,T
Type_Conversion_in_Comparison_2_NT_Loop17_TestCase9,T
Type_Conversion_in_Comparison_2_NT_Loop17_TestCase10,T
Type_Conversion_in_Comparison_2_NT_Loop17_TestCase11,NT
Type_Conversion_in_Comparison_2_NT_Loop17_TestCase12,NT
Type_Conversion_in_Comparison_2_NT_Loop17_TestCase13,NT
Type_Conversion_in_Comparison_2_NT_Loop17_TestCase14,NT
Type_Conversion_in_Comparison_2_NT_Loop17_TestCase15,NT
Type_Conversion_in_Comparison_2_NT_Loop17_TestCase16,NT
Type_Conversion_in_Comparison_2_NT_Loop17_TestCase17,NT
Type_Conversion_in_Comparison_2_NT_Loop17_TestCase18,NT
Type_Conversion_in_Comparison_2_NT_Loop17_TestCase19,NT
Type_Conversion_in_Comparison_2_NT_Loop17_TestCase20,NT
Type_Conversion_in_Comparison_2_NT_TestCase1_Loop17,T
Type_Conversion_in_Comparison_2_NT_TestCase2_Loop17,T
Type_Conversion_in_Comparison_2_NT_TestCase3_Loop17,T
Type_Conversion_in_Comparison_2_NT_TestCase4_Loop17,T
Type_Conversion_in_Comparison_2_NT_TestCase5_Loop17,T
Type_Conversion_in_Comparison_2_NT_TestCase6_Loop17,T
Type_Conversion_in_Comparison_2_NT_TestCase7_Loop17,T
Type_Conversion_in_Comparison_2_NT_TestCase8_Loop17,T
Type_Conversion_in_Comparison_2_NT_TestCase9_Loop17,T
Type_Conversion_in_Comparison_2_NT_TestCase10_Loop17,T
Type_Conversion_in_Comparison_2_NT_TestCase11_Loop17,NT
Type_Conversion_in_Comparison_2_NT_TestCase12_Loop17,NT
Type_Conversion_in_Comparison_2_NT_TestCase13_Loop17,NT
Type_Conversion_in_Comparison_2_NT_TestCase14_Loop17,NT
Type_Conversion_in_Comparison_2_NT_TestCase15_Loop17,NT
Type_Conversion_in_Comparison_2_NT_TestCase16_Loop17,NT
Type_Conversion_in_Comparison_2_NT_TestCase17_Loop17,NT
Type_Conversion_in_Comparison_2_NT_TestCase18_Loop17,NT
Type_Conversion_in_Comparison_2_NT_TestCase19_Loop17,NT
Type_Conversion_in_Comparison_2_NT_TestCase20_Loop17,NT
Type_Conversion_in_Comparison_2_T,T
Type_Conversion_in_Comparison_2_T_Loop16,T
Type_Conversion_in_Comparison_2_T_TestCase1,T
Type_Conversion_in_Comparison_2_T_TestCase2,T
Type_Conversion_in_Comparison_2_T_TestCase3,T
Type_Conversion_in_Comparison_2_T_TestCase4,T
Type_Conversion_in_Comparison_2_T_TestCase5,T
Type_Conversion_in_Comparison_2_T_TestCase6,T
Type_Conversion_in_Comparison_2_T_TestCase7,T
Type_Conversion_in_Comparison_2_T_TestCase8,T
Type_Conversion_in_Comparison_2_T_TestCase9,T
Type_Conversion_in_Comparison_2_T_TestCase10,T
Type_Conversion_in_Comparison_2_T_TestCase11,T
Type_Conversion_in_Comparison_2_T_TestCase12,T
Type_Conversion_in_Comparison_2_T_TestCase13,T
Type_Conversion_in_Comparison_2_T_TestCase14,T
Type_Conversion_in_Comparison_2_T_TestCase15,T
Type_Conversion_in_Comparison_2_T_TestCase16,T
Type_Conversion_in_Comparison_2_T_TestCase17,T
Type_Conversion_in_Comparison_2_T_TestCase18,T
Type_Conversion_in_Comparison_2_T_TestCase19,T
Type_Conversion_in_Comparison_2_T_TestCase20,T
Type_Conversion_in_Comparison_2_T_Loop16_TestCase1,T
Type_Conversion_in_Comparison_2_T_Loop16_TestCase2,T
Type_Conversion_in_Comparison_2_T_Loop16_TestCase3,T
Type_Conversion_in_Comparison_2_T_Loop16_TestCase4,T
Type_Conversion_in_Comparison_2_T_Loop16_TestCase5,T
Type_Conversion_in_Comparison_2_T_Loop16_TestCase6,T
Type_Conversion_in_Comparison_2_T_Loop16_TestCase7,T
Type_Conversion_in_Comparison_2_T_Loop16_TestCase8,T
Type_Conversion_in_Comparison_2_T_Loop16_TestCase9,T
Type_Conversion_in_Comparison_2_T_Loop16_TestCase10,T
Type_Conversion_in_Comparison_2_T_Loop16_TestCase11,T
Type_Conversion_in_Comparison_2_T_Loop16_TestCase12,T
Type_Conversion_in_Comparison_2_T_Loop16_TestCase13,T
Type_Conversion_in_Comparison_2_T_Loop16_TestCase14,T
Type_Conversion_in_Comparison_2_T_Loop16_TestCase15,T
Type_Conversion_in_Comparison_2_T_Loop16_TestCase16,T
Type_Conversion_in_Comparison_2_T_Loop16_TestCase17,T
Type_Conversion_in_Comparison_2_T_Loop16_TestCase18,T
Type_Conversion_in_Comparison_2_T_Loop16_TestCase19,T
Type_Conversion_in_Comparison_2_T_Loop16_TestCase20,T
Type_Conversion_in_Comparison_2_T_TestCase1_Loop16,T
Type_Conversion_in_Comparison_2_T_TestCase2_Loop16,T
Type_Conversion_in_Comparison_2_T_TestCase3_Loop16,T
Type_Conversion_in_Comparison_2_T_TestCase4_Loop16,T
Type_Conversion_in_Comparison_2_T_TestCase5_Loop16,T
Type_Conversion_in_Comparison_2_T_TestCase6_Loop16,T
Type_Conversion_in_Comparison_2_T_TestCase7_Loop16,T
Type_Conversion_in_Comparison_2_T_TestCase8_Loop16,T
Type_Conversion_in_Comparison_2_T_TestCase9_Loop16,T
Type_Conversion_in_Comparison_2_T_TestCase10_Loop16,T
Type_Conversion_in_Comparison_2_T_TestCase11_Loop16,T
Type_Conversion_in_Comparison_2_T_TestCase12_Loop16,T
Type_Conversion_in_Comparison_2_T_TestCase13_Loop16,T
Type_Conversion_in_Comparison_2_T_TestCase14_Loop16,T
Type_Conversion_in_Comparison_2_T_TestCase15_Loop16,T
Type_Conversion_in_Comparison_2_T_TestCase16_Loop16,T
Type_Conversion_in_Comparison_2_T_TestCase17_Loop16,T
Type_Conversion_in_Comparison_2_T_TestCase18_Loop16,T
Type_Conversion_in_Comparison_2_T_TestCase19_Loop16,T
Type_Conversion_in_Comparison_2_T_TestCase20_Loop16,T
Undefined_Behavior_1,T
Undefined_Behavior_1_Loop14,T
Undefined_Behavior_1_TestCase1,T
Undefined_Behavior_1_TestCase2,T
Undefined_Behavior_1_TestCase3,T
Undefined_Behavior_1_TestCase4,T
Undefined_Behavior_1_TestCase5,T
Undefined_Behavior_1_TestCase6,T
Undefined_Behavior_1_TestCase7,T
Undefined_Behavior_1_TestCase8,T
Undefined_Behavior_1_TestCase9,T
Undefined_Behavior_1_TestCase10,T
Undefined_Behavior_1_TestCase11,T
Undefined_Behavior_1_TestCase12,T
Undefined_Behavior_1_TestCase13,T
Undefined_Behavior_1_TestCase14,T
Undefined_Behavior_1_TestCase15,T
Undefined_Behavior_1_TestCase16,T
Undefined_Behavior_1_TestCase17,T
Undefined_Behavior_1_TestCase18,T
Undefined_Behavior_1_TestCase19,T
Undefined_Behavior_1_TestCase20,T
Undefined_Behavior_1_Loop14_TestCase1,T
Undefined_Behavior_1_Loop14_TestCase2,T
Undefined_Behavior_1_Loop14_TestCase3,T
Undefined_Behavior_1_Loop14_TestCase4,T
Undefined_Behavior_1_Loop14_TestCase5,T
Undefined_Behavior_1_Loop14_TestCase6,T
Undefined_Behavior_1_Loop14_TestCase7,T
Undefined_Behavior_1_Loop14_TestCase8,T
Undefined_Behavior_1_Loop14_TestCase9,T
Undefined_Behavior_1_Loop14_TestCase10,T
Undefined_Behavior_1_Loop14_TestCase11,T
Undefined_Behavior_1_Loop14_TestCase12,T
Undefined_Behavior_1_Loop14_TestCase13,T
Undefined_Behavior_1_Loop14_TestCase14,T
Undefined_Behavior_1_Loop14_TestCase15,T
Undefined_Behavior_1_Loop14_TestCase16,T
Undefined_Behavior_1_Loop14_TestCase17,T
Undefined_Behavior_1_Loop14_TestCase18,T
Undefined_Behavior_1_Loop14_TestCase19,T
Undefined_Behavior_1_Loop14_TestCase20,T
Undefined_Behavior_1_TestCase1_Loop14,T
Undefined_Behavior_1_TestCase2_Loop14,T
Undefined_Behavior_1_TestCase3_Loop14,T
Undefined_Behavior_1_TestCase4_Loop14,T
Undefined_Behavior_1_TestCase5_Loop14,T
Undefined_Behavior_1_TestCase6_Loop14,T
Undefined_Behavior_1_TestCase7_Loop14,T
Undefined_Behavior_1_TestCase8_Loop14,T
Undefined_Behavior_1_TestCase9_Loop14,T
Undefined_Behavior_1_TestCase10_Loop14,T
Undefined_Behavior_1_TestCase11_Loop14,T
Undefined_Behavior_1_TestCase12_Loop14,T
Undefined_Behavior_1_TestCase13_Loop14,T
Undefined_Behavior_1_TestCase14_Loop14,T
Undefined_Behavior_1_TestCase15_Loop14,T
Undefined_Behavior_1_TestCase16_Loop14,T
Undefined_Behavior_1_TestCase17_Loop14,T
Undefined_Behavior_1_TestCase18_Loop14,T
Undefined_Behavior_1_TestCase19_Loop14,T
Undefined_Behavior_1_TestCase20_Loop14,T
Undefined_Behavior_1_T,T
Undefined_Behavior_1_T_Loop15,T
Undefined_Behavior_1_T_TestCase1,T
Undefined_Behavior_1_T_TestCase2,T
Undefined_Behavior_1_T_TestCase3,T
Undefined_Behavior_1_T_TestCase4,T
Undefined_Behavior_1_T_TestCase5,T
Undefined_Behavior_1_T_TestCase6,T
Undefined_Behavior_1_T_TestCase7,T
Undefined_Behavior_1_T_TestCase8,T
Undefined_Behavior_1_T_TestCase9,T
Undefined_Behavior_1_T_TestCase10,T
Undefined_Behavior_1_T_TestCase11,T
Undefined_Behavior_1_T_TestCase12,T
Undefined_Behavior_1_T_TestCase13,T
Undefined_Behavior_1_T_TestCase14,T
Undefined_Behavior_1_T_TestCase15,T
Undefined_Behavior_1_T_TestCase16,T
Undefined_Behavior_1_T_TestCase17,T
Undefined_Behavior_1_T_TestCase18,T
Undefined_Behavior_1_T_TestCase19,T
Undefined_Behavior_1_T_TestCase20,T
Undefined_Behavior_1_T_Loop15_TestCase1,T
Undefined_Behavior_1_T_Loop15_TestCase2,T
Undefined_Behavior_1_T_Loop15_TestCase3,T
Undefined_Behavior_1_T_Loop15_TestCase4,T
Undefined_Behavior_1_T_Loop15_TestCase5,T
Undefined_Behavior_1_T_Loop15_TestCase6,T
Undefined_Behavior_1_T_Loop15_TestCase7,T
Undefined_Behavior_1_T_Loop15_TestCase8,T
Undefined_Behavior_1_T_Loop15_TestCase9,T
Undefined_Behavior_1_T_Loop15_TestCase10,T
Undefined_Behavior_1_T_Loop15_TestCase11,T
Undefined_Behavior_1_T_Loop15_TestCase12,T
Undefined_Behavior_1_T_Loop15_TestCase13,T
Undefined_Behavior_1_T_Loop15_TestCase14,T
Undefined_Behavior_1_T_Loop15_TestCase15,T
Undefined_Behavior_1_T_Loop15_TestCase16,T
Undefined_Behavior_1_T_Loop15_TestCase17,T
Undefined_Behavior_1_T_Loop15_TestCase18,T
Undefined_Behavior_1_T_Loop15_TestCase19,T
Undefined_Behavior_1_T_Loop15_TestCase20,T
Undefined_Behavior_1_T_TestCase1_Loop15,T
Undefined_Behavior_1_T_TestCase2_Loop15,T
Undefined_Behavior_1_T_TestCase3_Loop15,T
Undefined_Behavior_1_T_TestCase4_Loop15,T
Undefined_Behavior_1_T_TestCase5_Loop15,T
Undefined_Behavior_1_T_TestCase6_Loop15,T
Undefined_Behavior_1_T_TestCase7_Loop15,T
Undefined_Behavior_1_T_TestCase8_Loop15,T
Undefined_Behavior_1_T_TestCase9_Loop15,T
Undefined_Behavior_1_T_TestCase10_Loop15,T
Undefined_Behavior_1_T_TestCase11_Loop15,T
Undefined_Behavior_1_T_TestCase12_Loop15,T
Undefined_Behavior_1_T_TestCase13_Loop15,T
Undefined_Behavior_1_T_TestCase14_Loop15,T
Undefined_Behavior_1_T_TestCase15_Loop15,T
Undefined_Behavior_1_T_TestCase16_Loop15,T
Undefined_Behavior_1_T_TestCase17_Loop15,T
Undefined_Behavior_1_T_TestCase18_Loop15,T
Undefined_Behavior_1_T_TestCase19_Loop15,T
Undefined_Behavior_1_T_TestCase20_Loop15,T
Undefined_Behavior_2,T
Undefined_Behavior_2_Loop13,T
Undefined_Behavior_2_Loop24,T
Undefined_Behavior_2_TestCase1,T
Undefined_Behavior_2_TestCase2,T
Undefined_Behavior_2_TestCase3,T
Undefined_Behavior_2_TestCase4,T
Undefined_Behavior_2_TestCase5,T
Undefined_Behavior_2_TestCase6,T
Undefined_Behavior_2_TestCase7,T
Undefined_Behavior_2_TestCase8,T
Undefined_Behavior_2_TestCase9,T
Undefined_Behavior_2_TestCase10,T
Undefined_Behavior_2_TestCase11,T
Undefined_Behavior_2_TestCase12,T
Undefined_Behavior_2_TestCase13,T
Undefined_Behavior_2_TestCase14,T
Undefined_Behavior_2_TestCase15,T
Undefined_Behavior_2_TestCase16,T
Undefined_Behavior_2_TestCase17,T
Undefined_Behavior_2_TestCase18,T
Undefined_Behavior_2_TestCase19,T
Undefined_Behavior_2_TestCase20,T
Undefined_Behavior_2_Loop13_TestCase1,T
Undefined_Behavior_2_Loop13_TestCase2,T
Undefined_Behavior_2_Loop13_TestCase3,T
Undefined_Behavior_2_Loop13_TestCase4,T
Undefined_Behavior_2_Loop13_TestCase5,T
Undefined_Behavior_2_Loop13_TestCase6,T
Undefined_Behavior_2_Loop13_TestCase7,T
Undefined_Behavior_2_Loop13_TestCase8,T
Undefined_Behavior_2_Loop13_TestCase9,T
Undefined_Behavior_2_Loop13_TestCase10,T
Undefined_Behavior_2_Loop13_TestCase11,T
Undefined_Behavior_2_Loop13_TestCase12,T
Undefined_Behavior_2_Loop13_TestCase13,T
Undefined_Behavior_2_Loop13_TestCase14,T
Undefined_Behavior_2_Loop13_TestCase15,T
Undefined_Behavior_2_Loop13_TestCase16,T
Undefined_Behavior_2_Loop13_TestCase17,T
Undefined_Behavior_2_Loop13_TestCase18,T
Undefined_Behavior_2_Loop13_TestCase19,T
Undefined_Behavior_2_Loop13_TestCase20,T
Undefined_Behavior_2_Loop24_TestCase1,T
Undefined_Behavior_2_Loop24_TestCase2,T
Undefined_Behavior_2_Loop24_TestCase3,T
Undefined_Behavior_2_Loop24_TestCase4,T
Undefined_Behavior_2_Loop24_TestCase5,T
Undefined_Behavior_2_Loop24_TestCase6,T
Undefined_Behavior_2_Loop24_TestCase7,T
Undefined_Behavior_2_Loop24_TestCase8,T
Undefined_Behavior_2_Loop24_TestCase9,T
Undefined_Behavior_2_Loop24_TestCase10,T
Undefined_Behavior_2_Loop24_TestCase11,T
Undefined_Behavior_2_Loop24_TestCase12,T
Undefined_Behavior_2_Loop24_TestCase13,T
Undefined_Behavior_2_Loop24_TestCase14,T
Undefined_Behavior_2_Loop24_TestCase15,T
Undefined_Behavior_2_Loop24_TestCase16,T
Undefined_Behavior_2_Loop24_TestCase17,T
Undefined_Behavior_2_Loop24_TestCase18,T
Undefined_Behavior_2_Loop24_TestCase19,T
Undefined_Behavior_2_Loop24_TestCase20,T
Undefined_Behavior_2_TestCase1_Loop13,T
Undefined_Behavior_2_TestCase2_Loop13,T
Undefined_Behavior_2_TestCase3_Loop13,T
Undefined_Behavior_2_TestCase4_Loop13,T
Undefined_Behavior_2_TestCase5_Loop13,T
Undefined_Behavior_2_TestCase6_Loop13,T
Undefined_Behavior_2_TestCase7_Loop13,T
Undefined_Behavior_2_TestCase8_Loop13,T
Undefined_Behavior_2_TestCase9_Loop13,T
Undefined_Behavior_2_TestCase10_Loop13,T
Undefined_Behavior_2_TestCase11_Loop13,T
Undefined_Behavior_2_TestCase12_Loop13,T
Undefined_Behavior_2_TestCase13_Loop13,T
Undefined_Behavior_2_TestCase14_Loop13,T
Undefined_Behavior_2_TestCase15_Loop13,T
Undefined_Behavior_2_TestCase16_Loop13,T
Undefined_Behavior_2_TestCase17_Loop13,T
Undefined_Behavior_2_TestCase18_Loop13,T
Undefined_Behavior_2_TestCase19_Loop13,T
Undefined_Behavior_2_TestCase20_Loop13,T
Undefined_Behavior_2_TestCase1_Loop24,T
Undefined_Behavior_2_TestCase2_Loop24,T
Undefined_Behavior_2_TestCase3_Loop24,T
Undefined_Behavior_2_TestCase4_Loop24,T
Undefined_Behavior_2_TestCase5_Loop24,T
Undefined_Behavior_2_TestCase6_Loop24,T
Undefined_Behavior_2_TestCase7_Loop24,T
Undefined_Behavior_2_TestCase8_Loop24,T
Undefined_Behavior_2_TestCase9_Loop24,T
Undefined_Behavior_2_TestCase10_Loop24,T
Undefined_Behavior_2_TestCase11_Loop24,T
Undefined_Behavior_2_TestCase12_Loop24,T
Undefined_Behavior_2_TestCase13_Loop24,T
Undefined_Behavior_2_TestCase14_Loop24,T
Undefined_Behavior_2_TestCase15_Loop24,T
Undefined_Behavior_2_TestCase16_Loop24,T
Undefined_Behavior_2_TestCase17_Loop24,T
Undefined_Behavior_2_TestCase18_Loop24,T
Undefined_Behavior_2_TestCase19_Loop24,T
Undefined_Behavior_2_TestCase20_Loop24,T
Undefined_Behavior_2_T,T
Undefined_Behavior_2_T_Loop14,T
Undefined_Behavior_2_T_Loop25,T
Undefined_Behavior_2_T_TestCase1,T
Undefined_Behavior_2_T_TestCase2,T
Undefined_Behavior_2_T_TestCase3,T
Undefined_Behavior_2_T_TestCase4,T
Undefined_Behavior_2_T_TestCase5,T
Undefined_Behavior_2_T_TestCase6,T
Undefined_Behavior_2_T_TestCase7,T
Undefined_Behavior_2_T_TestCase8,T
Undefined_Behavior_2_T_TestCase9,T
Undefined_Behavior_2_T_TestCase10,T
Undefined_Behavior_2_T_TestCase11,T
Undefined_Behavior_2_T_TestCase12,T
Undefined_Behavior_2_T_TestCase13,T
Undefined_Behavior_2_T_TestCase14,T
Undefined_Behavior_2_T_TestCase15,T
Undefined_Behavior_2_T_TestCase16,T
Undefined_Behavior_2_T_TestCase17,T
Undefined_Behavior_2_T_TestCase18,T
Undefined_Behavior_2_T_TestCase19,T
Undefined_Behavior_2_T_TestCase20,T
Undefined_Behavior_2_T_Loop14_TestCase1,T
Undefined_Behavior_2_T_Loop14_TestCase2,T
Undefined_Behavior_2_T_Loop14_TestCase3,T
Undefined_Behavior_2_T_Loop14_TestCase4,T
Undefined_Behavior_2_T_Loop14_TestCase5,T
Undefined_Behavior_2_T_Loop14_TestCase6,T
Undefined_Behavior_2_T_Loop14_TestCase7,T
Undefined_Behavior_2_T_Loop14_TestCase8,T
Undefined_Behavior_2_T_Loop14_TestCase9,T
Undefined_Behavior_2_T_Loop14_TestCase10,T
Undefined_Behavior_2_T_Loop14_TestCase11,T
Undefined_Behavior_2_T_Loop14_TestCase12,T
Undefined_Behavior_2_T_Loop14_TestCase13,T
Undefined_Behavior_2_T_Loop14_TestCase14,T
Undefined_Behavior_2_T_Loop14_TestCase15,T
Undefined_Behavior_2_T_Loop14_TestCase16,T
Undefined_Behavior_2_T_Loop14_TestCase17,T
Undefined_Behavior_2_T_Loop14_TestCase18,T
Undefined_Behavior_2_T_Loop14_TestCase19,T
Undefined_Behavior_2_T_Loop14_TestCase20,T
Undefined_Behavior_2_T_Loop25_TestCase1,T
Undefined_Behavior_2_T_Loop25_TestCase2,T
Undefined_Behavior_2_T_Loop25_TestCase3,T
Undefined_Behavior_2_T_Loop25_TestCase4,T
Undefined_Behavior_2_T_Loop25_TestCase5,T
Undefined_Behavior_2_T_Loop25_TestCase6,T
Undefined_Behavior_2_T_Loop25_TestCase7,T
Undefined_Behavior_2_T_Loop25_TestCase8,T
Undefined_Behavior_2_T_Loop25_TestCase9,T
Undefined_Behavior_2_T_Loop25_TestCase10,T
Undefined_Behavior_2_T_Loop25_TestCase11,T
Undefined_Behavior_2_T_Loop25_TestCase12,T
Undefined_Behavior_2_T_Loop25_TestCase13,T
Undefined_Behavior_2_T_Loop25_TestCase14,T
Undefined_Behavior_2_T_Loop25_TestCase15,T
Undefined_Behavior_2_T_Loop25_TestCase16,T
Undefined_Behavior_2_T_Loop25_TestCase17,T
Undefined_Behavior_2_T_Loop25_TestCase18,T
Undefined_Behavior_2_T_Loop25_TestCase19,T
Undefined_Behavior_2_T_Loop25_TestCase20,T
Undefined_Behavior_2_T_TestCase1_Loop14,T
Undefined_Behavior_2_T_TestCase2_Loop14,T
Undefined_Behavior_2_T_TestCase3_Loop14,T
Undefined_Behavior_2_T_TestCase4_Loop14,T
Undefined_Behavior_2_T_TestCase5_Loop14,T
Undefined_Behavior_2_T_TestCase6_Loop14,T
Undefined_Behavior_2_T_TestCase7_Loop14,T
Undefined_Behavior_2_T_TestCase8_Loop14,T
Undefined_Behavior_2_T_TestCase9_Loop14,T
Undefined_Behavior_2_T_TestCase10_Loop14,T
Undefined_Behavior_2_T_TestCase11_Loop14,T
Undefined_Behavior_2_T_TestCase12_Loop14,T
Undefined_Behavior_2_T_TestCase13_Loop14,T
Undefined_Behavior_2_T_TestCase14_Loop14,T
Undefined_Behavior_2_T_TestCase15_Loop14,T
Undefined_Behavior_2_T_TestCase16_Loop14,T
Undefined_Behavior_2_T_TestCase17_Loop14,T
Undefined_Behavior_2_T_TestCase18_Loop14,T
Undefined_Behavior_2_T_TestCase19_Loop14,T
Undefined_Behavior_2_T_TestCase20_Loop14,T
Undefined_Behavior_2_T_TestCase1_Loop25,T
Undefined_Behavior_2_T_TestCase2_Loop25,T
Undefined_Behavior_2_T_TestCase3_Loop25,T
Undefined_Behavior_2_T_TestCase4_Loop25,T
Undefined_Behavior_2_T_TestCase5_Loop25,T
Undefined_Behavior_2_T_TestCase6_Loop25,T
Undefined_Behavior_2_T_TestCase7_Loop25,T
Undefined_Behavior_2_T_TestCase8_Loop25,T
Undefined_Behavior_2_T_TestCase9_Loop25,T
Undefined_Behavior_2_T_TestCase10_Loop25,T
Undefined_Behavior_2_T_TestCase11_Loop25,T
Undefined_Behavior_2_T_TestCase12_Loop25,T
Undefined_Behavior_2_T_TestCase13_Loop25,T
Undefined_Behavior_2_T_TestCase14_Loop25,T
Undefined_Behavior_2_T_TestCase15_Loop25,T
Undefined_Behavior_2_T_TestCase16_Loop25,T
Undefined_Behavior_2_T_TestCase17_Loop25,T
Undefined_Behavior_2_T_TestCase18_Loop25,T
Undefined_Behavior_2_T_TestCase19_Loop25,T
Undefined_Behavior_2_T_TestCase20_Loop25,T
Undefined_Behavior_3,T
Undefined_Behavior_3_Loop15,T
Undefined_Behavior_3_TestCase1,T
Undefined_Behavior_3_TestCase2,T
Undefined_Behavior_3_TestCase3,T
Undefined_Behavior_3_TestCase4,T
Undefined_Behavior_3_TestCase5,T
Undefined_Behavior_3_TestCase6,T
Undefined_Behavior_3_TestCase7,T
Undefined_Behavior_3_TestCase8,T
Undefined_Behavior_3_TestCase9,T
Undefined_Behavior_3_TestCase10,T
Undefined_Behavior_3_TestCase11,T
Undefined_Behavior_3_TestCase12,T
Undefined_Behavior_3_TestCase13,T
Undefined_Behavior_3_TestCase14,T
Undefined_Behavior_3_TestCase15,T
Undefined_Behavior_3_TestCase16,T
Undefined_Behavior_3_TestCase17,T
Undefined_Behavior_3_TestCase18,T
Undefined_Behavior_3_TestCase19,T
Undefined_Behavior_3_TestCase20,T
Undefined_Behavior_3_Loop15_TestCase1,T
Undefined_Behavior_3_Loop15_TestCase2,T
Undefined_Behavior_3_Loop15_TestCase3,T
Undefined_Behavior_3_Loop15_TestCase4,T
Undefined_Behavior_3_Loop15_TestCase5,T
Undefined_Behavior_3_Loop15_TestCase6,T
Undefined_Behavior_3_Loop15_TestCase7,T
Undefined_Behavior_3_Loop15_TestCase8,T
Undefined_Behavior_3_Loop15_TestCase9,T
Undefined_Behavior_3_Loop15_TestCase10,T
Undefined_Behavior_3_Loop15_TestCase11,T
Undefined_Behavior_3_Loop15_TestCase12,T
Undefined_Behavior_3_Loop15_TestCase13,T
Undefined_Behavior_3_Loop15_TestCase14,T
Undefined_Behavior_3_Loop15_TestCase15,T
Undefined_Behavior_3_Loop15_TestCase16,T
Undefined_Behavior_3_Loop15_TestCase17,T
Undefined_Behavior_3_Loop15_TestCase18,T
Undefined_Behavior_3_Loop15_TestCase19,T
Undefined_Behavior_3_Loop15_TestCase20,T
Undefined_Behavior_3_TestCase1_Loop15,T
Undefined_Behavior_3_TestCase2_Loop15,T
Undefined_Behavior_3_TestCase3_Loop15,T
Undefined_Behavior_3_TestCase4_Loop15,T
Undefined_Behavior_3_TestCase5_Loop15,T
Undefined_Behavior_3_TestCase6_Loop15,T
Undefined_Behavior_3_TestCase7_Loop15,T
Undefined_Behavior_3_TestCase8_Loop15,T
Undefined_Behavior_3_TestCase9_Loop15,T
Undefined_Behavior_3_TestCase10_Loop15,T
Undefined_Behavior_3_TestCase11_Loop15,T
Undefined_Behavior_3_TestCase12_Loop15,T
Undefined_Behavior_3_TestCase13_Loop15,T
Undefined_Behavior_3_TestCase14_Loop15,T
Undefined_Behavior_3_TestCase15_Loop15,T
Undefined_Behavior_3_TestCase16_Loop15,T
Undefined_Behavior_3_TestCase17_Loop15,T
Undefined_Behavior_3_TestCase18_Loop15,T
Undefined_Behavior_3_TestCase19_Loop15,T
Undefined_Behavior_3_TestCase20_Loop15,T
Undefined_Behavior_3_T,T
Undefined_Behavior_3_T_Loop15,T
Undefined_Behavior_3_T_TestCase1,T
Undefined_Behavior_3_T_TestCase2,T
Undefined_Behavior_3_T_TestCase3,T
Undefined_Behavior_3_T_TestCase4,T
Undefined_Behavior_3_T_TestCase5,T
Undefined_Behavior_3_T_TestCase6,T
Undefined_Behavior_3_T_TestCase7,T
Undefined_Behavior_3_T_TestCase8,T
Undefined_Behavior_3_T_TestCase9,T
Undefined_Behavior_3_T_TestCase10,T
Undefined_Behavior_3_T_TestCase11,T
Undefined_Behavior_3_T_TestCase12,T
Undefined_Behavior_3_T_TestCase13,T
Undefined_Behavior_3_T_TestCase14,T
Undefined_Behavior_3_T_TestCase15,T
Undefined_Behavior_3_T_TestCase16,T
Undefined_Behavior_3_T_TestCase17,T
Undefined_Behavior_3_T_TestCase18,T
Undefined_Behavior_3_T_TestCase19,T
Undefined_Behavior_3_T_TestCase20,T
Undefined_Behavior_3_T_Loop15_TestCase1,T
Undefined_Behavior_3_T_Loop15_TestCase2,T
Undefined_Behavior_3_T_Loop15_TestCase3,T
Undefined_Behavior_3_T_Loop15_TestCase4,T
Undefined_Behavior_3_T_Loop15_TestCase5,T
Undefined_Behavior_3_T_Loop15_TestCase6,T
Undefined_Behavior_3_T_Loop15_TestCase7,T
Undefined_Behavior_3_T_Loop15_TestCase8,T
Undefined_Behavior_3_T_Loop15_TestCase9,T
Undefined_Behavior_3_T_Loop15_TestCase10,T
Undefined_Behavior_3_T_Loop15_TestCase11,T
Undefined_Behavior_3_T_Loop15_TestCase12,T
Undefined_Behavior_3_T_Loop15_TestCase13,T
Undefined_Behavior_3_T_Loop15_TestCase14,T
Undefined_Behavior_3_T_Loop15_TestCase15,T
Undefined_Behavior_3_T_Loop15_TestCase16,T
Undefined_Behavior_3_T_Loop15_TestCase17,T
Undefined_Behavior_3_T_Loop15_TestCase18,T
Undefined_Behavior_3_T_Loop15_TestCase19,T
Undefined_Behavior_3_T_Loop15_TestCase20,T
Undefined_Behavior_3_T_TestCase1_Loop15,T
Undefined_Behavior_3_T_TestCase2_Loop15,T
Undefined_Behavior_3_T_TestCase3_Loop15,T
Undefined_Behavior_3_T_TestCase4_Loop15,T
Undefined_Behavior_3_T_TestCase5_Loop15,T
Undefined_Behavior_3_T_TestCase6_Loop15,T
Undefined_Behavior_3_T_TestCase7_Loop15,T
Undefined_Behavior_3_T_TestCase8_Loop15,T
Undefined_Behavior_3_T_TestCase9_Loop15,T
Undefined_Behavior_3_T_TestCase10_Loop15,T
Undefined_Behavior_3_T_TestCase11_Loop15,T
Undefined_Behavior_3_T_TestCase12_Loop15,T
Undefined_Behavior_3_T_TestCase13_Loop15,T
Undefined_Behavior_3_T_TestCase14_Loop15,T
Undefined_Behavior_3_T_TestCase15_Loop15,T
Undefined_Behavior_3_T_TestCase16_Loop15,T
Undefined_Behavior_3_T_TestCase17_Loop15,T
Undefined_Behavior_3_T_TestCase18_Loop15,T
Undefined_Behavior_3_T_TestCase19_Loop15,T
Undefined_Behavior_3_T_TestCase20_Loop15,T
Unsigned_Wraparound_Error_1_NT,NT
Unsigned_Wraparound_Error_1_NT_Loop22,NT
Unsigned_Wraparound_Error_1_NT_TestCase1,T
Unsigned_Wraparound_Error_1_NT_TestCase2,T
Unsigned_Wraparound_Error_1_NT_TestCase3,T
Unsigned_Wraparound_Error_1_NT_TestCase4,T
Unsigned_Wraparound_Error_1_NT_TestCase5,T
Unsigned_Wraparound_Error_1_NT_TestCase6,T
Unsigned_Wraparound_Error_1_NT_TestCase7,T
Unsigned_Wraparound_Error_1_NT_TestCase8,T
Unsigned_Wraparound_Error_1_NT_TestCase9,T
Unsigned_Wraparound_Error_1_NT_TestCase10,T
Unsigned_Wraparound_Error_1_NT_TestCase11,NT
Unsigned_Wraparound_Error_1_NT_TestCase12,NT
Unsigned_Wraparound_Error_1_NT_TestCase13,NT
Unsigned_Wraparound_Error_1_NT_TestCase14,NT
Unsigned_Wraparound_Error_1_NT_TestCase15,NT
Unsigned_Wraparound_Error_1_NT_TestCase16,NT
Unsigned_Wraparound_Error_1_NT_TestCase17,NT
Unsigned_Wraparound_Error_1_NT_TestCase18,NT
Unsigned_Wraparound_Error_1_NT_TestCase19,NT
Unsigned_Wraparound_Error_1_NT_TestCase20,NT
Unsigned_Wraparound_Error_1_NT_Loop22_TestCase1,T
Unsigned_Wraparound_Error_1_NT_Loop22_TestCase2,T
Unsigned_Wraparound_Error_1_NT_Loop22_TestCase3,T
Unsigned_Wraparound_Error_1_NT_Loop22_TestCase4,T
Unsigned_Wraparound_Error_1_NT_Loop22_TestCase5,T
Unsigned_Wraparound_Error_1_NT_Loop22_TestCase6,T
Unsigned_Wraparound_Error_1_NT_Loop22_TestCase7,T
Unsigned_Wraparound_Error_1_NT_Loop22_TestCase8,T
Unsigned_Wraparound_Error_1_NT_Loop22_TestCase9,T
Unsigned_Wraparound_Error_1_NT_Loop22_TestCase10,T
Unsigned_Wraparound_Error_1_NT_Loop22_TestCase11,NT
Unsigned_Wraparound_Error_1_NT_Loop22_TestCase12,NT
Unsigned_Wraparound_Error_1_NT_Loop22_TestCase13,NT
Unsigned_Wraparound_Error_1_NT_Loop22_TestCase14,NT
Unsigned_Wraparound_Error_1_NT_Loop22_TestCase15,NT
Unsigned_Wraparound_Error_1_NT_Loop22_TestCase16,NT
Unsigned_Wraparound_Error_1_NT_Loop22_TestCase17,NT
Unsigned_Wraparound_Error_1_NT_Loop22_TestCase18,NT
Unsigned_Wraparound_Error_1_NT_Loop22_TestCase19,NT
Unsigned_Wraparound_Error_1_NT_Loop22_TestCase20,NT
Unsigned_Wraparound_Error_1_NT_TestCase1_Loop22,T
Unsigned_Wraparound_Error_1_NT_TestCase2_Loop22,T
Unsigned_Wraparound_Error_1_NT_TestCase3_Loop22,T
Unsigned_Wraparound_Error_1_NT_TestCase4_Loop22,T
Unsigned_Wraparound_Error_1_NT_TestCase5_Loop22,T
Unsigned_Wraparound_Error_1_NT_TestCase6_Loop22,T
Unsigned_Wraparound_Error_1_NT_TestCase7_Loop22,T
Unsigned_Wraparound_Error_1_NT_TestCase8_Loop22,T
Unsigned_Wraparound_Error_1_NT_TestCase9_Loop22,T
Unsigned_Wraparound_Error_1_NT_TestCase10_Loop22,T
Unsigned_Wraparound_Error_1_NT_TestCase11_Loop22,NT
Unsigned_Wraparound_Error_1_NT_TestCase12_Loop22,NT
Unsigned_Wraparound_Error_1_NT_TestCase13_Loop22,NT
Unsigned_Wraparound_Error_1_NT_TestCase14_Loop22,NT
Unsigned_Wraparound_Error_1_NT_TestCase15_Loop22,NT
Unsigned_Wraparound_Error_1_NT_TestCase16_Loop22,NT
Unsigned_Wraparound_Error_1_NT_TestCase17_Loop22,NT
Unsigned_Wraparound_Error_1_NT_TestCase18_Loop22,NT
Unsigned_Wraparound_Error_1_NT_TestCase19_Loop22,NT
Unsigned_Wraparound_Error_1_NT_TestCase20_Loop22,NT
Unsigned_Wraparound_Error_1_T,T
Unsigned_Wraparound_Error_1_T_Loop22,T
Unsigned_Wraparound_Error_1_T_TestCase1,T
Unsigned_Wraparound_Error_1_T_TestCase2,T
Unsigned_Wraparound_Error_1_T_TestCase3,T
Unsigned_Wraparound_Error_1_T_TestCase4,T
Unsigned_Wraparound_Error_1_T_TestCase5,T
Unsigned_Wraparound_Error_1_T_TestCase6,T
Unsigned_Wraparound_Error_1_T_TestCase7,T
Unsigned_Wraparound_Error_1_T_TestCase8,T
Unsigned_Wraparound_Error_1_T_TestCase9,T
Unsigned_Wraparound_Error_1_T_TestCase10,T
Unsigned_Wraparound_Error_1_T_TestCase11,T
Unsigned_Wraparound_Error_1_T_TestCase12,T
Unsigned_Wraparound_Error_1_T_TestCase13,T
Unsigned_Wraparound_Error_1_T_TestCase14,T
Unsigned_Wraparound_Error_1_T_TestCase15,T
Unsigned_Wraparound_Error_1_T_TestCase16,T
Unsigned_Wraparound_Error_1_T_TestCase17,T
Unsigned_Wraparound_Error_1_T_TestCase18,T
Unsigned_Wraparound_Error_1_T_TestCase19,T
Unsigned_Wraparound_Error_1_T_TestCase20,T
Unsigned_Wraparound_Error_1_T_Loop22_TestCase1,T
Unsigned_Wraparound_Error_1_T_Loop22_TestCase2,T
Unsigned_Wraparound_Error_1_T_Loop22_TestCase3,T
Unsigned_Wraparound_Error_1_T_Loop22_TestCase4,T
Unsigned_Wraparound_Error_1_T_Loop22_TestCase5,T
Unsigned_Wraparound_Error_1_T_Loop22_TestCase6,T
Unsigned_Wraparound_Error_1_T_Loop22_TestCase7,T
Unsigned_Wraparound_Error_1_T_Loop22_TestCase8,T
Unsigned_Wraparound_Error_1_T_Loop22_TestCase9,T
Unsigned_Wraparound_Error_1_T_Loop22_TestCase10,T
Unsigned_Wraparound_Error_1_T_Loop22_TestCase11,T
Unsigned_Wraparound_Error_1_T_Loop22_TestCase12,T
Unsigned_Wraparound_Error_1_T_Loop22_TestCase13,T
Unsigned_Wraparound_Error_1_T_Loop22_TestCase14,T
Unsigned_Wraparound_Error_1_T_Loop22_TestCase15,T
Unsigned_Wraparound_Error_1_T_Loop22_TestCase16,T
Unsigned_Wraparound_Error_1_T_Loop22_TestCase17,T
Unsigned_Wraparound_Error_1_T_Loop22_TestCase18,T
Unsigned_Wraparound_Error_1_T_Loop22_TestCase19,T
Unsigned_Wraparound_Error_1_T_Loop22_TestCase20,T
Unsigned_Wraparound_Error_1_T_TestCase1_Loop22,T
Unsigned_Wraparound_Error_1_T_TestCase2_Loop22,T
Unsigned_Wraparound_Error_1_T_TestCase3_Loop22,T
Unsigned_Wraparound_Error_1_T_TestCase4_Loop22,T
Unsigned_Wraparound_Error_1_T_TestCase5_Loop22,T
Unsigned_Wraparound_Error_1_T_TestCase6_Loop22,T
Unsigned_Wraparound_Error_1_T_TestCase7_Loop22,T
Unsigned_Wraparound_Error_1_T_TestCase8_Loop22,T
Unsigned_Wraparound_Error_1_T_TestCase9_Loop22,T
Unsigned_Wraparound_Error_1_T_TestCase10_Loop22,T
Unsigned_Wraparound_Error_1_T_TestCase11_Loop22,T
Unsigned_Wraparound_Error_1_T_TestCase12_Loop22,T
Unsigned_Wraparound_Error_1_T_TestCase13_Loop22,T
Unsigned_Wraparound_Error_1_T_TestCase14_Loop22,T
Unsigned_Wraparound_Error_1_T_TestCase15_Loop22,T
Unsigned_Wraparound_Error_1_T_TestCase16_Loop22,T
Unsigned_Wraparound_Error_1_T_TestCase17_Loop22,T
Unsigned_Wraparound_Error_1_T_TestCase18_Loop22,T
Unsigned_Wraparound_Error_1_T_TestCase19_Loop22,T
Unsigned_Wraparound_Error_1_T_TestCase20_Loop22,T
Unsigned_Wraparound_Error_2_NT,NT
Unsigned_Wraparound_Error_2_NT_Loop18,NT
Unsigned_Wraparound_Error_2_NT_TestCase1,T
Unsigned_Wraparound_Error_2_NT_TestCase2,T
Unsigned_Wraparound_Error_2_NT_TestCase3,T
Unsigned_Wraparound_Error_2_NT_TestCase4,T
Unsigned_Wraparound_Error_2_NT_TestCase5,T
Unsigned_Wraparound_Error_2_NT_TestCase6,T
Unsigned_Wraparound_Error_2_NT_TestCase7,T
Unsigned_Wraparound_Error_2_NT_TestCase8,T
Unsigned_Wraparound_Error_2_NT_TestCase9,T
Unsigned_Wraparound_Error_2_NT_TestCase10,T
Unsigned_Wraparound_Error_2_NT_TestCase11,NT
Unsigned_Wraparound_Error_2_NT_TestCase12,NT
Unsigned_Wraparound_Error_2_NT_TestCase13,NT
Unsigned_Wraparound_Error_2_NT_TestCase14,NT
Unsigned_Wraparound_Error_2_NT_TestCase15,NT
Unsigned_Wraparound_Error_2_NT_TestCase16,NT
Unsigned_Wraparound_Error_2_NT_TestCase17,NT
Unsigned_Wraparound_Error_2_NT_TestCase18,NT
Unsigned_Wraparound_Error_2_NT_TestCase19,NT
Unsigned_Wraparound_Error_2_NT_TestCase20,NT
Unsigned_Wraparound_Error_2_NT_Loop18_TestCase1,T
Unsigned_Wraparound_Error_2_NT_Loop18_TestCase2,T
Unsigned_Wraparound_Error_2_NT_Loop18_TestCase3,T
Unsigned_Wraparound_Error_2_NT_Loop18_TestCase4,T
Unsigned_Wraparound_Error_2_NT_Loop18_TestCase5,T
Unsigned_Wraparound_Error_2_NT_Loop18_TestCase6,T
Unsigned_Wraparound_Error_2_NT_Loop18_TestCase7,T
Unsigned_Wraparound_Error_2_NT_Loop18_TestCase8,T
Unsigned_Wraparound_Error_2_NT_Loop18_TestCase9,T
Unsigned_Wraparound_Error_2_NT_Loop18_TestCase10,T
Unsigned_Wraparound_Error_2_NT_Loop18_TestCase11,NT
Unsigned_Wraparound_Error_2_NT_Loop18_TestCase12,NT
Unsigned_Wraparound_Error_2_NT_Loop18_TestCase13,NT
Unsigned_Wraparound_Error_2_NT_Loop18_TestCase14,NT
Unsigned_Wraparound_Error_2_NT_Loop18_TestCase15,NT
Unsigned_Wraparound_Error_2_NT_Loop18_TestCase16,NT
Unsigned_Wraparound_Error_2_NT_Loop18_TestCase17,NT
Unsigned_Wraparound_Error_2_NT_Loop18_TestCase18,NT
Unsigned_Wraparound_Error_2_NT_Loop18_TestCase19,NT
Unsigned_Wraparound_Error_2_NT_Loop18_TestCase20,NT
Unsigned_Wraparound_Error_2_NT_TestCase1_Loop18,T
Unsigned_Wraparound_Error_2_NT_TestCase2_Loop18,T
Unsigned_Wraparound_Error_2_NT_TestCase3_Loop18,T
Unsigned_Wraparound_Error_2_NT_TestCase4_Loop18,T
Unsigned_Wraparound_Error_2_NT_TestCase5_Loop18,T
Unsigned_Wraparound_Error_2_NT_TestCase6_Loop18,T
Unsigned_Wraparound_Error_2_NT_TestCase7_Loop18,T
Unsigned_Wraparound_Error_2_NT_TestCase8_Loop18,T
Unsigned_Wraparound_Error_2_NT_TestCase9_Loop18,T
Unsigned_Wraparound_Error_2_NT_TestCase10_Loop18,T
Unsigned_Wraparound_Error_2_NT_TestCase11_Loop18,NT
Unsigned_Wraparound_Error_2_NT_TestCase12_Loop18,NT
Unsigned_Wraparound_Error_2_NT_TestCase13_Loop18,NT
Unsigned_Wraparound_Error_2_NT_TestCase14_Loop18,NT
Unsigned_Wraparound_Error_2_NT_TestCase15_Loop18,NT
Unsigned_Wraparound_Error_2_NT_TestCase16_Loop18,NT
Unsigned_Wraparound_Error_2_NT_TestCase17_Loop18,NT
Unsigned_Wraparound_Error_2_NT_TestCase18_Loop18,NT
Unsigned_Wraparound_Error_2_NT_TestCase19_Loop18,NT
Unsigned_Wraparound_Error_2_NT_TestCase20_Loop18,NT
Unsigned_Wraparound_Error_2_T,T
Unsigned_Wraparound_Error_2_T_Loop18,T
Unsigned_Wraparound_Error_2_T_TestCase1,T
Unsigned_Wraparound_Error_2_T_TestCase2,T
Unsigned_Wraparound_Error_2_T_TestCase3,T
Unsigned_Wraparound_Error_2_T_TestCase4,T
Unsigned_Wraparound_Error_2_T_TestCase5,T
Unsigned_Wraparound_Error_2_T_TestCase6,T
Unsigned_Wraparound_Error_2_T_TestCase7,T
Unsigned_Wraparound_Error_2_T_TestCase8,T
Unsigned_Wraparound_Error_2_T_TestCase9,T
Unsigned_Wraparound_Error_2_T_TestCase10,T
Unsigned_Wraparound_Error_2_T_TestCase11,T
Unsigned_Wraparound_Error_2_T_TestCase12,T
Unsigned_Wraparound_Error_2_T_TestCase13,T
Unsigned_Wraparound_Error_2_T_TestCase14,T
Unsigned_Wraparound_Error_2_T_TestCase15,T
Unsigned_Wraparound_Error_2_T_TestCase16,T
Unsigned_Wraparound_Error_2_T_TestCase17,T
Unsigned_Wraparound_Error_2_T_TestCase18,T
Unsigned_Wraparound_Error_2_T_TestCase19,T
Unsigned_Wraparound_Error_2_T_TestCase20,T
Unsigned_Wraparound_Error_2_T_Loop18_TestCase1,T
Unsigned_Wraparound_Error_2_T_Loop18_TestCase2,T
Unsigned_Wraparound_Error_2_T_Loop18_TestCase3,T
Unsigned_Wraparound_Error_2_T_Loop18_TestCase4,T
Unsigned_Wraparound_Error_2_T_Loop18_TestCase5,T
Unsigned_Wraparound_Error_2_T_Loop18_TestCase6,T
Unsigned_Wraparound_Error_2_T_Loop18_TestCase7,T
Unsigned_Wraparound_Error_2_T_Loop18_TestCase8,T
Unsigned_Wraparound_Error_2_T_Loop18_TestCase9,T
Unsigned_Wraparound_Error_2_T_Loop18_TestCase10,T
Unsigned_Wraparound_Error_2_T_Loop18_TestCase11,T
Unsigned_Wraparound_Error_2_T_Loop18_TestCase12,T
Unsigned_Wraparound_Error_2_T_Loop18_TestCase13,T
Unsigned_Wraparound_Error_2_T_Loop18_TestCase14,T
Unsigned_Wraparound_Error_2_T_Loop18_TestCase15,T
Unsigned_Wraparound_Error_2_T_Loop18_TestCase16,T
Unsigned_Wraparound_Error_2_T_Loop18_TestCase17,T
Unsigned_Wraparound_Error_2_T_Loop18_TestCase18,T
Unsigned_Wraparound_Error_2_T_Loop18_TestCase19,T
Unsigned_Wraparound_Error_2_T_Loop18_TestCase20,T
Unsigned_Wraparound_Error_2_T_TestCase1_Loop18,T
Unsigned_Wraparound_Error_2_T_TestCase2_Loop18,T
Unsigned_Wraparound_Error_2_T_TestCase3_Loop18,T
Unsigned_Wraparound_Error_2_T_TestCase4_Loop18,T
Unsigned_Wraparound_Error_2_T_TestCase5_Loop18,T
Unsigned_Wraparound_Error_2_T_TestCase6_Loop18,T
Unsigned_Wraparound_Error_2_T_TestCase7_Loop18,T
Unsigned_Wraparound_Error_2_T_TestCase8_Loop18,T
Unsigned_Wraparound_Error_2_T_TestCase9_Loop18,T
Unsigned_Wraparound_Error_2_T_TestCase10_Loop18,T
Unsigned_Wraparound_Error_2_T_TestCase11_Loop18,T
Unsigned_Wraparound_Error_2_T_TestCase12_Loop18,T
Unsigned_Wraparound_Error_2_T_TestCase13_Loop18,T
Unsigned_Wraparound_Error_2_T_TestCase14_Loop18,T
Unsigned_Wraparound_Error_2_T_TestCase15_Loop18,T
Unsigned_Wraparound_Error_2_T_TestCase16_Loop18,T
Unsigned_Wraparound_Error_2_T_TestCase17_Loop18,T
Unsigned_Wraparound_Error_2_T_TestCase18_Loop18,T
Unsigned_Wraparound_Error_2_T_TestCase19_Loop18,T
Unsigned_Wraparound_Error_2_T_TestCase20_Loop18,T
Unsigned_Wraparound_Error_3_NT,NT
Unsigned_Wraparound_Error_3_NT_Loop20,NT
Unsigned_Wraparound_Error_3_NT_TestCase1,T
Unsigned_Wraparound_Error_3_NT_TestCase2,T
Unsigned_Wraparound_Error_3_NT_TestCase3,T
Unsigned_Wraparound_Error_3_NT_TestCase4,T
Unsigned_Wraparound_Error_3_NT_TestCase5,T
Unsigned_Wraparound_Error_3_NT_TestCase6,T
Unsigned_Wraparound_Error_3_NT_TestCase7,T
Unsigned_Wraparound_Error_3_NT_TestCase8,T
Unsigned_Wraparound_Error_3_NT_TestCase9,T
Unsigned_Wraparound_Error_3_NT_TestCase10,T
Unsigned_Wraparound_Error_3_NT_TestCase11,NT
Unsigned_Wraparound_Error_3_NT_TestCase12,NT
Unsigned_Wraparound_Error_3_NT_TestCase13,NT
Unsigned_Wraparound_Error_3_NT_TestCase14,NT
Unsigned_Wraparound_Error_3_NT_TestCase15,NT
Unsigned_Wraparound_Error_3_NT_TestCase16,NT
Unsigned_Wraparound_Error_3_NT_TestCase17,NT
Unsigned_Wraparound_Error_3_NT_TestCase18,NT
Unsigned_Wraparound_Error_3_NT_TestCase19,NT
Unsigned_Wraparound_Error_3_NT_TestCase20,NT
Unsigned_Wraparound_Error_3_NT_Loop20_TestCase1,T
Unsigned_Wraparound_Error_3_NT_Loop20_TestCase2,T
Unsigned_Wraparound_Error_3_NT_Loop20_TestCase3,T
Unsigned_Wraparound_Error_3_NT_Loop20_TestCase4,T
Unsigned_Wraparound_Error_3_NT_Loop20_TestCase5,T
Unsigned_Wraparound_Error_3_NT_Loop20_TestCase6,T
Unsigned_Wraparound_Error_3_NT_Loop20_TestCase7,T
Unsigned_Wraparound_Error_3_NT_Loop20_TestCase8,T
Unsigned_Wraparound_Error_3_NT_Loop20_TestCase9,T
Unsigned_Wraparound_Error_3_NT_Loop20_TestCase10,T
Unsigned_Wraparound_Error_3_NT_Loop20_TestCase11,NT
Unsigned_Wraparound_Error_3_NT_Loop20_TestCase12,NT
Unsigned_Wraparound_Error_3_NT_Loop20_TestCase13,NT
Unsigned_Wraparound_Error_3_NT_Loop20_TestCase14,NT
Unsigned_Wraparound_Error_3_NT_Loop20_TestCase15,NT
Unsigned_Wraparound_Error_3_NT_Loop20_TestCase16,NT
Unsigned_Wraparound_Error_3_NT_Loop20_TestCase17,NT
Unsigned_Wraparound_Error_3_NT_Loop20_TestCase18,NT
Unsigned_Wraparound_Error_3_NT_Loop20_TestCase19,NT
Unsigned_Wraparound_Error_3_NT_Loop20_TestCase20,NT
Unsigned_Wraparound_Error_3_NT_TestCase1_Loop20,T
Unsigned_Wraparound_Error_3_NT_TestCase2_Loop20,T
Unsigned_Wraparound_Error_3_NT_TestCase3_Loop20,T
Unsigned_Wraparound_Error_3_NT_TestCase4_Loop20,T
Unsigned_Wraparound_Error_3_NT_TestCase5_Loop20,T
Unsigned_Wraparound_Error_3_NT_TestCase6_Loop20,T
Unsigned_Wraparound_Error_3_NT_TestCase7_Loop20,T
Unsigned_Wraparound_Error_3_NT_TestCase8_Loop20,T
Unsigned_Wraparound_Error_3_NT_TestCase9_Loop20,T
Unsigned_Wraparound_Error_3_NT_TestCase10_Loop20,T
Unsigned_Wraparound_Error_3_NT_TestCase11_Loop20,NT
Unsigned_Wraparound_Error_3_NT_TestCase12_Loop20,NT
Unsigned_Wraparound_Error_3_NT_TestCase13_Loop20,NT
Unsigned_Wraparound_Error_3_NT_TestCase14_Loop20,NT
Unsigned_Wraparound_Error_3_NT_TestCase15_Loop20,NT
Unsigned_Wraparound_Error_3_NT_TestCase16_Loop20,NT
Unsigned_Wraparound_Error_3_NT_TestCase17_Loop20,NT
Unsigned_Wraparound_Error_3_NT_TestCase18_Loop20,NT
Unsigned_Wraparound_Error_3_NT_TestCase19_Loop20,NT
Unsigned_Wraparound_Error_3_NT_TestCase20_Loop20,NT
Unsigned_Wraparound_Error_3_T,T
Unsigned_Wraparound_Error_3_T_Loop19,T
Unsigned_Wraparound_Error_3_T_TestCase1,T
Unsigned_Wraparound_Error_3_T_TestCase2,T
Unsigned_Wraparound_Error_3_T_TestCase3,T
Unsigned_Wraparound_Error_3_T_TestCase4,T
Unsigned_Wraparound_Error_3_T_TestCase5,T
Unsigned_Wraparound_Error_3_T_TestCase6,T
Unsigned_Wraparound_Error_3_T_TestCase7,T
Unsigned_Wraparound_Error_3_T_TestCase8,T
Unsigned_Wraparound_Error_3_T_TestCase9,T
Unsigned_Wraparound_Error_3_T_TestCase10,T
Unsigned_Wraparound_Error_3_T_TestCase11,T
Unsigned_Wraparound_Error_3_T_TestCase12,T
Unsigned_Wraparound_Error_3_T_TestCase13,T
Unsigned_Wraparound_Error_3_T_TestCase14,T
Unsigned_Wraparound_Error_3_T_TestCase15,T
Unsigned_Wraparound_Error_3_T_TestCase16,T
Unsigned_Wraparound_Error_3_T_TestCase17,T
Unsigned_Wraparound_Error_3_T_TestCase18,T
Unsigned_Wraparound_Error_3_T_TestCase19,T
Unsigned_Wraparound_Error_3_T_TestCase20,T
Unsigned_Wraparound_Error_3_T_Loop19_TestCase1,T
Unsigned_Wraparound_Error_3_T_Loop19_TestCase2,T
Unsigned_Wraparound_Error_3_T_Loop19_TestCase3,T
Unsigned_Wraparound_Error_3_T_Loop19_TestCase4,T
Unsigned_Wraparound_Error_3_T_Loop19_TestCase5,T
Unsigned_Wraparound_Error_3_T_Loop19_TestCase6,T
Unsigned_Wraparound_Error_3_T_Loop19_TestCase7,T
Unsigned_Wraparound_Error_3_T_Loop19_TestCase8,T
Unsigned_Wraparound_Error_3_T_Loop19_TestCase9,T
Unsigned_Wraparound_Error_3_T_Loop19_TestCase10,T
Unsigned_Wraparound_Error_3_T_Loop19_TestCase11,T
Unsigned_Wraparound_Error_3_T_Loop19_TestCase12,T
Unsigned_Wraparound_Error_3_T_Loop19_TestCase13,T
Unsigned_Wraparound_Error_3_T_Loop19_TestCase14,T
Unsigned_Wraparound_Error_3_T_Loop19_TestCase15,T
Unsigned_Wraparound_Error_3_T_Loop19_TestCase16,T
Unsigned_Wraparound_Error_3_T_Loop19_TestCase17,T
Unsigned_Wraparound_Error_3_T_Loop19_TestCase18,T
Unsigned_Wraparound_Error_3_T_Loop19_TestCase19,T
Unsigned_Wraparound_Error_3_T_Loop19_TestCase20,T
Unsigned_Wraparound_Error_3_T_TestCase1_Loop19,T
Unsigned_Wraparound_Error_3_T_TestCase2_Loop19,T
Unsigned_Wraparound_Error_3_T_TestCase3_Loop19,T
Unsigned_Wraparound_Error_3_T_TestCase4_Loop19,T
Unsigned_Wraparound_Error_3_T_TestCase5_Loop19,T
Unsigned_Wraparound_Error_3_T_TestCase6_Loop19,T
Unsigned_Wraparound_Error_3_T_TestCase7_Loop19,T
Unsigned_Wraparound_Error_3_T_TestCase8_Loop19,T
Unsigned_Wraparound_Error_3_T_TestCase9_Loop19,T
Unsigned_Wraparound_Error_3_T_TestCase10_Loop19,T
Unsigned_Wraparound_Error_3_T_TestCase11_Loop19,T
Unsigned_Wraparound_Error_3_T_TestCase12_Loop19,T
Unsigned_Wraparound_Error_3_T_TestCase13_Loop19,T
Unsigned_Wraparound_Error_3_T_TestCase14_Loop19,T
Unsigned_Wraparound_Error_3_T_TestCase15_Loop19,T
Unsigned_Wraparound_Error_3_T_TestCase16_Loop19,T
Unsigned_Wraparound_Error_3_T_TestCase17_Loop19,T
Unsigned_Wraparound_Error_3_T_TestCase18_Loop19,T
Unsigned_Wraparound_Error_3_T_TestCase19_Loop19,T
Unsigned_Wraparound_Error_3_T_TestCase20_Loop19,T
Unsigned_Wraparound_Error_4_NT,NT
Unsigned_Wraparound_Error_4_NT_Loop15,NT
Unsigned_Wraparound_Error_4_NT_TestCase1,T
Unsigned_Wraparound_Error_4_NT_TestCase2,T
Unsigned_Wraparound_Error_4_NT_TestCase3,T
Unsigned_Wraparound_Error_4_NT_TestCase4,T
Unsigned_Wraparound_Error_4_NT_TestCase5,T
Unsigned_Wraparound_Error_4_NT_TestCase6,T
Unsigned_Wraparound_Error_4_NT_TestCase7,T
Unsigned_Wraparound_Error_4_NT_TestCase8,T
Unsigned_Wraparound_Error_4_NT_TestCase9,T
Unsigned_Wraparound_Error_4_NT_TestCase10,T
Unsigned_Wraparound_Error_4_NT_TestCase11,NT
Unsigned_Wraparound_Error_4_NT_TestCase12,NT
Unsigned_Wraparound_Error_4_NT_TestCase13,NT
Unsigned_Wraparound_Error_4_NT_TestCase14,NT
Unsigned_Wraparound_Error_4_NT_TestCase15,NT
Unsigned_Wraparound_Error_4_NT_TestCase16,NT
Unsigned_Wraparound_Error_4_NT_TestCase17,NT
Unsigned_Wraparound_Error_4_NT_TestCase18,NT
Unsigned_Wraparound_Error_4_NT_TestCase19,NT
Unsigned_Wraparound_Error_4_NT_TestCase20,NT
Unsigned_Wraparound_Error_4_NT_Loop15_TestCase1,T
Unsigned_Wraparound_Error_4_NT_Loop15_TestCase2,T
Unsigned_Wraparound_Error_4_NT_Loop15_TestCase3,T
Unsigned_Wraparound_Error_4_NT_Loop15_TestCase4,T
Unsigned_Wraparound_Error_4_NT_Loop15_TestCase5,T
Unsigned_Wraparound_Error_4_NT_Loop15_TestCase6,T
Unsigned_Wraparound_Error_4_NT_Loop15_TestCase7,T
Unsigned_Wraparound_Error_4_NT_Loop15_TestCase8,T
Unsigned_Wraparound_Error_4_NT_Loop15_TestCase9,T
Unsigned_Wraparound_Error_4_NT_Loop15_TestCase10,T
Unsigned_Wraparound_Error_4_NT_Loop15_TestCase11,NT
Unsigned_Wraparound_Error_4_NT_Loop15_TestCase12,NT
Unsigned_Wraparound_Error_4_NT_Loop15_TestCase13,NT
Unsigned_Wraparound_Error_4_NT_Loop15_TestCase14,NT
Unsigned_Wraparound_Error_4_NT_Loop15_TestCase15,NT
Unsigned_Wraparound_Error_4_NT_Loop15_TestCase16,NT
Unsigned_Wraparound_Error_4_NT_Loop15_TestCase17,NT
Unsigned_Wraparound_Error_4_NT_Loop15_TestCase18,NT
Unsigned_Wraparound_Error_4_NT_Loop15_TestCase19,NT
Unsigned_Wraparound_Error_4_NT_Loop15_TestCase20,NT
Unsigned_Wraparound_Error_4_NT_TestCase1_Loop15,T
Unsigned_Wraparound_Error_4_NT_TestCase2_Loop15,T
Unsigned_Wraparound_Error_4_NT_TestCase3_Loop15,T
Unsigned_Wraparound_Error_4_NT_TestCase4_Loop15,T
Unsigned_Wraparound_Error_4_NT_TestCase5_Loop15,T
Unsigned_Wraparound_Error_4_NT_TestCase6_Loop15,T
Unsigned_Wraparound_Error_4_NT_TestCase7_Loop15,T
Unsigned_Wraparound_Error_4_NT_TestCase8_Loop15,T
Unsigned_Wraparound_Error_4_NT_TestCase9_Loop15,T
Unsigned_Wraparound_Error_4_NT_TestCase10_Loop15,T
Unsigned_Wraparound_Error_4_NT_TestCase11_Loop15,NT
Unsigned_Wraparound_Error_4_NT_TestCase12_Loop15,NT
Unsigned_Wraparound_Error_4_NT_TestCase13_Loop15,NT
Unsigned_Wraparound_Error_4_NT_TestCase14_Loop15,NT
Unsigned_Wraparound_Error_4_NT_TestCase15_Loop15,NT
Unsigned_Wraparound_Error_4_NT_TestCase16_Loop15,NT
Unsigned_Wraparound_Error_4_NT_TestCase17_Loop15,NT
Unsigned_Wraparound_Error_4_NT_TestCase18_Loop15,NT
Unsigned_Wraparound_Error_4_NT_TestCase19_Loop15,NT
Unsigned_Wraparound_Error_4_NT_TestCase20_Loop15,NT
Unsigned_Wraparound_Error_4_T,T
Unsigned_Wraparound_Error_4_T_Loop13,T
Unsigned_Wraparound_Error_4_T_TestCase1,T
Unsigned_Wraparound_Error_4_T_TestCase2,T
Unsigned_Wraparound_Error_4_T_TestCase3,T
Unsigned_Wraparound_Error_4_T_TestCase4,T
Unsigned_Wraparound_Error_4_T_TestCase5,T
Unsigned_Wraparound_Error_4_T_TestCase6,T
Unsigned_Wraparound_Error_4_T_TestCase7,T
Unsigned_Wraparound_Error_4_T_TestCase8,T
Unsigned_Wraparound_Error_4_T_TestCase9,T
Unsigned_Wraparound_Error_4_T_TestCase10,T
Unsigned_Wraparound_Error_4_T_TestCase11,T
Unsigned_Wraparound_Error_4_T_TestCase12,T
Unsigned_Wraparound_Error_4_T_TestCase13,T
Unsigned_Wraparound_Error_4_T_TestCase14,T
Unsigned_Wraparound_Error_4_T_TestCase15,T
Unsigned_Wraparound_Error_4_T_TestCase16,T
Unsigned_Wraparound_Error_4_T_TestCase17,T
Unsigned_Wraparound_Error_4_T_TestCase18,T
Unsigned_Wraparound_Error_4_T_TestCase19,T
Unsigned_Wraparound_Error_4_T_TestCase20,T
Unsigned_Wraparound_Error_4_T_Loop13_TestCase1,T
Unsigned_Wraparound_Error_4_T_Loop13_TestCase2,T
Unsigned_Wraparound_Error_4_T_Loop13_TestCase3,T
Unsigned_Wraparound_Error_4_T_Loop13_TestCase4,T
Unsigned_Wraparound_Error_4_T_Loop13_TestCase5,T
Unsigned_Wraparound_Error_4_T_Loop13_TestCase6,T
Unsigned_Wraparound_Error_4_T_Loop13_TestCase7,T
Unsigned_Wraparound_Error_4_T_Loop13_TestCase8,T
Unsigned_Wraparound_Error_4_T_Loop13_TestCase9,T
Unsigned_Wraparound_Error_4_T_Loop13_TestCase10,T
Unsigned_Wraparound_Error_4_T_Loop13_TestCase11,T
Unsigned_Wraparound_Error_4_T_Loop13_TestCase12,T
Unsigned_Wraparound_Error_4_T_Loop13_TestCase13,T
Unsigned_Wraparound_Error_4_T_Loop13_TestCase14,T
Unsigned_Wraparound_Error_4_T_Loop13_TestCase15,T
Unsigned_Wraparound_Error_4_T_Loop13_TestCase16,T
Unsigned_Wraparound_Error_4_T_Loop13_TestCase17,T
Unsigned_Wraparound_Error_4_T_Loop13_TestCase18,T
Unsigned_Wraparound_Error_4_T_Loop13_TestCase19,T
Unsigned_Wraparound_Error_4_T_Loop13_TestCase20,T
Unsigned_Wraparound_Error_4_T_TestCase1_Loop13,T
Unsigned_Wraparound_Error_4_T_TestCase2_Loop13,T
Unsigned_Wraparound_Error_4_T_TestCase3_Loop13,T
Unsigned_Wraparound_Error_4_T_TestCase4_Loop13,T
Unsigned_Wraparound_Error_4_T_TestCase5_Loop13,T
Unsigned_Wraparound_Error_4_T_TestCase6_Loop13,T
Unsigned_Wraparound_Error_4_T_TestCase7_Loop13,T
Unsigned_Wraparound_Error_4_T_TestCase8_Loop13,T
Unsigned_Wraparound_Error_4_T_TestCase9_Loop13,T
Unsigned_Wraparound_Error_4_T_TestCase10_Loop13,T
Unsigned_Wraparound_Error_4_T_TestCase11_Loop13,T
Unsigned_Wraparound_Error_4_T_TestCase12_Loop13,T
Unsigned_Wraparound_Error_4_T_TestCase13_Loop13,T
Unsigned_Wraparound_Error_4_T_TestCase14_Loop13,T
Unsigned_Wraparound_Error_4_T_TestCase15_Loop13,T
Unsigned_Wraparound_Error_4_T_TestCase16_Loop13,T
Unsigned_Wraparound_Error_4_T_TestCase17_Loop13,T
Unsigned_Wraparound_Error_4_T_TestCase18_Loop13,T
Unsigned_Wraparound_Error_4_T_TestCase19_Loop13,T
Unsigned_Wraparound_Error_4_T_TestCase20_Loop13,T
Using_Erroneous_Condition_1_NT,NT
Using_Erroneous_Condition_1_NT_Loop39,NT
Using_Erroneous_Condition_1_NT_TestCase1,T
Using_Erroneous_Condition_1_NT_TestCase2,T
Using_Erroneous_Condition_1_NT_TestCase3,T
Using_Erroneous_Condition_1_NT_TestCase4,T
Using_Erroneous_Condition_1_NT_TestCase5,T
Using_Erroneous_Condition_1_NT_TestCase6,T
Using_Erroneous_Condition_1_NT_TestCase7,T
Using_Erroneous_Condition_1_NT_TestCase8,T
Using_Erroneous_Condition_1_NT_TestCase9,T
Using_Erroneous_Condition_1_NT_TestCase10,T
Using_Erroneous_Condition_1_NT_TestCase11,NT
Using_Erroneous_Condition_1_NT_TestCase12,NT
Using_Erroneous_Condition_1_NT_TestCase13,NT
Using_Erroneous_Condition_1_NT_TestCase14,NT
Using_Erroneous_Condition_1_NT_TestCase15,NT
Using_Erroneous_Condition_1_NT_TestCase16,NT
Using_Erroneous_Condition_1_NT_TestCase17,NT
Using_Erroneous_Condition_1_NT_TestCase18,NT
Using_Erroneous_Condition_1_NT_TestCase19,NT
Using_Erroneous_Condition_1_NT_TestCase20,NT
Using_Erroneous_Condition_1_NT_Loop39_TestCase1,T
Using_Erroneous_Condition_1_NT_Loop39_TestCase2,T
Using_Erroneous_Condition_1_NT_Loop39_TestCase3,T
Using_Erroneous_Condition_1_NT_Loop39_TestCase4,T
Using_Erroneous_Condition_1_NT_Loop39_TestCase5,T
Using_Erroneous_Condition_1_NT_Loop39_TestCase6,T
Using_Erroneous_Condition_1_NT_Loop39_TestCase7,T
Using_Erroneous_Condition_1_NT_Loop39_TestCase8,T
Using_Erroneous_Condition_1_NT_Loop39_TestCase9,T
Using_Erroneous_Condition_1_NT_Loop39_TestCase10,T
Using_Erroneous_Condition_1_NT_Loop39_TestCase11,NT
Using_Erroneous_Condition_1_NT_Loop39_TestCase12,NT
Using_Erroneous_Condition_1_NT_Loop39_TestCase13,NT
Using_Erroneous_Condition_1_NT_Loop39_TestCase14,NT
Using_Erroneous_Condition_1_NT_Loop39_TestCase15,NT
Using_Erroneous_Condition_1_NT_Loop39_TestCase16,NT
Using_Erroneous_Condition_1_NT_Loop39_TestCase17,NT
Using_Erroneous_Condition_1_NT_Loop39_TestCase18,NT
Using_Erroneous_Condition_1_NT_Loop39_TestCase19,NT
Using_Erroneous_Condition_1_NT_Loop39_TestCase20,NT
Using_Erroneous_Condition_1_NT_TestCase1_Loop39,T
Using_Erroneous_Condition_1_NT_TestCase2_Loop39,T
Using_Erroneous_Condition_1_NT_TestCase3_Loop39,T
Using_Erroneous_Condition_1_NT_TestCase4_Loop39,T
Using_Erroneous_Condition_1_NT_TestCase5_Loop39,T
Using_Erroneous_Condition_1_NT_TestCase6_Loop39,T
Using_Erroneous_Condition_1_NT_TestCase7_Loop39,T
Using_Erroneous_Condition_1_NT_TestCase8_Loop39,T
Using_Erroneous_Condition_1_NT_TestCase9_Loop39,T
Using_Erroneous_Condition_1_NT_TestCase10_Loop39,T
Using_Erroneous_Condition_1_NT_TestCase11_Loop39,NT
Using_Erroneous_Condition_1_NT_TestCase12_Loop39,NT
Using_Erroneous_Condition_1_NT_TestCase13_Loop39,NT
Using_Erroneous_Condition_1_NT_TestCase14_Loop39,NT
Using_Erroneous_Condition_1_NT_TestCase15_Loop39,NT
Using_Erroneous_Condition_1_NT_TestCase16_Loop39,NT
Using_Erroneous_Condition_1_NT_TestCase17_Loop39,NT
Using_Erroneous_Condition_1_NT_TestCase18_Loop39,NT
Using_Erroneous_Condition_1_NT_TestCase19_Loop39,NT
Using_Erroneous_Condition_1_NT_TestCase20_Loop39,NT
Using_Erroneous_Condition_1_T,T
Using_Erroneous_Condition_1_T_Loop39,T
Using_Erroneous_Condition_1_T_TestCase1,T
Using_Erroneous_Condition_1_T_TestCase2,T
Using_Erroneous_Condition_1_T_TestCase3,T
Using_Erroneous_Condition_1_T_TestCase4,T
Using_Erroneous_Condition_1_T_TestCase5,T
Using_Erroneous_Condition_1_T_TestCase6,T
Using_Erroneous_Condition_1_T_TestCase7,T
Using_Erroneous_Condition_1_T_TestCase8,T
Using_Erroneous_Condition_1_T_TestCase9,T
Using_Erroneous_Condition_1_T_TestCase10,T
Using_Erroneous_Condition_1_T_TestCase11,T
Using_Erroneous_Condition_1_T_TestCase12,T
Using_Erroneous_Condition_1_T_TestCase13,T
Using_Erroneous_Condition_1_T_TestCase14,T
Using_Erroneous_Condition_1_T_TestCase15,T
Using_Erroneous_Condition_1_T_TestCase16,T
Using_Erroneous_Condition_1_T_TestCase17,T
Using_Erroneous_Condition_1_T_TestCase18,T
Using_Erroneous_Condition_1_T_TestCase19,T
Using_Erroneous_Condition_1_T_TestCase20,T
Using_Erroneous_Condition_1_T_Loop39_TestCase1,T
Using_Erroneous_Condition_1_T_Loop39_TestCase2,T
Using_Erroneous_Condition_1_T_Loop39_TestCase3,T
Using_Erroneous_Condition_1_T_Loop39_TestCase4,T
Using_Erroneous_Condition_1_T_Loop39_TestCase5,T
Using_Erroneous_Condition_1_T_Loop39_TestCase6,T
Using_Erroneous_Condition_1_T_Loop39_TestCase7,T
Using_Erroneous_Condition_1_T_Loop39_TestCase8,T
Using_Erroneous_Condition_1_T_Loop39_TestCase9,T
Using_Erroneous_Condition_1_T_Loop39_TestCase10,T
Using_Erroneous_Condition_1_T_Loop39_TestCase11,T
Using_Erroneous_Condition_1_T_Loop39_TestCase12,T
Using_Erroneous_Condition_1_T_Loop39_TestCase13,T
Using_Erroneous_Condition_1_T_Loop39_TestCase14,T
Using_Erroneous_Condition_1_T_Loop39_TestCase15,T
Using_Erroneous_Condition_1_T_Loop39_TestCase16,T
Using_Erroneous_Condition_1_T_Loop39_TestCase17,T
Using_Erroneous_Condition_1_T_Loop39_TestCase18,T
Using_Erroneous_Condition_1_T_Loop39_TestCase19,T
Using_Erroneous_Condition_1_T_Loop39_TestCase20,T
Using_Erroneous_Condition_1_T_TestCase1_Loop39,T
Using_Erroneous_Condition_1_T_TestCase2_Loop39,T
Using_Erroneous_Condition_1_T_TestCase3_Loop39,T
Using_Erroneous_Condition_1_T_TestCase4_Loop39,T
Using_Erroneous_Condition_1_T_TestCase5_Loop39,T
Using_Erroneous_Condition_1_T_TestCase6_Loop39,T
Using_Erroneous_Condition_1_T_TestCase7_Loop39,T
Using_Erroneous_Condition_1_T_TestCase8_Loop39,T
Using_Erroneous_Condition_1_T_TestCase9_Loop39,T
Using_Erroneous_Condition_1_T_TestCase10_Loop39,T
Using_Erroneous_Condition_1_T_TestCase11_Loop39,T
Using_Erroneous_Condition_1_T_TestCase12_Loop39,T
Using_Erroneous_Condition_1_T_TestCase13_Loop39,T
Using_Erroneous_Condition_1_T_TestCase14_Loop39,T
Using_Erroneous_Condition_1_T_TestCase15_Loop39,T
Using_Erroneous_Condition_1_T_TestCase16_Loop39,T
Using_Erroneous_Condition_1_T_TestCase17_Loop39,T
Using_Erroneous_Condition_1_T_TestCase18_Loop39,T
Using_Erroneous_Condition_1_T_TestCase19_Loop39,T
Using_Erroneous_Condition_1_T_TestCase20_Loop39,T
Using_Erroneous_Condition_2_NT,NT
Using_Erroneous_Condition_2_NT_Loop16,NT
Using_Erroneous_Condition_2_NT_TestCase1,T
Using_Erroneous_Condition_2_NT_TestCase2,T
Using_Erroneous_Condition_2_NT_TestCase3,T
Using_Erroneous_Condition_2_NT_TestCase4,T
Using_Erroneous_Condition_2_NT_TestCase5,T
Using_Erroneous_Condition_2_NT_TestCase6,T
Using_Erroneous_Condition_2_NT_TestCase7,T
Using_Erroneous_Condition_2_NT_TestCase8,T
Using_Erroneous_Condition_2_NT_TestCase9,T
Using_Erroneous_Condition_2_NT_TestCase10,T
Using_Erroneous_Condition_2_NT_TestCase11,NT
Using_Erroneous_Condition_2_NT_TestCase12,NT
Using_Erroneous_Condition_2_NT_TestCase13,NT
Using_Erroneous_Condition_2_NT_TestCase14,NT
Using_Erroneous_Condition_2_NT_TestCase15,NT
Using_Erroneous_Condition_2_NT_TestCase16,NT
Using_Erroneous_Condition_2_NT_TestCase17,NT
Using_Erroneous_Condition_2_NT_TestCase18,NT
Using_Erroneous_Condition_2_NT_TestCase19,NT
Using_Erroneous_Condition_2_NT_TestCase20,NT
Using_Erroneous_Condition_2_NT_Loop16_TestCase1,T
Using_Erroneous_Condition_2_NT_Loop16_TestCase2,T
Using_Erroneous_Condition_2_NT_Loop16_TestCase3,T
Using_Erroneous_Condition_2_NT_Loop16_TestCase4,T
Using_Erroneous_Condition_2_NT_Loop16_TestCase5,T
Using_Erroneous_Condition_2_NT_Loop16_TestCase6,T
Using_Erroneous_Condition_2_NT_Loop16_TestCase7,T
Using_Erroneous_Condition_2_NT_Loop16_TestCase8,T
Using_Erroneous_Condition_2_NT_Loop16_TestCase9,T
Using_Erroneous_Condition_2_NT_Loop16_TestCase10,T
Using_Erroneous_Condition_2_NT_Loop16_TestCase11,NT
Using_Erroneous_Condition_2_NT_Loop16_TestCase12,NT
Using_Erroneous_Condition_2_NT_Loop16_TestCase13,NT
Using_Erroneous_Condition_2_NT_Loop16_TestCase14,NT
Using_Erroneous_Condition_2_NT_Loop16_TestCase15,NT
Using_Erroneous_Condition_2_NT_Loop16_TestCase16,NT
Using_Erroneous_Condition_2_NT_Loop16_TestCase17,NT
Using_Erroneous_Condition_2_NT_Loop16_TestCase18,NT
Using_Erroneous_Condition_2_NT_Loop16_TestCase19,NT
Using_Erroneous_Condition_2_NT_Loop16_TestCase20,NT
Using_Erroneous_Condition_2_NT_TestCase1_Loop16,T
Using_Erroneous_Condition_2_NT_TestCase2_Loop16,T
Using_Erroneous_Condition_2_NT_TestCase3_Loop16,T
Using_Erroneous_Condition_2_NT_TestCase4_Loop16,T
Using_Erroneous_Condition_2_NT_TestCase5_Loop16,T
Using_Erroneous_Condition_2_NT_TestCase6_Loop16,T
Using_Erroneous_Condition_2_NT_TestCase7_Loop16,T
Using_Erroneous_Condition_2_NT_TestCase8_Loop16,T
Using_Erroneous_Condition_2_NT_TestCase9_Loop16,T
Using_Erroneous_Condition_2_NT_TestCase10_Loop16,T
Using_Erroneous_Condition_2_NT_TestCase11_Loop16,NT
Using_Erroneous_Condition_2_NT_TestCase12_Loop16,NT
Using_Erroneous_Condition_2_NT_TestCase13_Loop16,NT
Using_Erroneous_Condition_2_NT_TestCase14_Loop16,NT
Using_Erroneous_Condition_2_NT_TestCase15_Loop16,NT
Using_Erroneous_Condition_2_NT_TestCase16_Loop16,NT
Using_Erroneous_Condition_2_NT_TestCase17_Loop16,NT
Using_Erroneous_Condition_2_NT_TestCase18_Loop16,NT
Using_Erroneous_Condition_2_NT_TestCase19_Loop16,NT
Using_Erroneous_Condition_2_NT_TestCase20_Loop16,NT
Using_Erroneous_Condition_2_T,T
Using_Erroneous_Condition_2_T_Loop15,T
Using_Erroneous_Condition_2_T_TestCase1,T
Using_Erroneous_Condition_2_T_TestCase2,T
Using_Erroneous_Condition_2_T_TestCase3,T
Using_Erroneous_Condition_2_T_TestCase4,T
Using_Erroneous_Condition_2_T_TestCase5,T
Using_Erroneous_Condition_2_T_TestCase6,T
Using_Erroneous_Condition_2_T_TestCase7,T
Using_Erroneous_Condition_2_T_TestCase8,T
Using_Erroneous_Condition_2_T_TestCase9,T
Using_Erroneous_Condition_2_T_TestCase10,T
Using_Erroneous_Condition_2_T_TestCase11,T
Using_Erroneous_Condition_2_T_TestCase12,T
Using_Erroneous_Condition_2_T_TestCase13,T
Using_Erroneous_Condition_2_T_TestCase14,T
Using_Erroneous_Condition_2_T_TestCase15,T
Using_Erroneous_Condition_2_T_TestCase16,T
Using_Erroneous_Condition_2_T_TestCase17,T
Using_Erroneous_Condition_2_T_TestCase18,T
Using_Erroneous_Condition_2_T_TestCase19,T
Using_Erroneous_Condition_2_T_TestCase20,T
Using_Erroneous_Condition_2_T_Loop15_TestCase1,T
Using_Erroneous_Condition_2_T_Loop15_TestCase2,T
Using_Erroneous_Condition_2_T_Loop15_TestCase3,T
Using_Erroneous_Condition_2_T_Loop15_TestCase4,T
Using_Erroneous_Condition_2_T_Loop15_TestCase5,T
Using_Erroneous_Condition_2_T_Loop15_TestCase6,T
Using_Erroneous_Condition_2_T_Loop15_TestCase7,T
Using_Erroneous_Condition_2_T_Loop15_TestCase8,T
Using_Erroneous_Condition_2_T_Loop15_TestCase9,T
Using_Erroneous_Condition_2_T_Loop15_TestCase10,T
Using_Erroneous_Condition_2_T_Loop15_TestCase11,T
Using_Erroneous_Condition_2_T_Loop15_TestCase12,T
Using_Erroneous_Condition_2_T_Loop15_TestCase13,T
Using_Erroneous_Condition_2_T_Loop15_TestCase14,T
Using_Erroneous_Condition_2_T_Loop15_TestCase15,T
Using_Erroneous_Condition_2_T_Loop15_TestCase16,T
Using_Erroneous_Condition_2_T_Loop15_TestCase17,T
Using_Erroneous_Condition_2_T_Loop15_TestCase18,T
Using_Erroneous_Condition_2_T_Loop15_TestCase19,T
Using_Erroneous_Condition_2_T_Loop15_TestCase20,T
Using_Erroneous_Condition_2_T_TestCase1_Loop15,T
Using_Erroneous_Condition_2_T_TestCase2_Loop15,T
Using_Erroneous_Condition_2_T_TestCase3_Loop15,T
Using_Erroneous_Condition_2_T_TestCase4_Loop15,T
Using_Erroneous_Condition_2_T_TestCase5_Loop15,T
Using_Erroneous_Condition_2_T_TestCase6_Loop15,T
Using_Erroneous_Condition_2_T_TestCase7_Loop15,T
Using_Erroneous_Condition_2_T_TestCase8_Loop15,T
Using_Erroneous_Condition_2_T_TestCase9_Loop15,T
Using_Erroneous_Condition_2_T_TestCase10_Loop15,T
Using_Erroneous_Condition_2_T_TestCase11_Loop15,T
Using_Erroneous_Condition_2_T_TestCase12_Loop15,T
Using_Erroneous_Condition_2_T_TestCase13_Loop15,T
Using_Erroneous_Condition_2_T_TestCase14_Loop15,T
Using_Erroneous_Condition_2_T_TestCase15_Loop15,T
Using_Erroneous_Condition_2_T_TestCase16_Loop15,T
Using_Erroneous_Condition_2_T_TestCase17_Loop15,T
Using_Erroneous_Condition_2_T_TestCase18_Loop15,T
Using_Erroneous_Condition_2_T_TestCase19_Loop15,T
Using_Erroneous_Condition_2_T_TestCase20_Loop15,T
Using_Erroneous_Condition_3_NT,NT
Using_Erroneous_Condition_3_NT_Loop17,T
Using_Erroneous_Condition_3_NT_Loop24,NT
Using_Erroneous_Condition_3_NT_Loop27,NT
Using_Erroneous_Condition_3_NT_TestCase1,T
Using_Erroneous_Condition_3_NT_TestCase2,T
Using_Erroneous_Condition_3_NT_TestCase3,T
Using_Erroneous_Condition_3_NT_TestCase4,T
Using_Erroneous_Condition_3_NT_TestCase5,T
Using_Erroneous_Condition_3_NT_TestCase6,T
Using_Erroneous_Condition_3_NT_TestCase7,T
Using_Erroneous_Condition_3_NT_TestCase8,T
Using_Erroneous_Condition_3_NT_TestCase9,T
Using_Erroneous_Condition_3_NT_TestCase10,T
Using_Erroneous_Condition_3_NT_TestCase11,NT
Using_Erroneous_Condition_3_NT_TestCase12,NT
Using_Erroneous_Condition_3_NT_TestCase13,NT
Using_Erroneous_Condition_3_NT_TestCase14,NT
Using_Erroneous_Condition_3_NT_TestCase15,NT
Using_Erroneous_Condition_3_NT_TestCase16,NT
Using_Erroneous_Condition_3_NT_TestCase17,NT
Using_Erroneous_Condition_3_NT_TestCase18,NT
Using_Erroneous_Condition_3_NT_TestCase19,NT
Using_Erroneous_Condition_3_NT_TestCase20,NT
Using_Erroneous_Condition_3_NT_Loop17_TestCase1,T
Using_Erroneous_Condition_3_NT_Loop17_TestCase2,T
Using_Erroneous_Condition_3_NT_Loop17_TestCase3,T
Using_Erroneous_Condition_3_NT_Loop17_TestCase4,T
Using_Erroneous_Condition_3_NT_Loop17_TestCase5,T
Using_Erroneous_Condition_3_NT_Loop17_TestCase6,T
Using_Erroneous_Condition_3_NT_Loop17_TestCase7,T
Using_Erroneous_Condition_3_NT_Loop17_TestCase8,T
Using_Erroneous_Condition_3_NT_Loop17_TestCase9,T
Using_Erroneous_Condition_3_NT_Loop17_TestCase10,T
Using_Erroneous_Condition_3_NT_Loop17_TestCase11,T
Using_Erroneous_Condition_3_NT_Loop17_TestCase12,T
Using_Erroneous_Condition_3_NT_Loop17_TestCase13,T
Using_Erroneous_Condition_3_NT_Loop17_TestCase14,T
Using_Erroneous_Condition_3_NT_Loop17_TestCase15,T
Using_Erroneous_Condition_3_NT_Loop17_TestCase16,T
Using_Erroneous_Condition_3_NT_Loop17_TestCase17,T
Using_Erroneous_Condition_3_NT_Loop17_TestCase18,T
Using_Erroneous_Condition_3_NT_Loop17_TestCase19,T
Using_Erroneous_Condition_3_NT_Loop17_TestCase20,T
Using_Erroneous_Condition_3_NT_Loop24_TestCase1,T
Using_Erroneous_Condition_3_NT_Loop24_TestCase2,T
Using_Erroneous_Condition_3_NT_Loop24_TestCase3,T
Using_Erroneous_Condition_3_NT_Loop24_TestCase4,T
Using_Erroneous_Condition_3_NT_Loop24_TestCase5,T
Using_Erroneous_Condition_3_NT_Loop24_TestCase6,T
Using_Erroneous_Condition_3_NT_Loop24_TestCase7,T
Using_Erroneous_Condition_3_NT_Loop24_TestCase8,T
Using_Erroneous_Condition_3_NT_Loop24_TestCase9,T
Using_Erroneous_Condition_3_NT_Loop24_TestCase10,T
Using_Erroneous_Condition_3_NT_Loop24_TestCase11,NT
Using_Erroneous_Condition_3_NT_Loop24_TestCase12,NT
Using_Erroneous_Condition_3_NT_Loop24_TestCase13,NT
Using_Erroneous_Condition_3_NT_Loop24_TestCase14,NT
Using_Erroneous_Condition_3_NT_Loop24_TestCase15,NT
Using_Erroneous_Condition_3_NT_Loop24_TestCase16,NT
Using_Erroneous_Condition_3_NT_Loop24_TestCase17,NT
Using_Erroneous_Condition_3_NT_Loop24_TestCase18,NT
Using_Erroneous_Condition_3_NT_Loop24_TestCase19,NT
Using_Erroneous_Condition_3_NT_Loop24_TestCase20,NT
Using_Erroneous_Condition_3_NT_Loop27_TestCase1,T
Using_Erroneous_Condition_3_NT_Loop27_TestCase2,T
Using_Erroneous_Condition_3_NT_Loop27_TestCase3,T
Using_Erroneous_Condition_3_NT_Loop27_TestCase4,T
Using_Erroneous_Condition_3_NT_Loop27_TestCase5,T
Using_Erroneous_Condition_3_NT_Loop27_TestCase6,T
Using_Erroneous_Condition_3_NT_Loop27_TestCase7,T
Using_Erroneous_Condition_3_NT_Loop27_TestCase8,T
Using_Erroneous_Condition_3_NT_Loop27_TestCase9,T
Using_Erroneous_Condition_3_NT_Loop27_TestCase10,T
Using_Erroneous_Condition_3_NT_Loop27_TestCase11,NT
Using_Erroneous_Condition_3_NT_Loop27_TestCase12,NT
Using_Erroneous_Condition_3_NT_Loop27_TestCase13,NT
Using_Erroneous_Condition_3_NT_Loop27_TestCase14,NT
Using_Erroneous_Condition_3_NT_Loop27_TestCase15,NT
Using_Erroneous_Condition_3_NT_Loop27_TestCase16,NT
Using_Erroneous_Condition_3_NT_Loop27_TestCase17,NT
Using_Erroneous_Condition_3_NT_Loop27_TestCase18,NT
Using_Erroneous_Condition_3_NT_Loop27_TestCase19,NT
Using_Erroneous_Condition_3_NT_Loop27_TestCase20,NT
Using_Erroneous_Condition_3_NT_TestCase1_Loop17,T
Using_Erroneous_Condition_3_NT_TestCase2_Loop17,T
Using_Erroneous_Condition_3_NT_TestCase3_Loop17,T
Using_Erroneous_Condition_3_NT_TestCase4_Loop17,T
Using_Erroneous_Condition_3_NT_TestCase5_Loop17,T
Using_Erroneous_Condition_3_NT_TestCase6_Loop17,T
Using_Erroneous_Condition_3_NT_TestCase7_Loop17,T
Using_Erroneous_Condition_3_NT_TestCase8_Loop17,T
Using_Erroneous_Condition_3_NT_TestCase9_Loop17,T
Using_Erroneous_Condition_3_NT_TestCase10_Loop17,T
Using_Erroneous_Condition_3_NT_TestCase11_Loop17,T
Using_Erroneous_Condition_3_NT_TestCase12_Loop17,T
Using_Erroneous_Condition_3_NT_TestCase13_Loop17,T
Using_Erroneous_Condition_3_NT_TestCase14_Loop17,T
Using_Erroneous_Condition_3_NT_TestCase15_Loop17,T
Using_Erroneous_Condition_3_NT_TestCase16_Loop17,T
Using_Erroneous_Condition_3_NT_TestCase17_Loop17,T
Using_Erroneous_Condition_3_NT_TestCase18_Loop17,T
Using_Erroneous_Condition_3_NT_TestCase19_Loop17,T
Using_Erroneous_Condition_3_NT_TestCase20_Loop17,T
Using_Erroneous_Condition_3_NT_TestCase1_Loop24,T
Using_Erroneous_Condition_3_NT_TestCase2_Loop24,T
Using_Erroneous_Condition_3_NT_TestCase3_Loop24,T
Using_Erroneous_Condition_3_NT_TestCase4_Loop24,T
Using_Erroneous_Condition_3_NT_TestCase5_Loop24,T
Using_Erroneous_Condition_3_NT_TestCase6_Loop24,T
Using_Erroneous_Condition_3_NT_TestCase7_Loop24,T
Using_Erroneous_Condition_3_NT_TestCase8_Loop24,T
Using_Erroneous_Condition_3_NT_TestCase9_Loop24,T
Using_Erroneous_Condition_3_NT_TestCase10_Loop24,T
Using_Erroneous_Condition_3_NT_TestCase11_Loop24,NT
Using_Erroneous_Condition_3_NT_TestCase12_Loop24,NT
Using_Erroneous_Condition_3_NT_TestCase13_Loop24,NT
Using_Erroneous_Condition_3_NT_TestCase14_Loop24,NT
Using_Erroneous_Condition_3_NT_TestCase15_Loop24,NT
Using_Erroneous_Condition_3_NT_TestCase16_Loop24,NT
Using_Erroneous_Condition_3_NT_TestCase17_Loop24,NT
Using_Erroneous_Condition_3_NT_TestCase18_Loop24,NT
Using_Erroneous_Condition_3_NT_TestCase19_Loop24,NT
Using_Erroneous_Condition_3_NT_TestCase20_Loop24,NT
Using_Erroneous_Condition_3_NT_TestCase1_Loop27,T
Using_Erroneous_Condition_3_NT_TestCase2_Loop27,T
Using_Erroneous_Condition_3_NT_TestCase3_Loop27,T
Using_Erroneous_Condition_3_NT_TestCase4_Loop27,T
Using_Erroneous_Condition_3_NT_TestCase5_Loop27,T
Using_Erroneous_Condition_3_NT_TestCase6_Loop27,T
Using_Erroneous_Condition_3_NT_TestCase7_Loop27,T
Using_Erroneous_Condition_3_NT_TestCase8_Loop27,T
Using_Erroneous_Condition_3_NT_TestCase9_Loop27,T
Using_Erroneous_Condition_3_NT_TestCase10_Loop27,T
Using_Erroneous_Condition_3_NT_TestCase11_Loop27,NT
Using_Erroneous_Condition_3_NT_TestCase12_Loop27,NT
Using_Erroneous_Condition_3_NT_TestCase13_Loop27,NT
Using_Erroneous_Condition_3_NT_TestCase14_Loop27,NT
Using_Erroneous_Condition_3_NT_TestCase15_Loop27,NT
Using_Erroneous_Condition_3_NT_TestCase16_Loop27,NT
Using_Erroneous_Condition_3_NT_TestCase17_Loop27,NT
Using_Erroneous_Condition_3_NT_TestCase18_Loop27,NT
Using_Erroneous_Condition_3_NT_TestCase19_Loop27,NT
Using_Erroneous_Condition_3_NT_TestCase20_Loop27,NT
Using_Erroneous_Condition_3_T,T
Using_Erroneous_Condition_3_T_Loop17,T
Using_Erroneous_Condition_3_T_Loop24,T
Using_Erroneous_Condition_3_T_Loop27,T
Using_Erroneous_Condition_3_T_TestCase1,T
Using_Erroneous_Condition_3_T_TestCase2,T
Using_Erroneous_Condition_3_T_TestCase3,T
Using_Erroneous_Condition_3_T_TestCase4,T
Using_Erroneous_Condition_3_T_TestCase5,T
Using_Erroneous_Condition_3_T_TestCase6,T
Using_Erroneous_Condition_3_T_TestCase7,T
Using_Erroneous_Condition_3_T_TestCase8,T
Using_Erroneous_Condition_3_T_TestCase9,T
Using_Erroneous_Condition_3_T_TestCase10,T
Using_Erroneous_Condition_3_T_TestCase11,T
Using_Erroneous_Condition_3_T_TestCase12,T
Using_Erroneous_Condition_3_T_TestCase13,T
Using_Erroneous_Condition_3_T_TestCase14,T
Using_Erroneous_Condition_3_T_TestCase15,T
Using_Erroneous_Condition_3_T_TestCase16,T
Using_Erroneous_Condition_3_T_TestCase17,T
Using_Erroneous_Condition_3_T_TestCase18,T
Using_Erroneous_Condition_3_T_TestCase19,T
Using_Erroneous_Condition_3_T_TestCase20,T
Using_Erroneous_Condition_3_T_Loop17_TestCase1,T
Using_Erroneous_Condition_3_T_Loop17_TestCase2,T
Using_Erroneous_Condition_3_T_Loop17_TestCase3,T
Using_Erroneous_Condition_3_T_Loop17_TestCase4,T
Using_Erroneous_Condition_3_T_Loop17_TestCase5,T
Using_Erroneous_Condition_3_T_Loop17_TestCase6,T
Using_Erroneous_Condition_3_T_Loop17_TestCase7,T
Using_Erroneous_Condition_3_T_Loop17_TestCase8,T
Using_Erroneous_Condition_3_T_Loop17_TestCase9,T
Using_Erroneous_Condition_3_T_Loop17_TestCase10,T
Using_Erroneous_Condition_3_T_Loop17_TestCase11,T
Using_Erroneous_Condition_3_T_Loop17_TestCase12,T
Using_Erroneous_Condition_3_T_Loop17_TestCase13,T
Using_Erroneous_Condition_3_T_Loop17_TestCase14,T
Using_Erroneous_Condition_3_T_Loop17_TestCase15,T
Using_Erroneous_Condition_3_T_Loop17_TestCase16,T
Using_Erroneous_Condition_3_T_Loop17_TestCase17,T
Using_Erroneous_Condition_3_T_Loop17_TestCase18,T
Using_Erroneous_Condition_3_T_Loop17_TestCase19,T
Using_Erroneous_Condition_3_T_Loop17_TestCase20,T
Using_Erroneous_Condition_3_T_Loop24_TestCase1,T
Using_Erroneous_Condition_3_T_Loop24_TestCase2,T
Using_Erroneous_Condition_3_T_Loop24_TestCase3,T
Using_Erroneous_Condition_3_T_Loop24_TestCase4,T
Using_Erroneous_Condition_3_T_Loop24_TestCase5,T
Using_Erroneous_Condition_3_T_Loop24_TestCase6,T
Using_Erroneous_Condition_3_T_Loop24_TestCase7,T
Using_Erroneous_Condition_3_T_Loop24_TestCase8,T
Using_Erroneous_Condition_3_T_Loop24_TestCase9,T
Using_Erroneous_Condition_3_T_Loop24_TestCase10,T
Using_Erroneous_Condition_3_T_Loop24_TestCase11,T
Using_Erroneous_Condition_3_T_Loop24_TestCase12,T
Using_Erroneous_Condition_3_T_Loop24_TestCase13,T
Using_Erroneous_Condition_3_T_Loop24_TestCase14,T
Using_Erroneous_Condition_3_T_Loop24_TestCase15,T
Using_Erroneous_Condition_3_T_Loop24_TestCase16,T
Using_Erroneous_Condition_3_T_Loop24_TestCase17,T
Using_Erroneous_Condition_3_T_Loop24_TestCase18,T
Using_Erroneous_Condition_3_T_Loop24_TestCase19,T
Using_Erroneous_Condition_3_T_Loop24_TestCase20,T
Using_Erroneous_Condition_3_T_Loop27_TestCase1,T
Using_Erroneous_Condition_3_T_Loop27_TestCase2,T
Using_Erroneous_Condition_3_T_Loop27_TestCase3,T
Using_Erroneous_Condition_3_T_Loop27_TestCase4,T
Using_Erroneous_Condition_3_T_Loop27_TestCase5,T
Using_Erroneous_Condition_3_T_Loop27_TestCase6,T
Using_Erroneous_Condition_3_T_Loop27_TestCase7,T
Using_Erroneous_Condition_3_T_Loop27_TestCase8,T
Using_Erroneous_Condition_3_T_Loop27_TestCase9,T
Using_Erroneous_Condition_3_T_Loop27_TestCase10,T
Using_Erroneous_Condition_3_T_Loop27_TestCase11,T
Using_Erroneous_Condition_3_T_Loop27_TestCase12,T
Using_Erroneous_Condition_3_T_Loop27_TestCase13,T
Using_Erroneous_Condition_3_T_Loop27_TestCase14,T
Using_Erroneous_Condition_3_T_Loop27_TestCase15,T
Using_Erroneous_Condition_3_T_Loop27_TestCase16,T
Using_Erroneous_Condition_3_T_Loop27_TestCase17,T
Using_Erroneous_Condition_3_T_Loop27_TestCase18,T
Using_Erroneous_Condition_3_T_Loop27_TestCase19,T
Using_Erroneous_Condition_3_T_Loop27_TestCase20,T
Using_Erroneous_Condition_3_T_TestCase1_Loop17,T
Using_Erroneous_Condition_3_T_TestCase2_Loop17,T
Using_Erroneous_Condition_3_T_TestCase3_Loop17,T
Using_Erroneous_Condition_3_T_TestCase4_Loop17,T
Using_Erroneous_Condition_3_T_TestCase5_Loop17,T
Using_Erroneous_Condition_3_T_TestCase6_Loop17,T
Using_Erroneous_Condition_3_T_TestCase7_Loop17,T
Using_Erroneous_Condition_3_T_TestCase8_Loop17,T
Using_Erroneous_Condition_3_T_TestCase9_Loop17,T
Using_Erroneous_Condition_3_T_TestCase10_Loop17,T
Using_Erroneous_Condition_3_T_TestCase11_Loop17,T
Using_Erroneous_Condition_3_T_TestCase12_Loop17,T
Using_Erroneous_Condition_3_T_TestCase13_Loop17,T
Using_Erroneous_Condition_3_T_TestCase14_Loop17,T
Using_Erroneous_Condition_3_T_TestCase15_Loop17,T
Using_Erroneous_Condition_3_T_TestCase16_Loop17,T
Using_Erroneous_Condition_3_T_TestCase17_Loop17,T
Using_Erroneous_Condition_3_T_TestCase18_Loop17,T
Using_Erroneous_Condition_3_T_TestCase19_Loop17,T
Using_Erroneous_Condition_3_T_TestCase20_Loop17,T
Using_Erroneous_Condition_3_T_TestCase1_Loop24,T
Using_Erroneous_Condition_3_T_TestCase2_Loop24,T
Using_Erroneous_Condition_3_T_TestCase3_Loop24,T
Using_Erroneous_Condition_3_T_TestCase4_Loop24,T
Using_Erroneous_Condition_3_T_TestCase5_Loop24,T
Using_Erroneous_Condition_3_T_TestCase6_Loop24,T
Using_Erroneous_Condition_3_T_TestCase7_Loop24,T
Using_Erroneous_Condition_3_T_TestCase8_Loop24,T
Using_Erroneous_Condition_3_T_TestCase9_Loop24,T
Using_Erroneous_Condition_3_T_TestCase10_Loop24,T
Using_Erroneous_Condition_3_T_TestCase11_Loop24,T
Using_Erroneous_Condition_3_T_TestCase12_Loop24,T
Using_Erroneous_Condition_3_T_TestCase13_Loop24,T
Using_Erroneous_Condition_3_T_TestCase14_Loop24,T
Using_Erroneous_Condition_3_T_TestCase15_Loop24,T
Using_Erroneous_Condition_3_T_TestCase16_Loop24,T
Using_Erroneous_Condition_3_T_TestCase17_Loop24,T
Using_Erroneous_Condition_3_T_TestCase18_Loop24,T
Using_Erroneous_Condition_3_T_TestCase19_Loop24,T
Using_Erroneous_Condition_3_T_TestCase20_Loop24,T
Using_Erroneous_Condition_3_T_TestCase1_Loop27,T
Using_Erroneous_Condition_3_T_TestCase2_Loop27,T
Using_Erroneous_Condition_3_T_TestCase3_Loop27,T
Using_Erroneous_Condition_3_T_TestCase4_Loop27,T
Using_Erroneous_Condition_3_T_TestCase5_Loop27,T
Using_Erroneous_Condition_3_T_TestCase6_Loop27,T
Using_Erroneous_Condition_3_T_TestCase7_Loop27,T
Using_Erroneous_Condition_3_T_TestCase8_Loop27,T
Using_Erroneous_Condition_3_T_TestCase9_Loop27,T
Using_Erroneous_Condition_3_T_TestCase10_Loop27,T
Using_Erroneous_Condition_3_T_TestCase11_Loop27,T
Using_Erroneous_Condition_3_T_TestCase12_Loop27,T
Using_Erroneous_Condition_3_T_TestCase13_Loop27,T
Using_Erroneous_Condition_3_T_TestCase14_Loop27,T
Using_Erroneous_Condition_3_T_TestCase15_Loop27,T
Using_Erroneous_Condition_3_T_TestCase16_Loop27,T
Using_Erroneous_Condition_3_T_TestCase17_Loop27,T
Using_Erroneous_Condition_3_T_TestCase18_Loop27,T
Using_Erroneous_Condition_3_T_TestCase19_Loop27,T
Using_Erroneous_Condition_3_T_TestCase20_Loop27,T
Incorrect_Arguments_1_NT,NT
Incorrect_Arguments_1_NT_Loop0,NT
Incorrect_Arguments_1_NT_TestCase1,T
Incorrect_Arguments_1_NT_TestCase2,T
Incorrect_Arguments_1_NT_TestCase3,T
Incorrect_Arguments_1_NT_TestCase4,T
Incorrect_Arguments_1_NT_TestCase5,T
Incorrect_Arguments_1_NT_TestCase6,T
Incorrect_Arguments_1_NT_TestCase7,T
Incorrect_Arguments_1_NT_TestCase8,T
Incorrect_Arguments_1_NT_TestCase9,T
Incorrect_Arguments_1_NT_TestCase10,T
Incorrect_Arguments_1_NT_TestCase11,NT
Incorrect_Arguments_1_NT_TestCase12,NT
Incorrect_Arguments_1_NT_TestCase13,NT
Incorrect_Arguments_1_NT_TestCase14,NT
Incorrect_Arguments_1_NT_TestCase15,NT
Incorrect_Arguments_1_NT_TestCase16,NT
Incorrect_Arguments_1_NT_TestCase17,NT
Incorrect_Arguments_1_NT_TestCase18,NT
Incorrect_Arguments_1_NT_TestCase19,NT
Incorrect_Arguments_1_NT_TestCase20,NT
Incorrect_Arguments_1_NT_Loop0_TestCase1,T
Incorrect_Arguments_1_NT_Loop0_TestCase2,T
Incorrect_Arguments_1_NT_Loop0_TestCase3,T
Incorrect_Arguments_1_NT_Loop0_TestCase4,T
Incorrect_Arguments_1_NT_Loop0_TestCase5,T
Incorrect_Arguments_1_NT_Loop0_TestCase6,T
Incorrect_Arguments_1_NT_Loop0_TestCase7,T
Incorrect_Arguments_1_NT_Loop0_TestCase8,T
Incorrect_Arguments_1_NT_Loop0_TestCase9,T
Incorrect_Arguments_1_NT_Loop0_TestCase10,T
Incorrect_Arguments_1_NT_Loop0_TestCase11,NT
Incorrect_Arguments_1_NT_Loop0_TestCase12,NT
Incorrect_Arguments_1_NT_Loop0_TestCase13,NT
Incorrect_Arguments_1_NT_Loop0_TestCase14,NT
Incorrect_Arguments_1_NT_Loop0_TestCase15,NT
Incorrect_Arguments_1_NT_Loop0_TestCase16,NT
Incorrect_Arguments_1_NT_Loop0_TestCase17,NT
Incorrect_Arguments_1_NT_Loop0_TestCase18,NT
Incorrect_Arguments_1_NT_Loop0_TestCase19,NT
Incorrect_Arguments_1_NT_Loop0_TestCase20,NT
Incorrect_Arguments_1_NT_TestCase1_Loop0,T
Incorrect_Arguments_1_NT_TestCase2_Loop0,T
Incorrect_Arguments_1_NT_TestCase3_Loop0,T
Incorrect_Arguments_1_NT_TestCase4_Loop0,T
Incorrect_Arguments_1_NT_TestCase5_Loop0,T
Incorrect_Arguments_1_NT_TestCase6_Loop0,T
Incorrect_Arguments_1_NT_TestCase7_Loop0,T
Incorrect_Arguments_1_NT_TestCase8_Loop0,T
Incorrect_Arguments_1_NT_TestCase9_Loop0,T
Incorrect_Arguments_1_NT_TestCase10_Loop0,T
Incorrect_Arguments_1_NT_TestCase11_Loop0,NT
Incorrect_Arguments_1_NT_TestCase12_Loop0,NT
Incorrect_Arguments_1_NT_TestCase13_Loop0,NT
Incorrect_Arguments_1_NT_TestCase14_Loop0,NT
Incorrect_Arguments_1_NT_TestCase15_Loop0,NT
Incorrect_Arguments_1_NT_TestCase16_Loop0,NT
Incorrect_Arguments_1_NT_TestCase17_Loop0,NT
Incorrect_Arguments_1_NT_TestCase18_Loop0,NT
Incorrect_Arguments_1_NT_TestCase19_Loop0,NT
Incorrect_Arguments_1_NT_TestCase20_Loop0,NT
Incorrect_Arguments_1_T,T
Incorrect_Arguments_1_T_Loop0,T
Incorrect_Arguments_1_T_TestCase1,T
Incorrect_Arguments_1_T_TestCase2,T
Incorrect_Arguments_1_T_TestCase3,T
Incorrect_Arguments_1_T_TestCase4,T
Incorrect_Arguments_1_T_TestCase5,T
Incorrect_Arguments_1_T_TestCase6,T
Incorrect_Arguments_1_T_TestCase7,T
Incorrect_Arguments_1_T_TestCase8,T
Incorrect_Arguments_1_T_TestCase9,T
Incorrect_Arguments_1_T_TestCase10,T
Incorrect_Arguments_1_T_TestCase11,T
Incorrect_Arguments_1_T_TestCase12,T
Incorrect_Arguments_1_T_TestCase13,T
Incorrect_Arguments_1_T_TestCase14,T
Incorrect_Arguments_1_T_TestCase15,T
Incorrect_Arguments_1_T_TestCase16,T
Incorrect_Arguments_1_T_TestCase17,T
Incorrect_Arguments_1_T_TestCase18,T
Incorrect_Arguments_1_T_TestCase19,T
Incorrect_Arguments_1_T_TestCase20,T
Incorrect_Arguments_1_T_Loop0_TestCase1,T
Incorrect_Arguments_1_T_Loop0_TestCase2,T
Incorrect_Arguments_1_T_Loop0_TestCase3,T
Incorrect_Arguments_1_T_Loop0_TestCase4,T
Incorrect_Arguments_1_T_Loop0_TestCase5,T
Incorrect_Arguments_1_T_Loop0_TestCase6,T
Incorrect_Arguments_1_T_Loop0_TestCase7,T
Incorrect_Arguments_1_T_Loop0_TestCase8,T
Incorrect_Arguments_1_T_Loop0_TestCase9,T
Incorrect_Arguments_1_T_Loop0_TestCase10,T
Incorrect_Arguments_1_T_Loop0_TestCase11,T
Incorrect_Arguments_1_T_Loop0_TestCase12,T
Incorrect_Arguments_1_T_Loop0_TestCase13,T
Incorrect_Arguments_1_T_Loop0_TestCase14,T
Incorrect_Arguments_1_T_Loop0_TestCase15,T
Incorrect_Arguments_1_T_Loop0_TestCase16,T
Incorrect_Arguments_1_T_Loop0_TestCase17,T
Incorrect_Arguments_1_T_Loop0_TestCase18,T
Incorrect_Arguments_1_T_Loop0_TestCase19,T
Incorrect_Arguments_1_T_Loop0_TestCase20,T
Incorrect_Arguments_1_T_TestCase1_Loop0,T
Incorrect_Arguments_1_T_TestCase2_Loop0,T
Incorrect_Arguments_1_T_TestCase3_Loop0,T
Incorrect_Arguments_1_T_TestCase4_Loop0,T
Incorrect_Arguments_1_T_TestCase5_Loop0,T
Incorrect_Arguments_1_T_TestCase6_Loop0,T
Incorrect_Arguments_1_T_TestCase7_Loop0,T
Incorrect_Arguments_1_T_TestCase8_Loop0,T
Incorrect_Arguments_1_T_TestCase9_Loop0,T
Incorrect_Arguments_1_T_TestCase10_Loop0,T
Incorrect_Arguments_1_T_TestCase11_Loop0,T
Incorrect_Arguments_1_T_TestCase12_Loop0,T
Incorrect_Arguments_1_T_TestCase13_Loop0,T
Incorrect_Arguments_1_T_TestCase14_Loop0,T
Incorrect_Arguments_1_T_TestCase15_Loop0,T
Incorrect_Arguments_1_T_TestCase16_Loop0,T
Incorrect_Arguments_1_T_TestCase17_Loop0,T
Incorrect_Arguments_1_T_TestCase18_Loop0,T
Incorrect_Arguments_1_T_TestCase19_Loop0,T
Incorrect_Arguments_1_T_TestCase20_Loop0,T
Incorrect_Cyclic_Invoking_1_NT,NT
Incorrect_Cyclic_Invoking_1_NT_Loop0,NT
Incorrect_Cyclic_Invoking_1_NT_TestCase1,T
Incorrect_Cyclic_Invoking_1_NT_TestCase2,T
Incorrect_Cyclic_Invoking_1_NT_TestCase3,T
Incorrect_Cyclic_Invoking_1_NT_TestCase4,T
Incorrect_Cyclic_Invoking_1_NT_TestCase5,T
Incorrect_Cyclic_Invoking_1_NT_TestCase6,T
Incorrect_Cyclic_Invoking_1_NT_TestCase7,T
Incorrect_Cyclic_Invoking_1_NT_TestCase8,T
Incorrect_Cyclic_Invoking_1_NT_TestCase9,T
Incorrect_Cyclic_Invoking_1_NT_TestCase10,T
Incorrect_Cyclic_Invoking_1_NT_TestCase11,NT
Incorrect_Cyclic_Invoking_1_NT_TestCase12,NT
Incorrect_Cyclic_Invoking_1_NT_TestCase13,NT
Incorrect_Cyclic_Invoking_1_NT_TestCase14,NT
Incorrect_Cyclic_Invoking_1_NT_TestCase15,NT
Incorrect_Cyclic_Invoking_1_NT_TestCase16,NT
Incorrect_Cyclic_Invoking_1_NT_TestCase17,NT
Incorrect_Cyclic_Invoking_1_NT_TestCase18,NT
Incorrect_Cyclic_Invoking_1_NT_TestCase19,NT
Incorrect_Cyclic_Invoking_1_NT_TestCase20,NT
Incorrect_Cyclic_Invoking_1_NT_Loop0_TestCase1,T
Incorrect_Cyclic_Invoking_1_NT_Loop0_TestCase2,T
Incorrect_Cyclic_Invoking_1_NT_Loop0_TestCase3,T
Incorrect_Cyclic_Invoking_1_NT_Loop0_TestCase4,T
Incorrect_Cyclic_Invoking_1_NT_Loop0_TestCase5,T
Incorrect_Cyclic_Invoking_1_NT_Loop0_TestCase6,T
Incorrect_Cyclic_Invoking_1_NT_Loop0_TestCase7,T
Incorrect_Cyclic_Invoking_1_NT_Loop0_TestCase8,T
Incorrect_Cyclic_Invoking_1_NT_Loop0_TestCase9,T
Incorrect_Cyclic_Invoking_1_NT_Loop0_TestCase10,T
Incorrect_Cyclic_Invoking_1_NT_Loop0_TestCase11,NT
Incorrect_Cyclic_Invoking_1_NT_Loop0_TestCase12,NT
Incorrect_Cyclic_Invoking_1_NT_Loop0_TestCase13,NT
Incorrect_Cyclic_Invoking_1_NT_Loop0_TestCase14,NT
Incorrect_Cyclic_Invoking_1_NT_Loop0_TestCase15,NT
Incorrect_Cyclic_Invoking_1_NT_Loop0_TestCase16,NT
Incorrect_Cyclic_Invoking_1_NT_Loop0_TestCase17,NT
Incorrect_Cyclic_Invoking_1_NT_Loop0_TestCase18,NT
Incorrect_Cyclic_Invoking_1_NT_Loop0_TestCase19,NT
Incorrect_Cyclic_Invoking_1_NT_Loop0_TestCase20,NT
Incorrect_Cyclic_Invoking_1_NT_TestCase1_Loop0,T
Incorrect_Cyclic_Invoking_1_NT_TestCase2_Loop0,T
Incorrect_Cyclic_Invoking_1_NT_TestCase3_Loop0,T
Incorrect_Cyclic_Invoking_1_NT_TestCase4_Loop0,T
Incorrect_Cyclic_Invoking_1_NT_TestCase5_Loop0,T
Incorrect_Cyclic_Invoking_1_NT_TestCase6_Loop0,T
Incorrect_Cyclic_Invoking_1_NT_TestCase7_Loop0,T
Incorrect_Cyclic_Invoking_1_NT_TestCase8_Loop0,T
Incorrect_Cyclic_Invoking_1_NT_TestCase9_Loop0,T
Incorrect_Cyclic_Invoking_1_NT_TestCase10_Loop0,T
Incorrect_Cyclic_Invoking_1_NT_TestCase11_Loop0,NT
Incorrect_Cyclic_Invoking_1_NT_TestCase12_Loop0,NT
Incorrect_Cyclic_Invoking_1_NT_TestCase13_Loop0,NT
Incorrect_Cyclic_Invoking_1_NT_TestCase14_Loop0,NT
Incorrect_Cyclic_Invoking_1_NT_TestCase15_Loop0,NT
Incorrect_Cyclic_Invoking_1_NT_TestCase16_Loop0,NT
Incorrect_Cyclic_Invoking_1_NT_TestCase17_Loop0,NT
Incorrect_Cyclic_Invoking_1_NT_TestCase18_Loop0,NT
Incorrect_Cyclic_Invoking_1_NT_TestCase19_Loop0,NT
Incorrect_Cyclic_Invoking_1_NT_TestCase20_Loop0,NT
Incorrect_Cyclic_Invoking_1_T,T
Incorrect_Cyclic_Invoking_1_T_Loop0,T
Incorrect_Cyclic_Invoking_1_T_TestCase1,T
Incorrect_Cyclic_Invoking_1_T_TestCase2,T
Incorrect_Cyclic_Invoking_1_T_TestCase3,T
Incorrect_Cyclic_Invoking_1_T_TestCase4,T
Incorrect_Cyclic_Invoking_1_T_TestCase5,T
Incorrect_Cyclic_Invoking_1_T_TestCase6,T
Incorrect_Cyclic_Invoking_1_T_TestCase7,T
Incorrect_Cyclic_Invoking_1_T_TestCase8,T
Incorrect_Cyclic_Invoking_1_T_TestCase9,T
Incorrect_Cyclic_Invoking_1_T_TestCase10,T
Incorrect_Cyclic_Invoking_1_T_TestCase11,T
Incorrect_Cyclic_Invoking_1_T_TestCase12,T
Incorrect_Cyclic_Invoking_1_T_TestCase13,T
Incorrect_Cyclic_Invoking_1_T_TestCase14,T
Incorrect_Cyclic_Invoking_1_T_TestCase15,T
Incorrect_Cyclic_Invoking_1_T_TestCase16,T
Incorrect_Cyclic_Invoking_1_T_TestCase17,T
Incorrect_Cyclic_Invoking_1_T_TestCase18,T
Incorrect_Cyclic_Invoking_1_T_TestCase19,T
Incorrect_Cyclic_Invoking_1_T_TestCase20,T
Incorrect_Cyclic_Invoking_1_T_Loop0_TestCase1,T
Incorrect_Cyclic_Invoking_1_T_Loop0_TestCase2,T
Incorrect_Cyclic_Invoking_1_T_Loop0_TestCase3,T
Incorrect_Cyclic_Invoking_1_T_Loop0_TestCase4,T
Incorrect_Cyclic_Invoking_1_T_Loop0_TestCase5,T
Incorrect_Cyclic_Invoking_1_T_Loop0_TestCase6,T
Incorrect_Cyclic_Invoking_1_T_Loop0_TestCase7,T
Incorrect_Cyclic_Invoking_1_T_Loop0_TestCase8,T
Incorrect_Cyclic_Invoking_1_T_Loop0_TestCase9,T
Incorrect_Cyclic_Invoking_1_T_Loop0_TestCase10,T
Incorrect_Cyclic_Invoking_1_T_Loop0_TestCase11,T
Incorrect_Cyclic_Invoking_1_T_Loop0_TestCase12,T
Incorrect_Cyclic_Invoking_1_T_Loop0_TestCase13,T
Incorrect_Cyclic_Invoking_1_T_Loop0_TestCase14,T
Incorrect_Cyclic_Invoking_1_T_Loop0_TestCase15,T
Incorrect_Cyclic_Invoking_1_T_Loop0_TestCase16,T
Incorrect_Cyclic_Invoking_1_T_Loop0_TestCase17,T
Incorrect_Cyclic_Invoking_1_T_Loop0_TestCase18,T
Incorrect_Cyclic_Invoking_1_T_Loop0_TestCase19,T
Incorrect_Cyclic_Invoking_1_T_Loop0_TestCase20,T
Incorrect_Cyclic_Invoking_1_T_TestCase1_Loop0,T
Incorrect_Cyclic_Invoking_1_T_TestCase2_Loop0,T
Incorrect_Cyclic_Invoking_1_T_TestCase3_Loop0,T
Incorrect_Cyclic_Invoking_1_T_TestCase4_Loop0,T
Incorrect_Cyclic_Invoking_1_T_TestCase5_Loop0,T
Incorrect_Cyclic_Invoking_1_T_TestCase6_Loop0,T
Incorrect_Cyclic_Invoking_1_T_TestCase7_Loop0,T
Incorrect_Cyclic_Invoking_1_T_TestCase8_Loop0,T
Incorrect_Cyclic_Invoking_1_T_TestCase9_Loop0,T
Incorrect_Cyclic_Invoking_1_T_TestCase10_Loop0,T
Incorrect_Cyclic_Invoking_1_T_TestCase11_Loop0,T
Incorrect_Cyclic_Invoking_1_T_TestCase12_Loop0,T
Incorrect_Cyclic_Invoking_1_T_TestCase13_Loop0,T
Incorrect_Cyclic_Invoking_1_T_TestCase14_Loop0,T
Incorrect_Cyclic_Invoking_1_T_TestCase15_Loop0,T
Incorrect_Cyclic_Invoking_1_T_TestCase16_Loop0,T
Incorrect_Cyclic_Invoking_1_T_TestCase17_Loop0,T
Incorrect_Cyclic_Invoking_1_T_TestCase18_Loop0,T
Incorrect_Cyclic_Invoking_1_T_TestCase19_Loop0,T
Incorrect_Cyclic_Invoking_1_T_TestCase20_Loop0,T
Incorrect_Cyclic_Invoking_2_NT,NT
Incorrect_Cyclic_Invoking_2_NT_Loop0,NT
Incorrect_Cyclic_Invoking_2_NT_TestCase1,NT
Incorrect_Cyclic_Invoking_2_NT_TestCase2,NT
Incorrect_Cyclic_Invoking_2_NT_TestCase3,NT
Incorrect_Cyclic_Invoking_2_NT_TestCase4,NT
Incorrect_Cyclic_Invoking_2_NT_TestCase5,NT
Incorrect_Cyclic_Invoking_2_NT_TestCase6,NT
Incorrect_Cyclic_Invoking_2_NT_TestCase7,NT
Incorrect_Cyclic_Invoking_2_NT_TestCase8,NT
Incorrect_Cyclic_Invoking_2_NT_TestCase9,NT
Incorrect_Cyclic_Invoking_2_NT_TestCase10,NT
Incorrect_Cyclic_Invoking_2_NT_Loop0_TestCase1,NT
Incorrect_Cyclic_Invoking_2_NT_Loop0_TestCase2,NT
Incorrect_Cyclic_Invoking_2_NT_Loop0_TestCase3,NT
Incorrect_Cyclic_Invoking_2_NT_Loop0_TestCase4,NT
Incorrect_Cyclic_Invoking_2_NT_Loop0_TestCase5,NT
Incorrect_Cyclic_Invoking_2_NT_Loop0_TestCase6,NT
Incorrect_Cyclic_Invoking_2_NT_Loop0_TestCase7,NT
Incorrect_Cyclic_Invoking_2_NT_Loop0_TestCase8,NT
Incorrect_Cyclic_Invoking_2_NT_Loop0_TestCase9,NT
Incorrect_Cyclic_Invoking_2_NT_Loop0_TestCase10,NT
Incorrect_Cyclic_Invoking_2_NT_TestCase1_Loop0,NT
Incorrect_Cyclic_Invoking_2_NT_TestCase2_Loop0,NT
Incorrect_Cyclic_Invoking_2_NT_TestCase3_Loop0,NT
Incorrect_Cyclic_Invoking_2_NT_TestCase4_Loop0,NT
Incorrect_Cyclic_Invoking_2_NT_TestCase5_Loop0,NT
Incorrect_Cyclic_Invoking_2_NT_TestCase6_Loop0,NT
Incorrect_Cyclic_Invoking_2_NT_TestCase7_Loop0,NT
Incorrect_Cyclic_Invoking_2_NT_TestCase8_Loop0,NT
Incorrect_Cyclic_Invoking_2_NT_TestCase9_Loop0,NT
Incorrect_Cyclic_Invoking_2_NT_TestCase10_Loop0,NT
Incorrect_Cyclic_Invoking_2_T,T
Incorrect_Cyclic_Invoking_2_T_Loop0,T
Incorrect_Cyclic_Invoking_2_T_TestCase1,T
Incorrect_Cyclic_Invoking_2_T_TestCase2,T
Incorrect_Cyclic_Invoking_2_T_TestCase3,T
Incorrect_Cyclic_Invoking_2_T_TestCase4,T
Incorrect_Cyclic_Invoking_2_T_TestCase5,T
Incorrect_Cyclic_Invoking_2_T_TestCase6,T
Incorrect_Cyclic_Invoking_2_T_TestCase7,T
Incorrect_Cyclic_Invoking_2_T_TestCase8,T
Incorrect_Cyclic_Invoking_2_T_TestCase9,T
Incorrect_Cyclic_Invoking_2_T_TestCase10,T
Incorrect_Cyclic_Invoking_2_T_TestCase11,T
Incorrect_Cyclic_Invoking_2_T_TestCase12,T
Incorrect_Cyclic_Invoking_2_T_TestCase13,T
Incorrect_Cyclic_Invoking_2_T_TestCase14,T
Incorrect_Cyclic_Invoking_2_T_TestCase15,T
Incorrect_Cyclic_Invoking_2_T_TestCase16,T
Incorrect_Cyclic_Invoking_2_T_TestCase17,T
Incorrect_Cyclic_Invoking_2_T_TestCase18,T
Incorrect_Cyclic_Invoking_2_T_TestCase19,T
Incorrect_Cyclic_Invoking_2_T_TestCase20,T
Incorrect_Cyclic_Invoking_2_T_Loop0_TestCase1,T
Incorrect_Cyclic_Invoking_2_T_Loop0_TestCase2,T
Incorrect_Cyclic_Invoking_2_T_Loop0_TestCase3,T
Incorrect_Cyclic_Invoking_2_T_Loop0_TestCase4,T
Incorrect_Cyclic_Invoking_2_T_Loop0_TestCase5,T
Incorrect_Cyclic_Invoking_2_T_Loop0_TestCase6,T
Incorrect_Cyclic_Invoking_2_T_Loop0_TestCase7,T
Incorrect_Cyclic_Invoking_2_T_Loop0_TestCase8,T
Incorrect_Cyclic_Invoking_2_T_Loop0_TestCase9,T
Incorrect_Cyclic_Invoking_2_T_Loop0_TestCase10,T
Incorrect_Cyclic_Invoking_2_T_Loop0_TestCase11,T
Incorrect_Cyclic_Invoking_2_T_Loop0_TestCase12,T
Incorrect_Cyclic_Invoking_2_T_Loop0_TestCase13,T
Incorrect_Cyclic_Invoking_2_T_Loop0_TestCase14,T
Incorrect_Cyclic_Invoking_2_T_Loop0_TestCase15,T
Incorrect_Cyclic_Invoking_2_T_Loop0_TestCase16,T
Incorrect_Cyclic_Invoking_2_T_Loop0_TestCase17,T
Incorrect_Cyclic_Invoking_2_T_Loop0_TestCase18,T
Incorrect_Cyclic_Invoking_2_T_Loop0_TestCase19,T
Incorrect_Cyclic_Invoking_2_T_Loop0_TestCase20,T
Incorrect_Cyclic_Invoking_2_T_TestCase1_Loop0,T
Incorrect_Cyclic_Invoking_2_T_TestCase2_Loop0,T
Incorrect_Cyclic_Invoking_2_T_TestCase3_Loop0,T
Incorrect_Cyclic_Invoking_2_T_TestCase4_Loop0,T
Incorrect_Cyclic_Invoking_2_T_TestCase5_Loop0,T
Incorrect_Cyclic_Invoking_2_T_TestCase6_Loop0,T
Incorrect_Cyclic_Invoking_2_T_TestCase7_Loop0,T
Incorrect_Cyclic_Invoking_2_T_TestCase8_Loop0,T
Incorrect_Cyclic_Invoking_2_T_TestCase9_Loop0,T
Incorrect_Cyclic_Invoking_2_T_TestCase10_Loop0,T
Incorrect_Cyclic_Invoking_2_T_TestCase11_Loop0,T
Incorrect_Cyclic_Invoking_2_T_TestCase12_Loop0,T
Incorrect_Cyclic_Invoking_2_T_TestCase13_Loop0,T
Incorrect_Cyclic_Invoking_2_T_TestCase14_Loop0,T
Incorrect_Cyclic_Invoking_2_T_TestCase15_Loop0,T
Incorrect_Cyclic_Invoking_2_T_TestCase16_Loop0,T
Incorrect_Cyclic_Invoking_2_T_TestCase17_Loop0,T
Incorrect_Cyclic_Invoking_2_T_TestCase18_Loop0,T
Incorrect_Cyclic_Invoking_2_T_TestCase19_Loop0,T
Incorrect_Cyclic_Invoking_2_T_TestCase20_Loop0,T
Incorrect_Cyclic_Invoking_3_NT,NT
Incorrect_Cyclic_Invoking_3_NT_Loop0,NT
Incorrect_Cyclic_Invoking_3_NT_TestCase0,NT
Incorrect_Cyclic_Invoking_3_NT_Loop0_TestCase0,NT
Incorrect_Cyclic_Invoking_3_NT_TestCase0_Loop0,NT
Incorrect_Cyclic_Invoking_3_T,T
Incorrect_Cyclic_Invoking_3_T_Loop0,T
Incorrect_Cyclic_Invoking_3_T_TestCase0,T
Incorrect_Cyclic_Invoking_3_T_Loop0_TestCase0,T
Incorrect_Cyclic_Invoking_3_T_TestCase0_Loop0,T
Incorrect_Return_1_NT,NT
Incorrect_Return_1_NT_Loop94,NT
Incorrect_Return_1_NT_Loop97,NT
Incorrect_Return_1_NT_TestCase1,T
Incorrect_Return_1_NT_TestCase2,T
Incorrect_Return_1_NT_TestCase3,T
Incorrect_Return_1_NT_TestCase4,T
Incorrect_Return_1_NT_TestCase5,T
Incorrect_Return_1_NT_TestCase6,T
Incorrect_Return_1_NT_TestCase7,T
Incorrect_Return_1_NT_TestCase8,T
Incorrect_Return_1_NT_TestCase9,T
Incorrect_Return_1_NT_TestCase10,T
Incorrect_Return_1_NT_TestCase11,NT
Incorrect_Return_1_NT_TestCase12,NT
Incorrect_Return_1_NT_TestCase13,NT
Incorrect_Return_1_NT_TestCase14,NT
Incorrect_Return_1_NT_TestCase15,NT
Incorrect_Return_1_NT_TestCase16,NT
Incorrect_Return_1_NT_TestCase17,NT
Incorrect_Return_1_NT_TestCase18,NT
Incorrect_Return_1_NT_TestCase19,NT
Incorrect_Return_1_NT_TestCase20,NT
Incorrect_Return_1_NT_Loop94_TestCase1,T
Incorrect_Return_1_NT_Loop94_TestCase2,T
Incorrect_Return_1_NT_Loop94_TestCase3,T
Incorrect_Return_1_NT_Loop94_TestCase4,T
Incorrect_Return_1_NT_Loop94_TestCase5,T
Incorrect_Return_1_NT_Loop94_TestCase6,T
Incorrect_Return_1_NT_Loop94_TestCase7,T
Incorrect_Return_1_NT_Loop94_TestCase8,T
Incorrect_Return_1_NT_Loop94_TestCase9,T
Incorrect_Return_1_NT_Loop94_TestCase10,T
Incorrect_Return_1_NT_Loop94_TestCase11,NT
Incorrect_Return_1_NT_Loop94_TestCase12,NT
Incorrect_Return_1_NT_Loop94_TestCase13,NT
Incorrect_Return_1_NT_Loop94_TestCase14,NT
Incorrect_Return_1_NT_Loop94_TestCase15,NT
Incorrect_Return_1_NT_Loop94_TestCase16,NT
Incorrect_Return_1_NT_Loop94_TestCase17,NT
Incorrect_Return_1_NT_Loop94_TestCase18,NT
Incorrect_Return_1_NT_Loop94_TestCase19,NT
Incorrect_Return_1_NT_Loop94_TestCase20,NT
Incorrect_Return_1_NT_Loop97_TestCase1,T
Incorrect_Return_1_NT_Loop97_TestCase2,T
Incorrect_Return_1_NT_Loop97_TestCase3,T
Incorrect_Return_1_NT_Loop97_TestCase4,T
Incorrect_Return_1_NT_Loop97_TestCase5,T
Incorrect_Return_1_NT_Loop97_TestCase6,T
Incorrect_Return_1_NT_Loop97_TestCase7,T
Incorrect_Return_1_NT_Loop97_TestCase8,T
Incorrect_Return_1_NT_Loop97_TestCase9,T
Incorrect_Return_1_NT_Loop97_TestCase10,T
Incorrect_Return_1_NT_Loop97_TestCase11,NT
Incorrect_Return_1_NT_Loop97_TestCase12,NT
Incorrect_Return_1_NT_Loop97_TestCase13,NT
Incorrect_Return_1_NT_Loop97_TestCase14,NT
Incorrect_Return_1_NT_Loop97_TestCase15,NT
Incorrect_Return_1_NT_Loop97_TestCase16,NT
Incorrect_Return_1_NT_Loop97_TestCase17,NT
Incorrect_Return_1_NT_Loop97_TestCase18,NT
Incorrect_Return_1_NT_Loop97_TestCase19,NT
Incorrect_Return_1_NT_Loop97_TestCase20,NT
Incorrect_Return_1_NT_TestCase1_Loop94,T
Incorrect_Return_1_NT_TestCase2_Loop94,T
Incorrect_Return_1_NT_TestCase3_Loop94,T
Incorrect_Return_1_NT_TestCase4_Loop94,T
Incorrect_Return_1_NT_TestCase5_Loop94,T
Incorrect_Return_1_NT_TestCase6_Loop94,T
Incorrect_Return_1_NT_TestCase7_Loop94,T
Incorrect_Return_1_NT_TestCase8_Loop94,T
Incorrect_Return_1_NT_TestCase9_Loop94,T
Incorrect_Return_1_NT_TestCase10_Loop94,T
Incorrect_Return_1_NT_TestCase11_Loop94,NT
Incorrect_Return_1_NT_TestCase12_Loop94,NT
Incorrect_Return_1_NT_TestCase13_Loop94,NT
Incorrect_Return_1_NT_TestCase14_Loop94,NT
Incorrect_Return_1_NT_TestCase15_Loop94,NT
Incorrect_Return_1_NT_TestCase16_Loop94,NT
Incorrect_Return_1_NT_TestCase17_Loop94,NT
Incorrect_Return_1_NT_TestCase18_Loop94,NT
Incorrect_Return_1_NT_TestCase19_Loop94,NT
Incorrect_Return_1_NT_TestCase20_Loop94,NT
Incorrect_Return_1_NT_TestCase1_Loop97,T
Incorrect_Return_1_NT_TestCase2_Loop97,T
Incorrect_Return_1_NT_TestCase3_Loop97,T
Incorrect_Return_1_NT_TestCase4_Loop97,T
Incorrect_Return_1_NT_TestCase5_Loop97,T
Incorrect_Return_1_NT_TestCase6_Loop97,T
Incorrect_Return_1_NT_TestCase7_Loop97,T
Incorrect_Return_1_NT_TestCase8_Loop97,T
Incorrect_Return_1_NT_TestCase9_Loop97,T
Incorrect_Return_1_NT_TestCase10_Loop97,T
Incorrect_Return_1_NT_TestCase11_Loop97,NT
Incorrect_Return_1_NT_TestCase12_Loop97,NT
Incorrect_Return_1_NT_TestCase13_Loop97,NT
Incorrect_Return_1_NT_TestCase14_Loop97,NT
Incorrect_Return_1_NT_TestCase15_Loop97,NT
Incorrect_Return_1_NT_TestCase16_Loop97,NT
Incorrect_Return_1_NT_TestCase17_Loop97,NT
Incorrect_Return_1_NT_TestCase18_Loop97,NT
Incorrect_Return_1_NT_TestCase19_Loop97,NT
Incorrect_Return_1_NT_TestCase20_Loop97,NT
Incorrect_Return_1_T,T
Incorrect_Return_1_T_Loop96,T
Incorrect_Return_1_T_Loop99,T
Incorrect_Return_1_T_TestCase1,T
Incorrect_Return_1_T_TestCase2,T
Incorrect_Return_1_T_TestCase3,T
Incorrect_Return_1_T_TestCase4,T
Incorrect_Return_1_T_TestCase5,T
Incorrect_Return_1_T_TestCase6,T
Incorrect_Return_1_T_TestCase7,T
Incorrect_Return_1_T_TestCase8,T
Incorrect_Return_1_T_TestCase9,T
Incorrect_Return_1_T_TestCase10,T
Incorrect_Return_1_T_TestCase11,T
Incorrect_Return_1_T_TestCase12,T
Incorrect_Return_1_T_TestCase13,T
Incorrect_Return_1_T_TestCase14,T
Incorrect_Return_1_T_TestCase15,T
Incorrect_Return_1_T_TestCase16,T
Incorrect_Return_1_T_TestCase17,T
Incorrect_Return_1_T_TestCase18,T
Incorrect_Return_1_T_TestCase19,T
Incorrect_Return_1_T_TestCase20,T
Incorrect_Return_1_T_Loop96_TestCase1,T
Incorrect_Return_1_T_Loop96_TestCase2,T
Incorrect_Return_1_T_Loop96_TestCase3,T
Incorrect_Return_1_T_Loop96_TestCase4,T
Incorrect_Return_1_T_Loop96_TestCase5,T
Incorrect_Return_1_T_Loop96_TestCase6,T
Incorrect_Return_1_T_Loop96_TestCase7,T
Incorrect_Return_1_T_Loop96_TestCase8,T
Incorrect_Return_1_T_Loop96_TestCase9,T
Incorrect_Return_1_T_Loop96_TestCase10,T
Incorrect_Return_1_T_Loop96_TestCase11,T
Incorrect_Return_1_T_Loop96_TestCase12,T
Incorrect_Return_1_T_Loop96_TestCase13,T
Incorrect_Return_1_T_Loop96_TestCase14,T
Incorrect_Return_1_T_Loop96_TestCase15,T
Incorrect_Return_1_T_Loop96_TestCase16,T
Incorrect_Return_1_T_Loop96_TestCase17,T
Incorrect_Return_1_T_Loop96_TestCase18,T
Incorrect_Return_1_T_Loop96_TestCase19,T
Incorrect_Return_1_T_Loop96_TestCase20,T
Incorrect_Return_1_T_Loop99_TestCase1,T
Incorrect_Return_1_T_Loop99_TestCase2,T
Incorrect_Return_1_T_Loop99_TestCase3,T
Incorrect_Return_1_T_Loop99_TestCase4,T
Incorrect_Return_1_T_Loop99_TestCase5,T
Incorrect_Return_1_T_Loop99_TestCase6,T
Incorrect_Return_1_T_Loop99_TestCase7,T
Incorrect_Return_1_T_Loop99_TestCase8,T
Incorrect_Return_1_T_Loop99_TestCase9,T
Incorrect_Return_1_T_Loop99_TestCase10,T
Incorrect_Return_1_T_Loop99_TestCase11,T
Incorrect_Return_1_T_Loop99_TestCase12,T
Incorrect_Return_1_T_Loop99_TestCase13,T
Incorrect_Return_1_T_Loop99_TestCase14,T
Incorrect_Return_1_T_Loop99_TestCase15,T
Incorrect_Return_1_T_Loop99_TestCase16,T
Incorrect_Return_1_T_Loop99_TestCase17,T
Incorrect_Return_1_T_Loop99_TestCase18,T
Incorrect_Return_1_T_Loop99_TestCase19,T
Incorrect_Return_1_T_Loop99_TestCase20,T
Incorrect_Return_1_T_TestCase1_Loop96,T
Incorrect_Return_1_T_TestCase2_Loop96,T
Incorrect_Return_1_T_TestCase3_Loop96,T
Incorrect_Return_1_T_TestCase4_Loop96,T
Incorrect_Return_1_T_TestCase5_Loop96,T
Incorrect_Return_1_T_TestCase6_Loop96,T
Incorrect_Return_1_T_TestCase7_Loop96,T
Incorrect_Return_1_T_TestCase8_Loop96,T
Incorrect_Return_1_T_TestCase9_Loop96,T
Incorrect_Return_1_T_TestCase10_Loop96,T
Incorrect_Return_1_T_TestCase11_Loop96,T
Incorrect_Return_1_T_TestCase12_Loop96,T
Incorrect_Return_1_T_TestCase13_Loop96,T
Incorrect_Return_1_T_TestCase14_Loop96,T
Incorrect_Return_1_T_TestCase15_Loop96,T
Incorrect_Return_1_T_TestCase16_Loop96,T
Incorrect_Return_1_T_TestCase17_Loop96,T
Incorrect_Return_1_T_TestCase18_Loop96,T
Incorrect_Return_1_T_TestCase19_Loop96,T
Incorrect_Return_1_T_TestCase20_Loop96,T
Incorrect_Return_1_T_TestCase1_Loop99,T
Incorrect_Return_1_T_TestCase2_Loop99,T
Incorrect_Return_1_T_TestCase3_Loop99,T
Incorrect_Return_1_T_TestCase4_Loop99,T
Incorrect_Return_1_T_TestCase5_Loop99,T
Incorrect_Return_1_T_TestCase6_Loop99,T
Incorrect_Return_1_T_TestCase7_Loop99,T
Incorrect_Return_1_T_TestCase8_Loop99,T
Incorrect_Return_1_T_TestCase9_Loop99,T
Incorrect_Return_1_T_TestCase10_Loop99,T
Incorrect_Return_1_T_TestCase11_Loop99,T
Incorrect_Return_1_T_TestCase12_Loop99,T
Incorrect_Return_1_T_TestCase13_Loop99,T
Incorrect_Return_1_T_TestCase14_Loop99,T
Incorrect_Return_1_T_TestCase15_Loop99,T
Incorrect_Return_1_T_TestCase16_Loop99,T
Incorrect_Return_1_T_TestCase17_Loop99,T
Incorrect_Return_1_T_TestCase18_Loop99,T
Incorrect_Return_1_T_TestCase19_Loop99,T
Incorrect_Return_1_T_TestCase20_Loop99,T
Incorrect_Return_2_NT,NT
Incorrect_Return_2_NT_Loop16,NT
Incorrect_Return_2_NT_Loop25,NT
Incorrect_Return_2_NT_TestCase1,T
Incorrect_Return_2_NT_TestCase2,T
Incorrect_Return_2_NT_TestCase3,T
Incorrect_Return_2_NT_TestCase4,T
Incorrect_Return_2_NT_TestCase5,T
Incorrect_Return_2_NT_TestCase6,T
Incorrect_Return_2_NT_TestCase7,T
Incorrect_Return_2_NT_TestCase8,T
Incorrect_Return_2_NT_TestCase9,T
Incorrect_Return_2_NT_TestCase10,T
Incorrect_Return_2_NT_TestCase11,NT
Incorrect_Return_2_NT_TestCase12,NT
Incorrect_Return_2_NT_TestCase13,NT
Incorrect_Return_2_NT_TestCase14,NT
Incorrect_Return_2_NT_TestCase15,NT
Incorrect_Return_2_NT_TestCase16,NT
Incorrect_Return_2_NT_TestCase17,NT
Incorrect_Return_2_NT_TestCase18,NT
Incorrect_Return_2_NT_TestCase19,NT
Incorrect_Return_2_NT_TestCase20,NT
Incorrect_Return_2_NT_Loop16_TestCase1,T
Incorrect_Return_2_NT_Loop16_TestCase2,T
Incorrect_Return_2_NT_Loop16_TestCase3,T
Incorrect_Return_2_NT_Loop16_TestCase4,T
Incorrect_Return_2_NT_Loop16_TestCase5,T
Incorrect_Return_2_NT_Loop16_TestCase6,T
Incorrect_Return_2_NT_Loop16_TestCase7,T
Incorrect_Return_2_NT_Loop16_TestCase8,T
Incorrect_Return_2_NT_Loop16_TestCase9,T
Incorrect_Return_2_NT_Loop16_TestCase10,T
Incorrect_Return_2_NT_Loop16_TestCase11,NT
Incorrect_Return_2_NT_Loop16_TestCase12,NT
Incorrect_Return_2_NT_Loop16_TestCase13,NT
Incorrect_Return_2_NT_Loop16_TestCase14,NT
Incorrect_Return_2_NT_Loop16_TestCase15,NT
Incorrect_Return_2_NT_Loop16_TestCase16,NT
Incorrect_Return_2_NT_Loop16_TestCase17,NT
Incorrect_Return_2_NT_Loop16_TestCase18,NT
Incorrect_Return_2_NT_Loop16_TestCase19,NT
Incorrect_Return_2_NT_Loop16_TestCase20,NT
Incorrect_Return_2_NT_Loop25_TestCase1,T
Incorrect_Return_2_NT_Loop25_TestCase2,T
Incorrect_Return_2_NT_Loop25_TestCase3,T
Incorrect_Return_2_NT_Loop25_TestCase4,T
Incorrect_Return_2_NT_Loop25_TestCase5,T
Incorrect_Return_2_NT_Loop25_TestCase6,T
Incorrect_Return_2_NT_Loop25_TestCase7,T
Incorrect_Return_2_NT_Loop25_TestCase8,T
Incorrect_Return_2_NT_Loop25_TestCase9,T
Incorrect_Return_2_NT_Loop25_TestCase10,T
Incorrect_Return_2_NT_Loop25_TestCase11,NT
Incorrect_Return_2_NT_Loop25_TestCase12,NT
Incorrect_Return_2_NT_Loop25_TestCase13,NT
Incorrect_Return_2_NT_Loop25_TestCase14,NT
Incorrect_Return_2_NT_Loop25_TestCase15,NT
Incorrect_Return_2_NT_Loop25_TestCase16,NT
Incorrect_Return_2_NT_Loop25_TestCase17,NT
Incorrect_Return_2_NT_Loop25_TestCase18,NT
Incorrect_Return_2_NT_Loop25_TestCase19,NT
Incorrect_Return_2_NT_Loop25_TestCase20,NT
Incorrect_Return_2_NT_TestCase1_Loop16,T
Incorrect_Return_2_NT_TestCase2_Loop16,T
Incorrect_Return_2_NT_TestCase3_Loop16,T
Incorrect_Return_2_NT_TestCase4_Loop16,T
Incorrect_Return_2_NT_TestCase5_Loop16,T
Incorrect_Return_2_NT_TestCase6_Loop16,T
Incorrect_Return_2_NT_TestCase7_Loop16,T
Incorrect_Return_2_NT_TestCase8_Loop16,T
Incorrect_Return_2_NT_TestCase9_Loop16,T
Incorrect_Return_2_NT_TestCase10_Loop16,T
Incorrect_Return_2_NT_TestCase11_Loop16,NT
Incorrect_Return_2_NT_TestCase12_Loop16,NT
Incorrect_Return_2_NT_TestCase13_Loop16,NT
Incorrect_Return_2_NT_TestCase14_Loop16,NT
Incorrect_Return_2_NT_TestCase15_Loop16,NT
Incorrect_Return_2_NT_TestCase16_Loop16,NT
Incorrect_Return_2_NT_TestCase17_Loop16,NT
Incorrect_Return_2_NT_TestCase18_Loop16,NT
Incorrect_Return_2_NT_TestCase19_Loop16,NT
Incorrect_Return_2_NT_TestCase20_Loop16,NT
Incorrect_Return_2_NT_TestCase1_Loop25,T
Incorrect_Return_2_NT_TestCase2_Loop25,T
Incorrect_Return_2_NT_TestCase3_Loop25,T
Incorrect_Return_2_NT_TestCase4_Loop25,T
Incorrect_Return_2_NT_TestCase5_Loop25,T
Incorrect_Return_2_NT_TestCase6_Loop25,T
Incorrect_Return_2_NT_TestCase7_Loop25,T
Incorrect_Return_2_NT_TestCase8_Loop25,T
Incorrect_Return_2_NT_TestCase9_Loop25,T
Incorrect_Return_2_NT_TestCase10_Loop25,T
Incorrect_Return_2_NT_TestCase11_Loop25,NT
Incorrect_Return_2_NT_TestCase12_Loop25,NT
Incorrect_Return_2_NT_TestCase13_Loop25,NT
Incorrect_Return_2_NT_TestCase14_Loop25,NT
Incorrect_Return_2_NT_TestCase15_Loop25,NT
Incorrect_Return_2_NT_TestCase16_Loop25,NT
Incorrect_Return_2_NT_TestCase17_Loop25,NT
Incorrect_Return_2_NT_TestCase18_Loop25,NT
Incorrect_Return_2_NT_TestCase19_Loop25,NT
Incorrect_Return_2_NT_TestCase20_Loop25,NT
Incorrect_Return_2_T,T
Incorrect_Return_2_T_Loop16,T
Incorrect_Return_2_T_Loop30,T
Incorrect_Return_2_T_TestCase1,T
Incorrect_Return_2_T_TestCase2,T
Incorrect_Return_2_T_TestCase3,T
Incorrect_Return_2_T_TestCase4,T
Incorrect_Return_2_T_TestCase5,T
Incorrect_Return_2_T_TestCase6,T
Incorrect_Return_2_T_TestCase7,T
Incorrect_Return_2_T_TestCase8,T
Incorrect_Return_2_T_TestCase9,T
Incorrect_Return_2_T_TestCase10,T
Incorrect_Return_2_T_TestCase11,T
Incorrect_Return_2_T_TestCase12,T
Incorrect_Return_2_T_TestCase13,T
Incorrect_Return_2_T_TestCase14,T
Incorrect_Return_2_T_TestCase15,T
Incorrect_Return_2_T_TestCase16,T
Incorrect_Return_2_T_TestCase17,T
Incorrect_Return_2_T_TestCase18,T
Incorrect_Return_2_T_TestCase19,T
Incorrect_Return_2_T_TestCase20,T
Incorrect_Return_2_T_Loop16_TestCase1,T
Incorrect_Return_2_T_Loop16_TestCase2,T
Incorrect_Return_2_T_Loop16_TestCase3,T
Incorrect_Return_2_T_Loop16_TestCase4,T
Incorrect_Return_2_T_Loop16_TestCase5,T
Incorrect_Return_2_T_Loop16_TestCase6,T
Incorrect_Return_2_T_Loop16_TestCase7,T
Incorrect_Return_2_T_Loop16_TestCase8,T
Incorrect_Return_2_T_Loop16_TestCase9,T
Incorrect_Return_2_T_Loop16_TestCase10,T
Incorrect_Return_2_T_Loop16_TestCase11,T
Incorrect_Return_2_T_Loop16_TestCase12,T
Incorrect_Return_2_T_Loop16_TestCase13,T
Incorrect_Return_2_T_Loop16_TestCase14,T
Incorrect_Return_2_T_Loop16_TestCase15,T
Incorrect_Return_2_T_Loop16_TestCase16,T
Incorrect_Return_2_T_Loop16_TestCase17,T
Incorrect_Return_2_T_Loop16_TestCase18,T
Incorrect_Return_2_T_Loop16_TestCase19,T
Incorrect_Return_2_T_Loop16_TestCase20,T
Incorrect_Return_2_T_Loop30_TestCase1,T
Incorrect_Return_2_T_Loop30_TestCase2,T
Incorrect_Return_2_T_Loop30_TestCase3,T
Incorrect_Return_2_T_Loop30_TestCase4,T
Incorrect_Return_2_T_Loop30_TestCase5,T
Incorrect_Return_2_T_Loop30_TestCase6,T
Incorrect_Return_2_T_Loop30_TestCase7,T
Incorrect_Return_2_T_Loop30_TestCase8,T
Incorrect_Return_2_T_Loop30_TestCase9,T
Incorrect_Return_2_T_Loop30_TestCase10,T
Incorrect_Return_2_T_Loop30_TestCase11,T
Incorrect_Return_2_T_Loop30_TestCase12,T
Incorrect_Return_2_T_Loop30_TestCase13,T
Incorrect_Return_2_T_Loop30_TestCase14,T
Incorrect_Return_2_T_Loop30_TestCase15,T
Incorrect_Return_2_T_Loop30_TestCase16,T
Incorrect_Return_2_T_Loop30_TestCase17,T
Incorrect_Return_2_T_Loop30_TestCase18,T
Incorrect_Return_2_T_Loop30_TestCase19,T
Incorrect_Return_2_T_Loop30_TestCase20,T
Incorrect_Return_2_T_TestCase1_Loop16,T
Incorrect_Return_2_T_TestCase2_Loop16,T
Incorrect_Return_2_T_TestCase3_Loop16,T
Incorrect_Return_2_T_TestCase4_Loop16,T
Incorrect_Return_2_T_TestCase5_Loop16,T
Incorrect_Return_2_T_TestCase6_Loop16,T
Incorrect_Return_2_T_TestCase7_Loop16,T
Incorrect_Return_2_T_TestCase8_Loop16,T
Incorrect_Return_2_T_TestCase9_Loop16,T
Incorrect_Return_2_T_TestCase10_Loop16,T
Incorrect_Return_2_T_TestCase11_Loop16,T
Incorrect_Return_2_T_TestCase12_Loop16,T
Incorrect_Return_2_T_TestCase13_Loop16,T
Incorrect_Return_2_T_TestCase14_Loop16,T
Incorrect_Return_2_T_TestCase15_Loop16,T
Incorrect_Return_2_T_TestCase16_Loop16,T
Incorrect_Return_2_T_TestCase17_Loop16,T
Incorrect_Return_2_T_TestCase18_Loop16,T
Incorrect_Return_2_T_TestCase19_Loop16,T
Incorrect_Return_2_T_TestCase20_Loop16,T
Incorrect_Return_2_T_TestCase1_Loop30,T
Incorrect_Return_2_T_TestCase2_Loop30,T
Incorrect_Return_2_T_TestCase3_Loop30,T
Incorrect_Return_2_T_TestCase4_Loop30,T
Incorrect_Return_2_T_TestCase5_Loop30,T
Incorrect_Return_2_T_TestCase6_Loop30,T
Incorrect_Return_2_T_TestCase7_Loop30,T
Incorrect_Return_2_T_TestCase8_Loop30,T
Incorrect_Return_2_T_TestCase9_Loop30,T
Incorrect_Return_2_T_TestCase10_Loop30,T
Incorrect_Return_2_T_TestCase11_Loop30,T
Incorrect_Return_2_T_TestCase12_Loop30,T
Incorrect_Return_2_T_TestCase13_Loop30,T
Incorrect_Return_2_T_TestCase14_Loop30,T
Incorrect_Return_2_T_TestCase15_Loop30,T
Incorrect_Return_2_T_TestCase16_Loop30,T
Incorrect_Return_2_T_TestCase17_Loop30,T
Incorrect_Return_2_T_TestCase18_Loop30,T
Incorrect_Return_2_T_TestCase19_Loop30,T
Incorrect_Return_2_T_TestCase20_Loop30,T
Miscalling_Inherited_Method_1_NT,NT
Miscalling_Inherited_Method_1_NT_Loop0,NT
Miscalling_Inherited_Method_1_NT_TestCase0,NT
Miscalling_Inherited_Method_1_NT_Loop0_TestCase0,NT
Miscalling_Inherited_Method_1_NT_TestCase0_Loop0,NT
Miscalling_Inherited_Method_1_T,T
Miscalling_Inherited_Method_1_T_Loop0,T
Miscalling_Inherited_Method_1_T_TestCase0,T
Miscalling_Inherited_Method_1_T_Loop0_TestCase0,T
Miscalling_Inherited_Method_1_T_TestCase0_Loop0,T
Missing_undef_Instruction_1_NT,NT
Missing_undef_Instruction_1_NT_Loop0,NT
Missing_undef_Instruction_1_NT_TestCase0,NT
Missing_undef_Instruction_1_NT_Loop0_TestCase0,NT
Missing_undef_Instruction_1_NT_TestCase0_Loop0,NT
Missing_undef_Instruction_1_T,T
Missing_undef_Instruction_1_T_Loop0,T
Missing_undef_Instruction_1_T_TestCase0,T
Missing_undef_Instruction_1_T_Loop0_TestCase0,T
Missing_undef_Instruction_1_T_TestCase0_Loop0,T
Misusing_Method_Overloading_1_NT,NT
Misusing_Method_Overloading_1_NT_Loop0,NT
Misusing_Method_Overloading_1_NT_TestCase0,NT
Misusing_Method_Overloading_1_NT_Loop0_TestCase0,NT
Misusing_Method_Overloading_1_NT_TestCase0_Loop0,NT
Misusing_Method_Overloading_1_T,T
Misusing_Method_Overloading_1_T_Loop0,T
Misusing_Method_Overloading_1_T_TestCase0,T
Misusing_Method_Overloading_1_T_Loop0_TestCase0,T
Misusing_Method_Overloading_1_T_TestCase0_Loop0,T
Misusing_Method_Overloading_2_NT,NT
Misusing_Method_Overloading_2_NT_Loop0,NT
Misusing_Method_Overloading_2_NT_TestCase0,NT
Misusing_Method_Overloading_2_NT_Loop0_TestCase0,NT
Misusing_Method_Overloading_2_NT_TestCase0_Loop0,NT
Misusing_Method_Overloading_2_T,T
Misusing_Method_Overloading_2_T_Loop0,T
Misusing_Method_Overloading_2_T_TestCase0,T
Misusing_Method_Overloading_2_T_Loop0_TestCase0,T
Misusing_Method_Overloading_2_T_TestCase0_Loop0,T
Misusing_Method_Overloading_3_NT,NT
Misusing_Method_Overloading_3_NT_Loop0,NT
Misusing_Method_Overloading_3_NT_TestCase0,NT
Misusing_Method_Overloading_3_NT_Loop0_TestCase0,NT
Misusing_Method_Overloading_3_NT_TestCase0_Loop0,NT
Misusing_Method_Overloading_3_T,T
Misusing_Method_Overloading_3_T_Loop0,T
Misusing_Method_Overloading_3_T_TestCase0,T
Misusing_Method_Overloading_3_T_Loop0_TestCase0,T
Misusing_Method_Overloading_3_T_TestCase0_Loop0,T
Misusing_Method_Overloading_4_NT,NT
Misusing_Method_Overloading_4_NT_Loop0,NT
Misusing_Method_Overloading_4_NT_TestCase0,NT
Misusing_Method_Overloading_4_NT_Loop0_TestCase0,NT
Misusing_Method_Overloading_4_NT_TestCase0_Loop0,NT
Misusing_Method_Overloading_4_T,T
Misusing_Method_Overloading_4_T_Loop0,T
Misusing_Method_Overloading_4_T_TestCase0,T
Misusing_Method_Overloading_4_T_Loop0_TestCase0,T
Misusing_Method_Overloading_4_T_TestCase0_Loop0,T