Candidate,Target,Assignments,ProgramPath,ExecutionResult,Label,Accepted,Error,Prompt
1,T,"main:a0:1=1
main:a1:1=0
",/home/quasar/Documents/FocusTNT/results_InputGeneration/FSE/loop/Incorrect_Bit_Calculation_2_NT/input_generator_artifacts/generated_programs/Incorrect_Bit_Calculation_2_NT_TestCase1.c,COMPLETED,T,true,,"You generate concrete values for nondeterministic inputs in a C/C++ program.
Your goal is to produce ONE complete assignment set that is likely to make the program terminate.

Important rules:
1. Return a value for EVERY listed nondeterministic input ID.
2. Use each ID exactly once.
3. Respect the declared C/C++ type.
4. For an array, return the value as an array containing exactly the required number of elements.
5. For char arrays, each element must be exactly one character. Return the character itself without C single quotes.
6. Prefer small-magnitude values unless larger values are necessary to achieve the requested execution behavior.

Nondeterministic inputs:
- id: main:a0:1, type: int
- id: main:a1:1, type: int

Program:
extern int __VERIFIER_nondet_int(void);
/*
Commit Number: c44da115063bfea7ef8b2afd1c9d52737e2b7f70
URL: https://github.com/coreutils/coreutils/commit/c44da115063bfea7ef8b2afd1c9d52737e2b7f70
Project Name: coreutils
License: GPL3
termination: false

This program includes shift overflow : a1 << 31 and bit operation;
This program is non-terminating, when a0 =0 and a1 = 0.


*/

int main()
{
    int a0 = __VERIFIER_nondet_int();
    int a1 = __VERIFIER_nondet_int();
    while( ( a0 & 1 ) == 0)
    {
        a0 = ( a1 << 31 ) | ( a0 >> 1 );
        a1 = a1 >> 1;
    }
    return 0;
}

"
2,T,"main:a0:1=2
main:a1:1=1
",/home/quasar/Documents/FocusTNT/results_InputGeneration/FSE/loop/Incorrect_Bit_Calculation_2_NT/input_generator_artifacts/generated_programs/Incorrect_Bit_Calculation_2_NT_TestCase2.c,COMPLETED,T,true,,"You generate concrete values for nondeterministic inputs in a C/C++ program.
Your goal is to produce ONE complete assignment set that is likely to make the program terminate.

Important rules:
1. Return a value for EVERY listed nondeterministic input ID.
2. Use each ID exactly once.
3. Respect the declared C/C++ type.
4. For an array, return the value as an array containing exactly the required number of elements.
5. For char arrays, each element must be exactly one character. Return the character itself without C single quotes.
6. Prefer small-magnitude values unless larger values are necessary to achieve the requested execution behavior.

Nondeterministic inputs:
- id: main:a0:1, type: int
- id: main:a1:1, type: int

Previously generated assignment sets are listed below. Generate a materially different set and do not duplicate any of them.
Previous 1: main:a0:1=1; main:a1:1=0; 

Program:
extern int __VERIFIER_nondet_int(void);
/*
Commit Number: c44da115063bfea7ef8b2afd1c9d52737e2b7f70
URL: https://github.com/coreutils/coreutils/commit/c44da115063bfea7ef8b2afd1c9d52737e2b7f70
Project Name: coreutils
License: GPL3
termination: false

This program includes shift overflow : a1 << 31 and bit operation;
This program is non-terminating, when a0 =0 and a1 = 0.


*/

int main()
{
    int a0 = __VERIFIER_nondet_int();
    int a1 = __VERIFIER_nondet_int();
    while( ( a0 & 1 ) == 0)
    {
        a0 = ( a1 << 31 ) | ( a0 >> 1 );
        a1 = a1 >> 1;
    }
    return 0;
}

"
3,T,"main:a0:1=3
main:a1:1=5
",/home/quasar/Documents/FocusTNT/results_InputGeneration/FSE/loop/Incorrect_Bit_Calculation_2_NT/input_generator_artifacts/generated_programs/Incorrect_Bit_Calculation_2_NT_TestCase3.c,COMPLETED,T,true,,"You generate concrete values for nondeterministic inputs in a C/C++ program.
Your goal is to produce ONE complete assignment set that is likely to make the program terminate.

Important rules:
1. Return a value for EVERY listed nondeterministic input ID.
2. Use each ID exactly once.
3. Respect the declared C/C++ type.
4. For an array, return the value as an array containing exactly the required number of elements.
5. For char arrays, each element must be exactly one character. Return the character itself without C single quotes.
6. Prefer small-magnitude values unless larger values are necessary to achieve the requested execution behavior.

Nondeterministic inputs:
- id: main:a0:1, type: int
- id: main:a1:1, type: int

Previously generated assignment sets are listed below. Generate a materially different set and do not duplicate any of them.
Previous 1: main:a0:1=1; main:a1:1=0; 
Previous 2: main:a0:1=2; main:a1:1=1; 

Program:
extern int __VERIFIER_nondet_int(void);
/*
Commit Number: c44da115063bfea7ef8b2afd1c9d52737e2b7f70
URL: https://github.com/coreutils/coreutils/commit/c44da115063bfea7ef8b2afd1c9d52737e2b7f70
Project Name: coreutils
License: GPL3
termination: false

This program includes shift overflow : a1 << 31 and bit operation;
This program is non-terminating, when a0 =0 and a1 = 0.


*/

int main()
{
    int a0 = __VERIFIER_nondet_int();
    int a1 = __VERIFIER_nondet_int();
    while( ( a0 & 1 ) == 0)
    {
        a0 = ( a1 << 31 ) | ( a0 >> 1 );
        a1 = a1 >> 1;
    }
    return 0;
}

"
4,T,"main:a0:1=5
main:a1:1=3
",/home/quasar/Documents/FocusTNT/results_InputGeneration/FSE/loop/Incorrect_Bit_Calculation_2_NT/input_generator_artifacts/generated_programs/Incorrect_Bit_Calculation_2_NT_TestCase4.c,COMPLETED,T,true,,"You generate concrete values for nondeterministic inputs in a C/C++ program.
Your goal is to produce ONE complete assignment set that is likely to make the program terminate.

Important rules:
1. Return a value for EVERY listed nondeterministic input ID.
2. Use each ID exactly once.
3. Respect the declared C/C++ type.
4. For an array, return the value as an array containing exactly the required number of elements.
5. For char arrays, each element must be exactly one character. Return the character itself without C single quotes.
6. Prefer small-magnitude values unless larger values are necessary to achieve the requested execution behavior.

Nondeterministic inputs:
- id: main:a0:1, type: int
- id: main:a1:1, type: int

Previously generated assignment sets are listed below. Generate a materially different set and do not duplicate any of them.
Previous 1: main:a0:1=1; main:a1:1=0; 
Previous 2: main:a0:1=2; main:a1:1=1; 
Previous 3: main:a0:1=3; main:a1:1=5; 

Program:
extern int __VERIFIER_nondet_int(void);
/*
Commit Number: c44da115063bfea7ef8b2afd1c9d52737e2b7f70
URL: https://github.com/coreutils/coreutils/commit/c44da115063bfea7ef8b2afd1c9d52737e2b7f70
Project Name: coreutils
License: GPL3
termination: false

This program includes shift overflow : a1 << 31 and bit operation;
This program is non-terminating, when a0 =0 and a1 = 0.


*/

int main()
{
    int a0 = __VERIFIER_nondet_int();
    int a1 = __VERIFIER_nondet_int();
    while( ( a0 & 1 ) == 0)
    {
        a0 = ( a1 << 31 ) | ( a0 >> 1 );
        a1 = a1 >> 1;
    }
    return 0;
}

"
5,T,"main:a0:1=4
main:a1:1=2
",/home/quasar/Documents/FocusTNT/results_InputGeneration/FSE/loop/Incorrect_Bit_Calculation_2_NT/input_generator_artifacts/generated_programs/Incorrect_Bit_Calculation_2_NT_TestCase5.c,COMPLETED,T,true,,"You generate concrete values for nondeterministic inputs in a C/C++ program.
Your goal is to produce ONE complete assignment set that is likely to make the program terminate.

Important rules:
1. Return a value for EVERY listed nondeterministic input ID.
2. Use each ID exactly once.
3. Respect the declared C/C++ type.
4. For an array, return the value as an array containing exactly the required number of elements.
5. For char arrays, each element must be exactly one character. Return the character itself without C single quotes.
6. Prefer small-magnitude values unless larger values are necessary to achieve the requested execution behavior.

Nondeterministic inputs:
- id: main:a0:1, type: int
- id: main:a1:1, type: int

Previously generated assignment sets are listed below. Generate a materially different set and do not duplicate any of them.
Previous 1: main:a0:1=1; main:a1:1=0; 
Previous 2: main:a0:1=2; main:a1:1=1; 
Previous 3: main:a0:1=3; main:a1:1=5; 
Previous 4: main:a0:1=5; main:a1:1=3; 

Program:
extern int __VERIFIER_nondet_int(void);
/*
Commit Number: c44da115063bfea7ef8b2afd1c9d52737e2b7f70
URL: https://github.com/coreutils/coreutils/commit/c44da115063bfea7ef8b2afd1c9d52737e2b7f70
Project Name: coreutils
License: GPL3
termination: false

This program includes shift overflow : a1 << 31 and bit operation;
This program is non-terminating, when a0 =0 and a1 = 0.


*/

int main()
{
    int a0 = __VERIFIER_nondet_int();
    int a1 = __VERIFIER_nondet_int();
    while( ( a0 & 1 ) == 0)
    {
        a0 = ( a1 << 31 ) | ( a0 >> 1 );
        a1 = a1 >> 1;
    }
    return 0;
}

"
6,T,"main:a0:1=7
main:a1:1=-1
",/home/quasar/Documents/FocusTNT/results_InputGeneration/FSE/loop/Incorrect_Bit_Calculation_2_NT/input_generator_artifacts/generated_programs/Incorrect_Bit_Calculation_2_NT_TestCase6.c,COMPLETED,T,true,,"You generate concrete values for nondeterministic inputs in a C/C++ program.
Your goal is to produce ONE complete assignment set that is likely to make the program terminate.

Important rules:
1. Return a value for EVERY listed nondeterministic input ID.
2. Use each ID exactly once.
3. Respect the declared C/C++ type.
4. For an array, return the value as an array containing exactly the required number of elements.
5. For char arrays, each element must be exactly one character. Return the character itself without C single quotes.
6. Prefer small-magnitude values unless larger values are necessary to achieve the requested execution behavior.

Nondeterministic inputs:
- id: main:a0:1, type: int
- id: main:a1:1, type: int

Previously generated assignment sets are listed below. Generate a materially different set and do not duplicate any of them.
Previous 1: main:a0:1=1; main:a1:1=0; 
Previous 2: main:a0:1=2; main:a1:1=1; 
Previous 3: main:a0:1=3; main:a1:1=5; 
Previous 4: main:a0:1=5; main:a1:1=3; 
Previous 5: main:a0:1=4; main:a1:1=2; 

Program:
extern int __VERIFIER_nondet_int(void);
/*
Commit Number: c44da115063bfea7ef8b2afd1c9d52737e2b7f70
URL: https://github.com/coreutils/coreutils/commit/c44da115063bfea7ef8b2afd1c9d52737e2b7f70
Project Name: coreutils
License: GPL3
termination: false

This program includes shift overflow : a1 << 31 and bit operation;
This program is non-terminating, when a0 =0 and a1 = 0.


*/

int main()
{
    int a0 = __VERIFIER_nondet_int();
    int a1 = __VERIFIER_nondet_int();
    while( ( a0 & 1 ) == 0)
    {
        a0 = ( a1 << 31 ) | ( a0 >> 1 );
        a1 = a1 >> 1;
    }
    return 0;
}

"
7,T,"main:a0:1=3
main:a1:1=0
",/home/quasar/Documents/FocusTNT/results_InputGeneration/FSE/loop/Incorrect_Bit_Calculation_2_NT/input_generator_artifacts/generated_programs/Incorrect_Bit_Calculation_2_NT_TestCase7.c,COMPLETED,T,true,,"You generate concrete values for nondeterministic inputs in a C/C++ program.
Your goal is to produce ONE complete assignment set that is likely to make the program terminate.

Important rules:
1. Return a value for EVERY listed nondeterministic input ID.
2. Use each ID exactly once.
3. Respect the declared C/C++ type.
4. For an array, return the value as an array containing exactly the required number of elements.
5. For char arrays, each element must be exactly one character. Return the character itself without C single quotes.
6. Prefer small-magnitude values unless larger values are necessary to achieve the requested execution behavior.

Nondeterministic inputs:
- id: main:a0:1, type: int
- id: main:a1:1, type: int

Previously generated assignment sets are listed below. Generate a materially different set and do not duplicate any of them.
Previous 1: main:a0:1=1; main:a1:1=0; 
Previous 2: main:a0:1=2; main:a1:1=1; 
Previous 3: main:a0:1=3; main:a1:1=5; 
Previous 4: main:a0:1=5; main:a1:1=3; 
Previous 5: main:a0:1=4; main:a1:1=2; 
Previous 6: main:a0:1=7; main:a1:1=-1; 

Program:
extern int __VERIFIER_nondet_int(void);
/*
Commit Number: c44da115063bfea7ef8b2afd1c9d52737e2b7f70
URL: https://github.com/coreutils/coreutils/commit/c44da115063bfea7ef8b2afd1c9d52737e2b7f70
Project Name: coreutils
License: GPL3
termination: false

This program includes shift overflow : a1 << 31 and bit operation;
This program is non-terminating, when a0 =0 and a1 = 0.


*/

int main()
{
    int a0 = __VERIFIER_nondet_int();
    int a1 = __VERIFIER_nondet_int();
    while( ( a0 & 1 ) == 0)
    {
        a0 = ( a1 << 31 ) | ( a0 >> 1 );
        a1 = a1 >> 1;
    }
    return 0;
}

"
8,T,"main:a0:1=2
main:a1:1=0
",/home/quasar/Documents/FocusTNT/results_InputGeneration/FSE/loop/Incorrect_Bit_Calculation_2_NT/input_generator_artifacts/generated_programs/Incorrect_Bit_Calculation_2_NT_TestCase8.c,COMPLETED,T,true,,"You generate concrete values for nondeterministic inputs in a C/C++ program.
Your goal is to produce ONE complete assignment set that is likely to make the program terminate.

Important rules:
1. Return a value for EVERY listed nondeterministic input ID.
2. Use each ID exactly once.
3. Respect the declared C/C++ type.
4. For an array, return the value as an array containing exactly the required number of elements.
5. For char arrays, each element must be exactly one character. Return the character itself without C single quotes.
6. Prefer small-magnitude values unless larger values are necessary to achieve the requested execution behavior.

Nondeterministic inputs:
- id: main:a0:1, type: int
- id: main:a1:1, type: int

Previously generated assignment sets are listed below. Generate a materially different set and do not duplicate any of them.
Previous 1: main:a0:1=1; main:a1:1=0; 
Previous 2: main:a0:1=2; main:a1:1=1; 
Previous 3: main:a0:1=3; main:a1:1=5; 
Previous 4: main:a0:1=5; main:a1:1=3; 
Previous 5: main:a0:1=4; main:a1:1=2; 
Previous 6: main:a0:1=7; main:a1:1=-1; 
Previous 7: main:a0:1=3; main:a1:1=0; 

Program:
extern int __VERIFIER_nondet_int(void);
/*
Commit Number: c44da115063bfea7ef8b2afd1c9d52737e2b7f70
URL: https://github.com/coreutils/coreutils/commit/c44da115063bfea7ef8b2afd1c9d52737e2b7f70
Project Name: coreutils
License: GPL3
termination: false

This program includes shift overflow : a1 << 31 and bit operation;
This program is non-terminating, when a0 =0 and a1 = 0.


*/

int main()
{
    int a0 = __VERIFIER_nondet_int();
    int a1 = __VERIFIER_nondet_int();
    while( ( a0 & 1 ) == 0)
    {
        a0 = ( a1 << 31 ) | ( a0 >> 1 );
        a1 = a1 >> 1;
    }
    return 0;
}

"
9,T,"main:a0:1=1
main:a1:1=4
",/home/quasar/Documents/FocusTNT/results_InputGeneration/FSE/loop/Incorrect_Bit_Calculation_2_NT/input_generator_artifacts/generated_programs/Incorrect_Bit_Calculation_2_NT_TestCase9.c,COMPLETED,T,true,,"You generate concrete values for nondeterministic inputs in a C/C++ program.
Your goal is to produce ONE complete assignment set that is likely to make the program terminate.

Important rules:
1. Return a value for EVERY listed nondeterministic input ID.
2. Use each ID exactly once.
3. Respect the declared C/C++ type.
4. For an array, return the value as an array containing exactly the required number of elements.
5. For char arrays, each element must be exactly one character. Return the character itself without C single quotes.
6. Prefer small-magnitude values unless larger values are necessary to achieve the requested execution behavior.

Nondeterministic inputs:
- id: main:a0:1, type: int
- id: main:a1:1, type: int

Previously generated assignment sets are listed below. Generate a materially different set and do not duplicate any of them.
Previous 1: main:a0:1=1; main:a1:1=0; 
Previous 2: main:a0:1=2; main:a1:1=1; 
Previous 3: main:a0:1=3; main:a1:1=5; 
Previous 4: main:a0:1=5; main:a1:1=3; 
Previous 5: main:a0:1=4; main:a1:1=2; 
Previous 6: main:a0:1=7; main:a1:1=-1; 
Previous 7: main:a0:1=3; main:a1:1=0; 
Previous 8: main:a0:1=2; main:a1:1=0; 

Program:
extern int __VERIFIER_nondet_int(void);
/*
Commit Number: c44da115063bfea7ef8b2afd1c9d52737e2b7f70
URL: https://github.com/coreutils/coreutils/commit/c44da115063bfea7ef8b2afd1c9d52737e2b7f70
Project Name: coreutils
License: GPL3
termination: false

This program includes shift overflow : a1 << 31 and bit operation;
This program is non-terminating, when a0 =0 and a1 = 0.


*/

int main()
{
    int a0 = __VERIFIER_nondet_int();
    int a1 = __VERIFIER_nondet_int();
    while( ( a0 & 1 ) == 0)
    {
        a0 = ( a1 << 31 ) | ( a0 >> 1 );
        a1 = a1 >> 1;
    }
    return 0;
}

"
10,T,"main:a0:1=1
main:a1:1=1
",/home/quasar/Documents/FocusTNT/results_InputGeneration/FSE/loop/Incorrect_Bit_Calculation_2_NT/input_generator_artifacts/generated_programs/Incorrect_Bit_Calculation_2_NT_TestCase10.c,COMPLETED,T,true,,"You generate concrete values for nondeterministic inputs in a C/C++ program.
Your goal is to produce ONE complete assignment set that is likely to make the program terminate.

Important rules:
1. Return a value for EVERY listed nondeterministic input ID.
2. Use each ID exactly once.
3. Respect the declared C/C++ type.
4. For an array, return the value as an array containing exactly the required number of elements.
5. For char arrays, each element must be exactly one character. Return the character itself without C single quotes.
6. Prefer small-magnitude values unless larger values are necessary to achieve the requested execution behavior.

Nondeterministic inputs:
- id: main:a0:1, type: int
- id: main:a1:1, type: int

Previously generated assignment sets are listed below. Generate a materially different set and do not duplicate any of them.
Previous 1: main:a0:1=1; main:a1:1=0; 
Previous 2: main:a0:1=2; main:a1:1=1; 
Previous 3: main:a0:1=3; main:a1:1=5; 
Previous 4: main:a0:1=5; main:a1:1=3; 
Previous 5: main:a0:1=4; main:a1:1=2; 
Previous 6: main:a0:1=7; main:a1:1=-1; 
Previous 7: main:a0:1=3; main:a1:1=0; 
Previous 8: main:a0:1=2; main:a1:1=0; 
Previous 9: main:a0:1=1; main:a1:1=4; 

Program:
extern int __VERIFIER_nondet_int(void);
/*
Commit Number: c44da115063bfea7ef8b2afd1c9d52737e2b7f70
URL: https://github.com/coreutils/coreutils/commit/c44da115063bfea7ef8b2afd1c9d52737e2b7f70
Project Name: coreutils
License: GPL3
termination: false

This program includes shift overflow : a1 << 31 and bit operation;
This program is non-terminating, when a0 =0 and a1 = 0.


*/

int main()
{
    int a0 = __VERIFIER_nondet_int();
    int a1 = __VERIFIER_nondet_int();
    while( ( a0 & 1 ) == 0)
    {
        a0 = ( a1 << 31 ) | ( a0 >> 1 );
        a1 = a1 >> 1;
    }
    return 0;
}

"
11,NT,"main:a0:1=0
main:a1:1=0
",/home/quasar/Documents/FocusTNT/results_InputGeneration/FSE/loop/Incorrect_Bit_Calculation_2_NT/input_generator_artifacts/generated_programs/Incorrect_Bit_Calculation_2_NT_TestCase11.c,TIMEOUT,LIKELY_NT,true,,"You generate concrete values for nondeterministic inputs in a C/C++ program.
Your goal is to produce ONE complete assignment set that is likely to make the program not terminate.

Important rules:
1. Return a value for EVERY listed nondeterministic input ID.
2. Use each ID exactly once.
3. Respect the declared C/C++ type.
4. For an array, return the value as an array containing exactly the required number of elements.
5. For char arrays, each element must be exactly one character. Return the character itself without C single quotes.
6. Prefer small-magnitude values unless larger values are necessary to achieve the requested execution behavior.

Nondeterministic inputs:
- id: main:a0:1, type: int
- id: main:a1:1, type: int

Previously generated assignment sets are listed below. Generate a materially different set and do not duplicate any of them.
Previous 1: main:a0:1=1; main:a1:1=0; 
Previous 2: main:a0:1=2; main:a1:1=1; 
Previous 3: main:a0:1=3; main:a1:1=5; 
Previous 4: main:a0:1=5; main:a1:1=3; 
Previous 5: main:a0:1=4; main:a1:1=2; 
Previous 6: main:a0:1=7; main:a1:1=-1; 
Previous 7: main:a0:1=3; main:a1:1=0; 
Previous 8: main:a0:1=2; main:a1:1=0; 
Previous 9: main:a0:1=1; main:a1:1=4; 
Previous 10: main:a0:1=1; main:a1:1=1; 

Program:
extern int __VERIFIER_nondet_int(void);
/*
Commit Number: c44da115063bfea7ef8b2afd1c9d52737e2b7f70
URL: https://github.com/coreutils/coreutils/commit/c44da115063bfea7ef8b2afd1c9d52737e2b7f70
Project Name: coreutils
License: GPL3
termination: false

This program includes shift overflow : a1 << 31 and bit operation;
This program is non-terminating, when a0 =0 and a1 = 0.


*/

int main()
{
    int a0 = __VERIFIER_nondet_int();
    int a1 = __VERIFIER_nondet_int();
    while( ( a0 & 1 ) == 0)
    {
        a0 = ( a1 << 31 ) | ( a0 >> 1 );
        a1 = a1 >> 1;
    }
    return 0;
}

"
12,NT,"main:a0:1=0
main:a1:1=-1
",,COMPLETED,T,false,,"You generate concrete values for nondeterministic inputs in a C/C++ program.
Your goal is to produce ONE complete assignment set that is likely to make the program not terminate.

Important rules:
1. Return a value for EVERY listed nondeterministic input ID.
2. Use each ID exactly once.
3. Respect the declared C/C++ type.
4. For an array, return the value as an array containing exactly the required number of elements.
5. For char arrays, each element must be exactly one character. Return the character itself without C single quotes.
6. Prefer small-magnitude values unless larger values are necessary to achieve the requested execution behavior.

Nondeterministic inputs:
- id: main:a0:1, type: int
- id: main:a1:1, type: int

Previously generated assignment sets are listed below. Generate a materially different set and do not duplicate any of them.
Previous 1: main:a0:1=1; main:a1:1=0; 
Previous 2: main:a0:1=2; main:a1:1=1; 
Previous 3: main:a0:1=3; main:a1:1=5; 
Previous 4: main:a0:1=5; main:a1:1=3; 
Previous 5: main:a0:1=4; main:a1:1=2; 
Previous 6: main:a0:1=7; main:a1:1=-1; 
Previous 7: main:a0:1=3; main:a1:1=0; 
Previous 8: main:a0:1=2; main:a1:1=0; 
Previous 9: main:a0:1=1; main:a1:1=4; 
Previous 10: main:a0:1=1; main:a1:1=1; 
Previous 11: main:a0:1=0; main:a1:1=0; 

Program:
extern int __VERIFIER_nondet_int(void);
/*
Commit Number: c44da115063bfea7ef8b2afd1c9d52737e2b7f70
URL: https://github.com/coreutils/coreutils/commit/c44da115063bfea7ef8b2afd1c9d52737e2b7f70
Project Name: coreutils
License: GPL3
termination: false

This program includes shift overflow : a1 << 31 and bit operation;
This program is non-terminating, when a0 =0 and a1 = 0.


*/

int main()
{
    int a0 = __VERIFIER_nondet_int();
    int a1 = __VERIFIER_nondet_int();
    while( ( a0 & 1 ) == 0)
    {
        a0 = ( a1 << 31 ) | ( a0 >> 1 );
        a1 = a1 >> 1;
    }
    return 0;
}

"
13,NT,"main:a0:1=0
main:a1:1=0
",,DUPLICATE,,false,,"You generate concrete values for nondeterministic inputs in a C/C++ program.
Your goal is to produce ONE complete assignment set that is likely to make the program not terminate.

Important rules:
1. Return a value for EVERY listed nondeterministic input ID.
2. Use each ID exactly once.
3. Respect the declared C/C++ type.
4. For an array, return the value as an array containing exactly the required number of elements.
5. For char arrays, each element must be exactly one character. Return the character itself without C single quotes.
6. Prefer small-magnitude values unless larger values are necessary to achieve the requested execution behavior.

Nondeterministic inputs:
- id: main:a0:1, type: int
- id: main:a1:1, type: int

Previously generated assignment sets are listed below. Generate a materially different set and do not duplicate any of them.
Previous 1: main:a0:1=1; main:a1:1=0; 
Previous 2: main:a0:1=2; main:a1:1=1; 
Previous 3: main:a0:1=3; main:a1:1=5; 
Previous 4: main:a0:1=5; main:a1:1=3; 
Previous 5: main:a0:1=4; main:a1:1=2; 
Previous 6: main:a0:1=7; main:a1:1=-1; 
Previous 7: main:a0:1=3; main:a1:1=0; 
Previous 8: main:a0:1=2; main:a1:1=0; 
Previous 9: main:a0:1=1; main:a1:1=4; 
Previous 10: main:a0:1=1; main:a1:1=1; 
Previous 11: main:a0:1=0; main:a1:1=0; 
Previous 12: main:a0:1=0; main:a1:1=-1; 

Program:
extern int __VERIFIER_nondet_int(void);
/*
Commit Number: c44da115063bfea7ef8b2afd1c9d52737e2b7f70
URL: https://github.com/coreutils/coreutils/commit/c44da115063bfea7ef8b2afd1c9d52737e2b7f70
Project Name: coreutils
License: GPL3
termination: false

This program includes shift overflow : a1 << 31 and bit operation;
This program is non-terminating, when a0 =0 and a1 = 0.


*/

int main()
{
    int a0 = __VERIFIER_nondet_int();
    int a1 = __VERIFIER_nondet_int();
    while( ( a0 & 1 ) == 0)
    {
        a0 = ( a1 << 31 ) | ( a0 >> 1 );
        a1 = a1 >> 1;
    }
    return 0;
}

"
14,NT,"main:a0:1=0
main:a1:1=1
",,COMPLETED,T,false,,"You generate concrete values for nondeterministic inputs in a C/C++ program.
Your goal is to produce ONE complete assignment set that is likely to make the program not terminate.

Important rules:
1. Return a value for EVERY listed nondeterministic input ID.
2. Use each ID exactly once.
3. Respect the declared C/C++ type.
4. For an array, return the value as an array containing exactly the required number of elements.
5. For char arrays, each element must be exactly one character. Return the character itself without C single quotes.
6. Prefer small-magnitude values unless larger values are necessary to achieve the requested execution behavior.

Nondeterministic inputs:
- id: main:a0:1, type: int
- id: main:a1:1, type: int

Previously generated assignment sets are listed below. Generate a materially different set and do not duplicate any of them.
Previous 1: main:a0:1=1; main:a1:1=0; 
Previous 2: main:a0:1=2; main:a1:1=1; 
Previous 3: main:a0:1=3; main:a1:1=5; 
Previous 4: main:a0:1=5; main:a1:1=3; 
Previous 5: main:a0:1=4; main:a1:1=2; 
Previous 6: main:a0:1=7; main:a1:1=-1; 
Previous 7: main:a0:1=3; main:a1:1=0; 
Previous 8: main:a0:1=2; main:a1:1=0; 
Previous 9: main:a0:1=1; main:a1:1=4; 
Previous 10: main:a0:1=1; main:a1:1=1; 
Previous 11: main:a0:1=0; main:a1:1=0; 
Previous 12: main:a0:1=0; main:a1:1=-1; 

Program:
extern int __VERIFIER_nondet_int(void);
/*
Commit Number: c44da115063bfea7ef8b2afd1c9d52737e2b7f70
URL: https://github.com/coreutils/coreutils/commit/c44da115063bfea7ef8b2afd1c9d52737e2b7f70
Project Name: coreutils
License: GPL3
termination: false

This program includes shift overflow : a1 << 31 and bit operation;
This program is non-terminating, when a0 =0 and a1 = 0.


*/

int main()
{
    int a0 = __VERIFIER_nondet_int();
    int a1 = __VERIFIER_nondet_int();
    while( ( a0 & 1 ) == 0)
    {
        a0 = ( a1 << 31 ) | ( a0 >> 1 );
        a1 = a1 >> 1;
    }
    return 0;
}

"
15,NT,"main:a0:1=0
main:a1:1=-1
",,DUPLICATE,,false,,"You generate concrete values for nondeterministic inputs in a C/C++ program.
Your goal is to produce ONE complete assignment set that is likely to make the program not terminate.

Important rules:
1. Return a value for EVERY listed nondeterministic input ID.
2. Use each ID exactly once.
3. Respect the declared C/C++ type.
4. For an array, return the value as an array containing exactly the required number of elements.
5. For char arrays, each element must be exactly one character. Return the character itself without C single quotes.
6. Prefer small-magnitude values unless larger values are necessary to achieve the requested execution behavior.

Nondeterministic inputs:
- id: main:a0:1, type: int
- id: main:a1:1, type: int

Previously generated assignment sets are listed below. Generate a materially different set and do not duplicate any of them.
Previous 1: main:a0:1=1; main:a1:1=0; 
Previous 2: main:a0:1=2; main:a1:1=1; 
Previous 3: main:a0:1=3; main:a1:1=5; 
Previous 4: main:a0:1=5; main:a1:1=3; 
Previous 5: main:a0:1=4; main:a1:1=2; 
Previous 6: main:a0:1=7; main:a1:1=-1; 
Previous 7: main:a0:1=3; main:a1:1=0; 
Previous 8: main:a0:1=2; main:a1:1=0; 
Previous 9: main:a0:1=1; main:a1:1=4; 
Previous 10: main:a0:1=1; main:a1:1=1; 
Previous 11: main:a0:1=0; main:a1:1=0; 
Previous 12: main:a0:1=0; main:a1:1=-1; 
Previous 13: main:a0:1=0; main:a1:1=1; 

Program:
extern int __VERIFIER_nondet_int(void);
/*
Commit Number: c44da115063bfea7ef8b2afd1c9d52737e2b7f70
URL: https://github.com/coreutils/coreutils/commit/c44da115063bfea7ef8b2afd1c9d52737e2b7f70
Project Name: coreutils
License: GPL3
termination: false

This program includes shift overflow : a1 << 31 and bit operation;
This program is non-terminating, when a0 =0 and a1 = 0.


*/

int main()
{
    int a0 = __VERIFIER_nondet_int();
    int a1 = __VERIFIER_nondet_int();
    while( ( a0 & 1 ) == 0)
    {
        a0 = ( a1 << 31 ) | ( a0 >> 1 );
        a1 = a1 >> 1;
    }
    return 0;
}

"
16,NT,"main:a0:1=0
main:a1:1=2
",,COMPLETED,T,false,,"You generate concrete values for nondeterministic inputs in a C/C++ program.
Your goal is to produce ONE complete assignment set that is likely to make the program not terminate.

Important rules:
1. Return a value for EVERY listed nondeterministic input ID.
2. Use each ID exactly once.
3. Respect the declared C/C++ type.
4. For an array, return the value as an array containing exactly the required number of elements.
5. For char arrays, each element must be exactly one character. Return the character itself without C single quotes.
6. Prefer small-magnitude values unless larger values are necessary to achieve the requested execution behavior.

Nondeterministic inputs:
- id: main:a0:1, type: int
- id: main:a1:1, type: int

Previously generated assignment sets are listed below. Generate a materially different set and do not duplicate any of them.
Previous 1: main:a0:1=1; main:a1:1=0; 
Previous 2: main:a0:1=2; main:a1:1=1; 
Previous 3: main:a0:1=3; main:a1:1=5; 
Previous 4: main:a0:1=5; main:a1:1=3; 
Previous 5: main:a0:1=4; main:a1:1=2; 
Previous 6: main:a0:1=7; main:a1:1=-1; 
Previous 7: main:a0:1=3; main:a1:1=0; 
Previous 8: main:a0:1=2; main:a1:1=0; 
Previous 9: main:a0:1=1; main:a1:1=4; 
Previous 10: main:a0:1=1; main:a1:1=1; 
Previous 11: main:a0:1=0; main:a1:1=0; 
Previous 12: main:a0:1=0; main:a1:1=-1; 
Previous 13: main:a0:1=0; main:a1:1=1; 

Program:
extern int __VERIFIER_nondet_int(void);
/*
Commit Number: c44da115063bfea7ef8b2afd1c9d52737e2b7f70
URL: https://github.com/coreutils/coreutils/commit/c44da115063bfea7ef8b2afd1c9d52737e2b7f70
Project Name: coreutils
License: GPL3
termination: false

This program includes shift overflow : a1 << 31 and bit operation;
This program is non-terminating, when a0 =0 and a1 = 0.


*/

int main()
{
    int a0 = __VERIFIER_nondet_int();
    int a1 = __VERIFIER_nondet_int();
    while( ( a0 & 1 ) == 0)
    {
        a0 = ( a1 << 31 ) | ( a0 >> 1 );
        a1 = a1 >> 1;
    }
    return 0;
}

"
17,NT,"main:a0:1=0
main:a1:1=1
",,DUPLICATE,,false,,"You generate concrete values for nondeterministic inputs in a C/C++ program.
Your goal is to produce ONE complete assignment set that is likely to make the program not terminate.

Important rules:
1. Return a value for EVERY listed nondeterministic input ID.
2. Use each ID exactly once.
3. Respect the declared C/C++ type.
4. For an array, return the value as an array containing exactly the required number of elements.
5. For char arrays, each element must be exactly one character. Return the character itself without C single quotes.
6. Prefer small-magnitude values unless larger values are necessary to achieve the requested execution behavior.

Nondeterministic inputs:
- id: main:a0:1, type: int
- id: main:a1:1, type: int

Previously generated assignment sets are listed below. Generate a materially different set and do not duplicate any of them.
Previous 1: main:a0:1=1; main:a1:1=0; 
Previous 2: main:a0:1=2; main:a1:1=1; 
Previous 3: main:a0:1=3; main:a1:1=5; 
Previous 4: main:a0:1=5; main:a1:1=3; 
Previous 5: main:a0:1=4; main:a1:1=2; 
Previous 6: main:a0:1=7; main:a1:1=-1; 
Previous 7: main:a0:1=3; main:a1:1=0; 
Previous 8: main:a0:1=2; main:a1:1=0; 
Previous 9: main:a0:1=1; main:a1:1=4; 
Previous 10: main:a0:1=1; main:a1:1=1; 
Previous 11: main:a0:1=0; main:a1:1=0; 
Previous 12: main:a0:1=0; main:a1:1=-1; 
Previous 13: main:a0:1=0; main:a1:1=1; 
Previous 14: main:a0:1=0; main:a1:1=2; 

Program:
extern int __VERIFIER_nondet_int(void);
/*
Commit Number: c44da115063bfea7ef8b2afd1c9d52737e2b7f70
URL: https://github.com/coreutils/coreutils/commit/c44da115063bfea7ef8b2afd1c9d52737e2b7f70
Project Name: coreutils
License: GPL3
termination: false

This program includes shift overflow : a1 << 31 and bit operation;
This program is non-terminating, when a0 =0 and a1 = 0.


*/

int main()
{
    int a0 = __VERIFIER_nondet_int();
    int a1 = __VERIFIER_nondet_int();
    while( ( a0 & 1 ) == 0)
    {
        a0 = ( a1 << 31 ) | ( a0 >> 1 );
        a1 = a1 >> 1;
    }
    return 0;
}

"
18,NT,"main:a0:1=0
main:a1:1=0
",,DUPLICATE,,false,,"You generate concrete values for nondeterministic inputs in a C/C++ program.
Your goal is to produce ONE complete assignment set that is likely to make the program not terminate.

Important rules:
1. Return a value for EVERY listed nondeterministic input ID.
2. Use each ID exactly once.
3. Respect the declared C/C++ type.
4. For an array, return the value as an array containing exactly the required number of elements.
5. For char arrays, each element must be exactly one character. Return the character itself without C single quotes.
6. Prefer small-magnitude values unless larger values are necessary to achieve the requested execution behavior.

Nondeterministic inputs:
- id: main:a0:1, type: int
- id: main:a1:1, type: int

Previously generated assignment sets are listed below. Generate a materially different set and do not duplicate any of them.
Previous 1: main:a0:1=1; main:a1:1=0; 
Previous 2: main:a0:1=2; main:a1:1=1; 
Previous 3: main:a0:1=3; main:a1:1=5; 
Previous 4: main:a0:1=5; main:a1:1=3; 
Previous 5: main:a0:1=4; main:a1:1=2; 
Previous 6: main:a0:1=7; main:a1:1=-1; 
Previous 7: main:a0:1=3; main:a1:1=0; 
Previous 8: main:a0:1=2; main:a1:1=0; 
Previous 9: main:a0:1=1; main:a1:1=4; 
Previous 10: main:a0:1=1; main:a1:1=1; 
Previous 11: main:a0:1=0; main:a1:1=0; 
Previous 12: main:a0:1=0; main:a1:1=-1; 
Previous 13: main:a0:1=0; main:a1:1=1; 
Previous 14: main:a0:1=0; main:a1:1=2; 

Program:
extern int __VERIFIER_nondet_int(void);
/*
Commit Number: c44da115063bfea7ef8b2afd1c9d52737e2b7f70
URL: https://github.com/coreutils/coreutils/commit/c44da115063bfea7ef8b2afd1c9d52737e2b7f70
Project Name: coreutils
License: GPL3
termination: false

This program includes shift overflow : a1 << 31 and bit operation;
This program is non-terminating, when a0 =0 and a1 = 0.


*/

int main()
{
    int a0 = __VERIFIER_nondet_int();
    int a1 = __VERIFIER_nondet_int();
    while( ( a0 & 1 ) == 0)
    {
        a0 = ( a1 << 31 ) | ( a0 >> 1 );
        a1 = a1 >> 1;
    }
    return 0;
}

"
19,NT,"main:a0:1=0
main:a1:1=0
",,DUPLICATE,,false,,"You generate concrete values for nondeterministic inputs in a C/C++ program.
Your goal is to produce ONE complete assignment set that is likely to make the program not terminate.

Important rules:
1. Return a value for EVERY listed nondeterministic input ID.
2. Use each ID exactly once.
3. Respect the declared C/C++ type.
4. For an array, return the value as an array containing exactly the required number of elements.
5. For char arrays, each element must be exactly one character. Return the character itself without C single quotes.
6. Prefer small-magnitude values unless larger values are necessary to achieve the requested execution behavior.

Nondeterministic inputs:
- id: main:a0:1, type: int
- id: main:a1:1, type: int

Previously generated assignment sets are listed below. Generate a materially different set and do not duplicate any of them.
Previous 1: main:a0:1=1; main:a1:1=0; 
Previous 2: main:a0:1=2; main:a1:1=1; 
Previous 3: main:a0:1=3; main:a1:1=5; 
Previous 4: main:a0:1=5; main:a1:1=3; 
Previous 5: main:a0:1=4; main:a1:1=2; 
Previous 6: main:a0:1=7; main:a1:1=-1; 
Previous 7: main:a0:1=3; main:a1:1=0; 
Previous 8: main:a0:1=2; main:a1:1=0; 
Previous 9: main:a0:1=1; main:a1:1=4; 
Previous 10: main:a0:1=1; main:a1:1=1; 
Previous 11: main:a0:1=0; main:a1:1=0; 
Previous 12: main:a0:1=0; main:a1:1=-1; 
Previous 13: main:a0:1=0; main:a1:1=1; 
Previous 14: main:a0:1=0; main:a1:1=2; 

Program:
extern int __VERIFIER_nondet_int(void);
/*
Commit Number: c44da115063bfea7ef8b2afd1c9d52737e2b7f70
URL: https://github.com/coreutils/coreutils/commit/c44da115063bfea7ef8b2afd1c9d52737e2b7f70
Project Name: coreutils
License: GPL3
termination: false

This program includes shift overflow : a1 << 31 and bit operation;
This program is non-terminating, when a0 =0 and a1 = 0.


*/

int main()
{
    int a0 = __VERIFIER_nondet_int();
    int a1 = __VERIFIER_nondet_int();
    while( ( a0 & 1 ) == 0)
    {
        a0 = ( a1 << 31 ) | ( a0 >> 1 );
        a1 = a1 >> 1;
    }
    return 0;
}

"
20,NT,"main:a0:1=0
main:a1:1=3
",,COMPLETED,T,false,,"You generate concrete values for nondeterministic inputs in a C/C++ program.
Your goal is to produce ONE complete assignment set that is likely to make the program not terminate.

Important rules:
1. Return a value for EVERY listed nondeterministic input ID.
2. Use each ID exactly once.
3. Respect the declared C/C++ type.
4. For an array, return the value as an array containing exactly the required number of elements.
5. For char arrays, each element must be exactly one character. Return the character itself without C single quotes.
6. Prefer small-magnitude values unless larger values are necessary to achieve the requested execution behavior.

Nondeterministic inputs:
- id: main:a0:1, type: int
- id: main:a1:1, type: int

Previously generated assignment sets are listed below. Generate a materially different set and do not duplicate any of them.
Previous 1: main:a0:1=1; main:a1:1=0; 
Previous 2: main:a0:1=2; main:a1:1=1; 
Previous 3: main:a0:1=3; main:a1:1=5; 
Previous 4: main:a0:1=5; main:a1:1=3; 
Previous 5: main:a0:1=4; main:a1:1=2; 
Previous 6: main:a0:1=7; main:a1:1=-1; 
Previous 7: main:a0:1=3; main:a1:1=0; 
Previous 8: main:a0:1=2; main:a1:1=0; 
Previous 9: main:a0:1=1; main:a1:1=4; 
Previous 10: main:a0:1=1; main:a1:1=1; 
Previous 11: main:a0:1=0; main:a1:1=0; 
Previous 12: main:a0:1=0; main:a1:1=-1; 
Previous 13: main:a0:1=0; main:a1:1=1; 
Previous 14: main:a0:1=0; main:a1:1=2; 

Program:
extern int __VERIFIER_nondet_int(void);
/*
Commit Number: c44da115063bfea7ef8b2afd1c9d52737e2b7f70
URL: https://github.com/coreutils/coreutils/commit/c44da115063bfea7ef8b2afd1c9d52737e2b7f70
Project Name: coreutils
License: GPL3
termination: false

This program includes shift overflow : a1 << 31 and bit operation;
This program is non-terminating, when a0 =0 and a1 = 0.


*/

int main()
{
    int a0 = __VERIFIER_nondet_int();
    int a1 = __VERIFIER_nondet_int();
    while( ( a0 & 1 ) == 0)
    {
        a0 = ( a1 << 31 ) | ( a0 >> 1 );
        a1 = a1 >> 1;
    }
    return 0;
}

"
21,NT,"main:a0:1=8
main:a1:1=5
",,COMPLETED,T,false,,"You generate concrete values for nondeterministic inputs in a C/C++ program.
Your goal is to produce ONE complete assignment set that is likely to make the program not terminate.

Important rules:
1. Return a value for EVERY listed nondeterministic input ID.
2. Use each ID exactly once.
3. Respect the declared C/C++ type.
4. For an array, return the value as an array containing exactly the required number of elements.
5. For char arrays, each element must be exactly one character. Return the character itself without C single quotes.
6. Prefer small-magnitude values unless larger values are necessary to achieve the requested execution behavior.

Nondeterministic inputs:
- id: main:a0:1, type: int
- id: main:a1:1, type: int

Previously generated assignment sets are listed below. Generate a materially different set and do not duplicate any of them.
Previous 1: main:a0:1=1; main:a1:1=0; 
Previous 2: main:a0:1=2; main:a1:1=1; 
Previous 3: main:a0:1=3; main:a1:1=5; 
Previous 4: main:a0:1=5; main:a1:1=3; 
Previous 5: main:a0:1=4; main:a1:1=2; 
Previous 6: main:a0:1=7; main:a1:1=-1; 
Previous 7: main:a0:1=3; main:a1:1=0; 
Previous 8: main:a0:1=2; main:a1:1=0; 
Previous 9: main:a0:1=1; main:a1:1=4; 
Previous 10: main:a0:1=1; main:a1:1=1; 
Previous 11: main:a0:1=0; main:a1:1=0; 
Previous 12: main:a0:1=0; main:a1:1=-1; 
Previous 13: main:a0:1=0; main:a1:1=1; 
Previous 14: main:a0:1=0; main:a1:1=2; 
Previous 15: main:a0:1=0; main:a1:1=3; 

Program:
extern int __VERIFIER_nondet_int(void);
/*
Commit Number: c44da115063bfea7ef8b2afd1c9d52737e2b7f70
URL: https://github.com/coreutils/coreutils/commit/c44da115063bfea7ef8b2afd1c9d52737e2b7f70
Project Name: coreutils
License: GPL3
termination: false

This program includes shift overflow : a1 << 31 and bit operation;
This program is non-terminating, when a0 =0 and a1 = 0.


*/

int main()
{
    int a0 = __VERIFIER_nondet_int();
    int a1 = __VERIFIER_nondet_int();
    while( ( a0 & 1 ) == 0)
    {
        a0 = ( a1 << 31 ) | ( a0 >> 1 );
        a1 = a1 >> 1;
    }
    return 0;
}

"
22,NT,"main:a0:1=0
main:a1:1=4
",,COMPLETED,T,false,,"You generate concrete values for nondeterministic inputs in a C/C++ program.
Your goal is to produce ONE complete assignment set that is likely to make the program not terminate.

Important rules:
1. Return a value for EVERY listed nondeterministic input ID.
2. Use each ID exactly once.
3. Respect the declared C/C++ type.
4. For an array, return the value as an array containing exactly the required number of elements.
5. For char arrays, each element must be exactly one character. Return the character itself without C single quotes.
6. Prefer small-magnitude values unless larger values are necessary to achieve the requested execution behavior.

Nondeterministic inputs:
- id: main:a0:1, type: int
- id: main:a1:1, type: int

Previously generated assignment sets are listed below. Generate a materially different set and do not duplicate any of them.
Previous 1: main:a0:1=1; main:a1:1=0; 
Previous 2: main:a0:1=2; main:a1:1=1; 
Previous 3: main:a0:1=3; main:a1:1=5; 
Previous 4: main:a0:1=5; main:a1:1=3; 
Previous 5: main:a0:1=4; main:a1:1=2; 
Previous 6: main:a0:1=7; main:a1:1=-1; 
Previous 7: main:a0:1=3; main:a1:1=0; 
Previous 8: main:a0:1=2; main:a1:1=0; 
Previous 9: main:a0:1=1; main:a1:1=4; 
Previous 10: main:a0:1=1; main:a1:1=1; 
Previous 11: main:a0:1=0; main:a1:1=0; 
Previous 12: main:a0:1=0; main:a1:1=-1; 
Previous 13: main:a0:1=0; main:a1:1=1; 
Previous 14: main:a0:1=0; main:a1:1=2; 
Previous 15: main:a0:1=0; main:a1:1=3; 
Previous 16: main:a0:1=8; main:a1:1=5; 

Program:
extern int __VERIFIER_nondet_int(void);
/*
Commit Number: c44da115063bfea7ef8b2afd1c9d52737e2b7f70
URL: https://github.com/coreutils/coreutils/commit/c44da115063bfea7ef8b2afd1c9d52737e2b7f70
Project Name: coreutils
License: GPL3
termination: false

This program includes shift overflow : a1 << 31 and bit operation;
This program is non-terminating, when a0 =0 and a1 = 0.


*/

int main()
{
    int a0 = __VERIFIER_nondet_int();
    int a1 = __VERIFIER_nondet_int();
    while( ( a0 & 1 ) == 0)
    {
        a0 = ( a1 << 31 ) | ( a0 >> 1 );
        a1 = a1 >> 1;
    }
    return 0;
}

"
23,NT,"main:a0:1=0
main:a1:1=1
",,DUPLICATE,,false,,"You generate concrete values for nondeterministic inputs in a C/C++ program.
Your goal is to produce ONE complete assignment set that is likely to make the program not terminate.

Important rules:
1. Return a value for EVERY listed nondeterministic input ID.
2. Use each ID exactly once.
3. Respect the declared C/C++ type.
4. For an array, return the value as an array containing exactly the required number of elements.
5. For char arrays, each element must be exactly one character. Return the character itself without C single quotes.
6. Prefer small-magnitude values unless larger values are necessary to achieve the requested execution behavior.

Nondeterministic inputs:
- id: main:a0:1, type: int
- id: main:a1:1, type: int

Previously generated assignment sets are listed below. Generate a materially different set and do not duplicate any of them.
Previous 1: main:a0:1=1; main:a1:1=0; 
Previous 2: main:a0:1=2; main:a1:1=1; 
Previous 3: main:a0:1=3; main:a1:1=5; 
Previous 4: main:a0:1=5; main:a1:1=3; 
Previous 5: main:a0:1=4; main:a1:1=2; 
Previous 6: main:a0:1=7; main:a1:1=-1; 
Previous 7: main:a0:1=3; main:a1:1=0; 
Previous 8: main:a0:1=2; main:a1:1=0; 
Previous 9: main:a0:1=1; main:a1:1=4; 
Previous 10: main:a0:1=1; main:a1:1=1; 
Previous 11: main:a0:1=0; main:a1:1=0; 
Previous 12: main:a0:1=0; main:a1:1=-1; 
Previous 13: main:a0:1=0; main:a1:1=1; 
Previous 14: main:a0:1=0; main:a1:1=2; 
Previous 15: main:a0:1=0; main:a1:1=3; 
Previous 16: main:a0:1=8; main:a1:1=5; 
Previous 17: main:a0:1=0; main:a1:1=4; 

Program:
extern int __VERIFIER_nondet_int(void);
/*
Commit Number: c44da115063bfea7ef8b2afd1c9d52737e2b7f70
URL: https://github.com/coreutils/coreutils/commit/c44da115063bfea7ef8b2afd1c9d52737e2b7f70
Project Name: coreutils
License: GPL3
termination: false

This program includes shift overflow : a1 << 31 and bit operation;
This program is non-terminating, when a0 =0 and a1 = 0.


*/

int main()
{
    int a0 = __VERIFIER_nondet_int();
    int a1 = __VERIFIER_nondet_int();
    while( ( a0 & 1 ) == 0)
    {
        a0 = ( a1 << 31 ) | ( a0 >> 1 );
        a1 = a1 >> 1;
    }
    return 0;
}

"
24,NT,"main:a0:1=0
main:a1:1=5
",,COMPLETED,T,false,,"You generate concrete values for nondeterministic inputs in a C/C++ program.
Your goal is to produce ONE complete assignment set that is likely to make the program not terminate.

Important rules:
1. Return a value for EVERY listed nondeterministic input ID.
2. Use each ID exactly once.
3. Respect the declared C/C++ type.
4. For an array, return the value as an array containing exactly the required number of elements.
5. For char arrays, each element must be exactly one character. Return the character itself without C single quotes.
6. Prefer small-magnitude values unless larger values are necessary to achieve the requested execution behavior.

Nondeterministic inputs:
- id: main:a0:1, type: int
- id: main:a1:1, type: int

Previously generated assignment sets are listed below. Generate a materially different set and do not duplicate any of them.
Previous 1: main:a0:1=1; main:a1:1=0; 
Previous 2: main:a0:1=2; main:a1:1=1; 
Previous 3: main:a0:1=3; main:a1:1=5; 
Previous 4: main:a0:1=5; main:a1:1=3; 
Previous 5: main:a0:1=4; main:a1:1=2; 
Previous 6: main:a0:1=7; main:a1:1=-1; 
Previous 7: main:a0:1=3; main:a1:1=0; 
Previous 8: main:a0:1=2; main:a1:1=0; 
Previous 9: main:a0:1=1; main:a1:1=4; 
Previous 10: main:a0:1=1; main:a1:1=1; 
Previous 11: main:a0:1=0; main:a1:1=0; 
Previous 12: main:a0:1=0; main:a1:1=-1; 
Previous 13: main:a0:1=0; main:a1:1=1; 
Previous 14: main:a0:1=0; main:a1:1=2; 
Previous 15: main:a0:1=0; main:a1:1=3; 
Previous 16: main:a0:1=8; main:a1:1=5; 
Previous 17: main:a0:1=0; main:a1:1=4; 

Program:
extern int __VERIFIER_nondet_int(void);
/*
Commit Number: c44da115063bfea7ef8b2afd1c9d52737e2b7f70
URL: https://github.com/coreutils/coreutils/commit/c44da115063bfea7ef8b2afd1c9d52737e2b7f70
Project Name: coreutils
License: GPL3
termination: false

This program includes shift overflow : a1 << 31 and bit operation;
This program is non-terminating, when a0 =0 and a1 = 0.


*/

int main()
{
    int a0 = __VERIFIER_nondet_int();
    int a1 = __VERIFIER_nondet_int();
    while( ( a0 & 1 ) == 0)
    {
        a0 = ( a1 << 31 ) | ( a0 >> 1 );
        a1 = a1 >> 1;
    }
    return 0;
}

"
25,NT,"main:a0:1=0
main:a1:1=2147483647
",,COMPLETED,T,false,,"You generate concrete values for nondeterministic inputs in a C/C++ program.
Your goal is to produce ONE complete assignment set that is likely to make the program not terminate.

Important rules:
1. Return a value for EVERY listed nondeterministic input ID.
2. Use each ID exactly once.
3. Respect the declared C/C++ type.
4. For an array, return the value as an array containing exactly the required number of elements.
5. For char arrays, each element must be exactly one character. Return the character itself without C single quotes.
6. Prefer small-magnitude values unless larger values are necessary to achieve the requested execution behavior.

Nondeterministic inputs:
- id: main:a0:1, type: int
- id: main:a1:1, type: int

Previously generated assignment sets are listed below. Generate a materially different set and do not duplicate any of them.
Previous 1: main:a0:1=1; main:a1:1=0; 
Previous 2: main:a0:1=2; main:a1:1=1; 
Previous 3: main:a0:1=3; main:a1:1=5; 
Previous 4: main:a0:1=5; main:a1:1=3; 
Previous 5: main:a0:1=4; main:a1:1=2; 
Previous 6: main:a0:1=7; main:a1:1=-1; 
Previous 7: main:a0:1=3; main:a1:1=0; 
Previous 8: main:a0:1=2; main:a1:1=0; 
Previous 9: main:a0:1=1; main:a1:1=4; 
Previous 10: main:a0:1=1; main:a1:1=1; 
Previous 11: main:a0:1=0; main:a1:1=0; 
Previous 12: main:a0:1=0; main:a1:1=-1; 
Previous 13: main:a0:1=0; main:a1:1=1; 
Previous 14: main:a0:1=0; main:a1:1=2; 
Previous 15: main:a0:1=0; main:a1:1=3; 
Previous 16: main:a0:1=8; main:a1:1=5; 
Previous 17: main:a0:1=0; main:a1:1=4; 
Previous 18: main:a0:1=0; main:a1:1=5; 

Program:
extern int __VERIFIER_nondet_int(void);
/*
Commit Number: c44da115063bfea7ef8b2afd1c9d52737e2b7f70
URL: https://github.com/coreutils/coreutils/commit/c44da115063bfea7ef8b2afd1c9d52737e2b7f70
Project Name: coreutils
License: GPL3
termination: false

This program includes shift overflow : a1 << 31 and bit operation;
This program is non-terminating, when a0 =0 and a1 = 0.


*/

int main()
{
    int a0 = __VERIFIER_nondet_int();
    int a1 = __VERIFIER_nondet_int();
    while( ( a0 & 1 ) == 0)
    {
        a0 = ( a1 << 31 ) | ( a0 >> 1 );
        a1 = a1 >> 1;
    }
    return 0;
}

"
26,NT,"main:a0:1=0
main:a1:1=10
",,COMPLETED,T,false,,"You generate concrete values for nondeterministic inputs in a C/C++ program.
Your goal is to produce ONE complete assignment set that is likely to make the program not terminate.

Important rules:
1. Return a value for EVERY listed nondeterministic input ID.
2. Use each ID exactly once.
3. Respect the declared C/C++ type.
4. For an array, return the value as an array containing exactly the required number of elements.
5. For char arrays, each element must be exactly one character. Return the character itself without C single quotes.
6. Prefer small-magnitude values unless larger values are necessary to achieve the requested execution behavior.

Nondeterministic inputs:
- id: main:a0:1, type: int
- id: main:a1:1, type: int

Previously generated assignment sets are listed below. Generate a materially different set and do not duplicate any of them.
Previous 1: main:a0:1=1; main:a1:1=0; 
Previous 2: main:a0:1=2; main:a1:1=1; 
Previous 3: main:a0:1=3; main:a1:1=5; 
Previous 4: main:a0:1=5; main:a1:1=3; 
Previous 5: main:a0:1=4; main:a1:1=2; 
Previous 6: main:a0:1=7; main:a1:1=-1; 
Previous 7: main:a0:1=3; main:a1:1=0; 
Previous 8: main:a0:1=2; main:a1:1=0; 
Previous 9: main:a0:1=1; main:a1:1=4; 
Previous 10: main:a0:1=1; main:a1:1=1; 
Previous 11: main:a0:1=0; main:a1:1=0; 
Previous 12: main:a0:1=0; main:a1:1=-1; 
Previous 13: main:a0:1=0; main:a1:1=1; 
Previous 14: main:a0:1=0; main:a1:1=2; 
Previous 15: main:a0:1=0; main:a1:1=3; 
Previous 16: main:a0:1=8; main:a1:1=5; 
Previous 17: main:a0:1=0; main:a1:1=4; 
Previous 18: main:a0:1=0; main:a1:1=5; 
Previous 19: main:a0:1=0; main:a1:1=2147483647; 

Program:
extern int __VERIFIER_nondet_int(void);
/*
Commit Number: c44da115063bfea7ef8b2afd1c9d52737e2b7f70
URL: https://github.com/coreutils/coreutils/commit/c44da115063bfea7ef8b2afd1c9d52737e2b7f70
Project Name: coreutils
License: GPL3
termination: false

This program includes shift overflow : a1 << 31 and bit operation;
This program is non-terminating, when a0 =0 and a1 = 0.


*/

int main()
{
    int a0 = __VERIFIER_nondet_int();
    int a1 = __VERIFIER_nondet_int();
    while( ( a0 & 1 ) == 0)
    {
        a0 = ( a1 << 31 ) | ( a0 >> 1 );
        a1 = a1 >> 1;
    }
    return 0;
}

"
27,NT,"main:a0:1=0
main:a1:1=-2
",,COMPLETED,T,false,,"You generate concrete values for nondeterministic inputs in a C/C++ program.
Your goal is to produce ONE complete assignment set that is likely to make the program not terminate.

Important rules:
1. Return a value for EVERY listed nondeterministic input ID.
2. Use each ID exactly once.
3. Respect the declared C/C++ type.
4. For an array, return the value as an array containing exactly the required number of elements.
5. For char arrays, each element must be exactly one character. Return the character itself without C single quotes.
6. Prefer small-magnitude values unless larger values are necessary to achieve the requested execution behavior.

Nondeterministic inputs:
- id: main:a0:1, type: int
- id: main:a1:1, type: int

Previously generated assignment sets are listed below. Generate a materially different set and do not duplicate any of them.
Previous 1: main:a0:1=1; main:a1:1=0; 
Previous 2: main:a0:1=2; main:a1:1=1; 
Previous 3: main:a0:1=3; main:a1:1=5; 
Previous 4: main:a0:1=5; main:a1:1=3; 
Previous 5: main:a0:1=4; main:a1:1=2; 
Previous 6: main:a0:1=7; main:a1:1=-1; 
Previous 7: main:a0:1=3; main:a1:1=0; 
Previous 8: main:a0:1=2; main:a1:1=0; 
Previous 9: main:a0:1=1; main:a1:1=4; 
Previous 10: main:a0:1=1; main:a1:1=1; 
Previous 11: main:a0:1=0; main:a1:1=0; 
Previous 12: main:a0:1=0; main:a1:1=-1; 
Previous 13: main:a0:1=0; main:a1:1=1; 
Previous 14: main:a0:1=0; main:a1:1=2; 
Previous 15: main:a0:1=0; main:a1:1=3; 
Previous 16: main:a0:1=8; main:a1:1=5; 
Previous 17: main:a0:1=0; main:a1:1=4; 
Previous 18: main:a0:1=0; main:a1:1=5; 
Previous 19: main:a0:1=0; main:a1:1=2147483647; 
Previous 20: main:a0:1=0; main:a1:1=10; 

Program:
extern int __VERIFIER_nondet_int(void);
/*
Commit Number: c44da115063bfea7ef8b2afd1c9d52737e2b7f70
URL: https://github.com/coreutils/coreutils/commit/c44da115063bfea7ef8b2afd1c9d52737e2b7f70
Project Name: coreutils
License: GPL3
termination: false

This program includes shift overflow : a1 << 31 and bit operation;
This program is non-terminating, when a0 =0 and a1 = 0.


*/

int main()
{
    int a0 = __VERIFIER_nondet_int();
    int a1 = __VERIFIER_nondet_int();
    while( ( a0 & 1 ) == 0)
    {
        a0 = ( a1 << 31 ) | ( a0 >> 1 );
        a1 = a1 >> 1;
    }
    return 0;
}

"
28,NT,"main:a0:1=0
main:a1:1=0
",,DUPLICATE,,false,,"You generate concrete values for nondeterministic inputs in a C/C++ program.
Your goal is to produce ONE complete assignment set that is likely to make the program not terminate.

Important rules:
1. Return a value for EVERY listed nondeterministic input ID.
2. Use each ID exactly once.
3. Respect the declared C/C++ type.
4. For an array, return the value as an array containing exactly the required number of elements.
5. For char arrays, each element must be exactly one character. Return the character itself without C single quotes.
6. Prefer small-magnitude values unless larger values are necessary to achieve the requested execution behavior.

Nondeterministic inputs:
- id: main:a0:1, type: int
- id: main:a1:1, type: int

Previously generated assignment sets are listed below. Generate a materially different set and do not duplicate any of them.
Previous 1: main:a0:1=1; main:a1:1=0; 
Previous 2: main:a0:1=2; main:a1:1=1; 
Previous 3: main:a0:1=3; main:a1:1=5; 
Previous 4: main:a0:1=5; main:a1:1=3; 
Previous 5: main:a0:1=4; main:a1:1=2; 
Previous 6: main:a0:1=7; main:a1:1=-1; 
Previous 7: main:a0:1=3; main:a1:1=0; 
Previous 8: main:a0:1=2; main:a1:1=0; 
Previous 9: main:a0:1=1; main:a1:1=4; 
Previous 10: main:a0:1=1; main:a1:1=1; 
Previous 11: main:a0:1=0; main:a1:1=0; 
Previous 12: main:a0:1=0; main:a1:1=-1; 
Previous 13: main:a0:1=0; main:a1:1=1; 
Previous 14: main:a0:1=0; main:a1:1=2; 
Previous 15: main:a0:1=0; main:a1:1=3; 
Previous 16: main:a0:1=8; main:a1:1=5; 
Previous 17: main:a0:1=0; main:a1:1=4; 
Previous 18: main:a0:1=0; main:a1:1=5; 
Previous 19: main:a0:1=0; main:a1:1=2147483647; 
Previous 20: main:a0:1=0; main:a1:1=10; 
Previous 21: main:a0:1=0; main:a1:1=-2; 

Program:
extern int __VERIFIER_nondet_int(void);
/*
Commit Number: c44da115063bfea7ef8b2afd1c9d52737e2b7f70
URL: https://github.com/coreutils/coreutils/commit/c44da115063bfea7ef8b2afd1c9d52737e2b7f70
Project Name: coreutils
License: GPL3
termination: false

This program includes shift overflow : a1 << 31 and bit operation;
This program is non-terminating, when a0 =0 and a1 = 0.


*/

int main()
{
    int a0 = __VERIFIER_nondet_int();
    int a1 = __VERIFIER_nondet_int();
    while( ( a0 & 1 ) == 0)
    {
        a0 = ( a1 << 31 ) | ( a0 >> 1 );
        a1 = a1 >> 1;
    }
    return 0;
}

"
29,NT,"main:a0:1=0
main:a1:1=2
",,DUPLICATE,,false,,"You generate concrete values for nondeterministic inputs in a C/C++ program.
Your goal is to produce ONE complete assignment set that is likely to make the program not terminate.

Important rules:
1. Return a value for EVERY listed nondeterministic input ID.
2. Use each ID exactly once.
3. Respect the declared C/C++ type.
4. For an array, return the value as an array containing exactly the required number of elements.
5. For char arrays, each element must be exactly one character. Return the character itself without C single quotes.
6. Prefer small-magnitude values unless larger values are necessary to achieve the requested execution behavior.

Nondeterministic inputs:
- id: main:a0:1, type: int
- id: main:a1:1, type: int

Previously generated assignment sets are listed below. Generate a materially different set and do not duplicate any of them.
Previous 1: main:a0:1=1; main:a1:1=0; 
Previous 2: main:a0:1=2; main:a1:1=1; 
Previous 3: main:a0:1=3; main:a1:1=5; 
Previous 4: main:a0:1=5; main:a1:1=3; 
Previous 5: main:a0:1=4; main:a1:1=2; 
Previous 6: main:a0:1=7; main:a1:1=-1; 
Previous 7: main:a0:1=3; main:a1:1=0; 
Previous 8: main:a0:1=2; main:a1:1=0; 
Previous 9: main:a0:1=1; main:a1:1=4; 
Previous 10: main:a0:1=1; main:a1:1=1; 
Previous 11: main:a0:1=0; main:a1:1=0; 
Previous 12: main:a0:1=0; main:a1:1=-1; 
Previous 13: main:a0:1=0; main:a1:1=1; 
Previous 14: main:a0:1=0; main:a1:1=2; 
Previous 15: main:a0:1=0; main:a1:1=3; 
Previous 16: main:a0:1=8; main:a1:1=5; 
Previous 17: main:a0:1=0; main:a1:1=4; 
Previous 18: main:a0:1=0; main:a1:1=5; 
Previous 19: main:a0:1=0; main:a1:1=2147483647; 
Previous 20: main:a0:1=0; main:a1:1=10; 
Previous 21: main:a0:1=0; main:a1:1=-2; 

Program:
extern int __VERIFIER_nondet_int(void);
/*
Commit Number: c44da115063bfea7ef8b2afd1c9d52737e2b7f70
URL: https://github.com/coreutils/coreutils/commit/c44da115063bfea7ef8b2afd1c9d52737e2b7f70
Project Name: coreutils
License: GPL3
termination: false

This program includes shift overflow : a1 << 31 and bit operation;
This program is non-terminating, when a0 =0 and a1 = 0.


*/

int main()
{
    int a0 = __VERIFIER_nondet_int();
    int a1 = __VERIFIER_nondet_int();
    while( ( a0 & 1 ) == 0)
    {
        a0 = ( a1 << 31 ) | ( a0 >> 1 );
        a1 = a1 >> 1;
    }
    return 0;
}

"
30,NT,"main:a0:1=0
main:a1:1=6
",,COMPLETED,T,false,,"You generate concrete values for nondeterministic inputs in a C/C++ program.
Your goal is to produce ONE complete assignment set that is likely to make the program not terminate.

Important rules:
1. Return a value for EVERY listed nondeterministic input ID.
2. Use each ID exactly once.
3. Respect the declared C/C++ type.
4. For an array, return the value as an array containing exactly the required number of elements.
5. For char arrays, each element must be exactly one character. Return the character itself without C single quotes.
6. Prefer small-magnitude values unless larger values are necessary to achieve the requested execution behavior.

Nondeterministic inputs:
- id: main:a0:1, type: int
- id: main:a1:1, type: int

Previously generated assignment sets are listed below. Generate a materially different set and do not duplicate any of them.
Previous 1: main:a0:1=1; main:a1:1=0; 
Previous 2: main:a0:1=2; main:a1:1=1; 
Previous 3: main:a0:1=3; main:a1:1=5; 
Previous 4: main:a0:1=5; main:a1:1=3; 
Previous 5: main:a0:1=4; main:a1:1=2; 
Previous 6: main:a0:1=7; main:a1:1=-1; 
Previous 7: main:a0:1=3; main:a1:1=0; 
Previous 8: main:a0:1=2; main:a1:1=0; 
Previous 9: main:a0:1=1; main:a1:1=4; 
Previous 10: main:a0:1=1; main:a1:1=1; 
Previous 11: main:a0:1=0; main:a1:1=0; 
Previous 12: main:a0:1=0; main:a1:1=-1; 
Previous 13: main:a0:1=0; main:a1:1=1; 
Previous 14: main:a0:1=0; main:a1:1=2; 
Previous 15: main:a0:1=0; main:a1:1=3; 
Previous 16: main:a0:1=8; main:a1:1=5; 
Previous 17: main:a0:1=0; main:a1:1=4; 
Previous 18: main:a0:1=0; main:a1:1=5; 
Previous 19: main:a0:1=0; main:a1:1=2147483647; 
Previous 20: main:a0:1=0; main:a1:1=10; 
Previous 21: main:a0:1=0; main:a1:1=-2; 

Program:
extern int __VERIFIER_nondet_int(void);
/*
Commit Number: c44da115063bfea7ef8b2afd1c9d52737e2b7f70
URL: https://github.com/coreutils/coreutils/commit/c44da115063bfea7ef8b2afd1c9d52737e2b7f70
Project Name: coreutils
License: GPL3
termination: false

This program includes shift overflow : a1 << 31 and bit operation;
This program is non-terminating, when a0 =0 and a1 = 0.


*/

int main()
{
    int a0 = __VERIFIER_nondet_int();
    int a1 = __VERIFIER_nondet_int();
    while( ( a0 & 1 ) == 0)
    {
        a0 = ( a1 << 31 ) | ( a0 >> 1 );
        a1 = a1 >> 1;
    }
    return 0;
}

"
31,NT,"main:a0:1=0
main:a1:1=7
",,COMPLETED,T,false,,"You generate concrete values for nondeterministic inputs in a C/C++ program.
Your goal is to produce ONE complete assignment set that is likely to make the program not terminate.

Important rules:
1. Return a value for EVERY listed nondeterministic input ID.
2. Use each ID exactly once.
3. Respect the declared C/C++ type.
4. For an array, return the value as an array containing exactly the required number of elements.
5. For char arrays, each element must be exactly one character. Return the character itself without C single quotes.
6. Prefer small-magnitude values unless larger values are necessary to achieve the requested execution behavior.

Nondeterministic inputs:
- id: main:a0:1, type: int
- id: main:a1:1, type: int

Previously generated assignment sets are listed below. Generate a materially different set and do not duplicate any of them.
Previous 1: main:a0:1=1; main:a1:1=0; 
Previous 2: main:a0:1=2; main:a1:1=1; 
Previous 3: main:a0:1=3; main:a1:1=5; 
Previous 4: main:a0:1=5; main:a1:1=3; 
Previous 5: main:a0:1=4; main:a1:1=2; 
Previous 6: main:a0:1=7; main:a1:1=-1; 
Previous 7: main:a0:1=3; main:a1:1=0; 
Previous 8: main:a0:1=2; main:a1:1=0; 
Previous 9: main:a0:1=1; main:a1:1=4; 
Previous 10: main:a0:1=1; main:a1:1=1; 
Previous 11: main:a0:1=0; main:a1:1=0; 
Previous 12: main:a0:1=0; main:a1:1=-1; 
Previous 13: main:a0:1=0; main:a1:1=1; 
Previous 14: main:a0:1=0; main:a1:1=2; 
Previous 15: main:a0:1=0; main:a1:1=3; 
Previous 16: main:a0:1=8; main:a1:1=5; 
Previous 17: main:a0:1=0; main:a1:1=4; 
Previous 18: main:a0:1=0; main:a1:1=5; 
Previous 19: main:a0:1=0; main:a1:1=2147483647; 
Previous 20: main:a0:1=0; main:a1:1=10; 
Previous 21: main:a0:1=0; main:a1:1=-2; 
Previous 22: main:a0:1=0; main:a1:1=6; 

Program:
extern int __VERIFIER_nondet_int(void);
/*
Commit Number: c44da115063bfea7ef8b2afd1c9d52737e2b7f70
URL: https://github.com/coreutils/coreutils/commit/c44da115063bfea7ef8b2afd1c9d52737e2b7f70
Project Name: coreutils
License: GPL3
termination: false

This program includes shift overflow : a1 << 31 and bit operation;
This program is non-terminating, when a0 =0 and a1 = 0.


*/

int main()
{
    int a0 = __VERIFIER_nondet_int();
    int a1 = __VERIFIER_nondet_int();
    while( ( a0 & 1 ) == 0)
    {
        a0 = ( a1 << 31 ) | ( a0 >> 1 );
        a1 = a1 >> 1;
    }
    return 0;
}

"
32,NT,"main:a0:1=0
main:a1:1=0
",,DUPLICATE,,false,,"You generate concrete values for nondeterministic inputs in a C/C++ program.
Your goal is to produce ONE complete assignment set that is likely to make the program not terminate.

Important rules:
1. Return a value for EVERY listed nondeterministic input ID.
2. Use each ID exactly once.
3. Respect the declared C/C++ type.
4. For an array, return the value as an array containing exactly the required number of elements.
5. For char arrays, each element must be exactly one character. Return the character itself without C single quotes.
6. Prefer small-magnitude values unless larger values are necessary to achieve the requested execution behavior.

Nondeterministic inputs:
- id: main:a0:1, type: int
- id: main:a1:1, type: int

Previously generated assignment sets are listed below. Generate a materially different set and do not duplicate any of them.
Previous 1: main:a0:1=1; main:a1:1=0; 
Previous 2: main:a0:1=2; main:a1:1=1; 
Previous 3: main:a0:1=3; main:a1:1=5; 
Previous 4: main:a0:1=5; main:a1:1=3; 
Previous 5: main:a0:1=4; main:a1:1=2; 
Previous 6: main:a0:1=7; main:a1:1=-1; 
Previous 7: main:a0:1=3; main:a1:1=0; 
Previous 8: main:a0:1=2; main:a1:1=0; 
Previous 9: main:a0:1=1; main:a1:1=4; 
Previous 10: main:a0:1=1; main:a1:1=1; 
Previous 11: main:a0:1=0; main:a1:1=0; 
Previous 12: main:a0:1=0; main:a1:1=-1; 
Previous 13: main:a0:1=0; main:a1:1=1; 
Previous 14: main:a0:1=0; main:a1:1=2; 
Previous 15: main:a0:1=0; main:a1:1=3; 
Previous 16: main:a0:1=8; main:a1:1=5; 
Previous 17: main:a0:1=0; main:a1:1=4; 
Previous 18: main:a0:1=0; main:a1:1=5; 
Previous 19: main:a0:1=0; main:a1:1=2147483647; 
Previous 20: main:a0:1=0; main:a1:1=10; 
Previous 21: main:a0:1=0; main:a1:1=-2; 
Previous 22: main:a0:1=0; main:a1:1=6; 
Previous 23: main:a0:1=0; main:a1:1=7; 

Program:
extern int __VERIFIER_nondet_int(void);
/*
Commit Number: c44da115063bfea7ef8b2afd1c9d52737e2b7f70
URL: https://github.com/coreutils/coreutils/commit/c44da115063bfea7ef8b2afd1c9d52737e2b7f70
Project Name: coreutils
License: GPL3
termination: false

This program includes shift overflow : a1 << 31 and bit operation;
This program is non-terminating, when a0 =0 and a1 = 0.


*/

int main()
{
    int a0 = __VERIFIER_nondet_int();
    int a1 = __VERIFIER_nondet_int();
    while( ( a0 & 1 ) == 0)
    {
        a0 = ( a1 << 31 ) | ( a0 >> 1 );
        a1 = a1 >> 1;
    }
    return 0;
}

"
33,NT,"main:a0:1=0
main:a1:1=0
",,DUPLICATE,,false,,"You generate concrete values for nondeterministic inputs in a C/C++ program.
Your goal is to produce ONE complete assignment set that is likely to make the program not terminate.

Important rules:
1. Return a value for EVERY listed nondeterministic input ID.
2. Use each ID exactly once.
3. Respect the declared C/C++ type.
4. For an array, return the value as an array containing exactly the required number of elements.
5. For char arrays, each element must be exactly one character. Return the character itself without C single quotes.
6. Prefer small-magnitude values unless larger values are necessary to achieve the requested execution behavior.

Nondeterministic inputs:
- id: main:a0:1, type: int
- id: main:a1:1, type: int

Previously generated assignment sets are listed below. Generate a materially different set and do not duplicate any of them.
Previous 1: main:a0:1=1; main:a1:1=0; 
Previous 2: main:a0:1=2; main:a1:1=1; 
Previous 3: main:a0:1=3; main:a1:1=5; 
Previous 4: main:a0:1=5; main:a1:1=3; 
Previous 5: main:a0:1=4; main:a1:1=2; 
Previous 6: main:a0:1=7; main:a1:1=-1; 
Previous 7: main:a0:1=3; main:a1:1=0; 
Previous 8: main:a0:1=2; main:a1:1=0; 
Previous 9: main:a0:1=1; main:a1:1=4; 
Previous 10: main:a0:1=1; main:a1:1=1; 
Previous 11: main:a0:1=0; main:a1:1=0; 
Previous 12: main:a0:1=0; main:a1:1=-1; 
Previous 13: main:a0:1=0; main:a1:1=1; 
Previous 14: main:a0:1=0; main:a1:1=2; 
Previous 15: main:a0:1=0; main:a1:1=3; 
Previous 16: main:a0:1=8; main:a1:1=5; 
Previous 17: main:a0:1=0; main:a1:1=4; 
Previous 18: main:a0:1=0; main:a1:1=5; 
Previous 19: main:a0:1=0; main:a1:1=2147483647; 
Previous 20: main:a0:1=0; main:a1:1=10; 
Previous 21: main:a0:1=0; main:a1:1=-2; 
Previous 22: main:a0:1=0; main:a1:1=6; 
Previous 23: main:a0:1=0; main:a1:1=7; 

Program:
extern int __VERIFIER_nondet_int(void);
/*
Commit Number: c44da115063bfea7ef8b2afd1c9d52737e2b7f70
URL: https://github.com/coreutils/coreutils/commit/c44da115063bfea7ef8b2afd1c9d52737e2b7f70
Project Name: coreutils
License: GPL3
termination: false

This program includes shift overflow : a1 << 31 and bit operation;
This program is non-terminating, when a0 =0 and a1 = 0.


*/

int main()
{
    int a0 = __VERIFIER_nondet_int();
    int a1 = __VERIFIER_nondet_int();
    while( ( a0 & 1 ) == 0)
    {
        a0 = ( a1 << 31 ) | ( a0 >> 1 );
        a1 = a1 >> 1;
    }
    return 0;
}

"
34,NT,"main:a0:1=0
main:a1:1=1
",,DUPLICATE,,false,,"You generate concrete values for nondeterministic inputs in a C/C++ program.
Your goal is to produce ONE complete assignment set that is likely to make the program not terminate.

Important rules:
1. Return a value for EVERY listed nondeterministic input ID.
2. Use each ID exactly once.
3. Respect the declared C/C++ type.
4. For an array, return the value as an array containing exactly the required number of elements.
5. For char arrays, each element must be exactly one character. Return the character itself without C single quotes.
6. Prefer small-magnitude values unless larger values are necessary to achieve the requested execution behavior.

Nondeterministic inputs:
- id: main:a0:1, type: int
- id: main:a1:1, type: int

Previously generated assignment sets are listed below. Generate a materially different set and do not duplicate any of them.
Previous 1: main:a0:1=1; main:a1:1=0; 
Previous 2: main:a0:1=2; main:a1:1=1; 
Previous 3: main:a0:1=3; main:a1:1=5; 
Previous 4: main:a0:1=5; main:a1:1=3; 
Previous 5: main:a0:1=4; main:a1:1=2; 
Previous 6: main:a0:1=7; main:a1:1=-1; 
Previous 7: main:a0:1=3; main:a1:1=0; 
Previous 8: main:a0:1=2; main:a1:1=0; 
Previous 9: main:a0:1=1; main:a1:1=4; 
Previous 10: main:a0:1=1; main:a1:1=1; 
Previous 11: main:a0:1=0; main:a1:1=0; 
Previous 12: main:a0:1=0; main:a1:1=-1; 
Previous 13: main:a0:1=0; main:a1:1=1; 
Previous 14: main:a0:1=0; main:a1:1=2; 
Previous 15: main:a0:1=0; main:a1:1=3; 
Previous 16: main:a0:1=8; main:a1:1=5; 
Previous 17: main:a0:1=0; main:a1:1=4; 
Previous 18: main:a0:1=0; main:a1:1=5; 
Previous 19: main:a0:1=0; main:a1:1=2147483647; 
Previous 20: main:a0:1=0; main:a1:1=10; 
Previous 21: main:a0:1=0; main:a1:1=-2; 
Previous 22: main:a0:1=0; main:a1:1=6; 
Previous 23: main:a0:1=0; main:a1:1=7; 

Program:
extern int __VERIFIER_nondet_int(void);
/*
Commit Number: c44da115063bfea7ef8b2afd1c9d52737e2b7f70
URL: https://github.com/coreutils/coreutils/commit/c44da115063bfea7ef8b2afd1c9d52737e2b7f70
Project Name: coreutils
License: GPL3
termination: false

This program includes shift overflow : a1 << 31 and bit operation;
This program is non-terminating, when a0 =0 and a1 = 0.


*/

int main()
{
    int a0 = __VERIFIER_nondet_int();
    int a1 = __VERIFIER_nondet_int();
    while( ( a0 & 1 ) == 0)
    {
        a0 = ( a1 << 31 ) | ( a0 >> 1 );
        a1 = a1 >> 1;
    }
    return 0;
}

"
35,NT,"main:a0:1=0
main:a1:1=-3
",,COMPLETED,T,false,,"You generate concrete values for nondeterministic inputs in a C/C++ program.
Your goal is to produce ONE complete assignment set that is likely to make the program not terminate.

Important rules:
1. Return a value for EVERY listed nondeterministic input ID.
2. Use each ID exactly once.
3. Respect the declared C/C++ type.
4. For an array, return the value as an array containing exactly the required number of elements.
5. For char arrays, each element must be exactly one character. Return the character itself without C single quotes.
6. Prefer small-magnitude values unless larger values are necessary to achieve the requested execution behavior.

Nondeterministic inputs:
- id: main:a0:1, type: int
- id: main:a1:1, type: int

Previously generated assignment sets are listed below. Generate a materially different set and do not duplicate any of them.
Previous 1: main:a0:1=1; main:a1:1=0; 
Previous 2: main:a0:1=2; main:a1:1=1; 
Previous 3: main:a0:1=3; main:a1:1=5; 
Previous 4: main:a0:1=5; main:a1:1=3; 
Previous 5: main:a0:1=4; main:a1:1=2; 
Previous 6: main:a0:1=7; main:a1:1=-1; 
Previous 7: main:a0:1=3; main:a1:1=0; 
Previous 8: main:a0:1=2; main:a1:1=0; 
Previous 9: main:a0:1=1; main:a1:1=4; 
Previous 10: main:a0:1=1; main:a1:1=1; 
Previous 11: main:a0:1=0; main:a1:1=0; 
Previous 12: main:a0:1=0; main:a1:1=-1; 
Previous 13: main:a0:1=0; main:a1:1=1; 
Previous 14: main:a0:1=0; main:a1:1=2; 
Previous 15: main:a0:1=0; main:a1:1=3; 
Previous 16: main:a0:1=8; main:a1:1=5; 
Previous 17: main:a0:1=0; main:a1:1=4; 
Previous 18: main:a0:1=0; main:a1:1=5; 
Previous 19: main:a0:1=0; main:a1:1=2147483647; 
Previous 20: main:a0:1=0; main:a1:1=10; 
Previous 21: main:a0:1=0; main:a1:1=-2; 
Previous 22: main:a0:1=0; main:a1:1=6; 
Previous 23: main:a0:1=0; main:a1:1=7; 

Program:
extern int __VERIFIER_nondet_int(void);
/*
Commit Number: c44da115063bfea7ef8b2afd1c9d52737e2b7f70
URL: https://github.com/coreutils/coreutils/commit/c44da115063bfea7ef8b2afd1c9d52737e2b7f70
Project Name: coreutils
License: GPL3
termination: false

This program includes shift overflow : a1 << 31 and bit operation;
This program is non-terminating, when a0 =0 and a1 = 0.


*/

int main()
{
    int a0 = __VERIFIER_nondet_int();
    int a1 = __VERIFIER_nondet_int();
    while( ( a0 & 1 ) == 0)
    {
        a0 = ( a1 << 31 ) | ( a0 >> 1 );
        a1 = a1 >> 1;
    }
    return 0;
}

"
36,NT,"main:a0:1=0
main:a1:1=-2147483648
",,COMPLETED,T,false,,"You generate concrete values for nondeterministic inputs in a C/C++ program.
Your goal is to produce ONE complete assignment set that is likely to make the program not terminate.

Important rules:
1. Return a value for EVERY listed nondeterministic input ID.
2. Use each ID exactly once.
3. Respect the declared C/C++ type.
4. For an array, return the value as an array containing exactly the required number of elements.
5. For char arrays, each element must be exactly one character. Return the character itself without C single quotes.
6. Prefer small-magnitude values unless larger values are necessary to achieve the requested execution behavior.

Nondeterministic inputs:
- id: main:a0:1, type: int
- id: main:a1:1, type: int

Previously generated assignment sets are listed below. Generate a materially different set and do not duplicate any of them.
Previous 1: main:a0:1=1; main:a1:1=0; 
Previous 2: main:a0:1=2; main:a1:1=1; 
Previous 3: main:a0:1=3; main:a1:1=5; 
Previous 4: main:a0:1=5; main:a1:1=3; 
Previous 5: main:a0:1=4; main:a1:1=2; 
Previous 6: main:a0:1=7; main:a1:1=-1; 
Previous 7: main:a0:1=3; main:a1:1=0; 
Previous 8: main:a0:1=2; main:a1:1=0; 
Previous 9: main:a0:1=1; main:a1:1=4; 
Previous 10: main:a0:1=1; main:a1:1=1; 
Previous 11: main:a0:1=0; main:a1:1=0; 
Previous 12: main:a0:1=0; main:a1:1=-1; 
Previous 13: main:a0:1=0; main:a1:1=1; 
Previous 14: main:a0:1=0; main:a1:1=2; 
Previous 15: main:a0:1=0; main:a1:1=3; 
Previous 16: main:a0:1=8; main:a1:1=5; 
Previous 17: main:a0:1=0; main:a1:1=4; 
Previous 18: main:a0:1=0; main:a1:1=5; 
Previous 19: main:a0:1=0; main:a1:1=2147483647; 
Previous 20: main:a0:1=0; main:a1:1=10; 
Previous 21: main:a0:1=0; main:a1:1=-2; 
Previous 22: main:a0:1=0; main:a1:1=6; 
Previous 23: main:a0:1=0; main:a1:1=7; 
Previous 24: main:a0:1=0; main:a1:1=-3; 

Program:
extern int __VERIFIER_nondet_int(void);
/*
Commit Number: c44da115063bfea7ef8b2afd1c9d52737e2b7f70
URL: https://github.com/coreutils/coreutils/commit/c44da115063bfea7ef8b2afd1c9d52737e2b7f70
Project Name: coreutils
License: GPL3
termination: false

This program includes shift overflow : a1 << 31 and bit operation;
This program is non-terminating, when a0 =0 and a1 = 0.


*/

int main()
{
    int a0 = __VERIFIER_nondet_int();
    int a1 = __VERIFIER_nondet_int();
    while( ( a0 & 1 ) == 0)
    {
        a0 = ( a1 << 31 ) | ( a0 >> 1 );
        a1 = a1 >> 1;
    }
    return 0;
}

"
37,NT,"main:a0:1=0
main:a1:1=2
",,DUPLICATE,,false,,"You generate concrete values for nondeterministic inputs in a C/C++ program.
Your goal is to produce ONE complete assignment set that is likely to make the program not terminate.

Important rules:
1. Return a value for EVERY listed nondeterministic input ID.
2. Use each ID exactly once.
3. Respect the declared C/C++ type.
4. For an array, return the value as an array containing exactly the required number of elements.
5. For char arrays, each element must be exactly one character. Return the character itself without C single quotes.
6. Prefer small-magnitude values unless larger values are necessary to achieve the requested execution behavior.

Nondeterministic inputs:
- id: main:a0:1, type: int
- id: main:a1:1, type: int

Previously generated assignment sets are listed below. Generate a materially different set and do not duplicate any of them.
Previous 1: main:a0:1=1; main:a1:1=0; 
Previous 2: main:a0:1=2; main:a1:1=1; 
Previous 3: main:a0:1=3; main:a1:1=5; 
Previous 4: main:a0:1=5; main:a1:1=3; 
Previous 5: main:a0:1=4; main:a1:1=2; 
Previous 6: main:a0:1=7; main:a1:1=-1; 
Previous 7: main:a0:1=3; main:a1:1=0; 
Previous 8: main:a0:1=2; main:a1:1=0; 
Previous 9: main:a0:1=1; main:a1:1=4; 
Previous 10: main:a0:1=1; main:a1:1=1; 
Previous 11: main:a0:1=0; main:a1:1=0; 
Previous 12: main:a0:1=0; main:a1:1=-1; 
Previous 13: main:a0:1=0; main:a1:1=1; 
Previous 14: main:a0:1=0; main:a1:1=2; 
Previous 15: main:a0:1=0; main:a1:1=3; 
Previous 16: main:a0:1=8; main:a1:1=5; 
Previous 17: main:a0:1=0; main:a1:1=4; 
Previous 18: main:a0:1=0; main:a1:1=5; 
Previous 19: main:a0:1=0; main:a1:1=2147483647; 
Previous 20: main:a0:1=0; main:a1:1=10; 
Previous 21: main:a0:1=0; main:a1:1=-2; 
Previous 22: main:a0:1=0; main:a1:1=6; 
Previous 23: main:a0:1=0; main:a1:1=7; 
Previous 24: main:a0:1=0; main:a1:1=-3; 
Previous 25: main:a0:1=0; main:a1:1=-2147483648; 

Program:
extern int __VERIFIER_nondet_int(void);
/*
Commit Number: c44da115063bfea7ef8b2afd1c9d52737e2b7f70
URL: https://github.com/coreutils/coreutils/commit/c44da115063bfea7ef8b2afd1c9d52737e2b7f70
Project Name: coreutils
License: GPL3
termination: false

This program includes shift overflow : a1 << 31 and bit operation;
This program is non-terminating, when a0 =0 and a1 = 0.


*/

int main()
{
    int a0 = __VERIFIER_nondet_int();
    int a1 = __VERIFIER_nondet_int();
    while( ( a0 & 1 ) == 0)
    {
        a0 = ( a1 << 31 ) | ( a0 >> 1 );
        a1 = a1 >> 1;
    }
    return 0;
}

"
38,NT,"main:a0:1=0
main:a1:1=0
",,DUPLICATE,,false,,"You generate concrete values for nondeterministic inputs in a C/C++ program.
Your goal is to produce ONE complete assignment set that is likely to make the program not terminate.

Important rules:
1. Return a value for EVERY listed nondeterministic input ID.
2. Use each ID exactly once.
3. Respect the declared C/C++ type.
4. For an array, return the value as an array containing exactly the required number of elements.
5. For char arrays, each element must be exactly one character. Return the character itself without C single quotes.
6. Prefer small-magnitude values unless larger values are necessary to achieve the requested execution behavior.

Nondeterministic inputs:
- id: main:a0:1, type: int
- id: main:a1:1, type: int

Previously generated assignment sets are listed below. Generate a materially different set and do not duplicate any of them.
Previous 1: main:a0:1=1; main:a1:1=0; 
Previous 2: main:a0:1=2; main:a1:1=1; 
Previous 3: main:a0:1=3; main:a1:1=5; 
Previous 4: main:a0:1=5; main:a1:1=3; 
Previous 5: main:a0:1=4; main:a1:1=2; 
Previous 6: main:a0:1=7; main:a1:1=-1; 
Previous 7: main:a0:1=3; main:a1:1=0; 
Previous 8: main:a0:1=2; main:a1:1=0; 
Previous 9: main:a0:1=1; main:a1:1=4; 
Previous 10: main:a0:1=1; main:a1:1=1; 
Previous 11: main:a0:1=0; main:a1:1=0; 
Previous 12: main:a0:1=0; main:a1:1=-1; 
Previous 13: main:a0:1=0; main:a1:1=1; 
Previous 14: main:a0:1=0; main:a1:1=2; 
Previous 15: main:a0:1=0; main:a1:1=3; 
Previous 16: main:a0:1=8; main:a1:1=5; 
Previous 17: main:a0:1=0; main:a1:1=4; 
Previous 18: main:a0:1=0; main:a1:1=5; 
Previous 19: main:a0:1=0; main:a1:1=2147483647; 
Previous 20: main:a0:1=0; main:a1:1=10; 
Previous 21: main:a0:1=0; main:a1:1=-2; 
Previous 22: main:a0:1=0; main:a1:1=6; 
Previous 23: main:a0:1=0; main:a1:1=7; 
Previous 24: main:a0:1=0; main:a1:1=-3; 
Previous 25: main:a0:1=0; main:a1:1=-2147483648; 

Program:
extern int __VERIFIER_nondet_int(void);
/*
Commit Number: c44da115063bfea7ef8b2afd1c9d52737e2b7f70
URL: https://github.com/coreutils/coreutils/commit/c44da115063bfea7ef8b2afd1c9d52737e2b7f70
Project Name: coreutils
License: GPL3
termination: false

This program includes shift overflow : a1 << 31 and bit operation;
This program is non-terminating, when a0 =0 and a1 = 0.


*/

int main()
{
    int a0 = __VERIFIER_nondet_int();
    int a1 = __VERIFIER_nondet_int();
    while( ( a0 & 1 ) == 0)
    {
        a0 = ( a1 << 31 ) | ( a0 >> 1 );
        a1 = a1 >> 1;
    }
    return 0;
}

"
39,NT,"main:a0:1=0
main:a1:1=0
",,DUPLICATE,,false,,"You generate concrete values for nondeterministic inputs in a C/C++ program.
Your goal is to produce ONE complete assignment set that is likely to make the program not terminate.

Important rules:
1. Return a value for EVERY listed nondeterministic input ID.
2. Use each ID exactly once.
3. Respect the declared C/C++ type.
4. For an array, return the value as an array containing exactly the required number of elements.
5. For char arrays, each element must be exactly one character. Return the character itself without C single quotes.
6. Prefer small-magnitude values unless larger values are necessary to achieve the requested execution behavior.

Nondeterministic inputs:
- id: main:a0:1, type: int
- id: main:a1:1, type: int

Previously generated assignment sets are listed below. Generate a materially different set and do not duplicate any of them.
Previous 1: main:a0:1=1; main:a1:1=0; 
Previous 2: main:a0:1=2; main:a1:1=1; 
Previous 3: main:a0:1=3; main:a1:1=5; 
Previous 4: main:a0:1=5; main:a1:1=3; 
Previous 5: main:a0:1=4; main:a1:1=2; 
Previous 6: main:a0:1=7; main:a1:1=-1; 
Previous 7: main:a0:1=3; main:a1:1=0; 
Previous 8: main:a0:1=2; main:a1:1=0; 
Previous 9: main:a0:1=1; main:a1:1=4; 
Previous 10: main:a0:1=1; main:a1:1=1; 
Previous 11: main:a0:1=0; main:a1:1=0; 
Previous 12: main:a0:1=0; main:a1:1=-1; 
Previous 13: main:a0:1=0; main:a1:1=1; 
Previous 14: main:a0:1=0; main:a1:1=2; 
Previous 15: main:a0:1=0; main:a1:1=3; 
Previous 16: main:a0:1=8; main:a1:1=5; 
Previous 17: main:a0:1=0; main:a1:1=4; 
Previous 18: main:a0:1=0; main:a1:1=5; 
Previous 19: main:a0:1=0; main:a1:1=2147483647; 
Previous 20: main:a0:1=0; main:a1:1=10; 
Previous 21: main:a0:1=0; main:a1:1=-2; 
Previous 22: main:a0:1=0; main:a1:1=6; 
Previous 23: main:a0:1=0; main:a1:1=7; 
Previous 24: main:a0:1=0; main:a1:1=-3; 
Previous 25: main:a0:1=0; main:a1:1=-2147483648; 

Program:
extern int __VERIFIER_nondet_int(void);
/*
Commit Number: c44da115063bfea7ef8b2afd1c9d52737e2b7f70
URL: https://github.com/coreutils/coreutils/commit/c44da115063bfea7ef8b2afd1c9d52737e2b7f70
Project Name: coreutils
License: GPL3
termination: false

This program includes shift overflow : a1 << 31 and bit operation;
This program is non-terminating, when a0 =0 and a1 = 0.


*/

int main()
{
    int a0 = __VERIFIER_nondet_int();
    int a1 = __VERIFIER_nondet_int();
    while( ( a0 & 1 ) == 0)
    {
        a0 = ( a1 << 31 ) | ( a0 >> 1 );
        a1 = a1 >> 1;
    }
    return 0;
}

"
40,NT,"main:a0:1=0
main:a1:1=-4
",,COMPLETED,T,false,,"You generate concrete values for nondeterministic inputs in a C/C++ program.
Your goal is to produce ONE complete assignment set that is likely to make the program not terminate.

Important rules:
1. Return a value for EVERY listed nondeterministic input ID.
2. Use each ID exactly once.
3. Respect the declared C/C++ type.
4. For an array, return the value as an array containing exactly the required number of elements.
5. For char arrays, each element must be exactly one character. Return the character itself without C single quotes.
6. Prefer small-magnitude values unless larger values are necessary to achieve the requested execution behavior.

Nondeterministic inputs:
- id: main:a0:1, type: int
- id: main:a1:1, type: int

Previously generated assignment sets are listed below. Generate a materially different set and do not duplicate any of them.
Previous 1: main:a0:1=1; main:a1:1=0; 
Previous 2: main:a0:1=2; main:a1:1=1; 
Previous 3: main:a0:1=3; main:a1:1=5; 
Previous 4: main:a0:1=5; main:a1:1=3; 
Previous 5: main:a0:1=4; main:a1:1=2; 
Previous 6: main:a0:1=7; main:a1:1=-1; 
Previous 7: main:a0:1=3; main:a1:1=0; 
Previous 8: main:a0:1=2; main:a1:1=0; 
Previous 9: main:a0:1=1; main:a1:1=4; 
Previous 10: main:a0:1=1; main:a1:1=1; 
Previous 11: main:a0:1=0; main:a1:1=0; 
Previous 12: main:a0:1=0; main:a1:1=-1; 
Previous 13: main:a0:1=0; main:a1:1=1; 
Previous 14: main:a0:1=0; main:a1:1=2; 
Previous 15: main:a0:1=0; main:a1:1=3; 
Previous 16: main:a0:1=8; main:a1:1=5; 
Previous 17: main:a0:1=0; main:a1:1=4; 
Previous 18: main:a0:1=0; main:a1:1=5; 
Previous 19: main:a0:1=0; main:a1:1=2147483647; 
Previous 20: main:a0:1=0; main:a1:1=10; 
Previous 21: main:a0:1=0; main:a1:1=-2; 
Previous 22: main:a0:1=0; main:a1:1=6; 
Previous 23: main:a0:1=0; main:a1:1=7; 
Previous 24: main:a0:1=0; main:a1:1=-3; 
Previous 25: main:a0:1=0; main:a1:1=-2147483648; 

Program:
extern int __VERIFIER_nondet_int(void);
/*
Commit Number: c44da115063bfea7ef8b2afd1c9d52737e2b7f70
URL: https://github.com/coreutils/coreutils/commit/c44da115063bfea7ef8b2afd1c9d52737e2b7f70
Project Name: coreutils
License: GPL3
termination: false

This program includes shift overflow : a1 << 31 and bit operation;
This program is non-terminating, when a0 =0 and a1 = 0.


*/

int main()
{
    int a0 = __VERIFIER_nondet_int();
    int a1 = __VERIFIER_nondet_int();
    while( ( a0 & 1 ) == 0)
    {
        a0 = ( a1 << 31 ) | ( a0 >> 1 );
        a1 = a1 >> 1;
    }
    return 0;
}

"
41,NT,"main:a0:1=0
main:a1:1=42
",,COMPLETED,T,false,,"You generate concrete values for nondeterministic inputs in a C/C++ program.
Your goal is to produce ONE complete assignment set that is likely to make the program not terminate.

Important rules:
1. Return a value for EVERY listed nondeterministic input ID.
2. Use each ID exactly once.
3. Respect the declared C/C++ type.
4. For an array, return the value as an array containing exactly the required number of elements.
5. For char arrays, each element must be exactly one character. Return the character itself without C single quotes.
6. Prefer small-magnitude values unless larger values are necessary to achieve the requested execution behavior.

Nondeterministic inputs:
- id: main:a0:1, type: int
- id: main:a1:1, type: int

Previously generated assignment sets are listed below. Generate a materially different set and do not duplicate any of them.
Previous 1: main:a0:1=1; main:a1:1=0; 
Previous 2: main:a0:1=2; main:a1:1=1; 
Previous 3: main:a0:1=3; main:a1:1=5; 
Previous 4: main:a0:1=5; main:a1:1=3; 
Previous 5: main:a0:1=4; main:a1:1=2; 
Previous 6: main:a0:1=7; main:a1:1=-1; 
Previous 7: main:a0:1=3; main:a1:1=0; 
Previous 8: main:a0:1=2; main:a1:1=0; 
Previous 9: main:a0:1=1; main:a1:1=4; 
Previous 10: main:a0:1=1; main:a1:1=1; 
Previous 11: main:a0:1=0; main:a1:1=0; 
Previous 12: main:a0:1=0; main:a1:1=-1; 
Previous 13: main:a0:1=0; main:a1:1=1; 
Previous 14: main:a0:1=0; main:a1:1=2; 
Previous 15: main:a0:1=0; main:a1:1=3; 
Previous 16: main:a0:1=8; main:a1:1=5; 
Previous 17: main:a0:1=0; main:a1:1=4; 
Previous 18: main:a0:1=0; main:a1:1=5; 
Previous 19: main:a0:1=0; main:a1:1=2147483647; 
Previous 20: main:a0:1=0; main:a1:1=10; 
Previous 21: main:a0:1=0; main:a1:1=-2; 
Previous 22: main:a0:1=0; main:a1:1=6; 
Previous 23: main:a0:1=0; main:a1:1=7; 
Previous 24: main:a0:1=0; main:a1:1=-3; 
Previous 25: main:a0:1=0; main:a1:1=-2147483648; 
Previous 26: main:a0:1=0; main:a1:1=-4; 

Program:
extern int __VERIFIER_nondet_int(void);
/*
Commit Number: c44da115063bfea7ef8b2afd1c9d52737e2b7f70
URL: https://github.com/coreutils/coreutils/commit/c44da115063bfea7ef8b2afd1c9d52737e2b7f70
Project Name: coreutils
License: GPL3
termination: false

This program includes shift overflow : a1 << 31 and bit operation;
This program is non-terminating, when a0 =0 and a1 = 0.


*/

int main()
{
    int a0 = __VERIFIER_nondet_int();
    int a1 = __VERIFIER_nondet_int();
    while( ( a0 & 1 ) == 0)
    {
        a0 = ( a1 << 31 ) | ( a0 >> 1 );
        a1 = a1 >> 1;
    }
    return 0;
}

"
42,NT,"main:a0:1=-0
main:a1:1=-0
",/home/quasar/Documents/FocusTNT/results_InputGeneration/FSE/loop/Incorrect_Bit_Calculation_2_NT/input_generator_artifacts/generated_programs/Incorrect_Bit_Calculation_2_NT_TestCase12.c,TIMEOUT,LIKELY_NT,true,,"You generate concrete values for nondeterministic inputs in a C/C++ program.
Your goal is to produce ONE complete assignment set that is likely to make the program not terminate.

Important rules:
1. Return a value for EVERY listed nondeterministic input ID.
2. Use each ID exactly once.
3. Respect the declared C/C++ type.
4. For an array, return the value as an array containing exactly the required number of elements.
5. For char arrays, each element must be exactly one character. Return the character itself without C single quotes.
6. Prefer small-magnitude values unless larger values are necessary to achieve the requested execution behavior.

Nondeterministic inputs:
- id: main:a0:1, type: int
- id: main:a1:1, type: int

Previously generated assignment sets are listed below. Generate a materially different set and do not duplicate any of them.
Previous 1: main:a0:1=1; main:a1:1=0; 
Previous 2: main:a0:1=2; main:a1:1=1; 
Previous 3: main:a0:1=3; main:a1:1=5; 
Previous 4: main:a0:1=5; main:a1:1=3; 
Previous 5: main:a0:1=4; main:a1:1=2; 
Previous 6: main:a0:1=7; main:a1:1=-1; 
Previous 7: main:a0:1=3; main:a1:1=0; 
Previous 8: main:a0:1=2; main:a1:1=0; 
Previous 9: main:a0:1=1; main:a1:1=4; 
Previous 10: main:a0:1=1; main:a1:1=1; 
Previous 11: main:a0:1=0; main:a1:1=0; 
Previous 12: main:a0:1=0; main:a1:1=-1; 
Previous 13: main:a0:1=0; main:a1:1=1; 
Previous 14: main:a0:1=0; main:a1:1=2; 
Previous 15: main:a0:1=0; main:a1:1=3; 
Previous 16: main:a0:1=8; main:a1:1=5; 
Previous 17: main:a0:1=0; main:a1:1=4; 
Previous 18: main:a0:1=0; main:a1:1=5; 
Previous 19: main:a0:1=0; main:a1:1=2147483647; 
Previous 20: main:a0:1=0; main:a1:1=10; 
Previous 21: main:a0:1=0; main:a1:1=-2; 
Previous 22: main:a0:1=0; main:a1:1=6; 
Previous 23: main:a0:1=0; main:a1:1=7; 
Previous 24: main:a0:1=0; main:a1:1=-3; 
Previous 25: main:a0:1=0; main:a1:1=-2147483648; 
Previous 26: main:a0:1=0; main:a1:1=-4; 
Previous 27: main:a0:1=0; main:a1:1=42; 

Program:
extern int __VERIFIER_nondet_int(void);
/*
Commit Number: c44da115063bfea7ef8b2afd1c9d52737e2b7f70
URL: https://github.com/coreutils/coreutils/commit/c44da115063bfea7ef8b2afd1c9d52737e2b7f70
Project Name: coreutils
License: GPL3
termination: false

This program includes shift overflow : a1 << 31 and bit operation;
This program is non-terminating, when a0 =0 and a1 = 0.


*/

int main()
{
    int a0 = __VERIFIER_nondet_int();
    int a1 = __VERIFIER_nondet_int();
    while( ( a0 & 1 ) == 0)
    {
        a0 = ( a1 << 31 ) | ( a0 >> 1 );
        a1 = a1 >> 1;
    }
    return 0;
}

"
43,NT,"main:a0:1=0
main:a1:1=8
",,COMPLETED,T,false,,"You generate concrete values for nondeterministic inputs in a C/C++ program.
Your goal is to produce ONE complete assignment set that is likely to make the program not terminate.

Important rules:
1. Return a value for EVERY listed nondeterministic input ID.
2. Use each ID exactly once.
3. Respect the declared C/C++ type.
4. For an array, return the value as an array containing exactly the required number of elements.
5. For char arrays, each element must be exactly one character. Return the character itself without C single quotes.
6. Prefer small-magnitude values unless larger values are necessary to achieve the requested execution behavior.

Nondeterministic inputs:
- id: main:a0:1, type: int
- id: main:a1:1, type: int

Previously generated assignment sets are listed below. Generate a materially different set and do not duplicate any of them.
Previous 1: main:a0:1=1; main:a1:1=0; 
Previous 2: main:a0:1=2; main:a1:1=1; 
Previous 3: main:a0:1=3; main:a1:1=5; 
Previous 4: main:a0:1=5; main:a1:1=3; 
Previous 5: main:a0:1=4; main:a1:1=2; 
Previous 6: main:a0:1=7; main:a1:1=-1; 
Previous 7: main:a0:1=3; main:a1:1=0; 
Previous 8: main:a0:1=2; main:a1:1=0; 
Previous 9: main:a0:1=1; main:a1:1=4; 
Previous 10: main:a0:1=1; main:a1:1=1; 
Previous 11: main:a0:1=0; main:a1:1=0; 
Previous 12: main:a0:1=0; main:a1:1=-1; 
Previous 13: main:a0:1=0; main:a1:1=1; 
Previous 14: main:a0:1=0; main:a1:1=2; 
Previous 15: main:a0:1=0; main:a1:1=3; 
Previous 16: main:a0:1=8; main:a1:1=5; 
Previous 17: main:a0:1=0; main:a1:1=4; 
Previous 18: main:a0:1=0; main:a1:1=5; 
Previous 19: main:a0:1=0; main:a1:1=2147483647; 
Previous 20: main:a0:1=0; main:a1:1=10; 
Previous 21: main:a0:1=0; main:a1:1=-2; 
Previous 22: main:a0:1=0; main:a1:1=6; 
Previous 23: main:a0:1=0; main:a1:1=7; 
Previous 24: main:a0:1=0; main:a1:1=-3; 
Previous 25: main:a0:1=0; main:a1:1=-2147483648; 
Previous 26: main:a0:1=0; main:a1:1=-4; 
Previous 27: main:a0:1=0; main:a1:1=42; 
Previous 28: main:a0:1=-0; main:a1:1=-0; 

Program:
extern int __VERIFIER_nondet_int(void);
/*
Commit Number: c44da115063bfea7ef8b2afd1c9d52737e2b7f70
URL: https://github.com/coreutils/coreutils/commit/c44da115063bfea7ef8b2afd1c9d52737e2b7f70
Project Name: coreutils
License: GPL3
termination: false

This program includes shift overflow : a1 << 31 and bit operation;
This program is non-terminating, when a0 =0 and a1 = 0.


*/

int main()
{
    int a0 = __VERIFIER_nondet_int();
    int a1 = __VERIFIER_nondet_int();
    while( ( a0 & 1 ) == 0)
    {
        a0 = ( a1 << 31 ) | ( a0 >> 1 );
        a1 = a1 >> 1;
    }
    return 0;
}

"
44,NT,"main:a0:1=0
main:a1:1=0
",,DUPLICATE,,false,,"You generate concrete values for nondeterministic inputs in a C/C++ program.
Your goal is to produce ONE complete assignment set that is likely to make the program not terminate.

Important rules:
1. Return a value for EVERY listed nondeterministic input ID.
2. Use each ID exactly once.
3. Respect the declared C/C++ type.
4. For an array, return the value as an array containing exactly the required number of elements.
5. For char arrays, each element must be exactly one character. Return the character itself without C single quotes.
6. Prefer small-magnitude values unless larger values are necessary to achieve the requested execution behavior.

Nondeterministic inputs:
- id: main:a0:1, type: int
- id: main:a1:1, type: int

Previously generated assignment sets are listed below. Generate a materially different set and do not duplicate any of them.
Previous 1: main:a0:1=1; main:a1:1=0; 
Previous 2: main:a0:1=2; main:a1:1=1; 
Previous 3: main:a0:1=3; main:a1:1=5; 
Previous 4: main:a0:1=5; main:a1:1=3; 
Previous 5: main:a0:1=4; main:a1:1=2; 
Previous 6: main:a0:1=7; main:a1:1=-1; 
Previous 7: main:a0:1=3; main:a1:1=0; 
Previous 8: main:a0:1=2; main:a1:1=0; 
Previous 9: main:a0:1=1; main:a1:1=4; 
Previous 10: main:a0:1=1; main:a1:1=1; 
Previous 11: main:a0:1=0; main:a1:1=0; 
Previous 12: main:a0:1=0; main:a1:1=-1; 
Previous 13: main:a0:1=0; main:a1:1=1; 
Previous 14: main:a0:1=0; main:a1:1=2; 
Previous 15: main:a0:1=0; main:a1:1=3; 
Previous 16: main:a0:1=8; main:a1:1=5; 
Previous 17: main:a0:1=0; main:a1:1=4; 
Previous 18: main:a0:1=0; main:a1:1=5; 
Previous 19: main:a0:1=0; main:a1:1=2147483647; 
Previous 20: main:a0:1=0; main:a1:1=10; 
Previous 21: main:a0:1=0; main:a1:1=-2; 
Previous 22: main:a0:1=0; main:a1:1=6; 
Previous 23: main:a0:1=0; main:a1:1=7; 
Previous 24: main:a0:1=0; main:a1:1=-3; 
Previous 25: main:a0:1=0; main:a1:1=-2147483648; 
Previous 26: main:a0:1=0; main:a1:1=-4; 
Previous 27: main:a0:1=0; main:a1:1=42; 
Previous 28: main:a0:1=-0; main:a1:1=-0; 
Previous 29: main:a0:1=0; main:a1:1=8; 

Program:
extern int __VERIFIER_nondet_int(void);
/*
Commit Number: c44da115063bfea7ef8b2afd1c9d52737e2b7f70
URL: https://github.com/coreutils/coreutils/commit/c44da115063bfea7ef8b2afd1c9d52737e2b7f70
Project Name: coreutils
License: GPL3
termination: false

This program includes shift overflow : a1 << 31 and bit operation;
This program is non-terminating, when a0 =0 and a1 = 0.


*/

int main()
{
    int a0 = __VERIFIER_nondet_int();
    int a1 = __VERIFIER_nondet_int();
    while( ( a0 & 1 ) == 0)
    {
        a0 = ( a1 << 31 ) | ( a0 >> 1 );
        a1 = a1 >> 1;
    }
    return 0;
}

"
45,NT,"main:a0:1=6
main:a1:1=0
",,COMPLETED,T,false,,"You generate concrete values for nondeterministic inputs in a C/C++ program.
Your goal is to produce ONE complete assignment set that is likely to make the program not terminate.

Important rules:
1. Return a value for EVERY listed nondeterministic input ID.
2. Use each ID exactly once.
3. Respect the declared C/C++ type.
4. For an array, return the value as an array containing exactly the required number of elements.
5. For char arrays, each element must be exactly one character. Return the character itself without C single quotes.
6. Prefer small-magnitude values unless larger values are necessary to achieve the requested execution behavior.

Nondeterministic inputs:
- id: main:a0:1, type: int
- id: main:a1:1, type: int

Previously generated assignment sets are listed below. Generate a materially different set and do not duplicate any of them.
Previous 1: main:a0:1=1; main:a1:1=0; 
Previous 2: main:a0:1=2; main:a1:1=1; 
Previous 3: main:a0:1=3; main:a1:1=5; 
Previous 4: main:a0:1=5; main:a1:1=3; 
Previous 5: main:a0:1=4; main:a1:1=2; 
Previous 6: main:a0:1=7; main:a1:1=-1; 
Previous 7: main:a0:1=3; main:a1:1=0; 
Previous 8: main:a0:1=2; main:a1:1=0; 
Previous 9: main:a0:1=1; main:a1:1=4; 
Previous 10: main:a0:1=1; main:a1:1=1; 
Previous 11: main:a0:1=0; main:a1:1=0; 
Previous 12: main:a0:1=0; main:a1:1=-1; 
Previous 13: main:a0:1=0; main:a1:1=1; 
Previous 14: main:a0:1=0; main:a1:1=2; 
Previous 15: main:a0:1=0; main:a1:1=3; 
Previous 16: main:a0:1=8; main:a1:1=5; 
Previous 17: main:a0:1=0; main:a1:1=4; 
Previous 18: main:a0:1=0; main:a1:1=5; 
Previous 19: main:a0:1=0; main:a1:1=2147483647; 
Previous 20: main:a0:1=0; main:a1:1=10; 
Previous 21: main:a0:1=0; main:a1:1=-2; 
Previous 22: main:a0:1=0; main:a1:1=6; 
Previous 23: main:a0:1=0; main:a1:1=7; 
Previous 24: main:a0:1=0; main:a1:1=-3; 
Previous 25: main:a0:1=0; main:a1:1=-2147483648; 
Previous 26: main:a0:1=0; main:a1:1=-4; 
Previous 27: main:a0:1=0; main:a1:1=42; 
Previous 28: main:a0:1=-0; main:a1:1=-0; 
Previous 29: main:a0:1=0; main:a1:1=8; 

Program:
extern int __VERIFIER_nondet_int(void);
/*
Commit Number: c44da115063bfea7ef8b2afd1c9d52737e2b7f70
URL: https://github.com/coreutils/coreutils/commit/c44da115063bfea7ef8b2afd1c9d52737e2b7f70
Project Name: coreutils
License: GPL3
termination: false

This program includes shift overflow : a1 << 31 and bit operation;
This program is non-terminating, when a0 =0 and a1 = 0.


*/

int main()
{
    int a0 = __VERIFIER_nondet_int();
    int a1 = __VERIFIER_nondet_int();
    while( ( a0 & 1 ) == 0)
    {
        a0 = ( a1 << 31 ) | ( a0 >> 1 );
        a1 = a1 >> 1;
    }
    return 0;
}

"
46,NT,"main:a0:1=0
main:a1:1=0
",,DUPLICATE,,false,,"You generate concrete values for nondeterministic inputs in a C/C++ program.
Your goal is to produce ONE complete assignment set that is likely to make the program not terminate.

Important rules:
1. Return a value for EVERY listed nondeterministic input ID.
2. Use each ID exactly once.
3. Respect the declared C/C++ type.
4. For an array, return the value as an array containing exactly the required number of elements.
5. For char arrays, each element must be exactly one character. Return the character itself without C single quotes.
6. Prefer small-magnitude values unless larger values are necessary to achieve the requested execution behavior.

Nondeterministic inputs:
- id: main:a0:1, type: int
- id: main:a1:1, type: int

Previously generated assignment sets are listed below. Generate a materially different set and do not duplicate any of them.
Previous 1: main:a0:1=1; main:a1:1=0; 
Previous 2: main:a0:1=2; main:a1:1=1; 
Previous 3: main:a0:1=3; main:a1:1=5; 
Previous 4: main:a0:1=5; main:a1:1=3; 
Previous 5: main:a0:1=4; main:a1:1=2; 
Previous 6: main:a0:1=7; main:a1:1=-1; 
Previous 7: main:a0:1=3; main:a1:1=0; 
Previous 8: main:a0:1=2; main:a1:1=0; 
Previous 9: main:a0:1=1; main:a1:1=4; 
Previous 10: main:a0:1=1; main:a1:1=1; 
Previous 11: main:a0:1=0; main:a1:1=0; 
Previous 12: main:a0:1=0; main:a1:1=-1; 
Previous 13: main:a0:1=0; main:a1:1=1; 
Previous 14: main:a0:1=0; main:a1:1=2; 
Previous 15: main:a0:1=0; main:a1:1=3; 
Previous 16: main:a0:1=8; main:a1:1=5; 
Previous 17: main:a0:1=0; main:a1:1=4; 
Previous 18: main:a0:1=0; main:a1:1=5; 
Previous 19: main:a0:1=0; main:a1:1=2147483647; 
Previous 20: main:a0:1=0; main:a1:1=10; 
Previous 21: main:a0:1=0; main:a1:1=-2; 
Previous 22: main:a0:1=0; main:a1:1=6; 
Previous 23: main:a0:1=0; main:a1:1=7; 
Previous 24: main:a0:1=0; main:a1:1=-3; 
Previous 25: main:a0:1=0; main:a1:1=-2147483648; 
Previous 26: main:a0:1=0; main:a1:1=-4; 
Previous 27: main:a0:1=0; main:a1:1=42; 
Previous 28: main:a0:1=-0; main:a1:1=-0; 
Previous 29: main:a0:1=0; main:a1:1=8; 
Previous 30: main:a0:1=6; main:a1:1=0; 

Program:
extern int __VERIFIER_nondet_int(void);
/*
Commit Number: c44da115063bfea7ef8b2afd1c9d52737e2b7f70
URL: https://github.com/coreutils/coreutils/commit/c44da115063bfea7ef8b2afd1c9d52737e2b7f70
Project Name: coreutils
License: GPL3
termination: false

This program includes shift overflow : a1 << 31 and bit operation;
This program is non-terminating, when a0 =0 and a1 = 0.


*/

int main()
{
    int a0 = __VERIFIER_nondet_int();
    int a1 = __VERIFIER_nondet_int();
    while( ( a0 & 1 ) == 0)
    {
        a0 = ( a1 << 31 ) | ( a0 >> 1 );
        a1 = a1 >> 1;
    }
    return 0;
}

"
47,NT,"main:a0:1=0
main:a1:1=17
",,COMPLETED,T,false,,"You generate concrete values for nondeterministic inputs in a C/C++ program.
Your goal is to produce ONE complete assignment set that is likely to make the program not terminate.

Important rules:
1. Return a value for EVERY listed nondeterministic input ID.
2. Use each ID exactly once.
3. Respect the declared C/C++ type.
4. For an array, return the value as an array containing exactly the required number of elements.
5. For char arrays, each element must be exactly one character. Return the character itself without C single quotes.
6. Prefer small-magnitude values unless larger values are necessary to achieve the requested execution behavior.

Nondeterministic inputs:
- id: main:a0:1, type: int
- id: main:a1:1, type: int

Previously generated assignment sets are listed below. Generate a materially different set and do not duplicate any of them.
Previous 1: main:a0:1=1; main:a1:1=0; 
Previous 2: main:a0:1=2; main:a1:1=1; 
Previous 3: main:a0:1=3; main:a1:1=5; 
Previous 4: main:a0:1=5; main:a1:1=3; 
Previous 5: main:a0:1=4; main:a1:1=2; 
Previous 6: main:a0:1=7; main:a1:1=-1; 
Previous 7: main:a0:1=3; main:a1:1=0; 
Previous 8: main:a0:1=2; main:a1:1=0; 
Previous 9: main:a0:1=1; main:a1:1=4; 
Previous 10: main:a0:1=1; main:a1:1=1; 
Previous 11: main:a0:1=0; main:a1:1=0; 
Previous 12: main:a0:1=0; main:a1:1=-1; 
Previous 13: main:a0:1=0; main:a1:1=1; 
Previous 14: main:a0:1=0; main:a1:1=2; 
Previous 15: main:a0:1=0; main:a1:1=3; 
Previous 16: main:a0:1=8; main:a1:1=5; 
Previous 17: main:a0:1=0; main:a1:1=4; 
Previous 18: main:a0:1=0; main:a1:1=5; 
Previous 19: main:a0:1=0; main:a1:1=2147483647; 
Previous 20: main:a0:1=0; main:a1:1=10; 
Previous 21: main:a0:1=0; main:a1:1=-2; 
Previous 22: main:a0:1=0; main:a1:1=6; 
Previous 23: main:a0:1=0; main:a1:1=7; 
Previous 24: main:a0:1=0; main:a1:1=-3; 
Previous 25: main:a0:1=0; main:a1:1=-2147483648; 
Previous 26: main:a0:1=0; main:a1:1=-4; 
Previous 27: main:a0:1=0; main:a1:1=42; 
Previous 28: main:a0:1=-0; main:a1:1=-0; 
Previous 29: main:a0:1=0; main:a1:1=8; 
Previous 30: main:a0:1=6; main:a1:1=0; 

Program:
extern int __VERIFIER_nondet_int(void);
/*
Commit Number: c44da115063bfea7ef8b2afd1c9d52737e2b7f70
URL: https://github.com/coreutils/coreutils/commit/c44da115063bfea7ef8b2afd1c9d52737e2b7f70
Project Name: coreutils
License: GPL3
termination: false

This program includes shift overflow : a1 << 31 and bit operation;
This program is non-terminating, when a0 =0 and a1 = 0.


*/

int main()
{
    int a0 = __VERIFIER_nondet_int();
    int a1 = __VERIFIER_nondet_int();
    while( ( a0 & 1 ) == 0)
    {
        a0 = ( a1 << 31 ) | ( a0 >> 1 );
        a1 = a1 >> 1;
    }
    return 0;
}

"
48,NT,"main:a0:1=0
main:a1:1=0
",,DUPLICATE,,false,,"You generate concrete values for nondeterministic inputs in a C/C++ program.
Your goal is to produce ONE complete assignment set that is likely to make the program not terminate.

Important rules:
1. Return a value for EVERY listed nondeterministic input ID.
2. Use each ID exactly once.
3. Respect the declared C/C++ type.
4. For an array, return the value as an array containing exactly the required number of elements.
5. For char arrays, each element must be exactly one character. Return the character itself without C single quotes.
6. Prefer small-magnitude values unless larger values are necessary to achieve the requested execution behavior.

Nondeterministic inputs:
- id: main:a0:1, type: int
- id: main:a1:1, type: int

Previously generated assignment sets are listed below. Generate a materially different set and do not duplicate any of them.
Previous 1: main:a0:1=1; main:a1:1=0; 
Previous 2: main:a0:1=2; main:a1:1=1; 
Previous 3: main:a0:1=3; main:a1:1=5; 
Previous 4: main:a0:1=5; main:a1:1=3; 
Previous 5: main:a0:1=4; main:a1:1=2; 
Previous 6: main:a0:1=7; main:a1:1=-1; 
Previous 7: main:a0:1=3; main:a1:1=0; 
Previous 8: main:a0:1=2; main:a1:1=0; 
Previous 9: main:a0:1=1; main:a1:1=4; 
Previous 10: main:a0:1=1; main:a1:1=1; 
Previous 11: main:a0:1=0; main:a1:1=0; 
Previous 12: main:a0:1=0; main:a1:1=-1; 
Previous 13: main:a0:1=0; main:a1:1=1; 
Previous 14: main:a0:1=0; main:a1:1=2; 
Previous 15: main:a0:1=0; main:a1:1=3; 
Previous 16: main:a0:1=8; main:a1:1=5; 
Previous 17: main:a0:1=0; main:a1:1=4; 
Previous 18: main:a0:1=0; main:a1:1=5; 
Previous 19: main:a0:1=0; main:a1:1=2147483647; 
Previous 20: main:a0:1=0; main:a1:1=10; 
Previous 21: main:a0:1=0; main:a1:1=-2; 
Previous 22: main:a0:1=0; main:a1:1=6; 
Previous 23: main:a0:1=0; main:a1:1=7; 
Previous 24: main:a0:1=0; main:a1:1=-3; 
Previous 25: main:a0:1=0; main:a1:1=-2147483648; 
Previous 26: main:a0:1=0; main:a1:1=-4; 
Previous 27: main:a0:1=0; main:a1:1=42; 
Previous 28: main:a0:1=-0; main:a1:1=-0; 
Previous 29: main:a0:1=0; main:a1:1=8; 
Previous 30: main:a0:1=6; main:a1:1=0; 
Previous 31: main:a0:1=0; main:a1:1=17; 

Program:
extern int __VERIFIER_nondet_int(void);
/*
Commit Number: c44da115063bfea7ef8b2afd1c9d52737e2b7f70
URL: https://github.com/coreutils/coreutils/commit/c44da115063bfea7ef8b2afd1c9d52737e2b7f70
Project Name: coreutils
License: GPL3
termination: false

This program includes shift overflow : a1 << 31 and bit operation;
This program is non-terminating, when a0 =0 and a1 = 0.


*/

int main()
{
    int a0 = __VERIFIER_nondet_int();
    int a1 = __VERIFIER_nondet_int();
    while( ( a0 & 1 ) == 0)
    {
        a0 = ( a1 << 31 ) | ( a0 >> 1 );
        a1 = a1 >> 1;
    }
    return 0;
}

"
49,NT,"main:a0:1=0
main:a1:1=0
",,DUPLICATE,,false,,"You generate concrete values for nondeterministic inputs in a C/C++ program.
Your goal is to produce ONE complete assignment set that is likely to make the program not terminate.

Important rules:
1. Return a value for EVERY listed nondeterministic input ID.
2. Use each ID exactly once.
3. Respect the declared C/C++ type.
4. For an array, return the value as an array containing exactly the required number of elements.
5. For char arrays, each element must be exactly one character. Return the character itself without C single quotes.
6. Prefer small-magnitude values unless larger values are necessary to achieve the requested execution behavior.

Nondeterministic inputs:
- id: main:a0:1, type: int
- id: main:a1:1, type: int

Previously generated assignment sets are listed below. Generate a materially different set and do not duplicate any of them.
Previous 1: main:a0:1=1; main:a1:1=0; 
Previous 2: main:a0:1=2; main:a1:1=1; 
Previous 3: main:a0:1=3; main:a1:1=5; 
Previous 4: main:a0:1=5; main:a1:1=3; 
Previous 5: main:a0:1=4; main:a1:1=2; 
Previous 6: main:a0:1=7; main:a1:1=-1; 
Previous 7: main:a0:1=3; main:a1:1=0; 
Previous 8: main:a0:1=2; main:a1:1=0; 
Previous 9: main:a0:1=1; main:a1:1=4; 
Previous 10: main:a0:1=1; main:a1:1=1; 
Previous 11: main:a0:1=0; main:a1:1=0; 
Previous 12: main:a0:1=0; main:a1:1=-1; 
Previous 13: main:a0:1=0; main:a1:1=1; 
Previous 14: main:a0:1=0; main:a1:1=2; 
Previous 15: main:a0:1=0; main:a1:1=3; 
Previous 16: main:a0:1=8; main:a1:1=5; 
Previous 17: main:a0:1=0; main:a1:1=4; 
Previous 18: main:a0:1=0; main:a1:1=5; 
Previous 19: main:a0:1=0; main:a1:1=2147483647; 
Previous 20: main:a0:1=0; main:a1:1=10; 
Previous 21: main:a0:1=0; main:a1:1=-2; 
Previous 22: main:a0:1=0; main:a1:1=6; 
Previous 23: main:a0:1=0; main:a1:1=7; 
Previous 24: main:a0:1=0; main:a1:1=-3; 
Previous 25: main:a0:1=0; main:a1:1=-2147483648; 
Previous 26: main:a0:1=0; main:a1:1=-4; 
Previous 27: main:a0:1=0; main:a1:1=42; 
Previous 28: main:a0:1=-0; main:a1:1=-0; 
Previous 29: main:a0:1=0; main:a1:1=8; 
Previous 30: main:a0:1=6; main:a1:1=0; 
Previous 31: main:a0:1=0; main:a1:1=17; 

Program:
extern int __VERIFIER_nondet_int(void);
/*
Commit Number: c44da115063bfea7ef8b2afd1c9d52737e2b7f70
URL: https://github.com/coreutils/coreutils/commit/c44da115063bfea7ef8b2afd1c9d52737e2b7f70
Project Name: coreutils
License: GPL3
termination: false

This program includes shift overflow : a1 << 31 and bit operation;
This program is non-terminating, when a0 =0 and a1 = 0.


*/

int main()
{
    int a0 = __VERIFIER_nondet_int();
    int a1 = __VERIFIER_nondet_int();
    while( ( a0 & 1 ) == 0)
    {
        a0 = ( a1 << 31 ) | ( a0 >> 1 );
        a1 = a1 >> 1;
    }
    return 0;
}

"
50,NT,"main:a0:1=0
main:a1:1=-2147483648
",,DUPLICATE,,false,,"You generate concrete values for nondeterministic inputs in a C/C++ program.
Your goal is to produce ONE complete assignment set that is likely to make the program not terminate.

Important rules:
1. Return a value for EVERY listed nondeterministic input ID.
2. Use each ID exactly once.
3. Respect the declared C/C++ type.
4. For an array, return the value as an array containing exactly the required number of elements.
5. For char arrays, each element must be exactly one character. Return the character itself without C single quotes.
6. Prefer small-magnitude values unless larger values are necessary to achieve the requested execution behavior.

Nondeterministic inputs:
- id: main:a0:1, type: int
- id: main:a1:1, type: int

Previously generated assignment sets are listed below. Generate a materially different set and do not duplicate any of them.
Previous 1: main:a0:1=1; main:a1:1=0; 
Previous 2: main:a0:1=2; main:a1:1=1; 
Previous 3: main:a0:1=3; main:a1:1=5; 
Previous 4: main:a0:1=5; main:a1:1=3; 
Previous 5: main:a0:1=4; main:a1:1=2; 
Previous 6: main:a0:1=7; main:a1:1=-1; 
Previous 7: main:a0:1=3; main:a1:1=0; 
Previous 8: main:a0:1=2; main:a1:1=0; 
Previous 9: main:a0:1=1; main:a1:1=4; 
Previous 10: main:a0:1=1; main:a1:1=1; 
Previous 11: main:a0:1=0; main:a1:1=0; 
Previous 12: main:a0:1=0; main:a1:1=-1; 
Previous 13: main:a0:1=0; main:a1:1=1; 
Previous 14: main:a0:1=0; main:a1:1=2; 
Previous 15: main:a0:1=0; main:a1:1=3; 
Previous 16: main:a0:1=8; main:a1:1=5; 
Previous 17: main:a0:1=0; main:a1:1=4; 
Previous 18: main:a0:1=0; main:a1:1=5; 
Previous 19: main:a0:1=0; main:a1:1=2147483647; 
Previous 20: main:a0:1=0; main:a1:1=10; 
Previous 21: main:a0:1=0; main:a1:1=-2; 
Previous 22: main:a0:1=0; main:a1:1=6; 
Previous 23: main:a0:1=0; main:a1:1=7; 
Previous 24: main:a0:1=0; main:a1:1=-3; 
Previous 25: main:a0:1=0; main:a1:1=-2147483648; 
Previous 26: main:a0:1=0; main:a1:1=-4; 
Previous 27: main:a0:1=0; main:a1:1=42; 
Previous 28: main:a0:1=-0; main:a1:1=-0; 
Previous 29: main:a0:1=0; main:a1:1=8; 
Previous 30: main:a0:1=6; main:a1:1=0; 
Previous 31: main:a0:1=0; main:a1:1=17; 

Program:
extern int __VERIFIER_nondet_int(void);
/*
Commit Number: c44da115063bfea7ef8b2afd1c9d52737e2b7f70
URL: https://github.com/coreutils/coreutils/commit/c44da115063bfea7ef8b2afd1c9d52737e2b7f70
Project Name: coreutils
License: GPL3
termination: false

This program includes shift overflow : a1 << 31 and bit operation;
This program is non-terminating, when a0 =0 and a1 = 0.


*/

int main()
{
    int a0 = __VERIFIER_nondet_int();
    int a1 = __VERIFIER_nondet_int();
    while( ( a0 & 1 ) == 0)
    {
        a0 = ( a1 << 31 ) | ( a0 >> 1 );
        a1 = a1 >> 1;
    }
    return 0;
}

"
51,NT,"main:a0:1=0
main:a1:1=100
",,COMPLETED,T,false,,"You generate concrete values for nondeterministic inputs in a C/C++ program.
Your goal is to produce ONE complete assignment set that is likely to make the program not terminate.

Important rules:
1. Return a value for EVERY listed nondeterministic input ID.
2. Use each ID exactly once.
3. Respect the declared C/C++ type.
4. For an array, return the value as an array containing exactly the required number of elements.
5. For char arrays, each element must be exactly one character. Return the character itself without C single quotes.
6. Prefer small-magnitude values unless larger values are necessary to achieve the requested execution behavior.

Nondeterministic inputs:
- id: main:a0:1, type: int
- id: main:a1:1, type: int

Previously generated assignment sets are listed below. Generate a materially different set and do not duplicate any of them.
Previous 1: main:a0:1=1; main:a1:1=0; 
Previous 2: main:a0:1=2; main:a1:1=1; 
Previous 3: main:a0:1=3; main:a1:1=5; 
Previous 4: main:a0:1=5; main:a1:1=3; 
Previous 5: main:a0:1=4; main:a1:1=2; 
Previous 6: main:a0:1=7; main:a1:1=-1; 
Previous 7: main:a0:1=3; main:a1:1=0; 
Previous 8: main:a0:1=2; main:a1:1=0; 
Previous 9: main:a0:1=1; main:a1:1=4; 
Previous 10: main:a0:1=1; main:a1:1=1; 
Previous 11: main:a0:1=0; main:a1:1=0; 
Previous 12: main:a0:1=0; main:a1:1=-1; 
Previous 13: main:a0:1=0; main:a1:1=1; 
Previous 14: main:a0:1=0; main:a1:1=2; 
Previous 15: main:a0:1=0; main:a1:1=3; 
Previous 16: main:a0:1=8; main:a1:1=5; 
Previous 17: main:a0:1=0; main:a1:1=4; 
Previous 18: main:a0:1=0; main:a1:1=5; 
Previous 19: main:a0:1=0; main:a1:1=2147483647; 
Previous 20: main:a0:1=0; main:a1:1=10; 
Previous 21: main:a0:1=0; main:a1:1=-2; 
Previous 22: main:a0:1=0; main:a1:1=6; 
Previous 23: main:a0:1=0; main:a1:1=7; 
Previous 24: main:a0:1=0; main:a1:1=-3; 
Previous 25: main:a0:1=0; main:a1:1=-2147483648; 
Previous 26: main:a0:1=0; main:a1:1=-4; 
Previous 27: main:a0:1=0; main:a1:1=42; 
Previous 28: main:a0:1=-0; main:a1:1=-0; 
Previous 29: main:a0:1=0; main:a1:1=8; 
Previous 30: main:a0:1=6; main:a1:1=0; 
Previous 31: main:a0:1=0; main:a1:1=17; 

Program:
extern int __VERIFIER_nondet_int(void);
/*
Commit Number: c44da115063bfea7ef8b2afd1c9d52737e2b7f70
URL: https://github.com/coreutils/coreutils/commit/c44da115063bfea7ef8b2afd1c9d52737e2b7f70
Project Name: coreutils
License: GPL3
termination: false

This program includes shift overflow : a1 << 31 and bit operation;
This program is non-terminating, when a0 =0 and a1 = 0.


*/

int main()
{
    int a0 = __VERIFIER_nondet_int();
    int a1 = __VERIFIER_nondet_int();
    while( ( a0 & 1 ) == 0)
    {
        a0 = ( a1 << 31 ) | ( a0 >> 1 );
        a1 = a1 >> 1;
    }
    return 0;
}

"
52,NT,"main:a0:1=0
main:a1:1=-5
",,COMPLETED,T,false,,"You generate concrete values for nondeterministic inputs in a C/C++ program.
Your goal is to produce ONE complete assignment set that is likely to make the program not terminate.

Important rules:
1. Return a value for EVERY listed nondeterministic input ID.
2. Use each ID exactly once.
3. Respect the declared C/C++ type.
4. For an array, return the value as an array containing exactly the required number of elements.
5. For char arrays, each element must be exactly one character. Return the character itself without C single quotes.
6. Prefer small-magnitude values unless larger values are necessary to achieve the requested execution behavior.

Nondeterministic inputs:
- id: main:a0:1, type: int
- id: main:a1:1, type: int

Previously generated assignment sets are listed below. Generate a materially different set and do not duplicate any of them.
Previous 1: main:a0:1=1; main:a1:1=0; 
Previous 2: main:a0:1=2; main:a1:1=1; 
Previous 3: main:a0:1=3; main:a1:1=5; 
Previous 4: main:a0:1=5; main:a1:1=3; 
Previous 5: main:a0:1=4; main:a1:1=2; 
Previous 6: main:a0:1=7; main:a1:1=-1; 
Previous 7: main:a0:1=3; main:a1:1=0; 
Previous 8: main:a0:1=2; main:a1:1=0; 
Previous 9: main:a0:1=1; main:a1:1=4; 
Previous 10: main:a0:1=1; main:a1:1=1; 
Previous 11: main:a0:1=0; main:a1:1=0; 
Previous 12: main:a0:1=0; main:a1:1=-1; 
Previous 13: main:a0:1=0; main:a1:1=1; 
Previous 14: main:a0:1=0; main:a1:1=2; 
Previous 15: main:a0:1=0; main:a1:1=3; 
Previous 16: main:a0:1=8; main:a1:1=5; 
Previous 17: main:a0:1=0; main:a1:1=4; 
Previous 18: main:a0:1=0; main:a1:1=5; 
Previous 19: main:a0:1=0; main:a1:1=2147483647; 
Previous 20: main:a0:1=0; main:a1:1=10; 
Previous 21: main:a0:1=0; main:a1:1=-2; 
Previous 22: main:a0:1=0; main:a1:1=6; 
Previous 23: main:a0:1=0; main:a1:1=7; 
Previous 24: main:a0:1=0; main:a1:1=-3; 
Previous 25: main:a0:1=0; main:a1:1=-2147483648; 
Previous 26: main:a0:1=0; main:a1:1=-4; 
Previous 27: main:a0:1=0; main:a1:1=42; 
Previous 28: main:a0:1=-0; main:a1:1=-0; 
Previous 29: main:a0:1=0; main:a1:1=8; 
Previous 30: main:a0:1=6; main:a1:1=0; 
Previous 31: main:a0:1=0; main:a1:1=17; 
Previous 32: main:a0:1=0; main:a1:1=100; 

Program:
extern int __VERIFIER_nondet_int(void);
/*
Commit Number: c44da115063bfea7ef8b2afd1c9d52737e2b7f70
URL: https://github.com/coreutils/coreutils/commit/c44da115063bfea7ef8b2afd1c9d52737e2b7f70
Project Name: coreutils
License: GPL3
termination: false

This program includes shift overflow : a1 << 31 and bit operation;
This program is non-terminating, when a0 =0 and a1 = 0.


*/

int main()
{
    int a0 = __VERIFIER_nondet_int();
    int a1 = __VERIFIER_nondet_int();
    while( ( a0 & 1 ) == 0)
    {
        a0 = ( a1 << 31 ) | ( a0 >> 1 );
        a1 = a1 >> 1;
    }
    return 0;
}

"
53,NT,"main:a0:1=0
main:a1:1=0
",,DUPLICATE,,false,,"You generate concrete values for nondeterministic inputs in a C/C++ program.
Your goal is to produce ONE complete assignment set that is likely to make the program not terminate.

Important rules:
1. Return a value for EVERY listed nondeterministic input ID.
2. Use each ID exactly once.
3. Respect the declared C/C++ type.
4. For an array, return the value as an array containing exactly the required number of elements.
5. For char arrays, each element must be exactly one character. Return the character itself without C single quotes.
6. Prefer small-magnitude values unless larger values are necessary to achieve the requested execution behavior.

Nondeterministic inputs:
- id: main:a0:1, type: int
- id: main:a1:1, type: int

Previously generated assignment sets are listed below. Generate a materially different set and do not duplicate any of them.
Previous 1: main:a0:1=1; main:a1:1=0; 
Previous 2: main:a0:1=2; main:a1:1=1; 
Previous 3: main:a0:1=3; main:a1:1=5; 
Previous 4: main:a0:1=5; main:a1:1=3; 
Previous 5: main:a0:1=4; main:a1:1=2; 
Previous 6: main:a0:1=7; main:a1:1=-1; 
Previous 7: main:a0:1=3; main:a1:1=0; 
Previous 8: main:a0:1=2; main:a1:1=0; 
Previous 9: main:a0:1=1; main:a1:1=4; 
Previous 10: main:a0:1=1; main:a1:1=1; 
Previous 11: main:a0:1=0; main:a1:1=0; 
Previous 12: main:a0:1=0; main:a1:1=-1; 
Previous 13: main:a0:1=0; main:a1:1=1; 
Previous 14: main:a0:1=0; main:a1:1=2; 
Previous 15: main:a0:1=0; main:a1:1=3; 
Previous 16: main:a0:1=8; main:a1:1=5; 
Previous 17: main:a0:1=0; main:a1:1=4; 
Previous 18: main:a0:1=0; main:a1:1=5; 
Previous 19: main:a0:1=0; main:a1:1=2147483647; 
Previous 20: main:a0:1=0; main:a1:1=10; 
Previous 21: main:a0:1=0; main:a1:1=-2; 
Previous 22: main:a0:1=0; main:a1:1=6; 
Previous 23: main:a0:1=0; main:a1:1=7; 
Previous 24: main:a0:1=0; main:a1:1=-3; 
Previous 25: main:a0:1=0; main:a1:1=-2147483648; 
Previous 26: main:a0:1=0; main:a1:1=-4; 
Previous 27: main:a0:1=0; main:a1:1=42; 
Previous 28: main:a0:1=-0; main:a1:1=-0; 
Previous 29: main:a0:1=0; main:a1:1=8; 
Previous 30: main:a0:1=6; main:a1:1=0; 
Previous 31: main:a0:1=0; main:a1:1=17; 
Previous 32: main:a0:1=0; main:a1:1=100; 
Previous 33: main:a0:1=0; main:a1:1=-5; 

Program:
extern int __VERIFIER_nondet_int(void);
/*
Commit Number: c44da115063bfea7ef8b2afd1c9d52737e2b7f70
URL: https://github.com/coreutils/coreutils/commit/c44da115063bfea7ef8b2afd1c9d52737e2b7f70
Project Name: coreutils
License: GPL3
termination: false

This program includes shift overflow : a1 << 31 and bit operation;
This program is non-terminating, when a0 =0 and a1 = 0.


*/

int main()
{
    int a0 = __VERIFIER_nondet_int();
    int a1 = __VERIFIER_nondet_int();
    while( ( a0 & 1 ) == 0)
    {
        a0 = ( a1 << 31 ) | ( a0 >> 1 );
        a1 = a1 >> 1;
    }
    return 0;
}

"
54,NT,"main:a0:1=0
main:a1:1=9
",,COMPLETED,T,false,,"You generate concrete values for nondeterministic inputs in a C/C++ program.
Your goal is to produce ONE complete assignment set that is likely to make the program not terminate.

Important rules:
1. Return a value for EVERY listed nondeterministic input ID.
2. Use each ID exactly once.
3. Respect the declared C/C++ type.
4. For an array, return the value as an array containing exactly the required number of elements.
5. For char arrays, each element must be exactly one character. Return the character itself without C single quotes.
6. Prefer small-magnitude values unless larger values are necessary to achieve the requested execution behavior.

Nondeterministic inputs:
- id: main:a0:1, type: int
- id: main:a1:1, type: int

Previously generated assignment sets are listed below. Generate a materially different set and do not duplicate any of them.
Previous 1: main:a0:1=1; main:a1:1=0; 
Previous 2: main:a0:1=2; main:a1:1=1; 
Previous 3: main:a0:1=3; main:a1:1=5; 
Previous 4: main:a0:1=5; main:a1:1=3; 
Previous 5: main:a0:1=4; main:a1:1=2; 
Previous 6: main:a0:1=7; main:a1:1=-1; 
Previous 7: main:a0:1=3; main:a1:1=0; 
Previous 8: main:a0:1=2; main:a1:1=0; 
Previous 9: main:a0:1=1; main:a1:1=4; 
Previous 10: main:a0:1=1; main:a1:1=1; 
Previous 11: main:a0:1=0; main:a1:1=0; 
Previous 12: main:a0:1=0; main:a1:1=-1; 
Previous 13: main:a0:1=0; main:a1:1=1; 
Previous 14: main:a0:1=0; main:a1:1=2; 
Previous 15: main:a0:1=0; main:a1:1=3; 
Previous 16: main:a0:1=8; main:a1:1=5; 
Previous 17: main:a0:1=0; main:a1:1=4; 
Previous 18: main:a0:1=0; main:a1:1=5; 
Previous 19: main:a0:1=0; main:a1:1=2147483647; 
Previous 20: main:a0:1=0; main:a1:1=10; 
Previous 21: main:a0:1=0; main:a1:1=-2; 
Previous 22: main:a0:1=0; main:a1:1=6; 
Previous 23: main:a0:1=0; main:a1:1=7; 
Previous 24: main:a0:1=0; main:a1:1=-3; 
Previous 25: main:a0:1=0; main:a1:1=-2147483648; 
Previous 26: main:a0:1=0; main:a1:1=-4; 
Previous 27: main:a0:1=0; main:a1:1=42; 
Previous 28: main:a0:1=-0; main:a1:1=-0; 
Previous 29: main:a0:1=0; main:a1:1=8; 
Previous 30: main:a0:1=6; main:a1:1=0; 
Previous 31: main:a0:1=0; main:a1:1=17; 
Previous 32: main:a0:1=0; main:a1:1=100; 
Previous 33: main:a0:1=0; main:a1:1=-5; 

Program:
extern int __VERIFIER_nondet_int(void);
/*
Commit Number: c44da115063bfea7ef8b2afd1c9d52737e2b7f70
URL: https://github.com/coreutils/coreutils/commit/c44da115063bfea7ef8b2afd1c9d52737e2b7f70
Project Name: coreutils
License: GPL3
termination: false

This program includes shift overflow : a1 << 31 and bit operation;
This program is non-terminating, when a0 =0 and a1 = 0.


*/

int main()
{
    int a0 = __VERIFIER_nondet_int();
    int a1 = __VERIFIER_nondet_int();
    while( ( a0 & 1 ) == 0)
    {
        a0 = ( a1 << 31 ) | ( a0 >> 1 );
        a1 = a1 >> 1;
    }
    return 0;
}

"
55,NT,"main:a0:1=4
main:a1:1=0
",,COMPLETED,T,false,,"You generate concrete values for nondeterministic inputs in a C/C++ program.
Your goal is to produce ONE complete assignment set that is likely to make the program not terminate.

Important rules:
1. Return a value for EVERY listed nondeterministic input ID.
2. Use each ID exactly once.
3. Respect the declared C/C++ type.
4. For an array, return the value as an array containing exactly the required number of elements.
5. For char arrays, each element must be exactly one character. Return the character itself without C single quotes.
6. Prefer small-magnitude values unless larger values are necessary to achieve the requested execution behavior.

Nondeterministic inputs:
- id: main:a0:1, type: int
- id: main:a1:1, type: int

Previously generated assignment sets are listed below. Generate a materially different set and do not duplicate any of them.
Previous 1: main:a0:1=1; main:a1:1=0; 
Previous 2: main:a0:1=2; main:a1:1=1; 
Previous 3: main:a0:1=3; main:a1:1=5; 
Previous 4: main:a0:1=5; main:a1:1=3; 
Previous 5: main:a0:1=4; main:a1:1=2; 
Previous 6: main:a0:1=7; main:a1:1=-1; 
Previous 7: main:a0:1=3; main:a1:1=0; 
Previous 8: main:a0:1=2; main:a1:1=0; 
Previous 9: main:a0:1=1; main:a1:1=4; 
Previous 10: main:a0:1=1; main:a1:1=1; 
Previous 11: main:a0:1=0; main:a1:1=0; 
Previous 12: main:a0:1=0; main:a1:1=-1; 
Previous 13: main:a0:1=0; main:a1:1=1; 
Previous 14: main:a0:1=0; main:a1:1=2; 
Previous 15: main:a0:1=0; main:a1:1=3; 
Previous 16: main:a0:1=8; main:a1:1=5; 
Previous 17: main:a0:1=0; main:a1:1=4; 
Previous 18: main:a0:1=0; main:a1:1=5; 
Previous 19: main:a0:1=0; main:a1:1=2147483647; 
Previous 20: main:a0:1=0; main:a1:1=10; 
Previous 21: main:a0:1=0; main:a1:1=-2; 
Previous 22: main:a0:1=0; main:a1:1=6; 
Previous 23: main:a0:1=0; main:a1:1=7; 
Previous 24: main:a0:1=0; main:a1:1=-3; 
Previous 25: main:a0:1=0; main:a1:1=-2147483648; 
Previous 26: main:a0:1=0; main:a1:1=-4; 
Previous 27: main:a0:1=0; main:a1:1=42; 
Previous 28: main:a0:1=-0; main:a1:1=-0; 
Previous 29: main:a0:1=0; main:a1:1=8; 
Previous 30: main:a0:1=6; main:a1:1=0; 
Previous 31: main:a0:1=0; main:a1:1=17; 
Previous 32: main:a0:1=0; main:a1:1=100; 
Previous 33: main:a0:1=0; main:a1:1=-5; 
Previous 34: main:a0:1=0; main:a1:1=9; 

Program:
extern int __VERIFIER_nondet_int(void);
/*
Commit Number: c44da115063bfea7ef8b2afd1c9d52737e2b7f70
URL: https://github.com/coreutils/coreutils/commit/c44da115063bfea7ef8b2afd1c9d52737e2b7f70
Project Name: coreutils
License: GPL3
termination: false

This program includes shift overflow : a1 << 31 and bit operation;
This program is non-terminating, when a0 =0 and a1 = 0.


*/

int main()
{
    int a0 = __VERIFIER_nondet_int();
    int a1 = __VERIFIER_nondet_int();
    while( ( a0 & 1 ) == 0)
    {
        a0 = ( a1 << 31 ) | ( a0 >> 1 );
        a1 = a1 >> 1;
    }
    return 0;
}

"
56,NT,"main:a0:1=0
main:a1:1=11
",,COMPLETED,T,false,,"You generate concrete values for nondeterministic inputs in a C/C++ program.
Your goal is to produce ONE complete assignment set that is likely to make the program not terminate.

Important rules:
1. Return a value for EVERY listed nondeterministic input ID.
2. Use each ID exactly once.
3. Respect the declared C/C++ type.
4. For an array, return the value as an array containing exactly the required number of elements.
5. For char arrays, each element must be exactly one character. Return the character itself without C single quotes.
6. Prefer small-magnitude values unless larger values are necessary to achieve the requested execution behavior.

Nondeterministic inputs:
- id: main:a0:1, type: int
- id: main:a1:1, type: int

Previously generated assignment sets are listed below. Generate a materially different set and do not duplicate any of them.
Previous 1: main:a0:1=1; main:a1:1=0; 
Previous 2: main:a0:1=2; main:a1:1=1; 
Previous 3: main:a0:1=3; main:a1:1=5; 
Previous 4: main:a0:1=5; main:a1:1=3; 
Previous 5: main:a0:1=4; main:a1:1=2; 
Previous 6: main:a0:1=7; main:a1:1=-1; 
Previous 7: main:a0:1=3; main:a1:1=0; 
Previous 8: main:a0:1=2; main:a1:1=0; 
Previous 9: main:a0:1=1; main:a1:1=4; 
Previous 10: main:a0:1=1; main:a1:1=1; 
Previous 11: main:a0:1=0; main:a1:1=0; 
Previous 12: main:a0:1=0; main:a1:1=-1; 
Previous 13: main:a0:1=0; main:a1:1=1; 
Previous 14: main:a0:1=0; main:a1:1=2; 
Previous 15: main:a0:1=0; main:a1:1=3; 
Previous 16: main:a0:1=8; main:a1:1=5; 
Previous 17: main:a0:1=0; main:a1:1=4; 
Previous 18: main:a0:1=0; main:a1:1=5; 
Previous 19: main:a0:1=0; main:a1:1=2147483647; 
Previous 20: main:a0:1=0; main:a1:1=10; 
Previous 21: main:a0:1=0; main:a1:1=-2; 
Previous 22: main:a0:1=0; main:a1:1=6; 
Previous 23: main:a0:1=0; main:a1:1=7; 
Previous 24: main:a0:1=0; main:a1:1=-3; 
Previous 25: main:a0:1=0; main:a1:1=-2147483648; 
Previous 26: main:a0:1=0; main:a1:1=-4; 
Previous 27: main:a0:1=0; main:a1:1=42; 
Previous 28: main:a0:1=-0; main:a1:1=-0; 
Previous 29: main:a0:1=0; main:a1:1=8; 
Previous 30: main:a0:1=6; main:a1:1=0; 
Previous 31: main:a0:1=0; main:a1:1=17; 
Previous 32: main:a0:1=0; main:a1:1=100; 
Previous 33: main:a0:1=0; main:a1:1=-5; 
Previous 34: main:a0:1=0; main:a1:1=9; 
Previous 35: main:a0:1=4; main:a1:1=0; 

Program:
extern int __VERIFIER_nondet_int(void);
/*
Commit Number: c44da115063bfea7ef8b2afd1c9d52737e2b7f70
URL: https://github.com/coreutils/coreutils/commit/c44da115063bfea7ef8b2afd1c9d52737e2b7f70
Project Name: coreutils
License: GPL3
termination: false

This program includes shift overflow : a1 << 31 and bit operation;
This program is non-terminating, when a0 =0 and a1 = 0.


*/

int main()
{
    int a0 = __VERIFIER_nondet_int();
    int a1 = __VERIFIER_nondet_int();
    while( ( a0 & 1 ) == 0)
    {
        a0 = ( a1 << 31 ) | ( a0 >> 1 );
        a1 = a1 >> 1;
    }
    return 0;
}

"
57,NT,"main:a0:1=0
main:a1:1=12
",,COMPLETED,T,false,,"You generate concrete values for nondeterministic inputs in a C/C++ program.
Your goal is to produce ONE complete assignment set that is likely to make the program not terminate.

Important rules:
1. Return a value for EVERY listed nondeterministic input ID.
2. Use each ID exactly once.
3. Respect the declared C/C++ type.
4. For an array, return the value as an array containing exactly the required number of elements.
5. For char arrays, each element must be exactly one character. Return the character itself without C single quotes.
6. Prefer small-magnitude values unless larger values are necessary to achieve the requested execution behavior.

Nondeterministic inputs:
- id: main:a0:1, type: int
- id: main:a1:1, type: int

Previously generated assignment sets are listed below. Generate a materially different set and do not duplicate any of them.
Previous 1: main:a0:1=1; main:a1:1=0; 
Previous 2: main:a0:1=2; main:a1:1=1; 
Previous 3: main:a0:1=3; main:a1:1=5; 
Previous 4: main:a0:1=5; main:a1:1=3; 
Previous 5: main:a0:1=4; main:a1:1=2; 
Previous 6: main:a0:1=7; main:a1:1=-1; 
Previous 7: main:a0:1=3; main:a1:1=0; 
Previous 8: main:a0:1=2; main:a1:1=0; 
Previous 9: main:a0:1=1; main:a1:1=4; 
Previous 10: main:a0:1=1; main:a1:1=1; 
Previous 11: main:a0:1=0; main:a1:1=0; 
Previous 12: main:a0:1=0; main:a1:1=-1; 
Previous 13: main:a0:1=0; main:a1:1=1; 
Previous 14: main:a0:1=0; main:a1:1=2; 
Previous 15: main:a0:1=0; main:a1:1=3; 
Previous 16: main:a0:1=8; main:a1:1=5; 
Previous 17: main:a0:1=0; main:a1:1=4; 
Previous 18: main:a0:1=0; main:a1:1=5; 
Previous 19: main:a0:1=0; main:a1:1=2147483647; 
Previous 20: main:a0:1=0; main:a1:1=10; 
Previous 21: main:a0:1=0; main:a1:1=-2; 
Previous 22: main:a0:1=0; main:a1:1=6; 
Previous 23: main:a0:1=0; main:a1:1=7; 
Previous 24: main:a0:1=0; main:a1:1=-3; 
Previous 25: main:a0:1=0; main:a1:1=-2147483648; 
Previous 26: main:a0:1=0; main:a1:1=-4; 
Previous 27: main:a0:1=0; main:a1:1=42; 
Previous 28: main:a0:1=-0; main:a1:1=-0; 
Previous 29: main:a0:1=0; main:a1:1=8; 
Previous 30: main:a0:1=6; main:a1:1=0; 
Previous 31: main:a0:1=0; main:a1:1=17; 
Previous 32: main:a0:1=0; main:a1:1=100; 
Previous 33: main:a0:1=0; main:a1:1=-5; 
Previous 34: main:a0:1=0; main:a1:1=9; 
Previous 35: main:a0:1=4; main:a1:1=0; 
Previous 36: main:a0:1=0; main:a1:1=11; 

Program:
extern int __VERIFIER_nondet_int(void);
/*
Commit Number: c44da115063bfea7ef8b2afd1c9d52737e2b7f70
URL: https://github.com/coreutils/coreutils/commit/c44da115063bfea7ef8b2afd1c9d52737e2b7f70
Project Name: coreutils
License: GPL3
termination: false

This program includes shift overflow : a1 << 31 and bit operation;
This program is non-terminating, when a0 =0 and a1 = 0.


*/

int main()
{
    int a0 = __VERIFIER_nondet_int();
    int a1 = __VERIFIER_nondet_int();
    while( ( a0 & 1 ) == 0)
    {
        a0 = ( a1 << 31 ) | ( a0 >> 1 );
        a1 = a1 >> 1;
    }
    return 0;
}

"
58,NT,"main:a0:1=0
main:a1:1=0
",,DUPLICATE,,false,,"You generate concrete values for nondeterministic inputs in a C/C++ program.
Your goal is to produce ONE complete assignment set that is likely to make the program not terminate.

Important rules:
1. Return a value for EVERY listed nondeterministic input ID.
2. Use each ID exactly once.
3. Respect the declared C/C++ type.
4. For an array, return the value as an array containing exactly the required number of elements.
5. For char arrays, each element must be exactly one character. Return the character itself without C single quotes.
6. Prefer small-magnitude values unless larger values are necessary to achieve the requested execution behavior.

Nondeterministic inputs:
- id: main:a0:1, type: int
- id: main:a1:1, type: int

Previously generated assignment sets are listed below. Generate a materially different set and do not duplicate any of them.
Previous 1: main:a0:1=1; main:a1:1=0; 
Previous 2: main:a0:1=2; main:a1:1=1; 
Previous 3: main:a0:1=3; main:a1:1=5; 
Previous 4: main:a0:1=5; main:a1:1=3; 
Previous 5: main:a0:1=4; main:a1:1=2; 
Previous 6: main:a0:1=7; main:a1:1=-1; 
Previous 7: main:a0:1=3; main:a1:1=0; 
Previous 8: main:a0:1=2; main:a1:1=0; 
Previous 9: main:a0:1=1; main:a1:1=4; 
Previous 10: main:a0:1=1; main:a1:1=1; 
Previous 11: main:a0:1=0; main:a1:1=0; 
Previous 12: main:a0:1=0; main:a1:1=-1; 
Previous 13: main:a0:1=0; main:a1:1=1; 
Previous 14: main:a0:1=0; main:a1:1=2; 
Previous 15: main:a0:1=0; main:a1:1=3; 
Previous 16: main:a0:1=8; main:a1:1=5; 
Previous 17: main:a0:1=0; main:a1:1=4; 
Previous 18: main:a0:1=0; main:a1:1=5; 
Previous 19: main:a0:1=0; main:a1:1=2147483647; 
Previous 20: main:a0:1=0; main:a1:1=10; 
Previous 21: main:a0:1=0; main:a1:1=-2; 
Previous 22: main:a0:1=0; main:a1:1=6; 
Previous 23: main:a0:1=0; main:a1:1=7; 
Previous 24: main:a0:1=0; main:a1:1=-3; 
Previous 25: main:a0:1=0; main:a1:1=-2147483648; 
Previous 26: main:a0:1=0; main:a1:1=-4; 
Previous 27: main:a0:1=0; main:a1:1=42; 
Previous 28: main:a0:1=-0; main:a1:1=-0; 
Previous 29: main:a0:1=0; main:a1:1=8; 
Previous 30: main:a0:1=6; main:a1:1=0; 
Previous 31: main:a0:1=0; main:a1:1=17; 
Previous 32: main:a0:1=0; main:a1:1=100; 
Previous 33: main:a0:1=0; main:a1:1=-5; 
Previous 34: main:a0:1=0; main:a1:1=9; 
Previous 35: main:a0:1=4; main:a1:1=0; 
Previous 36: main:a0:1=0; main:a1:1=11; 
Previous 37: main:a0:1=0; main:a1:1=12; 

Program:
extern int __VERIFIER_nondet_int(void);
/*
Commit Number: c44da115063bfea7ef8b2afd1c9d52737e2b7f70
URL: https://github.com/coreutils/coreutils/commit/c44da115063bfea7ef8b2afd1c9d52737e2b7f70
Project Name: coreutils
License: GPL3
termination: false

This program includes shift overflow : a1 << 31 and bit operation;
This program is non-terminating, when a0 =0 and a1 = 0.


*/

int main()
{
    int a0 = __VERIFIER_nondet_int();
    int a1 = __VERIFIER_nondet_int();
    while( ( a0 & 1 ) == 0)
    {
        a0 = ( a1 << 31 ) | ( a0 >> 1 );
        a1 = a1 >> 1;
    }
    return 0;
}

"
59,NT,"main:a0:1=0
main:a1:1=0
",,DUPLICATE,,false,,"You generate concrete values for nondeterministic inputs in a C/C++ program.
Your goal is to produce ONE complete assignment set that is likely to make the program not terminate.

Important rules:
1. Return a value for EVERY listed nondeterministic input ID.
2. Use each ID exactly once.
3. Respect the declared C/C++ type.
4. For an array, return the value as an array containing exactly the required number of elements.
5. For char arrays, each element must be exactly one character. Return the character itself without C single quotes.
6. Prefer small-magnitude values unless larger values are necessary to achieve the requested execution behavior.

Nondeterministic inputs:
- id: main:a0:1, type: int
- id: main:a1:1, type: int

Previously generated assignment sets are listed below. Generate a materially different set and do not duplicate any of them.
Previous 1: main:a0:1=1; main:a1:1=0; 
Previous 2: main:a0:1=2; main:a1:1=1; 
Previous 3: main:a0:1=3; main:a1:1=5; 
Previous 4: main:a0:1=5; main:a1:1=3; 
Previous 5: main:a0:1=4; main:a1:1=2; 
Previous 6: main:a0:1=7; main:a1:1=-1; 
Previous 7: main:a0:1=3; main:a1:1=0; 
Previous 8: main:a0:1=2; main:a1:1=0; 
Previous 9: main:a0:1=1; main:a1:1=4; 
Previous 10: main:a0:1=1; main:a1:1=1; 
Previous 11: main:a0:1=0; main:a1:1=0; 
Previous 12: main:a0:1=0; main:a1:1=-1; 
Previous 13: main:a0:1=0; main:a1:1=1; 
Previous 14: main:a0:1=0; main:a1:1=2; 
Previous 15: main:a0:1=0; main:a1:1=3; 
Previous 16: main:a0:1=8; main:a1:1=5; 
Previous 17: main:a0:1=0; main:a1:1=4; 
Previous 18: main:a0:1=0; main:a1:1=5; 
Previous 19: main:a0:1=0; main:a1:1=2147483647; 
Previous 20: main:a0:1=0; main:a1:1=10; 
Previous 21: main:a0:1=0; main:a1:1=-2; 
Previous 22: main:a0:1=0; main:a1:1=6; 
Previous 23: main:a0:1=0; main:a1:1=7; 
Previous 24: main:a0:1=0; main:a1:1=-3; 
Previous 25: main:a0:1=0; main:a1:1=-2147483648; 
Previous 26: main:a0:1=0; main:a1:1=-4; 
Previous 27: main:a0:1=0; main:a1:1=42; 
Previous 28: main:a0:1=-0; main:a1:1=-0; 
Previous 29: main:a0:1=0; main:a1:1=8; 
Previous 30: main:a0:1=6; main:a1:1=0; 
Previous 31: main:a0:1=0; main:a1:1=17; 
Previous 32: main:a0:1=0; main:a1:1=100; 
Previous 33: main:a0:1=0; main:a1:1=-5; 
Previous 34: main:a0:1=0; main:a1:1=9; 
Previous 35: main:a0:1=4; main:a1:1=0; 
Previous 36: main:a0:1=0; main:a1:1=11; 
Previous 37: main:a0:1=0; main:a1:1=12; 

Program:
extern int __VERIFIER_nondet_int(void);
/*
Commit Number: c44da115063bfea7ef8b2afd1c9d52737e2b7f70
URL: https://github.com/coreutils/coreutils/commit/c44da115063bfea7ef8b2afd1c9d52737e2b7f70
Project Name: coreutils
License: GPL3
termination: false

This program includes shift overflow : a1 << 31 and bit operation;
This program is non-terminating, when a0 =0 and a1 = 0.


*/

int main()
{
    int a0 = __VERIFIER_nondet_int();
    int a1 = __VERIFIER_nondet_int();
    while( ( a0 & 1 ) == 0)
    {
        a0 = ( a1 << 31 ) | ( a0 >> 1 );
        a1 = a1 >> 1;
    }
    return 0;
}

"
60,NT,"main:a0:1=0
main:a1:1=0
",,DUPLICATE,,false,,"You generate concrete values for nondeterministic inputs in a C/C++ program.
Your goal is to produce ONE complete assignment set that is likely to make the program not terminate.

Important rules:
1. Return a value for EVERY listed nondeterministic input ID.
2. Use each ID exactly once.
3. Respect the declared C/C++ type.
4. For an array, return the value as an array containing exactly the required number of elements.
5. For char arrays, each element must be exactly one character. Return the character itself without C single quotes.
6. Prefer small-magnitude values unless larger values are necessary to achieve the requested execution behavior.

Nondeterministic inputs:
- id: main:a0:1, type: int
- id: main:a1:1, type: int

Previously generated assignment sets are listed below. Generate a materially different set and do not duplicate any of them.
Previous 1: main:a0:1=1; main:a1:1=0; 
Previous 2: main:a0:1=2; main:a1:1=1; 
Previous 3: main:a0:1=3; main:a1:1=5; 
Previous 4: main:a0:1=5; main:a1:1=3; 
Previous 5: main:a0:1=4; main:a1:1=2; 
Previous 6: main:a0:1=7; main:a1:1=-1; 
Previous 7: main:a0:1=3; main:a1:1=0; 
Previous 8: main:a0:1=2; main:a1:1=0; 
Previous 9: main:a0:1=1; main:a1:1=4; 
Previous 10: main:a0:1=1; main:a1:1=1; 
Previous 11: main:a0:1=0; main:a1:1=0; 
Previous 12: main:a0:1=0; main:a1:1=-1; 
Previous 13: main:a0:1=0; main:a1:1=1; 
Previous 14: main:a0:1=0; main:a1:1=2; 
Previous 15: main:a0:1=0; main:a1:1=3; 
Previous 16: main:a0:1=8; main:a1:1=5; 
Previous 17: main:a0:1=0; main:a1:1=4; 
Previous 18: main:a0:1=0; main:a1:1=5; 
Previous 19: main:a0:1=0; main:a1:1=2147483647; 
Previous 20: main:a0:1=0; main:a1:1=10; 
Previous 21: main:a0:1=0; main:a1:1=-2; 
Previous 22: main:a0:1=0; main:a1:1=6; 
Previous 23: main:a0:1=0; main:a1:1=7; 
Previous 24: main:a0:1=0; main:a1:1=-3; 
Previous 25: main:a0:1=0; main:a1:1=-2147483648; 
Previous 26: main:a0:1=0; main:a1:1=-4; 
Previous 27: main:a0:1=0; main:a1:1=42; 
Previous 28: main:a0:1=-0; main:a1:1=-0; 
Previous 29: main:a0:1=0; main:a1:1=8; 
Previous 30: main:a0:1=6; main:a1:1=0; 
Previous 31: main:a0:1=0; main:a1:1=17; 
Previous 32: main:a0:1=0; main:a1:1=100; 
Previous 33: main:a0:1=0; main:a1:1=-5; 
Previous 34: main:a0:1=0; main:a1:1=9; 
Previous 35: main:a0:1=4; main:a1:1=0; 
Previous 36: main:a0:1=0; main:a1:1=11; 
Previous 37: main:a0:1=0; main:a1:1=12; 

Program:
extern int __VERIFIER_nondet_int(void);
/*
Commit Number: c44da115063bfea7ef8b2afd1c9d52737e2b7f70
URL: https://github.com/coreutils/coreutils/commit/c44da115063bfea7ef8b2afd1c9d52737e2b7f70
Project Name: coreutils
License: GPL3
termination: false

This program includes shift overflow : a1 << 31 and bit operation;
This program is non-terminating, when a0 =0 and a1 = 0.


*/

int main()
{
    int a0 = __VERIFIER_nondet_int();
    int a1 = __VERIFIER_nondet_int();
    while( ( a0 & 1 ) == 0)
    {
        a0 = ( a1 << 31 ) | ( a0 >> 1 );
        a1 = a1 >> 1;
    }
    return 0;
}

"
