Candidate,Target,Assignments,ProgramPath,ExecutionResult,Label,Accepted,Error,Prompt
1,T,"main:ROWNO:1=1
main:COLNO:1=1
main:num:1=1
",/home/quasar/Documents/FocusTNT/results_InputGeneration/FSE/loop/Missing_Corner-case_Handling_3_NT/input_generator_artifacts/generated_programs/Missing_Corner-case_Handling_3_NT_TestCase1.c,COMPLETED,T,true,,"You generate concrete values for nondeterministic inputs in a C/C++ program.
Your goal is to produce ONE complete assignment set that is likely to make the program terminate.

Important rules:
1. Return a value for EVERY listed nondeterministic input ID.
2. Use each ID exactly once.
3. Respect the declared C/C++ type.
4. For an array, return the value as an array containing exactly the required number of elements.
5. For char arrays, each element must be exactly one character. Return the character itself without C single quotes.
6. Prefer small-magnitude values unless larger values are necessary to achieve the requested execution behavior.

Nondeterministic inputs:
- id: main:ROWNO:1, type: int
- id: main:COLNO:1, type: int
- id: main:num:1, type: int

Program:
extern int __VERIFIER_nondet_int(void);
/*

Commit Number: fad2eab749cce970fa87fa46186218b2dfe1adc1
URL: https://github.com/NetHack/NetHack/commit/fad2eab749cce970fa87fa46186218b2dfe1adc1
Project Name: NetHack
License: https://github.com/NetHack/NetHack/commit/60df7b2d3b73900481814084be027375b5888765
termination: FALSE

*/
int main()
{
    int ROWNO = __VERIFIER_nondet_int();
    int COLNO = __VERIFIER_nondet_int();
    if( ROWNO <= 0 || COLNO <= 0 || ROWNO > 65534 || COLNO > 65534 )
        return 0;
    int levl[ROWNO][COLNO];
    for( int i = 0 ; i < ROWNO ; i++ )
    {
        for( int j = 0 ; j < COLNO ; j++ )
        {
            int num = __VERIFIER_nondet_int();
            if( num > 0 )
                num = -num;
            levl[i][j] = num % 4;
        }
    }
    int STONE = 0;
    int found = 0;
    for( int xmin = 0; !found ; xmin++ )
    {
        for( int y = 0 ; y <= COLNO - 1; y++ )
        {
            if( levl[xmin][y] != STONE )
                found = 1;
        }
    }
    return 0;
}

"
2,T,"main:ROWNO:1=3
main:COLNO:1=2
main:num:1=5
",/home/quasar/Documents/FocusTNT/results_InputGeneration/FSE/loop/Missing_Corner-case_Handling_3_NT/input_generator_artifacts/generated_programs/Missing_Corner-case_Handling_3_NT_TestCase2.c,COMPLETED,T,true,,"You generate concrete values for nondeterministic inputs in a C/C++ program.
Your goal is to produce ONE complete assignment set that is likely to make the program terminate.

Important rules:
1. Return a value for EVERY listed nondeterministic input ID.
2. Use each ID exactly once.
3. Respect the declared C/C++ type.
4. For an array, return the value as an array containing exactly the required number of elements.
5. For char arrays, each element must be exactly one character. Return the character itself without C single quotes.
6. Prefer small-magnitude values unless larger values are necessary to achieve the requested execution behavior.

Nondeterministic inputs:
- id: main:ROWNO:1, type: int
- id: main:COLNO:1, type: int
- id: main:num:1, type: int

Previously generated assignment sets are listed below. Generate a materially different set and do not duplicate any of them.
Previous 1: main:ROWNO:1=1; main:COLNO:1=1; main:num:1=1; 

Program:
extern int __VERIFIER_nondet_int(void);
/*

Commit Number: fad2eab749cce970fa87fa46186218b2dfe1adc1
URL: https://github.com/NetHack/NetHack/commit/fad2eab749cce970fa87fa46186218b2dfe1adc1
Project Name: NetHack
License: https://github.com/NetHack/NetHack/commit/60df7b2d3b73900481814084be027375b5888765
termination: FALSE

*/
int main()
{
    int ROWNO = __VERIFIER_nondet_int();
    int COLNO = __VERIFIER_nondet_int();
    if( ROWNO <= 0 || COLNO <= 0 || ROWNO > 65534 || COLNO > 65534 )
        return 0;
    int levl[ROWNO][COLNO];
    for( int i = 0 ; i < ROWNO ; i++ )
    {
        for( int j = 0 ; j < COLNO ; j++ )
        {
            int num = __VERIFIER_nondet_int();
            if( num > 0 )
                num = -num;
            levl[i][j] = num % 4;
        }
    }
    int STONE = 0;
    int found = 0;
    for( int xmin = 0; !found ; xmin++ )
    {
        for( int y = 0 ; y <= COLNO - 1; y++ )
        {
            if( levl[xmin][y] != STONE )
                found = 1;
        }
    }
    return 0;
}

"
3,T,"main:ROWNO:1=2
main:COLNO:1=3
main:num:1=1
",/home/quasar/Documents/FocusTNT/results_InputGeneration/FSE/loop/Missing_Corner-case_Handling_3_NT/input_generator_artifacts/generated_programs/Missing_Corner-case_Handling_3_NT_TestCase3.c,COMPLETED,T,true,,"You generate concrete values for nondeterministic inputs in a C/C++ program.
Your goal is to produce ONE complete assignment set that is likely to make the program terminate.

Important rules:
1. Return a value for EVERY listed nondeterministic input ID.
2. Use each ID exactly once.
3. Respect the declared C/C++ type.
4. For an array, return the value as an array containing exactly the required number of elements.
5. For char arrays, each element must be exactly one character. Return the character itself without C single quotes.
6. Prefer small-magnitude values unless larger values are necessary to achieve the requested execution behavior.

Nondeterministic inputs:
- id: main:ROWNO:1, type: int
- id: main:COLNO:1, type: int
- id: main:num:1, type: int

Previously generated assignment sets are listed below. Generate a materially different set and do not duplicate any of them.
Previous 1: main:ROWNO:1=1; main:COLNO:1=1; main:num:1=1; 
Previous 2: main:ROWNO:1=3; main:COLNO:1=2; main:num:1=5; 

Program:
extern int __VERIFIER_nondet_int(void);
/*

Commit Number: fad2eab749cce970fa87fa46186218b2dfe1adc1
URL: https://github.com/NetHack/NetHack/commit/fad2eab749cce970fa87fa46186218b2dfe1adc1
Project Name: NetHack
License: https://github.com/NetHack/NetHack/commit/60df7b2d3b73900481814084be027375b5888765
termination: FALSE

*/
int main()
{
    int ROWNO = __VERIFIER_nondet_int();
    int COLNO = __VERIFIER_nondet_int();
    if( ROWNO <= 0 || COLNO <= 0 || ROWNO > 65534 || COLNO > 65534 )
        return 0;
    int levl[ROWNO][COLNO];
    for( int i = 0 ; i < ROWNO ; i++ )
    {
        for( int j = 0 ; j < COLNO ; j++ )
        {
            int num = __VERIFIER_nondet_int();
            if( num > 0 )
                num = -num;
            levl[i][j] = num % 4;
        }
    }
    int STONE = 0;
    int found = 0;
    for( int xmin = 0; !found ; xmin++ )
    {
        for( int y = 0 ; y <= COLNO - 1; y++ )
        {
            if( levl[xmin][y] != STONE )
                found = 1;
        }
    }
    return 0;
}

"
4,T,"main:ROWNO:1=4
main:COLNO:1=3
main:num:1=1
",/home/quasar/Documents/FocusTNT/results_InputGeneration/FSE/loop/Missing_Corner-case_Handling_3_NT/input_generator_artifacts/generated_programs/Missing_Corner-case_Handling_3_NT_TestCase4.c,COMPLETED,T,true,,"You generate concrete values for nondeterministic inputs in a C/C++ program.
Your goal is to produce ONE complete assignment set that is likely to make the program terminate.

Important rules:
1. Return a value for EVERY listed nondeterministic input ID.
2. Use each ID exactly once.
3. Respect the declared C/C++ type.
4. For an array, return the value as an array containing exactly the required number of elements.
5. For char arrays, each element must be exactly one character. Return the character itself without C single quotes.
6. Prefer small-magnitude values unless larger values are necessary to achieve the requested execution behavior.

Nondeterministic inputs:
- id: main:ROWNO:1, type: int
- id: main:COLNO:1, type: int
- id: main:num:1, type: int

Previously generated assignment sets are listed below. Generate a materially different set and do not duplicate any of them.
Previous 1: main:ROWNO:1=1; main:COLNO:1=1; main:num:1=1; 
Previous 2: main:ROWNO:1=3; main:COLNO:1=2; main:num:1=5; 
Previous 3: main:ROWNO:1=2; main:COLNO:1=3; main:num:1=1; 

Program:
extern int __VERIFIER_nondet_int(void);
/*

Commit Number: fad2eab749cce970fa87fa46186218b2dfe1adc1
URL: https://github.com/NetHack/NetHack/commit/fad2eab749cce970fa87fa46186218b2dfe1adc1
Project Name: NetHack
License: https://github.com/NetHack/NetHack/commit/60df7b2d3b73900481814084be027375b5888765
termination: FALSE

*/
int main()
{
    int ROWNO = __VERIFIER_nondet_int();
    int COLNO = __VERIFIER_nondet_int();
    if( ROWNO <= 0 || COLNO <= 0 || ROWNO > 65534 || COLNO > 65534 )
        return 0;
    int levl[ROWNO][COLNO];
    for( int i = 0 ; i < ROWNO ; i++ )
    {
        for( int j = 0 ; j < COLNO ; j++ )
        {
            int num = __VERIFIER_nondet_int();
            if( num > 0 )
                num = -num;
            levl[i][j] = num % 4;
        }
    }
    int STONE = 0;
    int found = 0;
    for( int xmin = 0; !found ; xmin++ )
    {
        for( int y = 0 ; y <= COLNO - 1; y++ )
        {
            if( levl[xmin][y] != STONE )
                found = 1;
        }
    }
    return 0;
}

"
5,T,"main:ROWNO:1=5
main:COLNO:1=5
main:num:1=3
",/home/quasar/Documents/FocusTNT/results_InputGeneration/FSE/loop/Missing_Corner-case_Handling_3_NT/input_generator_artifacts/generated_programs/Missing_Corner-case_Handling_3_NT_TestCase5.c,COMPLETED,T,true,,"You generate concrete values for nondeterministic inputs in a C/C++ program.
Your goal is to produce ONE complete assignment set that is likely to make the program terminate.

Important rules:
1. Return a value for EVERY listed nondeterministic input ID.
2. Use each ID exactly once.
3. Respect the declared C/C++ type.
4. For an array, return the value as an array containing exactly the required number of elements.
5. For char arrays, each element must be exactly one character. Return the character itself without C single quotes.
6. Prefer small-magnitude values unless larger values are necessary to achieve the requested execution behavior.

Nondeterministic inputs:
- id: main:ROWNO:1, type: int
- id: main:COLNO:1, type: int
- id: main:num:1, type: int

Previously generated assignment sets are listed below. Generate a materially different set and do not duplicate any of them.
Previous 1: main:ROWNO:1=1; main:COLNO:1=1; main:num:1=1; 
Previous 2: main:ROWNO:1=3; main:COLNO:1=2; main:num:1=5; 
Previous 3: main:ROWNO:1=2; main:COLNO:1=3; main:num:1=1; 
Previous 4: main:ROWNO:1=4; main:COLNO:1=3; main:num:1=1; 

Program:
extern int __VERIFIER_nondet_int(void);
/*

Commit Number: fad2eab749cce970fa87fa46186218b2dfe1adc1
URL: https://github.com/NetHack/NetHack/commit/fad2eab749cce970fa87fa46186218b2dfe1adc1
Project Name: NetHack
License: https://github.com/NetHack/NetHack/commit/60df7b2d3b73900481814084be027375b5888765
termination: FALSE

*/
int main()
{
    int ROWNO = __VERIFIER_nondet_int();
    int COLNO = __VERIFIER_nondet_int();
    if( ROWNO <= 0 || COLNO <= 0 || ROWNO > 65534 || COLNO > 65534 )
        return 0;
    int levl[ROWNO][COLNO];
    for( int i = 0 ; i < ROWNO ; i++ )
    {
        for( int j = 0 ; j < COLNO ; j++ )
        {
            int num = __VERIFIER_nondet_int();
            if( num > 0 )
                num = -num;
            levl[i][j] = num % 4;
        }
    }
    int STONE = 0;
    int found = 0;
    for( int xmin = 0; !found ; xmin++ )
    {
        for( int y = 0 ; y <= COLNO - 1; y++ )
        {
            if( levl[xmin][y] != STONE )
                found = 1;
        }
    }
    return 0;
}

"
6,T,"main:ROWNO:1=+2
main:COLNO:1=2
main:num:1=-1
",/home/quasar/Documents/FocusTNT/results_InputGeneration/FSE/loop/Missing_Corner-case_Handling_3_NT/input_generator_artifacts/generated_programs/Missing_Corner-case_Handling_3_NT_TestCase6.c,COMPLETED,T,true,,"You generate concrete values for nondeterministic inputs in a C/C++ program.
Your goal is to produce ONE complete assignment set that is likely to make the program terminate.

Important rules:
1. Return a value for EVERY listed nondeterministic input ID.
2. Use each ID exactly once.
3. Respect the declared C/C++ type.
4. For an array, return the value as an array containing exactly the required number of elements.
5. For char arrays, each element must be exactly one character. Return the character itself without C single quotes.
6. Prefer small-magnitude values unless larger values are necessary to achieve the requested execution behavior.

Nondeterministic inputs:
- id: main:ROWNO:1, type: int
- id: main:COLNO:1, type: int
- id: main:num:1, type: int

Previously generated assignment sets are listed below. Generate a materially different set and do not duplicate any of them.
Previous 1: main:ROWNO:1=1; main:COLNO:1=1; main:num:1=1; 
Previous 2: main:ROWNO:1=3; main:COLNO:1=2; main:num:1=5; 
Previous 3: main:ROWNO:1=2; main:COLNO:1=3; main:num:1=1; 
Previous 4: main:ROWNO:1=4; main:COLNO:1=3; main:num:1=1; 
Previous 5: main:ROWNO:1=5; main:COLNO:1=5; main:num:1=3; 

Program:
extern int __VERIFIER_nondet_int(void);
/*

Commit Number: fad2eab749cce970fa87fa46186218b2dfe1adc1
URL: https://github.com/NetHack/NetHack/commit/fad2eab749cce970fa87fa46186218b2dfe1adc1
Project Name: NetHack
License: https://github.com/NetHack/NetHack/commit/60df7b2d3b73900481814084be027375b5888765
termination: FALSE

*/
int main()
{
    int ROWNO = __VERIFIER_nondet_int();
    int COLNO = __VERIFIER_nondet_int();
    if( ROWNO <= 0 || COLNO <= 0 || ROWNO > 65534 || COLNO > 65534 )
        return 0;
    int levl[ROWNO][COLNO];
    for( int i = 0 ; i < ROWNO ; i++ )
    {
        for( int j = 0 ; j < COLNO ; j++ )
        {
            int num = __VERIFIER_nondet_int();
            if( num > 0 )
                num = -num;
            levl[i][j] = num % 4;
        }
    }
    int STONE = 0;
    int found = 0;
    for( int xmin = 0; !found ; xmin++ )
    {
        for( int y = 0 ; y <= COLNO - 1; y++ )
        {
            if( levl[xmin][y] != STONE )
                found = 1;
        }
    }
    return 0;
}

"
7,T,"main:ROWNO:1=2
main:COLNO:1=3
main:num:1=-3
",/home/quasar/Documents/FocusTNT/results_InputGeneration/FSE/loop/Missing_Corner-case_Handling_3_NT/input_generator_artifacts/generated_programs/Missing_Corner-case_Handling_3_NT_TestCase7.c,COMPLETED,T,true,,"You generate concrete values for nondeterministic inputs in a C/C++ program.
Your goal is to produce ONE complete assignment set that is likely to make the program terminate.

Important rules:
1. Return a value for EVERY listed nondeterministic input ID.
2. Use each ID exactly once.
3. Respect the declared C/C++ type.
4. For an array, return the value as an array containing exactly the required number of elements.
5. For char arrays, each element must be exactly one character. Return the character itself without C single quotes.
6. Prefer small-magnitude values unless larger values are necessary to achieve the requested execution behavior.

Nondeterministic inputs:
- id: main:ROWNO:1, type: int
- id: main:COLNO:1, type: int
- id: main:num:1, type: int

Previously generated assignment sets are listed below. Generate a materially different set and do not duplicate any of them.
Previous 1: main:ROWNO:1=1; main:COLNO:1=1; main:num:1=1; 
Previous 2: main:ROWNO:1=3; main:COLNO:1=2; main:num:1=5; 
Previous 3: main:ROWNO:1=2; main:COLNO:1=3; main:num:1=1; 
Previous 4: main:ROWNO:1=4; main:COLNO:1=3; main:num:1=1; 
Previous 5: main:ROWNO:1=5; main:COLNO:1=5; main:num:1=3; 
Previous 6: main:ROWNO:1=+2; main:COLNO:1=2; main:num:1=-1; 

Program:
extern int __VERIFIER_nondet_int(void);
/*

Commit Number: fad2eab749cce970fa87fa46186218b2dfe1adc1
URL: https://github.com/NetHack/NetHack/commit/fad2eab749cce970fa87fa46186218b2dfe1adc1
Project Name: NetHack
License: https://github.com/NetHack/NetHack/commit/60df7b2d3b73900481814084be027375b5888765
termination: FALSE

*/
int main()
{
    int ROWNO = __VERIFIER_nondet_int();
    int COLNO = __VERIFIER_nondet_int();
    if( ROWNO <= 0 || COLNO <= 0 || ROWNO > 65534 || COLNO > 65534 )
        return 0;
    int levl[ROWNO][COLNO];
    for( int i = 0 ; i < ROWNO ; i++ )
    {
        for( int j = 0 ; j < COLNO ; j++ )
        {
            int num = __VERIFIER_nondet_int();
            if( num > 0 )
                num = -num;
            levl[i][j] = num % 4;
        }
    }
    int STONE = 0;
    int found = 0;
    for( int xmin = 0; !found ; xmin++ )
    {
        for( int y = 0 ; y <= COLNO - 1; y++ )
        {
            if( levl[xmin][y] != STONE )
                found = 1;
        }
    }
    return 0;
}

"
8,T,"main:ROWNO:1=2
main:COLNO:1=2
main:num:1=1
",/home/quasar/Documents/FocusTNT/results_InputGeneration/FSE/loop/Missing_Corner-case_Handling_3_NT/input_generator_artifacts/generated_programs/Missing_Corner-case_Handling_3_NT_TestCase8.c,COMPLETED,T,true,,"You generate concrete values for nondeterministic inputs in a C/C++ program.
Your goal is to produce ONE complete assignment set that is likely to make the program terminate.

Important rules:
1. Return a value for EVERY listed nondeterministic input ID.
2. Use each ID exactly once.
3. Respect the declared C/C++ type.
4. For an array, return the value as an array containing exactly the required number of elements.
5. For char arrays, each element must be exactly one character. Return the character itself without C single quotes.
6. Prefer small-magnitude values unless larger values are necessary to achieve the requested execution behavior.

Nondeterministic inputs:
- id: main:ROWNO:1, type: int
- id: main:COLNO:1, type: int
- id: main:num:1, type: int

Previously generated assignment sets are listed below. Generate a materially different set and do not duplicate any of them.
Previous 1: main:ROWNO:1=1; main:COLNO:1=1; main:num:1=1; 
Previous 2: main:ROWNO:1=3; main:COLNO:1=2; main:num:1=5; 
Previous 3: main:ROWNO:1=2; main:COLNO:1=3; main:num:1=1; 
Previous 4: main:ROWNO:1=4; main:COLNO:1=3; main:num:1=1; 
Previous 5: main:ROWNO:1=5; main:COLNO:1=5; main:num:1=3; 
Previous 6: main:ROWNO:1=+2; main:COLNO:1=2; main:num:1=-1; 
Previous 7: main:ROWNO:1=2; main:COLNO:1=3; main:num:1=-3; 

Program:
extern int __VERIFIER_nondet_int(void);
/*

Commit Number: fad2eab749cce970fa87fa46186218b2dfe1adc1
URL: https://github.com/NetHack/NetHack/commit/fad2eab749cce970fa87fa46186218b2dfe1adc1
Project Name: NetHack
License: https://github.com/NetHack/NetHack/commit/60df7b2d3b73900481814084be027375b5888765
termination: FALSE

*/
int main()
{
    int ROWNO = __VERIFIER_nondet_int();
    int COLNO = __VERIFIER_nondet_int();
    if( ROWNO <= 0 || COLNO <= 0 || ROWNO > 65534 || COLNO > 65534 )
        return 0;
    int levl[ROWNO][COLNO];
    for( int i = 0 ; i < ROWNO ; i++ )
    {
        for( int j = 0 ; j < COLNO ; j++ )
        {
            int num = __VERIFIER_nondet_int();
            if( num > 0 )
                num = -num;
            levl[i][j] = num % 4;
        }
    }
    int STONE = 0;
    int found = 0;
    for( int xmin = 0; !found ; xmin++ )
    {
        for( int y = 0 ; y <= COLNO - 1; y++ )
        {
            if( levl[xmin][y] != STONE )
                found = 1;
        }
    }
    return 0;
}

"
9,T,"main:ROWNO:1=7
main:COLNO:1=8
main:num:1=-1
",/home/quasar/Documents/FocusTNT/results_InputGeneration/FSE/loop/Missing_Corner-case_Handling_3_NT/input_generator_artifacts/generated_programs/Missing_Corner-case_Handling_3_NT_TestCase9.c,COMPLETED,T,true,,"You generate concrete values for nondeterministic inputs in a C/C++ program.
Your goal is to produce ONE complete assignment set that is likely to make the program terminate.

Important rules:
1. Return a value for EVERY listed nondeterministic input ID.
2. Use each ID exactly once.
3. Respect the declared C/C++ type.
4. For an array, return the value as an array containing exactly the required number of elements.
5. For char arrays, each element must be exactly one character. Return the character itself without C single quotes.
6. Prefer small-magnitude values unless larger values are necessary to achieve the requested execution behavior.

Nondeterministic inputs:
- id: main:ROWNO:1, type: int
- id: main:COLNO:1, type: int
- id: main:num:1, type: int

Previously generated assignment sets are listed below. Generate a materially different set and do not duplicate any of them.
Previous 1: main:ROWNO:1=1; main:COLNO:1=1; main:num:1=1; 
Previous 2: main:ROWNO:1=3; main:COLNO:1=2; main:num:1=5; 
Previous 3: main:ROWNO:1=2; main:COLNO:1=3; main:num:1=1; 
Previous 4: main:ROWNO:1=4; main:COLNO:1=3; main:num:1=1; 
Previous 5: main:ROWNO:1=5; main:COLNO:1=5; main:num:1=3; 
Previous 6: main:ROWNO:1=+2; main:COLNO:1=2; main:num:1=-1; 
Previous 7: main:ROWNO:1=2; main:COLNO:1=3; main:num:1=-3; 
Previous 8: main:ROWNO:1=2; main:COLNO:1=2; main:num:1=1; 

Program:
extern int __VERIFIER_nondet_int(void);
/*

Commit Number: fad2eab749cce970fa87fa46186218b2dfe1adc1
URL: https://github.com/NetHack/NetHack/commit/fad2eab749cce970fa87fa46186218b2dfe1adc1
Project Name: NetHack
License: https://github.com/NetHack/NetHack/commit/60df7b2d3b73900481814084be027375b5888765
termination: FALSE

*/
int main()
{
    int ROWNO = __VERIFIER_nondet_int();
    int COLNO = __VERIFIER_nondet_int();
    if( ROWNO <= 0 || COLNO <= 0 || ROWNO > 65534 || COLNO > 65534 )
        return 0;
    int levl[ROWNO][COLNO];
    for( int i = 0 ; i < ROWNO ; i++ )
    {
        for( int j = 0 ; j < COLNO ; j++ )
        {
            int num = __VERIFIER_nondet_int();
            if( num > 0 )
                num = -num;
            levl[i][j] = num % 4;
        }
    }
    int STONE = 0;
    int found = 0;
    for( int xmin = 0; !found ; xmin++ )
    {
        for( int y = 0 ; y <= COLNO - 1; y++ )
        {
            if( levl[xmin][y] != STONE )
                found = 1;
        }
    }
    return 0;
}

"
10,T,"main:ROWNO:1=3
main:COLNO:1=4
main:num:1=7
",/home/quasar/Documents/FocusTNT/results_InputGeneration/FSE/loop/Missing_Corner-case_Handling_3_NT/input_generator_artifacts/generated_programs/Missing_Corner-case_Handling_3_NT_TestCase10.c,COMPLETED,T,true,,"You generate concrete values for nondeterministic inputs in a C/C++ program.
Your goal is to produce ONE complete assignment set that is likely to make the program terminate.

Important rules:
1. Return a value for EVERY listed nondeterministic input ID.
2. Use each ID exactly once.
3. Respect the declared C/C++ type.
4. For an array, return the value as an array containing exactly the required number of elements.
5. For char arrays, each element must be exactly one character. Return the character itself without C single quotes.
6. Prefer small-magnitude values unless larger values are necessary to achieve the requested execution behavior.

Nondeterministic inputs:
- id: main:ROWNO:1, type: int
- id: main:COLNO:1, type: int
- id: main:num:1, type: int

Previously generated assignment sets are listed below. Generate a materially different set and do not duplicate any of them.
Previous 1: main:ROWNO:1=1; main:COLNO:1=1; main:num:1=1; 
Previous 2: main:ROWNO:1=3; main:COLNO:1=2; main:num:1=5; 
Previous 3: main:ROWNO:1=2; main:COLNO:1=3; main:num:1=1; 
Previous 4: main:ROWNO:1=4; main:COLNO:1=3; main:num:1=1; 
Previous 5: main:ROWNO:1=5; main:COLNO:1=5; main:num:1=3; 
Previous 6: main:ROWNO:1=+2; main:COLNO:1=2; main:num:1=-1; 
Previous 7: main:ROWNO:1=2; main:COLNO:1=3; main:num:1=-3; 
Previous 8: main:ROWNO:1=2; main:COLNO:1=2; main:num:1=1; 
Previous 9: main:ROWNO:1=7; main:COLNO:1=8; main:num:1=-1; 

Program:
extern int __VERIFIER_nondet_int(void);
/*

Commit Number: fad2eab749cce970fa87fa46186218b2dfe1adc1
URL: https://github.com/NetHack/NetHack/commit/fad2eab749cce970fa87fa46186218b2dfe1adc1
Project Name: NetHack
License: https://github.com/NetHack/NetHack/commit/60df7b2d3b73900481814084be027375b5888765
termination: FALSE

*/
int main()
{
    int ROWNO = __VERIFIER_nondet_int();
    int COLNO = __VERIFIER_nondet_int();
    if( ROWNO <= 0 || COLNO <= 0 || ROWNO > 65534 || COLNO > 65534 )
        return 0;
    int levl[ROWNO][COLNO];
    for( int i = 0 ; i < ROWNO ; i++ )
    {
        for( int j = 0 ; j < COLNO ; j++ )
        {
            int num = __VERIFIER_nondet_int();
            if( num > 0 )
                num = -num;
            levl[i][j] = num % 4;
        }
    }
    int STONE = 0;
    int found = 0;
    for( int xmin = 0; !found ; xmin++ )
    {
        for( int y = 0 ; y <= COLNO - 1; y++ )
        {
            if( levl[xmin][y] != STONE )
                found = 1;
        }
    }
    return 0;
}

"
11,NT,"main:ROWNO:1=10
main:COLNO:1=10
main:num:1=4
",,COMPLETED,T,false,,"You generate concrete values for nondeterministic inputs in a C/C++ program.
Your goal is to produce ONE complete assignment set that is likely to make the program not terminate.

Important rules:
1. Return a value for EVERY listed nondeterministic input ID.
2. Use each ID exactly once.
3. Respect the declared C/C++ type.
4. For an array, return the value as an array containing exactly the required number of elements.
5. For char arrays, each element must be exactly one character. Return the character itself without C single quotes.
6. Prefer small-magnitude values unless larger values are necessary to achieve the requested execution behavior.

Nondeterministic inputs:
- id: main:ROWNO:1, type: int
- id: main:COLNO:1, type: int
- id: main:num:1, type: int

Previously generated assignment sets are listed below. Generate a materially different set and do not duplicate any of them.
Previous 1: main:ROWNO:1=1; main:COLNO:1=1; main:num:1=1; 
Previous 2: main:ROWNO:1=3; main:COLNO:1=2; main:num:1=5; 
Previous 3: main:ROWNO:1=2; main:COLNO:1=3; main:num:1=1; 
Previous 4: main:ROWNO:1=4; main:COLNO:1=3; main:num:1=1; 
Previous 5: main:ROWNO:1=5; main:COLNO:1=5; main:num:1=3; 
Previous 6: main:ROWNO:1=+2; main:COLNO:1=2; main:num:1=-1; 
Previous 7: main:ROWNO:1=2; main:COLNO:1=3; main:num:1=-3; 
Previous 8: main:ROWNO:1=2; main:COLNO:1=2; main:num:1=1; 
Previous 9: main:ROWNO:1=7; main:COLNO:1=8; main:num:1=-1; 
Previous 10: main:ROWNO:1=3; main:COLNO:1=4; main:num:1=7; 

Program:
extern int __VERIFIER_nondet_int(void);
/*

Commit Number: fad2eab749cce970fa87fa46186218b2dfe1adc1
URL: https://github.com/NetHack/NetHack/commit/fad2eab749cce970fa87fa46186218b2dfe1adc1
Project Name: NetHack
License: https://github.com/NetHack/NetHack/commit/60df7b2d3b73900481814084be027375b5888765
termination: FALSE

*/
int main()
{
    int ROWNO = __VERIFIER_nondet_int();
    int COLNO = __VERIFIER_nondet_int();
    if( ROWNO <= 0 || COLNO <= 0 || ROWNO > 65534 || COLNO > 65534 )
        return 0;
    int levl[ROWNO][COLNO];
    for( int i = 0 ; i < ROWNO ; i++ )
    {
        for( int j = 0 ; j < COLNO ; j++ )
        {
            int num = __VERIFIER_nondet_int();
            if( num > 0 )
                num = -num;
            levl[i][j] = num % 4;
        }
    }
    int STONE = 0;
    int found = 0;
    for( int xmin = 0; !found ; xmin++ )
    {
        for( int y = 0 ; y <= COLNO - 1; y++ )
        {
            if( levl[xmin][y] != STONE )
                found = 1;
        }
    }
    return 0;
}

"
12,NT,"main:ROWNO:1=1
main:COLNO:1=1
main:num:1=0
",,COMPLETED,T,false,,"You generate concrete values for nondeterministic inputs in a C/C++ program.
Your goal is to produce ONE complete assignment set that is likely to make the program not terminate.

Important rules:
1. Return a value for EVERY listed nondeterministic input ID.
2. Use each ID exactly once.
3. Respect the declared C/C++ type.
4. For an array, return the value as an array containing exactly the required number of elements.
5. For char arrays, each element must be exactly one character. Return the character itself without C single quotes.
6. Prefer small-magnitude values unless larger values are necessary to achieve the requested execution behavior.

Nondeterministic inputs:
- id: main:ROWNO:1, type: int
- id: main:COLNO:1, type: int
- id: main:num:1, type: int

Previously generated assignment sets are listed below. Generate a materially different set and do not duplicate any of them.
Previous 1: main:ROWNO:1=1; main:COLNO:1=1; main:num:1=1; 
Previous 2: main:ROWNO:1=3; main:COLNO:1=2; main:num:1=5; 
Previous 3: main:ROWNO:1=2; main:COLNO:1=3; main:num:1=1; 
Previous 4: main:ROWNO:1=4; main:COLNO:1=3; main:num:1=1; 
Previous 5: main:ROWNO:1=5; main:COLNO:1=5; main:num:1=3; 
Previous 6: main:ROWNO:1=+2; main:COLNO:1=2; main:num:1=-1; 
Previous 7: main:ROWNO:1=2; main:COLNO:1=3; main:num:1=-3; 
Previous 8: main:ROWNO:1=2; main:COLNO:1=2; main:num:1=1; 
Previous 9: main:ROWNO:1=7; main:COLNO:1=8; main:num:1=-1; 
Previous 10: main:ROWNO:1=3; main:COLNO:1=4; main:num:1=7; 
Previous 11: main:ROWNO:1=10; main:COLNO:1=10; main:num:1=4; 

Program:
extern int __VERIFIER_nondet_int(void);
/*

Commit Number: fad2eab749cce970fa87fa46186218b2dfe1adc1
URL: https://github.com/NetHack/NetHack/commit/fad2eab749cce970fa87fa46186218b2dfe1adc1
Project Name: NetHack
License: https://github.com/NetHack/NetHack/commit/60df7b2d3b73900481814084be027375b5888765
termination: FALSE

*/
int main()
{
    int ROWNO = __VERIFIER_nondet_int();
    int COLNO = __VERIFIER_nondet_int();
    if( ROWNO <= 0 || COLNO <= 0 || ROWNO > 65534 || COLNO > 65534 )
        return 0;
    int levl[ROWNO][COLNO];
    for( int i = 0 ; i < ROWNO ; i++ )
    {
        for( int j = 0 ; j < COLNO ; j++ )
        {
            int num = __VERIFIER_nondet_int();
            if( num > 0 )
                num = -num;
            levl[i][j] = num % 4;
        }
    }
    int STONE = 0;
    int found = 0;
    for( int xmin = 0; !found ; xmin++ )
    {
        for( int y = 0 ; y <= COLNO - 1; y++ )
        {
            if( levl[xmin][y] != STONE )
                found = 1;
        }
    }
    return 0;
}

"
13,NT,"main:ROWNO:1=2
main:COLNO:1=2
main:num:1=0
",,COMPLETED,T,false,,"You generate concrete values for nondeterministic inputs in a C/C++ program.
Your goal is to produce ONE complete assignment set that is likely to make the program not terminate.

Important rules:
1. Return a value for EVERY listed nondeterministic input ID.
2. Use each ID exactly once.
3. Respect the declared C/C++ type.
4. For an array, return the value as an array containing exactly the required number of elements.
5. For char arrays, each element must be exactly one character. Return the character itself without C single quotes.
6. Prefer small-magnitude values unless larger values are necessary to achieve the requested execution behavior.

Nondeterministic inputs:
- id: main:ROWNO:1, type: int
- id: main:COLNO:1, type: int
- id: main:num:1, type: int

Previously generated assignment sets are listed below. Generate a materially different set and do not duplicate any of them.
Previous 1: main:ROWNO:1=1; main:COLNO:1=1; main:num:1=1; 
Previous 2: main:ROWNO:1=3; main:COLNO:1=2; main:num:1=5; 
Previous 3: main:ROWNO:1=2; main:COLNO:1=3; main:num:1=1; 
Previous 4: main:ROWNO:1=4; main:COLNO:1=3; main:num:1=1; 
Previous 5: main:ROWNO:1=5; main:COLNO:1=5; main:num:1=3; 
Previous 6: main:ROWNO:1=+2; main:COLNO:1=2; main:num:1=-1; 
Previous 7: main:ROWNO:1=2; main:COLNO:1=3; main:num:1=-3; 
Previous 8: main:ROWNO:1=2; main:COLNO:1=2; main:num:1=1; 
Previous 9: main:ROWNO:1=7; main:COLNO:1=8; main:num:1=-1; 
Previous 10: main:ROWNO:1=3; main:COLNO:1=4; main:num:1=7; 
Previous 11: main:ROWNO:1=10; main:COLNO:1=10; main:num:1=4; 
Previous 12: main:ROWNO:1=1; main:COLNO:1=1; main:num:1=0; 

Program:
extern int __VERIFIER_nondet_int(void);
/*

Commit Number: fad2eab749cce970fa87fa46186218b2dfe1adc1
URL: https://github.com/NetHack/NetHack/commit/fad2eab749cce970fa87fa46186218b2dfe1adc1
Project Name: NetHack
License: https://github.com/NetHack/NetHack/commit/60df7b2d3b73900481814084be027375b5888765
termination: FALSE

*/
int main()
{
    int ROWNO = __VERIFIER_nondet_int();
    int COLNO = __VERIFIER_nondet_int();
    if( ROWNO <= 0 || COLNO <= 0 || ROWNO > 65534 || COLNO > 65534 )
        return 0;
    int levl[ROWNO][COLNO];
    for( int i = 0 ; i < ROWNO ; i++ )
    {
        for( int j = 0 ; j < COLNO ; j++ )
        {
            int num = __VERIFIER_nondet_int();
            if( num > 0 )
                num = -num;
            levl[i][j] = num % 4;
        }
    }
    int STONE = 0;
    int found = 0;
    for( int xmin = 0; !found ; xmin++ )
    {
        for( int y = 0 ; y <= COLNO - 1; y++ )
        {
            if( levl[xmin][y] != STONE )
                found = 1;
        }
    }
    return 0;
}

"
14,NT,"main:ROWNO:1=12
main:COLNO:1=13
main:num:1=0
",,COMPLETED,T,false,,"You generate concrete values for nondeterministic inputs in a C/C++ program.
Your goal is to produce ONE complete assignment set that is likely to make the program not terminate.

Important rules:
1. Return a value for EVERY listed nondeterministic input ID.
2. Use each ID exactly once.
3. Respect the declared C/C++ type.
4. For an array, return the value as an array containing exactly the required number of elements.
5. For char arrays, each element must be exactly one character. Return the character itself without C single quotes.
6. Prefer small-magnitude values unless larger values are necessary to achieve the requested execution behavior.

Nondeterministic inputs:
- id: main:ROWNO:1, type: int
- id: main:COLNO:1, type: int
- id: main:num:1, type: int

Previously generated assignment sets are listed below. Generate a materially different set and do not duplicate any of them.
Previous 1: main:ROWNO:1=1; main:COLNO:1=1; main:num:1=1; 
Previous 2: main:ROWNO:1=3; main:COLNO:1=2; main:num:1=5; 
Previous 3: main:ROWNO:1=2; main:COLNO:1=3; main:num:1=1; 
Previous 4: main:ROWNO:1=4; main:COLNO:1=3; main:num:1=1; 
Previous 5: main:ROWNO:1=5; main:COLNO:1=5; main:num:1=3; 
Previous 6: main:ROWNO:1=+2; main:COLNO:1=2; main:num:1=-1; 
Previous 7: main:ROWNO:1=2; main:COLNO:1=3; main:num:1=-3; 
Previous 8: main:ROWNO:1=2; main:COLNO:1=2; main:num:1=1; 
Previous 9: main:ROWNO:1=7; main:COLNO:1=8; main:num:1=-1; 
Previous 10: main:ROWNO:1=3; main:COLNO:1=4; main:num:1=7; 
Previous 11: main:ROWNO:1=10; main:COLNO:1=10; main:num:1=4; 
Previous 12: main:ROWNO:1=1; main:COLNO:1=1; main:num:1=0; 
Previous 13: main:ROWNO:1=2; main:COLNO:1=2; main:num:1=0; 

Program:
extern int __VERIFIER_nondet_int(void);
/*

Commit Number: fad2eab749cce970fa87fa46186218b2dfe1adc1
URL: https://github.com/NetHack/NetHack/commit/fad2eab749cce970fa87fa46186218b2dfe1adc1
Project Name: NetHack
License: https://github.com/NetHack/NetHack/commit/60df7b2d3b73900481814084be027375b5888765
termination: FALSE

*/
int main()
{
    int ROWNO = __VERIFIER_nondet_int();
    int COLNO = __VERIFIER_nondet_int();
    if( ROWNO <= 0 || COLNO <= 0 || ROWNO > 65534 || COLNO > 65534 )
        return 0;
    int levl[ROWNO][COLNO];
    for( int i = 0 ; i < ROWNO ; i++ )
    {
        for( int j = 0 ; j < COLNO ; j++ )
        {
            int num = __VERIFIER_nondet_int();
            if( num > 0 )
                num = -num;
            levl[i][j] = num % 4;
        }
    }
    int STONE = 0;
    int found = 0;
    for( int xmin = 0; !found ; xmin++ )
    {
        for( int y = 0 ; y <= COLNO - 1; y++ )
        {
            if( levl[xmin][y] != STONE )
                found = 1;
        }
    }
    return 0;
}

"
15,NT,"main:ROWNO:1=2
main:COLNO:1=3
main:num:1=0
",,COMPLETED,T,false,,"You generate concrete values for nondeterministic inputs in a C/C++ program.
Your goal is to produce ONE complete assignment set that is likely to make the program not terminate.

Important rules:
1. Return a value for EVERY listed nondeterministic input ID.
2. Use each ID exactly once.
3. Respect the declared C/C++ type.
4. For an array, return the value as an array containing exactly the required number of elements.
5. For char arrays, each element must be exactly one character. Return the character itself without C single quotes.
6. Prefer small-magnitude values unless larger values are necessary to achieve the requested execution behavior.

Nondeterministic inputs:
- id: main:ROWNO:1, type: int
- id: main:COLNO:1, type: int
- id: main:num:1, type: int

Previously generated assignment sets are listed below. Generate a materially different set and do not duplicate any of them.
Previous 1: main:ROWNO:1=1; main:COLNO:1=1; main:num:1=1; 
Previous 2: main:ROWNO:1=3; main:COLNO:1=2; main:num:1=5; 
Previous 3: main:ROWNO:1=2; main:COLNO:1=3; main:num:1=1; 
Previous 4: main:ROWNO:1=4; main:COLNO:1=3; main:num:1=1; 
Previous 5: main:ROWNO:1=5; main:COLNO:1=5; main:num:1=3; 
Previous 6: main:ROWNO:1=+2; main:COLNO:1=2; main:num:1=-1; 
Previous 7: main:ROWNO:1=2; main:COLNO:1=3; main:num:1=-3; 
Previous 8: main:ROWNO:1=2; main:COLNO:1=2; main:num:1=1; 
Previous 9: main:ROWNO:1=7; main:COLNO:1=8; main:num:1=-1; 
Previous 10: main:ROWNO:1=3; main:COLNO:1=4; main:num:1=7; 
Previous 11: main:ROWNO:1=10; main:COLNO:1=10; main:num:1=4; 
Previous 12: main:ROWNO:1=1; main:COLNO:1=1; main:num:1=0; 
Previous 13: main:ROWNO:1=2; main:COLNO:1=2; main:num:1=0; 
Previous 14: main:ROWNO:1=12; main:COLNO:1=13; main:num:1=0; 

Program:
extern int __VERIFIER_nondet_int(void);
/*

Commit Number: fad2eab749cce970fa87fa46186218b2dfe1adc1
URL: https://github.com/NetHack/NetHack/commit/fad2eab749cce970fa87fa46186218b2dfe1adc1
Project Name: NetHack
License: https://github.com/NetHack/NetHack/commit/60df7b2d3b73900481814084be027375b5888765
termination: FALSE

*/
int main()
{
    int ROWNO = __VERIFIER_nondet_int();
    int COLNO = __VERIFIER_nondet_int();
    if( ROWNO <= 0 || COLNO <= 0 || ROWNO > 65534 || COLNO > 65534 )
        return 0;
    int levl[ROWNO][COLNO];
    for( int i = 0 ; i < ROWNO ; i++ )
    {
        for( int j = 0 ; j < COLNO ; j++ )
        {
            int num = __VERIFIER_nondet_int();
            if( num > 0 )
                num = -num;
            levl[i][j] = num % 4;
        }
    }
    int STONE = 0;
    int found = 0;
    for( int xmin = 0; !found ; xmin++ )
    {
        for( int y = 0 ; y <= COLNO - 1; y++ )
        {
            if( levl[xmin][y] != STONE )
                found = 1;
        }
    }
    return 0;
}

"
16,NT,"main:ROWNO:1=1
main:COLNO:1=2
main:num:1=0
",,COMPLETED,T,false,,"You generate concrete values for nondeterministic inputs in a C/C++ program.
Your goal is to produce ONE complete assignment set that is likely to make the program not terminate.

Important rules:
1. Return a value for EVERY listed nondeterministic input ID.
2. Use each ID exactly once.
3. Respect the declared C/C++ type.
4. For an array, return the value as an array containing exactly the required number of elements.
5. For char arrays, each element must be exactly one character. Return the character itself without C single quotes.
6. Prefer small-magnitude values unless larger values are necessary to achieve the requested execution behavior.

Nondeterministic inputs:
- id: main:ROWNO:1, type: int
- id: main:COLNO:1, type: int
- id: main:num:1, type: int

Previously generated assignment sets are listed below. Generate a materially different set and do not duplicate any of them.
Previous 1: main:ROWNO:1=1; main:COLNO:1=1; main:num:1=1; 
Previous 2: main:ROWNO:1=3; main:COLNO:1=2; main:num:1=5; 
Previous 3: main:ROWNO:1=2; main:COLNO:1=3; main:num:1=1; 
Previous 4: main:ROWNO:1=4; main:COLNO:1=3; main:num:1=1; 
Previous 5: main:ROWNO:1=5; main:COLNO:1=5; main:num:1=3; 
Previous 6: main:ROWNO:1=+2; main:COLNO:1=2; main:num:1=-1; 
Previous 7: main:ROWNO:1=2; main:COLNO:1=3; main:num:1=-3; 
Previous 8: main:ROWNO:1=2; main:COLNO:1=2; main:num:1=1; 
Previous 9: main:ROWNO:1=7; main:COLNO:1=8; main:num:1=-1; 
Previous 10: main:ROWNO:1=3; main:COLNO:1=4; main:num:1=7; 
Previous 11: main:ROWNO:1=10; main:COLNO:1=10; main:num:1=4; 
Previous 12: main:ROWNO:1=1; main:COLNO:1=1; main:num:1=0; 
Previous 13: main:ROWNO:1=2; main:COLNO:1=2; main:num:1=0; 
Previous 14: main:ROWNO:1=12; main:COLNO:1=13; main:num:1=0; 
Previous 15: main:ROWNO:1=2; main:COLNO:1=3; main:num:1=0; 

Program:
extern int __VERIFIER_nondet_int(void);
/*

Commit Number: fad2eab749cce970fa87fa46186218b2dfe1adc1
URL: https://github.com/NetHack/NetHack/commit/fad2eab749cce970fa87fa46186218b2dfe1adc1
Project Name: NetHack
License: https://github.com/NetHack/NetHack/commit/60df7b2d3b73900481814084be027375b5888765
termination: FALSE

*/
int main()
{
    int ROWNO = __VERIFIER_nondet_int();
    int COLNO = __VERIFIER_nondet_int();
    if( ROWNO <= 0 || COLNO <= 0 || ROWNO > 65534 || COLNO > 65534 )
        return 0;
    int levl[ROWNO][COLNO];
    for( int i = 0 ; i < ROWNO ; i++ )
    {
        for( int j = 0 ; j < COLNO ; j++ )
        {
            int num = __VERIFIER_nondet_int();
            if( num > 0 )
                num = -num;
            levl[i][j] = num % 4;
        }
    }
    int STONE = 0;
    int found = 0;
    for( int xmin = 0; !found ; xmin++ )
    {
        for( int y = 0 ; y <= COLNO - 1; y++ )
        {
            if( levl[xmin][y] != STONE )
                found = 1;
        }
    }
    return 0;
}

"
17,NT,"main:ROWNO:1=3
main:COLNO:1=3
main:num:1=0
",,COMPLETED,T,false,,"You generate concrete values for nondeterministic inputs in a C/C++ program.
Your goal is to produce ONE complete assignment set that is likely to make the program not terminate.

Important rules:
1. Return a value for EVERY listed nondeterministic input ID.
2. Use each ID exactly once.
3. Respect the declared C/C++ type.
4. For an array, return the value as an array containing exactly the required number of elements.
5. For char arrays, each element must be exactly one character. Return the character itself without C single quotes.
6. Prefer small-magnitude values unless larger values are necessary to achieve the requested execution behavior.

Nondeterministic inputs:
- id: main:ROWNO:1, type: int
- id: main:COLNO:1, type: int
- id: main:num:1, type: int

Previously generated assignment sets are listed below. Generate a materially different set and do not duplicate any of them.
Previous 1: main:ROWNO:1=1; main:COLNO:1=1; main:num:1=1; 
Previous 2: main:ROWNO:1=3; main:COLNO:1=2; main:num:1=5; 
Previous 3: main:ROWNO:1=2; main:COLNO:1=3; main:num:1=1; 
Previous 4: main:ROWNO:1=4; main:COLNO:1=3; main:num:1=1; 
Previous 5: main:ROWNO:1=5; main:COLNO:1=5; main:num:1=3; 
Previous 6: main:ROWNO:1=+2; main:COLNO:1=2; main:num:1=-1; 
Previous 7: main:ROWNO:1=2; main:COLNO:1=3; main:num:1=-3; 
Previous 8: main:ROWNO:1=2; main:COLNO:1=2; main:num:1=1; 
Previous 9: main:ROWNO:1=7; main:COLNO:1=8; main:num:1=-1; 
Previous 10: main:ROWNO:1=3; main:COLNO:1=4; main:num:1=7; 
Previous 11: main:ROWNO:1=10; main:COLNO:1=10; main:num:1=4; 
Previous 12: main:ROWNO:1=1; main:COLNO:1=1; main:num:1=0; 
Previous 13: main:ROWNO:1=2; main:COLNO:1=2; main:num:1=0; 
Previous 14: main:ROWNO:1=12; main:COLNO:1=13; main:num:1=0; 
Previous 15: main:ROWNO:1=2; main:COLNO:1=3; main:num:1=0; 
Previous 16: main:ROWNO:1=1; main:COLNO:1=2; main:num:1=0; 

Program:
extern int __VERIFIER_nondet_int(void);
/*

Commit Number: fad2eab749cce970fa87fa46186218b2dfe1adc1
URL: https://github.com/NetHack/NetHack/commit/fad2eab749cce970fa87fa46186218b2dfe1adc1
Project Name: NetHack
License: https://github.com/NetHack/NetHack/commit/60df7b2d3b73900481814084be027375b5888765
termination: FALSE

*/
int main()
{
    int ROWNO = __VERIFIER_nondet_int();
    int COLNO = __VERIFIER_nondet_int();
    if( ROWNO <= 0 || COLNO <= 0 || ROWNO > 65534 || COLNO > 65534 )
        return 0;
    int levl[ROWNO][COLNO];
    for( int i = 0 ; i < ROWNO ; i++ )
    {
        for( int j = 0 ; j < COLNO ; j++ )
        {
            int num = __VERIFIER_nondet_int();
            if( num > 0 )
                num = -num;
            levl[i][j] = num % 4;
        }
    }
    int STONE = 0;
    int found = 0;
    for( int xmin = 0; !found ; xmin++ )
    {
        for( int y = 0 ; y <= COLNO - 1; y++ )
        {
            if( levl[xmin][y] != STONE )
                found = 1;
        }
    }
    return 0;
}

"
18,NT,"main:ROWNO:1=2
main:COLNO:1=1
main:num:1=0
",,COMPLETED,T,false,,"You generate concrete values for nondeterministic inputs in a C/C++ program.
Your goal is to produce ONE complete assignment set that is likely to make the program not terminate.

Important rules:
1. Return a value for EVERY listed nondeterministic input ID.
2. Use each ID exactly once.
3. Respect the declared C/C++ type.
4. For an array, return the value as an array containing exactly the required number of elements.
5. For char arrays, each element must be exactly one character. Return the character itself without C single quotes.
6. Prefer small-magnitude values unless larger values are necessary to achieve the requested execution behavior.

Nondeterministic inputs:
- id: main:ROWNO:1, type: int
- id: main:COLNO:1, type: int
- id: main:num:1, type: int

Previously generated assignment sets are listed below. Generate a materially different set and do not duplicate any of them.
Previous 1: main:ROWNO:1=1; main:COLNO:1=1; main:num:1=1; 
Previous 2: main:ROWNO:1=3; main:COLNO:1=2; main:num:1=5; 
Previous 3: main:ROWNO:1=2; main:COLNO:1=3; main:num:1=1; 
Previous 4: main:ROWNO:1=4; main:COLNO:1=3; main:num:1=1; 
Previous 5: main:ROWNO:1=5; main:COLNO:1=5; main:num:1=3; 
Previous 6: main:ROWNO:1=+2; main:COLNO:1=2; main:num:1=-1; 
Previous 7: main:ROWNO:1=2; main:COLNO:1=3; main:num:1=-3; 
Previous 8: main:ROWNO:1=2; main:COLNO:1=2; main:num:1=1; 
Previous 9: main:ROWNO:1=7; main:COLNO:1=8; main:num:1=-1; 
Previous 10: main:ROWNO:1=3; main:COLNO:1=4; main:num:1=7; 
Previous 11: main:ROWNO:1=10; main:COLNO:1=10; main:num:1=4; 
Previous 12: main:ROWNO:1=1; main:COLNO:1=1; main:num:1=0; 
Previous 13: main:ROWNO:1=2; main:COLNO:1=2; main:num:1=0; 
Previous 14: main:ROWNO:1=12; main:COLNO:1=13; main:num:1=0; 
Previous 15: main:ROWNO:1=2; main:COLNO:1=3; main:num:1=0; 
Previous 16: main:ROWNO:1=1; main:COLNO:1=2; main:num:1=0; 
Previous 17: main:ROWNO:1=3; main:COLNO:1=3; main:num:1=0; 

Program:
extern int __VERIFIER_nondet_int(void);
/*

Commit Number: fad2eab749cce970fa87fa46186218b2dfe1adc1
URL: https://github.com/NetHack/NetHack/commit/fad2eab749cce970fa87fa46186218b2dfe1adc1
Project Name: NetHack
License: https://github.com/NetHack/NetHack/commit/60df7b2d3b73900481814084be027375b5888765
termination: FALSE

*/
int main()
{
    int ROWNO = __VERIFIER_nondet_int();
    int COLNO = __VERIFIER_nondet_int();
    if( ROWNO <= 0 || COLNO <= 0 || ROWNO > 65534 || COLNO > 65534 )
        return 0;
    int levl[ROWNO][COLNO];
    for( int i = 0 ; i < ROWNO ; i++ )
    {
        for( int j = 0 ; j < COLNO ; j++ )
        {
            int num = __VERIFIER_nondet_int();
            if( num > 0 )
                num = -num;
            levl[i][j] = num % 4;
        }
    }
    int STONE = 0;
    int found = 0;
    for( int xmin = 0; !found ; xmin++ )
    {
        for( int y = 0 ; y <= COLNO - 1; y++ )
        {
            if( levl[xmin][y] != STONE )
                found = 1;
        }
    }
    return 0;
}

"
19,NT,"main:ROWNO:1=3
main:COLNO:1=2
main:num:1=0
",,COMPLETED,T,false,,"You generate concrete values for nondeterministic inputs in a C/C++ program.
Your goal is to produce ONE complete assignment set that is likely to make the program not terminate.

Important rules:
1. Return a value for EVERY listed nondeterministic input ID.
2. Use each ID exactly once.
3. Respect the declared C/C++ type.
4. For an array, return the value as an array containing exactly the required number of elements.
5. For char arrays, each element must be exactly one character. Return the character itself without C single quotes.
6. Prefer small-magnitude values unless larger values are necessary to achieve the requested execution behavior.

Nondeterministic inputs:
- id: main:ROWNO:1, type: int
- id: main:COLNO:1, type: int
- id: main:num:1, type: int

Previously generated assignment sets are listed below. Generate a materially different set and do not duplicate any of them.
Previous 1: main:ROWNO:1=1; main:COLNO:1=1; main:num:1=1; 
Previous 2: main:ROWNO:1=3; main:COLNO:1=2; main:num:1=5; 
Previous 3: main:ROWNO:1=2; main:COLNO:1=3; main:num:1=1; 
Previous 4: main:ROWNO:1=4; main:COLNO:1=3; main:num:1=1; 
Previous 5: main:ROWNO:1=5; main:COLNO:1=5; main:num:1=3; 
Previous 6: main:ROWNO:1=+2; main:COLNO:1=2; main:num:1=-1; 
Previous 7: main:ROWNO:1=2; main:COLNO:1=3; main:num:1=-3; 
Previous 8: main:ROWNO:1=2; main:COLNO:1=2; main:num:1=1; 
Previous 9: main:ROWNO:1=7; main:COLNO:1=8; main:num:1=-1; 
Previous 10: main:ROWNO:1=3; main:COLNO:1=4; main:num:1=7; 
Previous 11: main:ROWNO:1=10; main:COLNO:1=10; main:num:1=4; 
Previous 12: main:ROWNO:1=1; main:COLNO:1=1; main:num:1=0; 
Previous 13: main:ROWNO:1=2; main:COLNO:1=2; main:num:1=0; 
Previous 14: main:ROWNO:1=12; main:COLNO:1=13; main:num:1=0; 
Previous 15: main:ROWNO:1=2; main:COLNO:1=3; main:num:1=0; 
Previous 16: main:ROWNO:1=1; main:COLNO:1=2; main:num:1=0; 
Previous 17: main:ROWNO:1=3; main:COLNO:1=3; main:num:1=0; 
Previous 18: main:ROWNO:1=2; main:COLNO:1=1; main:num:1=0; 

Program:
extern int __VERIFIER_nondet_int(void);
/*

Commit Number: fad2eab749cce970fa87fa46186218b2dfe1adc1
URL: https://github.com/NetHack/NetHack/commit/fad2eab749cce970fa87fa46186218b2dfe1adc1
Project Name: NetHack
License: https://github.com/NetHack/NetHack/commit/60df7b2d3b73900481814084be027375b5888765
termination: FALSE

*/
int main()
{
    int ROWNO = __VERIFIER_nondet_int();
    int COLNO = __VERIFIER_nondet_int();
    if( ROWNO <= 0 || COLNO <= 0 || ROWNO > 65534 || COLNO > 65534 )
        return 0;
    int levl[ROWNO][COLNO];
    for( int i = 0 ; i < ROWNO ; i++ )
    {
        for( int j = 0 ; j < COLNO ; j++ )
        {
            int num = __VERIFIER_nondet_int();
            if( num > 0 )
                num = -num;
            levl[i][j] = num % 4;
        }
    }
    int STONE = 0;
    int found = 0;
    for( int xmin = 0; !found ; xmin++ )
    {
        for( int y = 0 ; y <= COLNO - 1; y++ )
        {
            if( levl[xmin][y] != STONE )
                found = 1;
        }
    }
    return 0;
}

"
20,NT,"main:ROWNO:1=65534
main:COLNO:1=65534
main:num:1=0
",/home/quasar/Documents/FocusTNT/results_InputGeneration/FSE/loop/Missing_Corner-case_Handling_3_NT/input_generator_artifacts/generated_programs/Missing_Corner-case_Handling_3_NT_TestCase11.c,RUNTIME_ERROR,PENDING_MANUAL,true,Signal 11,"You generate concrete values for nondeterministic inputs in a C/C++ program.
Your goal is to produce ONE complete assignment set that is likely to make the program not terminate.

Important rules:
1. Return a value for EVERY listed nondeterministic input ID.
2. Use each ID exactly once.
3. Respect the declared C/C++ type.
4. For an array, return the value as an array containing exactly the required number of elements.
5. For char arrays, each element must be exactly one character. Return the character itself without C single quotes.
6. Prefer small-magnitude values unless larger values are necessary to achieve the requested execution behavior.

Nondeterministic inputs:
- id: main:ROWNO:1, type: int
- id: main:COLNO:1, type: int
- id: main:num:1, type: int

Previously generated assignment sets are listed below. Generate a materially different set and do not duplicate any of them.
Previous 1: main:ROWNO:1=1; main:COLNO:1=1; main:num:1=1; 
Previous 2: main:ROWNO:1=3; main:COLNO:1=2; main:num:1=5; 
Previous 3: main:ROWNO:1=2; main:COLNO:1=3; main:num:1=1; 
Previous 4: main:ROWNO:1=4; main:COLNO:1=3; main:num:1=1; 
Previous 5: main:ROWNO:1=5; main:COLNO:1=5; main:num:1=3; 
Previous 6: main:ROWNO:1=+2; main:COLNO:1=2; main:num:1=-1; 
Previous 7: main:ROWNO:1=2; main:COLNO:1=3; main:num:1=-3; 
Previous 8: main:ROWNO:1=2; main:COLNO:1=2; main:num:1=1; 
Previous 9: main:ROWNO:1=7; main:COLNO:1=8; main:num:1=-1; 
Previous 10: main:ROWNO:1=3; main:COLNO:1=4; main:num:1=7; 
Previous 11: main:ROWNO:1=10; main:COLNO:1=10; main:num:1=4; 
Previous 12: main:ROWNO:1=1; main:COLNO:1=1; main:num:1=0; 
Previous 13: main:ROWNO:1=2; main:COLNO:1=2; main:num:1=0; 
Previous 14: main:ROWNO:1=12; main:COLNO:1=13; main:num:1=0; 
Previous 15: main:ROWNO:1=2; main:COLNO:1=3; main:num:1=0; 
Previous 16: main:ROWNO:1=1; main:COLNO:1=2; main:num:1=0; 
Previous 17: main:ROWNO:1=3; main:COLNO:1=3; main:num:1=0; 
Previous 18: main:ROWNO:1=2; main:COLNO:1=1; main:num:1=0; 
Previous 19: main:ROWNO:1=3; main:COLNO:1=2; main:num:1=0; 

Program:
extern int __VERIFIER_nondet_int(void);
/*

Commit Number: fad2eab749cce970fa87fa46186218b2dfe1adc1
URL: https://github.com/NetHack/NetHack/commit/fad2eab749cce970fa87fa46186218b2dfe1adc1
Project Name: NetHack
License: https://github.com/NetHack/NetHack/commit/60df7b2d3b73900481814084be027375b5888765
termination: FALSE

*/
int main()
{
    int ROWNO = __VERIFIER_nondet_int();
    int COLNO = __VERIFIER_nondet_int();
    if( ROWNO <= 0 || COLNO <= 0 || ROWNO > 65534 || COLNO > 65534 )
        return 0;
    int levl[ROWNO][COLNO];
    for( int i = 0 ; i < ROWNO ; i++ )
    {
        for( int j = 0 ; j < COLNO ; j++ )
        {
            int num = __VERIFIER_nondet_int();
            if( num > 0 )
                num = -num;
            levl[i][j] = num % 4;
        }
    }
    int STONE = 0;
    int found = 0;
    for( int xmin = 0; !found ; xmin++ )
    {
        for( int y = 0 ; y <= COLNO - 1; y++ )
        {
            if( levl[xmin][y] != STONE )
                found = 1;
        }
    }
    return 0;
}

"
21,NT,"main:ROWNO:1=2
main:COLNO:1=2
main:num:1=0
",,DUPLICATE,,false,,"You generate concrete values for nondeterministic inputs in a C/C++ program.
Your goal is to produce ONE complete assignment set that is likely to make the program not terminate.

Important rules:
1. Return a value for EVERY listed nondeterministic input ID.
2. Use each ID exactly once.
3. Respect the declared C/C++ type.
4. For an array, return the value as an array containing exactly the required number of elements.
5. For char arrays, each element must be exactly one character. Return the character itself without C single quotes.
6. Prefer small-magnitude values unless larger values are necessary to achieve the requested execution behavior.

Nondeterministic inputs:
- id: main:ROWNO:1, type: int
- id: main:COLNO:1, type: int
- id: main:num:1, type: int

Previously generated assignment sets are listed below. Generate a materially different set and do not duplicate any of them.
Previous 1: main:ROWNO:1=1; main:COLNO:1=1; main:num:1=1; 
Previous 2: main:ROWNO:1=3; main:COLNO:1=2; main:num:1=5; 
Previous 3: main:ROWNO:1=2; main:COLNO:1=3; main:num:1=1; 
Previous 4: main:ROWNO:1=4; main:COLNO:1=3; main:num:1=1; 
Previous 5: main:ROWNO:1=5; main:COLNO:1=5; main:num:1=3; 
Previous 6: main:ROWNO:1=+2; main:COLNO:1=2; main:num:1=-1; 
Previous 7: main:ROWNO:1=2; main:COLNO:1=3; main:num:1=-3; 
Previous 8: main:ROWNO:1=2; main:COLNO:1=2; main:num:1=1; 
Previous 9: main:ROWNO:1=7; main:COLNO:1=8; main:num:1=-1; 
Previous 10: main:ROWNO:1=3; main:COLNO:1=4; main:num:1=7; 
Previous 11: main:ROWNO:1=10; main:COLNO:1=10; main:num:1=4; 
Previous 12: main:ROWNO:1=1; main:COLNO:1=1; main:num:1=0; 
Previous 13: main:ROWNO:1=2; main:COLNO:1=2; main:num:1=0; 
Previous 14: main:ROWNO:1=12; main:COLNO:1=13; main:num:1=0; 
Previous 15: main:ROWNO:1=2; main:COLNO:1=3; main:num:1=0; 
Previous 16: main:ROWNO:1=1; main:COLNO:1=2; main:num:1=0; 
Previous 17: main:ROWNO:1=3; main:COLNO:1=3; main:num:1=0; 
Previous 18: main:ROWNO:1=2; main:COLNO:1=1; main:num:1=0; 
Previous 19: main:ROWNO:1=3; main:COLNO:1=2; main:num:1=0; 
Previous 20: main:ROWNO:1=65534; main:COLNO:1=65534; main:num:1=0; 

Program:
extern int __VERIFIER_nondet_int(void);
/*

Commit Number: fad2eab749cce970fa87fa46186218b2dfe1adc1
URL: https://github.com/NetHack/NetHack/commit/fad2eab749cce970fa87fa46186218b2dfe1adc1
Project Name: NetHack
License: https://github.com/NetHack/NetHack/commit/60df7b2d3b73900481814084be027375b5888765
termination: FALSE

*/
int main()
{
    int ROWNO = __VERIFIER_nondet_int();
    int COLNO = __VERIFIER_nondet_int();
    if( ROWNO <= 0 || COLNO <= 0 || ROWNO > 65534 || COLNO > 65534 )
        return 0;
    int levl[ROWNO][COLNO];
    for( int i = 0 ; i < ROWNO ; i++ )
    {
        for( int j = 0 ; j < COLNO ; j++ )
        {
            int num = __VERIFIER_nondet_int();
            if( num > 0 )
                num = -num;
            levl[i][j] = num % 4;
        }
    }
    int STONE = 0;
    int found = 0;
    for( int xmin = 0; !found ; xmin++ )
    {
        for( int y = 0 ; y <= COLNO - 1; y++ )
        {
            if( levl[xmin][y] != STONE )
                found = 1;
        }
    }
    return 0;
}

"
22,NT,"main:ROWNO:1=1
main:COLNO:1=3
main:num:1=0
",,COMPLETED,T,false,,"You generate concrete values for nondeterministic inputs in a C/C++ program.
Your goal is to produce ONE complete assignment set that is likely to make the program not terminate.

Important rules:
1. Return a value for EVERY listed nondeterministic input ID.
2. Use each ID exactly once.
3. Respect the declared C/C++ type.
4. For an array, return the value as an array containing exactly the required number of elements.
5. For char arrays, each element must be exactly one character. Return the character itself without C single quotes.
6. Prefer small-magnitude values unless larger values are necessary to achieve the requested execution behavior.

Nondeterministic inputs:
- id: main:ROWNO:1, type: int
- id: main:COLNO:1, type: int
- id: main:num:1, type: int

Previously generated assignment sets are listed below. Generate a materially different set and do not duplicate any of them.
Previous 1: main:ROWNO:1=1; main:COLNO:1=1; main:num:1=1; 
Previous 2: main:ROWNO:1=3; main:COLNO:1=2; main:num:1=5; 
Previous 3: main:ROWNO:1=2; main:COLNO:1=3; main:num:1=1; 
Previous 4: main:ROWNO:1=4; main:COLNO:1=3; main:num:1=1; 
Previous 5: main:ROWNO:1=5; main:COLNO:1=5; main:num:1=3; 
Previous 6: main:ROWNO:1=+2; main:COLNO:1=2; main:num:1=-1; 
Previous 7: main:ROWNO:1=2; main:COLNO:1=3; main:num:1=-3; 
Previous 8: main:ROWNO:1=2; main:COLNO:1=2; main:num:1=1; 
Previous 9: main:ROWNO:1=7; main:COLNO:1=8; main:num:1=-1; 
Previous 10: main:ROWNO:1=3; main:COLNO:1=4; main:num:1=7; 
Previous 11: main:ROWNO:1=10; main:COLNO:1=10; main:num:1=4; 
Previous 12: main:ROWNO:1=1; main:COLNO:1=1; main:num:1=0; 
Previous 13: main:ROWNO:1=2; main:COLNO:1=2; main:num:1=0; 
Previous 14: main:ROWNO:1=12; main:COLNO:1=13; main:num:1=0; 
Previous 15: main:ROWNO:1=2; main:COLNO:1=3; main:num:1=0; 
Previous 16: main:ROWNO:1=1; main:COLNO:1=2; main:num:1=0; 
Previous 17: main:ROWNO:1=3; main:COLNO:1=3; main:num:1=0; 
Previous 18: main:ROWNO:1=2; main:COLNO:1=1; main:num:1=0; 
Previous 19: main:ROWNO:1=3; main:COLNO:1=2; main:num:1=0; 
Previous 20: main:ROWNO:1=65534; main:COLNO:1=65534; main:num:1=0; 

Program:
extern int __VERIFIER_nondet_int(void);
/*

Commit Number: fad2eab749cce970fa87fa46186218b2dfe1adc1
URL: https://github.com/NetHack/NetHack/commit/fad2eab749cce970fa87fa46186218b2dfe1adc1
Project Name: NetHack
License: https://github.com/NetHack/NetHack/commit/60df7b2d3b73900481814084be027375b5888765
termination: FALSE

*/
int main()
{
    int ROWNO = __VERIFIER_nondet_int();
    int COLNO = __VERIFIER_nondet_int();
    if( ROWNO <= 0 || COLNO <= 0 || ROWNO > 65534 || COLNO > 65534 )
        return 0;
    int levl[ROWNO][COLNO];
    for( int i = 0 ; i < ROWNO ; i++ )
    {
        for( int j = 0 ; j < COLNO ; j++ )
        {
            int num = __VERIFIER_nondet_int();
            if( num > 0 )
                num = -num;
            levl[i][j] = num % 4;
        }
    }
    int STONE = 0;
    int found = 0;
    for( int xmin = 0; !found ; xmin++ )
    {
        for( int y = 0 ; y <= COLNO - 1; y++ )
        {
            if( levl[xmin][y] != STONE )
                found = 1;
        }
    }
    return 0;
}

"
23,NT,"main:ROWNO:1=1
main:COLNO:1=1
main:num:1=-16
",,COMPLETED,T,false,,"You generate concrete values for nondeterministic inputs in a C/C++ program.
Your goal is to produce ONE complete assignment set that is likely to make the program not terminate.

Important rules:
1. Return a value for EVERY listed nondeterministic input ID.
2. Use each ID exactly once.
3. Respect the declared C/C++ type.
4. For an array, return the value as an array containing exactly the required number of elements.
5. For char arrays, each element must be exactly one character. Return the character itself without C single quotes.
6. Prefer small-magnitude values unless larger values are necessary to achieve the requested execution behavior.

Nondeterministic inputs:
- id: main:ROWNO:1, type: int
- id: main:COLNO:1, type: int
- id: main:num:1, type: int

Previously generated assignment sets are listed below. Generate a materially different set and do not duplicate any of them.
Previous 1: main:ROWNO:1=1; main:COLNO:1=1; main:num:1=1; 
Previous 2: main:ROWNO:1=3; main:COLNO:1=2; main:num:1=5; 
Previous 3: main:ROWNO:1=2; main:COLNO:1=3; main:num:1=1; 
Previous 4: main:ROWNO:1=4; main:COLNO:1=3; main:num:1=1; 
Previous 5: main:ROWNO:1=5; main:COLNO:1=5; main:num:1=3; 
Previous 6: main:ROWNO:1=+2; main:COLNO:1=2; main:num:1=-1; 
Previous 7: main:ROWNO:1=2; main:COLNO:1=3; main:num:1=-3; 
Previous 8: main:ROWNO:1=2; main:COLNO:1=2; main:num:1=1; 
Previous 9: main:ROWNO:1=7; main:COLNO:1=8; main:num:1=-1; 
Previous 10: main:ROWNO:1=3; main:COLNO:1=4; main:num:1=7; 
Previous 11: main:ROWNO:1=10; main:COLNO:1=10; main:num:1=4; 
Previous 12: main:ROWNO:1=1; main:COLNO:1=1; main:num:1=0; 
Previous 13: main:ROWNO:1=2; main:COLNO:1=2; main:num:1=0; 
Previous 14: main:ROWNO:1=12; main:COLNO:1=13; main:num:1=0; 
Previous 15: main:ROWNO:1=2; main:COLNO:1=3; main:num:1=0; 
Previous 16: main:ROWNO:1=1; main:COLNO:1=2; main:num:1=0; 
Previous 17: main:ROWNO:1=3; main:COLNO:1=3; main:num:1=0; 
Previous 18: main:ROWNO:1=2; main:COLNO:1=1; main:num:1=0; 
Previous 19: main:ROWNO:1=3; main:COLNO:1=2; main:num:1=0; 
Previous 20: main:ROWNO:1=65534; main:COLNO:1=65534; main:num:1=0; 
Previous 21: main:ROWNO:1=1; main:COLNO:1=3; main:num:1=0; 

Program:
extern int __VERIFIER_nondet_int(void);
/*

Commit Number: fad2eab749cce970fa87fa46186218b2dfe1adc1
URL: https://github.com/NetHack/NetHack/commit/fad2eab749cce970fa87fa46186218b2dfe1adc1
Project Name: NetHack
License: https://github.com/NetHack/NetHack/commit/60df7b2d3b73900481814084be027375b5888765
termination: FALSE

*/
int main()
{
    int ROWNO = __VERIFIER_nondet_int();
    int COLNO = __VERIFIER_nondet_int();
    if( ROWNO <= 0 || COLNO <= 0 || ROWNO > 65534 || COLNO > 65534 )
        return 0;
    int levl[ROWNO][COLNO];
    for( int i = 0 ; i < ROWNO ; i++ )
    {
        for( int j = 0 ; j < COLNO ; j++ )
        {
            int num = __VERIFIER_nondet_int();
            if( num > 0 )
                num = -num;
            levl[i][j] = num % 4;
        }
    }
    int STONE = 0;
    int found = 0;
    for( int xmin = 0; !found ; xmin++ )
    {
        for( int y = 0 ; y <= COLNO - 1; y++ )
        {
            if( levl[xmin][y] != STONE )
                found = 1;
        }
    }
    return 0;
}

"
24,NT,"main:ROWNO:1=1
main:COLNO:1=1
main:num:1=-4
",,COMPLETED,T,false,,"You generate concrete values for nondeterministic inputs in a C/C++ program.
Your goal is to produce ONE complete assignment set that is likely to make the program not terminate.

Important rules:
1. Return a value for EVERY listed nondeterministic input ID.
2. Use each ID exactly once.
3. Respect the declared C/C++ type.
4. For an array, return the value as an array containing exactly the required number of elements.
5. For char arrays, each element must be exactly one character. Return the character itself without C single quotes.
6. Prefer small-magnitude values unless larger values are necessary to achieve the requested execution behavior.

Nondeterministic inputs:
- id: main:ROWNO:1, type: int
- id: main:COLNO:1, type: int
- id: main:num:1, type: int

Previously generated assignment sets are listed below. Generate a materially different set and do not duplicate any of them.
Previous 1: main:ROWNO:1=1; main:COLNO:1=1; main:num:1=1; 
Previous 2: main:ROWNO:1=3; main:COLNO:1=2; main:num:1=5; 
Previous 3: main:ROWNO:1=2; main:COLNO:1=3; main:num:1=1; 
Previous 4: main:ROWNO:1=4; main:COLNO:1=3; main:num:1=1; 
Previous 5: main:ROWNO:1=5; main:COLNO:1=5; main:num:1=3; 
Previous 6: main:ROWNO:1=+2; main:COLNO:1=2; main:num:1=-1; 
Previous 7: main:ROWNO:1=2; main:COLNO:1=3; main:num:1=-3; 
Previous 8: main:ROWNO:1=2; main:COLNO:1=2; main:num:1=1; 
Previous 9: main:ROWNO:1=7; main:COLNO:1=8; main:num:1=-1; 
Previous 10: main:ROWNO:1=3; main:COLNO:1=4; main:num:1=7; 
Previous 11: main:ROWNO:1=10; main:COLNO:1=10; main:num:1=4; 
Previous 12: main:ROWNO:1=1; main:COLNO:1=1; main:num:1=0; 
Previous 13: main:ROWNO:1=2; main:COLNO:1=2; main:num:1=0; 
Previous 14: main:ROWNO:1=12; main:COLNO:1=13; main:num:1=0; 
Previous 15: main:ROWNO:1=2; main:COLNO:1=3; main:num:1=0; 
Previous 16: main:ROWNO:1=1; main:COLNO:1=2; main:num:1=0; 
Previous 17: main:ROWNO:1=3; main:COLNO:1=3; main:num:1=0; 
Previous 18: main:ROWNO:1=2; main:COLNO:1=1; main:num:1=0; 
Previous 19: main:ROWNO:1=3; main:COLNO:1=2; main:num:1=0; 
Previous 20: main:ROWNO:1=65534; main:COLNO:1=65534; main:num:1=0; 
Previous 21: main:ROWNO:1=1; main:COLNO:1=3; main:num:1=0; 
Previous 22: main:ROWNO:1=1; main:COLNO:1=1; main:num:1=-16; 

Program:
extern int __VERIFIER_nondet_int(void);
/*

Commit Number: fad2eab749cce970fa87fa46186218b2dfe1adc1
URL: https://github.com/NetHack/NetHack/commit/fad2eab749cce970fa87fa46186218b2dfe1adc1
Project Name: NetHack
License: https://github.com/NetHack/NetHack/commit/60df7b2d3b73900481814084be027375b5888765
termination: FALSE

*/
int main()
{
    int ROWNO = __VERIFIER_nondet_int();
    int COLNO = __VERIFIER_nondet_int();
    if( ROWNO <= 0 || COLNO <= 0 || ROWNO > 65534 || COLNO > 65534 )
        return 0;
    int levl[ROWNO][COLNO];
    for( int i = 0 ; i < ROWNO ; i++ )
    {
        for( int j = 0 ; j < COLNO ; j++ )
        {
            int num = __VERIFIER_nondet_int();
            if( num > 0 )
                num = -num;
            levl[i][j] = num % 4;
        }
    }
    int STONE = 0;
    int found = 0;
    for( int xmin = 0; !found ; xmin++ )
    {
        for( int y = 0 ; y <= COLNO - 1; y++ )
        {
            if( levl[xmin][y] != STONE )
                found = 1;
        }
    }
    return 0;
}

"
25,NT,"main:ROWNO:1=2
main:COLNO:1=2
main:num:1=-4
",,COMPLETED,T,false,,"You generate concrete values for nondeterministic inputs in a C/C++ program.
Your goal is to produce ONE complete assignment set that is likely to make the program not terminate.

Important rules:
1. Return a value for EVERY listed nondeterministic input ID.
2. Use each ID exactly once.
3. Respect the declared C/C++ type.
4. For an array, return the value as an array containing exactly the required number of elements.
5. For char arrays, each element must be exactly one character. Return the character itself without C single quotes.
6. Prefer small-magnitude values unless larger values are necessary to achieve the requested execution behavior.

Nondeterministic inputs:
- id: main:ROWNO:1, type: int
- id: main:COLNO:1, type: int
- id: main:num:1, type: int

Previously generated assignment sets are listed below. Generate a materially different set and do not duplicate any of them.
Previous 1: main:ROWNO:1=1; main:COLNO:1=1; main:num:1=1; 
Previous 2: main:ROWNO:1=3; main:COLNO:1=2; main:num:1=5; 
Previous 3: main:ROWNO:1=2; main:COLNO:1=3; main:num:1=1; 
Previous 4: main:ROWNO:1=4; main:COLNO:1=3; main:num:1=1; 
Previous 5: main:ROWNO:1=5; main:COLNO:1=5; main:num:1=3; 
Previous 6: main:ROWNO:1=+2; main:COLNO:1=2; main:num:1=-1; 
Previous 7: main:ROWNO:1=2; main:COLNO:1=3; main:num:1=-3; 
Previous 8: main:ROWNO:1=2; main:COLNO:1=2; main:num:1=1; 
Previous 9: main:ROWNO:1=7; main:COLNO:1=8; main:num:1=-1; 
Previous 10: main:ROWNO:1=3; main:COLNO:1=4; main:num:1=7; 
Previous 11: main:ROWNO:1=10; main:COLNO:1=10; main:num:1=4; 
Previous 12: main:ROWNO:1=1; main:COLNO:1=1; main:num:1=0; 
Previous 13: main:ROWNO:1=2; main:COLNO:1=2; main:num:1=0; 
Previous 14: main:ROWNO:1=12; main:COLNO:1=13; main:num:1=0; 
Previous 15: main:ROWNO:1=2; main:COLNO:1=3; main:num:1=0; 
Previous 16: main:ROWNO:1=1; main:COLNO:1=2; main:num:1=0; 
Previous 17: main:ROWNO:1=3; main:COLNO:1=3; main:num:1=0; 
Previous 18: main:ROWNO:1=2; main:COLNO:1=1; main:num:1=0; 
Previous 19: main:ROWNO:1=3; main:COLNO:1=2; main:num:1=0; 
Previous 20: main:ROWNO:1=65534; main:COLNO:1=65534; main:num:1=0; 
Previous 21: main:ROWNO:1=1; main:COLNO:1=3; main:num:1=0; 
Previous 22: main:ROWNO:1=1; main:COLNO:1=1; main:num:1=-16; 
Previous 23: main:ROWNO:1=1; main:COLNO:1=1; main:num:1=-4; 

Program:
extern int __VERIFIER_nondet_int(void);
/*

Commit Number: fad2eab749cce970fa87fa46186218b2dfe1adc1
URL: https://github.com/NetHack/NetHack/commit/fad2eab749cce970fa87fa46186218b2dfe1adc1
Project Name: NetHack
License: https://github.com/NetHack/NetHack/commit/60df7b2d3b73900481814084be027375b5888765
termination: FALSE

*/
int main()
{
    int ROWNO = __VERIFIER_nondet_int();
    int COLNO = __VERIFIER_nondet_int();
    if( ROWNO <= 0 || COLNO <= 0 || ROWNO > 65534 || COLNO > 65534 )
        return 0;
    int levl[ROWNO][COLNO];
    for( int i = 0 ; i < ROWNO ; i++ )
    {
        for( int j = 0 ; j < COLNO ; j++ )
        {
            int num = __VERIFIER_nondet_int();
            if( num > 0 )
                num = -num;
            levl[i][j] = num % 4;
        }
    }
    int STONE = 0;
    int found = 0;
    for( int xmin = 0; !found ; xmin++ )
    {
        for( int y = 0 ; y <= COLNO - 1; y++ )
        {
            if( levl[xmin][y] != STONE )
                found = 1;
        }
    }
    return 0;
}

"
26,NT,"main:ROWNO:1=2
main:COLNO:1=3
main:num:1=0
",,DUPLICATE,,false,,"You generate concrete values for nondeterministic inputs in a C/C++ program.
Your goal is to produce ONE complete assignment set that is likely to make the program not terminate.

Important rules:
1. Return a value for EVERY listed nondeterministic input ID.
2. Use each ID exactly once.
3. Respect the declared C/C++ type.
4. For an array, return the value as an array containing exactly the required number of elements.
5. For char arrays, each element must be exactly one character. Return the character itself without C single quotes.
6. Prefer small-magnitude values unless larger values are necessary to achieve the requested execution behavior.

Nondeterministic inputs:
- id: main:ROWNO:1, type: int
- id: main:COLNO:1, type: int
- id: main:num:1, type: int

Previously generated assignment sets are listed below. Generate a materially different set and do not duplicate any of them.
Previous 1: main:ROWNO:1=1; main:COLNO:1=1; main:num:1=1; 
Previous 2: main:ROWNO:1=3; main:COLNO:1=2; main:num:1=5; 
Previous 3: main:ROWNO:1=2; main:COLNO:1=3; main:num:1=1; 
Previous 4: main:ROWNO:1=4; main:COLNO:1=3; main:num:1=1; 
Previous 5: main:ROWNO:1=5; main:COLNO:1=5; main:num:1=3; 
Previous 6: main:ROWNO:1=+2; main:COLNO:1=2; main:num:1=-1; 
Previous 7: main:ROWNO:1=2; main:COLNO:1=3; main:num:1=-3; 
Previous 8: main:ROWNO:1=2; main:COLNO:1=2; main:num:1=1; 
Previous 9: main:ROWNO:1=7; main:COLNO:1=8; main:num:1=-1; 
Previous 10: main:ROWNO:1=3; main:COLNO:1=4; main:num:1=7; 
Previous 11: main:ROWNO:1=10; main:COLNO:1=10; main:num:1=4; 
Previous 12: main:ROWNO:1=1; main:COLNO:1=1; main:num:1=0; 
Previous 13: main:ROWNO:1=2; main:COLNO:1=2; main:num:1=0; 
Previous 14: main:ROWNO:1=12; main:COLNO:1=13; main:num:1=0; 
Previous 15: main:ROWNO:1=2; main:COLNO:1=3; main:num:1=0; 
Previous 16: main:ROWNO:1=1; main:COLNO:1=2; main:num:1=0; 
Previous 17: main:ROWNO:1=3; main:COLNO:1=3; main:num:1=0; 
Previous 18: main:ROWNO:1=2; main:COLNO:1=1; main:num:1=0; 
Previous 19: main:ROWNO:1=3; main:COLNO:1=2; main:num:1=0; 
Previous 20: main:ROWNO:1=65534; main:COLNO:1=65534; main:num:1=0; 
Previous 21: main:ROWNO:1=1; main:COLNO:1=3; main:num:1=0; 
Previous 22: main:ROWNO:1=1; main:COLNO:1=1; main:num:1=-16; 
Previous 23: main:ROWNO:1=1; main:COLNO:1=1; main:num:1=-4; 
Previous 24: main:ROWNO:1=2; main:COLNO:1=2; main:num:1=-4; 

Program:
extern int __VERIFIER_nondet_int(void);
/*

Commit Number: fad2eab749cce970fa87fa46186218b2dfe1adc1
URL: https://github.com/NetHack/NetHack/commit/fad2eab749cce970fa87fa46186218b2dfe1adc1
Project Name: NetHack
License: https://github.com/NetHack/NetHack/commit/60df7b2d3b73900481814084be027375b5888765
termination: FALSE

*/
int main()
{
    int ROWNO = __VERIFIER_nondet_int();
    int COLNO = __VERIFIER_nondet_int();
    if( ROWNO <= 0 || COLNO <= 0 || ROWNO > 65534 || COLNO > 65534 )
        return 0;
    int levl[ROWNO][COLNO];
    for( int i = 0 ; i < ROWNO ; i++ )
    {
        for( int j = 0 ; j < COLNO ; j++ )
        {
            int num = __VERIFIER_nondet_int();
            if( num > 0 )
                num = -num;
            levl[i][j] = num % 4;
        }
    }
    int STONE = 0;
    int found = 0;
    for( int xmin = 0; !found ; xmin++ )
    {
        for( int y = 0 ; y <= COLNO - 1; y++ )
        {
            if( levl[xmin][y] != STONE )
                found = 1;
        }
    }
    return 0;
}

"
27,NT,"main:ROWNO:1=1
main:COLNO:1=1
main:num:1=4
",,COMPLETED,T,false,,"You generate concrete values for nondeterministic inputs in a C/C++ program.
Your goal is to produce ONE complete assignment set that is likely to make the program not terminate.

Important rules:
1. Return a value for EVERY listed nondeterministic input ID.
2. Use each ID exactly once.
3. Respect the declared C/C++ type.
4. For an array, return the value as an array containing exactly the required number of elements.
5. For char arrays, each element must be exactly one character. Return the character itself without C single quotes.
6. Prefer small-magnitude values unless larger values are necessary to achieve the requested execution behavior.

Nondeterministic inputs:
- id: main:ROWNO:1, type: int
- id: main:COLNO:1, type: int
- id: main:num:1, type: int

Previously generated assignment sets are listed below. Generate a materially different set and do not duplicate any of them.
Previous 1: main:ROWNO:1=1; main:COLNO:1=1; main:num:1=1; 
Previous 2: main:ROWNO:1=3; main:COLNO:1=2; main:num:1=5; 
Previous 3: main:ROWNO:1=2; main:COLNO:1=3; main:num:1=1; 
Previous 4: main:ROWNO:1=4; main:COLNO:1=3; main:num:1=1; 
Previous 5: main:ROWNO:1=5; main:COLNO:1=5; main:num:1=3; 
Previous 6: main:ROWNO:1=+2; main:COLNO:1=2; main:num:1=-1; 
Previous 7: main:ROWNO:1=2; main:COLNO:1=3; main:num:1=-3; 
Previous 8: main:ROWNO:1=2; main:COLNO:1=2; main:num:1=1; 
Previous 9: main:ROWNO:1=7; main:COLNO:1=8; main:num:1=-1; 
Previous 10: main:ROWNO:1=3; main:COLNO:1=4; main:num:1=7; 
Previous 11: main:ROWNO:1=10; main:COLNO:1=10; main:num:1=4; 
Previous 12: main:ROWNO:1=1; main:COLNO:1=1; main:num:1=0; 
Previous 13: main:ROWNO:1=2; main:COLNO:1=2; main:num:1=0; 
Previous 14: main:ROWNO:1=12; main:COLNO:1=13; main:num:1=0; 
Previous 15: main:ROWNO:1=2; main:COLNO:1=3; main:num:1=0; 
Previous 16: main:ROWNO:1=1; main:COLNO:1=2; main:num:1=0; 
Previous 17: main:ROWNO:1=3; main:COLNO:1=3; main:num:1=0; 
Previous 18: main:ROWNO:1=2; main:COLNO:1=1; main:num:1=0; 
Previous 19: main:ROWNO:1=3; main:COLNO:1=2; main:num:1=0; 
Previous 20: main:ROWNO:1=65534; main:COLNO:1=65534; main:num:1=0; 
Previous 21: main:ROWNO:1=1; main:COLNO:1=3; main:num:1=0; 
Previous 22: main:ROWNO:1=1; main:COLNO:1=1; main:num:1=-16; 
Previous 23: main:ROWNO:1=1; main:COLNO:1=1; main:num:1=-4; 
Previous 24: main:ROWNO:1=2; main:COLNO:1=2; main:num:1=-4; 

Program:
extern int __VERIFIER_nondet_int(void);
/*

Commit Number: fad2eab749cce970fa87fa46186218b2dfe1adc1
URL: https://github.com/NetHack/NetHack/commit/fad2eab749cce970fa87fa46186218b2dfe1adc1
Project Name: NetHack
License: https://github.com/NetHack/NetHack/commit/60df7b2d3b73900481814084be027375b5888765
termination: FALSE

*/
int main()
{
    int ROWNO = __VERIFIER_nondet_int();
    int COLNO = __VERIFIER_nondet_int();
    if( ROWNO <= 0 || COLNO <= 0 || ROWNO > 65534 || COLNO > 65534 )
        return 0;
    int levl[ROWNO][COLNO];
    for( int i = 0 ; i < ROWNO ; i++ )
    {
        for( int j = 0 ; j < COLNO ; j++ )
        {
            int num = __VERIFIER_nondet_int();
            if( num > 0 )
                num = -num;
            levl[i][j] = num % 4;
        }
    }
    int STONE = 0;
    int found = 0;
    for( int xmin = 0; !found ; xmin++ )
    {
        for( int y = 0 ; y <= COLNO - 1; y++ )
        {
            if( levl[xmin][y] != STONE )
                found = 1;
        }
    }
    return 0;
}

"
28,NT,"main:ROWNO:1=4
main:COLNO:1=4
main:num:1=0
",,COMPLETED,T,false,,"You generate concrete values for nondeterministic inputs in a C/C++ program.
Your goal is to produce ONE complete assignment set that is likely to make the program not terminate.

Important rules:
1. Return a value for EVERY listed nondeterministic input ID.
2. Use each ID exactly once.
3. Respect the declared C/C++ type.
4. For an array, return the value as an array containing exactly the required number of elements.
5. For char arrays, each element must be exactly one character. Return the character itself without C single quotes.
6. Prefer small-magnitude values unless larger values are necessary to achieve the requested execution behavior.

Nondeterministic inputs:
- id: main:ROWNO:1, type: int
- id: main:COLNO:1, type: int
- id: main:num:1, type: int

Previously generated assignment sets are listed below. Generate a materially different set and do not duplicate any of them.
Previous 1: main:ROWNO:1=1; main:COLNO:1=1; main:num:1=1; 
Previous 2: main:ROWNO:1=3; main:COLNO:1=2; main:num:1=5; 
Previous 3: main:ROWNO:1=2; main:COLNO:1=3; main:num:1=1; 
Previous 4: main:ROWNO:1=4; main:COLNO:1=3; main:num:1=1; 
Previous 5: main:ROWNO:1=5; main:COLNO:1=5; main:num:1=3; 
Previous 6: main:ROWNO:1=+2; main:COLNO:1=2; main:num:1=-1; 
Previous 7: main:ROWNO:1=2; main:COLNO:1=3; main:num:1=-3; 
Previous 8: main:ROWNO:1=2; main:COLNO:1=2; main:num:1=1; 
Previous 9: main:ROWNO:1=7; main:COLNO:1=8; main:num:1=-1; 
Previous 10: main:ROWNO:1=3; main:COLNO:1=4; main:num:1=7; 
Previous 11: main:ROWNO:1=10; main:COLNO:1=10; main:num:1=4; 
Previous 12: main:ROWNO:1=1; main:COLNO:1=1; main:num:1=0; 
Previous 13: main:ROWNO:1=2; main:COLNO:1=2; main:num:1=0; 
Previous 14: main:ROWNO:1=12; main:COLNO:1=13; main:num:1=0; 
Previous 15: main:ROWNO:1=2; main:COLNO:1=3; main:num:1=0; 
Previous 16: main:ROWNO:1=1; main:COLNO:1=2; main:num:1=0; 
Previous 17: main:ROWNO:1=3; main:COLNO:1=3; main:num:1=0; 
Previous 18: main:ROWNO:1=2; main:COLNO:1=1; main:num:1=0; 
Previous 19: main:ROWNO:1=3; main:COLNO:1=2; main:num:1=0; 
Previous 20: main:ROWNO:1=65534; main:COLNO:1=65534; main:num:1=0; 
Previous 21: main:ROWNO:1=1; main:COLNO:1=3; main:num:1=0; 
Previous 22: main:ROWNO:1=1; main:COLNO:1=1; main:num:1=-16; 
Previous 23: main:ROWNO:1=1; main:COLNO:1=1; main:num:1=-4; 
Previous 24: main:ROWNO:1=2; main:COLNO:1=2; main:num:1=-4; 
Previous 25: main:ROWNO:1=1; main:COLNO:1=1; main:num:1=4; 

Program:
extern int __VERIFIER_nondet_int(void);
/*

Commit Number: fad2eab749cce970fa87fa46186218b2dfe1adc1
URL: https://github.com/NetHack/NetHack/commit/fad2eab749cce970fa87fa46186218b2dfe1adc1
Project Name: NetHack
License: https://github.com/NetHack/NetHack/commit/60df7b2d3b73900481814084be027375b5888765
termination: FALSE

*/
int main()
{
    int ROWNO = __VERIFIER_nondet_int();
    int COLNO = __VERIFIER_nondet_int();
    if( ROWNO <= 0 || COLNO <= 0 || ROWNO > 65534 || COLNO > 65534 )
        return 0;
    int levl[ROWNO][COLNO];
    for( int i = 0 ; i < ROWNO ; i++ )
    {
        for( int j = 0 ; j < COLNO ; j++ )
        {
            int num = __VERIFIER_nondet_int();
            if( num > 0 )
                num = -num;
            levl[i][j] = num % 4;
        }
    }
    int STONE = 0;
    int found = 0;
    for( int xmin = 0; !found ; xmin++ )
    {
        for( int y = 0 ; y <= COLNO - 1; y++ )
        {
            if( levl[xmin][y] != STONE )
                found = 1;
        }
    }
    return 0;
}

"
29,NT,"main:ROWNO:1=10
main:COLNO:1=10
main:num:1=0
",,COMPLETED,T,false,,"You generate concrete values for nondeterministic inputs in a C/C++ program.
Your goal is to produce ONE complete assignment set that is likely to make the program not terminate.

Important rules:
1. Return a value for EVERY listed nondeterministic input ID.
2. Use each ID exactly once.
3. Respect the declared C/C++ type.
4. For an array, return the value as an array containing exactly the required number of elements.
5. For char arrays, each element must be exactly one character. Return the character itself without C single quotes.
6. Prefer small-magnitude values unless larger values are necessary to achieve the requested execution behavior.

Nondeterministic inputs:
- id: main:ROWNO:1, type: int
- id: main:COLNO:1, type: int
- id: main:num:1, type: int

Previously generated assignment sets are listed below. Generate a materially different set and do not duplicate any of them.
Previous 1: main:ROWNO:1=1; main:COLNO:1=1; main:num:1=1; 
Previous 2: main:ROWNO:1=3; main:COLNO:1=2; main:num:1=5; 
Previous 3: main:ROWNO:1=2; main:COLNO:1=3; main:num:1=1; 
Previous 4: main:ROWNO:1=4; main:COLNO:1=3; main:num:1=1; 
Previous 5: main:ROWNO:1=5; main:COLNO:1=5; main:num:1=3; 
Previous 6: main:ROWNO:1=+2; main:COLNO:1=2; main:num:1=-1; 
Previous 7: main:ROWNO:1=2; main:COLNO:1=3; main:num:1=-3; 
Previous 8: main:ROWNO:1=2; main:COLNO:1=2; main:num:1=1; 
Previous 9: main:ROWNO:1=7; main:COLNO:1=8; main:num:1=-1; 
Previous 10: main:ROWNO:1=3; main:COLNO:1=4; main:num:1=7; 
Previous 11: main:ROWNO:1=10; main:COLNO:1=10; main:num:1=4; 
Previous 12: main:ROWNO:1=1; main:COLNO:1=1; main:num:1=0; 
Previous 13: main:ROWNO:1=2; main:COLNO:1=2; main:num:1=0; 
Previous 14: main:ROWNO:1=12; main:COLNO:1=13; main:num:1=0; 
Previous 15: main:ROWNO:1=2; main:COLNO:1=3; main:num:1=0; 
Previous 16: main:ROWNO:1=1; main:COLNO:1=2; main:num:1=0; 
Previous 17: main:ROWNO:1=3; main:COLNO:1=3; main:num:1=0; 
Previous 18: main:ROWNO:1=2; main:COLNO:1=1; main:num:1=0; 
Previous 19: main:ROWNO:1=3; main:COLNO:1=2; main:num:1=0; 
Previous 20: main:ROWNO:1=65534; main:COLNO:1=65534; main:num:1=0; 
Previous 21: main:ROWNO:1=1; main:COLNO:1=3; main:num:1=0; 
Previous 22: main:ROWNO:1=1; main:COLNO:1=1; main:num:1=-16; 
Previous 23: main:ROWNO:1=1; main:COLNO:1=1; main:num:1=-4; 
Previous 24: main:ROWNO:1=2; main:COLNO:1=2; main:num:1=-4; 
Previous 25: main:ROWNO:1=1; main:COLNO:1=1; main:num:1=4; 
Previous 26: main:ROWNO:1=4; main:COLNO:1=4; main:num:1=0; 

Program:
extern int __VERIFIER_nondet_int(void);
/*

Commit Number: fad2eab749cce970fa87fa46186218b2dfe1adc1
URL: https://github.com/NetHack/NetHack/commit/fad2eab749cce970fa87fa46186218b2dfe1adc1
Project Name: NetHack
License: https://github.com/NetHack/NetHack/commit/60df7b2d3b73900481814084be027375b5888765
termination: FALSE

*/
int main()
{
    int ROWNO = __VERIFIER_nondet_int();
    int COLNO = __VERIFIER_nondet_int();
    if( ROWNO <= 0 || COLNO <= 0 || ROWNO > 65534 || COLNO > 65534 )
        return 0;
    int levl[ROWNO][COLNO];
    for( int i = 0 ; i < ROWNO ; i++ )
    {
        for( int j = 0 ; j < COLNO ; j++ )
        {
            int num = __VERIFIER_nondet_int();
            if( num > 0 )
                num = -num;
            levl[i][j] = num % 4;
        }
    }
    int STONE = 0;
    int found = 0;
    for( int xmin = 0; !found ; xmin++ )
    {
        for( int y = 0 ; y <= COLNO - 1; y++ )
        {
            if( levl[xmin][y] != STONE )
                found = 1;
        }
    }
    return 0;
}

"
30,NT,"main:ROWNO:1=100
main:COLNO:1=100
main:num:1=4
",,COMPLETED,T,false,,"You generate concrete values for nondeterministic inputs in a C/C++ program.
Your goal is to produce ONE complete assignment set that is likely to make the program not terminate.

Important rules:
1. Return a value for EVERY listed nondeterministic input ID.
2. Use each ID exactly once.
3. Respect the declared C/C++ type.
4. For an array, return the value as an array containing exactly the required number of elements.
5. For char arrays, each element must be exactly one character. Return the character itself without C single quotes.
6. Prefer small-magnitude values unless larger values are necessary to achieve the requested execution behavior.

Nondeterministic inputs:
- id: main:ROWNO:1, type: int
- id: main:COLNO:1, type: int
- id: main:num:1, type: int

Previously generated assignment sets are listed below. Generate a materially different set and do not duplicate any of them.
Previous 1: main:ROWNO:1=1; main:COLNO:1=1; main:num:1=1; 
Previous 2: main:ROWNO:1=3; main:COLNO:1=2; main:num:1=5; 
Previous 3: main:ROWNO:1=2; main:COLNO:1=3; main:num:1=1; 
Previous 4: main:ROWNO:1=4; main:COLNO:1=3; main:num:1=1; 
Previous 5: main:ROWNO:1=5; main:COLNO:1=5; main:num:1=3; 
Previous 6: main:ROWNO:1=+2; main:COLNO:1=2; main:num:1=-1; 
Previous 7: main:ROWNO:1=2; main:COLNO:1=3; main:num:1=-3; 
Previous 8: main:ROWNO:1=2; main:COLNO:1=2; main:num:1=1; 
Previous 9: main:ROWNO:1=7; main:COLNO:1=8; main:num:1=-1; 
Previous 10: main:ROWNO:1=3; main:COLNO:1=4; main:num:1=7; 
Previous 11: main:ROWNO:1=10; main:COLNO:1=10; main:num:1=4; 
Previous 12: main:ROWNO:1=1; main:COLNO:1=1; main:num:1=0; 
Previous 13: main:ROWNO:1=2; main:COLNO:1=2; main:num:1=0; 
Previous 14: main:ROWNO:1=12; main:COLNO:1=13; main:num:1=0; 
Previous 15: main:ROWNO:1=2; main:COLNO:1=3; main:num:1=0; 
Previous 16: main:ROWNO:1=1; main:COLNO:1=2; main:num:1=0; 
Previous 17: main:ROWNO:1=3; main:COLNO:1=3; main:num:1=0; 
Previous 18: main:ROWNO:1=2; main:COLNO:1=1; main:num:1=0; 
Previous 19: main:ROWNO:1=3; main:COLNO:1=2; main:num:1=0; 
Previous 20: main:ROWNO:1=65534; main:COLNO:1=65534; main:num:1=0; 
Previous 21: main:ROWNO:1=1; main:COLNO:1=3; main:num:1=0; 
Previous 22: main:ROWNO:1=1; main:COLNO:1=1; main:num:1=-16; 
Previous 23: main:ROWNO:1=1; main:COLNO:1=1; main:num:1=-4; 
Previous 24: main:ROWNO:1=2; main:COLNO:1=2; main:num:1=-4; 
Previous 25: main:ROWNO:1=1; main:COLNO:1=1; main:num:1=4; 
Previous 26: main:ROWNO:1=4; main:COLNO:1=4; main:num:1=0; 
Previous 27: main:ROWNO:1=10; main:COLNO:1=10; main:num:1=0; 

Program:
extern int __VERIFIER_nondet_int(void);
/*

Commit Number: fad2eab749cce970fa87fa46186218b2dfe1adc1
URL: https://github.com/NetHack/NetHack/commit/fad2eab749cce970fa87fa46186218b2dfe1adc1
Project Name: NetHack
License: https://github.com/NetHack/NetHack/commit/60df7b2d3b73900481814084be027375b5888765
termination: FALSE

*/
int main()
{
    int ROWNO = __VERIFIER_nondet_int();
    int COLNO = __VERIFIER_nondet_int();
    if( ROWNO <= 0 || COLNO <= 0 || ROWNO > 65534 || COLNO > 65534 )
        return 0;
    int levl[ROWNO][COLNO];
    for( int i = 0 ; i < ROWNO ; i++ )
    {
        for( int j = 0 ; j < COLNO ; j++ )
        {
            int num = __VERIFIER_nondet_int();
            if( num > 0 )
                num = -num;
            levl[i][j] = num % 4;
        }
    }
    int STONE = 0;
    int found = 0;
    for( int xmin = 0; !found ; xmin++ )
    {
        for( int y = 0 ; y <= COLNO - 1; y++ )
        {
            if( levl[xmin][y] != STONE )
                found = 1;
        }
    }
    return 0;
}

"
31,NT,"main:ROWNO:1=5
main:COLNO:1=5
main:num:1=0
",,COMPLETED,T,false,,"You generate concrete values for nondeterministic inputs in a C/C++ program.
Your goal is to produce ONE complete assignment set that is likely to make the program not terminate.

Important rules:
1. Return a value for EVERY listed nondeterministic input ID.
2. Use each ID exactly once.
3. Respect the declared C/C++ type.
4. For an array, return the value as an array containing exactly the required number of elements.
5. For char arrays, each element must be exactly one character. Return the character itself without C single quotes.
6. Prefer small-magnitude values unless larger values are necessary to achieve the requested execution behavior.

Nondeterministic inputs:
- id: main:ROWNO:1, type: int
- id: main:COLNO:1, type: int
- id: main:num:1, type: int

Previously generated assignment sets are listed below. Generate a materially different set and do not duplicate any of them.
Previous 1: main:ROWNO:1=1; main:COLNO:1=1; main:num:1=1; 
Previous 2: main:ROWNO:1=3; main:COLNO:1=2; main:num:1=5; 
Previous 3: main:ROWNO:1=2; main:COLNO:1=3; main:num:1=1; 
Previous 4: main:ROWNO:1=4; main:COLNO:1=3; main:num:1=1; 
Previous 5: main:ROWNO:1=5; main:COLNO:1=5; main:num:1=3; 
Previous 6: main:ROWNO:1=+2; main:COLNO:1=2; main:num:1=-1; 
Previous 7: main:ROWNO:1=2; main:COLNO:1=3; main:num:1=-3; 
Previous 8: main:ROWNO:1=2; main:COLNO:1=2; main:num:1=1; 
Previous 9: main:ROWNO:1=7; main:COLNO:1=8; main:num:1=-1; 
Previous 10: main:ROWNO:1=3; main:COLNO:1=4; main:num:1=7; 
Previous 11: main:ROWNO:1=10; main:COLNO:1=10; main:num:1=4; 
Previous 12: main:ROWNO:1=1; main:COLNO:1=1; main:num:1=0; 
Previous 13: main:ROWNO:1=2; main:COLNO:1=2; main:num:1=0; 
Previous 14: main:ROWNO:1=12; main:COLNO:1=13; main:num:1=0; 
Previous 15: main:ROWNO:1=2; main:COLNO:1=3; main:num:1=0; 
Previous 16: main:ROWNO:1=1; main:COLNO:1=2; main:num:1=0; 
Previous 17: main:ROWNO:1=3; main:COLNO:1=3; main:num:1=0; 
Previous 18: main:ROWNO:1=2; main:COLNO:1=1; main:num:1=0; 
Previous 19: main:ROWNO:1=3; main:COLNO:1=2; main:num:1=0; 
Previous 20: main:ROWNO:1=65534; main:COLNO:1=65534; main:num:1=0; 
Previous 21: main:ROWNO:1=1; main:COLNO:1=3; main:num:1=0; 
Previous 22: main:ROWNO:1=1; main:COLNO:1=1; main:num:1=-16; 
Previous 23: main:ROWNO:1=1; main:COLNO:1=1; main:num:1=-4; 
Previous 24: main:ROWNO:1=2; main:COLNO:1=2; main:num:1=-4; 
Previous 25: main:ROWNO:1=1; main:COLNO:1=1; main:num:1=4; 
Previous 26: main:ROWNO:1=4; main:COLNO:1=4; main:num:1=0; 
Previous 27: main:ROWNO:1=10; main:COLNO:1=10; main:num:1=0; 
Previous 28: main:ROWNO:1=100; main:COLNO:1=100; main:num:1=4; 

Program:
extern int __VERIFIER_nondet_int(void);
/*

Commit Number: fad2eab749cce970fa87fa46186218b2dfe1adc1
URL: https://github.com/NetHack/NetHack/commit/fad2eab749cce970fa87fa46186218b2dfe1adc1
Project Name: NetHack
License: https://github.com/NetHack/NetHack/commit/60df7b2d3b73900481814084be027375b5888765
termination: FALSE

*/
int main()
{
    int ROWNO = __VERIFIER_nondet_int();
    int COLNO = __VERIFIER_nondet_int();
    if( ROWNO <= 0 || COLNO <= 0 || ROWNO > 65534 || COLNO > 65534 )
        return 0;
    int levl[ROWNO][COLNO];
    for( int i = 0 ; i < ROWNO ; i++ )
    {
        for( int j = 0 ; j < COLNO ; j++ )
        {
            int num = __VERIFIER_nondet_int();
            if( num > 0 )
                num = -num;
            levl[i][j] = num % 4;
        }
    }
    int STONE = 0;
    int found = 0;
    for( int xmin = 0; !found ; xmin++ )
    {
        for( int y = 0 ; y <= COLNO - 1; y++ )
        {
            if( levl[xmin][y] != STONE )
                found = 1;
        }
    }
    return 0;
}

"
32,NT,"main:ROWNO:1=10
main:COLNO:1=5
main:num:1=-4
",,COMPLETED,T,false,,"You generate concrete values for nondeterministic inputs in a C/C++ program.
Your goal is to produce ONE complete assignment set that is likely to make the program not terminate.

Important rules:
1. Return a value for EVERY listed nondeterministic input ID.
2. Use each ID exactly once.
3. Respect the declared C/C++ type.
4. For an array, return the value as an array containing exactly the required number of elements.
5. For char arrays, each element must be exactly one character. Return the character itself without C single quotes.
6. Prefer small-magnitude values unless larger values are necessary to achieve the requested execution behavior.

Nondeterministic inputs:
- id: main:ROWNO:1, type: int
- id: main:COLNO:1, type: int
- id: main:num:1, type: int

Previously generated assignment sets are listed below. Generate a materially different set and do not duplicate any of them.
Previous 1: main:ROWNO:1=1; main:COLNO:1=1; main:num:1=1; 
Previous 2: main:ROWNO:1=3; main:COLNO:1=2; main:num:1=5; 
Previous 3: main:ROWNO:1=2; main:COLNO:1=3; main:num:1=1; 
Previous 4: main:ROWNO:1=4; main:COLNO:1=3; main:num:1=1; 
Previous 5: main:ROWNO:1=5; main:COLNO:1=5; main:num:1=3; 
Previous 6: main:ROWNO:1=+2; main:COLNO:1=2; main:num:1=-1; 
Previous 7: main:ROWNO:1=2; main:COLNO:1=3; main:num:1=-3; 
Previous 8: main:ROWNO:1=2; main:COLNO:1=2; main:num:1=1; 
Previous 9: main:ROWNO:1=7; main:COLNO:1=8; main:num:1=-1; 
Previous 10: main:ROWNO:1=3; main:COLNO:1=4; main:num:1=7; 
Previous 11: main:ROWNO:1=10; main:COLNO:1=10; main:num:1=4; 
Previous 12: main:ROWNO:1=1; main:COLNO:1=1; main:num:1=0; 
Previous 13: main:ROWNO:1=2; main:COLNO:1=2; main:num:1=0; 
Previous 14: main:ROWNO:1=12; main:COLNO:1=13; main:num:1=0; 
Previous 15: main:ROWNO:1=2; main:COLNO:1=3; main:num:1=0; 
Previous 16: main:ROWNO:1=1; main:COLNO:1=2; main:num:1=0; 
Previous 17: main:ROWNO:1=3; main:COLNO:1=3; main:num:1=0; 
Previous 18: main:ROWNO:1=2; main:COLNO:1=1; main:num:1=0; 
Previous 19: main:ROWNO:1=3; main:COLNO:1=2; main:num:1=0; 
Previous 20: main:ROWNO:1=65534; main:COLNO:1=65534; main:num:1=0; 
Previous 21: main:ROWNO:1=1; main:COLNO:1=3; main:num:1=0; 
Previous 22: main:ROWNO:1=1; main:COLNO:1=1; main:num:1=-16; 
Previous 23: main:ROWNO:1=1; main:COLNO:1=1; main:num:1=-4; 
Previous 24: main:ROWNO:1=2; main:COLNO:1=2; main:num:1=-4; 
Previous 25: main:ROWNO:1=1; main:COLNO:1=1; main:num:1=4; 
Previous 26: main:ROWNO:1=4; main:COLNO:1=4; main:num:1=0; 
Previous 27: main:ROWNO:1=10; main:COLNO:1=10; main:num:1=0; 
Previous 28: main:ROWNO:1=100; main:COLNO:1=100; main:num:1=4; 
Previous 29: main:ROWNO:1=5; main:COLNO:1=5; main:num:1=0; 

Program:
extern int __VERIFIER_nondet_int(void);
/*

Commit Number: fad2eab749cce970fa87fa46186218b2dfe1adc1
URL: https://github.com/NetHack/NetHack/commit/fad2eab749cce970fa87fa46186218b2dfe1adc1
Project Name: NetHack
License: https://github.com/NetHack/NetHack/commit/60df7b2d3b73900481814084be027375b5888765
termination: FALSE

*/
int main()
{
    int ROWNO = __VERIFIER_nondet_int();
    int COLNO = __VERIFIER_nondet_int();
    if( ROWNO <= 0 || COLNO <= 0 || ROWNO > 65534 || COLNO > 65534 )
        return 0;
    int levl[ROWNO][COLNO];
    for( int i = 0 ; i < ROWNO ; i++ )
    {
        for( int j = 0 ; j < COLNO ; j++ )
        {
            int num = __VERIFIER_nondet_int();
            if( num > 0 )
                num = -num;
            levl[i][j] = num % 4;
        }
    }
    int STONE = 0;
    int found = 0;
    for( int xmin = 0; !found ; xmin++ )
    {
        for( int y = 0 ; y <= COLNO - 1; y++ )
        {
            if( levl[xmin][y] != STONE )
                found = 1;
        }
    }
    return 0;
}

"
33,NT,"main:ROWNO:1=1
main:COLNO:1=2
main:num:1=4
",,COMPLETED,T,false,,"You generate concrete values for nondeterministic inputs in a C/C++ program.
Your goal is to produce ONE complete assignment set that is likely to make the program not terminate.

Important rules:
1. Return a value for EVERY listed nondeterministic input ID.
2. Use each ID exactly once.
3. Respect the declared C/C++ type.
4. For an array, return the value as an array containing exactly the required number of elements.
5. For char arrays, each element must be exactly one character. Return the character itself without C single quotes.
6. Prefer small-magnitude values unless larger values are necessary to achieve the requested execution behavior.

Nondeterministic inputs:
- id: main:ROWNO:1, type: int
- id: main:COLNO:1, type: int
- id: main:num:1, type: int

Previously generated assignment sets are listed below. Generate a materially different set and do not duplicate any of them.
Previous 1: main:ROWNO:1=1; main:COLNO:1=1; main:num:1=1; 
Previous 2: main:ROWNO:1=3; main:COLNO:1=2; main:num:1=5; 
Previous 3: main:ROWNO:1=2; main:COLNO:1=3; main:num:1=1; 
Previous 4: main:ROWNO:1=4; main:COLNO:1=3; main:num:1=1; 
Previous 5: main:ROWNO:1=5; main:COLNO:1=5; main:num:1=3; 
Previous 6: main:ROWNO:1=+2; main:COLNO:1=2; main:num:1=-1; 
Previous 7: main:ROWNO:1=2; main:COLNO:1=3; main:num:1=-3; 
Previous 8: main:ROWNO:1=2; main:COLNO:1=2; main:num:1=1; 
Previous 9: main:ROWNO:1=7; main:COLNO:1=8; main:num:1=-1; 
Previous 10: main:ROWNO:1=3; main:COLNO:1=4; main:num:1=7; 
Previous 11: main:ROWNO:1=10; main:COLNO:1=10; main:num:1=4; 
Previous 12: main:ROWNO:1=1; main:COLNO:1=1; main:num:1=0; 
Previous 13: main:ROWNO:1=2; main:COLNO:1=2; main:num:1=0; 
Previous 14: main:ROWNO:1=12; main:COLNO:1=13; main:num:1=0; 
Previous 15: main:ROWNO:1=2; main:COLNO:1=3; main:num:1=0; 
Previous 16: main:ROWNO:1=1; main:COLNO:1=2; main:num:1=0; 
Previous 17: main:ROWNO:1=3; main:COLNO:1=3; main:num:1=0; 
Previous 18: main:ROWNO:1=2; main:COLNO:1=1; main:num:1=0; 
Previous 19: main:ROWNO:1=3; main:COLNO:1=2; main:num:1=0; 
Previous 20: main:ROWNO:1=65534; main:COLNO:1=65534; main:num:1=0; 
Previous 21: main:ROWNO:1=1; main:COLNO:1=3; main:num:1=0; 
Previous 22: main:ROWNO:1=1; main:COLNO:1=1; main:num:1=-16; 
Previous 23: main:ROWNO:1=1; main:COLNO:1=1; main:num:1=-4; 
Previous 24: main:ROWNO:1=2; main:COLNO:1=2; main:num:1=-4; 
Previous 25: main:ROWNO:1=1; main:COLNO:1=1; main:num:1=4; 
Previous 26: main:ROWNO:1=4; main:COLNO:1=4; main:num:1=0; 
Previous 27: main:ROWNO:1=10; main:COLNO:1=10; main:num:1=0; 
Previous 28: main:ROWNO:1=100; main:COLNO:1=100; main:num:1=4; 
Previous 29: main:ROWNO:1=5; main:COLNO:1=5; main:num:1=0; 
Previous 30: main:ROWNO:1=10; main:COLNO:1=5; main:num:1=-4; 

Program:
extern int __VERIFIER_nondet_int(void);
/*

Commit Number: fad2eab749cce970fa87fa46186218b2dfe1adc1
URL: https://github.com/NetHack/NetHack/commit/fad2eab749cce970fa87fa46186218b2dfe1adc1
Project Name: NetHack
License: https://github.com/NetHack/NetHack/commit/60df7b2d3b73900481814084be027375b5888765
termination: FALSE

*/
int main()
{
    int ROWNO = __VERIFIER_nondet_int();
    int COLNO = __VERIFIER_nondet_int();
    if( ROWNO <= 0 || COLNO <= 0 || ROWNO > 65534 || COLNO > 65534 )
        return 0;
    int levl[ROWNO][COLNO];
    for( int i = 0 ; i < ROWNO ; i++ )
    {
        for( int j = 0 ; j < COLNO ; j++ )
        {
            int num = __VERIFIER_nondet_int();
            if( num > 0 )
                num = -num;
            levl[i][j] = num % 4;
        }
    }
    int STONE = 0;
    int found = 0;
    for( int xmin = 0; !found ; xmin++ )
    {
        for( int y = 0 ; y <= COLNO - 1; y++ )
        {
            if( levl[xmin][y] != STONE )
                found = 1;
        }
    }
    return 0;
}

"
34,NT,"main:ROWNO:1=6
main:COLNO:1=6
main:num:1=0
",,COMPLETED,T,false,,"You generate concrete values for nondeterministic inputs in a C/C++ program.
Your goal is to produce ONE complete assignment set that is likely to make the program not terminate.

Important rules:
1. Return a value for EVERY listed nondeterministic input ID.
2. Use each ID exactly once.
3. Respect the declared C/C++ type.
4. For an array, return the value as an array containing exactly the required number of elements.
5. For char arrays, each element must be exactly one character. Return the character itself without C single quotes.
6. Prefer small-magnitude values unless larger values are necessary to achieve the requested execution behavior.

Nondeterministic inputs:
- id: main:ROWNO:1, type: int
- id: main:COLNO:1, type: int
- id: main:num:1, type: int

Previously generated assignment sets are listed below. Generate a materially different set and do not duplicate any of them.
Previous 1: main:ROWNO:1=1; main:COLNO:1=1; main:num:1=1; 
Previous 2: main:ROWNO:1=3; main:COLNO:1=2; main:num:1=5; 
Previous 3: main:ROWNO:1=2; main:COLNO:1=3; main:num:1=1; 
Previous 4: main:ROWNO:1=4; main:COLNO:1=3; main:num:1=1; 
Previous 5: main:ROWNO:1=5; main:COLNO:1=5; main:num:1=3; 
Previous 6: main:ROWNO:1=+2; main:COLNO:1=2; main:num:1=-1; 
Previous 7: main:ROWNO:1=2; main:COLNO:1=3; main:num:1=-3; 
Previous 8: main:ROWNO:1=2; main:COLNO:1=2; main:num:1=1; 
Previous 9: main:ROWNO:1=7; main:COLNO:1=8; main:num:1=-1; 
Previous 10: main:ROWNO:1=3; main:COLNO:1=4; main:num:1=7; 
Previous 11: main:ROWNO:1=10; main:COLNO:1=10; main:num:1=4; 
Previous 12: main:ROWNO:1=1; main:COLNO:1=1; main:num:1=0; 
Previous 13: main:ROWNO:1=2; main:COLNO:1=2; main:num:1=0; 
Previous 14: main:ROWNO:1=12; main:COLNO:1=13; main:num:1=0; 
Previous 15: main:ROWNO:1=2; main:COLNO:1=3; main:num:1=0; 
Previous 16: main:ROWNO:1=1; main:COLNO:1=2; main:num:1=0; 
Previous 17: main:ROWNO:1=3; main:COLNO:1=3; main:num:1=0; 
Previous 18: main:ROWNO:1=2; main:COLNO:1=1; main:num:1=0; 
Previous 19: main:ROWNO:1=3; main:COLNO:1=2; main:num:1=0; 
Previous 20: main:ROWNO:1=65534; main:COLNO:1=65534; main:num:1=0; 
Previous 21: main:ROWNO:1=1; main:COLNO:1=3; main:num:1=0; 
Previous 22: main:ROWNO:1=1; main:COLNO:1=1; main:num:1=-16; 
Previous 23: main:ROWNO:1=1; main:COLNO:1=1; main:num:1=-4; 
Previous 24: main:ROWNO:1=2; main:COLNO:1=2; main:num:1=-4; 
Previous 25: main:ROWNO:1=1; main:COLNO:1=1; main:num:1=4; 
Previous 26: main:ROWNO:1=4; main:COLNO:1=4; main:num:1=0; 
Previous 27: main:ROWNO:1=10; main:COLNO:1=10; main:num:1=0; 
Previous 28: main:ROWNO:1=100; main:COLNO:1=100; main:num:1=4; 
Previous 29: main:ROWNO:1=5; main:COLNO:1=5; main:num:1=0; 
Previous 30: main:ROWNO:1=10; main:COLNO:1=5; main:num:1=-4; 
Previous 31: main:ROWNO:1=1; main:COLNO:1=2; main:num:1=4; 

Program:
extern int __VERIFIER_nondet_int(void);
/*

Commit Number: fad2eab749cce970fa87fa46186218b2dfe1adc1
URL: https://github.com/NetHack/NetHack/commit/fad2eab749cce970fa87fa46186218b2dfe1adc1
Project Name: NetHack
License: https://github.com/NetHack/NetHack/commit/60df7b2d3b73900481814084be027375b5888765
termination: FALSE

*/
int main()
{
    int ROWNO = __VERIFIER_nondet_int();
    int COLNO = __VERIFIER_nondet_int();
    if( ROWNO <= 0 || COLNO <= 0 || ROWNO > 65534 || COLNO > 65534 )
        return 0;
    int levl[ROWNO][COLNO];
    for( int i = 0 ; i < ROWNO ; i++ )
    {
        for( int j = 0 ; j < COLNO ; j++ )
        {
            int num = __VERIFIER_nondet_int();
            if( num > 0 )
                num = -num;
            levl[i][j] = num % 4;
        }
    }
    int STONE = 0;
    int found = 0;
    for( int xmin = 0; !found ; xmin++ )
    {
        for( int y = 0 ; y <= COLNO - 1; y++ )
        {
            if( levl[xmin][y] != STONE )
                found = 1;
        }
    }
    return 0;
}

"
35,NT,"main:ROWNO:1=2
main:COLNO:1=2
main:num:1=4
",,COMPLETED,T,false,,"You generate concrete values for nondeterministic inputs in a C/C++ program.
Your goal is to produce ONE complete assignment set that is likely to make the program not terminate.

Important rules:
1. Return a value for EVERY listed nondeterministic input ID.
2. Use each ID exactly once.
3. Respect the declared C/C++ type.
4. For an array, return the value as an array containing exactly the required number of elements.
5. For char arrays, each element must be exactly one character. Return the character itself without C single quotes.
6. Prefer small-magnitude values unless larger values are necessary to achieve the requested execution behavior.

Nondeterministic inputs:
- id: main:ROWNO:1, type: int
- id: main:COLNO:1, type: int
- id: main:num:1, type: int

Previously generated assignment sets are listed below. Generate a materially different set and do not duplicate any of them.
Previous 1: main:ROWNO:1=1; main:COLNO:1=1; main:num:1=1; 
Previous 2: main:ROWNO:1=3; main:COLNO:1=2; main:num:1=5; 
Previous 3: main:ROWNO:1=2; main:COLNO:1=3; main:num:1=1; 
Previous 4: main:ROWNO:1=4; main:COLNO:1=3; main:num:1=1; 
Previous 5: main:ROWNO:1=5; main:COLNO:1=5; main:num:1=3; 
Previous 6: main:ROWNO:1=+2; main:COLNO:1=2; main:num:1=-1; 
Previous 7: main:ROWNO:1=2; main:COLNO:1=3; main:num:1=-3; 
Previous 8: main:ROWNO:1=2; main:COLNO:1=2; main:num:1=1; 
Previous 9: main:ROWNO:1=7; main:COLNO:1=8; main:num:1=-1; 
Previous 10: main:ROWNO:1=3; main:COLNO:1=4; main:num:1=7; 
Previous 11: main:ROWNO:1=10; main:COLNO:1=10; main:num:1=4; 
Previous 12: main:ROWNO:1=1; main:COLNO:1=1; main:num:1=0; 
Previous 13: main:ROWNO:1=2; main:COLNO:1=2; main:num:1=0; 
Previous 14: main:ROWNO:1=12; main:COLNO:1=13; main:num:1=0; 
Previous 15: main:ROWNO:1=2; main:COLNO:1=3; main:num:1=0; 
Previous 16: main:ROWNO:1=1; main:COLNO:1=2; main:num:1=0; 
Previous 17: main:ROWNO:1=3; main:COLNO:1=3; main:num:1=0; 
Previous 18: main:ROWNO:1=2; main:COLNO:1=1; main:num:1=0; 
Previous 19: main:ROWNO:1=3; main:COLNO:1=2; main:num:1=0; 
Previous 20: main:ROWNO:1=65534; main:COLNO:1=65534; main:num:1=0; 
Previous 21: main:ROWNO:1=1; main:COLNO:1=3; main:num:1=0; 
Previous 22: main:ROWNO:1=1; main:COLNO:1=1; main:num:1=-16; 
Previous 23: main:ROWNO:1=1; main:COLNO:1=1; main:num:1=-4; 
Previous 24: main:ROWNO:1=2; main:COLNO:1=2; main:num:1=-4; 
Previous 25: main:ROWNO:1=1; main:COLNO:1=1; main:num:1=4; 
Previous 26: main:ROWNO:1=4; main:COLNO:1=4; main:num:1=0; 
Previous 27: main:ROWNO:1=10; main:COLNO:1=10; main:num:1=0; 
Previous 28: main:ROWNO:1=100; main:COLNO:1=100; main:num:1=4; 
Previous 29: main:ROWNO:1=5; main:COLNO:1=5; main:num:1=0; 
Previous 30: main:ROWNO:1=10; main:COLNO:1=5; main:num:1=-4; 
Previous 31: main:ROWNO:1=1; main:COLNO:1=2; main:num:1=4; 
Previous 32: main:ROWNO:1=6; main:COLNO:1=6; main:num:1=0; 

Program:
extern int __VERIFIER_nondet_int(void);
/*

Commit Number: fad2eab749cce970fa87fa46186218b2dfe1adc1
URL: https://github.com/NetHack/NetHack/commit/fad2eab749cce970fa87fa46186218b2dfe1adc1
Project Name: NetHack
License: https://github.com/NetHack/NetHack/commit/60df7b2d3b73900481814084be027375b5888765
termination: FALSE

*/
int main()
{
    int ROWNO = __VERIFIER_nondet_int();
    int COLNO = __VERIFIER_nondet_int();
    if( ROWNO <= 0 || COLNO <= 0 || ROWNO > 65534 || COLNO > 65534 )
        return 0;
    int levl[ROWNO][COLNO];
    for( int i = 0 ; i < ROWNO ; i++ )
    {
        for( int j = 0 ; j < COLNO ; j++ )
        {
            int num = __VERIFIER_nondet_int();
            if( num > 0 )
                num = -num;
            levl[i][j] = num % 4;
        }
    }
    int STONE = 0;
    int found = 0;
    for( int xmin = 0; !found ; xmin++ )
    {
        for( int y = 0 ; y <= COLNO - 1; y++ )
        {
            if( levl[xmin][y] != STONE )
                found = 1;
        }
    }
    return 0;
}

"
36,NT,"main:ROWNO:1=3
main:COLNO:1=3
main:num:1=0
",,DUPLICATE,,false,,"You generate concrete values for nondeterministic inputs in a C/C++ program.
Your goal is to produce ONE complete assignment set that is likely to make the program not terminate.

Important rules:
1. Return a value for EVERY listed nondeterministic input ID.
2. Use each ID exactly once.
3. Respect the declared C/C++ type.
4. For an array, return the value as an array containing exactly the required number of elements.
5. For char arrays, each element must be exactly one character. Return the character itself without C single quotes.
6. Prefer small-magnitude values unless larger values are necessary to achieve the requested execution behavior.

Nondeterministic inputs:
- id: main:ROWNO:1, type: int
- id: main:COLNO:1, type: int
- id: main:num:1, type: int

Previously generated assignment sets are listed below. Generate a materially different set and do not duplicate any of them.
Previous 1: main:ROWNO:1=1; main:COLNO:1=1; main:num:1=1; 
Previous 2: main:ROWNO:1=3; main:COLNO:1=2; main:num:1=5; 
Previous 3: main:ROWNO:1=2; main:COLNO:1=3; main:num:1=1; 
Previous 4: main:ROWNO:1=4; main:COLNO:1=3; main:num:1=1; 
Previous 5: main:ROWNO:1=5; main:COLNO:1=5; main:num:1=3; 
Previous 6: main:ROWNO:1=+2; main:COLNO:1=2; main:num:1=-1; 
Previous 7: main:ROWNO:1=2; main:COLNO:1=3; main:num:1=-3; 
Previous 8: main:ROWNO:1=2; main:COLNO:1=2; main:num:1=1; 
Previous 9: main:ROWNO:1=7; main:COLNO:1=8; main:num:1=-1; 
Previous 10: main:ROWNO:1=3; main:COLNO:1=4; main:num:1=7; 
Previous 11: main:ROWNO:1=10; main:COLNO:1=10; main:num:1=4; 
Previous 12: main:ROWNO:1=1; main:COLNO:1=1; main:num:1=0; 
Previous 13: main:ROWNO:1=2; main:COLNO:1=2; main:num:1=0; 
Previous 14: main:ROWNO:1=12; main:COLNO:1=13; main:num:1=0; 
Previous 15: main:ROWNO:1=2; main:COLNO:1=3; main:num:1=0; 
Previous 16: main:ROWNO:1=1; main:COLNO:1=2; main:num:1=0; 
Previous 17: main:ROWNO:1=3; main:COLNO:1=3; main:num:1=0; 
Previous 18: main:ROWNO:1=2; main:COLNO:1=1; main:num:1=0; 
Previous 19: main:ROWNO:1=3; main:COLNO:1=2; main:num:1=0; 
Previous 20: main:ROWNO:1=65534; main:COLNO:1=65534; main:num:1=0; 
Previous 21: main:ROWNO:1=1; main:COLNO:1=3; main:num:1=0; 
Previous 22: main:ROWNO:1=1; main:COLNO:1=1; main:num:1=-16; 
Previous 23: main:ROWNO:1=1; main:COLNO:1=1; main:num:1=-4; 
Previous 24: main:ROWNO:1=2; main:COLNO:1=2; main:num:1=-4; 
Previous 25: main:ROWNO:1=1; main:COLNO:1=1; main:num:1=4; 
Previous 26: main:ROWNO:1=4; main:COLNO:1=4; main:num:1=0; 
Previous 27: main:ROWNO:1=10; main:COLNO:1=10; main:num:1=0; 
Previous 28: main:ROWNO:1=100; main:COLNO:1=100; main:num:1=4; 
Previous 29: main:ROWNO:1=5; main:COLNO:1=5; main:num:1=0; 
Previous 30: main:ROWNO:1=10; main:COLNO:1=5; main:num:1=-4; 
Previous 31: main:ROWNO:1=1; main:COLNO:1=2; main:num:1=4; 
Previous 32: main:ROWNO:1=6; main:COLNO:1=6; main:num:1=0; 
Previous 33: main:ROWNO:1=2; main:COLNO:1=2; main:num:1=4; 

Program:
extern int __VERIFIER_nondet_int(void);
/*

Commit Number: fad2eab749cce970fa87fa46186218b2dfe1adc1
URL: https://github.com/NetHack/NetHack/commit/fad2eab749cce970fa87fa46186218b2dfe1adc1
Project Name: NetHack
License: https://github.com/NetHack/NetHack/commit/60df7b2d3b73900481814084be027375b5888765
termination: FALSE

*/
int main()
{
    int ROWNO = __VERIFIER_nondet_int();
    int COLNO = __VERIFIER_nondet_int();
    if( ROWNO <= 0 || COLNO <= 0 || ROWNO > 65534 || COLNO > 65534 )
        return 0;
    int levl[ROWNO][COLNO];
    for( int i = 0 ; i < ROWNO ; i++ )
    {
        for( int j = 0 ; j < COLNO ; j++ )
        {
            int num = __VERIFIER_nondet_int();
            if( num > 0 )
                num = -num;
            levl[i][j] = num % 4;
        }
    }
    int STONE = 0;
    int found = 0;
    for( int xmin = 0; !found ; xmin++ )
    {
        for( int y = 0 ; y <= COLNO - 1; y++ )
        {
            if( levl[xmin][y] != STONE )
                found = 1;
        }
    }
    return 0;
}

"
37,NT,"main:ROWNO:1=100
main:COLNO:1=1
main:num:1=-4
",,COMPLETED,T,false,,"You generate concrete values for nondeterministic inputs in a C/C++ program.
Your goal is to produce ONE complete assignment set that is likely to make the program not terminate.

Important rules:
1. Return a value for EVERY listed nondeterministic input ID.
2. Use each ID exactly once.
3. Respect the declared C/C++ type.
4. For an array, return the value as an array containing exactly the required number of elements.
5. For char arrays, each element must be exactly one character. Return the character itself without C single quotes.
6. Prefer small-magnitude values unless larger values are necessary to achieve the requested execution behavior.

Nondeterministic inputs:
- id: main:ROWNO:1, type: int
- id: main:COLNO:1, type: int
- id: main:num:1, type: int

Previously generated assignment sets are listed below. Generate a materially different set and do not duplicate any of them.
Previous 1: main:ROWNO:1=1; main:COLNO:1=1; main:num:1=1; 
Previous 2: main:ROWNO:1=3; main:COLNO:1=2; main:num:1=5; 
Previous 3: main:ROWNO:1=2; main:COLNO:1=3; main:num:1=1; 
Previous 4: main:ROWNO:1=4; main:COLNO:1=3; main:num:1=1; 
Previous 5: main:ROWNO:1=5; main:COLNO:1=5; main:num:1=3; 
Previous 6: main:ROWNO:1=+2; main:COLNO:1=2; main:num:1=-1; 
Previous 7: main:ROWNO:1=2; main:COLNO:1=3; main:num:1=-3; 
Previous 8: main:ROWNO:1=2; main:COLNO:1=2; main:num:1=1; 
Previous 9: main:ROWNO:1=7; main:COLNO:1=8; main:num:1=-1; 
Previous 10: main:ROWNO:1=3; main:COLNO:1=4; main:num:1=7; 
Previous 11: main:ROWNO:1=10; main:COLNO:1=10; main:num:1=4; 
Previous 12: main:ROWNO:1=1; main:COLNO:1=1; main:num:1=0; 
Previous 13: main:ROWNO:1=2; main:COLNO:1=2; main:num:1=0; 
Previous 14: main:ROWNO:1=12; main:COLNO:1=13; main:num:1=0; 
Previous 15: main:ROWNO:1=2; main:COLNO:1=3; main:num:1=0; 
Previous 16: main:ROWNO:1=1; main:COLNO:1=2; main:num:1=0; 
Previous 17: main:ROWNO:1=3; main:COLNO:1=3; main:num:1=0; 
Previous 18: main:ROWNO:1=2; main:COLNO:1=1; main:num:1=0; 
Previous 19: main:ROWNO:1=3; main:COLNO:1=2; main:num:1=0; 
Previous 20: main:ROWNO:1=65534; main:COLNO:1=65534; main:num:1=0; 
Previous 21: main:ROWNO:1=1; main:COLNO:1=3; main:num:1=0; 
Previous 22: main:ROWNO:1=1; main:COLNO:1=1; main:num:1=-16; 
Previous 23: main:ROWNO:1=1; main:COLNO:1=1; main:num:1=-4; 
Previous 24: main:ROWNO:1=2; main:COLNO:1=2; main:num:1=-4; 
Previous 25: main:ROWNO:1=1; main:COLNO:1=1; main:num:1=4; 
Previous 26: main:ROWNO:1=4; main:COLNO:1=4; main:num:1=0; 
Previous 27: main:ROWNO:1=10; main:COLNO:1=10; main:num:1=0; 
Previous 28: main:ROWNO:1=100; main:COLNO:1=100; main:num:1=4; 
Previous 29: main:ROWNO:1=5; main:COLNO:1=5; main:num:1=0; 
Previous 30: main:ROWNO:1=10; main:COLNO:1=5; main:num:1=-4; 
Previous 31: main:ROWNO:1=1; main:COLNO:1=2; main:num:1=4; 
Previous 32: main:ROWNO:1=6; main:COLNO:1=6; main:num:1=0; 
Previous 33: main:ROWNO:1=2; main:COLNO:1=2; main:num:1=4; 

Program:
extern int __VERIFIER_nondet_int(void);
/*

Commit Number: fad2eab749cce970fa87fa46186218b2dfe1adc1
URL: https://github.com/NetHack/NetHack/commit/fad2eab749cce970fa87fa46186218b2dfe1adc1
Project Name: NetHack
License: https://github.com/NetHack/NetHack/commit/60df7b2d3b73900481814084be027375b5888765
termination: FALSE

*/
int main()
{
    int ROWNO = __VERIFIER_nondet_int();
    int COLNO = __VERIFIER_nondet_int();
    if( ROWNO <= 0 || COLNO <= 0 || ROWNO > 65534 || COLNO > 65534 )
        return 0;
    int levl[ROWNO][COLNO];
    for( int i = 0 ; i < ROWNO ; i++ )
    {
        for( int j = 0 ; j < COLNO ; j++ )
        {
            int num = __VERIFIER_nondet_int();
            if( num > 0 )
                num = -num;
            levl[i][j] = num % 4;
        }
    }
    int STONE = 0;
    int found = 0;
    for( int xmin = 0; !found ; xmin++ )
    {
        for( int y = 0 ; y <= COLNO - 1; y++ )
        {
            if( levl[xmin][y] != STONE )
                found = 1;
        }
    }
    return 0;
}

"
38,NT,"main:ROWNO:1=3
main:COLNO:1=5
main:num:1=0
",,COMPLETED,T,false,,"You generate concrete values for nondeterministic inputs in a C/C++ program.
Your goal is to produce ONE complete assignment set that is likely to make the program not terminate.

Important rules:
1. Return a value for EVERY listed nondeterministic input ID.
2. Use each ID exactly once.
3. Respect the declared C/C++ type.
4. For an array, return the value as an array containing exactly the required number of elements.
5. For char arrays, each element must be exactly one character. Return the character itself without C single quotes.
6. Prefer small-magnitude values unless larger values are necessary to achieve the requested execution behavior.

Nondeterministic inputs:
- id: main:ROWNO:1, type: int
- id: main:COLNO:1, type: int
- id: main:num:1, type: int

Previously generated assignment sets are listed below. Generate a materially different set and do not duplicate any of them.
Previous 1: main:ROWNO:1=1; main:COLNO:1=1; main:num:1=1; 
Previous 2: main:ROWNO:1=3; main:COLNO:1=2; main:num:1=5; 
Previous 3: main:ROWNO:1=2; main:COLNO:1=3; main:num:1=1; 
Previous 4: main:ROWNO:1=4; main:COLNO:1=3; main:num:1=1; 
Previous 5: main:ROWNO:1=5; main:COLNO:1=5; main:num:1=3; 
Previous 6: main:ROWNO:1=+2; main:COLNO:1=2; main:num:1=-1; 
Previous 7: main:ROWNO:1=2; main:COLNO:1=3; main:num:1=-3; 
Previous 8: main:ROWNO:1=2; main:COLNO:1=2; main:num:1=1; 
Previous 9: main:ROWNO:1=7; main:COLNO:1=8; main:num:1=-1; 
Previous 10: main:ROWNO:1=3; main:COLNO:1=4; main:num:1=7; 
Previous 11: main:ROWNO:1=10; main:COLNO:1=10; main:num:1=4; 
Previous 12: main:ROWNO:1=1; main:COLNO:1=1; main:num:1=0; 
Previous 13: main:ROWNO:1=2; main:COLNO:1=2; main:num:1=0; 
Previous 14: main:ROWNO:1=12; main:COLNO:1=13; main:num:1=0; 
Previous 15: main:ROWNO:1=2; main:COLNO:1=3; main:num:1=0; 
Previous 16: main:ROWNO:1=1; main:COLNO:1=2; main:num:1=0; 
Previous 17: main:ROWNO:1=3; main:COLNO:1=3; main:num:1=0; 
Previous 18: main:ROWNO:1=2; main:COLNO:1=1; main:num:1=0; 
Previous 19: main:ROWNO:1=3; main:COLNO:1=2; main:num:1=0; 
Previous 20: main:ROWNO:1=65534; main:COLNO:1=65534; main:num:1=0; 
Previous 21: main:ROWNO:1=1; main:COLNO:1=3; main:num:1=0; 
Previous 22: main:ROWNO:1=1; main:COLNO:1=1; main:num:1=-16; 
Previous 23: main:ROWNO:1=1; main:COLNO:1=1; main:num:1=-4; 
Previous 24: main:ROWNO:1=2; main:COLNO:1=2; main:num:1=-4; 
Previous 25: main:ROWNO:1=1; main:COLNO:1=1; main:num:1=4; 
Previous 26: main:ROWNO:1=4; main:COLNO:1=4; main:num:1=0; 
Previous 27: main:ROWNO:1=10; main:COLNO:1=10; main:num:1=0; 
Previous 28: main:ROWNO:1=100; main:COLNO:1=100; main:num:1=4; 
Previous 29: main:ROWNO:1=5; main:COLNO:1=5; main:num:1=0; 
Previous 30: main:ROWNO:1=10; main:COLNO:1=5; main:num:1=-4; 
Previous 31: main:ROWNO:1=1; main:COLNO:1=2; main:num:1=4; 
Previous 32: main:ROWNO:1=6; main:COLNO:1=6; main:num:1=0; 
Previous 33: main:ROWNO:1=2; main:COLNO:1=2; main:num:1=4; 
Previous 34: main:ROWNO:1=100; main:COLNO:1=1; main:num:1=-4; 

Program:
extern int __VERIFIER_nondet_int(void);
/*

Commit Number: fad2eab749cce970fa87fa46186218b2dfe1adc1
URL: https://github.com/NetHack/NetHack/commit/fad2eab749cce970fa87fa46186218b2dfe1adc1
Project Name: NetHack
License: https://github.com/NetHack/NetHack/commit/60df7b2d3b73900481814084be027375b5888765
termination: FALSE

*/
int main()
{
    int ROWNO = __VERIFIER_nondet_int();
    int COLNO = __VERIFIER_nondet_int();
    if( ROWNO <= 0 || COLNO <= 0 || ROWNO > 65534 || COLNO > 65534 )
        return 0;
    int levl[ROWNO][COLNO];
    for( int i = 0 ; i < ROWNO ; i++ )
    {
        for( int j = 0 ; j < COLNO ; j++ )
        {
            int num = __VERIFIER_nondet_int();
            if( num > 0 )
                num = -num;
            levl[i][j] = num % 4;
        }
    }
    int STONE = 0;
    int found = 0;
    for( int xmin = 0; !found ; xmin++ )
    {
        for( int y = 0 ; y <= COLNO - 1; y++ )
        {
            if( levl[xmin][y] != STONE )
                found = 1;
        }
    }
    return 0;
}

"
39,NT,"main:ROWNO:1=3
main:COLNO:1=4
main:num:1=0
",,COMPLETED,T,false,,"You generate concrete values for nondeterministic inputs in a C/C++ program.
Your goal is to produce ONE complete assignment set that is likely to make the program not terminate.

Important rules:
1. Return a value for EVERY listed nondeterministic input ID.
2. Use each ID exactly once.
3. Respect the declared C/C++ type.
4. For an array, return the value as an array containing exactly the required number of elements.
5. For char arrays, each element must be exactly one character. Return the character itself without C single quotes.
6. Prefer small-magnitude values unless larger values are necessary to achieve the requested execution behavior.

Nondeterministic inputs:
- id: main:ROWNO:1, type: int
- id: main:COLNO:1, type: int
- id: main:num:1, type: int

Previously generated assignment sets are listed below. Generate a materially different set and do not duplicate any of them.
Previous 1: main:ROWNO:1=1; main:COLNO:1=1; main:num:1=1; 
Previous 2: main:ROWNO:1=3; main:COLNO:1=2; main:num:1=5; 
Previous 3: main:ROWNO:1=2; main:COLNO:1=3; main:num:1=1; 
Previous 4: main:ROWNO:1=4; main:COLNO:1=3; main:num:1=1; 
Previous 5: main:ROWNO:1=5; main:COLNO:1=5; main:num:1=3; 
Previous 6: main:ROWNO:1=+2; main:COLNO:1=2; main:num:1=-1; 
Previous 7: main:ROWNO:1=2; main:COLNO:1=3; main:num:1=-3; 
Previous 8: main:ROWNO:1=2; main:COLNO:1=2; main:num:1=1; 
Previous 9: main:ROWNO:1=7; main:COLNO:1=8; main:num:1=-1; 
Previous 10: main:ROWNO:1=3; main:COLNO:1=4; main:num:1=7; 
Previous 11: main:ROWNO:1=10; main:COLNO:1=10; main:num:1=4; 
Previous 12: main:ROWNO:1=1; main:COLNO:1=1; main:num:1=0; 
Previous 13: main:ROWNO:1=2; main:COLNO:1=2; main:num:1=0; 
Previous 14: main:ROWNO:1=12; main:COLNO:1=13; main:num:1=0; 
Previous 15: main:ROWNO:1=2; main:COLNO:1=3; main:num:1=0; 
Previous 16: main:ROWNO:1=1; main:COLNO:1=2; main:num:1=0; 
Previous 17: main:ROWNO:1=3; main:COLNO:1=3; main:num:1=0; 
Previous 18: main:ROWNO:1=2; main:COLNO:1=1; main:num:1=0; 
Previous 19: main:ROWNO:1=3; main:COLNO:1=2; main:num:1=0; 
Previous 20: main:ROWNO:1=65534; main:COLNO:1=65534; main:num:1=0; 
Previous 21: main:ROWNO:1=1; main:COLNO:1=3; main:num:1=0; 
Previous 22: main:ROWNO:1=1; main:COLNO:1=1; main:num:1=-16; 
Previous 23: main:ROWNO:1=1; main:COLNO:1=1; main:num:1=-4; 
Previous 24: main:ROWNO:1=2; main:COLNO:1=2; main:num:1=-4; 
Previous 25: main:ROWNO:1=1; main:COLNO:1=1; main:num:1=4; 
Previous 26: main:ROWNO:1=4; main:COLNO:1=4; main:num:1=0; 
Previous 27: main:ROWNO:1=10; main:COLNO:1=10; main:num:1=0; 
Previous 28: main:ROWNO:1=100; main:COLNO:1=100; main:num:1=4; 
Previous 29: main:ROWNO:1=5; main:COLNO:1=5; main:num:1=0; 
Previous 30: main:ROWNO:1=10; main:COLNO:1=5; main:num:1=-4; 
Previous 31: main:ROWNO:1=1; main:COLNO:1=2; main:num:1=4; 
Previous 32: main:ROWNO:1=6; main:COLNO:1=6; main:num:1=0; 
Previous 33: main:ROWNO:1=2; main:COLNO:1=2; main:num:1=4; 
Previous 34: main:ROWNO:1=100; main:COLNO:1=1; main:num:1=-4; 
Previous 35: main:ROWNO:1=3; main:COLNO:1=5; main:num:1=0; 

Program:
extern int __VERIFIER_nondet_int(void);
/*

Commit Number: fad2eab749cce970fa87fa46186218b2dfe1adc1
URL: https://github.com/NetHack/NetHack/commit/fad2eab749cce970fa87fa46186218b2dfe1adc1
Project Name: NetHack
License: https://github.com/NetHack/NetHack/commit/60df7b2d3b73900481814084be027375b5888765
termination: FALSE

*/
int main()
{
    int ROWNO = __VERIFIER_nondet_int();
    int COLNO = __VERIFIER_nondet_int();
    if( ROWNO <= 0 || COLNO <= 0 || ROWNO > 65534 || COLNO > 65534 )
        return 0;
    int levl[ROWNO][COLNO];
    for( int i = 0 ; i < ROWNO ; i++ )
    {
        for( int j = 0 ; j < COLNO ; j++ )
        {
            int num = __VERIFIER_nondet_int();
            if( num > 0 )
                num = -num;
            levl[i][j] = num % 4;
        }
    }
    int STONE = 0;
    int found = 0;
    for( int xmin = 0; !found ; xmin++ )
    {
        for( int y = 0 ; y <= COLNO - 1; y++ )
        {
            if( levl[xmin][y] != STONE )
                found = 1;
        }
    }
    return 0;
}

"
40,NT,"main:ROWNO:1=1
main:COLNO:1=1
main:num:1=4
",,DUPLICATE,,false,,"You generate concrete values for nondeterministic inputs in a C/C++ program.
Your goal is to produce ONE complete assignment set that is likely to make the program not terminate.

Important rules:
1. Return a value for EVERY listed nondeterministic input ID.
2. Use each ID exactly once.
3. Respect the declared C/C++ type.
4. For an array, return the value as an array containing exactly the required number of elements.
5. For char arrays, each element must be exactly one character. Return the character itself without C single quotes.
6. Prefer small-magnitude values unless larger values are necessary to achieve the requested execution behavior.

Nondeterministic inputs:
- id: main:ROWNO:1, type: int
- id: main:COLNO:1, type: int
- id: main:num:1, type: int

Previously generated assignment sets are listed below. Generate a materially different set and do not duplicate any of them.
Previous 1: main:ROWNO:1=1; main:COLNO:1=1; main:num:1=1; 
Previous 2: main:ROWNO:1=3; main:COLNO:1=2; main:num:1=5; 
Previous 3: main:ROWNO:1=2; main:COLNO:1=3; main:num:1=1; 
Previous 4: main:ROWNO:1=4; main:COLNO:1=3; main:num:1=1; 
Previous 5: main:ROWNO:1=5; main:COLNO:1=5; main:num:1=3; 
Previous 6: main:ROWNO:1=+2; main:COLNO:1=2; main:num:1=-1; 
Previous 7: main:ROWNO:1=2; main:COLNO:1=3; main:num:1=-3; 
Previous 8: main:ROWNO:1=2; main:COLNO:1=2; main:num:1=1; 
Previous 9: main:ROWNO:1=7; main:COLNO:1=8; main:num:1=-1; 
Previous 10: main:ROWNO:1=3; main:COLNO:1=4; main:num:1=7; 
Previous 11: main:ROWNO:1=10; main:COLNO:1=10; main:num:1=4; 
Previous 12: main:ROWNO:1=1; main:COLNO:1=1; main:num:1=0; 
Previous 13: main:ROWNO:1=2; main:COLNO:1=2; main:num:1=0; 
Previous 14: main:ROWNO:1=12; main:COLNO:1=13; main:num:1=0; 
Previous 15: main:ROWNO:1=2; main:COLNO:1=3; main:num:1=0; 
Previous 16: main:ROWNO:1=1; main:COLNO:1=2; main:num:1=0; 
Previous 17: main:ROWNO:1=3; main:COLNO:1=3; main:num:1=0; 
Previous 18: main:ROWNO:1=2; main:COLNO:1=1; main:num:1=0; 
Previous 19: main:ROWNO:1=3; main:COLNO:1=2; main:num:1=0; 
Previous 20: main:ROWNO:1=65534; main:COLNO:1=65534; main:num:1=0; 
Previous 21: main:ROWNO:1=1; main:COLNO:1=3; main:num:1=0; 
Previous 22: main:ROWNO:1=1; main:COLNO:1=1; main:num:1=-16; 
Previous 23: main:ROWNO:1=1; main:COLNO:1=1; main:num:1=-4; 
Previous 24: main:ROWNO:1=2; main:COLNO:1=2; main:num:1=-4; 
Previous 25: main:ROWNO:1=1; main:COLNO:1=1; main:num:1=4; 
Previous 26: main:ROWNO:1=4; main:COLNO:1=4; main:num:1=0; 
Previous 27: main:ROWNO:1=10; main:COLNO:1=10; main:num:1=0; 
Previous 28: main:ROWNO:1=100; main:COLNO:1=100; main:num:1=4; 
Previous 29: main:ROWNO:1=5; main:COLNO:1=5; main:num:1=0; 
Previous 30: main:ROWNO:1=10; main:COLNO:1=5; main:num:1=-4; 
Previous 31: main:ROWNO:1=1; main:COLNO:1=2; main:num:1=4; 
Previous 32: main:ROWNO:1=6; main:COLNO:1=6; main:num:1=0; 
Previous 33: main:ROWNO:1=2; main:COLNO:1=2; main:num:1=4; 
Previous 34: main:ROWNO:1=100; main:COLNO:1=1; main:num:1=-4; 
Previous 35: main:ROWNO:1=3; main:COLNO:1=5; main:num:1=0; 
Previous 36: main:ROWNO:1=3; main:COLNO:1=4; main:num:1=0; 

Program:
extern int __VERIFIER_nondet_int(void);
/*

Commit Number: fad2eab749cce970fa87fa46186218b2dfe1adc1
URL: https://github.com/NetHack/NetHack/commit/fad2eab749cce970fa87fa46186218b2dfe1adc1
Project Name: NetHack
License: https://github.com/NetHack/NetHack/commit/60df7b2d3b73900481814084be027375b5888765
termination: FALSE

*/
int main()
{
    int ROWNO = __VERIFIER_nondet_int();
    int COLNO = __VERIFIER_nondet_int();
    if( ROWNO <= 0 || COLNO <= 0 || ROWNO > 65534 || COLNO > 65534 )
        return 0;
    int levl[ROWNO][COLNO];
    for( int i = 0 ; i < ROWNO ; i++ )
    {
        for( int j = 0 ; j < COLNO ; j++ )
        {
            int num = __VERIFIER_nondet_int();
            if( num > 0 )
                num = -num;
            levl[i][j] = num % 4;
        }
    }
    int STONE = 0;
    int found = 0;
    for( int xmin = 0; !found ; xmin++ )
    {
        for( int y = 0 ; y <= COLNO - 1; y++ )
        {
            if( levl[xmin][y] != STONE )
                found = 1;
        }
    }
    return 0;
}

"
41,NT,"main:ROWNO:1=4
main:COLNO:1=5
main:num:1=0
",,COMPLETED,T,false,,"You generate concrete values for nondeterministic inputs in a C/C++ program.
Your goal is to produce ONE complete assignment set that is likely to make the program not terminate.

Important rules:
1. Return a value for EVERY listed nondeterministic input ID.
2. Use each ID exactly once.
3. Respect the declared C/C++ type.
4. For an array, return the value as an array containing exactly the required number of elements.
5. For char arrays, each element must be exactly one character. Return the character itself without C single quotes.
6. Prefer small-magnitude values unless larger values are necessary to achieve the requested execution behavior.

Nondeterministic inputs:
- id: main:ROWNO:1, type: int
- id: main:COLNO:1, type: int
- id: main:num:1, type: int

Previously generated assignment sets are listed below. Generate a materially different set and do not duplicate any of them.
Previous 1: main:ROWNO:1=1; main:COLNO:1=1; main:num:1=1; 
Previous 2: main:ROWNO:1=3; main:COLNO:1=2; main:num:1=5; 
Previous 3: main:ROWNO:1=2; main:COLNO:1=3; main:num:1=1; 
Previous 4: main:ROWNO:1=4; main:COLNO:1=3; main:num:1=1; 
Previous 5: main:ROWNO:1=5; main:COLNO:1=5; main:num:1=3; 
Previous 6: main:ROWNO:1=+2; main:COLNO:1=2; main:num:1=-1; 
Previous 7: main:ROWNO:1=2; main:COLNO:1=3; main:num:1=-3; 
Previous 8: main:ROWNO:1=2; main:COLNO:1=2; main:num:1=1; 
Previous 9: main:ROWNO:1=7; main:COLNO:1=8; main:num:1=-1; 
Previous 10: main:ROWNO:1=3; main:COLNO:1=4; main:num:1=7; 
Previous 11: main:ROWNO:1=10; main:COLNO:1=10; main:num:1=4; 
Previous 12: main:ROWNO:1=1; main:COLNO:1=1; main:num:1=0; 
Previous 13: main:ROWNO:1=2; main:COLNO:1=2; main:num:1=0; 
Previous 14: main:ROWNO:1=12; main:COLNO:1=13; main:num:1=0; 
Previous 15: main:ROWNO:1=2; main:COLNO:1=3; main:num:1=0; 
Previous 16: main:ROWNO:1=1; main:COLNO:1=2; main:num:1=0; 
Previous 17: main:ROWNO:1=3; main:COLNO:1=3; main:num:1=0; 
Previous 18: main:ROWNO:1=2; main:COLNO:1=1; main:num:1=0; 
Previous 19: main:ROWNO:1=3; main:COLNO:1=2; main:num:1=0; 
Previous 20: main:ROWNO:1=65534; main:COLNO:1=65534; main:num:1=0; 
Previous 21: main:ROWNO:1=1; main:COLNO:1=3; main:num:1=0; 
Previous 22: main:ROWNO:1=1; main:COLNO:1=1; main:num:1=-16; 
Previous 23: main:ROWNO:1=1; main:COLNO:1=1; main:num:1=-4; 
Previous 24: main:ROWNO:1=2; main:COLNO:1=2; main:num:1=-4; 
Previous 25: main:ROWNO:1=1; main:COLNO:1=1; main:num:1=4; 
Previous 26: main:ROWNO:1=4; main:COLNO:1=4; main:num:1=0; 
Previous 27: main:ROWNO:1=10; main:COLNO:1=10; main:num:1=0; 
Previous 28: main:ROWNO:1=100; main:COLNO:1=100; main:num:1=4; 
Previous 29: main:ROWNO:1=5; main:COLNO:1=5; main:num:1=0; 
Previous 30: main:ROWNO:1=10; main:COLNO:1=5; main:num:1=-4; 
Previous 31: main:ROWNO:1=1; main:COLNO:1=2; main:num:1=4; 
Previous 32: main:ROWNO:1=6; main:COLNO:1=6; main:num:1=0; 
Previous 33: main:ROWNO:1=2; main:COLNO:1=2; main:num:1=4; 
Previous 34: main:ROWNO:1=100; main:COLNO:1=1; main:num:1=-4; 
Previous 35: main:ROWNO:1=3; main:COLNO:1=5; main:num:1=0; 
Previous 36: main:ROWNO:1=3; main:COLNO:1=4; main:num:1=0; 

Program:
extern int __VERIFIER_nondet_int(void);
/*

Commit Number: fad2eab749cce970fa87fa46186218b2dfe1adc1
URL: https://github.com/NetHack/NetHack/commit/fad2eab749cce970fa87fa46186218b2dfe1adc1
Project Name: NetHack
License: https://github.com/NetHack/NetHack/commit/60df7b2d3b73900481814084be027375b5888765
termination: FALSE

*/
int main()
{
    int ROWNO = __VERIFIER_nondet_int();
    int COLNO = __VERIFIER_nondet_int();
    if( ROWNO <= 0 || COLNO <= 0 || ROWNO > 65534 || COLNO > 65534 )
        return 0;
    int levl[ROWNO][COLNO];
    for( int i = 0 ; i < ROWNO ; i++ )
    {
        for( int j = 0 ; j < COLNO ; j++ )
        {
            int num = __VERIFIER_nondet_int();
            if( num > 0 )
                num = -num;
            levl[i][j] = num % 4;
        }
    }
    int STONE = 0;
    int found = 0;
    for( int xmin = 0; !found ; xmin++ )
    {
        for( int y = 0 ; y <= COLNO - 1; y++ )
        {
            if( levl[xmin][y] != STONE )
                found = 1;
        }
    }
    return 0;
}

"
42,NT,"main:ROWNO:1=9
main:COLNO:1=5
main:num:1=4
",,COMPLETED,T,false,,"You generate concrete values for nondeterministic inputs in a C/C++ program.
Your goal is to produce ONE complete assignment set that is likely to make the program not terminate.

Important rules:
1. Return a value for EVERY listed nondeterministic input ID.
2. Use each ID exactly once.
3. Respect the declared C/C++ type.
4. For an array, return the value as an array containing exactly the required number of elements.
5. For char arrays, each element must be exactly one character. Return the character itself without C single quotes.
6. Prefer small-magnitude values unless larger values are necessary to achieve the requested execution behavior.

Nondeterministic inputs:
- id: main:ROWNO:1, type: int
- id: main:COLNO:1, type: int
- id: main:num:1, type: int

Previously generated assignment sets are listed below. Generate a materially different set and do not duplicate any of them.
Previous 1: main:ROWNO:1=1; main:COLNO:1=1; main:num:1=1; 
Previous 2: main:ROWNO:1=3; main:COLNO:1=2; main:num:1=5; 
Previous 3: main:ROWNO:1=2; main:COLNO:1=3; main:num:1=1; 
Previous 4: main:ROWNO:1=4; main:COLNO:1=3; main:num:1=1; 
Previous 5: main:ROWNO:1=5; main:COLNO:1=5; main:num:1=3; 
Previous 6: main:ROWNO:1=+2; main:COLNO:1=2; main:num:1=-1; 
Previous 7: main:ROWNO:1=2; main:COLNO:1=3; main:num:1=-3; 
Previous 8: main:ROWNO:1=2; main:COLNO:1=2; main:num:1=1; 
Previous 9: main:ROWNO:1=7; main:COLNO:1=8; main:num:1=-1; 
Previous 10: main:ROWNO:1=3; main:COLNO:1=4; main:num:1=7; 
Previous 11: main:ROWNO:1=10; main:COLNO:1=10; main:num:1=4; 
Previous 12: main:ROWNO:1=1; main:COLNO:1=1; main:num:1=0; 
Previous 13: main:ROWNO:1=2; main:COLNO:1=2; main:num:1=0; 
Previous 14: main:ROWNO:1=12; main:COLNO:1=13; main:num:1=0; 
Previous 15: main:ROWNO:1=2; main:COLNO:1=3; main:num:1=0; 
Previous 16: main:ROWNO:1=1; main:COLNO:1=2; main:num:1=0; 
Previous 17: main:ROWNO:1=3; main:COLNO:1=3; main:num:1=0; 
Previous 18: main:ROWNO:1=2; main:COLNO:1=1; main:num:1=0; 
Previous 19: main:ROWNO:1=3; main:COLNO:1=2; main:num:1=0; 
Previous 20: main:ROWNO:1=65534; main:COLNO:1=65534; main:num:1=0; 
Previous 21: main:ROWNO:1=1; main:COLNO:1=3; main:num:1=0; 
Previous 22: main:ROWNO:1=1; main:COLNO:1=1; main:num:1=-16; 
Previous 23: main:ROWNO:1=1; main:COLNO:1=1; main:num:1=-4; 
Previous 24: main:ROWNO:1=2; main:COLNO:1=2; main:num:1=-4; 
Previous 25: main:ROWNO:1=1; main:COLNO:1=1; main:num:1=4; 
Previous 26: main:ROWNO:1=4; main:COLNO:1=4; main:num:1=0; 
Previous 27: main:ROWNO:1=10; main:COLNO:1=10; main:num:1=0; 
Previous 28: main:ROWNO:1=100; main:COLNO:1=100; main:num:1=4; 
Previous 29: main:ROWNO:1=5; main:COLNO:1=5; main:num:1=0; 
Previous 30: main:ROWNO:1=10; main:COLNO:1=5; main:num:1=-4; 
Previous 31: main:ROWNO:1=1; main:COLNO:1=2; main:num:1=4; 
Previous 32: main:ROWNO:1=6; main:COLNO:1=6; main:num:1=0; 
Previous 33: main:ROWNO:1=2; main:COLNO:1=2; main:num:1=4; 
Previous 34: main:ROWNO:1=100; main:COLNO:1=1; main:num:1=-4; 
Previous 35: main:ROWNO:1=3; main:COLNO:1=5; main:num:1=0; 
Previous 36: main:ROWNO:1=3; main:COLNO:1=4; main:num:1=0; 
Previous 37: main:ROWNO:1=4; main:COLNO:1=5; main:num:1=0; 

Program:
extern int __VERIFIER_nondet_int(void);
/*

Commit Number: fad2eab749cce970fa87fa46186218b2dfe1adc1
URL: https://github.com/NetHack/NetHack/commit/fad2eab749cce970fa87fa46186218b2dfe1adc1
Project Name: NetHack
License: https://github.com/NetHack/NetHack/commit/60df7b2d3b73900481814084be027375b5888765
termination: FALSE

*/
int main()
{
    int ROWNO = __VERIFIER_nondet_int();
    int COLNO = __VERIFIER_nondet_int();
    if( ROWNO <= 0 || COLNO <= 0 || ROWNO > 65534 || COLNO > 65534 )
        return 0;
    int levl[ROWNO][COLNO];
    for( int i = 0 ; i < ROWNO ; i++ )
    {
        for( int j = 0 ; j < COLNO ; j++ )
        {
            int num = __VERIFIER_nondet_int();
            if( num > 0 )
                num = -num;
            levl[i][j] = num % 4;
        }
    }
    int STONE = 0;
    int found = 0;
    for( int xmin = 0; !found ; xmin++ )
    {
        for( int y = 0 ; y <= COLNO - 1; y++ )
        {
            if( levl[xmin][y] != STONE )
                found = 1;
        }
    }
    return 0;
}

"
43,NT,"main:ROWNO:1=2
main:COLNO:1=2
main:num:1=-4
",,DUPLICATE,,false,,"You generate concrete values for nondeterministic inputs in a C/C++ program.
Your goal is to produce ONE complete assignment set that is likely to make the program not terminate.

Important rules:
1. Return a value for EVERY listed nondeterministic input ID.
2. Use each ID exactly once.
3. Respect the declared C/C++ type.
4. For an array, return the value as an array containing exactly the required number of elements.
5. For char arrays, each element must be exactly one character. Return the character itself without C single quotes.
6. Prefer small-magnitude values unless larger values are necessary to achieve the requested execution behavior.

Nondeterministic inputs:
- id: main:ROWNO:1, type: int
- id: main:COLNO:1, type: int
- id: main:num:1, type: int

Previously generated assignment sets are listed below. Generate a materially different set and do not duplicate any of them.
Previous 1: main:ROWNO:1=1; main:COLNO:1=1; main:num:1=1; 
Previous 2: main:ROWNO:1=3; main:COLNO:1=2; main:num:1=5; 
Previous 3: main:ROWNO:1=2; main:COLNO:1=3; main:num:1=1; 
Previous 4: main:ROWNO:1=4; main:COLNO:1=3; main:num:1=1; 
Previous 5: main:ROWNO:1=5; main:COLNO:1=5; main:num:1=3; 
Previous 6: main:ROWNO:1=+2; main:COLNO:1=2; main:num:1=-1; 
Previous 7: main:ROWNO:1=2; main:COLNO:1=3; main:num:1=-3; 
Previous 8: main:ROWNO:1=2; main:COLNO:1=2; main:num:1=1; 
Previous 9: main:ROWNO:1=7; main:COLNO:1=8; main:num:1=-1; 
Previous 10: main:ROWNO:1=3; main:COLNO:1=4; main:num:1=7; 
Previous 11: main:ROWNO:1=10; main:COLNO:1=10; main:num:1=4; 
Previous 12: main:ROWNO:1=1; main:COLNO:1=1; main:num:1=0; 
Previous 13: main:ROWNO:1=2; main:COLNO:1=2; main:num:1=0; 
Previous 14: main:ROWNO:1=12; main:COLNO:1=13; main:num:1=0; 
Previous 15: main:ROWNO:1=2; main:COLNO:1=3; main:num:1=0; 
Previous 16: main:ROWNO:1=1; main:COLNO:1=2; main:num:1=0; 
Previous 17: main:ROWNO:1=3; main:COLNO:1=3; main:num:1=0; 
Previous 18: main:ROWNO:1=2; main:COLNO:1=1; main:num:1=0; 
Previous 19: main:ROWNO:1=3; main:COLNO:1=2; main:num:1=0; 
Previous 20: main:ROWNO:1=65534; main:COLNO:1=65534; main:num:1=0; 
Previous 21: main:ROWNO:1=1; main:COLNO:1=3; main:num:1=0; 
Previous 22: main:ROWNO:1=1; main:COLNO:1=1; main:num:1=-16; 
Previous 23: main:ROWNO:1=1; main:COLNO:1=1; main:num:1=-4; 
Previous 24: main:ROWNO:1=2; main:COLNO:1=2; main:num:1=-4; 
Previous 25: main:ROWNO:1=1; main:COLNO:1=1; main:num:1=4; 
Previous 26: main:ROWNO:1=4; main:COLNO:1=4; main:num:1=0; 
Previous 27: main:ROWNO:1=10; main:COLNO:1=10; main:num:1=0; 
Previous 28: main:ROWNO:1=100; main:COLNO:1=100; main:num:1=4; 
Previous 29: main:ROWNO:1=5; main:COLNO:1=5; main:num:1=0; 
Previous 30: main:ROWNO:1=10; main:COLNO:1=5; main:num:1=-4; 
Previous 31: main:ROWNO:1=1; main:COLNO:1=2; main:num:1=4; 
Previous 32: main:ROWNO:1=6; main:COLNO:1=6; main:num:1=0; 
Previous 33: main:ROWNO:1=2; main:COLNO:1=2; main:num:1=4; 
Previous 34: main:ROWNO:1=100; main:COLNO:1=1; main:num:1=-4; 
Previous 35: main:ROWNO:1=3; main:COLNO:1=5; main:num:1=0; 
Previous 36: main:ROWNO:1=3; main:COLNO:1=4; main:num:1=0; 
Previous 37: main:ROWNO:1=4; main:COLNO:1=5; main:num:1=0; 
Previous 38: main:ROWNO:1=9; main:COLNO:1=5; main:num:1=4; 

Program:
extern int __VERIFIER_nondet_int(void);
/*

Commit Number: fad2eab749cce970fa87fa46186218b2dfe1adc1
URL: https://github.com/NetHack/NetHack/commit/fad2eab749cce970fa87fa46186218b2dfe1adc1
Project Name: NetHack
License: https://github.com/NetHack/NetHack/commit/60df7b2d3b73900481814084be027375b5888765
termination: FALSE

*/
int main()
{
    int ROWNO = __VERIFIER_nondet_int();
    int COLNO = __VERIFIER_nondet_int();
    if( ROWNO <= 0 || COLNO <= 0 || ROWNO > 65534 || COLNO > 65534 )
        return 0;
    int levl[ROWNO][COLNO];
    for( int i = 0 ; i < ROWNO ; i++ )
    {
        for( int j = 0 ; j < COLNO ; j++ )
        {
            int num = __VERIFIER_nondet_int();
            if( num > 0 )
                num = -num;
            levl[i][j] = num % 4;
        }
    }
    int STONE = 0;
    int found = 0;
    for( int xmin = 0; !found ; xmin++ )
    {
        for( int y = 0 ; y <= COLNO - 1; y++ )
        {
            if( levl[xmin][y] != STONE )
                found = 1;
        }
    }
    return 0;
}

"
44,NT,"main:ROWNO:1=1
main:COLNO:1=1
main:num:1=1
",,DUPLICATE,,false,,"You generate concrete values for nondeterministic inputs in a C/C++ program.
Your goal is to produce ONE complete assignment set that is likely to make the program not terminate.

Important rules:
1. Return a value for EVERY listed nondeterministic input ID.
2. Use each ID exactly once.
3. Respect the declared C/C++ type.
4. For an array, return the value as an array containing exactly the required number of elements.
5. For char arrays, each element must be exactly one character. Return the character itself without C single quotes.
6. Prefer small-magnitude values unless larger values are necessary to achieve the requested execution behavior.

Nondeterministic inputs:
- id: main:ROWNO:1, type: int
- id: main:COLNO:1, type: int
- id: main:num:1, type: int

Previously generated assignment sets are listed below. Generate a materially different set and do not duplicate any of them.
Previous 1: main:ROWNO:1=1; main:COLNO:1=1; main:num:1=1; 
Previous 2: main:ROWNO:1=3; main:COLNO:1=2; main:num:1=5; 
Previous 3: main:ROWNO:1=2; main:COLNO:1=3; main:num:1=1; 
Previous 4: main:ROWNO:1=4; main:COLNO:1=3; main:num:1=1; 
Previous 5: main:ROWNO:1=5; main:COLNO:1=5; main:num:1=3; 
Previous 6: main:ROWNO:1=+2; main:COLNO:1=2; main:num:1=-1; 
Previous 7: main:ROWNO:1=2; main:COLNO:1=3; main:num:1=-3; 
Previous 8: main:ROWNO:1=2; main:COLNO:1=2; main:num:1=1; 
Previous 9: main:ROWNO:1=7; main:COLNO:1=8; main:num:1=-1; 
Previous 10: main:ROWNO:1=3; main:COLNO:1=4; main:num:1=7; 
Previous 11: main:ROWNO:1=10; main:COLNO:1=10; main:num:1=4; 
Previous 12: main:ROWNO:1=1; main:COLNO:1=1; main:num:1=0; 
Previous 13: main:ROWNO:1=2; main:COLNO:1=2; main:num:1=0; 
Previous 14: main:ROWNO:1=12; main:COLNO:1=13; main:num:1=0; 
Previous 15: main:ROWNO:1=2; main:COLNO:1=3; main:num:1=0; 
Previous 16: main:ROWNO:1=1; main:COLNO:1=2; main:num:1=0; 
Previous 17: main:ROWNO:1=3; main:COLNO:1=3; main:num:1=0; 
Previous 18: main:ROWNO:1=2; main:COLNO:1=1; main:num:1=0; 
Previous 19: main:ROWNO:1=3; main:COLNO:1=2; main:num:1=0; 
Previous 20: main:ROWNO:1=65534; main:COLNO:1=65534; main:num:1=0; 
Previous 21: main:ROWNO:1=1; main:COLNO:1=3; main:num:1=0; 
Previous 22: main:ROWNO:1=1; main:COLNO:1=1; main:num:1=-16; 
Previous 23: main:ROWNO:1=1; main:COLNO:1=1; main:num:1=-4; 
Previous 24: main:ROWNO:1=2; main:COLNO:1=2; main:num:1=-4; 
Previous 25: main:ROWNO:1=1; main:COLNO:1=1; main:num:1=4; 
Previous 26: main:ROWNO:1=4; main:COLNO:1=4; main:num:1=0; 
Previous 27: main:ROWNO:1=10; main:COLNO:1=10; main:num:1=0; 
Previous 28: main:ROWNO:1=100; main:COLNO:1=100; main:num:1=4; 
Previous 29: main:ROWNO:1=5; main:COLNO:1=5; main:num:1=0; 
Previous 30: main:ROWNO:1=10; main:COLNO:1=5; main:num:1=-4; 
Previous 31: main:ROWNO:1=1; main:COLNO:1=2; main:num:1=4; 
Previous 32: main:ROWNO:1=6; main:COLNO:1=6; main:num:1=0; 
Previous 33: main:ROWNO:1=2; main:COLNO:1=2; main:num:1=4; 
Previous 34: main:ROWNO:1=100; main:COLNO:1=1; main:num:1=-4; 
Previous 35: main:ROWNO:1=3; main:COLNO:1=5; main:num:1=0; 
Previous 36: main:ROWNO:1=3; main:COLNO:1=4; main:num:1=0; 
Previous 37: main:ROWNO:1=4; main:COLNO:1=5; main:num:1=0; 
Previous 38: main:ROWNO:1=9; main:COLNO:1=5; main:num:1=4; 

Program:
extern int __VERIFIER_nondet_int(void);
/*

Commit Number: fad2eab749cce970fa87fa46186218b2dfe1adc1
URL: https://github.com/NetHack/NetHack/commit/fad2eab749cce970fa87fa46186218b2dfe1adc1
Project Name: NetHack
License: https://github.com/NetHack/NetHack/commit/60df7b2d3b73900481814084be027375b5888765
termination: FALSE

*/
int main()
{
    int ROWNO = __VERIFIER_nondet_int();
    int COLNO = __VERIFIER_nondet_int();
    if( ROWNO <= 0 || COLNO <= 0 || ROWNO > 65534 || COLNO > 65534 )
        return 0;
    int levl[ROWNO][COLNO];
    for( int i = 0 ; i < ROWNO ; i++ )
    {
        for( int j = 0 ; j < COLNO ; j++ )
        {
            int num = __VERIFIER_nondet_int();
            if( num > 0 )
                num = -num;
            levl[i][j] = num % 4;
        }
    }
    int STONE = 0;
    int found = 0;
    for( int xmin = 0; !found ; xmin++ )
    {
        for( int y = 0 ; y <= COLNO - 1; y++ )
        {
            if( levl[xmin][y] != STONE )
                found = 1;
        }
    }
    return 0;
}

"
45,NT,"main:ROWNO:1=3
main:COLNO:1=1
main:num:1=0
",,COMPLETED,T,false,,"You generate concrete values for nondeterministic inputs in a C/C++ program.
Your goal is to produce ONE complete assignment set that is likely to make the program not terminate.

Important rules:
1. Return a value for EVERY listed nondeterministic input ID.
2. Use each ID exactly once.
3. Respect the declared C/C++ type.
4. For an array, return the value as an array containing exactly the required number of elements.
5. For char arrays, each element must be exactly one character. Return the character itself without C single quotes.
6. Prefer small-magnitude values unless larger values are necessary to achieve the requested execution behavior.

Nondeterministic inputs:
- id: main:ROWNO:1, type: int
- id: main:COLNO:1, type: int
- id: main:num:1, type: int

Previously generated assignment sets are listed below. Generate a materially different set and do not duplicate any of them.
Previous 1: main:ROWNO:1=1; main:COLNO:1=1; main:num:1=1; 
Previous 2: main:ROWNO:1=3; main:COLNO:1=2; main:num:1=5; 
Previous 3: main:ROWNO:1=2; main:COLNO:1=3; main:num:1=1; 
Previous 4: main:ROWNO:1=4; main:COLNO:1=3; main:num:1=1; 
Previous 5: main:ROWNO:1=5; main:COLNO:1=5; main:num:1=3; 
Previous 6: main:ROWNO:1=+2; main:COLNO:1=2; main:num:1=-1; 
Previous 7: main:ROWNO:1=2; main:COLNO:1=3; main:num:1=-3; 
Previous 8: main:ROWNO:1=2; main:COLNO:1=2; main:num:1=1; 
Previous 9: main:ROWNO:1=7; main:COLNO:1=8; main:num:1=-1; 
Previous 10: main:ROWNO:1=3; main:COLNO:1=4; main:num:1=7; 
Previous 11: main:ROWNO:1=10; main:COLNO:1=10; main:num:1=4; 
Previous 12: main:ROWNO:1=1; main:COLNO:1=1; main:num:1=0; 
Previous 13: main:ROWNO:1=2; main:COLNO:1=2; main:num:1=0; 
Previous 14: main:ROWNO:1=12; main:COLNO:1=13; main:num:1=0; 
Previous 15: main:ROWNO:1=2; main:COLNO:1=3; main:num:1=0; 
Previous 16: main:ROWNO:1=1; main:COLNO:1=2; main:num:1=0; 
Previous 17: main:ROWNO:1=3; main:COLNO:1=3; main:num:1=0; 
Previous 18: main:ROWNO:1=2; main:COLNO:1=1; main:num:1=0; 
Previous 19: main:ROWNO:1=3; main:COLNO:1=2; main:num:1=0; 
Previous 20: main:ROWNO:1=65534; main:COLNO:1=65534; main:num:1=0; 
Previous 21: main:ROWNO:1=1; main:COLNO:1=3; main:num:1=0; 
Previous 22: main:ROWNO:1=1; main:COLNO:1=1; main:num:1=-16; 
Previous 23: main:ROWNO:1=1; main:COLNO:1=1; main:num:1=-4; 
Previous 24: main:ROWNO:1=2; main:COLNO:1=2; main:num:1=-4; 
Previous 25: main:ROWNO:1=1; main:COLNO:1=1; main:num:1=4; 
Previous 26: main:ROWNO:1=4; main:COLNO:1=4; main:num:1=0; 
Previous 27: main:ROWNO:1=10; main:COLNO:1=10; main:num:1=0; 
Previous 28: main:ROWNO:1=100; main:COLNO:1=100; main:num:1=4; 
Previous 29: main:ROWNO:1=5; main:COLNO:1=5; main:num:1=0; 
Previous 30: main:ROWNO:1=10; main:COLNO:1=5; main:num:1=-4; 
Previous 31: main:ROWNO:1=1; main:COLNO:1=2; main:num:1=4; 
Previous 32: main:ROWNO:1=6; main:COLNO:1=6; main:num:1=0; 
Previous 33: main:ROWNO:1=2; main:COLNO:1=2; main:num:1=4; 
Previous 34: main:ROWNO:1=100; main:COLNO:1=1; main:num:1=-4; 
Previous 35: main:ROWNO:1=3; main:COLNO:1=5; main:num:1=0; 
Previous 36: main:ROWNO:1=3; main:COLNO:1=4; main:num:1=0; 
Previous 37: main:ROWNO:1=4; main:COLNO:1=5; main:num:1=0; 
Previous 38: main:ROWNO:1=9; main:COLNO:1=5; main:num:1=4; 

Program:
extern int __VERIFIER_nondet_int(void);
/*

Commit Number: fad2eab749cce970fa87fa46186218b2dfe1adc1
URL: https://github.com/NetHack/NetHack/commit/fad2eab749cce970fa87fa46186218b2dfe1adc1
Project Name: NetHack
License: https://github.com/NetHack/NetHack/commit/60df7b2d3b73900481814084be027375b5888765
termination: FALSE

*/
int main()
{
    int ROWNO = __VERIFIER_nondet_int();
    int COLNO = __VERIFIER_nondet_int();
    if( ROWNO <= 0 || COLNO <= 0 || ROWNO > 65534 || COLNO > 65534 )
        return 0;
    int levl[ROWNO][COLNO];
    for( int i = 0 ; i < ROWNO ; i++ )
    {
        for( int j = 0 ; j < COLNO ; j++ )
        {
            int num = __VERIFIER_nondet_int();
            if( num > 0 )
                num = -num;
            levl[i][j] = num % 4;
        }
    }
    int STONE = 0;
    int found = 0;
    for( int xmin = 0; !found ; xmin++ )
    {
        for( int y = 0 ; y <= COLNO - 1; y++ )
        {
            if( levl[xmin][y] != STONE )
                found = 1;
        }
    }
    return 0;
}

"
46,NT,"main:ROWNO:1=5
main:COLNO:1=7
main:num:1=0
",,COMPLETED,T,false,,"You generate concrete values for nondeterministic inputs in a C/C++ program.
Your goal is to produce ONE complete assignment set that is likely to make the program not terminate.

Important rules:
1. Return a value for EVERY listed nondeterministic input ID.
2. Use each ID exactly once.
3. Respect the declared C/C++ type.
4. For an array, return the value as an array containing exactly the required number of elements.
5. For char arrays, each element must be exactly one character. Return the character itself without C single quotes.
6. Prefer small-magnitude values unless larger values are necessary to achieve the requested execution behavior.

Nondeterministic inputs:
- id: main:ROWNO:1, type: int
- id: main:COLNO:1, type: int
- id: main:num:1, type: int

Previously generated assignment sets are listed below. Generate a materially different set and do not duplicate any of them.
Previous 1: main:ROWNO:1=1; main:COLNO:1=1; main:num:1=1; 
Previous 2: main:ROWNO:1=3; main:COLNO:1=2; main:num:1=5; 
Previous 3: main:ROWNO:1=2; main:COLNO:1=3; main:num:1=1; 
Previous 4: main:ROWNO:1=4; main:COLNO:1=3; main:num:1=1; 
Previous 5: main:ROWNO:1=5; main:COLNO:1=5; main:num:1=3; 
Previous 6: main:ROWNO:1=+2; main:COLNO:1=2; main:num:1=-1; 
Previous 7: main:ROWNO:1=2; main:COLNO:1=3; main:num:1=-3; 
Previous 8: main:ROWNO:1=2; main:COLNO:1=2; main:num:1=1; 
Previous 9: main:ROWNO:1=7; main:COLNO:1=8; main:num:1=-1; 
Previous 10: main:ROWNO:1=3; main:COLNO:1=4; main:num:1=7; 
Previous 11: main:ROWNO:1=10; main:COLNO:1=10; main:num:1=4; 
Previous 12: main:ROWNO:1=1; main:COLNO:1=1; main:num:1=0; 
Previous 13: main:ROWNO:1=2; main:COLNO:1=2; main:num:1=0; 
Previous 14: main:ROWNO:1=12; main:COLNO:1=13; main:num:1=0; 
Previous 15: main:ROWNO:1=2; main:COLNO:1=3; main:num:1=0; 
Previous 16: main:ROWNO:1=1; main:COLNO:1=2; main:num:1=0; 
Previous 17: main:ROWNO:1=3; main:COLNO:1=3; main:num:1=0; 
Previous 18: main:ROWNO:1=2; main:COLNO:1=1; main:num:1=0; 
Previous 19: main:ROWNO:1=3; main:COLNO:1=2; main:num:1=0; 
Previous 20: main:ROWNO:1=65534; main:COLNO:1=65534; main:num:1=0; 
Previous 21: main:ROWNO:1=1; main:COLNO:1=3; main:num:1=0; 
Previous 22: main:ROWNO:1=1; main:COLNO:1=1; main:num:1=-16; 
Previous 23: main:ROWNO:1=1; main:COLNO:1=1; main:num:1=-4; 
Previous 24: main:ROWNO:1=2; main:COLNO:1=2; main:num:1=-4; 
Previous 25: main:ROWNO:1=1; main:COLNO:1=1; main:num:1=4; 
Previous 26: main:ROWNO:1=4; main:COLNO:1=4; main:num:1=0; 
Previous 27: main:ROWNO:1=10; main:COLNO:1=10; main:num:1=0; 
Previous 28: main:ROWNO:1=100; main:COLNO:1=100; main:num:1=4; 
Previous 29: main:ROWNO:1=5; main:COLNO:1=5; main:num:1=0; 
Previous 30: main:ROWNO:1=10; main:COLNO:1=5; main:num:1=-4; 
Previous 31: main:ROWNO:1=1; main:COLNO:1=2; main:num:1=4; 
Previous 32: main:ROWNO:1=6; main:COLNO:1=6; main:num:1=0; 
Previous 33: main:ROWNO:1=2; main:COLNO:1=2; main:num:1=4; 
Previous 34: main:ROWNO:1=100; main:COLNO:1=1; main:num:1=-4; 
Previous 35: main:ROWNO:1=3; main:COLNO:1=5; main:num:1=0; 
Previous 36: main:ROWNO:1=3; main:COLNO:1=4; main:num:1=0; 
Previous 37: main:ROWNO:1=4; main:COLNO:1=5; main:num:1=0; 
Previous 38: main:ROWNO:1=9; main:COLNO:1=5; main:num:1=4; 
Previous 39: main:ROWNO:1=3; main:COLNO:1=1; main:num:1=0; 

Program:
extern int __VERIFIER_nondet_int(void);
/*

Commit Number: fad2eab749cce970fa87fa46186218b2dfe1adc1
URL: https://github.com/NetHack/NetHack/commit/fad2eab749cce970fa87fa46186218b2dfe1adc1
Project Name: NetHack
License: https://github.com/NetHack/NetHack/commit/60df7b2d3b73900481814084be027375b5888765
termination: FALSE

*/
int main()
{
    int ROWNO = __VERIFIER_nondet_int();
    int COLNO = __VERIFIER_nondet_int();
    if( ROWNO <= 0 || COLNO <= 0 || ROWNO > 65534 || COLNO > 65534 )
        return 0;
    int levl[ROWNO][COLNO];
    for( int i = 0 ; i < ROWNO ; i++ )
    {
        for( int j = 0 ; j < COLNO ; j++ )
        {
            int num = __VERIFIER_nondet_int();
            if( num > 0 )
                num = -num;
            levl[i][j] = num % 4;
        }
    }
    int STONE = 0;
    int found = 0;
    for( int xmin = 0; !found ; xmin++ )
    {
        for( int y = 0 ; y <= COLNO - 1; y++ )
        {
            if( levl[xmin][y] != STONE )
                found = 1;
        }
    }
    return 0;
}

"
47,NT,"main:ROWNO:1=+6
main:COLNO:1=+7
main:num:1=0
",,COMPLETED,T,false,,"You generate concrete values for nondeterministic inputs in a C/C++ program.
Your goal is to produce ONE complete assignment set that is likely to make the program not terminate.

Important rules:
1. Return a value for EVERY listed nondeterministic input ID.
2. Use each ID exactly once.
3. Respect the declared C/C++ type.
4. For an array, return the value as an array containing exactly the required number of elements.
5. For char arrays, each element must be exactly one character. Return the character itself without C single quotes.
6. Prefer small-magnitude values unless larger values are necessary to achieve the requested execution behavior.

Nondeterministic inputs:
- id: main:ROWNO:1, type: int
- id: main:COLNO:1, type: int
- id: main:num:1, type: int

Previously generated assignment sets are listed below. Generate a materially different set and do not duplicate any of them.
Previous 1: main:ROWNO:1=1; main:COLNO:1=1; main:num:1=1; 
Previous 2: main:ROWNO:1=3; main:COLNO:1=2; main:num:1=5; 
Previous 3: main:ROWNO:1=2; main:COLNO:1=3; main:num:1=1; 
Previous 4: main:ROWNO:1=4; main:COLNO:1=3; main:num:1=1; 
Previous 5: main:ROWNO:1=5; main:COLNO:1=5; main:num:1=3; 
Previous 6: main:ROWNO:1=+2; main:COLNO:1=2; main:num:1=-1; 
Previous 7: main:ROWNO:1=2; main:COLNO:1=3; main:num:1=-3; 
Previous 8: main:ROWNO:1=2; main:COLNO:1=2; main:num:1=1; 
Previous 9: main:ROWNO:1=7; main:COLNO:1=8; main:num:1=-1; 
Previous 10: main:ROWNO:1=3; main:COLNO:1=4; main:num:1=7; 
Previous 11: main:ROWNO:1=10; main:COLNO:1=10; main:num:1=4; 
Previous 12: main:ROWNO:1=1; main:COLNO:1=1; main:num:1=0; 
Previous 13: main:ROWNO:1=2; main:COLNO:1=2; main:num:1=0; 
Previous 14: main:ROWNO:1=12; main:COLNO:1=13; main:num:1=0; 
Previous 15: main:ROWNO:1=2; main:COLNO:1=3; main:num:1=0; 
Previous 16: main:ROWNO:1=1; main:COLNO:1=2; main:num:1=0; 
Previous 17: main:ROWNO:1=3; main:COLNO:1=3; main:num:1=0; 
Previous 18: main:ROWNO:1=2; main:COLNO:1=1; main:num:1=0; 
Previous 19: main:ROWNO:1=3; main:COLNO:1=2; main:num:1=0; 
Previous 20: main:ROWNO:1=65534; main:COLNO:1=65534; main:num:1=0; 
Previous 21: main:ROWNO:1=1; main:COLNO:1=3; main:num:1=0; 
Previous 22: main:ROWNO:1=1; main:COLNO:1=1; main:num:1=-16; 
Previous 23: main:ROWNO:1=1; main:COLNO:1=1; main:num:1=-4; 
Previous 24: main:ROWNO:1=2; main:COLNO:1=2; main:num:1=-4; 
Previous 25: main:ROWNO:1=1; main:COLNO:1=1; main:num:1=4; 
Previous 26: main:ROWNO:1=4; main:COLNO:1=4; main:num:1=0; 
Previous 27: main:ROWNO:1=10; main:COLNO:1=10; main:num:1=0; 
Previous 28: main:ROWNO:1=100; main:COLNO:1=100; main:num:1=4; 
Previous 29: main:ROWNO:1=5; main:COLNO:1=5; main:num:1=0; 
Previous 30: main:ROWNO:1=10; main:COLNO:1=5; main:num:1=-4; 
Previous 31: main:ROWNO:1=1; main:COLNO:1=2; main:num:1=4; 
Previous 32: main:ROWNO:1=6; main:COLNO:1=6; main:num:1=0; 
Previous 33: main:ROWNO:1=2; main:COLNO:1=2; main:num:1=4; 
Previous 34: main:ROWNO:1=100; main:COLNO:1=1; main:num:1=-4; 
Previous 35: main:ROWNO:1=3; main:COLNO:1=5; main:num:1=0; 
Previous 36: main:ROWNO:1=3; main:COLNO:1=4; main:num:1=0; 
Previous 37: main:ROWNO:1=4; main:COLNO:1=5; main:num:1=0; 
Previous 38: main:ROWNO:1=9; main:COLNO:1=5; main:num:1=4; 
Previous 39: main:ROWNO:1=3; main:COLNO:1=1; main:num:1=0; 
Previous 40: main:ROWNO:1=5; main:COLNO:1=7; main:num:1=0; 

Program:
extern int __VERIFIER_nondet_int(void);
/*

Commit Number: fad2eab749cce970fa87fa46186218b2dfe1adc1
URL: https://github.com/NetHack/NetHack/commit/fad2eab749cce970fa87fa46186218b2dfe1adc1
Project Name: NetHack
License: https://github.com/NetHack/NetHack/commit/60df7b2d3b73900481814084be027375b5888765
termination: FALSE

*/
int main()
{
    int ROWNO = __VERIFIER_nondet_int();
    int COLNO = __VERIFIER_nondet_int();
    if( ROWNO <= 0 || COLNO <= 0 || ROWNO > 65534 || COLNO > 65534 )
        return 0;
    int levl[ROWNO][COLNO];
    for( int i = 0 ; i < ROWNO ; i++ )
    {
        for( int j = 0 ; j < COLNO ; j++ )
        {
            int num = __VERIFIER_nondet_int();
            if( num > 0 )
                num = -num;
            levl[i][j] = num % 4;
        }
    }
    int STONE = 0;
    int found = 0;
    for( int xmin = 0; !found ; xmin++ )
    {
        for( int y = 0 ; y <= COLNO - 1; y++ )
        {
            if( levl[xmin][y] != STONE )
                found = 1;
        }
    }
    return 0;
}

"
48,NT,"main:ROWNO:1=7
main:COLNO:1=5
main:num:1=0
",,COMPLETED,T,false,,"You generate concrete values for nondeterministic inputs in a C/C++ program.
Your goal is to produce ONE complete assignment set that is likely to make the program not terminate.

Important rules:
1. Return a value for EVERY listed nondeterministic input ID.
2. Use each ID exactly once.
3. Respect the declared C/C++ type.
4. For an array, return the value as an array containing exactly the required number of elements.
5. For char arrays, each element must be exactly one character. Return the character itself without C single quotes.
6. Prefer small-magnitude values unless larger values are necessary to achieve the requested execution behavior.

Nondeterministic inputs:
- id: main:ROWNO:1, type: int
- id: main:COLNO:1, type: int
- id: main:num:1, type: int

Previously generated assignment sets are listed below. Generate a materially different set and do not duplicate any of them.
Previous 1: main:ROWNO:1=1; main:COLNO:1=1; main:num:1=1; 
Previous 2: main:ROWNO:1=3; main:COLNO:1=2; main:num:1=5; 
Previous 3: main:ROWNO:1=2; main:COLNO:1=3; main:num:1=1; 
Previous 4: main:ROWNO:1=4; main:COLNO:1=3; main:num:1=1; 
Previous 5: main:ROWNO:1=5; main:COLNO:1=5; main:num:1=3; 
Previous 6: main:ROWNO:1=+2; main:COLNO:1=2; main:num:1=-1; 
Previous 7: main:ROWNO:1=2; main:COLNO:1=3; main:num:1=-3; 
Previous 8: main:ROWNO:1=2; main:COLNO:1=2; main:num:1=1; 
Previous 9: main:ROWNO:1=7; main:COLNO:1=8; main:num:1=-1; 
Previous 10: main:ROWNO:1=3; main:COLNO:1=4; main:num:1=7; 
Previous 11: main:ROWNO:1=10; main:COLNO:1=10; main:num:1=4; 
Previous 12: main:ROWNO:1=1; main:COLNO:1=1; main:num:1=0; 
Previous 13: main:ROWNO:1=2; main:COLNO:1=2; main:num:1=0; 
Previous 14: main:ROWNO:1=12; main:COLNO:1=13; main:num:1=0; 
Previous 15: main:ROWNO:1=2; main:COLNO:1=3; main:num:1=0; 
Previous 16: main:ROWNO:1=1; main:COLNO:1=2; main:num:1=0; 
Previous 17: main:ROWNO:1=3; main:COLNO:1=3; main:num:1=0; 
Previous 18: main:ROWNO:1=2; main:COLNO:1=1; main:num:1=0; 
Previous 19: main:ROWNO:1=3; main:COLNO:1=2; main:num:1=0; 
Previous 20: main:ROWNO:1=65534; main:COLNO:1=65534; main:num:1=0; 
Previous 21: main:ROWNO:1=1; main:COLNO:1=3; main:num:1=0; 
Previous 22: main:ROWNO:1=1; main:COLNO:1=1; main:num:1=-16; 
Previous 23: main:ROWNO:1=1; main:COLNO:1=1; main:num:1=-4; 
Previous 24: main:ROWNO:1=2; main:COLNO:1=2; main:num:1=-4; 
Previous 25: main:ROWNO:1=1; main:COLNO:1=1; main:num:1=4; 
Previous 26: main:ROWNO:1=4; main:COLNO:1=4; main:num:1=0; 
Previous 27: main:ROWNO:1=10; main:COLNO:1=10; main:num:1=0; 
Previous 28: main:ROWNO:1=100; main:COLNO:1=100; main:num:1=4; 
Previous 29: main:ROWNO:1=5; main:COLNO:1=5; main:num:1=0; 
Previous 30: main:ROWNO:1=10; main:COLNO:1=5; main:num:1=-4; 
Previous 31: main:ROWNO:1=1; main:COLNO:1=2; main:num:1=4; 
Previous 32: main:ROWNO:1=6; main:COLNO:1=6; main:num:1=0; 
Previous 33: main:ROWNO:1=2; main:COLNO:1=2; main:num:1=4; 
Previous 34: main:ROWNO:1=100; main:COLNO:1=1; main:num:1=-4; 
Previous 35: main:ROWNO:1=3; main:COLNO:1=5; main:num:1=0; 
Previous 36: main:ROWNO:1=3; main:COLNO:1=4; main:num:1=0; 
Previous 37: main:ROWNO:1=4; main:COLNO:1=5; main:num:1=0; 
Previous 38: main:ROWNO:1=9; main:COLNO:1=5; main:num:1=4; 
Previous 39: main:ROWNO:1=3; main:COLNO:1=1; main:num:1=0; 
Previous 40: main:ROWNO:1=5; main:COLNO:1=7; main:num:1=0; 
Previous 41: main:ROWNO:1=+6; main:COLNO:1=+7; main:num:1=0; 

Program:
extern int __VERIFIER_nondet_int(void);
/*

Commit Number: fad2eab749cce970fa87fa46186218b2dfe1adc1
URL: https://github.com/NetHack/NetHack/commit/fad2eab749cce970fa87fa46186218b2dfe1adc1
Project Name: NetHack
License: https://github.com/NetHack/NetHack/commit/60df7b2d3b73900481814084be027375b5888765
termination: FALSE

*/
int main()
{
    int ROWNO = __VERIFIER_nondet_int();
    int COLNO = __VERIFIER_nondet_int();
    if( ROWNO <= 0 || COLNO <= 0 || ROWNO > 65534 || COLNO > 65534 )
        return 0;
    int levl[ROWNO][COLNO];
    for( int i = 0 ; i < ROWNO ; i++ )
    {
        for( int j = 0 ; j < COLNO ; j++ )
        {
            int num = __VERIFIER_nondet_int();
            if( num > 0 )
                num = -num;
            levl[i][j] = num % 4;
        }
    }
    int STONE = 0;
    int found = 0;
    for( int xmin = 0; !found ; xmin++ )
    {
        for( int y = 0 ; y <= COLNO - 1; y++ )
        {
            if( levl[xmin][y] != STONE )
                found = 1;
        }
    }
    return 0;
}

"
49,NT,"main:ROWNO:1=1000
main:COLNO:1=1000
main:num:1=0
",,COMPLETED,T,false,,"You generate concrete values for nondeterministic inputs in a C/C++ program.
Your goal is to produce ONE complete assignment set that is likely to make the program not terminate.

Important rules:
1. Return a value for EVERY listed nondeterministic input ID.
2. Use each ID exactly once.
3. Respect the declared C/C++ type.
4. For an array, return the value as an array containing exactly the required number of elements.
5. For char arrays, each element must be exactly one character. Return the character itself without C single quotes.
6. Prefer small-magnitude values unless larger values are necessary to achieve the requested execution behavior.

Nondeterministic inputs:
- id: main:ROWNO:1, type: int
- id: main:COLNO:1, type: int
- id: main:num:1, type: int

Previously generated assignment sets are listed below. Generate a materially different set and do not duplicate any of them.
Previous 1: main:ROWNO:1=1; main:COLNO:1=1; main:num:1=1; 
Previous 2: main:ROWNO:1=3; main:COLNO:1=2; main:num:1=5; 
Previous 3: main:ROWNO:1=2; main:COLNO:1=3; main:num:1=1; 
Previous 4: main:ROWNO:1=4; main:COLNO:1=3; main:num:1=1; 
Previous 5: main:ROWNO:1=5; main:COLNO:1=5; main:num:1=3; 
Previous 6: main:ROWNO:1=+2; main:COLNO:1=2; main:num:1=-1; 
Previous 7: main:ROWNO:1=2; main:COLNO:1=3; main:num:1=-3; 
Previous 8: main:ROWNO:1=2; main:COLNO:1=2; main:num:1=1; 
Previous 9: main:ROWNO:1=7; main:COLNO:1=8; main:num:1=-1; 
Previous 10: main:ROWNO:1=3; main:COLNO:1=4; main:num:1=7; 
Previous 11: main:ROWNO:1=10; main:COLNO:1=10; main:num:1=4; 
Previous 12: main:ROWNO:1=1; main:COLNO:1=1; main:num:1=0; 
Previous 13: main:ROWNO:1=2; main:COLNO:1=2; main:num:1=0; 
Previous 14: main:ROWNO:1=12; main:COLNO:1=13; main:num:1=0; 
Previous 15: main:ROWNO:1=2; main:COLNO:1=3; main:num:1=0; 
Previous 16: main:ROWNO:1=1; main:COLNO:1=2; main:num:1=0; 
Previous 17: main:ROWNO:1=3; main:COLNO:1=3; main:num:1=0; 
Previous 18: main:ROWNO:1=2; main:COLNO:1=1; main:num:1=0; 
Previous 19: main:ROWNO:1=3; main:COLNO:1=2; main:num:1=0; 
Previous 20: main:ROWNO:1=65534; main:COLNO:1=65534; main:num:1=0; 
Previous 21: main:ROWNO:1=1; main:COLNO:1=3; main:num:1=0; 
Previous 22: main:ROWNO:1=1; main:COLNO:1=1; main:num:1=-16; 
Previous 23: main:ROWNO:1=1; main:COLNO:1=1; main:num:1=-4; 
Previous 24: main:ROWNO:1=2; main:COLNO:1=2; main:num:1=-4; 
Previous 25: main:ROWNO:1=1; main:COLNO:1=1; main:num:1=4; 
Previous 26: main:ROWNO:1=4; main:COLNO:1=4; main:num:1=0; 
Previous 27: main:ROWNO:1=10; main:COLNO:1=10; main:num:1=0; 
Previous 28: main:ROWNO:1=100; main:COLNO:1=100; main:num:1=4; 
Previous 29: main:ROWNO:1=5; main:COLNO:1=5; main:num:1=0; 
Previous 30: main:ROWNO:1=10; main:COLNO:1=5; main:num:1=-4; 
Previous 31: main:ROWNO:1=1; main:COLNO:1=2; main:num:1=4; 
Previous 32: main:ROWNO:1=6; main:COLNO:1=6; main:num:1=0; 
Previous 33: main:ROWNO:1=2; main:COLNO:1=2; main:num:1=4; 
Previous 34: main:ROWNO:1=100; main:COLNO:1=1; main:num:1=-4; 
Previous 35: main:ROWNO:1=3; main:COLNO:1=5; main:num:1=0; 
Previous 36: main:ROWNO:1=3; main:COLNO:1=4; main:num:1=0; 
Previous 37: main:ROWNO:1=4; main:COLNO:1=5; main:num:1=0; 
Previous 38: main:ROWNO:1=9; main:COLNO:1=5; main:num:1=4; 
Previous 39: main:ROWNO:1=3; main:COLNO:1=1; main:num:1=0; 
Previous 40: main:ROWNO:1=5; main:COLNO:1=7; main:num:1=0; 
Previous 41: main:ROWNO:1=+6; main:COLNO:1=+7; main:num:1=0; 
Previous 42: main:ROWNO:1=7; main:COLNO:1=5; main:num:1=0; 

Program:
extern int __VERIFIER_nondet_int(void);
/*

Commit Number: fad2eab749cce970fa87fa46186218b2dfe1adc1
URL: https://github.com/NetHack/NetHack/commit/fad2eab749cce970fa87fa46186218b2dfe1adc1
Project Name: NetHack
License: https://github.com/NetHack/NetHack/commit/60df7b2d3b73900481814084be027375b5888765
termination: FALSE

*/
int main()
{
    int ROWNO = __VERIFIER_nondet_int();
    int COLNO = __VERIFIER_nondet_int();
    if( ROWNO <= 0 || COLNO <= 0 || ROWNO > 65534 || COLNO > 65534 )
        return 0;
    int levl[ROWNO][COLNO];
    for( int i = 0 ; i < ROWNO ; i++ )
    {
        for( int j = 0 ; j < COLNO ; j++ )
        {
            int num = __VERIFIER_nondet_int();
            if( num > 0 )
                num = -num;
            levl[i][j] = num % 4;
        }
    }
    int STONE = 0;
    int found = 0;
    for( int xmin = 0; !found ; xmin++ )
    {
        for( int y = 0 ; y <= COLNO - 1; y++ )
        {
            if( levl[xmin][y] != STONE )
                found = 1;
        }
    }
    return 0;
}

"
50,NT,"main:ROWNO:1=2
main:COLNO:1=2
main:num:1=0
",,DUPLICATE,,false,,"You generate concrete values for nondeterministic inputs in a C/C++ program.
Your goal is to produce ONE complete assignment set that is likely to make the program not terminate.

Important rules:
1. Return a value for EVERY listed nondeterministic input ID.
2. Use each ID exactly once.
3. Respect the declared C/C++ type.
4. For an array, return the value as an array containing exactly the required number of elements.
5. For char arrays, each element must be exactly one character. Return the character itself without C single quotes.
6. Prefer small-magnitude values unless larger values are necessary to achieve the requested execution behavior.

Nondeterministic inputs:
- id: main:ROWNO:1, type: int
- id: main:COLNO:1, type: int
- id: main:num:1, type: int

Previously generated assignment sets are listed below. Generate a materially different set and do not duplicate any of them.
Previous 1: main:ROWNO:1=1; main:COLNO:1=1; main:num:1=1; 
Previous 2: main:ROWNO:1=3; main:COLNO:1=2; main:num:1=5; 
Previous 3: main:ROWNO:1=2; main:COLNO:1=3; main:num:1=1; 
Previous 4: main:ROWNO:1=4; main:COLNO:1=3; main:num:1=1; 
Previous 5: main:ROWNO:1=5; main:COLNO:1=5; main:num:1=3; 
Previous 6: main:ROWNO:1=+2; main:COLNO:1=2; main:num:1=-1; 
Previous 7: main:ROWNO:1=2; main:COLNO:1=3; main:num:1=-3; 
Previous 8: main:ROWNO:1=2; main:COLNO:1=2; main:num:1=1; 
Previous 9: main:ROWNO:1=7; main:COLNO:1=8; main:num:1=-1; 
Previous 10: main:ROWNO:1=3; main:COLNO:1=4; main:num:1=7; 
Previous 11: main:ROWNO:1=10; main:COLNO:1=10; main:num:1=4; 
Previous 12: main:ROWNO:1=1; main:COLNO:1=1; main:num:1=0; 
Previous 13: main:ROWNO:1=2; main:COLNO:1=2; main:num:1=0; 
Previous 14: main:ROWNO:1=12; main:COLNO:1=13; main:num:1=0; 
Previous 15: main:ROWNO:1=2; main:COLNO:1=3; main:num:1=0; 
Previous 16: main:ROWNO:1=1; main:COLNO:1=2; main:num:1=0; 
Previous 17: main:ROWNO:1=3; main:COLNO:1=3; main:num:1=0; 
Previous 18: main:ROWNO:1=2; main:COLNO:1=1; main:num:1=0; 
Previous 19: main:ROWNO:1=3; main:COLNO:1=2; main:num:1=0; 
Previous 20: main:ROWNO:1=65534; main:COLNO:1=65534; main:num:1=0; 
Previous 21: main:ROWNO:1=1; main:COLNO:1=3; main:num:1=0; 
Previous 22: main:ROWNO:1=1; main:COLNO:1=1; main:num:1=-16; 
Previous 23: main:ROWNO:1=1; main:COLNO:1=1; main:num:1=-4; 
Previous 24: main:ROWNO:1=2; main:COLNO:1=2; main:num:1=-4; 
Previous 25: main:ROWNO:1=1; main:COLNO:1=1; main:num:1=4; 
Previous 26: main:ROWNO:1=4; main:COLNO:1=4; main:num:1=0; 
Previous 27: main:ROWNO:1=10; main:COLNO:1=10; main:num:1=0; 
Previous 28: main:ROWNO:1=100; main:COLNO:1=100; main:num:1=4; 
Previous 29: main:ROWNO:1=5; main:COLNO:1=5; main:num:1=0; 
Previous 30: main:ROWNO:1=10; main:COLNO:1=5; main:num:1=-4; 
Previous 31: main:ROWNO:1=1; main:COLNO:1=2; main:num:1=4; 
Previous 32: main:ROWNO:1=6; main:COLNO:1=6; main:num:1=0; 
Previous 33: main:ROWNO:1=2; main:COLNO:1=2; main:num:1=4; 
Previous 34: main:ROWNO:1=100; main:COLNO:1=1; main:num:1=-4; 
Previous 35: main:ROWNO:1=3; main:COLNO:1=5; main:num:1=0; 
Previous 36: main:ROWNO:1=3; main:COLNO:1=4; main:num:1=0; 
Previous 37: main:ROWNO:1=4; main:COLNO:1=5; main:num:1=0; 
Previous 38: main:ROWNO:1=9; main:COLNO:1=5; main:num:1=4; 
Previous 39: main:ROWNO:1=3; main:COLNO:1=1; main:num:1=0; 
Previous 40: main:ROWNO:1=5; main:COLNO:1=7; main:num:1=0; 
Previous 41: main:ROWNO:1=+6; main:COLNO:1=+7; main:num:1=0; 
Previous 42: main:ROWNO:1=7; main:COLNO:1=5; main:num:1=0; 
Previous 43: main:ROWNO:1=1000; main:COLNO:1=1000; main:num:1=0; 

Program:
extern int __VERIFIER_nondet_int(void);
/*

Commit Number: fad2eab749cce970fa87fa46186218b2dfe1adc1
URL: https://github.com/NetHack/NetHack/commit/fad2eab749cce970fa87fa46186218b2dfe1adc1
Project Name: NetHack
License: https://github.com/NetHack/NetHack/commit/60df7b2d3b73900481814084be027375b5888765
termination: FALSE

*/
int main()
{
    int ROWNO = __VERIFIER_nondet_int();
    int COLNO = __VERIFIER_nondet_int();
    if( ROWNO <= 0 || COLNO <= 0 || ROWNO > 65534 || COLNO > 65534 )
        return 0;
    int levl[ROWNO][COLNO];
    for( int i = 0 ; i < ROWNO ; i++ )
    {
        for( int j = 0 ; j < COLNO ; j++ )
        {
            int num = __VERIFIER_nondet_int();
            if( num > 0 )
                num = -num;
            levl[i][j] = num % 4;
        }
    }
    int STONE = 0;
    int found = 0;
    for( int xmin = 0; !found ; xmin++ )
    {
        for( int y = 0 ; y <= COLNO - 1; y++ )
        {
            if( levl[xmin][y] != STONE )
                found = 1;
        }
    }
    return 0;
}

"
51,NT,"main:ROWNO:1=2
main:COLNO:1=3
main:num:1=4
",,COMPLETED,T,false,,"You generate concrete values for nondeterministic inputs in a C/C++ program.
Your goal is to produce ONE complete assignment set that is likely to make the program not terminate.

Important rules:
1. Return a value for EVERY listed nondeterministic input ID.
2. Use each ID exactly once.
3. Respect the declared C/C++ type.
4. For an array, return the value as an array containing exactly the required number of elements.
5. For char arrays, each element must be exactly one character. Return the character itself without C single quotes.
6. Prefer small-magnitude values unless larger values are necessary to achieve the requested execution behavior.

Nondeterministic inputs:
- id: main:ROWNO:1, type: int
- id: main:COLNO:1, type: int
- id: main:num:1, type: int

Previously generated assignment sets are listed below. Generate a materially different set and do not duplicate any of them.
Previous 1: main:ROWNO:1=1; main:COLNO:1=1; main:num:1=1; 
Previous 2: main:ROWNO:1=3; main:COLNO:1=2; main:num:1=5; 
Previous 3: main:ROWNO:1=2; main:COLNO:1=3; main:num:1=1; 
Previous 4: main:ROWNO:1=4; main:COLNO:1=3; main:num:1=1; 
Previous 5: main:ROWNO:1=5; main:COLNO:1=5; main:num:1=3; 
Previous 6: main:ROWNO:1=+2; main:COLNO:1=2; main:num:1=-1; 
Previous 7: main:ROWNO:1=2; main:COLNO:1=3; main:num:1=-3; 
Previous 8: main:ROWNO:1=2; main:COLNO:1=2; main:num:1=1; 
Previous 9: main:ROWNO:1=7; main:COLNO:1=8; main:num:1=-1; 
Previous 10: main:ROWNO:1=3; main:COLNO:1=4; main:num:1=7; 
Previous 11: main:ROWNO:1=10; main:COLNO:1=10; main:num:1=4; 
Previous 12: main:ROWNO:1=1; main:COLNO:1=1; main:num:1=0; 
Previous 13: main:ROWNO:1=2; main:COLNO:1=2; main:num:1=0; 
Previous 14: main:ROWNO:1=12; main:COLNO:1=13; main:num:1=0; 
Previous 15: main:ROWNO:1=2; main:COLNO:1=3; main:num:1=0; 
Previous 16: main:ROWNO:1=1; main:COLNO:1=2; main:num:1=0; 
Previous 17: main:ROWNO:1=3; main:COLNO:1=3; main:num:1=0; 
Previous 18: main:ROWNO:1=2; main:COLNO:1=1; main:num:1=0; 
Previous 19: main:ROWNO:1=3; main:COLNO:1=2; main:num:1=0; 
Previous 20: main:ROWNO:1=65534; main:COLNO:1=65534; main:num:1=0; 
Previous 21: main:ROWNO:1=1; main:COLNO:1=3; main:num:1=0; 
Previous 22: main:ROWNO:1=1; main:COLNO:1=1; main:num:1=-16; 
Previous 23: main:ROWNO:1=1; main:COLNO:1=1; main:num:1=-4; 
Previous 24: main:ROWNO:1=2; main:COLNO:1=2; main:num:1=-4; 
Previous 25: main:ROWNO:1=1; main:COLNO:1=1; main:num:1=4; 
Previous 26: main:ROWNO:1=4; main:COLNO:1=4; main:num:1=0; 
Previous 27: main:ROWNO:1=10; main:COLNO:1=10; main:num:1=0; 
Previous 28: main:ROWNO:1=100; main:COLNO:1=100; main:num:1=4; 
Previous 29: main:ROWNO:1=5; main:COLNO:1=5; main:num:1=0; 
Previous 30: main:ROWNO:1=10; main:COLNO:1=5; main:num:1=-4; 
Previous 31: main:ROWNO:1=1; main:COLNO:1=2; main:num:1=4; 
Previous 32: main:ROWNO:1=6; main:COLNO:1=6; main:num:1=0; 
Previous 33: main:ROWNO:1=2; main:COLNO:1=2; main:num:1=4; 
Previous 34: main:ROWNO:1=100; main:COLNO:1=1; main:num:1=-4; 
Previous 35: main:ROWNO:1=3; main:COLNO:1=5; main:num:1=0; 
Previous 36: main:ROWNO:1=3; main:COLNO:1=4; main:num:1=0; 
Previous 37: main:ROWNO:1=4; main:COLNO:1=5; main:num:1=0; 
Previous 38: main:ROWNO:1=9; main:COLNO:1=5; main:num:1=4; 
Previous 39: main:ROWNO:1=3; main:COLNO:1=1; main:num:1=0; 
Previous 40: main:ROWNO:1=5; main:COLNO:1=7; main:num:1=0; 
Previous 41: main:ROWNO:1=+6; main:COLNO:1=+7; main:num:1=0; 
Previous 42: main:ROWNO:1=7; main:COLNO:1=5; main:num:1=0; 
Previous 43: main:ROWNO:1=1000; main:COLNO:1=1000; main:num:1=0; 

Program:
extern int __VERIFIER_nondet_int(void);
/*

Commit Number: fad2eab749cce970fa87fa46186218b2dfe1adc1
URL: https://github.com/NetHack/NetHack/commit/fad2eab749cce970fa87fa46186218b2dfe1adc1
Project Name: NetHack
License: https://github.com/NetHack/NetHack/commit/60df7b2d3b73900481814084be027375b5888765
termination: FALSE

*/
int main()
{
    int ROWNO = __VERIFIER_nondet_int();
    int COLNO = __VERIFIER_nondet_int();
    if( ROWNO <= 0 || COLNO <= 0 || ROWNO > 65534 || COLNO > 65534 )
        return 0;
    int levl[ROWNO][COLNO];
    for( int i = 0 ; i < ROWNO ; i++ )
    {
        for( int j = 0 ; j < COLNO ; j++ )
        {
            int num = __VERIFIER_nondet_int();
            if( num > 0 )
                num = -num;
            levl[i][j] = num % 4;
        }
    }
    int STONE = 0;
    int found = 0;
    for( int xmin = 0; !found ; xmin++ )
    {
        for( int y = 0 ; y <= COLNO - 1; y++ )
        {
            if( levl[xmin][y] != STONE )
                found = 1;
        }
    }
    return 0;
}

"
52,NT,"main:ROWNO:1=11
main:COLNO:1=11
main:num:1=0
",,COMPLETED,T,false,,"You generate concrete values for nondeterministic inputs in a C/C++ program.
Your goal is to produce ONE complete assignment set that is likely to make the program not terminate.

Important rules:
1. Return a value for EVERY listed nondeterministic input ID.
2. Use each ID exactly once.
3. Respect the declared C/C++ type.
4. For an array, return the value as an array containing exactly the required number of elements.
5. For char arrays, each element must be exactly one character. Return the character itself without C single quotes.
6. Prefer small-magnitude values unless larger values are necessary to achieve the requested execution behavior.

Nondeterministic inputs:
- id: main:ROWNO:1, type: int
- id: main:COLNO:1, type: int
- id: main:num:1, type: int

Previously generated assignment sets are listed below. Generate a materially different set and do not duplicate any of them.
Previous 1: main:ROWNO:1=1; main:COLNO:1=1; main:num:1=1; 
Previous 2: main:ROWNO:1=3; main:COLNO:1=2; main:num:1=5; 
Previous 3: main:ROWNO:1=2; main:COLNO:1=3; main:num:1=1; 
Previous 4: main:ROWNO:1=4; main:COLNO:1=3; main:num:1=1; 
Previous 5: main:ROWNO:1=5; main:COLNO:1=5; main:num:1=3; 
Previous 6: main:ROWNO:1=+2; main:COLNO:1=2; main:num:1=-1; 
Previous 7: main:ROWNO:1=2; main:COLNO:1=3; main:num:1=-3; 
Previous 8: main:ROWNO:1=2; main:COLNO:1=2; main:num:1=1; 
Previous 9: main:ROWNO:1=7; main:COLNO:1=8; main:num:1=-1; 
Previous 10: main:ROWNO:1=3; main:COLNO:1=4; main:num:1=7; 
Previous 11: main:ROWNO:1=10; main:COLNO:1=10; main:num:1=4; 
Previous 12: main:ROWNO:1=1; main:COLNO:1=1; main:num:1=0; 
Previous 13: main:ROWNO:1=2; main:COLNO:1=2; main:num:1=0; 
Previous 14: main:ROWNO:1=12; main:COLNO:1=13; main:num:1=0; 
Previous 15: main:ROWNO:1=2; main:COLNO:1=3; main:num:1=0; 
Previous 16: main:ROWNO:1=1; main:COLNO:1=2; main:num:1=0; 
Previous 17: main:ROWNO:1=3; main:COLNO:1=3; main:num:1=0; 
Previous 18: main:ROWNO:1=2; main:COLNO:1=1; main:num:1=0; 
Previous 19: main:ROWNO:1=3; main:COLNO:1=2; main:num:1=0; 
Previous 20: main:ROWNO:1=65534; main:COLNO:1=65534; main:num:1=0; 
Previous 21: main:ROWNO:1=1; main:COLNO:1=3; main:num:1=0; 
Previous 22: main:ROWNO:1=1; main:COLNO:1=1; main:num:1=-16; 
Previous 23: main:ROWNO:1=1; main:COLNO:1=1; main:num:1=-4; 
Previous 24: main:ROWNO:1=2; main:COLNO:1=2; main:num:1=-4; 
Previous 25: main:ROWNO:1=1; main:COLNO:1=1; main:num:1=4; 
Previous 26: main:ROWNO:1=4; main:COLNO:1=4; main:num:1=0; 
Previous 27: main:ROWNO:1=10; main:COLNO:1=10; main:num:1=0; 
Previous 28: main:ROWNO:1=100; main:COLNO:1=100; main:num:1=4; 
Previous 29: main:ROWNO:1=5; main:COLNO:1=5; main:num:1=0; 
Previous 30: main:ROWNO:1=10; main:COLNO:1=5; main:num:1=-4; 
Previous 31: main:ROWNO:1=1; main:COLNO:1=2; main:num:1=4; 
Previous 32: main:ROWNO:1=6; main:COLNO:1=6; main:num:1=0; 
Previous 33: main:ROWNO:1=2; main:COLNO:1=2; main:num:1=4; 
Previous 34: main:ROWNO:1=100; main:COLNO:1=1; main:num:1=-4; 
Previous 35: main:ROWNO:1=3; main:COLNO:1=5; main:num:1=0; 
Previous 36: main:ROWNO:1=3; main:COLNO:1=4; main:num:1=0; 
Previous 37: main:ROWNO:1=4; main:COLNO:1=5; main:num:1=0; 
Previous 38: main:ROWNO:1=9; main:COLNO:1=5; main:num:1=4; 
Previous 39: main:ROWNO:1=3; main:COLNO:1=1; main:num:1=0; 
Previous 40: main:ROWNO:1=5; main:COLNO:1=7; main:num:1=0; 
Previous 41: main:ROWNO:1=+6; main:COLNO:1=+7; main:num:1=0; 
Previous 42: main:ROWNO:1=7; main:COLNO:1=5; main:num:1=0; 
Previous 43: main:ROWNO:1=1000; main:COLNO:1=1000; main:num:1=0; 
Previous 44: main:ROWNO:1=2; main:COLNO:1=3; main:num:1=4; 

Program:
extern int __VERIFIER_nondet_int(void);
/*

Commit Number: fad2eab749cce970fa87fa46186218b2dfe1adc1
URL: https://github.com/NetHack/NetHack/commit/fad2eab749cce970fa87fa46186218b2dfe1adc1
Project Name: NetHack
License: https://github.com/NetHack/NetHack/commit/60df7b2d3b73900481814084be027375b5888765
termination: FALSE

*/
int main()
{
    int ROWNO = __VERIFIER_nondet_int();
    int COLNO = __VERIFIER_nondet_int();
    if( ROWNO <= 0 || COLNO <= 0 || ROWNO > 65534 || COLNO > 65534 )
        return 0;
    int levl[ROWNO][COLNO];
    for( int i = 0 ; i < ROWNO ; i++ )
    {
        for( int j = 0 ; j < COLNO ; j++ )
        {
            int num = __VERIFIER_nondet_int();
            if( num > 0 )
                num = -num;
            levl[i][j] = num % 4;
        }
    }
    int STONE = 0;
    int found = 0;
    for( int xmin = 0; !found ; xmin++ )
    {
        for( int y = 0 ; y <= COLNO - 1; y++ )
        {
            if( levl[xmin][y] != STONE )
                found = 1;
        }
    }
    return 0;
}

"
53,NT,"main:ROWNO:1=3
main:COLNO:1=1
main:num:1=0
",,DUPLICATE,,false,,"You generate concrete values for nondeterministic inputs in a C/C++ program.
Your goal is to produce ONE complete assignment set that is likely to make the program not terminate.

Important rules:
1. Return a value for EVERY listed nondeterministic input ID.
2. Use each ID exactly once.
3. Respect the declared C/C++ type.
4. For an array, return the value as an array containing exactly the required number of elements.
5. For char arrays, each element must be exactly one character. Return the character itself without C single quotes.
6. Prefer small-magnitude values unless larger values are necessary to achieve the requested execution behavior.

Nondeterministic inputs:
- id: main:ROWNO:1, type: int
- id: main:COLNO:1, type: int
- id: main:num:1, type: int

Previously generated assignment sets are listed below. Generate a materially different set and do not duplicate any of them.
Previous 1: main:ROWNO:1=1; main:COLNO:1=1; main:num:1=1; 
Previous 2: main:ROWNO:1=3; main:COLNO:1=2; main:num:1=5; 
Previous 3: main:ROWNO:1=2; main:COLNO:1=3; main:num:1=1; 
Previous 4: main:ROWNO:1=4; main:COLNO:1=3; main:num:1=1; 
Previous 5: main:ROWNO:1=5; main:COLNO:1=5; main:num:1=3; 
Previous 6: main:ROWNO:1=+2; main:COLNO:1=2; main:num:1=-1; 
Previous 7: main:ROWNO:1=2; main:COLNO:1=3; main:num:1=-3; 
Previous 8: main:ROWNO:1=2; main:COLNO:1=2; main:num:1=1; 
Previous 9: main:ROWNO:1=7; main:COLNO:1=8; main:num:1=-1; 
Previous 10: main:ROWNO:1=3; main:COLNO:1=4; main:num:1=7; 
Previous 11: main:ROWNO:1=10; main:COLNO:1=10; main:num:1=4; 
Previous 12: main:ROWNO:1=1; main:COLNO:1=1; main:num:1=0; 
Previous 13: main:ROWNO:1=2; main:COLNO:1=2; main:num:1=0; 
Previous 14: main:ROWNO:1=12; main:COLNO:1=13; main:num:1=0; 
Previous 15: main:ROWNO:1=2; main:COLNO:1=3; main:num:1=0; 
Previous 16: main:ROWNO:1=1; main:COLNO:1=2; main:num:1=0; 
Previous 17: main:ROWNO:1=3; main:COLNO:1=3; main:num:1=0; 
Previous 18: main:ROWNO:1=2; main:COLNO:1=1; main:num:1=0; 
Previous 19: main:ROWNO:1=3; main:COLNO:1=2; main:num:1=0; 
Previous 20: main:ROWNO:1=65534; main:COLNO:1=65534; main:num:1=0; 
Previous 21: main:ROWNO:1=1; main:COLNO:1=3; main:num:1=0; 
Previous 22: main:ROWNO:1=1; main:COLNO:1=1; main:num:1=-16; 
Previous 23: main:ROWNO:1=1; main:COLNO:1=1; main:num:1=-4; 
Previous 24: main:ROWNO:1=2; main:COLNO:1=2; main:num:1=-4; 
Previous 25: main:ROWNO:1=1; main:COLNO:1=1; main:num:1=4; 
Previous 26: main:ROWNO:1=4; main:COLNO:1=4; main:num:1=0; 
Previous 27: main:ROWNO:1=10; main:COLNO:1=10; main:num:1=0; 
Previous 28: main:ROWNO:1=100; main:COLNO:1=100; main:num:1=4; 
Previous 29: main:ROWNO:1=5; main:COLNO:1=5; main:num:1=0; 
Previous 30: main:ROWNO:1=10; main:COLNO:1=5; main:num:1=-4; 
Previous 31: main:ROWNO:1=1; main:COLNO:1=2; main:num:1=4; 
Previous 32: main:ROWNO:1=6; main:COLNO:1=6; main:num:1=0; 
Previous 33: main:ROWNO:1=2; main:COLNO:1=2; main:num:1=4; 
Previous 34: main:ROWNO:1=100; main:COLNO:1=1; main:num:1=-4; 
Previous 35: main:ROWNO:1=3; main:COLNO:1=5; main:num:1=0; 
Previous 36: main:ROWNO:1=3; main:COLNO:1=4; main:num:1=0; 
Previous 37: main:ROWNO:1=4; main:COLNO:1=5; main:num:1=0; 
Previous 38: main:ROWNO:1=9; main:COLNO:1=5; main:num:1=4; 
Previous 39: main:ROWNO:1=3; main:COLNO:1=1; main:num:1=0; 
Previous 40: main:ROWNO:1=5; main:COLNO:1=7; main:num:1=0; 
Previous 41: main:ROWNO:1=+6; main:COLNO:1=+7; main:num:1=0; 
Previous 42: main:ROWNO:1=7; main:COLNO:1=5; main:num:1=0; 
Previous 43: main:ROWNO:1=1000; main:COLNO:1=1000; main:num:1=0; 
Previous 44: main:ROWNO:1=2; main:COLNO:1=3; main:num:1=4; 
Previous 45: main:ROWNO:1=11; main:COLNO:1=11; main:num:1=0; 

Program:
extern int __VERIFIER_nondet_int(void);
/*

Commit Number: fad2eab749cce970fa87fa46186218b2dfe1adc1
URL: https://github.com/NetHack/NetHack/commit/fad2eab749cce970fa87fa46186218b2dfe1adc1
Project Name: NetHack
License: https://github.com/NetHack/NetHack/commit/60df7b2d3b73900481814084be027375b5888765
termination: FALSE

*/
int main()
{
    int ROWNO = __VERIFIER_nondet_int();
    int COLNO = __VERIFIER_nondet_int();
    if( ROWNO <= 0 || COLNO <= 0 || ROWNO > 65534 || COLNO > 65534 )
        return 0;
    int levl[ROWNO][COLNO];
    for( int i = 0 ; i < ROWNO ; i++ )
    {
        for( int j = 0 ; j < COLNO ; j++ )
        {
            int num = __VERIFIER_nondet_int();
            if( num > 0 )
                num = -num;
            levl[i][j] = num % 4;
        }
    }
    int STONE = 0;
    int found = 0;
    for( int xmin = 0; !found ; xmin++ )
    {
        for( int y = 0 ; y <= COLNO - 1; y++ )
        {
            if( levl[xmin][y] != STONE )
                found = 1;
        }
    }
    return 0;
}

"
54,NT,"main:ROWNO:1=20
main:COLNO:1=20
main:num:1=0
",,COMPLETED,T,false,,"You generate concrete values for nondeterministic inputs in a C/C++ program.
Your goal is to produce ONE complete assignment set that is likely to make the program not terminate.

Important rules:
1. Return a value for EVERY listed nondeterministic input ID.
2. Use each ID exactly once.
3. Respect the declared C/C++ type.
4. For an array, return the value as an array containing exactly the required number of elements.
5. For char arrays, each element must be exactly one character. Return the character itself without C single quotes.
6. Prefer small-magnitude values unless larger values are necessary to achieve the requested execution behavior.

Nondeterministic inputs:
- id: main:ROWNO:1, type: int
- id: main:COLNO:1, type: int
- id: main:num:1, type: int

Previously generated assignment sets are listed below. Generate a materially different set and do not duplicate any of them.
Previous 1: main:ROWNO:1=1; main:COLNO:1=1; main:num:1=1; 
Previous 2: main:ROWNO:1=3; main:COLNO:1=2; main:num:1=5; 
Previous 3: main:ROWNO:1=2; main:COLNO:1=3; main:num:1=1; 
Previous 4: main:ROWNO:1=4; main:COLNO:1=3; main:num:1=1; 
Previous 5: main:ROWNO:1=5; main:COLNO:1=5; main:num:1=3; 
Previous 6: main:ROWNO:1=+2; main:COLNO:1=2; main:num:1=-1; 
Previous 7: main:ROWNO:1=2; main:COLNO:1=3; main:num:1=-3; 
Previous 8: main:ROWNO:1=2; main:COLNO:1=2; main:num:1=1; 
Previous 9: main:ROWNO:1=7; main:COLNO:1=8; main:num:1=-1; 
Previous 10: main:ROWNO:1=3; main:COLNO:1=4; main:num:1=7; 
Previous 11: main:ROWNO:1=10; main:COLNO:1=10; main:num:1=4; 
Previous 12: main:ROWNO:1=1; main:COLNO:1=1; main:num:1=0; 
Previous 13: main:ROWNO:1=2; main:COLNO:1=2; main:num:1=0; 
Previous 14: main:ROWNO:1=12; main:COLNO:1=13; main:num:1=0; 
Previous 15: main:ROWNO:1=2; main:COLNO:1=3; main:num:1=0; 
Previous 16: main:ROWNO:1=1; main:COLNO:1=2; main:num:1=0; 
Previous 17: main:ROWNO:1=3; main:COLNO:1=3; main:num:1=0; 
Previous 18: main:ROWNO:1=2; main:COLNO:1=1; main:num:1=0; 
Previous 19: main:ROWNO:1=3; main:COLNO:1=2; main:num:1=0; 
Previous 20: main:ROWNO:1=65534; main:COLNO:1=65534; main:num:1=0; 
Previous 21: main:ROWNO:1=1; main:COLNO:1=3; main:num:1=0; 
Previous 22: main:ROWNO:1=1; main:COLNO:1=1; main:num:1=-16; 
Previous 23: main:ROWNO:1=1; main:COLNO:1=1; main:num:1=-4; 
Previous 24: main:ROWNO:1=2; main:COLNO:1=2; main:num:1=-4; 
Previous 25: main:ROWNO:1=1; main:COLNO:1=1; main:num:1=4; 
Previous 26: main:ROWNO:1=4; main:COLNO:1=4; main:num:1=0; 
Previous 27: main:ROWNO:1=10; main:COLNO:1=10; main:num:1=0; 
Previous 28: main:ROWNO:1=100; main:COLNO:1=100; main:num:1=4; 
Previous 29: main:ROWNO:1=5; main:COLNO:1=5; main:num:1=0; 
Previous 30: main:ROWNO:1=10; main:COLNO:1=5; main:num:1=-4; 
Previous 31: main:ROWNO:1=1; main:COLNO:1=2; main:num:1=4; 
Previous 32: main:ROWNO:1=6; main:COLNO:1=6; main:num:1=0; 
Previous 33: main:ROWNO:1=2; main:COLNO:1=2; main:num:1=4; 
Previous 34: main:ROWNO:1=100; main:COLNO:1=1; main:num:1=-4; 
Previous 35: main:ROWNO:1=3; main:COLNO:1=5; main:num:1=0; 
Previous 36: main:ROWNO:1=3; main:COLNO:1=4; main:num:1=0; 
Previous 37: main:ROWNO:1=4; main:COLNO:1=5; main:num:1=0; 
Previous 38: main:ROWNO:1=9; main:COLNO:1=5; main:num:1=4; 
Previous 39: main:ROWNO:1=3; main:COLNO:1=1; main:num:1=0; 
Previous 40: main:ROWNO:1=5; main:COLNO:1=7; main:num:1=0; 
Previous 41: main:ROWNO:1=+6; main:COLNO:1=+7; main:num:1=0; 
Previous 42: main:ROWNO:1=7; main:COLNO:1=5; main:num:1=0; 
Previous 43: main:ROWNO:1=1000; main:COLNO:1=1000; main:num:1=0; 
Previous 44: main:ROWNO:1=2; main:COLNO:1=3; main:num:1=4; 
Previous 45: main:ROWNO:1=11; main:COLNO:1=11; main:num:1=0; 

Program:
extern int __VERIFIER_nondet_int(void);
/*

Commit Number: fad2eab749cce970fa87fa46186218b2dfe1adc1
URL: https://github.com/NetHack/NetHack/commit/fad2eab749cce970fa87fa46186218b2dfe1adc1
Project Name: NetHack
License: https://github.com/NetHack/NetHack/commit/60df7b2d3b73900481814084be027375b5888765
termination: FALSE

*/
int main()
{
    int ROWNO = __VERIFIER_nondet_int();
    int COLNO = __VERIFIER_nondet_int();
    if( ROWNO <= 0 || COLNO <= 0 || ROWNO > 65534 || COLNO > 65534 )
        return 0;
    int levl[ROWNO][COLNO];
    for( int i = 0 ; i < ROWNO ; i++ )
    {
        for( int j = 0 ; j < COLNO ; j++ )
        {
            int num = __VERIFIER_nondet_int();
            if( num > 0 )
                num = -num;
            levl[i][j] = num % 4;
        }
    }
    int STONE = 0;
    int found = 0;
    for( int xmin = 0; !found ; xmin++ )
    {
        for( int y = 0 ; y <= COLNO - 1; y++ )
        {
            if( levl[xmin][y] != STONE )
                found = 1;
        }
    }
    return 0;
}

"
55,NT,"main:ROWNO:1=9
main:COLNO:1=5
main:num:1=0
",,COMPLETED,T,false,,"You generate concrete values for nondeterministic inputs in a C/C++ program.
Your goal is to produce ONE complete assignment set that is likely to make the program not terminate.

Important rules:
1. Return a value for EVERY listed nondeterministic input ID.
2. Use each ID exactly once.
3. Respect the declared C/C++ type.
4. For an array, return the value as an array containing exactly the required number of elements.
5. For char arrays, each element must be exactly one character. Return the character itself without C single quotes.
6. Prefer small-magnitude values unless larger values are necessary to achieve the requested execution behavior.

Nondeterministic inputs:
- id: main:ROWNO:1, type: int
- id: main:COLNO:1, type: int
- id: main:num:1, type: int

Previously generated assignment sets are listed below. Generate a materially different set and do not duplicate any of them.
Previous 1: main:ROWNO:1=1; main:COLNO:1=1; main:num:1=1; 
Previous 2: main:ROWNO:1=3; main:COLNO:1=2; main:num:1=5; 
Previous 3: main:ROWNO:1=2; main:COLNO:1=3; main:num:1=1; 
Previous 4: main:ROWNO:1=4; main:COLNO:1=3; main:num:1=1; 
Previous 5: main:ROWNO:1=5; main:COLNO:1=5; main:num:1=3; 
Previous 6: main:ROWNO:1=+2; main:COLNO:1=2; main:num:1=-1; 
Previous 7: main:ROWNO:1=2; main:COLNO:1=3; main:num:1=-3; 
Previous 8: main:ROWNO:1=2; main:COLNO:1=2; main:num:1=1; 
Previous 9: main:ROWNO:1=7; main:COLNO:1=8; main:num:1=-1; 
Previous 10: main:ROWNO:1=3; main:COLNO:1=4; main:num:1=7; 
Previous 11: main:ROWNO:1=10; main:COLNO:1=10; main:num:1=4; 
Previous 12: main:ROWNO:1=1; main:COLNO:1=1; main:num:1=0; 
Previous 13: main:ROWNO:1=2; main:COLNO:1=2; main:num:1=0; 
Previous 14: main:ROWNO:1=12; main:COLNO:1=13; main:num:1=0; 
Previous 15: main:ROWNO:1=2; main:COLNO:1=3; main:num:1=0; 
Previous 16: main:ROWNO:1=1; main:COLNO:1=2; main:num:1=0; 
Previous 17: main:ROWNO:1=3; main:COLNO:1=3; main:num:1=0; 
Previous 18: main:ROWNO:1=2; main:COLNO:1=1; main:num:1=0; 
Previous 19: main:ROWNO:1=3; main:COLNO:1=2; main:num:1=0; 
Previous 20: main:ROWNO:1=65534; main:COLNO:1=65534; main:num:1=0; 
Previous 21: main:ROWNO:1=1; main:COLNO:1=3; main:num:1=0; 
Previous 22: main:ROWNO:1=1; main:COLNO:1=1; main:num:1=-16; 
Previous 23: main:ROWNO:1=1; main:COLNO:1=1; main:num:1=-4; 
Previous 24: main:ROWNO:1=2; main:COLNO:1=2; main:num:1=-4; 
Previous 25: main:ROWNO:1=1; main:COLNO:1=1; main:num:1=4; 
Previous 26: main:ROWNO:1=4; main:COLNO:1=4; main:num:1=0; 
Previous 27: main:ROWNO:1=10; main:COLNO:1=10; main:num:1=0; 
Previous 28: main:ROWNO:1=100; main:COLNO:1=100; main:num:1=4; 
Previous 29: main:ROWNO:1=5; main:COLNO:1=5; main:num:1=0; 
Previous 30: main:ROWNO:1=10; main:COLNO:1=5; main:num:1=-4; 
Previous 31: main:ROWNO:1=1; main:COLNO:1=2; main:num:1=4; 
Previous 32: main:ROWNO:1=6; main:COLNO:1=6; main:num:1=0; 
Previous 33: main:ROWNO:1=2; main:COLNO:1=2; main:num:1=4; 
Previous 34: main:ROWNO:1=100; main:COLNO:1=1; main:num:1=-4; 
Previous 35: main:ROWNO:1=3; main:COLNO:1=5; main:num:1=0; 
Previous 36: main:ROWNO:1=3; main:COLNO:1=4; main:num:1=0; 
Previous 37: main:ROWNO:1=4; main:COLNO:1=5; main:num:1=0; 
Previous 38: main:ROWNO:1=9; main:COLNO:1=5; main:num:1=4; 
Previous 39: main:ROWNO:1=3; main:COLNO:1=1; main:num:1=0; 
Previous 40: main:ROWNO:1=5; main:COLNO:1=7; main:num:1=0; 
Previous 41: main:ROWNO:1=+6; main:COLNO:1=+7; main:num:1=0; 
Previous 42: main:ROWNO:1=7; main:COLNO:1=5; main:num:1=0; 
Previous 43: main:ROWNO:1=1000; main:COLNO:1=1000; main:num:1=0; 
Previous 44: main:ROWNO:1=2; main:COLNO:1=3; main:num:1=4; 
Previous 45: main:ROWNO:1=11; main:COLNO:1=11; main:num:1=0; 
Previous 46: main:ROWNO:1=20; main:COLNO:1=20; main:num:1=0; 

Program:
extern int __VERIFIER_nondet_int(void);
/*

Commit Number: fad2eab749cce970fa87fa46186218b2dfe1adc1
URL: https://github.com/NetHack/NetHack/commit/fad2eab749cce970fa87fa46186218b2dfe1adc1
Project Name: NetHack
License: https://github.com/NetHack/NetHack/commit/60df7b2d3b73900481814084be027375b5888765
termination: FALSE

*/
int main()
{
    int ROWNO = __VERIFIER_nondet_int();
    int COLNO = __VERIFIER_nondet_int();
    if( ROWNO <= 0 || COLNO <= 0 || ROWNO > 65534 || COLNO > 65534 )
        return 0;
    int levl[ROWNO][COLNO];
    for( int i = 0 ; i < ROWNO ; i++ )
    {
        for( int j = 0 ; j < COLNO ; j++ )
        {
            int num = __VERIFIER_nondet_int();
            if( num > 0 )
                num = -num;
            levl[i][j] = num % 4;
        }
    }
    int STONE = 0;
    int found = 0;
    for( int xmin = 0; !found ; xmin++ )
    {
        for( int y = 0 ; y <= COLNO - 1; y++ )
        {
            if( levl[xmin][y] != STONE )
                found = 1;
        }
    }
    return 0;
}

"
56,NT,"main:ROWNO:1=7
main:COLNO:1=2
main:num:1=0
",,COMPLETED,T,false,,"You generate concrete values for nondeterministic inputs in a C/C++ program.
Your goal is to produce ONE complete assignment set that is likely to make the program not terminate.

Important rules:
1. Return a value for EVERY listed nondeterministic input ID.
2. Use each ID exactly once.
3. Respect the declared C/C++ type.
4. For an array, return the value as an array containing exactly the required number of elements.
5. For char arrays, each element must be exactly one character. Return the character itself without C single quotes.
6. Prefer small-magnitude values unless larger values are necessary to achieve the requested execution behavior.

Nondeterministic inputs:
- id: main:ROWNO:1, type: int
- id: main:COLNO:1, type: int
- id: main:num:1, type: int

Previously generated assignment sets are listed below. Generate a materially different set and do not duplicate any of them.
Previous 1: main:ROWNO:1=1; main:COLNO:1=1; main:num:1=1; 
Previous 2: main:ROWNO:1=3; main:COLNO:1=2; main:num:1=5; 
Previous 3: main:ROWNO:1=2; main:COLNO:1=3; main:num:1=1; 
Previous 4: main:ROWNO:1=4; main:COLNO:1=3; main:num:1=1; 
Previous 5: main:ROWNO:1=5; main:COLNO:1=5; main:num:1=3; 
Previous 6: main:ROWNO:1=+2; main:COLNO:1=2; main:num:1=-1; 
Previous 7: main:ROWNO:1=2; main:COLNO:1=3; main:num:1=-3; 
Previous 8: main:ROWNO:1=2; main:COLNO:1=2; main:num:1=1; 
Previous 9: main:ROWNO:1=7; main:COLNO:1=8; main:num:1=-1; 
Previous 10: main:ROWNO:1=3; main:COLNO:1=4; main:num:1=7; 
Previous 11: main:ROWNO:1=10; main:COLNO:1=10; main:num:1=4; 
Previous 12: main:ROWNO:1=1; main:COLNO:1=1; main:num:1=0; 
Previous 13: main:ROWNO:1=2; main:COLNO:1=2; main:num:1=0; 
Previous 14: main:ROWNO:1=12; main:COLNO:1=13; main:num:1=0; 
Previous 15: main:ROWNO:1=2; main:COLNO:1=3; main:num:1=0; 
Previous 16: main:ROWNO:1=1; main:COLNO:1=2; main:num:1=0; 
Previous 17: main:ROWNO:1=3; main:COLNO:1=3; main:num:1=0; 
Previous 18: main:ROWNO:1=2; main:COLNO:1=1; main:num:1=0; 
Previous 19: main:ROWNO:1=3; main:COLNO:1=2; main:num:1=0; 
Previous 20: main:ROWNO:1=65534; main:COLNO:1=65534; main:num:1=0; 
Previous 21: main:ROWNO:1=1; main:COLNO:1=3; main:num:1=0; 
Previous 22: main:ROWNO:1=1; main:COLNO:1=1; main:num:1=-16; 
Previous 23: main:ROWNO:1=1; main:COLNO:1=1; main:num:1=-4; 
Previous 24: main:ROWNO:1=2; main:COLNO:1=2; main:num:1=-4; 
Previous 25: main:ROWNO:1=1; main:COLNO:1=1; main:num:1=4; 
Previous 26: main:ROWNO:1=4; main:COLNO:1=4; main:num:1=0; 
Previous 27: main:ROWNO:1=10; main:COLNO:1=10; main:num:1=0; 
Previous 28: main:ROWNO:1=100; main:COLNO:1=100; main:num:1=4; 
Previous 29: main:ROWNO:1=5; main:COLNO:1=5; main:num:1=0; 
Previous 30: main:ROWNO:1=10; main:COLNO:1=5; main:num:1=-4; 
Previous 31: main:ROWNO:1=1; main:COLNO:1=2; main:num:1=4; 
Previous 32: main:ROWNO:1=6; main:COLNO:1=6; main:num:1=0; 
Previous 33: main:ROWNO:1=2; main:COLNO:1=2; main:num:1=4; 
Previous 34: main:ROWNO:1=100; main:COLNO:1=1; main:num:1=-4; 
Previous 35: main:ROWNO:1=3; main:COLNO:1=5; main:num:1=0; 
Previous 36: main:ROWNO:1=3; main:COLNO:1=4; main:num:1=0; 
Previous 37: main:ROWNO:1=4; main:COLNO:1=5; main:num:1=0; 
Previous 38: main:ROWNO:1=9; main:COLNO:1=5; main:num:1=4; 
Previous 39: main:ROWNO:1=3; main:COLNO:1=1; main:num:1=0; 
Previous 40: main:ROWNO:1=5; main:COLNO:1=7; main:num:1=0; 
Previous 41: main:ROWNO:1=+6; main:COLNO:1=+7; main:num:1=0; 
Previous 42: main:ROWNO:1=7; main:COLNO:1=5; main:num:1=0; 
Previous 43: main:ROWNO:1=1000; main:COLNO:1=1000; main:num:1=0; 
Previous 44: main:ROWNO:1=2; main:COLNO:1=3; main:num:1=4; 
Previous 45: main:ROWNO:1=11; main:COLNO:1=11; main:num:1=0; 
Previous 46: main:ROWNO:1=20; main:COLNO:1=20; main:num:1=0; 
Previous 47: main:ROWNO:1=9; main:COLNO:1=5; main:num:1=0; 

Program:
extern int __VERIFIER_nondet_int(void);
/*

Commit Number: fad2eab749cce970fa87fa46186218b2dfe1adc1
URL: https://github.com/NetHack/NetHack/commit/fad2eab749cce970fa87fa46186218b2dfe1adc1
Project Name: NetHack
License: https://github.com/NetHack/NetHack/commit/60df7b2d3b73900481814084be027375b5888765
termination: FALSE

*/
int main()
{
    int ROWNO = __VERIFIER_nondet_int();
    int COLNO = __VERIFIER_nondet_int();
    if( ROWNO <= 0 || COLNO <= 0 || ROWNO > 65534 || COLNO > 65534 )
        return 0;
    int levl[ROWNO][COLNO];
    for( int i = 0 ; i < ROWNO ; i++ )
    {
        for( int j = 0 ; j < COLNO ; j++ )
        {
            int num = __VERIFIER_nondet_int();
            if( num > 0 )
                num = -num;
            levl[i][j] = num % 4;
        }
    }
    int STONE = 0;
    int found = 0;
    for( int xmin = 0; !found ; xmin++ )
    {
        for( int y = 0 ; y <= COLNO - 1; y++ )
        {
            if( levl[xmin][y] != STONE )
                found = 1;
        }
    }
    return 0;
}

"
57,NT,"main:ROWNO:1=2
main:COLNO:1=3
main:num:1=0
",,DUPLICATE,,false,,"You generate concrete values for nondeterministic inputs in a C/C++ program.
Your goal is to produce ONE complete assignment set that is likely to make the program not terminate.

Important rules:
1. Return a value for EVERY listed nondeterministic input ID.
2. Use each ID exactly once.
3. Respect the declared C/C++ type.
4. For an array, return the value as an array containing exactly the required number of elements.
5. For char arrays, each element must be exactly one character. Return the character itself without C single quotes.
6. Prefer small-magnitude values unless larger values are necessary to achieve the requested execution behavior.

Nondeterministic inputs:
- id: main:ROWNO:1, type: int
- id: main:COLNO:1, type: int
- id: main:num:1, type: int

Previously generated assignment sets are listed below. Generate a materially different set and do not duplicate any of them.
Previous 1: main:ROWNO:1=1; main:COLNO:1=1; main:num:1=1; 
Previous 2: main:ROWNO:1=3; main:COLNO:1=2; main:num:1=5; 
Previous 3: main:ROWNO:1=2; main:COLNO:1=3; main:num:1=1; 
Previous 4: main:ROWNO:1=4; main:COLNO:1=3; main:num:1=1; 
Previous 5: main:ROWNO:1=5; main:COLNO:1=5; main:num:1=3; 
Previous 6: main:ROWNO:1=+2; main:COLNO:1=2; main:num:1=-1; 
Previous 7: main:ROWNO:1=2; main:COLNO:1=3; main:num:1=-3; 
Previous 8: main:ROWNO:1=2; main:COLNO:1=2; main:num:1=1; 
Previous 9: main:ROWNO:1=7; main:COLNO:1=8; main:num:1=-1; 
Previous 10: main:ROWNO:1=3; main:COLNO:1=4; main:num:1=7; 
Previous 11: main:ROWNO:1=10; main:COLNO:1=10; main:num:1=4; 
Previous 12: main:ROWNO:1=1; main:COLNO:1=1; main:num:1=0; 
Previous 13: main:ROWNO:1=2; main:COLNO:1=2; main:num:1=0; 
Previous 14: main:ROWNO:1=12; main:COLNO:1=13; main:num:1=0; 
Previous 15: main:ROWNO:1=2; main:COLNO:1=3; main:num:1=0; 
Previous 16: main:ROWNO:1=1; main:COLNO:1=2; main:num:1=0; 
Previous 17: main:ROWNO:1=3; main:COLNO:1=3; main:num:1=0; 
Previous 18: main:ROWNO:1=2; main:COLNO:1=1; main:num:1=0; 
Previous 19: main:ROWNO:1=3; main:COLNO:1=2; main:num:1=0; 
Previous 20: main:ROWNO:1=65534; main:COLNO:1=65534; main:num:1=0; 
Previous 21: main:ROWNO:1=1; main:COLNO:1=3; main:num:1=0; 
Previous 22: main:ROWNO:1=1; main:COLNO:1=1; main:num:1=-16; 
Previous 23: main:ROWNO:1=1; main:COLNO:1=1; main:num:1=-4; 
Previous 24: main:ROWNO:1=2; main:COLNO:1=2; main:num:1=-4; 
Previous 25: main:ROWNO:1=1; main:COLNO:1=1; main:num:1=4; 
Previous 26: main:ROWNO:1=4; main:COLNO:1=4; main:num:1=0; 
Previous 27: main:ROWNO:1=10; main:COLNO:1=10; main:num:1=0; 
Previous 28: main:ROWNO:1=100; main:COLNO:1=100; main:num:1=4; 
Previous 29: main:ROWNO:1=5; main:COLNO:1=5; main:num:1=0; 
Previous 30: main:ROWNO:1=10; main:COLNO:1=5; main:num:1=-4; 
Previous 31: main:ROWNO:1=1; main:COLNO:1=2; main:num:1=4; 
Previous 32: main:ROWNO:1=6; main:COLNO:1=6; main:num:1=0; 
Previous 33: main:ROWNO:1=2; main:COLNO:1=2; main:num:1=4; 
Previous 34: main:ROWNO:1=100; main:COLNO:1=1; main:num:1=-4; 
Previous 35: main:ROWNO:1=3; main:COLNO:1=5; main:num:1=0; 
Previous 36: main:ROWNO:1=3; main:COLNO:1=4; main:num:1=0; 
Previous 37: main:ROWNO:1=4; main:COLNO:1=5; main:num:1=0; 
Previous 38: main:ROWNO:1=9; main:COLNO:1=5; main:num:1=4; 
Previous 39: main:ROWNO:1=3; main:COLNO:1=1; main:num:1=0; 
Previous 40: main:ROWNO:1=5; main:COLNO:1=7; main:num:1=0; 
Previous 41: main:ROWNO:1=+6; main:COLNO:1=+7; main:num:1=0; 
Previous 42: main:ROWNO:1=7; main:COLNO:1=5; main:num:1=0; 
Previous 43: main:ROWNO:1=1000; main:COLNO:1=1000; main:num:1=0; 
Previous 44: main:ROWNO:1=2; main:COLNO:1=3; main:num:1=4; 
Previous 45: main:ROWNO:1=11; main:COLNO:1=11; main:num:1=0; 
Previous 46: main:ROWNO:1=20; main:COLNO:1=20; main:num:1=0; 
Previous 47: main:ROWNO:1=9; main:COLNO:1=5; main:num:1=0; 
Previous 48: main:ROWNO:1=7; main:COLNO:1=2; main:num:1=0; 

Program:
extern int __VERIFIER_nondet_int(void);
/*

Commit Number: fad2eab749cce970fa87fa46186218b2dfe1adc1
URL: https://github.com/NetHack/NetHack/commit/fad2eab749cce970fa87fa46186218b2dfe1adc1
Project Name: NetHack
License: https://github.com/NetHack/NetHack/commit/60df7b2d3b73900481814084be027375b5888765
termination: FALSE

*/
int main()
{
    int ROWNO = __VERIFIER_nondet_int();
    int COLNO = __VERIFIER_nondet_int();
    if( ROWNO <= 0 || COLNO <= 0 || ROWNO > 65534 || COLNO > 65534 )
        return 0;
    int levl[ROWNO][COLNO];
    for( int i = 0 ; i < ROWNO ; i++ )
    {
        for( int j = 0 ; j < COLNO ; j++ )
        {
            int num = __VERIFIER_nondet_int();
            if( num > 0 )
                num = -num;
            levl[i][j] = num % 4;
        }
    }
    int STONE = 0;
    int found = 0;
    for( int xmin = 0; !found ; xmin++ )
    {
        for( int y = 0 ; y <= COLNO - 1; y++ )
        {
            if( levl[xmin][y] != STONE )
                found = 1;
        }
    }
    return 0;
}

"
58,NT,"main:ROWNO:1=200
main:COLNO:1=201
main:num:1=8
",,COMPLETED,T,false,,"You generate concrete values for nondeterministic inputs in a C/C++ program.
Your goal is to produce ONE complete assignment set that is likely to make the program not terminate.

Important rules:
1. Return a value for EVERY listed nondeterministic input ID.
2. Use each ID exactly once.
3. Respect the declared C/C++ type.
4. For an array, return the value as an array containing exactly the required number of elements.
5. For char arrays, each element must be exactly one character. Return the character itself without C single quotes.
6. Prefer small-magnitude values unless larger values are necessary to achieve the requested execution behavior.

Nondeterministic inputs:
- id: main:ROWNO:1, type: int
- id: main:COLNO:1, type: int
- id: main:num:1, type: int

Previously generated assignment sets are listed below. Generate a materially different set and do not duplicate any of them.
Previous 1: main:ROWNO:1=1; main:COLNO:1=1; main:num:1=1; 
Previous 2: main:ROWNO:1=3; main:COLNO:1=2; main:num:1=5; 
Previous 3: main:ROWNO:1=2; main:COLNO:1=3; main:num:1=1; 
Previous 4: main:ROWNO:1=4; main:COLNO:1=3; main:num:1=1; 
Previous 5: main:ROWNO:1=5; main:COLNO:1=5; main:num:1=3; 
Previous 6: main:ROWNO:1=+2; main:COLNO:1=2; main:num:1=-1; 
Previous 7: main:ROWNO:1=2; main:COLNO:1=3; main:num:1=-3; 
Previous 8: main:ROWNO:1=2; main:COLNO:1=2; main:num:1=1; 
Previous 9: main:ROWNO:1=7; main:COLNO:1=8; main:num:1=-1; 
Previous 10: main:ROWNO:1=3; main:COLNO:1=4; main:num:1=7; 
Previous 11: main:ROWNO:1=10; main:COLNO:1=10; main:num:1=4; 
Previous 12: main:ROWNO:1=1; main:COLNO:1=1; main:num:1=0; 
Previous 13: main:ROWNO:1=2; main:COLNO:1=2; main:num:1=0; 
Previous 14: main:ROWNO:1=12; main:COLNO:1=13; main:num:1=0; 
Previous 15: main:ROWNO:1=2; main:COLNO:1=3; main:num:1=0; 
Previous 16: main:ROWNO:1=1; main:COLNO:1=2; main:num:1=0; 
Previous 17: main:ROWNO:1=3; main:COLNO:1=3; main:num:1=0; 
Previous 18: main:ROWNO:1=2; main:COLNO:1=1; main:num:1=0; 
Previous 19: main:ROWNO:1=3; main:COLNO:1=2; main:num:1=0; 
Previous 20: main:ROWNO:1=65534; main:COLNO:1=65534; main:num:1=0; 
Previous 21: main:ROWNO:1=1; main:COLNO:1=3; main:num:1=0; 
Previous 22: main:ROWNO:1=1; main:COLNO:1=1; main:num:1=-16; 
Previous 23: main:ROWNO:1=1; main:COLNO:1=1; main:num:1=-4; 
Previous 24: main:ROWNO:1=2; main:COLNO:1=2; main:num:1=-4; 
Previous 25: main:ROWNO:1=1; main:COLNO:1=1; main:num:1=4; 
Previous 26: main:ROWNO:1=4; main:COLNO:1=4; main:num:1=0; 
Previous 27: main:ROWNO:1=10; main:COLNO:1=10; main:num:1=0; 
Previous 28: main:ROWNO:1=100; main:COLNO:1=100; main:num:1=4; 
Previous 29: main:ROWNO:1=5; main:COLNO:1=5; main:num:1=0; 
Previous 30: main:ROWNO:1=10; main:COLNO:1=5; main:num:1=-4; 
Previous 31: main:ROWNO:1=1; main:COLNO:1=2; main:num:1=4; 
Previous 32: main:ROWNO:1=6; main:COLNO:1=6; main:num:1=0; 
Previous 33: main:ROWNO:1=2; main:COLNO:1=2; main:num:1=4; 
Previous 34: main:ROWNO:1=100; main:COLNO:1=1; main:num:1=-4; 
Previous 35: main:ROWNO:1=3; main:COLNO:1=5; main:num:1=0; 
Previous 36: main:ROWNO:1=3; main:COLNO:1=4; main:num:1=0; 
Previous 37: main:ROWNO:1=4; main:COLNO:1=5; main:num:1=0; 
Previous 38: main:ROWNO:1=9; main:COLNO:1=5; main:num:1=4; 
Previous 39: main:ROWNO:1=3; main:COLNO:1=1; main:num:1=0; 
Previous 40: main:ROWNO:1=5; main:COLNO:1=7; main:num:1=0; 
Previous 41: main:ROWNO:1=+6; main:COLNO:1=+7; main:num:1=0; 
Previous 42: main:ROWNO:1=7; main:COLNO:1=5; main:num:1=0; 
Previous 43: main:ROWNO:1=1000; main:COLNO:1=1000; main:num:1=0; 
Previous 44: main:ROWNO:1=2; main:COLNO:1=3; main:num:1=4; 
Previous 45: main:ROWNO:1=11; main:COLNO:1=11; main:num:1=0; 
Previous 46: main:ROWNO:1=20; main:COLNO:1=20; main:num:1=0; 
Previous 47: main:ROWNO:1=9; main:COLNO:1=5; main:num:1=0; 
Previous 48: main:ROWNO:1=7; main:COLNO:1=2; main:num:1=0; 

Program:
extern int __VERIFIER_nondet_int(void);
/*

Commit Number: fad2eab749cce970fa87fa46186218b2dfe1adc1
URL: https://github.com/NetHack/NetHack/commit/fad2eab749cce970fa87fa46186218b2dfe1adc1
Project Name: NetHack
License: https://github.com/NetHack/NetHack/commit/60df7b2d3b73900481814084be027375b5888765
termination: FALSE

*/
int main()
{
    int ROWNO = __VERIFIER_nondet_int();
    int COLNO = __VERIFIER_nondet_int();
    if( ROWNO <= 0 || COLNO <= 0 || ROWNO > 65534 || COLNO > 65534 )
        return 0;
    int levl[ROWNO][COLNO];
    for( int i = 0 ; i < ROWNO ; i++ )
    {
        for( int j = 0 ; j < COLNO ; j++ )
        {
            int num = __VERIFIER_nondet_int();
            if( num > 0 )
                num = -num;
            levl[i][j] = num % 4;
        }
    }
    int STONE = 0;
    int found = 0;
    for( int xmin = 0; !found ; xmin++ )
    {
        for( int y = 0 ; y <= COLNO - 1; y++ )
        {
            if( levl[xmin][y] != STONE )
                found = 1;
        }
    }
    return 0;
}

"
59,NT,"main:ROWNO:1=3
main:COLNO:1=3
main:num:1=0
",,DUPLICATE,,false,,"You generate concrete values for nondeterministic inputs in a C/C++ program.
Your goal is to produce ONE complete assignment set that is likely to make the program not terminate.

Important rules:
1. Return a value for EVERY listed nondeterministic input ID.
2. Use each ID exactly once.
3. Respect the declared C/C++ type.
4. For an array, return the value as an array containing exactly the required number of elements.
5. For char arrays, each element must be exactly one character. Return the character itself without C single quotes.
6. Prefer small-magnitude values unless larger values are necessary to achieve the requested execution behavior.

Nondeterministic inputs:
- id: main:ROWNO:1, type: int
- id: main:COLNO:1, type: int
- id: main:num:1, type: int

Previously generated assignment sets are listed below. Generate a materially different set and do not duplicate any of them.
Previous 1: main:ROWNO:1=1; main:COLNO:1=1; main:num:1=1; 
Previous 2: main:ROWNO:1=3; main:COLNO:1=2; main:num:1=5; 
Previous 3: main:ROWNO:1=2; main:COLNO:1=3; main:num:1=1; 
Previous 4: main:ROWNO:1=4; main:COLNO:1=3; main:num:1=1; 
Previous 5: main:ROWNO:1=5; main:COLNO:1=5; main:num:1=3; 
Previous 6: main:ROWNO:1=+2; main:COLNO:1=2; main:num:1=-1; 
Previous 7: main:ROWNO:1=2; main:COLNO:1=3; main:num:1=-3; 
Previous 8: main:ROWNO:1=2; main:COLNO:1=2; main:num:1=1; 
Previous 9: main:ROWNO:1=7; main:COLNO:1=8; main:num:1=-1; 
Previous 10: main:ROWNO:1=3; main:COLNO:1=4; main:num:1=7; 
Previous 11: main:ROWNO:1=10; main:COLNO:1=10; main:num:1=4; 
Previous 12: main:ROWNO:1=1; main:COLNO:1=1; main:num:1=0; 
Previous 13: main:ROWNO:1=2; main:COLNO:1=2; main:num:1=0; 
Previous 14: main:ROWNO:1=12; main:COLNO:1=13; main:num:1=0; 
Previous 15: main:ROWNO:1=2; main:COLNO:1=3; main:num:1=0; 
Previous 16: main:ROWNO:1=1; main:COLNO:1=2; main:num:1=0; 
Previous 17: main:ROWNO:1=3; main:COLNO:1=3; main:num:1=0; 
Previous 18: main:ROWNO:1=2; main:COLNO:1=1; main:num:1=0; 
Previous 19: main:ROWNO:1=3; main:COLNO:1=2; main:num:1=0; 
Previous 20: main:ROWNO:1=65534; main:COLNO:1=65534; main:num:1=0; 
Previous 21: main:ROWNO:1=1; main:COLNO:1=3; main:num:1=0; 
Previous 22: main:ROWNO:1=1; main:COLNO:1=1; main:num:1=-16; 
Previous 23: main:ROWNO:1=1; main:COLNO:1=1; main:num:1=-4; 
Previous 24: main:ROWNO:1=2; main:COLNO:1=2; main:num:1=-4; 
Previous 25: main:ROWNO:1=1; main:COLNO:1=1; main:num:1=4; 
Previous 26: main:ROWNO:1=4; main:COLNO:1=4; main:num:1=0; 
Previous 27: main:ROWNO:1=10; main:COLNO:1=10; main:num:1=0; 
Previous 28: main:ROWNO:1=100; main:COLNO:1=100; main:num:1=4; 
Previous 29: main:ROWNO:1=5; main:COLNO:1=5; main:num:1=0; 
Previous 30: main:ROWNO:1=10; main:COLNO:1=5; main:num:1=-4; 
Previous 31: main:ROWNO:1=1; main:COLNO:1=2; main:num:1=4; 
Previous 32: main:ROWNO:1=6; main:COLNO:1=6; main:num:1=0; 
Previous 33: main:ROWNO:1=2; main:COLNO:1=2; main:num:1=4; 
Previous 34: main:ROWNO:1=100; main:COLNO:1=1; main:num:1=-4; 
Previous 35: main:ROWNO:1=3; main:COLNO:1=5; main:num:1=0; 
Previous 36: main:ROWNO:1=3; main:COLNO:1=4; main:num:1=0; 
Previous 37: main:ROWNO:1=4; main:COLNO:1=5; main:num:1=0; 
Previous 38: main:ROWNO:1=9; main:COLNO:1=5; main:num:1=4; 
Previous 39: main:ROWNO:1=3; main:COLNO:1=1; main:num:1=0; 
Previous 40: main:ROWNO:1=5; main:COLNO:1=7; main:num:1=0; 
Previous 41: main:ROWNO:1=+6; main:COLNO:1=+7; main:num:1=0; 
Previous 42: main:ROWNO:1=7; main:COLNO:1=5; main:num:1=0; 
Previous 43: main:ROWNO:1=1000; main:COLNO:1=1000; main:num:1=0; 
Previous 44: main:ROWNO:1=2; main:COLNO:1=3; main:num:1=4; 
Previous 45: main:ROWNO:1=11; main:COLNO:1=11; main:num:1=0; 
Previous 46: main:ROWNO:1=20; main:COLNO:1=20; main:num:1=0; 
Previous 47: main:ROWNO:1=9; main:COLNO:1=5; main:num:1=0; 
Previous 48: main:ROWNO:1=7; main:COLNO:1=2; main:num:1=0; 
Previous 49: main:ROWNO:1=200; main:COLNO:1=201; main:num:1=8; 

Program:
extern int __VERIFIER_nondet_int(void);
/*

Commit Number: fad2eab749cce970fa87fa46186218b2dfe1adc1
URL: https://github.com/NetHack/NetHack/commit/fad2eab749cce970fa87fa46186218b2dfe1adc1
Project Name: NetHack
License: https://github.com/NetHack/NetHack/commit/60df7b2d3b73900481814084be027375b5888765
termination: FALSE

*/
int main()
{
    int ROWNO = __VERIFIER_nondet_int();
    int COLNO = __VERIFIER_nondet_int();
    if( ROWNO <= 0 || COLNO <= 0 || ROWNO > 65534 || COLNO > 65534 )
        return 0;
    int levl[ROWNO][COLNO];
    for( int i = 0 ; i < ROWNO ; i++ )
    {
        for( int j = 0 ; j < COLNO ; j++ )
        {
            int num = __VERIFIER_nondet_int();
            if( num > 0 )
                num = -num;
            levl[i][j] = num % 4;
        }
    }
    int STONE = 0;
    int found = 0;
    for( int xmin = 0; !found ; xmin++ )
    {
        for( int y = 0 ; y <= COLNO - 1; y++ )
        {
            if( levl[xmin][y] != STONE )
                found = 1;
        }
    }
    return 0;
}

"
60,NT,"main:ROWNO:1=10
main:COLNO:1=10
main:num:1=0
",,DUPLICATE,,false,,"You generate concrete values for nondeterministic inputs in a C/C++ program.
Your goal is to produce ONE complete assignment set that is likely to make the program not terminate.

Important rules:
1. Return a value for EVERY listed nondeterministic input ID.
2. Use each ID exactly once.
3. Respect the declared C/C++ type.
4. For an array, return the value as an array containing exactly the required number of elements.
5. For char arrays, each element must be exactly one character. Return the character itself without C single quotes.
6. Prefer small-magnitude values unless larger values are necessary to achieve the requested execution behavior.

Nondeterministic inputs:
- id: main:ROWNO:1, type: int
- id: main:COLNO:1, type: int
- id: main:num:1, type: int

Previously generated assignment sets are listed below. Generate a materially different set and do not duplicate any of them.
Previous 1: main:ROWNO:1=1; main:COLNO:1=1; main:num:1=1; 
Previous 2: main:ROWNO:1=3; main:COLNO:1=2; main:num:1=5; 
Previous 3: main:ROWNO:1=2; main:COLNO:1=3; main:num:1=1; 
Previous 4: main:ROWNO:1=4; main:COLNO:1=3; main:num:1=1; 
Previous 5: main:ROWNO:1=5; main:COLNO:1=5; main:num:1=3; 
Previous 6: main:ROWNO:1=+2; main:COLNO:1=2; main:num:1=-1; 
Previous 7: main:ROWNO:1=2; main:COLNO:1=3; main:num:1=-3; 
Previous 8: main:ROWNO:1=2; main:COLNO:1=2; main:num:1=1; 
Previous 9: main:ROWNO:1=7; main:COLNO:1=8; main:num:1=-1; 
Previous 10: main:ROWNO:1=3; main:COLNO:1=4; main:num:1=7; 
Previous 11: main:ROWNO:1=10; main:COLNO:1=10; main:num:1=4; 
Previous 12: main:ROWNO:1=1; main:COLNO:1=1; main:num:1=0; 
Previous 13: main:ROWNO:1=2; main:COLNO:1=2; main:num:1=0; 
Previous 14: main:ROWNO:1=12; main:COLNO:1=13; main:num:1=0; 
Previous 15: main:ROWNO:1=2; main:COLNO:1=3; main:num:1=0; 
Previous 16: main:ROWNO:1=1; main:COLNO:1=2; main:num:1=0; 
Previous 17: main:ROWNO:1=3; main:COLNO:1=3; main:num:1=0; 
Previous 18: main:ROWNO:1=2; main:COLNO:1=1; main:num:1=0; 
Previous 19: main:ROWNO:1=3; main:COLNO:1=2; main:num:1=0; 
Previous 20: main:ROWNO:1=65534; main:COLNO:1=65534; main:num:1=0; 
Previous 21: main:ROWNO:1=1; main:COLNO:1=3; main:num:1=0; 
Previous 22: main:ROWNO:1=1; main:COLNO:1=1; main:num:1=-16; 
Previous 23: main:ROWNO:1=1; main:COLNO:1=1; main:num:1=-4; 
Previous 24: main:ROWNO:1=2; main:COLNO:1=2; main:num:1=-4; 
Previous 25: main:ROWNO:1=1; main:COLNO:1=1; main:num:1=4; 
Previous 26: main:ROWNO:1=4; main:COLNO:1=4; main:num:1=0; 
Previous 27: main:ROWNO:1=10; main:COLNO:1=10; main:num:1=0; 
Previous 28: main:ROWNO:1=100; main:COLNO:1=100; main:num:1=4; 
Previous 29: main:ROWNO:1=5; main:COLNO:1=5; main:num:1=0; 
Previous 30: main:ROWNO:1=10; main:COLNO:1=5; main:num:1=-4; 
Previous 31: main:ROWNO:1=1; main:COLNO:1=2; main:num:1=4; 
Previous 32: main:ROWNO:1=6; main:COLNO:1=6; main:num:1=0; 
Previous 33: main:ROWNO:1=2; main:COLNO:1=2; main:num:1=4; 
Previous 34: main:ROWNO:1=100; main:COLNO:1=1; main:num:1=-4; 
Previous 35: main:ROWNO:1=3; main:COLNO:1=5; main:num:1=0; 
Previous 36: main:ROWNO:1=3; main:COLNO:1=4; main:num:1=0; 
Previous 37: main:ROWNO:1=4; main:COLNO:1=5; main:num:1=0; 
Previous 38: main:ROWNO:1=9; main:COLNO:1=5; main:num:1=4; 
Previous 39: main:ROWNO:1=3; main:COLNO:1=1; main:num:1=0; 
Previous 40: main:ROWNO:1=5; main:COLNO:1=7; main:num:1=0; 
Previous 41: main:ROWNO:1=+6; main:COLNO:1=+7; main:num:1=0; 
Previous 42: main:ROWNO:1=7; main:COLNO:1=5; main:num:1=0; 
Previous 43: main:ROWNO:1=1000; main:COLNO:1=1000; main:num:1=0; 
Previous 44: main:ROWNO:1=2; main:COLNO:1=3; main:num:1=4; 
Previous 45: main:ROWNO:1=11; main:COLNO:1=11; main:num:1=0; 
Previous 46: main:ROWNO:1=20; main:COLNO:1=20; main:num:1=0; 
Previous 47: main:ROWNO:1=9; main:COLNO:1=5; main:num:1=0; 
Previous 48: main:ROWNO:1=7; main:COLNO:1=2; main:num:1=0; 
Previous 49: main:ROWNO:1=200; main:COLNO:1=201; main:num:1=8; 

Program:
extern int __VERIFIER_nondet_int(void);
/*

Commit Number: fad2eab749cce970fa87fa46186218b2dfe1adc1
URL: https://github.com/NetHack/NetHack/commit/fad2eab749cce970fa87fa46186218b2dfe1adc1
Project Name: NetHack
License: https://github.com/NetHack/NetHack/commit/60df7b2d3b73900481814084be027375b5888765
termination: FALSE

*/
int main()
{
    int ROWNO = __VERIFIER_nondet_int();
    int COLNO = __VERIFIER_nondet_int();
    if( ROWNO <= 0 || COLNO <= 0 || ROWNO > 65534 || COLNO > 65534 )
        return 0;
    int levl[ROWNO][COLNO];
    for( int i = 0 ; i < ROWNO ; i++ )
    {
        for( int j = 0 ; j < COLNO ; j++ )
        {
            int num = __VERIFIER_nondet_int();
            if( num > 0 )
                num = -num;
            levl[i][j] = num % 4;
        }
    }
    int STONE = 0;
    int found = 0;
    for( int xmin = 0; !found ; xmin++ )
    {
        for( int y = 0 ; y <= COLNO - 1; y++ )
        {
            if( levl[xmin][y] != STONE )
                found = 1;
        }
    }
    return 0;
}

"
