Candidate,Target,Assignments,ProgramPath,ExecutionResult,Label,Accepted,Error,Prompt
1,T,"main:buf:1={'a','a','a','a','a','a','a','a','a','a','a','a','a','a','a','a','a','a','a','a','a','a','a','a','a','a','a','a','a','a','a','a','a','a','a','a','a','a','a','a','a','a','a','a','a','a','a','a','a','a','a','a','a','a','a','a','a','a','a','a','a','a','a','a','a','a','a','a','a','a','a','a','a','a','a','a','a','a','a','a','a','a','a','a','a','a','a','a','a','a','a','a','a','a','a','a','a','a','a','a'}
",/home/quasar/Documents/FocusTNT/results_InputGeneration/FSE/loop/Incorrect_Initialization_1_T/input_generator_artifacts/generated_programs/Incorrect_Initialization_1_T_TestCase1.c,COMPLETED,T,true,,"You generate concrete values for nondeterministic inputs in a C/C++ program.
Your goal is to produce ONE complete assignment set that is likely to make the program terminate.

Important rules:
1. Return a value for EVERY listed nondeterministic input ID.
2. Use each ID exactly once.
3. Respect the declared C/C++ type.
4. For an array, return the value as an array containing exactly the required number of elements.
5. For char arrays, each element must be exactly one character. Return the character itself without C single quotes.
6. Prefer small-magnitude values unless larger values are necessary to achieve the requested execution behavior.

Nondeterministic inputs:
- id: main:buf:1, type: char, array: true, size: 100, required elements: 100

Program:
extern char __VERIFIER_nondet_char(void);
/*
Commit Number: cea58cb6d8fe0d27bfcbab57776bd36d5c724ec3
URL: https://github.com/GNOME/evolution-data-server/commit/cea58cb6d8fe0d27bfcbab57776bd36d5c724ec3
Project Name: evolution-data-server
License: GPL2
termination: TRUE

*/
int strcspn(const char *strSrc, const char *str)
{
    const char *s;
    const char *t = strSrc;
    while (*t != '\0')
    {
        s = str;
        while (*s != '\0')
        {
            if (*t == *s )
            return t-strSrc;
            ++s;
        }
        ++t;
    }
    return 0;
}
int main()
{
    char buf[100];
    for( int i = 0 ; i < 99 ; i++ )
        buf[i] = __VERIFIER_nondet_char();
    buf[99] = '\0';
    char *p = buf;
    while( *p )
    {
        int len = strcspn( p , ""\n"");
        p += len;
        if( *p )
            p++;
    }
    return 0;

}

"
2,T,"main:buf:1={'h','h','h','h','h','h','h','h','h','h','h','h','h','h','h','h','h','h','h','h','h','h','h','h','h','e','e','e','e','e','e','e','e','e','e','e','e','e','e','e','e','e','e','e','e','e','e','e','e','e','l','l','l','l','l','l','l','l','l','l','l','l','l','l','l','l','l','l','l','l','l','l','l','l','l','o','o','o','o','o','o','o','o','o','o','o','o','o','o','o','X','X','X','X','X','X','X','X','X','Y'}
",/home/quasar/Documents/FocusTNT/results_InputGeneration/FSE/loop/Incorrect_Initialization_1_T/input_generator_artifacts/generated_programs/Incorrect_Initialization_1_T_TestCase2.c,COMPLETED,T,true,,"You generate concrete values for nondeterministic inputs in a C/C++ program.
Your goal is to produce ONE complete assignment set that is likely to make the program terminate.

Important rules:
1. Return a value for EVERY listed nondeterministic input ID.
2. Use each ID exactly once.
3. Respect the declared C/C++ type.
4. For an array, return the value as an array containing exactly the required number of elements.
5. For char arrays, each element must be exactly one character. Return the character itself without C single quotes.
6. Prefer small-magnitude values unless larger values are necessary to achieve the requested execution behavior.

Nondeterministic inputs:
- id: main:buf:1, type: char, array: true, size: 100, required elements: 100

Previously generated assignment sets are listed below. Generate a materially different set and do not duplicate any of them.
Previous 1: main:buf:1={'a','a','a','a','a','a','a','a','a','a','a','a','a','a','a','a','a','a','a','a','a','a','a','a','a','a','a','a','a','a','a','a','a','a','a','a','a','a','a','a','a','a','a','a','a','a','a','a','a','a','a','a','a','a','a','a','a','a','a','a','a','a','a','a','a','a','a','a','a','a','a','a','a','a','a','a','a','a','a','a','a','a','a','a','a','a','a','a','a','a','a','a','a','a','a','a','a','a','a','a'}; 

Program:
extern char __VERIFIER_nondet_char(void);
/*
Commit Number: cea58cb6d8fe0d27bfcbab57776bd36d5c724ec3
URL: https://github.com/GNOME/evolution-data-server/commit/cea58cb6d8fe0d27bfcbab57776bd36d5c724ec3
Project Name: evolution-data-server
License: GPL2
termination: TRUE

*/
int strcspn(const char *strSrc, const char *str)
{
    const char *s;
    const char *t = strSrc;
    while (*t != '\0')
    {
        s = str;
        while (*s != '\0')
        {
            if (*t == *s )
            return t-strSrc;
            ++s;
        }
        ++t;
    }
    return 0;
}
int main()
{
    char buf[100];
    for( int i = 0 ; i < 99 ; i++ )
        buf[i] = __VERIFIER_nondet_char();
    buf[99] = '\0';
    char *p = buf;
    while( *p )
    {
        int len = strcspn( p , ""\n"");
        p += len;
        if( *p )
            p++;
    }
    return 0;

}

"
3,T,"main:buf:1={'a','b','b','b','b','b','b','b','b','b','b','b','b','b','b','b','b','b','b','b','b','b','b','b','b','b','b','b','b','b','b','b','b','b','b','b','b','b','b','b','b','b','b','b','b','b','b','b','b','b','b','b','b','b','b','b','b','b','b','b','b','b','b','b','b','b','b','b','b','b','b','b','b','b','b','b','b','b','b','b','b','b','b','b','b','b','b','b','b','b','b','b','b','b','b','b','b','b','b','0'}
",/home/quasar/Documents/FocusTNT/results_InputGeneration/FSE/loop/Incorrect_Initialization_1_T/input_generator_artifacts/generated_programs/Incorrect_Initialization_1_T_TestCase3.c,COMPLETED,T,true,,"You generate concrete values for nondeterministic inputs in a C/C++ program.
Your goal is to produce ONE complete assignment set that is likely to make the program terminate.

Important rules:
1. Return a value for EVERY listed nondeterministic input ID.
2. Use each ID exactly once.
3. Respect the declared C/C++ type.
4. For an array, return the value as an array containing exactly the required number of elements.
5. For char arrays, each element must be exactly one character. Return the character itself without C single quotes.
6. Prefer small-magnitude values unless larger values are necessary to achieve the requested execution behavior.

Nondeterministic inputs:
- id: main:buf:1, type: char, array: true, size: 100, required elements: 100

Previously generated assignment sets are listed below. Generate a materially different set and do not duplicate any of them.
Previous 1: main:buf:1={'a','a','a','a','a','a','a','a','a','a','a','a','a','a','a','a','a','a','a','a','a','a','a','a','a','a','a','a','a','a','a','a','a','a','a','a','a','a','a','a','a','a','a','a','a','a','a','a','a','a','a','a','a','a','a','a','a','a','a','a','a','a','a','a','a','a','a','a','a','a','a','a','a','a','a','a','a','a','a','a','a','a','a','a','a','a','a','a','a','a','a','a','a','a','a','a','a','a','a','a'}; 
Previous 2: main:buf:1={'h','h','h','h','h','h','h','h','h','h','h','h','h','h','h','h','h','h','h','h','h','h','h','h','h','e','e','e','e','e','e','e','e','e','e','e','e','e','e','e','e','e','e','e','e','e','e','e','e','e','l','l','l','l','l','l','l','l','l','l','l','l','l','l','l','l','l','l','l','l','l','l','l','l','l','o','o','o','o','o','o','o','o','o','o','o','o','o','o','o','X','X','X','X','X','X','X','X','X','Y'}; 

Program:
extern char __VERIFIER_nondet_char(void);
/*
Commit Number: cea58cb6d8fe0d27bfcbab57776bd36d5c724ec3
URL: https://github.com/GNOME/evolution-data-server/commit/cea58cb6d8fe0d27bfcbab57776bd36d5c724ec3
Project Name: evolution-data-server
License: GPL2
termination: TRUE

*/
int strcspn(const char *strSrc, const char *str)
{
    const char *s;
    const char *t = strSrc;
    while (*t != '\0')
    {
        s = str;
        while (*s != '\0')
        {
            if (*t == *s )
            return t-strSrc;
            ++s;
        }
        ++t;
    }
    return 0;
}
int main()
{
    char buf[100];
    for( int i = 0 ; i < 99 ; i++ )
        buf[i] = __VERIFIER_nondet_char();
    buf[99] = '\0';
    char *p = buf;
    while( *p )
    {
        int len = strcspn( p , ""\n"");
        p += len;
        if( *p )
            p++;
    }
    return 0;

}

"
4,T,"main:buf:1={'x','x','x','x','x','x','x','x','x','x','x','x','x','x','x','x','x','x','x','x','x','x','x','x','x','x','x','x','x','x','x','x','x','x','x','x','x','x','x','x','x','x','x','x','x','x','x','x','x','x','x','x','x','x','x','x','x','x','x','x','x','x','x','x','x','x','x','x','x','x','x','x','x','x','x','x','x','x','x','x','x','x','x','x','x','x','x','x','x','x','x','x','x','x','x','x','x','x','x','x'}
",/home/quasar/Documents/FocusTNT/results_InputGeneration/FSE/loop/Incorrect_Initialization_1_T/input_generator_artifacts/generated_programs/Incorrect_Initialization_1_T_TestCase4.c,COMPLETED,T,true,,"You generate concrete values for nondeterministic inputs in a C/C++ program.
Your goal is to produce ONE complete assignment set that is likely to make the program terminate.

Important rules:
1. Return a value for EVERY listed nondeterministic input ID.
2. Use each ID exactly once.
3. Respect the declared C/C++ type.
4. For an array, return the value as an array containing exactly the required number of elements.
5. For char arrays, each element must be exactly one character. Return the character itself without C single quotes.
6. Prefer small-magnitude values unless larger values are necessary to achieve the requested execution behavior.

Nondeterministic inputs:
- id: main:buf:1, type: char, array: true, size: 100, required elements: 100

Previously generated assignment sets are listed below. Generate a materially different set and do not duplicate any of them.
Previous 1: main:buf:1={'a','a','a','a','a','a','a','a','a','a','a','a','a','a','a','a','a','a','a','a','a','a','a','a','a','a','a','a','a','a','a','a','a','a','a','a','a','a','a','a','a','a','a','a','a','a','a','a','a','a','a','a','a','a','a','a','a','a','a','a','a','a','a','a','a','a','a','a','a','a','a','a','a','a','a','a','a','a','a','a','a','a','a','a','a','a','a','a','a','a','a','a','a','a','a','a','a','a','a','a'}; 
Previous 2: main:buf:1={'h','h','h','h','h','h','h','h','h','h','h','h','h','h','h','h','h','h','h','h','h','h','h','h','h','e','e','e','e','e','e','e','e','e','e','e','e','e','e','e','e','e','e','e','e','e','e','e','e','e','l','l','l','l','l','l','l','l','l','l','l','l','l','l','l','l','l','l','l','l','l','l','l','l','l','o','o','o','o','o','o','o','o','o','o','o','o','o','o','o','X','X','X','X','X','X','X','X','X','Y'}; 
Previous 3: main:buf:1={'a','b','b','b','b','b','b','b','b','b','b','b','b','b','b','b','b','b','b','b','b','b','b','b','b','b','b','b','b','b','b','b','b','b','b','b','b','b','b','b','b','b','b','b','b','b','b','b','b','b','b','b','b','b','b','b','b','b','b','b','b','b','b','b','b','b','b','b','b','b','b','b','b','b','b','b','b','b','b','b','b','b','b','b','b','b','b','b','b','b','b','b','b','b','b','b','b','b','b','0'}; 

Program:
extern char __VERIFIER_nondet_char(void);
/*
Commit Number: cea58cb6d8fe0d27bfcbab57776bd36d5c724ec3
URL: https://github.com/GNOME/evolution-data-server/commit/cea58cb6d8fe0d27bfcbab57776bd36d5c724ec3
Project Name: evolution-data-server
License: GPL2
termination: TRUE

*/
int strcspn(const char *strSrc, const char *str)
{
    const char *s;
    const char *t = strSrc;
    while (*t != '\0')
    {
        s = str;
        while (*s != '\0')
        {
            if (*t == *s )
            return t-strSrc;
            ++s;
        }
        ++t;
    }
    return 0;
}
int main()
{
    char buf[100];
    for( int i = 0 ; i < 99 ; i++ )
        buf[i] = __VERIFIER_nondet_char();
    buf[99] = '\0';
    char *p = buf;
    while( *p )
    {
        int len = strcspn( p , ""\n"");
        p += len;
        if( *p )
            p++;
    }
    return 0;

}

"
5,T,"main:buf:1={'A','B','C','D','E','F','G','H','I','J','K','L','M','N','O','P','Q','R','S','T','U','V','W','X','Y','Z','a','b','c','d','e','f','g','h','i','j','k','l','m','n','o','p','q','r','s','t','u','v','w','x','y','z','A','B','C','D','E','F','G','H','I','J','K','L','M','N','O','P','Q','R','S','T','U','V','W','X','Y','Z','a','b','c','d','e','f','g','h','i','j','k','l','m','n','o','p','q','r','s','t','u','0'}
",/home/quasar/Documents/FocusTNT/results_InputGeneration/FSE/loop/Incorrect_Initialization_1_T/input_generator_artifacts/generated_programs/Incorrect_Initialization_1_T_TestCase5.c,COMPLETED,T,true,,"You generate concrete values for nondeterministic inputs in a C/C++ program.
Your goal is to produce ONE complete assignment set that is likely to make the program terminate.

Important rules:
1. Return a value for EVERY listed nondeterministic input ID.
2. Use each ID exactly once.
3. Respect the declared C/C++ type.
4. For an array, return the value as an array containing exactly the required number of elements.
5. For char arrays, each element must be exactly one character. Return the character itself without C single quotes.
6. Prefer small-magnitude values unless larger values are necessary to achieve the requested execution behavior.

Nondeterministic inputs:
- id: main:buf:1, type: char, array: true, size: 100, required elements: 100

Previously generated assignment sets are listed below. Generate a materially different set and do not duplicate any of them.
Previous 1: main:buf:1={'a','a','a','a','a','a','a','a','a','a','a','a','a','a','a','a','a','a','a','a','a','a','a','a','a','a','a','a','a','a','a','a','a','a','a','a','a','a','a','a','a','a','a','a','a','a','a','a','a','a','a','a','a','a','a','a','a','a','a','a','a','a','a','a','a','a','a','a','a','a','a','a','a','a','a','a','a','a','a','a','a','a','a','a','a','a','a','a','a','a','a','a','a','a','a','a','a','a','a','a'}; 
Previous 2: main:buf:1={'h','h','h','h','h','h','h','h','h','h','h','h','h','h','h','h','h','h','h','h','h','h','h','h','h','e','e','e','e','e','e','e','e','e','e','e','e','e','e','e','e','e','e','e','e','e','e','e','e','e','l','l','l','l','l','l','l','l','l','l','l','l','l','l','l','l','l','l','l','l','l','l','l','l','l','o','o','o','o','o','o','o','o','o','o','o','o','o','o','o','X','X','X','X','X','X','X','X','X','Y'}; 
Previous 3: main:buf:1={'a','b','b','b','b','b','b','b','b','b','b','b','b','b','b','b','b','b','b','b','b','b','b','b','b','b','b','b','b','b','b','b','b','b','b','b','b','b','b','b','b','b','b','b','b','b','b','b','b','b','b','b','b','b','b','b','b','b','b','b','b','b','b','b','b','b','b','b','b','b','b','b','b','b','b','b','b','b','b','b','b','b','b','b','b','b','b','b','b','b','b','b','b','b','b','b','b','b','b','0'}; 
Previous 4: main:buf:1={'x','x','x','x','x','x','x','x','x','x','x','x','x','x','x','x','x','x','x','x','x','x','x','x','x','x','x','x','x','x','x','x','x','x','x','x','x','x','x','x','x','x','x','x','x','x','x','x','x','x','x','x','x','x','x','x','x','x','x','x','x','x','x','x','x','x','x','x','x','x','x','x','x','x','x','x','x','x','x','x','x','x','x','x','x','x','x','x','x','x','x','x','x','x','x','x','x','x','x','x'}; 

Program:
extern char __VERIFIER_nondet_char(void);
/*
Commit Number: cea58cb6d8fe0d27bfcbab57776bd36d5c724ec3
URL: https://github.com/GNOME/evolution-data-server/commit/cea58cb6d8fe0d27bfcbab57776bd36d5c724ec3
Project Name: evolution-data-server
License: GPL2
termination: TRUE

*/
int strcspn(const char *strSrc, const char *str)
{
    const char *s;
    const char *t = strSrc;
    while (*t != '\0')
    {
        s = str;
        while (*s != '\0')
        {
            if (*t == *s )
            return t-strSrc;
            ++s;
        }
        ++t;
    }
    return 0;
}
int main()
{
    char buf[100];
    for( int i = 0 ; i < 99 ; i++ )
        buf[i] = __VERIFIER_nondet_char();
    buf[99] = '\0';
    char *p = buf;
    while( *p )
    {
        int len = strcspn( p , ""\n"");
        p += len;
        if( *p )
            p++;
    }
    return 0;

}

"
6,T,"main:buf:1={'0','0','0','0','0','0','0','0','0','0','0','0','0','0','0','0','0','0','0','0','0','0','0','0','0','0','0','0','0','0','0','0','0','0','0','0','0','0','0','0','0','0','0','0','0','0','0','0','0','0','0','0','0','0','0','0','0','0','0','0','0','0','0','0','0','0','0','0','0','0','0','0','0','0','0','0','0','0','0','0','0','0','0','0','0','0','0','0','0','0','0','0','0','0','0','0','0','0','0','0'}
",/home/quasar/Documents/FocusTNT/results_InputGeneration/FSE/loop/Incorrect_Initialization_1_T/input_generator_artifacts/generated_programs/Incorrect_Initialization_1_T_TestCase6.c,COMPLETED,T,true,,"You generate concrete values for nondeterministic inputs in a C/C++ program.
Your goal is to produce ONE complete assignment set that is likely to make the program terminate.

Important rules:
1. Return a value for EVERY listed nondeterministic input ID.
2. Use each ID exactly once.
3. Respect the declared C/C++ type.
4. For an array, return the value as an array containing exactly the required number of elements.
5. For char arrays, each element must be exactly one character. Return the character itself without C single quotes.
6. Prefer small-magnitude values unless larger values are necessary to achieve the requested execution behavior.

Nondeterministic inputs:
- id: main:buf:1, type: char, array: true, size: 100, required elements: 100

Previously generated assignment sets are listed below. Generate a materially different set and do not duplicate any of them.
Previous 1: main:buf:1={'a','a','a','a','a','a','a','a','a','a','a','a','a','a','a','a','a','a','a','a','a','a','a','a','a','a','a','a','a','a','a','a','a','a','a','a','a','a','a','a','a','a','a','a','a','a','a','a','a','a','a','a','a','a','a','a','a','a','a','a','a','a','a','a','a','a','a','a','a','a','a','a','a','a','a','a','a','a','a','a','a','a','a','a','a','a','a','a','a','a','a','a','a','a','a','a','a','a','a','a'}; 
Previous 2: main:buf:1={'h','h','h','h','h','h','h','h','h','h','h','h','h','h','h','h','h','h','h','h','h','h','h','h','h','e','e','e','e','e','e','e','e','e','e','e','e','e','e','e','e','e','e','e','e','e','e','e','e','e','l','l','l','l','l','l','l','l','l','l','l','l','l','l','l','l','l','l','l','l','l','l','l','l','l','o','o','o','o','o','o','o','o','o','o','o','o','o','o','o','X','X','X','X','X','X','X','X','X','Y'}; 
Previous 3: main:buf:1={'a','b','b','b','b','b','b','b','b','b','b','b','b','b','b','b','b','b','b','b','b','b','b','b','b','b','b','b','b','b','b','b','b','b','b','b','b','b','b','b','b','b','b','b','b','b','b','b','b','b','b','b','b','b','b','b','b','b','b','b','b','b','b','b','b','b','b','b','b','b','b','b','b','b','b','b','b','b','b','b','b','b','b','b','b','b','b','b','b','b','b','b','b','b','b','b','b','b','b','0'}; 
Previous 4: main:buf:1={'x','x','x','x','x','x','x','x','x','x','x','x','x','x','x','x','x','x','x','x','x','x','x','x','x','x','x','x','x','x','x','x','x','x','x','x','x','x','x','x','x','x','x','x','x','x','x','x','x','x','x','x','x','x','x','x','x','x','x','x','x','x','x','x','x','x','x','x','x','x','x','x','x','x','x','x','x','x','x','x','x','x','x','x','x','x','x','x','x','x','x','x','x','x','x','x','x','x','x','x'}; 
Previous 5: main:buf:1={'A','B','C','D','E','F','G','H','I','J','K','L','M','N','O','P','Q','R','S','T','U','V','W','X','Y','Z','a','b','c','d','e','f','g','h','i','j','k','l','m','n','o','p','q','r','s','t','u','v','w','x','y','z','A','B','C','D','E','F','G','H','I','J','K','L','M','N','O','P','Q','R','S','T','U','V','W','X','Y','Z','a','b','c','d','e','f','g','h','i','j','k','l','m','n','o','p','q','r','s','t','u','0'}; 

Program:
extern char __VERIFIER_nondet_char(void);
/*
Commit Number: cea58cb6d8fe0d27bfcbab57776bd36d5c724ec3
URL: https://github.com/GNOME/evolution-data-server/commit/cea58cb6d8fe0d27bfcbab57776bd36d5c724ec3
Project Name: evolution-data-server
License: GPL2
termination: TRUE

*/
int strcspn(const char *strSrc, const char *str)
{
    const char *s;
    const char *t = strSrc;
    while (*t != '\0')
    {
        s = str;
        while (*s != '\0')
        {
            if (*t == *s )
            return t-strSrc;
            ++s;
        }
        ++t;
    }
    return 0;
}
int main()
{
    char buf[100];
    for( int i = 0 ; i < 99 ; i++ )
        buf[i] = __VERIFIER_nondet_char();
    buf[99] = '\0';
    char *p = buf;
    while( *p )
    {
        int len = strcspn( p , ""\n"");
        p += len;
        if( *p )
            p++;
    }
    return 0;

}

"
7,T,"main:buf:1={'X','Y','X','Y','X','Y','X','Y','X','Y','X','Y','X','Y','X','Y','X','Y','X','Y','X','Y','X','Y','X','Y','X','Y','X','Y','X','Y','X','Y','X','Y','X','Y','X','Y','X','Y','X','Y','X','Y','X','Y','X','Y','X','Y','X','Y','X','Y','X','Y','X','Y','X','Y','X','Y','X','Y','X','Y','X','Y','X','Y','X','Y','X','Y','X','Y','X','Y','X','Y','X','Y','X','Y','X','Y','X','Y','X','Y','X','Y','X','Y','X','Y','X','Y'}
",/home/quasar/Documents/FocusTNT/results_InputGeneration/FSE/loop/Incorrect_Initialization_1_T/input_generator_artifacts/generated_programs/Incorrect_Initialization_1_T_TestCase7.c,COMPLETED,T,true,,"You generate concrete values for nondeterministic inputs in a C/C++ program.
Your goal is to produce ONE complete assignment set that is likely to make the program terminate.

Important rules:
1. Return a value for EVERY listed nondeterministic input ID.
2. Use each ID exactly once.
3. Respect the declared C/C++ type.
4. For an array, return the value as an array containing exactly the required number of elements.
5. For char arrays, each element must be exactly one character. Return the character itself without C single quotes.
6. Prefer small-magnitude values unless larger values are necessary to achieve the requested execution behavior.

Nondeterministic inputs:
- id: main:buf:1, type: char, array: true, size: 100, required elements: 100

Previously generated assignment sets are listed below. Generate a materially different set and do not duplicate any of them.
Previous 1: main:buf:1={'a','a','a','a','a','a','a','a','a','a','a','a','a','a','a','a','a','a','a','a','a','a','a','a','a','a','a','a','a','a','a','a','a','a','a','a','a','a','a','a','a','a','a','a','a','a','a','a','a','a','a','a','a','a','a','a','a','a','a','a','a','a','a','a','a','a','a','a','a','a','a','a','a','a','a','a','a','a','a','a','a','a','a','a','a','a','a','a','a','a','a','a','a','a','a','a','a','a','a','a'}; 
Previous 2: main:buf:1={'h','h','h','h','h','h','h','h','h','h','h','h','h','h','h','h','h','h','h','h','h','h','h','h','h','e','e','e','e','e','e','e','e','e','e','e','e','e','e','e','e','e','e','e','e','e','e','e','e','e','l','l','l','l','l','l','l','l','l','l','l','l','l','l','l','l','l','l','l','l','l','l','l','l','l','o','o','o','o','o','o','o','o','o','o','o','o','o','o','o','X','X','X','X','X','X','X','X','X','Y'}; 
Previous 3: main:buf:1={'a','b','b','b','b','b','b','b','b','b','b','b','b','b','b','b','b','b','b','b','b','b','b','b','b','b','b','b','b','b','b','b','b','b','b','b','b','b','b','b','b','b','b','b','b','b','b','b','b','b','b','b','b','b','b','b','b','b','b','b','b','b','b','b','b','b','b','b','b','b','b','b','b','b','b','b','b','b','b','b','b','b','b','b','b','b','b','b','b','b','b','b','b','b','b','b','b','b','b','0'}; 
Previous 4: main:buf:1={'x','x','x','x','x','x','x','x','x','x','x','x','x','x','x','x','x','x','x','x','x','x','x','x','x','x','x','x','x','x','x','x','x','x','x','x','x','x','x','x','x','x','x','x','x','x','x','x','x','x','x','x','x','x','x','x','x','x','x','x','x','x','x','x','x','x','x','x','x','x','x','x','x','x','x','x','x','x','x','x','x','x','x','x','x','x','x','x','x','x','x','x','x','x','x','x','x','x','x','x'}; 
Previous 5: main:buf:1={'A','B','C','D','E','F','G','H','I','J','K','L','M','N','O','P','Q','R','S','T','U','V','W','X','Y','Z','a','b','c','d','e','f','g','h','i','j','k','l','m','n','o','p','q','r','s','t','u','v','w','x','y','z','A','B','C','D','E','F','G','H','I','J','K','L','M','N','O','P','Q','R','S','T','U','V','W','X','Y','Z','a','b','c','d','e','f','g','h','i','j','k','l','m','n','o','p','q','r','s','t','u','0'}; 
Previous 6: main:buf:1={'0','0','0','0','0','0','0','0','0','0','0','0','0','0','0','0','0','0','0','0','0','0','0','0','0','0','0','0','0','0','0','0','0','0','0','0','0','0','0','0','0','0','0','0','0','0','0','0','0','0','0','0','0','0','0','0','0','0','0','0','0','0','0','0','0','0','0','0','0','0','0','0','0','0','0','0','0','0','0','0','0','0','0','0','0','0','0','0','0','0','0','0','0','0','0','0','0','0','0','0'}; 

Program:
extern char __VERIFIER_nondet_char(void);
/*
Commit Number: cea58cb6d8fe0d27bfcbab57776bd36d5c724ec3
URL: https://github.com/GNOME/evolution-data-server/commit/cea58cb6d8fe0d27bfcbab57776bd36d5c724ec3
Project Name: evolution-data-server
License: GPL2
termination: TRUE

*/
int strcspn(const char *strSrc, const char *str)
{
    const char *s;
    const char *t = strSrc;
    while (*t != '\0')
    {
        s = str;
        while (*s != '\0')
        {
            if (*t == *s )
            return t-strSrc;
            ++s;
        }
        ++t;
    }
    return 0;
}
int main()
{
    char buf[100];
    for( int i = 0 ; i < 99 ; i++ )
        buf[i] = __VERIFIER_nondet_char();
    buf[99] = '\0';
    char *p = buf;
    while( *p )
    {
        int len = strcspn( p , ""\n"");
        p += len;
        if( *p )
            p++;
    }
    return 0;

}

"
8,T,"main:buf:1={'\'','0','\'','\'','1','\'','\'','2','\'','\'','3','\'','\'','4','\'','\'','5','\'','\'','6','\'','\'','7','\'','\'','8','\'','\'','9','\'','\'','0','\'','\'','1','\'','\'','2','\'','\'','3','\'','\'','4','\'','\'','5','\'','\'','6','\'','\'','7','\'','\'','8','\'','\'','9','\'','\'','0','\'','\'','1','\'','\'','2','\'','\'','3','\'','\'','4','\'','\'','5','\'','\'','6','\'','\'','7','\'','\'','8','\'','\'','9','\'','\'','0','\'','\'','1','\'','\'','2','\'','\''}
",/home/quasar/Documents/FocusTNT/results_InputGeneration/FSE/loop/Incorrect_Initialization_1_T/input_generator_artifacts/generated_programs/Incorrect_Initialization_1_T_TestCase8.c,COMPLETED,T,true,,"You generate concrete values for nondeterministic inputs in a C/C++ program.
Your goal is to produce ONE complete assignment set that is likely to make the program terminate.

Important rules:
1. Return a value for EVERY listed nondeterministic input ID.
2. Use each ID exactly once.
3. Respect the declared C/C++ type.
4. For an array, return the value as an array containing exactly the required number of elements.
5. For char arrays, each element must be exactly one character. Return the character itself without C single quotes.
6. Prefer small-magnitude values unless larger values are necessary to achieve the requested execution behavior.

Nondeterministic inputs:
- id: main:buf:1, type: char, array: true, size: 100, required elements: 100

Previously generated assignment sets are listed below. Generate a materially different set and do not duplicate any of them.
Previous 1: main:buf:1={'a','a','a','a','a','a','a','a','a','a','a','a','a','a','a','a','a','a','a','a','a','a','a','a','a','a','a','a','a','a','a','a','a','a','a','a','a','a','a','a','a','a','a','a','a','a','a','a','a','a','a','a','a','a','a','a','a','a','a','a','a','a','a','a','a','a','a','a','a','a','a','a','a','a','a','a','a','a','a','a','a','a','a','a','a','a','a','a','a','a','a','a','a','a','a','a','a','a','a','a'}; 
Previous 2: main:buf:1={'h','h','h','h','h','h','h','h','h','h','h','h','h','h','h','h','h','h','h','h','h','h','h','h','h','e','e','e','e','e','e','e','e','e','e','e','e','e','e','e','e','e','e','e','e','e','e','e','e','e','l','l','l','l','l','l','l','l','l','l','l','l','l','l','l','l','l','l','l','l','l','l','l','l','l','o','o','o','o','o','o','o','o','o','o','o','o','o','o','o','X','X','X','X','X','X','X','X','X','Y'}; 
Previous 3: main:buf:1={'a','b','b','b','b','b','b','b','b','b','b','b','b','b','b','b','b','b','b','b','b','b','b','b','b','b','b','b','b','b','b','b','b','b','b','b','b','b','b','b','b','b','b','b','b','b','b','b','b','b','b','b','b','b','b','b','b','b','b','b','b','b','b','b','b','b','b','b','b','b','b','b','b','b','b','b','b','b','b','b','b','b','b','b','b','b','b','b','b','b','b','b','b','b','b','b','b','b','b','0'}; 
Previous 4: main:buf:1={'x','x','x','x','x','x','x','x','x','x','x','x','x','x','x','x','x','x','x','x','x','x','x','x','x','x','x','x','x','x','x','x','x','x','x','x','x','x','x','x','x','x','x','x','x','x','x','x','x','x','x','x','x','x','x','x','x','x','x','x','x','x','x','x','x','x','x','x','x','x','x','x','x','x','x','x','x','x','x','x','x','x','x','x','x','x','x','x','x','x','x','x','x','x','x','x','x','x','x','x'}; 
Previous 5: main:buf:1={'A','B','C','D','E','F','G','H','I','J','K','L','M','N','O','P','Q','R','S','T','U','V','W','X','Y','Z','a','b','c','d','e','f','g','h','i','j','k','l','m','n','o','p','q','r','s','t','u','v','w','x','y','z','A','B','C','D','E','F','G','H','I','J','K','L','M','N','O','P','Q','R','S','T','U','V','W','X','Y','Z','a','b','c','d','e','f','g','h','i','j','k','l','m','n','o','p','q','r','s','t','u','0'}; 
Previous 6: main:buf:1={'0','0','0','0','0','0','0','0','0','0','0','0','0','0','0','0','0','0','0','0','0','0','0','0','0','0','0','0','0','0','0','0','0','0','0','0','0','0','0','0','0','0','0','0','0','0','0','0','0','0','0','0','0','0','0','0','0','0','0','0','0','0','0','0','0','0','0','0','0','0','0','0','0','0','0','0','0','0','0','0','0','0','0','0','0','0','0','0','0','0','0','0','0','0','0','0','0','0','0','0'}; 
Previous 7: main:buf:1={'X','Y','X','Y','X','Y','X','Y','X','Y','X','Y','X','Y','X','Y','X','Y','X','Y','X','Y','X','Y','X','Y','X','Y','X','Y','X','Y','X','Y','X','Y','X','Y','X','Y','X','Y','X','Y','X','Y','X','Y','X','Y','X','Y','X','Y','X','Y','X','Y','X','Y','X','Y','X','Y','X','Y','X','Y','X','Y','X','Y','X','Y','X','Y','X','Y','X','Y','X','Y','X','Y','X','Y','X','Y','X','Y','X','Y','X','Y','X','Y','X','Y','X','Y'}; 

Program:
extern char __VERIFIER_nondet_char(void);
/*
Commit Number: cea58cb6d8fe0d27bfcbab57776bd36d5c724ec3
URL: https://github.com/GNOME/evolution-data-server/commit/cea58cb6d8fe0d27bfcbab57776bd36d5c724ec3
Project Name: evolution-data-server
License: GPL2
termination: TRUE

*/
int strcspn(const char *strSrc, const char *str)
{
    const char *s;
    const char *t = strSrc;
    while (*t != '\0')
    {
        s = str;
        while (*s != '\0')
        {
            if (*t == *s )
            return t-strSrc;
            ++s;
        }
        ++t;
    }
    return 0;
}
int main()
{
    char buf[100];
    for( int i = 0 ; i < 99 ; i++ )
        buf[i] = __VERIFIER_nondet_char();
    buf[99] = '\0';
    char *p = buf;
    while( *p )
    {
        int len = strcspn( p , ""\n"");
        p += len;
        if( *p )
            p++;
    }
    return 0;

}

"
9,T,"main:buf:1={'0','1','2','3','4','5','6','7','8','9','0','1','2','3','4','5','6','7','8','9','0','1','2','3','4','5','6','7','8','9','0','1','2','3','4','5','6','7','8','9','0','1','2','3','4','5','6','7','8','9','0','1','2','3','4','5','6','7','8','9','0','1','2','3','4','5','6','7','8','9','0','1','2','3','4','5','6','7','8','9','0','1','2','3','4','5','6','7','8','9','0','1','2','3','4','5','6','7','8','9'}
",/home/quasar/Documents/FocusTNT/results_InputGeneration/FSE/loop/Incorrect_Initialization_1_T/input_generator_artifacts/generated_programs/Incorrect_Initialization_1_T_TestCase9.c,COMPLETED,T,true,,"You generate concrete values for nondeterministic inputs in a C/C++ program.
Your goal is to produce ONE complete assignment set that is likely to make the program terminate.

Important rules:
1. Return a value for EVERY listed nondeterministic input ID.
2. Use each ID exactly once.
3. Respect the declared C/C++ type.
4. For an array, return the value as an array containing exactly the required number of elements.
5. For char arrays, each element must be exactly one character. Return the character itself without C single quotes.
6. Prefer small-magnitude values unless larger values are necessary to achieve the requested execution behavior.

Nondeterministic inputs:
- id: main:buf:1, type: char, array: true, size: 100, required elements: 100

Previously generated assignment sets are listed below. Generate a materially different set and do not duplicate any of them.
Previous 1: main:buf:1={'a','a','a','a','a','a','a','a','a','a','a','a','a','a','a','a','a','a','a','a','a','a','a','a','a','a','a','a','a','a','a','a','a','a','a','a','a','a','a','a','a','a','a','a','a','a','a','a','a','a','a','a','a','a','a','a','a','a','a','a','a','a','a','a','a','a','a','a','a','a','a','a','a','a','a','a','a','a','a','a','a','a','a','a','a','a','a','a','a','a','a','a','a','a','a','a','a','a','a','a'}; 
Previous 2: main:buf:1={'h','h','h','h','h','h','h','h','h','h','h','h','h','h','h','h','h','h','h','h','h','h','h','h','h','e','e','e','e','e','e','e','e','e','e','e','e','e','e','e','e','e','e','e','e','e','e','e','e','e','l','l','l','l','l','l','l','l','l','l','l','l','l','l','l','l','l','l','l','l','l','l','l','l','l','o','o','o','o','o','o','o','o','o','o','o','o','o','o','o','X','X','X','X','X','X','X','X','X','Y'}; 
Previous 3: main:buf:1={'a','b','b','b','b','b','b','b','b','b','b','b','b','b','b','b','b','b','b','b','b','b','b','b','b','b','b','b','b','b','b','b','b','b','b','b','b','b','b','b','b','b','b','b','b','b','b','b','b','b','b','b','b','b','b','b','b','b','b','b','b','b','b','b','b','b','b','b','b','b','b','b','b','b','b','b','b','b','b','b','b','b','b','b','b','b','b','b','b','b','b','b','b','b','b','b','b','b','b','0'}; 
Previous 4: main:buf:1={'x','x','x','x','x','x','x','x','x','x','x','x','x','x','x','x','x','x','x','x','x','x','x','x','x','x','x','x','x','x','x','x','x','x','x','x','x','x','x','x','x','x','x','x','x','x','x','x','x','x','x','x','x','x','x','x','x','x','x','x','x','x','x','x','x','x','x','x','x','x','x','x','x','x','x','x','x','x','x','x','x','x','x','x','x','x','x','x','x','x','x','x','x','x','x','x','x','x','x','x'}; 
Previous 5: main:buf:1={'A','B','C','D','E','F','G','H','I','J','K','L','M','N','O','P','Q','R','S','T','U','V','W','X','Y','Z','a','b','c','d','e','f','g','h','i','j','k','l','m','n','o','p','q','r','s','t','u','v','w','x','y','z','A','B','C','D','E','F','G','H','I','J','K','L','M','N','O','P','Q','R','S','T','U','V','W','X','Y','Z','a','b','c','d','e','f','g','h','i','j','k','l','m','n','o','p','q','r','s','t','u','0'}; 
Previous 6: main:buf:1={'0','0','0','0','0','0','0','0','0','0','0','0','0','0','0','0','0','0','0','0','0','0','0','0','0','0','0','0','0','0','0','0','0','0','0','0','0','0','0','0','0','0','0','0','0','0','0','0','0','0','0','0','0','0','0','0','0','0','0','0','0','0','0','0','0','0','0','0','0','0','0','0','0','0','0','0','0','0','0','0','0','0','0','0','0','0','0','0','0','0','0','0','0','0','0','0','0','0','0','0'}; 
Previous 7: main:buf:1={'X','Y','X','Y','X','Y','X','Y','X','Y','X','Y','X','Y','X','Y','X','Y','X','Y','X','Y','X','Y','X','Y','X','Y','X','Y','X','Y','X','Y','X','Y','X','Y','X','Y','X','Y','X','Y','X','Y','X','Y','X','Y','X','Y','X','Y','X','Y','X','Y','X','Y','X','Y','X','Y','X','Y','X','Y','X','Y','X','Y','X','Y','X','Y','X','Y','X','Y','X','Y','X','Y','X','Y','X','Y','X','Y','X','Y','X','Y','X','Y','X','Y','X','Y'}; 
Previous 8: main:buf:1={'\'','0','\'','\'','1','\'','\'','2','\'','\'','3','\'','\'','4','\'','\'','5','\'','\'','6','\'','\'','7','\'','\'','8','\'','\'','9','\'','\'','0','\'','\'','1','\'','\'','2','\'','\'','3','\'','\'','4','\'','\'','5','\'','\'','6','\'','\'','7','\'','\'','8','\'','\'','9','\'','\'','0','\'','\'','1','\'','\'','2','\'','\'','3','\'','\'','4','\'','\'','5','\'','\'','6','\'','\'','7','\'','\'','8','\'','\'','9','\'','\'','0','\'','\'','1','\'','\'','2','\'','\''}; 

Program:
extern char __VERIFIER_nondet_char(void);
/*
Commit Number: cea58cb6d8fe0d27bfcbab57776bd36d5c724ec3
URL: https://github.com/GNOME/evolution-data-server/commit/cea58cb6d8fe0d27bfcbab57776bd36d5c724ec3
Project Name: evolution-data-server
License: GPL2
termination: TRUE

*/
int strcspn(const char *strSrc, const char *str)
{
    const char *s;
    const char *t = strSrc;
    while (*t != '\0')
    {
        s = str;
        while (*s != '\0')
        {
            if (*t == *s )
            return t-strSrc;
            ++s;
        }
        ++t;
    }
    return 0;
}
int main()
{
    char buf[100];
    for( int i = 0 ; i < 99 ; i++ )
        buf[i] = __VERIFIER_nondet_char();
    buf[99] = '\0';
    char *p = buf;
    while( *p )
    {
        int len = strcspn( p , ""\n"");
        p += len;
        if( *p )
            p++;
    }
    return 0;

}

"
10,T,"main:buf:1={'a','b','a','b','a','b','a','b','a','b','a','b','a','b','a','b','a','b','a','b','a','b','a','b','a','b','a','b','a','b','a','b','a','b','a','b','a','b','a','b','a','b','a','b','a','b','a','b','a','b','a','b','a','b','a','b','a','b','a','b','a','b','a','b','a','b','a','b','a','b','a','b','a','b','a','b','a','b','a','b','a','b','a','b','a','b','a','b','a','b','a','b','a','b','a','b','a','b','a','b'}
",/home/quasar/Documents/FocusTNT/results_InputGeneration/FSE/loop/Incorrect_Initialization_1_T/input_generator_artifacts/generated_programs/Incorrect_Initialization_1_T_TestCase10.c,COMPLETED,T,true,,"You generate concrete values for nondeterministic inputs in a C/C++ program.
Your goal is to produce ONE complete assignment set that is likely to make the program terminate.

Important rules:
1. Return a value for EVERY listed nondeterministic input ID.
2. Use each ID exactly once.
3. Respect the declared C/C++ type.
4. For an array, return the value as an array containing exactly the required number of elements.
5. For char arrays, each element must be exactly one character. Return the character itself without C single quotes.
6. Prefer small-magnitude values unless larger values are necessary to achieve the requested execution behavior.

Nondeterministic inputs:
- id: main:buf:1, type: char, array: true, size: 100, required elements: 100

Previously generated assignment sets are listed below. Generate a materially different set and do not duplicate any of them.
Previous 1: main:buf:1={'a','a','a','a','a','a','a','a','a','a','a','a','a','a','a','a','a','a','a','a','a','a','a','a','a','a','a','a','a','a','a','a','a','a','a','a','a','a','a','a','a','a','a','a','a','a','a','a','a','a','a','a','a','a','a','a','a','a','a','a','a','a','a','a','a','a','a','a','a','a','a','a','a','a','a','a','a','a','a','a','a','a','a','a','a','a','a','a','a','a','a','a','a','a','a','a','a','a','a','a'}; 
Previous 2: main:buf:1={'h','h','h','h','h','h','h','h','h','h','h','h','h','h','h','h','h','h','h','h','h','h','h','h','h','e','e','e','e','e','e','e','e','e','e','e','e','e','e','e','e','e','e','e','e','e','e','e','e','e','l','l','l','l','l','l','l','l','l','l','l','l','l','l','l','l','l','l','l','l','l','l','l','l','l','o','o','o','o','o','o','o','o','o','o','o','o','o','o','o','X','X','X','X','X','X','X','X','X','Y'}; 
Previous 3: main:buf:1={'a','b','b','b','b','b','b','b','b','b','b','b','b','b','b','b','b','b','b','b','b','b','b','b','b','b','b','b','b','b','b','b','b','b','b','b','b','b','b','b','b','b','b','b','b','b','b','b','b','b','b','b','b','b','b','b','b','b','b','b','b','b','b','b','b','b','b','b','b','b','b','b','b','b','b','b','b','b','b','b','b','b','b','b','b','b','b','b','b','b','b','b','b','b','b','b','b','b','b','0'}; 
Previous 4: main:buf:1={'x','x','x','x','x','x','x','x','x','x','x','x','x','x','x','x','x','x','x','x','x','x','x','x','x','x','x','x','x','x','x','x','x','x','x','x','x','x','x','x','x','x','x','x','x','x','x','x','x','x','x','x','x','x','x','x','x','x','x','x','x','x','x','x','x','x','x','x','x','x','x','x','x','x','x','x','x','x','x','x','x','x','x','x','x','x','x','x','x','x','x','x','x','x','x','x','x','x','x','x'}; 
Previous 5: main:buf:1={'A','B','C','D','E','F','G','H','I','J','K','L','M','N','O','P','Q','R','S','T','U','V','W','X','Y','Z','a','b','c','d','e','f','g','h','i','j','k','l','m','n','o','p','q','r','s','t','u','v','w','x','y','z','A','B','C','D','E','F','G','H','I','J','K','L','M','N','O','P','Q','R','S','T','U','V','W','X','Y','Z','a','b','c','d','e','f','g','h','i','j','k','l','m','n','o','p','q','r','s','t','u','0'}; 
Previous 6: main:buf:1={'0','0','0','0','0','0','0','0','0','0','0','0','0','0','0','0','0','0','0','0','0','0','0','0','0','0','0','0','0','0','0','0','0','0','0','0','0','0','0','0','0','0','0','0','0','0','0','0','0','0','0','0','0','0','0','0','0','0','0','0','0','0','0','0','0','0','0','0','0','0','0','0','0','0','0','0','0','0','0','0','0','0','0','0','0','0','0','0','0','0','0','0','0','0','0','0','0','0','0','0'}; 
Previous 7: main:buf:1={'X','Y','X','Y','X','Y','X','Y','X','Y','X','Y','X','Y','X','Y','X','Y','X','Y','X','Y','X','Y','X','Y','X','Y','X','Y','X','Y','X','Y','X','Y','X','Y','X','Y','X','Y','X','Y','X','Y','X','Y','X','Y','X','Y','X','Y','X','Y','X','Y','X','Y','X','Y','X','Y','X','Y','X','Y','X','Y','X','Y','X','Y','X','Y','X','Y','X','Y','X','Y','X','Y','X','Y','X','Y','X','Y','X','Y','X','Y','X','Y','X','Y','X','Y'}; 
Previous 8: main:buf:1={'\'','0','\'','\'','1','\'','\'','2','\'','\'','3','\'','\'','4','\'','\'','5','\'','\'','6','\'','\'','7','\'','\'','8','\'','\'','9','\'','\'','0','\'','\'','1','\'','\'','2','\'','\'','3','\'','\'','4','\'','\'','5','\'','\'','6','\'','\'','7','\'','\'','8','\'','\'','9','\'','\'','0','\'','\'','1','\'','\'','2','\'','\'','3','\'','\'','4','\'','\'','5','\'','\'','6','\'','\'','7','\'','\'','8','\'','\'','9','\'','\'','0','\'','\'','1','\'','\'','2','\'','\''}; 
Previous 9: main:buf:1={'0','1','2','3','4','5','6','7','8','9','0','1','2','3','4','5','6','7','8','9','0','1','2','3','4','5','6','7','8','9','0','1','2','3','4','5','6','7','8','9','0','1','2','3','4','5','6','7','8','9','0','1','2','3','4','5','6','7','8','9','0','1','2','3','4','5','6','7','8','9','0','1','2','3','4','5','6','7','8','9','0','1','2','3','4','5','6','7','8','9','0','1','2','3','4','5','6','7','8','9'}; 

Program:
extern char __VERIFIER_nondet_char(void);
/*
Commit Number: cea58cb6d8fe0d27bfcbab57776bd36d5c724ec3
URL: https://github.com/GNOME/evolution-data-server/commit/cea58cb6d8fe0d27bfcbab57776bd36d5c724ec3
Project Name: evolution-data-server
License: GPL2
termination: TRUE

*/
int strcspn(const char *strSrc, const char *str)
{
    const char *s;
    const char *t = strSrc;
    while (*t != '\0')
    {
        s = str;
        while (*s != '\0')
        {
            if (*t == *s )
            return t-strSrc;
            ++s;
        }
        ++t;
    }
    return 0;
}
int main()
{
    char buf[100];
    for( int i = 0 ; i < 99 ; i++ )
        buf[i] = __VERIFIER_nondet_char();
    buf[99] = '\0';
    char *p = buf;
    while( *p )
    {
        int len = strcspn( p , ""\n"");
        p += len;
        if( *p )
            p++;
    }
    return 0;

}

"
11,T,"main:buf:1={'a','a','a','a','a','a','a','a','a','a','a','a','a','a','a','a','a','a','a','a','a','a','a','a','a','a','a','a','a','a','a','a','a','a','a','a','a','a','a','a','a','a','a','a','a','a','a','a','a','a','b','b','b','b','b','b','b','b','b','b','b','b','b','b','b','b','b','b','b','b','b','b','b','b','b','b','b','b','b','b','b','b','b','b','b','b','b','b','b','b','b','b','b','b','b','b','b','b','b','b'}
",/home/quasar/Documents/FocusTNT/results_InputGeneration/FSE/loop/Incorrect_Initialization_1_T/input_generator_artifacts/generated_programs/Incorrect_Initialization_1_T_TestCase11.c,COMPLETED,T,true,,"You generate concrete values for nondeterministic inputs in a C/C++ program.
Your goal is to produce ONE complete assignment set that is likely to make the program terminate.

Important rules:
1. Return a value for EVERY listed nondeterministic input ID.
2. Use each ID exactly once.
3. Respect the declared C/C++ type.
4. For an array, return the value as an array containing exactly the required number of elements.
5. For char arrays, each element must be exactly one character. Return the character itself without C single quotes.
6. Prefer small-magnitude values unless larger values are necessary to achieve the requested execution behavior.

Nondeterministic inputs:
- id: main:buf:1, type: char, array: true, size: 100, required elements: 100

Previously generated assignment sets are listed below. Generate a materially different set and do not duplicate any of them.
Previous 1: main:buf:1={'a','a','a','a','a','a','a','a','a','a','a','a','a','a','a','a','a','a','a','a','a','a','a','a','a','a','a','a','a','a','a','a','a','a','a','a','a','a','a','a','a','a','a','a','a','a','a','a','a','a','a','a','a','a','a','a','a','a','a','a','a','a','a','a','a','a','a','a','a','a','a','a','a','a','a','a','a','a','a','a','a','a','a','a','a','a','a','a','a','a','a','a','a','a','a','a','a','a','a','a'}; 
Previous 2: main:buf:1={'h','h','h','h','h','h','h','h','h','h','h','h','h','h','h','h','h','h','h','h','h','h','h','h','h','e','e','e','e','e','e','e','e','e','e','e','e','e','e','e','e','e','e','e','e','e','e','e','e','e','l','l','l','l','l','l','l','l','l','l','l','l','l','l','l','l','l','l','l','l','l','l','l','l','l','o','o','o','o','o','o','o','o','o','o','o','o','o','o','o','X','X','X','X','X','X','X','X','X','Y'}; 
Previous 3: main:buf:1={'a','b','b','b','b','b','b','b','b','b','b','b','b','b','b','b','b','b','b','b','b','b','b','b','b','b','b','b','b','b','b','b','b','b','b','b','b','b','b','b','b','b','b','b','b','b','b','b','b','b','b','b','b','b','b','b','b','b','b','b','b','b','b','b','b','b','b','b','b','b','b','b','b','b','b','b','b','b','b','b','b','b','b','b','b','b','b','b','b','b','b','b','b','b','b','b','b','b','b','0'}; 
Previous 4: main:buf:1={'x','x','x','x','x','x','x','x','x','x','x','x','x','x','x','x','x','x','x','x','x','x','x','x','x','x','x','x','x','x','x','x','x','x','x','x','x','x','x','x','x','x','x','x','x','x','x','x','x','x','x','x','x','x','x','x','x','x','x','x','x','x','x','x','x','x','x','x','x','x','x','x','x','x','x','x','x','x','x','x','x','x','x','x','x','x','x','x','x','x','x','x','x','x','x','x','x','x','x','x'}; 
Previous 5: main:buf:1={'A','B','C','D','E','F','G','H','I','J','K','L','M','N','O','P','Q','R','S','T','U','V','W','X','Y','Z','a','b','c','d','e','f','g','h','i','j','k','l','m','n','o','p','q','r','s','t','u','v','w','x','y','z','A','B','C','D','E','F','G','H','I','J','K','L','M','N','O','P','Q','R','S','T','U','V','W','X','Y','Z','a','b','c','d','e','f','g','h','i','j','k','l','m','n','o','p','q','r','s','t','u','0'}; 
Previous 6: main:buf:1={'0','0','0','0','0','0','0','0','0','0','0','0','0','0','0','0','0','0','0','0','0','0','0','0','0','0','0','0','0','0','0','0','0','0','0','0','0','0','0','0','0','0','0','0','0','0','0','0','0','0','0','0','0','0','0','0','0','0','0','0','0','0','0','0','0','0','0','0','0','0','0','0','0','0','0','0','0','0','0','0','0','0','0','0','0','0','0','0','0','0','0','0','0','0','0','0','0','0','0','0'}; 
Previous 7: main:buf:1={'X','Y','X','Y','X','Y','X','Y','X','Y','X','Y','X','Y','X','Y','X','Y','X','Y','X','Y','X','Y','X','Y','X','Y','X','Y','X','Y','X','Y','X','Y','X','Y','X','Y','X','Y','X','Y','X','Y','X','Y','X','Y','X','Y','X','Y','X','Y','X','Y','X','Y','X','Y','X','Y','X','Y','X','Y','X','Y','X','Y','X','Y','X','Y','X','Y','X','Y','X','Y','X','Y','X','Y','X','Y','X','Y','X','Y','X','Y','X','Y','X','Y','X','Y'}; 
Previous 8: main:buf:1={'\'','0','\'','\'','1','\'','\'','2','\'','\'','3','\'','\'','4','\'','\'','5','\'','\'','6','\'','\'','7','\'','\'','8','\'','\'','9','\'','\'','0','\'','\'','1','\'','\'','2','\'','\'','3','\'','\'','4','\'','\'','5','\'','\'','6','\'','\'','7','\'','\'','8','\'','\'','9','\'','\'','0','\'','\'','1','\'','\'','2','\'','\'','3','\'','\'','4','\'','\'','5','\'','\'','6','\'','\'','7','\'','\'','8','\'','\'','9','\'','\'','0','\'','\'','1','\'','\'','2','\'','\''}; 
Previous 9: main:buf:1={'0','1','2','3','4','5','6','7','8','9','0','1','2','3','4','5','6','7','8','9','0','1','2','3','4','5','6','7','8','9','0','1','2','3','4','5','6','7','8','9','0','1','2','3','4','5','6','7','8','9','0','1','2','3','4','5','6','7','8','9','0','1','2','3','4','5','6','7','8','9','0','1','2','3','4','5','6','7','8','9','0','1','2','3','4','5','6','7','8','9','0','1','2','3','4','5','6','7','8','9'}; 
Previous 10: main:buf:1={'a','b','a','b','a','b','a','b','a','b','a','b','a','b','a','b','a','b','a','b','a','b','a','b','a','b','a','b','a','b','a','b','a','b','a','b','a','b','a','b','a','b','a','b','a','b','a','b','a','b','a','b','a','b','a','b','a','b','a','b','a','b','a','b','a','b','a','b','a','b','a','b','a','b','a','b','a','b','a','b','a','b','a','b','a','b','a','b','a','b','a','b','a','b','a','b','a','b','a','b'}; 

Program:
extern char __VERIFIER_nondet_char(void);
/*
Commit Number: cea58cb6d8fe0d27bfcbab57776bd36d5c724ec3
URL: https://github.com/GNOME/evolution-data-server/commit/cea58cb6d8fe0d27bfcbab57776bd36d5c724ec3
Project Name: evolution-data-server
License: GPL2
termination: TRUE

*/
int strcspn(const char *strSrc, const char *str)
{
    const char *s;
    const char *t = strSrc;
    while (*t != '\0')
    {
        s = str;
        while (*s != '\0')
        {
            if (*t == *s )
            return t-strSrc;
            ++s;
        }
        ++t;
    }
    return 0;
}
int main()
{
    char buf[100];
    for( int i = 0 ; i < 99 ; i++ )
        buf[i] = __VERIFIER_nondet_char();
    buf[99] = '\0';
    char *p = buf;
    while( *p )
    {
        int len = strcspn( p , ""\n"");
        p += len;
        if( *p )
            p++;
    }
    return 0;

}

"
12,T,"main:buf:1={'\'','a','\'','\'','a','\'','\'','a','\'','\'','a','\'','\'','a','\'','\'','a','\'','\'','a','\'','\'','a','\'','\'','a','\'','\'','a','\'','\'','a','\'','\'','a','\'','\'','a','\'','\'','a','\'','\'','a','\'','\'','a','\'','\'','a','\'','\'','a','\'','\'','a','\'','\'','a','\'','\'','a','\'','\'','a','\'','\'','a','\'','\'','a','\'','\'','a','\'','\'','a','\'','\'','a','\'','\'','a','\'','\'','a','\'','\'','a','\'','\'','a','\'','\'','a','\'','\'','a','\'','\''}
",/home/quasar/Documents/FocusTNT/results_InputGeneration/FSE/loop/Incorrect_Initialization_1_T/input_generator_artifacts/generated_programs/Incorrect_Initialization_1_T_TestCase12.c,COMPLETED,T,true,,"You generate concrete values for nondeterministic inputs in a C/C++ program.
Your goal is to produce ONE complete assignment set that is likely to make the program terminate.

Important rules:
1. Return a value for EVERY listed nondeterministic input ID.
2. Use each ID exactly once.
3. Respect the declared C/C++ type.
4. For an array, return the value as an array containing exactly the required number of elements.
5. For char arrays, each element must be exactly one character. Return the character itself without C single quotes.
6. Prefer small-magnitude values unless larger values are necessary to achieve the requested execution behavior.

Nondeterministic inputs:
- id: main:buf:1, type: char, array: true, size: 100, required elements: 100

Previously generated assignment sets are listed below. Generate a materially different set and do not duplicate any of them.
Previous 1: main:buf:1={'a','a','a','a','a','a','a','a','a','a','a','a','a','a','a','a','a','a','a','a','a','a','a','a','a','a','a','a','a','a','a','a','a','a','a','a','a','a','a','a','a','a','a','a','a','a','a','a','a','a','a','a','a','a','a','a','a','a','a','a','a','a','a','a','a','a','a','a','a','a','a','a','a','a','a','a','a','a','a','a','a','a','a','a','a','a','a','a','a','a','a','a','a','a','a','a','a','a','a','a'}; 
Previous 2: main:buf:1={'h','h','h','h','h','h','h','h','h','h','h','h','h','h','h','h','h','h','h','h','h','h','h','h','h','e','e','e','e','e','e','e','e','e','e','e','e','e','e','e','e','e','e','e','e','e','e','e','e','e','l','l','l','l','l','l','l','l','l','l','l','l','l','l','l','l','l','l','l','l','l','l','l','l','l','o','o','o','o','o','o','o','o','o','o','o','o','o','o','o','X','X','X','X','X','X','X','X','X','Y'}; 
Previous 3: main:buf:1={'a','b','b','b','b','b','b','b','b','b','b','b','b','b','b','b','b','b','b','b','b','b','b','b','b','b','b','b','b','b','b','b','b','b','b','b','b','b','b','b','b','b','b','b','b','b','b','b','b','b','b','b','b','b','b','b','b','b','b','b','b','b','b','b','b','b','b','b','b','b','b','b','b','b','b','b','b','b','b','b','b','b','b','b','b','b','b','b','b','b','b','b','b','b','b','b','b','b','b','0'}; 
Previous 4: main:buf:1={'x','x','x','x','x','x','x','x','x','x','x','x','x','x','x','x','x','x','x','x','x','x','x','x','x','x','x','x','x','x','x','x','x','x','x','x','x','x','x','x','x','x','x','x','x','x','x','x','x','x','x','x','x','x','x','x','x','x','x','x','x','x','x','x','x','x','x','x','x','x','x','x','x','x','x','x','x','x','x','x','x','x','x','x','x','x','x','x','x','x','x','x','x','x','x','x','x','x','x','x'}; 
Previous 5: main:buf:1={'A','B','C','D','E','F','G','H','I','J','K','L','M','N','O','P','Q','R','S','T','U','V','W','X','Y','Z','a','b','c','d','e','f','g','h','i','j','k','l','m','n','o','p','q','r','s','t','u','v','w','x','y','z','A','B','C','D','E','F','G','H','I','J','K','L','M','N','O','P','Q','R','S','T','U','V','W','X','Y','Z','a','b','c','d','e','f','g','h','i','j','k','l','m','n','o','p','q','r','s','t','u','0'}; 
Previous 6: main:buf:1={'0','0','0','0','0','0','0','0','0','0','0','0','0','0','0','0','0','0','0','0','0','0','0','0','0','0','0','0','0','0','0','0','0','0','0','0','0','0','0','0','0','0','0','0','0','0','0','0','0','0','0','0','0','0','0','0','0','0','0','0','0','0','0','0','0','0','0','0','0','0','0','0','0','0','0','0','0','0','0','0','0','0','0','0','0','0','0','0','0','0','0','0','0','0','0','0','0','0','0','0'}; 
Previous 7: main:buf:1={'X','Y','X','Y','X','Y','X','Y','X','Y','X','Y','X','Y','X','Y','X','Y','X','Y','X','Y','X','Y','X','Y','X','Y','X','Y','X','Y','X','Y','X','Y','X','Y','X','Y','X','Y','X','Y','X','Y','X','Y','X','Y','X','Y','X','Y','X','Y','X','Y','X','Y','X','Y','X','Y','X','Y','X','Y','X','Y','X','Y','X','Y','X','Y','X','Y','X','Y','X','Y','X','Y','X','Y','X','Y','X','Y','X','Y','X','Y','X','Y','X','Y','X','Y'}; 
Previous 8: main:buf:1={'\'','0','\'','\'','1','\'','\'','2','\'','\'','3','\'','\'','4','\'','\'','5','\'','\'','6','\'','\'','7','\'','\'','8','\'','\'','9','\'','\'','0','\'','\'','1','\'','\'','2','\'','\'','3','\'','\'','4','\'','\'','5','\'','\'','6','\'','\'','7','\'','\'','8','\'','\'','9','\'','\'','0','\'','\'','1','\'','\'','2','\'','\'','3','\'','\'','4','\'','\'','5','\'','\'','6','\'','\'','7','\'','\'','8','\'','\'','9','\'','\'','0','\'','\'','1','\'','\'','2','\'','\''}; 
Previous 9: main:buf:1={'0','1','2','3','4','5','6','7','8','9','0','1','2','3','4','5','6','7','8','9','0','1','2','3','4','5','6','7','8','9','0','1','2','3','4','5','6','7','8','9','0','1','2','3','4','5','6','7','8','9','0','1','2','3','4','5','6','7','8','9','0','1','2','3','4','5','6','7','8','9','0','1','2','3','4','5','6','7','8','9','0','1','2','3','4','5','6','7','8','9','0','1','2','3','4','5','6','7','8','9'}; 
Previous 10: main:buf:1={'a','b','a','b','a','b','a','b','a','b','a','b','a','b','a','b','a','b','a','b','a','b','a','b','a','b','a','b','a','b','a','b','a','b','a','b','a','b','a','b','a','b','a','b','a','b','a','b','a','b','a','b','a','b','a','b','a','b','a','b','a','b','a','b','a','b','a','b','a','b','a','b','a','b','a','b','a','b','a','b','a','b','a','b','a','b','a','b','a','b','a','b','a','b','a','b','a','b','a','b'}; 
Previous 11: main:buf:1={'a','a','a','a','a','a','a','a','a','a','a','a','a','a','a','a','a','a','a','a','a','a','a','a','a','a','a','a','a','a','a','a','a','a','a','a','a','a','a','a','a','a','a','a','a','a','a','a','a','a','b','b','b','b','b','b','b','b','b','b','b','b','b','b','b','b','b','b','b','b','b','b','b','b','b','b','b','b','b','b','b','b','b','b','b','b','b','b','b','b','b','b','b','b','b','b','b','b','b','b'}; 

Program:
extern char __VERIFIER_nondet_char(void);
/*
Commit Number: cea58cb6d8fe0d27bfcbab57776bd36d5c724ec3
URL: https://github.com/GNOME/evolution-data-server/commit/cea58cb6d8fe0d27bfcbab57776bd36d5c724ec3
Project Name: evolution-data-server
License: GPL2
termination: TRUE

*/
int strcspn(const char *strSrc, const char *str)
{
    const char *s;
    const char *t = strSrc;
    while (*t != '\0')
    {
        s = str;
        while (*s != '\0')
        {
            if (*t == *s )
            return t-strSrc;
            ++s;
        }
        ++t;
    }
    return 0;
}
int main()
{
    char buf[100];
    for( int i = 0 ; i < 99 ; i++ )
        buf[i] = __VERIFIER_nondet_char();
    buf[99] = '\0';
    char *p = buf;
    while( *p )
    {
        int len = strcspn( p , ""\n"");
        p += len;
        if( *p )
            p++;
    }
    return 0;

}

"
13,T,"main:buf:1={'\'','c','\'','\'','c','\'','\'','c','\'','\'','c','\'','\'','c','\'','\'','c','\'','\'','c','\'','\'','c','\'','\'','c','\'','\'','c','\'','\'','c','\'','\'','c','\'','\'','c','\'','\'','c','\'','\'','c','\'','\'','c','\'','\'','c','\'','\'','c','\'','\'','c','\'','\'','c','\'','\'','c','\'','\'','c','\'','\'','c','\'','\'','c','\'','\'','c','\'','\'','c','\'','\'','c','\'','\'','c','\'','\'','c','\'','\'','c','\'','\'','c','\'','\'','c','\'','\'','c','\'','\''}
",/home/quasar/Documents/FocusTNT/results_InputGeneration/FSE/loop/Incorrect_Initialization_1_T/input_generator_artifacts/generated_programs/Incorrect_Initialization_1_T_TestCase13.c,COMPLETED,T,true,,"You generate concrete values for nondeterministic inputs in a C/C++ program.
Your goal is to produce ONE complete assignment set that is likely to make the program terminate.

Important rules:
1. Return a value for EVERY listed nondeterministic input ID.
2. Use each ID exactly once.
3. Respect the declared C/C++ type.
4. For an array, return the value as an array containing exactly the required number of elements.
5. For char arrays, each element must be exactly one character. Return the character itself without C single quotes.
6. Prefer small-magnitude values unless larger values are necessary to achieve the requested execution behavior.

Nondeterministic inputs:
- id: main:buf:1, type: char, array: true, size: 100, required elements: 100

Previously generated assignment sets are listed below. Generate a materially different set and do not duplicate any of them.
Previous 1: main:buf:1={'a','a','a','a','a','a','a','a','a','a','a','a','a','a','a','a','a','a','a','a','a','a','a','a','a','a','a','a','a','a','a','a','a','a','a','a','a','a','a','a','a','a','a','a','a','a','a','a','a','a','a','a','a','a','a','a','a','a','a','a','a','a','a','a','a','a','a','a','a','a','a','a','a','a','a','a','a','a','a','a','a','a','a','a','a','a','a','a','a','a','a','a','a','a','a','a','a','a','a','a'}; 
Previous 2: main:buf:1={'h','h','h','h','h','h','h','h','h','h','h','h','h','h','h','h','h','h','h','h','h','h','h','h','h','e','e','e','e','e','e','e','e','e','e','e','e','e','e','e','e','e','e','e','e','e','e','e','e','e','l','l','l','l','l','l','l','l','l','l','l','l','l','l','l','l','l','l','l','l','l','l','l','l','l','o','o','o','o','o','o','o','o','o','o','o','o','o','o','o','X','X','X','X','X','X','X','X','X','Y'}; 
Previous 3: main:buf:1={'a','b','b','b','b','b','b','b','b','b','b','b','b','b','b','b','b','b','b','b','b','b','b','b','b','b','b','b','b','b','b','b','b','b','b','b','b','b','b','b','b','b','b','b','b','b','b','b','b','b','b','b','b','b','b','b','b','b','b','b','b','b','b','b','b','b','b','b','b','b','b','b','b','b','b','b','b','b','b','b','b','b','b','b','b','b','b','b','b','b','b','b','b','b','b','b','b','b','b','0'}; 
Previous 4: main:buf:1={'x','x','x','x','x','x','x','x','x','x','x','x','x','x','x','x','x','x','x','x','x','x','x','x','x','x','x','x','x','x','x','x','x','x','x','x','x','x','x','x','x','x','x','x','x','x','x','x','x','x','x','x','x','x','x','x','x','x','x','x','x','x','x','x','x','x','x','x','x','x','x','x','x','x','x','x','x','x','x','x','x','x','x','x','x','x','x','x','x','x','x','x','x','x','x','x','x','x','x','x'}; 
Previous 5: main:buf:1={'A','B','C','D','E','F','G','H','I','J','K','L','M','N','O','P','Q','R','S','T','U','V','W','X','Y','Z','a','b','c','d','e','f','g','h','i','j','k','l','m','n','o','p','q','r','s','t','u','v','w','x','y','z','A','B','C','D','E','F','G','H','I','J','K','L','M','N','O','P','Q','R','S','T','U','V','W','X','Y','Z','a','b','c','d','e','f','g','h','i','j','k','l','m','n','o','p','q','r','s','t','u','0'}; 
Previous 6: main:buf:1={'0','0','0','0','0','0','0','0','0','0','0','0','0','0','0','0','0','0','0','0','0','0','0','0','0','0','0','0','0','0','0','0','0','0','0','0','0','0','0','0','0','0','0','0','0','0','0','0','0','0','0','0','0','0','0','0','0','0','0','0','0','0','0','0','0','0','0','0','0','0','0','0','0','0','0','0','0','0','0','0','0','0','0','0','0','0','0','0','0','0','0','0','0','0','0','0','0','0','0','0'}; 
Previous 7: main:buf:1={'X','Y','X','Y','X','Y','X','Y','X','Y','X','Y','X','Y','X','Y','X','Y','X','Y','X','Y','X','Y','X','Y','X','Y','X','Y','X','Y','X','Y','X','Y','X','Y','X','Y','X','Y','X','Y','X','Y','X','Y','X','Y','X','Y','X','Y','X','Y','X','Y','X','Y','X','Y','X','Y','X','Y','X','Y','X','Y','X','Y','X','Y','X','Y','X','Y','X','Y','X','Y','X','Y','X','Y','X','Y','X','Y','X','Y','X','Y','X','Y','X','Y','X','Y'}; 
Previous 8: main:buf:1={'\'','0','\'','\'','1','\'','\'','2','\'','\'','3','\'','\'','4','\'','\'','5','\'','\'','6','\'','\'','7','\'','\'','8','\'','\'','9','\'','\'','0','\'','\'','1','\'','\'','2','\'','\'','3','\'','\'','4','\'','\'','5','\'','\'','6','\'','\'','7','\'','\'','8','\'','\'','9','\'','\'','0','\'','\'','1','\'','\'','2','\'','\'','3','\'','\'','4','\'','\'','5','\'','\'','6','\'','\'','7','\'','\'','8','\'','\'','9','\'','\'','0','\'','\'','1','\'','\'','2','\'','\''}; 
Previous 9: main:buf:1={'0','1','2','3','4','5','6','7','8','9','0','1','2','3','4','5','6','7','8','9','0','1','2','3','4','5','6','7','8','9','0','1','2','3','4','5','6','7','8','9','0','1','2','3','4','5','6','7','8','9','0','1','2','3','4','5','6','7','8','9','0','1','2','3','4','5','6','7','8','9','0','1','2','3','4','5','6','7','8','9','0','1','2','3','4','5','6','7','8','9','0','1','2','3','4','5','6','7','8','9'}; 
Previous 10: main:buf:1={'a','b','a','b','a','b','a','b','a','b','a','b','a','b','a','b','a','b','a','b','a','b','a','b','a','b','a','b','a','b','a','b','a','b','a','b','a','b','a','b','a','b','a','b','a','b','a','b','a','b','a','b','a','b','a','b','a','b','a','b','a','b','a','b','a','b','a','b','a','b','a','b','a','b','a','b','a','b','a','b','a','b','a','b','a','b','a','b','a','b','a','b','a','b','a','b','a','b','a','b'}; 
Previous 11: main:buf:1={'a','a','a','a','a','a','a','a','a','a','a','a','a','a','a','a','a','a','a','a','a','a','a','a','a','a','a','a','a','a','a','a','a','a','a','a','a','a','a','a','a','a','a','a','a','a','a','a','a','a','b','b','b','b','b','b','b','b','b','b','b','b','b','b','b','b','b','b','b','b','b','b','b','b','b','b','b','b','b','b','b','b','b','b','b','b','b','b','b','b','b','b','b','b','b','b','b','b','b','b'}; 
Previous 12: main:buf:1={'\'','a','\'','\'','a','\'','\'','a','\'','\'','a','\'','\'','a','\'','\'','a','\'','\'','a','\'','\'','a','\'','\'','a','\'','\'','a','\'','\'','a','\'','\'','a','\'','\'','a','\'','\'','a','\'','\'','a','\'','\'','a','\'','\'','a','\'','\'','a','\'','\'','a','\'','\'','a','\'','\'','a','\'','\'','a','\'','\'','a','\'','\'','a','\'','\'','a','\'','\'','a','\'','\'','a','\'','\'','a','\'','\'','a','\'','\'','a','\'','\'','a','\'','\'','a','\'','\'','a','\'','\''}; 

Program:
extern char __VERIFIER_nondet_char(void);
/*
Commit Number: cea58cb6d8fe0d27bfcbab57776bd36d5c724ec3
URL: https://github.com/GNOME/evolution-data-server/commit/cea58cb6d8fe0d27bfcbab57776bd36d5c724ec3
Project Name: evolution-data-server
License: GPL2
termination: TRUE

*/
int strcspn(const char *strSrc, const char *str)
{
    const char *s;
    const char *t = strSrc;
    while (*t != '\0')
    {
        s = str;
        while (*s != '\0')
        {
            if (*t == *s )
            return t-strSrc;
            ++s;
        }
        ++t;
    }
    return 0;
}
int main()
{
    char buf[100];
    for( int i = 0 ; i < 99 ; i++ )
        buf[i] = __VERIFIER_nondet_char();
    buf[99] = '\0';
    char *p = buf;
    while( *p )
    {
        int len = strcspn( p , ""\n"");
        p += len;
        if( *p )
            p++;
    }
    return 0;

}

"
14,T,"main:buf:1={'a','b','c','d','e','f','g','h','i','j','k','l','m','n','o','p','q','r','s','t','u','v','w','x','y','z','a','b','c','d','e','f','g','h','i','j','k','l','m','n','o','p','q','r','s','t','u','v','w','x','y','z','a','b','c','d','e','f','g','h','i','j','k','l','m','n','o','p','q','r','s','t','u','v','w','x','y','z','a','b','c','d','e','f','g','h','i','j','k','l','m','n','o','p','q','r','s','t','u','@'}
",/home/quasar/Documents/FocusTNT/results_InputGeneration/FSE/loop/Incorrect_Initialization_1_T/input_generator_artifacts/generated_programs/Incorrect_Initialization_1_T_TestCase14.c,COMPLETED,T,true,,"You generate concrete values for nondeterministic inputs in a C/C++ program.
Your goal is to produce ONE complete assignment set that is likely to make the program terminate.

Important rules:
1. Return a value for EVERY listed nondeterministic input ID.
2. Use each ID exactly once.
3. Respect the declared C/C++ type.
4. For an array, return the value as an array containing exactly the required number of elements.
5. For char arrays, each element must be exactly one character. Return the character itself without C single quotes.
6. Prefer small-magnitude values unless larger values are necessary to achieve the requested execution behavior.

Nondeterministic inputs:
- id: main:buf:1, type: char, array: true, size: 100, required elements: 100

Previously generated assignment sets are listed below. Generate a materially different set and do not duplicate any of them.
Previous 1: main:buf:1={'a','a','a','a','a','a','a','a','a','a','a','a','a','a','a','a','a','a','a','a','a','a','a','a','a','a','a','a','a','a','a','a','a','a','a','a','a','a','a','a','a','a','a','a','a','a','a','a','a','a','a','a','a','a','a','a','a','a','a','a','a','a','a','a','a','a','a','a','a','a','a','a','a','a','a','a','a','a','a','a','a','a','a','a','a','a','a','a','a','a','a','a','a','a','a','a','a','a','a','a'}; 
Previous 2: main:buf:1={'h','h','h','h','h','h','h','h','h','h','h','h','h','h','h','h','h','h','h','h','h','h','h','h','h','e','e','e','e','e','e','e','e','e','e','e','e','e','e','e','e','e','e','e','e','e','e','e','e','e','l','l','l','l','l','l','l','l','l','l','l','l','l','l','l','l','l','l','l','l','l','l','l','l','l','o','o','o','o','o','o','o','o','o','o','o','o','o','o','o','X','X','X','X','X','X','X','X','X','Y'}; 
Previous 3: main:buf:1={'a','b','b','b','b','b','b','b','b','b','b','b','b','b','b','b','b','b','b','b','b','b','b','b','b','b','b','b','b','b','b','b','b','b','b','b','b','b','b','b','b','b','b','b','b','b','b','b','b','b','b','b','b','b','b','b','b','b','b','b','b','b','b','b','b','b','b','b','b','b','b','b','b','b','b','b','b','b','b','b','b','b','b','b','b','b','b','b','b','b','b','b','b','b','b','b','b','b','b','0'}; 
Previous 4: main:buf:1={'x','x','x','x','x','x','x','x','x','x','x','x','x','x','x','x','x','x','x','x','x','x','x','x','x','x','x','x','x','x','x','x','x','x','x','x','x','x','x','x','x','x','x','x','x','x','x','x','x','x','x','x','x','x','x','x','x','x','x','x','x','x','x','x','x','x','x','x','x','x','x','x','x','x','x','x','x','x','x','x','x','x','x','x','x','x','x','x','x','x','x','x','x','x','x','x','x','x','x','x'}; 
Previous 5: main:buf:1={'A','B','C','D','E','F','G','H','I','J','K','L','M','N','O','P','Q','R','S','T','U','V','W','X','Y','Z','a','b','c','d','e','f','g','h','i','j','k','l','m','n','o','p','q','r','s','t','u','v','w','x','y','z','A','B','C','D','E','F','G','H','I','J','K','L','M','N','O','P','Q','R','S','T','U','V','W','X','Y','Z','a','b','c','d','e','f','g','h','i','j','k','l','m','n','o','p','q','r','s','t','u','0'}; 
Previous 6: main:buf:1={'0','0','0','0','0','0','0','0','0','0','0','0','0','0','0','0','0','0','0','0','0','0','0','0','0','0','0','0','0','0','0','0','0','0','0','0','0','0','0','0','0','0','0','0','0','0','0','0','0','0','0','0','0','0','0','0','0','0','0','0','0','0','0','0','0','0','0','0','0','0','0','0','0','0','0','0','0','0','0','0','0','0','0','0','0','0','0','0','0','0','0','0','0','0','0','0','0','0','0','0'}; 
Previous 7: main:buf:1={'X','Y','X','Y','X','Y','X','Y','X','Y','X','Y','X','Y','X','Y','X','Y','X','Y','X','Y','X','Y','X','Y','X','Y','X','Y','X','Y','X','Y','X','Y','X','Y','X','Y','X','Y','X','Y','X','Y','X','Y','X','Y','X','Y','X','Y','X','Y','X','Y','X','Y','X','Y','X','Y','X','Y','X','Y','X','Y','X','Y','X','Y','X','Y','X','Y','X','Y','X','Y','X','Y','X','Y','X','Y','X','Y','X','Y','X','Y','X','Y','X','Y','X','Y'}; 
Previous 8: main:buf:1={'\'','0','\'','\'','1','\'','\'','2','\'','\'','3','\'','\'','4','\'','\'','5','\'','\'','6','\'','\'','7','\'','\'','8','\'','\'','9','\'','\'','0','\'','\'','1','\'','\'','2','\'','\'','3','\'','\'','4','\'','\'','5','\'','\'','6','\'','\'','7','\'','\'','8','\'','\'','9','\'','\'','0','\'','\'','1','\'','\'','2','\'','\'','3','\'','\'','4','\'','\'','5','\'','\'','6','\'','\'','7','\'','\'','8','\'','\'','9','\'','\'','0','\'','\'','1','\'','\'','2','\'','\''}; 
Previous 9: main:buf:1={'0','1','2','3','4','5','6','7','8','9','0','1','2','3','4','5','6','7','8','9','0','1','2','3','4','5','6','7','8','9','0','1','2','3','4','5','6','7','8','9','0','1','2','3','4','5','6','7','8','9','0','1','2','3','4','5','6','7','8','9','0','1','2','3','4','5','6','7','8','9','0','1','2','3','4','5','6','7','8','9','0','1','2','3','4','5','6','7','8','9','0','1','2','3','4','5','6','7','8','9'}; 
Previous 10: main:buf:1={'a','b','a','b','a','b','a','b','a','b','a','b','a','b','a','b','a','b','a','b','a','b','a','b','a','b','a','b','a','b','a','b','a','b','a','b','a','b','a','b','a','b','a','b','a','b','a','b','a','b','a','b','a','b','a','b','a','b','a','b','a','b','a','b','a','b','a','b','a','b','a','b','a','b','a','b','a','b','a','b','a','b','a','b','a','b','a','b','a','b','a','b','a','b','a','b','a','b','a','b'}; 
Previous 11: main:buf:1={'a','a','a','a','a','a','a','a','a','a','a','a','a','a','a','a','a','a','a','a','a','a','a','a','a','a','a','a','a','a','a','a','a','a','a','a','a','a','a','a','a','a','a','a','a','a','a','a','a','a','b','b','b','b','b','b','b','b','b','b','b','b','b','b','b','b','b','b','b','b','b','b','b','b','b','b','b','b','b','b','b','b','b','b','b','b','b','b','b','b','b','b','b','b','b','b','b','b','b','b'}; 
Previous 12: main:buf:1={'\'','a','\'','\'','a','\'','\'','a','\'','\'','a','\'','\'','a','\'','\'','a','\'','\'','a','\'','\'','a','\'','\'','a','\'','\'','a','\'','\'','a','\'','\'','a','\'','\'','a','\'','\'','a','\'','\'','a','\'','\'','a','\'','\'','a','\'','\'','a','\'','\'','a','\'','\'','a','\'','\'','a','\'','\'','a','\'','\'','a','\'','\'','a','\'','\'','a','\'','\'','a','\'','\'','a','\'','\'','a','\'','\'','a','\'','\'','a','\'','\'','a','\'','\'','a','\'','\'','a','\'','\''}; 
Previous 13: main:buf:1={'\'','c','\'','\'','c','\'','\'','c','\'','\'','c','\'','\'','c','\'','\'','c','\'','\'','c','\'','\'','c','\'','\'','c','\'','\'','c','\'','\'','c','\'','\'','c','\'','\'','c','\'','\'','c','\'','\'','c','\'','\'','c','\'','\'','c','\'','\'','c','\'','\'','c','\'','\'','c','\'','\'','c','\'','\'','c','\'','\'','c','\'','\'','c','\'','\'','c','\'','\'','c','\'','\'','c','\'','\'','c','\'','\'','c','\'','\'','c','\'','\'','c','\'','\'','c','\'','\'','c','\'','\''}; 

Program:
extern char __VERIFIER_nondet_char(void);
/*
Commit Number: cea58cb6d8fe0d27bfcbab57776bd36d5c724ec3
URL: https://github.com/GNOME/evolution-data-server/commit/cea58cb6d8fe0d27bfcbab57776bd36d5c724ec3
Project Name: evolution-data-server
License: GPL2
termination: TRUE

*/
int strcspn(const char *strSrc, const char *str)
{
    const char *s;
    const char *t = strSrc;
    while (*t != '\0')
    {
        s = str;
        while (*s != '\0')
        {
            if (*t == *s )
            return t-strSrc;
            ++s;
        }
        ++t;
    }
    return 0;
}
int main()
{
    char buf[100];
    for( int i = 0 ; i < 99 ; i++ )
        buf[i] = __VERIFIER_nondet_char();
    buf[99] = '\0';
    char *p = buf;
    while( *p )
    {
        int len = strcspn( p , ""\n"");
        p += len;
        if( *p )
            p++;
    }
    return 0;

}

"
15,T,"main:buf:1={'\'','\'','\'','\'','\'','\'','\'','\'','\'','\'','\'','\'','\'','\'','\'','\'','\'','\'','\'','\'','\'','\'','\'','\'','\'','\'','\'','\'','\'','\'','\'','\'','\'','\'','\'','\'','\'','\'','\'','\'','\'','\'','\'','\'','\'','\'','\'','\'','\'','\'','\'','\'','\'','\'','\'','\'','\'','\'','\'','\'','\'','\'','\'','\'','\'','\'','\'','\'','\'','\'','\'','\'','\'','\'','\'','\'','\'','\'','\'','\'','\'','\'','\'','\'','\'','\'','\'','\'','\'','\'','\'','\'','\'','\'','\'','\'','\'','\'','\'','\''}
",/home/quasar/Documents/FocusTNT/results_InputGeneration/FSE/loop/Incorrect_Initialization_1_T/input_generator_artifacts/generated_programs/Incorrect_Initialization_1_T_TestCase15.c,COMPLETED,T,true,,"You generate concrete values for nondeterministic inputs in a C/C++ program.
Your goal is to produce ONE complete assignment set that is likely to make the program terminate.

Important rules:
1. Return a value for EVERY listed nondeterministic input ID.
2. Use each ID exactly once.
3. Respect the declared C/C++ type.
4. For an array, return the value as an array containing exactly the required number of elements.
5. For char arrays, each element must be exactly one character. Return the character itself without C single quotes.
6. Prefer small-magnitude values unless larger values are necessary to achieve the requested execution behavior.

Nondeterministic inputs:
- id: main:buf:1, type: char, array: true, size: 100, required elements: 100

Previously generated assignment sets are listed below. Generate a materially different set and do not duplicate any of them.
Previous 1: main:buf:1={'a','a','a','a','a','a','a','a','a','a','a','a','a','a','a','a','a','a','a','a','a','a','a','a','a','a','a','a','a','a','a','a','a','a','a','a','a','a','a','a','a','a','a','a','a','a','a','a','a','a','a','a','a','a','a','a','a','a','a','a','a','a','a','a','a','a','a','a','a','a','a','a','a','a','a','a','a','a','a','a','a','a','a','a','a','a','a','a','a','a','a','a','a','a','a','a','a','a','a','a'}; 
Previous 2: main:buf:1={'h','h','h','h','h','h','h','h','h','h','h','h','h','h','h','h','h','h','h','h','h','h','h','h','h','e','e','e','e','e','e','e','e','e','e','e','e','e','e','e','e','e','e','e','e','e','e','e','e','e','l','l','l','l','l','l','l','l','l','l','l','l','l','l','l','l','l','l','l','l','l','l','l','l','l','o','o','o','o','o','o','o','o','o','o','o','o','o','o','o','X','X','X','X','X','X','X','X','X','Y'}; 
Previous 3: main:buf:1={'a','b','b','b','b','b','b','b','b','b','b','b','b','b','b','b','b','b','b','b','b','b','b','b','b','b','b','b','b','b','b','b','b','b','b','b','b','b','b','b','b','b','b','b','b','b','b','b','b','b','b','b','b','b','b','b','b','b','b','b','b','b','b','b','b','b','b','b','b','b','b','b','b','b','b','b','b','b','b','b','b','b','b','b','b','b','b','b','b','b','b','b','b','b','b','b','b','b','b','0'}; 
Previous 4: main:buf:1={'x','x','x','x','x','x','x','x','x','x','x','x','x','x','x','x','x','x','x','x','x','x','x','x','x','x','x','x','x','x','x','x','x','x','x','x','x','x','x','x','x','x','x','x','x','x','x','x','x','x','x','x','x','x','x','x','x','x','x','x','x','x','x','x','x','x','x','x','x','x','x','x','x','x','x','x','x','x','x','x','x','x','x','x','x','x','x','x','x','x','x','x','x','x','x','x','x','x','x','x'}; 
Previous 5: main:buf:1={'A','B','C','D','E','F','G','H','I','J','K','L','M','N','O','P','Q','R','S','T','U','V','W','X','Y','Z','a','b','c','d','e','f','g','h','i','j','k','l','m','n','o','p','q','r','s','t','u','v','w','x','y','z','A','B','C','D','E','F','G','H','I','J','K','L','M','N','O','P','Q','R','S','T','U','V','W','X','Y','Z','a','b','c','d','e','f','g','h','i','j','k','l','m','n','o','p','q','r','s','t','u','0'}; 
Previous 6: main:buf:1={'0','0','0','0','0','0','0','0','0','0','0','0','0','0','0','0','0','0','0','0','0','0','0','0','0','0','0','0','0','0','0','0','0','0','0','0','0','0','0','0','0','0','0','0','0','0','0','0','0','0','0','0','0','0','0','0','0','0','0','0','0','0','0','0','0','0','0','0','0','0','0','0','0','0','0','0','0','0','0','0','0','0','0','0','0','0','0','0','0','0','0','0','0','0','0','0','0','0','0','0'}; 
Previous 7: main:buf:1={'X','Y','X','Y','X','Y','X','Y','X','Y','X','Y','X','Y','X','Y','X','Y','X','Y','X','Y','X','Y','X','Y','X','Y','X','Y','X','Y','X','Y','X','Y','X','Y','X','Y','X','Y','X','Y','X','Y','X','Y','X','Y','X','Y','X','Y','X','Y','X','Y','X','Y','X','Y','X','Y','X','Y','X','Y','X','Y','X','Y','X','Y','X','Y','X','Y','X','Y','X','Y','X','Y','X','Y','X','Y','X','Y','X','Y','X','Y','X','Y','X','Y','X','Y'}; 
Previous 8: main:buf:1={'\'','0','\'','\'','1','\'','\'','2','\'','\'','3','\'','\'','4','\'','\'','5','\'','\'','6','\'','\'','7','\'','\'','8','\'','\'','9','\'','\'','0','\'','\'','1','\'','\'','2','\'','\'','3','\'','\'','4','\'','\'','5','\'','\'','6','\'','\'','7','\'','\'','8','\'','\'','9','\'','\'','0','\'','\'','1','\'','\'','2','\'','\'','3','\'','\'','4','\'','\'','5','\'','\'','6','\'','\'','7','\'','\'','8','\'','\'','9','\'','\'','0','\'','\'','1','\'','\'','2','\'','\''}; 
Previous 9: main:buf:1={'0','1','2','3','4','5','6','7','8','9','0','1','2','3','4','5','6','7','8','9','0','1','2','3','4','5','6','7','8','9','0','1','2','3','4','5','6','7','8','9','0','1','2','3','4','5','6','7','8','9','0','1','2','3','4','5','6','7','8','9','0','1','2','3','4','5','6','7','8','9','0','1','2','3','4','5','6','7','8','9','0','1','2','3','4','5','6','7','8','9','0','1','2','3','4','5','6','7','8','9'}; 
Previous 10: main:buf:1={'a','b','a','b','a','b','a','b','a','b','a','b','a','b','a','b','a','b','a','b','a','b','a','b','a','b','a','b','a','b','a','b','a','b','a','b','a','b','a','b','a','b','a','b','a','b','a','b','a','b','a','b','a','b','a','b','a','b','a','b','a','b','a','b','a','b','a','b','a','b','a','b','a','b','a','b','a','b','a','b','a','b','a','b','a','b','a','b','a','b','a','b','a','b','a','b','a','b','a','b'}; 
Previous 11: main:buf:1={'a','a','a','a','a','a','a','a','a','a','a','a','a','a','a','a','a','a','a','a','a','a','a','a','a','a','a','a','a','a','a','a','a','a','a','a','a','a','a','a','a','a','a','a','a','a','a','a','a','a','b','b','b','b','b','b','b','b','b','b','b','b','b','b','b','b','b','b','b','b','b','b','b','b','b','b','b','b','b','b','b','b','b','b','b','b','b','b','b','b','b','b','b','b','b','b','b','b','b','b'}; 
Previous 12: main:buf:1={'\'','a','\'','\'','a','\'','\'','a','\'','\'','a','\'','\'','a','\'','\'','a','\'','\'','a','\'','\'','a','\'','\'','a','\'','\'','a','\'','\'','a','\'','\'','a','\'','\'','a','\'','\'','a','\'','\'','a','\'','\'','a','\'','\'','a','\'','\'','a','\'','\'','a','\'','\'','a','\'','\'','a','\'','\'','a','\'','\'','a','\'','\'','a','\'','\'','a','\'','\'','a','\'','\'','a','\'','\'','a','\'','\'','a','\'','\'','a','\'','\'','a','\'','\'','a','\'','\'','a','\'','\''}; 
Previous 13: main:buf:1={'\'','c','\'','\'','c','\'','\'','c','\'','\'','c','\'','\'','c','\'','\'','c','\'','\'','c','\'','\'','c','\'','\'','c','\'','\'','c','\'','\'','c','\'','\'','c','\'','\'','c','\'','\'','c','\'','\'','c','\'','\'','c','\'','\'','c','\'','\'','c','\'','\'','c','\'','\'','c','\'','\'','c','\'','\'','c','\'','\'','c','\'','\'','c','\'','\'','c','\'','\'','c','\'','\'','c','\'','\'','c','\'','\'','c','\'','\'','c','\'','\'','c','\'','\'','c','\'','\'','c','\'','\''}; 
Previous 14: main:buf:1={'a','b','c','d','e','f','g','h','i','j','k','l','m','n','o','p','q','r','s','t','u','v','w','x','y','z','a','b','c','d','e','f','g','h','i','j','k','l','m','n','o','p','q','r','s','t','u','v','w','x','y','z','a','b','c','d','e','f','g','h','i','j','k','l','m','n','o','p','q','r','s','t','u','v','w','x','y','z','a','b','c','d','e','f','g','h','i','j','k','l','m','n','o','p','q','r','s','t','u','@'}; 

Program:
extern char __VERIFIER_nondet_char(void);
/*
Commit Number: cea58cb6d8fe0d27bfcbab57776bd36d5c724ec3
URL: https://github.com/GNOME/evolution-data-server/commit/cea58cb6d8fe0d27bfcbab57776bd36d5c724ec3
Project Name: evolution-data-server
License: GPL2
termination: TRUE

*/
int strcspn(const char *strSrc, const char *str)
{
    const char *s;
    const char *t = strSrc;
    while (*t != '\0')
    {
        s = str;
        while (*s != '\0')
        {
            if (*t == *s )
            return t-strSrc;
            ++s;
        }
        ++t;
    }
    return 0;
}
int main()
{
    char buf[100];
    for( int i = 0 ; i < 99 ; i++ )
        buf[i] = __VERIFIER_nondet_char();
    buf[99] = '\0';
    char *p = buf;
    while( *p )
    {
        int len = strcspn( p , ""\n"");
        p += len;
        if( *p )
            p++;
    }
    return 0;

}

"
16,T,"main:buf:1={'a','b','c','d','e','f','g','h','i','j','k','l','m','n','o','p','q','r','s','t','u','v','w','x','y','z','A','B','C','D','E','F','G','H','I','J','K','L','M','N','O','P','Q','R','S','T','U','V','W','X','Y','Z','0','1','2','3','4','5','6','7','8','9','!','@','#','$','%','^','&','*','(',')','_','-','=','+','[',']','{','}','|',';',';',':','\'',',','.','<','>','/','?','`','~','a','b','c','d','e','f','g'}
",/home/quasar/Documents/FocusTNT/results_InputGeneration/FSE/loop/Incorrect_Initialization_1_T/input_generator_artifacts/generated_programs/Incorrect_Initialization_1_T_TestCase16.c,COMPLETED,T,true,,"You generate concrete values for nondeterministic inputs in a C/C++ program.
Your goal is to produce ONE complete assignment set that is likely to make the program terminate.

Important rules:
1. Return a value for EVERY listed nondeterministic input ID.
2. Use each ID exactly once.
3. Respect the declared C/C++ type.
4. For an array, return the value as an array containing exactly the required number of elements.
5. For char arrays, each element must be exactly one character. Return the character itself without C single quotes.
6. Prefer small-magnitude values unless larger values are necessary to achieve the requested execution behavior.

Nondeterministic inputs:
- id: main:buf:1, type: char, array: true, size: 100, required elements: 100

Previously generated assignment sets are listed below. Generate a materially different set and do not duplicate any of them.
Previous 1: main:buf:1={'a','a','a','a','a','a','a','a','a','a','a','a','a','a','a','a','a','a','a','a','a','a','a','a','a','a','a','a','a','a','a','a','a','a','a','a','a','a','a','a','a','a','a','a','a','a','a','a','a','a','a','a','a','a','a','a','a','a','a','a','a','a','a','a','a','a','a','a','a','a','a','a','a','a','a','a','a','a','a','a','a','a','a','a','a','a','a','a','a','a','a','a','a','a','a','a','a','a','a','a'}; 
Previous 2: main:buf:1={'h','h','h','h','h','h','h','h','h','h','h','h','h','h','h','h','h','h','h','h','h','h','h','h','h','e','e','e','e','e','e','e','e','e','e','e','e','e','e','e','e','e','e','e','e','e','e','e','e','e','l','l','l','l','l','l','l','l','l','l','l','l','l','l','l','l','l','l','l','l','l','l','l','l','l','o','o','o','o','o','o','o','o','o','o','o','o','o','o','o','X','X','X','X','X','X','X','X','X','Y'}; 
Previous 3: main:buf:1={'a','b','b','b','b','b','b','b','b','b','b','b','b','b','b','b','b','b','b','b','b','b','b','b','b','b','b','b','b','b','b','b','b','b','b','b','b','b','b','b','b','b','b','b','b','b','b','b','b','b','b','b','b','b','b','b','b','b','b','b','b','b','b','b','b','b','b','b','b','b','b','b','b','b','b','b','b','b','b','b','b','b','b','b','b','b','b','b','b','b','b','b','b','b','b','b','b','b','b','0'}; 
Previous 4: main:buf:1={'x','x','x','x','x','x','x','x','x','x','x','x','x','x','x','x','x','x','x','x','x','x','x','x','x','x','x','x','x','x','x','x','x','x','x','x','x','x','x','x','x','x','x','x','x','x','x','x','x','x','x','x','x','x','x','x','x','x','x','x','x','x','x','x','x','x','x','x','x','x','x','x','x','x','x','x','x','x','x','x','x','x','x','x','x','x','x','x','x','x','x','x','x','x','x','x','x','x','x','x'}; 
Previous 5: main:buf:1={'A','B','C','D','E','F','G','H','I','J','K','L','M','N','O','P','Q','R','S','T','U','V','W','X','Y','Z','a','b','c','d','e','f','g','h','i','j','k','l','m','n','o','p','q','r','s','t','u','v','w','x','y','z','A','B','C','D','E','F','G','H','I','J','K','L','M','N','O','P','Q','R','S','T','U','V','W','X','Y','Z','a','b','c','d','e','f','g','h','i','j','k','l','m','n','o','p','q','r','s','t','u','0'}; 
Previous 6: main:buf:1={'0','0','0','0','0','0','0','0','0','0','0','0','0','0','0','0','0','0','0','0','0','0','0','0','0','0','0','0','0','0','0','0','0','0','0','0','0','0','0','0','0','0','0','0','0','0','0','0','0','0','0','0','0','0','0','0','0','0','0','0','0','0','0','0','0','0','0','0','0','0','0','0','0','0','0','0','0','0','0','0','0','0','0','0','0','0','0','0','0','0','0','0','0','0','0','0','0','0','0','0'}; 
Previous 7: main:buf:1={'X','Y','X','Y','X','Y','X','Y','X','Y','X','Y','X','Y','X','Y','X','Y','X','Y','X','Y','X','Y','X','Y','X','Y','X','Y','X','Y','X','Y','X','Y','X','Y','X','Y','X','Y','X','Y','X','Y','X','Y','X','Y','X','Y','X','Y','X','Y','X','Y','X','Y','X','Y','X','Y','X','Y','X','Y','X','Y','X','Y','X','Y','X','Y','X','Y','X','Y','X','Y','X','Y','X','Y','X','Y','X','Y','X','Y','X','Y','X','Y','X','Y','X','Y'}; 
Previous 8: main:buf:1={'\'','0','\'','\'','1','\'','\'','2','\'','\'','3','\'','\'','4','\'','\'','5','\'','\'','6','\'','\'','7','\'','\'','8','\'','\'','9','\'','\'','0','\'','\'','1','\'','\'','2','\'','\'','3','\'','\'','4','\'','\'','5','\'','\'','6','\'','\'','7','\'','\'','8','\'','\'','9','\'','\'','0','\'','\'','1','\'','\'','2','\'','\'','3','\'','\'','4','\'','\'','5','\'','\'','6','\'','\'','7','\'','\'','8','\'','\'','9','\'','\'','0','\'','\'','1','\'','\'','2','\'','\''}; 
Previous 9: main:buf:1={'0','1','2','3','4','5','6','7','8','9','0','1','2','3','4','5','6','7','8','9','0','1','2','3','4','5','6','7','8','9','0','1','2','3','4','5','6','7','8','9','0','1','2','3','4','5','6','7','8','9','0','1','2','3','4','5','6','7','8','9','0','1','2','3','4','5','6','7','8','9','0','1','2','3','4','5','6','7','8','9','0','1','2','3','4','5','6','7','8','9','0','1','2','3','4','5','6','7','8','9'}; 
Previous 10: main:buf:1={'a','b','a','b','a','b','a','b','a','b','a','b','a','b','a','b','a','b','a','b','a','b','a','b','a','b','a','b','a','b','a','b','a','b','a','b','a','b','a','b','a','b','a','b','a','b','a','b','a','b','a','b','a','b','a','b','a','b','a','b','a','b','a','b','a','b','a','b','a','b','a','b','a','b','a','b','a','b','a','b','a','b','a','b','a','b','a','b','a','b','a','b','a','b','a','b','a','b','a','b'}; 
Previous 11: main:buf:1={'a','a','a','a','a','a','a','a','a','a','a','a','a','a','a','a','a','a','a','a','a','a','a','a','a','a','a','a','a','a','a','a','a','a','a','a','a','a','a','a','a','a','a','a','a','a','a','a','a','a','b','b','b','b','b','b','b','b','b','b','b','b','b','b','b','b','b','b','b','b','b','b','b','b','b','b','b','b','b','b','b','b','b','b','b','b','b','b','b','b','b','b','b','b','b','b','b','b','b','b'}; 
Previous 12: main:buf:1={'\'','a','\'','\'','a','\'','\'','a','\'','\'','a','\'','\'','a','\'','\'','a','\'','\'','a','\'','\'','a','\'','\'','a','\'','\'','a','\'','\'','a','\'','\'','a','\'','\'','a','\'','\'','a','\'','\'','a','\'','\'','a','\'','\'','a','\'','\'','a','\'','\'','a','\'','\'','a','\'','\'','a','\'','\'','a','\'','\'','a','\'','\'','a','\'','\'','a','\'','\'','a','\'','\'','a','\'','\'','a','\'','\'','a','\'','\'','a','\'','\'','a','\'','\'','a','\'','\'','a','\'','\''}; 
Previous 13: main:buf:1={'\'','c','\'','\'','c','\'','\'','c','\'','\'','c','\'','\'','c','\'','\'','c','\'','\'','c','\'','\'','c','\'','\'','c','\'','\'','c','\'','\'','c','\'','\'','c','\'','\'','c','\'','\'','c','\'','\'','c','\'','\'','c','\'','\'','c','\'','\'','c','\'','\'','c','\'','\'','c','\'','\'','c','\'','\'','c','\'','\'','c','\'','\'','c','\'','\'','c','\'','\'','c','\'','\'','c','\'','\'','c','\'','\'','c','\'','\'','c','\'','\'','c','\'','\'','c','\'','\'','c','\'','\''}; 
Previous 14: main:buf:1={'a','b','c','d','e','f','g','h','i','j','k','l','m','n','o','p','q','r','s','t','u','v','w','x','y','z','a','b','c','d','e','f','g','h','i','j','k','l','m','n','o','p','q','r','s','t','u','v','w','x','y','z','a','b','c','d','e','f','g','h','i','j','k','l','m','n','o','p','q','r','s','t','u','v','w','x','y','z','a','b','c','d','e','f','g','h','i','j','k','l','m','n','o','p','q','r','s','t','u','@'}; 
Previous 15: main:buf:1={'\'','\'','\'','\'','\'','\'','\'','\'','\'','\'','\'','\'','\'','\'','\'','\'','\'','\'','\'','\'','\'','\'','\'','\'','\'','\'','\'','\'','\'','\'','\'','\'','\'','\'','\'','\'','\'','\'','\'','\'','\'','\'','\'','\'','\'','\'','\'','\'','\'','\'','\'','\'','\'','\'','\'','\'','\'','\'','\'','\'','\'','\'','\'','\'','\'','\'','\'','\'','\'','\'','\'','\'','\'','\'','\'','\'','\'','\'','\'','\'','\'','\'','\'','\'','\'','\'','\'','\'','\'','\'','\'','\'','\'','\'','\'','\'','\'','\'','\'','\''}; 

Program:
extern char __VERIFIER_nondet_char(void);
/*
Commit Number: cea58cb6d8fe0d27bfcbab57776bd36d5c724ec3
URL: https://github.com/GNOME/evolution-data-server/commit/cea58cb6d8fe0d27bfcbab57776bd36d5c724ec3
Project Name: evolution-data-server
License: GPL2
termination: TRUE

*/
int strcspn(const char *strSrc, const char *str)
{
    const char *s;
    const char *t = strSrc;
    while (*t != '\0')
    {
        s = str;
        while (*s != '\0')
        {
            if (*t == *s )
            return t-strSrc;
            ++s;
        }
        ++t;
    }
    return 0;
}
int main()
{
    char buf[100];
    for( int i = 0 ; i < 99 ; i++ )
        buf[i] = __VERIFIER_nondet_char();
    buf[99] = '\0';
    char *p = buf;
    while( *p )
    {
        int len = strcspn( p , ""\n"");
        p += len;
        if( *p )
            p++;
    }
    return 0;

}

"
17,T,"main:buf:1={'A','B','C','D','E','F','G','H','I','J','K','L','M','N','O','P','Q','R','S','T','U','V','W','X','Y','Z','a','b','c','d','e','f','g','h','i','j','k','l','m','n','o','p','q','r','s','t','u','v','w','x','y','z','!','$','#','%','&','(',')','*','+',',','-','.','/',';','<','=','?','@','[','^','_','`','|','}','7','#','[','a','b','c','d','e','f','g','!','$','#','%','&',')','(','/','+','+','+','-','^','/'}
",/home/quasar/Documents/FocusTNT/results_InputGeneration/FSE/loop/Incorrect_Initialization_1_T/input_generator_artifacts/generated_programs/Incorrect_Initialization_1_T_TestCase17.c,COMPLETED,T,true,,"You generate concrete values for nondeterministic inputs in a C/C++ program.
Your goal is to produce ONE complete assignment set that is likely to make the program terminate.

Important rules:
1. Return a value for EVERY listed nondeterministic input ID.
2. Use each ID exactly once.
3. Respect the declared C/C++ type.
4. For an array, return the value as an array containing exactly the required number of elements.
5. For char arrays, each element must be exactly one character. Return the character itself without C single quotes.
6. Prefer small-magnitude values unless larger values are necessary to achieve the requested execution behavior.

Nondeterministic inputs:
- id: main:buf:1, type: char, array: true, size: 100, required elements: 100

Previously generated assignment sets are listed below. Generate a materially different set and do not duplicate any of them.
Previous 1: main:buf:1={'a','a','a','a','a','a','a','a','a','a','a','a','a','a','a','a','a','a','a','a','a','a','a','a','a','a','a','a','a','a','a','a','a','a','a','a','a','a','a','a','a','a','a','a','a','a','a','a','a','a','a','a','a','a','a','a','a','a','a','a','a','a','a','a','a','a','a','a','a','a','a','a','a','a','a','a','a','a','a','a','a','a','a','a','a','a','a','a','a','a','a','a','a','a','a','a','a','a','a','a'}; 
Previous 2: main:buf:1={'h','h','h','h','h','h','h','h','h','h','h','h','h','h','h','h','h','h','h','h','h','h','h','h','h','e','e','e','e','e','e','e','e','e','e','e','e','e','e','e','e','e','e','e','e','e','e','e','e','e','l','l','l','l','l','l','l','l','l','l','l','l','l','l','l','l','l','l','l','l','l','l','l','l','l','o','o','o','o','o','o','o','o','o','o','o','o','o','o','o','X','X','X','X','X','X','X','X','X','Y'}; 
Previous 3: main:buf:1={'a','b','b','b','b','b','b','b','b','b','b','b','b','b','b','b','b','b','b','b','b','b','b','b','b','b','b','b','b','b','b','b','b','b','b','b','b','b','b','b','b','b','b','b','b','b','b','b','b','b','b','b','b','b','b','b','b','b','b','b','b','b','b','b','b','b','b','b','b','b','b','b','b','b','b','b','b','b','b','b','b','b','b','b','b','b','b','b','b','b','b','b','b','b','b','b','b','b','b','0'}; 
Previous 4: main:buf:1={'x','x','x','x','x','x','x','x','x','x','x','x','x','x','x','x','x','x','x','x','x','x','x','x','x','x','x','x','x','x','x','x','x','x','x','x','x','x','x','x','x','x','x','x','x','x','x','x','x','x','x','x','x','x','x','x','x','x','x','x','x','x','x','x','x','x','x','x','x','x','x','x','x','x','x','x','x','x','x','x','x','x','x','x','x','x','x','x','x','x','x','x','x','x','x','x','x','x','x','x'}; 
Previous 5: main:buf:1={'A','B','C','D','E','F','G','H','I','J','K','L','M','N','O','P','Q','R','S','T','U','V','W','X','Y','Z','a','b','c','d','e','f','g','h','i','j','k','l','m','n','o','p','q','r','s','t','u','v','w','x','y','z','A','B','C','D','E','F','G','H','I','J','K','L','M','N','O','P','Q','R','S','T','U','V','W','X','Y','Z','a','b','c','d','e','f','g','h','i','j','k','l','m','n','o','p','q','r','s','t','u','0'}; 
Previous 6: main:buf:1={'0','0','0','0','0','0','0','0','0','0','0','0','0','0','0','0','0','0','0','0','0','0','0','0','0','0','0','0','0','0','0','0','0','0','0','0','0','0','0','0','0','0','0','0','0','0','0','0','0','0','0','0','0','0','0','0','0','0','0','0','0','0','0','0','0','0','0','0','0','0','0','0','0','0','0','0','0','0','0','0','0','0','0','0','0','0','0','0','0','0','0','0','0','0','0','0','0','0','0','0'}; 
Previous 7: main:buf:1={'X','Y','X','Y','X','Y','X','Y','X','Y','X','Y','X','Y','X','Y','X','Y','X','Y','X','Y','X','Y','X','Y','X','Y','X','Y','X','Y','X','Y','X','Y','X','Y','X','Y','X','Y','X','Y','X','Y','X','Y','X','Y','X','Y','X','Y','X','Y','X','Y','X','Y','X','Y','X','Y','X','Y','X','Y','X','Y','X','Y','X','Y','X','Y','X','Y','X','Y','X','Y','X','Y','X','Y','X','Y','X','Y','X','Y','X','Y','X','Y','X','Y','X','Y'}; 
Previous 8: main:buf:1={'\'','0','\'','\'','1','\'','\'','2','\'','\'','3','\'','\'','4','\'','\'','5','\'','\'','6','\'','\'','7','\'','\'','8','\'','\'','9','\'','\'','0','\'','\'','1','\'','\'','2','\'','\'','3','\'','\'','4','\'','\'','5','\'','\'','6','\'','\'','7','\'','\'','8','\'','\'','9','\'','\'','0','\'','\'','1','\'','\'','2','\'','\'','3','\'','\'','4','\'','\'','5','\'','\'','6','\'','\'','7','\'','\'','8','\'','\'','9','\'','\'','0','\'','\'','1','\'','\'','2','\'','\''}; 
Previous 9: main:buf:1={'0','1','2','3','4','5','6','7','8','9','0','1','2','3','4','5','6','7','8','9','0','1','2','3','4','5','6','7','8','9','0','1','2','3','4','5','6','7','8','9','0','1','2','3','4','5','6','7','8','9','0','1','2','3','4','5','6','7','8','9','0','1','2','3','4','5','6','7','8','9','0','1','2','3','4','5','6','7','8','9','0','1','2','3','4','5','6','7','8','9','0','1','2','3','4','5','6','7','8','9'}; 
Previous 10: main:buf:1={'a','b','a','b','a','b','a','b','a','b','a','b','a','b','a','b','a','b','a','b','a','b','a','b','a','b','a','b','a','b','a','b','a','b','a','b','a','b','a','b','a','b','a','b','a','b','a','b','a','b','a','b','a','b','a','b','a','b','a','b','a','b','a','b','a','b','a','b','a','b','a','b','a','b','a','b','a','b','a','b','a','b','a','b','a','b','a','b','a','b','a','b','a','b','a','b','a','b','a','b'}; 
Previous 11: main:buf:1={'a','a','a','a','a','a','a','a','a','a','a','a','a','a','a','a','a','a','a','a','a','a','a','a','a','a','a','a','a','a','a','a','a','a','a','a','a','a','a','a','a','a','a','a','a','a','a','a','a','a','b','b','b','b','b','b','b','b','b','b','b','b','b','b','b','b','b','b','b','b','b','b','b','b','b','b','b','b','b','b','b','b','b','b','b','b','b','b','b','b','b','b','b','b','b','b','b','b','b','b'}; 
Previous 12: main:buf:1={'\'','a','\'','\'','a','\'','\'','a','\'','\'','a','\'','\'','a','\'','\'','a','\'','\'','a','\'','\'','a','\'','\'','a','\'','\'','a','\'','\'','a','\'','\'','a','\'','\'','a','\'','\'','a','\'','\'','a','\'','\'','a','\'','\'','a','\'','\'','a','\'','\'','a','\'','\'','a','\'','\'','a','\'','\'','a','\'','\'','a','\'','\'','a','\'','\'','a','\'','\'','a','\'','\'','a','\'','\'','a','\'','\'','a','\'','\'','a','\'','\'','a','\'','\'','a','\'','\'','a','\'','\''}; 
Previous 13: main:buf:1={'\'','c','\'','\'','c','\'','\'','c','\'','\'','c','\'','\'','c','\'','\'','c','\'','\'','c','\'','\'','c','\'','\'','c','\'','\'','c','\'','\'','c','\'','\'','c','\'','\'','c','\'','\'','c','\'','\'','c','\'','\'','c','\'','\'','c','\'','\'','c','\'','\'','c','\'','\'','c','\'','\'','c','\'','\'','c','\'','\'','c','\'','\'','c','\'','\'','c','\'','\'','c','\'','\'','c','\'','\'','c','\'','\'','c','\'','\'','c','\'','\'','c','\'','\'','c','\'','\'','c','\'','\''}; 
Previous 14: main:buf:1={'a','b','c','d','e','f','g','h','i','j','k','l','m','n','o','p','q','r','s','t','u','v','w','x','y','z','a','b','c','d','e','f','g','h','i','j','k','l','m','n','o','p','q','r','s','t','u','v','w','x','y','z','a','b','c','d','e','f','g','h','i','j','k','l','m','n','o','p','q','r','s','t','u','v','w','x','y','z','a','b','c','d','e','f','g','h','i','j','k','l','m','n','o','p','q','r','s','t','u','@'}; 
Previous 15: main:buf:1={'\'','\'','\'','\'','\'','\'','\'','\'','\'','\'','\'','\'','\'','\'','\'','\'','\'','\'','\'','\'','\'','\'','\'','\'','\'','\'','\'','\'','\'','\'','\'','\'','\'','\'','\'','\'','\'','\'','\'','\'','\'','\'','\'','\'','\'','\'','\'','\'','\'','\'','\'','\'','\'','\'','\'','\'','\'','\'','\'','\'','\'','\'','\'','\'','\'','\'','\'','\'','\'','\'','\'','\'','\'','\'','\'','\'','\'','\'','\'','\'','\'','\'','\'','\'','\'','\'','\'','\'','\'','\'','\'','\'','\'','\'','\'','\'','\'','\'','\'','\''}; 
Previous 16: main:buf:1={'a','b','c','d','e','f','g','h','i','j','k','l','m','n','o','p','q','r','s','t','u','v','w','x','y','z','A','B','C','D','E','F','G','H','I','J','K','L','M','N','O','P','Q','R','S','T','U','V','W','X','Y','Z','0','1','2','3','4','5','6','7','8','9','!','@','#','$','%','^','&','*','(',')','_','-','=','+','[',']','{','}','|',';',';',':','\'',',','.','<','>','/','?','`','~','a','b','c','d','e','f','g'}; 

Program:
extern char __VERIFIER_nondet_char(void);
/*
Commit Number: cea58cb6d8fe0d27bfcbab57776bd36d5c724ec3
URL: https://github.com/GNOME/evolution-data-server/commit/cea58cb6d8fe0d27bfcbab57776bd36d5c724ec3
Project Name: evolution-data-server
License: GPL2
termination: TRUE

*/
int strcspn(const char *strSrc, const char *str)
{
    const char *s;
    const char *t = strSrc;
    while (*t != '\0')
    {
        s = str;
        while (*s != '\0')
        {
            if (*t == *s )
            return t-strSrc;
            ++s;
        }
        ++t;
    }
    return 0;
}
int main()
{
    char buf[100];
    for( int i = 0 ; i < 99 ; i++ )
        buf[i] = __VERIFIER_nondet_char();
    buf[99] = '\0';
    char *p = buf;
    while( *p )
    {
        int len = strcspn( p , ""\n"");
        p += len;
        if( *p )
            p++;
    }
    return 0;

}

"
18,T,"main:buf:1={'\'','a','\'','\'','a','\'','\'','a','\'','\'','a','\'','\'','a','\'','\'','a','\'','\'','a','\'','\'','a','\'','\'','a','\'','\'','a','\'','\'','a','\'','\'','a','\'','\'','a','\'','\'','a','\'','\'','a','\'','\'','a','\'','\'','a','\'','\'','a','\'','\'','a','\'','\'','a','\'','\'','a','\'','\'','a','\'','\'','a','\'','\'','a','\'','\'','a','\'','\'','a','\'','\'','a','\'','\'','a','\'','\'','a','\'','\'','a','\'','\'','a','\'','\'','a','\'','\'','a','\'','\''}
",,DUPLICATE,,false,,"You generate concrete values for nondeterministic inputs in a C/C++ program.
Your goal is to produce ONE complete assignment set that is likely to make the program terminate.

Important rules:
1. Return a value for EVERY listed nondeterministic input ID.
2. Use each ID exactly once.
3. Respect the declared C/C++ type.
4. For an array, return the value as an array containing exactly the required number of elements.
5. For char arrays, each element must be exactly one character. Return the character itself without C single quotes.
6. Prefer small-magnitude values unless larger values are necessary to achieve the requested execution behavior.

Nondeterministic inputs:
- id: main:buf:1, type: char, array: true, size: 100, required elements: 100

Previously generated assignment sets are listed below. Generate a materially different set and do not duplicate any of them.
Previous 1: main:buf:1={'a','a','a','a','a','a','a','a','a','a','a','a','a','a','a','a','a','a','a','a','a','a','a','a','a','a','a','a','a','a','a','a','a','a','a','a','a','a','a','a','a','a','a','a','a','a','a','a','a','a','a','a','a','a','a','a','a','a','a','a','a','a','a','a','a','a','a','a','a','a','a','a','a','a','a','a','a','a','a','a','a','a','a','a','a','a','a','a','a','a','a','a','a','a','a','a','a','a','a','a'}; 
Previous 2: main:buf:1={'h','h','h','h','h','h','h','h','h','h','h','h','h','h','h','h','h','h','h','h','h','h','h','h','h','e','e','e','e','e','e','e','e','e','e','e','e','e','e','e','e','e','e','e','e','e','e','e','e','e','l','l','l','l','l','l','l','l','l','l','l','l','l','l','l','l','l','l','l','l','l','l','l','l','l','o','o','o','o','o','o','o','o','o','o','o','o','o','o','o','X','X','X','X','X','X','X','X','X','Y'}; 
Previous 3: main:buf:1={'a','b','b','b','b','b','b','b','b','b','b','b','b','b','b','b','b','b','b','b','b','b','b','b','b','b','b','b','b','b','b','b','b','b','b','b','b','b','b','b','b','b','b','b','b','b','b','b','b','b','b','b','b','b','b','b','b','b','b','b','b','b','b','b','b','b','b','b','b','b','b','b','b','b','b','b','b','b','b','b','b','b','b','b','b','b','b','b','b','b','b','b','b','b','b','b','b','b','b','0'}; 
Previous 4: main:buf:1={'x','x','x','x','x','x','x','x','x','x','x','x','x','x','x','x','x','x','x','x','x','x','x','x','x','x','x','x','x','x','x','x','x','x','x','x','x','x','x','x','x','x','x','x','x','x','x','x','x','x','x','x','x','x','x','x','x','x','x','x','x','x','x','x','x','x','x','x','x','x','x','x','x','x','x','x','x','x','x','x','x','x','x','x','x','x','x','x','x','x','x','x','x','x','x','x','x','x','x','x'}; 
Previous 5: main:buf:1={'A','B','C','D','E','F','G','H','I','J','K','L','M','N','O','P','Q','R','S','T','U','V','W','X','Y','Z','a','b','c','d','e','f','g','h','i','j','k','l','m','n','o','p','q','r','s','t','u','v','w','x','y','z','A','B','C','D','E','F','G','H','I','J','K','L','M','N','O','P','Q','R','S','T','U','V','W','X','Y','Z','a','b','c','d','e','f','g','h','i','j','k','l','m','n','o','p','q','r','s','t','u','0'}; 
Previous 6: main:buf:1={'0','0','0','0','0','0','0','0','0','0','0','0','0','0','0','0','0','0','0','0','0','0','0','0','0','0','0','0','0','0','0','0','0','0','0','0','0','0','0','0','0','0','0','0','0','0','0','0','0','0','0','0','0','0','0','0','0','0','0','0','0','0','0','0','0','0','0','0','0','0','0','0','0','0','0','0','0','0','0','0','0','0','0','0','0','0','0','0','0','0','0','0','0','0','0','0','0','0','0','0'}; 
Previous 7: main:buf:1={'X','Y','X','Y','X','Y','X','Y','X','Y','X','Y','X','Y','X','Y','X','Y','X','Y','X','Y','X','Y','X','Y','X','Y','X','Y','X','Y','X','Y','X','Y','X','Y','X','Y','X','Y','X','Y','X','Y','X','Y','X','Y','X','Y','X','Y','X','Y','X','Y','X','Y','X','Y','X','Y','X','Y','X','Y','X','Y','X','Y','X','Y','X','Y','X','Y','X','Y','X','Y','X','Y','X','Y','X','Y','X','Y','X','Y','X','Y','X','Y','X','Y','X','Y'}; 
Previous 8: main:buf:1={'\'','0','\'','\'','1','\'','\'','2','\'','\'','3','\'','\'','4','\'','\'','5','\'','\'','6','\'','\'','7','\'','\'','8','\'','\'','9','\'','\'','0','\'','\'','1','\'','\'','2','\'','\'','3','\'','\'','4','\'','\'','5','\'','\'','6','\'','\'','7','\'','\'','8','\'','\'','9','\'','\'','0','\'','\'','1','\'','\'','2','\'','\'','3','\'','\'','4','\'','\'','5','\'','\'','6','\'','\'','7','\'','\'','8','\'','\'','9','\'','\'','0','\'','\'','1','\'','\'','2','\'','\''}; 
Previous 9: main:buf:1={'0','1','2','3','4','5','6','7','8','9','0','1','2','3','4','5','6','7','8','9','0','1','2','3','4','5','6','7','8','9','0','1','2','3','4','5','6','7','8','9','0','1','2','3','4','5','6','7','8','9','0','1','2','3','4','5','6','7','8','9','0','1','2','3','4','5','6','7','8','9','0','1','2','3','4','5','6','7','8','9','0','1','2','3','4','5','6','7','8','9','0','1','2','3','4','5','6','7','8','9'}; 
Previous 10: main:buf:1={'a','b','a','b','a','b','a','b','a','b','a','b','a','b','a','b','a','b','a','b','a','b','a','b','a','b','a','b','a','b','a','b','a','b','a','b','a','b','a','b','a','b','a','b','a','b','a','b','a','b','a','b','a','b','a','b','a','b','a','b','a','b','a','b','a','b','a','b','a','b','a','b','a','b','a','b','a','b','a','b','a','b','a','b','a','b','a','b','a','b','a','b','a','b','a','b','a','b','a','b'}; 
Previous 11: main:buf:1={'a','a','a','a','a','a','a','a','a','a','a','a','a','a','a','a','a','a','a','a','a','a','a','a','a','a','a','a','a','a','a','a','a','a','a','a','a','a','a','a','a','a','a','a','a','a','a','a','a','a','b','b','b','b','b','b','b','b','b','b','b','b','b','b','b','b','b','b','b','b','b','b','b','b','b','b','b','b','b','b','b','b','b','b','b','b','b','b','b','b','b','b','b','b','b','b','b','b','b','b'}; 
Previous 12: main:buf:1={'\'','a','\'','\'','a','\'','\'','a','\'','\'','a','\'','\'','a','\'','\'','a','\'','\'','a','\'','\'','a','\'','\'','a','\'','\'','a','\'','\'','a','\'','\'','a','\'','\'','a','\'','\'','a','\'','\'','a','\'','\'','a','\'','\'','a','\'','\'','a','\'','\'','a','\'','\'','a','\'','\'','a','\'','\'','a','\'','\'','a','\'','\'','a','\'','\'','a','\'','\'','a','\'','\'','a','\'','\'','a','\'','\'','a','\'','\'','a','\'','\'','a','\'','\'','a','\'','\'','a','\'','\''}; 
Previous 13: main:buf:1={'\'','c','\'','\'','c','\'','\'','c','\'','\'','c','\'','\'','c','\'','\'','c','\'','\'','c','\'','\'','c','\'','\'','c','\'','\'','c','\'','\'','c','\'','\'','c','\'','\'','c','\'','\'','c','\'','\'','c','\'','\'','c','\'','\'','c','\'','\'','c','\'','\'','c','\'','\'','c','\'','\'','c','\'','\'','c','\'','\'','c','\'','\'','c','\'','\'','c','\'','\'','c','\'','\'','c','\'','\'','c','\'','\'','c','\'','\'','c','\'','\'','c','\'','\'','c','\'','\'','c','\'','\''}; 
Previous 14: main:buf:1={'a','b','c','d','e','f','g','h','i','j','k','l','m','n','o','p','q','r','s','t','u','v','w','x','y','z','a','b','c','d','e','f','g','h','i','j','k','l','m','n','o','p','q','r','s','t','u','v','w','x','y','z','a','b','c','d','e','f','g','h','i','j','k','l','m','n','o','p','q','r','s','t','u','v','w','x','y','z','a','b','c','d','e','f','g','h','i','j','k','l','m','n','o','p','q','r','s','t','u','@'}; 
Previous 15: main:buf:1={'\'','\'','\'','\'','\'','\'','\'','\'','\'','\'','\'','\'','\'','\'','\'','\'','\'','\'','\'','\'','\'','\'','\'','\'','\'','\'','\'','\'','\'','\'','\'','\'','\'','\'','\'','\'','\'','\'','\'','\'','\'','\'','\'','\'','\'','\'','\'','\'','\'','\'','\'','\'','\'','\'','\'','\'','\'','\'','\'','\'','\'','\'','\'','\'','\'','\'','\'','\'','\'','\'','\'','\'','\'','\'','\'','\'','\'','\'','\'','\'','\'','\'','\'','\'','\'','\'','\'','\'','\'','\'','\'','\'','\'','\'','\'','\'','\'','\'','\'','\''}; 
Previous 16: main:buf:1={'a','b','c','d','e','f','g','h','i','j','k','l','m','n','o','p','q','r','s','t','u','v','w','x','y','z','A','B','C','D','E','F','G','H','I','J','K','L','M','N','O','P','Q','R','S','T','U','V','W','X','Y','Z','0','1','2','3','4','5','6','7','8','9','!','@','#','$','%','^','&','*','(',')','_','-','=','+','[',']','{','}','|',';',';',':','\'',',','.','<','>','/','?','`','~','a','b','c','d','e','f','g'}; 
Previous 17: main:buf:1={'A','B','C','D','E','F','G','H','I','J','K','L','M','N','O','P','Q','R','S','T','U','V','W','X','Y','Z','a','b','c','d','e','f','g','h','i','j','k','l','m','n','o','p','q','r','s','t','u','v','w','x','y','z','!','$','#','%','&','(',')','*','+',',','-','.','/',';','<','=','?','@','[','^','_','`','|','}','7','#','[','a','b','c','d','e','f','g','!','$','#','%','&',')','(','/','+','+','+','-','^','/'}; 

Program:
extern char __VERIFIER_nondet_char(void);
/*
Commit Number: cea58cb6d8fe0d27bfcbab57776bd36d5c724ec3
URL: https://github.com/GNOME/evolution-data-server/commit/cea58cb6d8fe0d27bfcbab57776bd36d5c724ec3
Project Name: evolution-data-server
License: GPL2
termination: TRUE

*/
int strcspn(const char *strSrc, const char *str)
{
    const char *s;
    const char *t = strSrc;
    while (*t != '\0')
    {
        s = str;
        while (*s != '\0')
        {
            if (*t == *s )
            return t-strSrc;
            ++s;
        }
        ++t;
    }
    return 0;
}
int main()
{
    char buf[100];
    for( int i = 0 ; i < 99 ; i++ )
        buf[i] = __VERIFIER_nondet_char();
    buf[99] = '\0';
    char *p = buf;
    while( *p )
    {
        int len = strcspn( p , ""\n"");
        p += len;
        if( *p )
            p++;
    }
    return 0;

}

"
19,T,"main:buf:1={'a','b','c','d','e','f','g','h','i','j','a','b','c','d','e','f','g','h','i','j','a','b','c','d','e','f','g','h','i','j','a','b','c','d','e','f','g','h','i','j','a','b','c','d','e','f','g','h','i','j','0','1','2','3','4','5','6','7','8','9','0','1','2','3','4','5','6','7','8','9','0','1','2','3','4','5','6','7','8','9','0','1','2','3','4','5','6','7','8','9','0','1','2','3','4','5','6','7','8','9'}
",/home/quasar/Documents/FocusTNT/results_InputGeneration/FSE/loop/Incorrect_Initialization_1_T/input_generator_artifacts/generated_programs/Incorrect_Initialization_1_T_TestCase18.c,COMPLETED,T,true,,"You generate concrete values for nondeterministic inputs in a C/C++ program.
Your goal is to produce ONE complete assignment set that is likely to make the program terminate.

Important rules:
1. Return a value for EVERY listed nondeterministic input ID.
2. Use each ID exactly once.
3. Respect the declared C/C++ type.
4. For an array, return the value as an array containing exactly the required number of elements.
5. For char arrays, each element must be exactly one character. Return the character itself without C single quotes.
6. Prefer small-magnitude values unless larger values are necessary to achieve the requested execution behavior.

Nondeterministic inputs:
- id: main:buf:1, type: char, array: true, size: 100, required elements: 100

Previously generated assignment sets are listed below. Generate a materially different set and do not duplicate any of them.
Previous 1: main:buf:1={'a','a','a','a','a','a','a','a','a','a','a','a','a','a','a','a','a','a','a','a','a','a','a','a','a','a','a','a','a','a','a','a','a','a','a','a','a','a','a','a','a','a','a','a','a','a','a','a','a','a','a','a','a','a','a','a','a','a','a','a','a','a','a','a','a','a','a','a','a','a','a','a','a','a','a','a','a','a','a','a','a','a','a','a','a','a','a','a','a','a','a','a','a','a','a','a','a','a','a','a'}; 
Previous 2: main:buf:1={'h','h','h','h','h','h','h','h','h','h','h','h','h','h','h','h','h','h','h','h','h','h','h','h','h','e','e','e','e','e','e','e','e','e','e','e','e','e','e','e','e','e','e','e','e','e','e','e','e','e','l','l','l','l','l','l','l','l','l','l','l','l','l','l','l','l','l','l','l','l','l','l','l','l','l','o','o','o','o','o','o','o','o','o','o','o','o','o','o','o','X','X','X','X','X','X','X','X','X','Y'}; 
Previous 3: main:buf:1={'a','b','b','b','b','b','b','b','b','b','b','b','b','b','b','b','b','b','b','b','b','b','b','b','b','b','b','b','b','b','b','b','b','b','b','b','b','b','b','b','b','b','b','b','b','b','b','b','b','b','b','b','b','b','b','b','b','b','b','b','b','b','b','b','b','b','b','b','b','b','b','b','b','b','b','b','b','b','b','b','b','b','b','b','b','b','b','b','b','b','b','b','b','b','b','b','b','b','b','0'}; 
Previous 4: main:buf:1={'x','x','x','x','x','x','x','x','x','x','x','x','x','x','x','x','x','x','x','x','x','x','x','x','x','x','x','x','x','x','x','x','x','x','x','x','x','x','x','x','x','x','x','x','x','x','x','x','x','x','x','x','x','x','x','x','x','x','x','x','x','x','x','x','x','x','x','x','x','x','x','x','x','x','x','x','x','x','x','x','x','x','x','x','x','x','x','x','x','x','x','x','x','x','x','x','x','x','x','x'}; 
Previous 5: main:buf:1={'A','B','C','D','E','F','G','H','I','J','K','L','M','N','O','P','Q','R','S','T','U','V','W','X','Y','Z','a','b','c','d','e','f','g','h','i','j','k','l','m','n','o','p','q','r','s','t','u','v','w','x','y','z','A','B','C','D','E','F','G','H','I','J','K','L','M','N','O','P','Q','R','S','T','U','V','W','X','Y','Z','a','b','c','d','e','f','g','h','i','j','k','l','m','n','o','p','q','r','s','t','u','0'}; 
Previous 6: main:buf:1={'0','0','0','0','0','0','0','0','0','0','0','0','0','0','0','0','0','0','0','0','0','0','0','0','0','0','0','0','0','0','0','0','0','0','0','0','0','0','0','0','0','0','0','0','0','0','0','0','0','0','0','0','0','0','0','0','0','0','0','0','0','0','0','0','0','0','0','0','0','0','0','0','0','0','0','0','0','0','0','0','0','0','0','0','0','0','0','0','0','0','0','0','0','0','0','0','0','0','0','0'}; 
Previous 7: main:buf:1={'X','Y','X','Y','X','Y','X','Y','X','Y','X','Y','X','Y','X','Y','X','Y','X','Y','X','Y','X','Y','X','Y','X','Y','X','Y','X','Y','X','Y','X','Y','X','Y','X','Y','X','Y','X','Y','X','Y','X','Y','X','Y','X','Y','X','Y','X','Y','X','Y','X','Y','X','Y','X','Y','X','Y','X','Y','X','Y','X','Y','X','Y','X','Y','X','Y','X','Y','X','Y','X','Y','X','Y','X','Y','X','Y','X','Y','X','Y','X','Y','X','Y','X','Y'}; 
Previous 8: main:buf:1={'\'','0','\'','\'','1','\'','\'','2','\'','\'','3','\'','\'','4','\'','\'','5','\'','\'','6','\'','\'','7','\'','\'','8','\'','\'','9','\'','\'','0','\'','\'','1','\'','\'','2','\'','\'','3','\'','\'','4','\'','\'','5','\'','\'','6','\'','\'','7','\'','\'','8','\'','\'','9','\'','\'','0','\'','\'','1','\'','\'','2','\'','\'','3','\'','\'','4','\'','\'','5','\'','\'','6','\'','\'','7','\'','\'','8','\'','\'','9','\'','\'','0','\'','\'','1','\'','\'','2','\'','\''}; 
Previous 9: main:buf:1={'0','1','2','3','4','5','6','7','8','9','0','1','2','3','4','5','6','7','8','9','0','1','2','3','4','5','6','7','8','9','0','1','2','3','4','5','6','7','8','9','0','1','2','3','4','5','6','7','8','9','0','1','2','3','4','5','6','7','8','9','0','1','2','3','4','5','6','7','8','9','0','1','2','3','4','5','6','7','8','9','0','1','2','3','4','5','6','7','8','9','0','1','2','3','4','5','6','7','8','9'}; 
Previous 10: main:buf:1={'a','b','a','b','a','b','a','b','a','b','a','b','a','b','a','b','a','b','a','b','a','b','a','b','a','b','a','b','a','b','a','b','a','b','a','b','a','b','a','b','a','b','a','b','a','b','a','b','a','b','a','b','a','b','a','b','a','b','a','b','a','b','a','b','a','b','a','b','a','b','a','b','a','b','a','b','a','b','a','b','a','b','a','b','a','b','a','b','a','b','a','b','a','b','a','b','a','b','a','b'}; 
Previous 11: main:buf:1={'a','a','a','a','a','a','a','a','a','a','a','a','a','a','a','a','a','a','a','a','a','a','a','a','a','a','a','a','a','a','a','a','a','a','a','a','a','a','a','a','a','a','a','a','a','a','a','a','a','a','b','b','b','b','b','b','b','b','b','b','b','b','b','b','b','b','b','b','b','b','b','b','b','b','b','b','b','b','b','b','b','b','b','b','b','b','b','b','b','b','b','b','b','b','b','b','b','b','b','b'}; 
Previous 12: main:buf:1={'\'','a','\'','\'','a','\'','\'','a','\'','\'','a','\'','\'','a','\'','\'','a','\'','\'','a','\'','\'','a','\'','\'','a','\'','\'','a','\'','\'','a','\'','\'','a','\'','\'','a','\'','\'','a','\'','\'','a','\'','\'','a','\'','\'','a','\'','\'','a','\'','\'','a','\'','\'','a','\'','\'','a','\'','\'','a','\'','\'','a','\'','\'','a','\'','\'','a','\'','\'','a','\'','\'','a','\'','\'','a','\'','\'','a','\'','\'','a','\'','\'','a','\'','\'','a','\'','\'','a','\'','\''}; 
Previous 13: main:buf:1={'\'','c','\'','\'','c','\'','\'','c','\'','\'','c','\'','\'','c','\'','\'','c','\'','\'','c','\'','\'','c','\'','\'','c','\'','\'','c','\'','\'','c','\'','\'','c','\'','\'','c','\'','\'','c','\'','\'','c','\'','\'','c','\'','\'','c','\'','\'','c','\'','\'','c','\'','\'','c','\'','\'','c','\'','\'','c','\'','\'','c','\'','\'','c','\'','\'','c','\'','\'','c','\'','\'','c','\'','\'','c','\'','\'','c','\'','\'','c','\'','\'','c','\'','\'','c','\'','\'','c','\'','\''}; 
Previous 14: main:buf:1={'a','b','c','d','e','f','g','h','i','j','k','l','m','n','o','p','q','r','s','t','u','v','w','x','y','z','a','b','c','d','e','f','g','h','i','j','k','l','m','n','o','p','q','r','s','t','u','v','w','x','y','z','a','b','c','d','e','f','g','h','i','j','k','l','m','n','o','p','q','r','s','t','u','v','w','x','y','z','a','b','c','d','e','f','g','h','i','j','k','l','m','n','o','p','q','r','s','t','u','@'}; 
Previous 15: main:buf:1={'\'','\'','\'','\'','\'','\'','\'','\'','\'','\'','\'','\'','\'','\'','\'','\'','\'','\'','\'','\'','\'','\'','\'','\'','\'','\'','\'','\'','\'','\'','\'','\'','\'','\'','\'','\'','\'','\'','\'','\'','\'','\'','\'','\'','\'','\'','\'','\'','\'','\'','\'','\'','\'','\'','\'','\'','\'','\'','\'','\'','\'','\'','\'','\'','\'','\'','\'','\'','\'','\'','\'','\'','\'','\'','\'','\'','\'','\'','\'','\'','\'','\'','\'','\'','\'','\'','\'','\'','\'','\'','\'','\'','\'','\'','\'','\'','\'','\'','\'','\''}; 
Previous 16: main:buf:1={'a','b','c','d','e','f','g','h','i','j','k','l','m','n','o','p','q','r','s','t','u','v','w','x','y','z','A','B','C','D','E','F','G','H','I','J','K','L','M','N','O','P','Q','R','S','T','U','V','W','X','Y','Z','0','1','2','3','4','5','6','7','8','9','!','@','#','$','%','^','&','*','(',')','_','-','=','+','[',']','{','}','|',';',';',':','\'',',','.','<','>','/','?','`','~','a','b','c','d','e','f','g'}; 
Previous 17: main:buf:1={'A','B','C','D','E','F','G','H','I','J','K','L','M','N','O','P','Q','R','S','T','U','V','W','X','Y','Z','a','b','c','d','e','f','g','h','i','j','k','l','m','n','o','p','q','r','s','t','u','v','w','x','y','z','!','$','#','%','&','(',')','*','+',',','-','.','/',';','<','=','?','@','[','^','_','`','|','}','7','#','[','a','b','c','d','e','f','g','!','$','#','%','&',')','(','/','+','+','+','-','^','/'}; 

Program:
extern char __VERIFIER_nondet_char(void);
/*
Commit Number: cea58cb6d8fe0d27bfcbab57776bd36d5c724ec3
URL: https://github.com/GNOME/evolution-data-server/commit/cea58cb6d8fe0d27bfcbab57776bd36d5c724ec3
Project Name: evolution-data-server
License: GPL2
termination: TRUE

*/
int strcspn(const char *strSrc, const char *str)
{
    const char *s;
    const char *t = strSrc;
    while (*t != '\0')
    {
        s = str;
        while (*s != '\0')
        {
            if (*t == *s )
            return t-strSrc;
            ++s;
        }
        ++t;
    }
    return 0;
}
int main()
{
    char buf[100];
    for( int i = 0 ; i < 99 ; i++ )
        buf[i] = __VERIFIER_nondet_char();
    buf[99] = '\0';
    char *p = buf;
    while( *p )
    {
        int len = strcspn( p , ""\n"");
        p += len;
        if( *p )
            p++;
    }
    return 0;

}

"
20,T,"main:buf:1={'H','e','l','l','o','W','o','r','l','d','0','1','0','2','0','3','0','4','!','!','!','A','B','C','D','E','F','G','H','I','J','K','L','M','N','O','P','Q','R','S','T','U','V','W','X','Y','Z','a','b','c','d','e','f','g','h','i','j','k','l','m','n','o','p','q','r','s','t','u','v','w','x','y','z','0','1','2','3','4','5','6','7','8','9','!','@','#','$','%','^','&','*','(','0','-','_','=','+','[',']','Z'}
",/home/quasar/Documents/FocusTNT/results_InputGeneration/FSE/loop/Incorrect_Initialization_1_T/input_generator_artifacts/generated_programs/Incorrect_Initialization_1_T_TestCase19.c,COMPLETED,T,true,,"You generate concrete values for nondeterministic inputs in a C/C++ program.
Your goal is to produce ONE complete assignment set that is likely to make the program terminate.

Important rules:
1. Return a value for EVERY listed nondeterministic input ID.
2. Use each ID exactly once.
3. Respect the declared C/C++ type.
4. For an array, return the value as an array containing exactly the required number of elements.
5. For char arrays, each element must be exactly one character. Return the character itself without C single quotes.
6. Prefer small-magnitude values unless larger values are necessary to achieve the requested execution behavior.

Nondeterministic inputs:
- id: main:buf:1, type: char, array: true, size: 100, required elements: 100

Previously generated assignment sets are listed below. Generate a materially different set and do not duplicate any of them.
Previous 1: main:buf:1={'a','a','a','a','a','a','a','a','a','a','a','a','a','a','a','a','a','a','a','a','a','a','a','a','a','a','a','a','a','a','a','a','a','a','a','a','a','a','a','a','a','a','a','a','a','a','a','a','a','a','a','a','a','a','a','a','a','a','a','a','a','a','a','a','a','a','a','a','a','a','a','a','a','a','a','a','a','a','a','a','a','a','a','a','a','a','a','a','a','a','a','a','a','a','a','a','a','a','a','a'}; 
Previous 2: main:buf:1={'h','h','h','h','h','h','h','h','h','h','h','h','h','h','h','h','h','h','h','h','h','h','h','h','h','e','e','e','e','e','e','e','e','e','e','e','e','e','e','e','e','e','e','e','e','e','e','e','e','e','l','l','l','l','l','l','l','l','l','l','l','l','l','l','l','l','l','l','l','l','l','l','l','l','l','o','o','o','o','o','o','o','o','o','o','o','o','o','o','o','X','X','X','X','X','X','X','X','X','Y'}; 
Previous 3: main:buf:1={'a','b','b','b','b','b','b','b','b','b','b','b','b','b','b','b','b','b','b','b','b','b','b','b','b','b','b','b','b','b','b','b','b','b','b','b','b','b','b','b','b','b','b','b','b','b','b','b','b','b','b','b','b','b','b','b','b','b','b','b','b','b','b','b','b','b','b','b','b','b','b','b','b','b','b','b','b','b','b','b','b','b','b','b','b','b','b','b','b','b','b','b','b','b','b','b','b','b','b','0'}; 
Previous 4: main:buf:1={'x','x','x','x','x','x','x','x','x','x','x','x','x','x','x','x','x','x','x','x','x','x','x','x','x','x','x','x','x','x','x','x','x','x','x','x','x','x','x','x','x','x','x','x','x','x','x','x','x','x','x','x','x','x','x','x','x','x','x','x','x','x','x','x','x','x','x','x','x','x','x','x','x','x','x','x','x','x','x','x','x','x','x','x','x','x','x','x','x','x','x','x','x','x','x','x','x','x','x','x'}; 
Previous 5: main:buf:1={'A','B','C','D','E','F','G','H','I','J','K','L','M','N','O','P','Q','R','S','T','U','V','W','X','Y','Z','a','b','c','d','e','f','g','h','i','j','k','l','m','n','o','p','q','r','s','t','u','v','w','x','y','z','A','B','C','D','E','F','G','H','I','J','K','L','M','N','O','P','Q','R','S','T','U','V','W','X','Y','Z','a','b','c','d','e','f','g','h','i','j','k','l','m','n','o','p','q','r','s','t','u','0'}; 
Previous 6: main:buf:1={'0','0','0','0','0','0','0','0','0','0','0','0','0','0','0','0','0','0','0','0','0','0','0','0','0','0','0','0','0','0','0','0','0','0','0','0','0','0','0','0','0','0','0','0','0','0','0','0','0','0','0','0','0','0','0','0','0','0','0','0','0','0','0','0','0','0','0','0','0','0','0','0','0','0','0','0','0','0','0','0','0','0','0','0','0','0','0','0','0','0','0','0','0','0','0','0','0','0','0','0'}; 
Previous 7: main:buf:1={'X','Y','X','Y','X','Y','X','Y','X','Y','X','Y','X','Y','X','Y','X','Y','X','Y','X','Y','X','Y','X','Y','X','Y','X','Y','X','Y','X','Y','X','Y','X','Y','X','Y','X','Y','X','Y','X','Y','X','Y','X','Y','X','Y','X','Y','X','Y','X','Y','X','Y','X','Y','X','Y','X','Y','X','Y','X','Y','X','Y','X','Y','X','Y','X','Y','X','Y','X','Y','X','Y','X','Y','X','Y','X','Y','X','Y','X','Y','X','Y','X','Y','X','Y'}; 
Previous 8: main:buf:1={'\'','0','\'','\'','1','\'','\'','2','\'','\'','3','\'','\'','4','\'','\'','5','\'','\'','6','\'','\'','7','\'','\'','8','\'','\'','9','\'','\'','0','\'','\'','1','\'','\'','2','\'','\'','3','\'','\'','4','\'','\'','5','\'','\'','6','\'','\'','7','\'','\'','8','\'','\'','9','\'','\'','0','\'','\'','1','\'','\'','2','\'','\'','3','\'','\'','4','\'','\'','5','\'','\'','6','\'','\'','7','\'','\'','8','\'','\'','9','\'','\'','0','\'','\'','1','\'','\'','2','\'','\''}; 
Previous 9: main:buf:1={'0','1','2','3','4','5','6','7','8','9','0','1','2','3','4','5','6','7','8','9','0','1','2','3','4','5','6','7','8','9','0','1','2','3','4','5','6','7','8','9','0','1','2','3','4','5','6','7','8','9','0','1','2','3','4','5','6','7','8','9','0','1','2','3','4','5','6','7','8','9','0','1','2','3','4','5','6','7','8','9','0','1','2','3','4','5','6','7','8','9','0','1','2','3','4','5','6','7','8','9'}; 
Previous 10: main:buf:1={'a','b','a','b','a','b','a','b','a','b','a','b','a','b','a','b','a','b','a','b','a','b','a','b','a','b','a','b','a','b','a','b','a','b','a','b','a','b','a','b','a','b','a','b','a','b','a','b','a','b','a','b','a','b','a','b','a','b','a','b','a','b','a','b','a','b','a','b','a','b','a','b','a','b','a','b','a','b','a','b','a','b','a','b','a','b','a','b','a','b','a','b','a','b','a','b','a','b','a','b'}; 
Previous 11: main:buf:1={'a','a','a','a','a','a','a','a','a','a','a','a','a','a','a','a','a','a','a','a','a','a','a','a','a','a','a','a','a','a','a','a','a','a','a','a','a','a','a','a','a','a','a','a','a','a','a','a','a','a','b','b','b','b','b','b','b','b','b','b','b','b','b','b','b','b','b','b','b','b','b','b','b','b','b','b','b','b','b','b','b','b','b','b','b','b','b','b','b','b','b','b','b','b','b','b','b','b','b','b'}; 
Previous 12: main:buf:1={'\'','a','\'','\'','a','\'','\'','a','\'','\'','a','\'','\'','a','\'','\'','a','\'','\'','a','\'','\'','a','\'','\'','a','\'','\'','a','\'','\'','a','\'','\'','a','\'','\'','a','\'','\'','a','\'','\'','a','\'','\'','a','\'','\'','a','\'','\'','a','\'','\'','a','\'','\'','a','\'','\'','a','\'','\'','a','\'','\'','a','\'','\'','a','\'','\'','a','\'','\'','a','\'','\'','a','\'','\'','a','\'','\'','a','\'','\'','a','\'','\'','a','\'','\'','a','\'','\'','a','\'','\''}; 
Previous 13: main:buf:1={'\'','c','\'','\'','c','\'','\'','c','\'','\'','c','\'','\'','c','\'','\'','c','\'','\'','c','\'','\'','c','\'','\'','c','\'','\'','c','\'','\'','c','\'','\'','c','\'','\'','c','\'','\'','c','\'','\'','c','\'','\'','c','\'','\'','c','\'','\'','c','\'','\'','c','\'','\'','c','\'','\'','c','\'','\'','c','\'','\'','c','\'','\'','c','\'','\'','c','\'','\'','c','\'','\'','c','\'','\'','c','\'','\'','c','\'','\'','c','\'','\'','c','\'','\'','c','\'','\'','c','\'','\''}; 
Previous 14: main:buf:1={'a','b','c','d','e','f','g','h','i','j','k','l','m','n','o','p','q','r','s','t','u','v','w','x','y','z','a','b','c','d','e','f','g','h','i','j','k','l','m','n','o','p','q','r','s','t','u','v','w','x','y','z','a','b','c','d','e','f','g','h','i','j','k','l','m','n','o','p','q','r','s','t','u','v','w','x','y','z','a','b','c','d','e','f','g','h','i','j','k','l','m','n','o','p','q','r','s','t','u','@'}; 
Previous 15: main:buf:1={'\'','\'','\'','\'','\'','\'','\'','\'','\'','\'','\'','\'','\'','\'','\'','\'','\'','\'','\'','\'','\'','\'','\'','\'','\'','\'','\'','\'','\'','\'','\'','\'','\'','\'','\'','\'','\'','\'','\'','\'','\'','\'','\'','\'','\'','\'','\'','\'','\'','\'','\'','\'','\'','\'','\'','\'','\'','\'','\'','\'','\'','\'','\'','\'','\'','\'','\'','\'','\'','\'','\'','\'','\'','\'','\'','\'','\'','\'','\'','\'','\'','\'','\'','\'','\'','\'','\'','\'','\'','\'','\'','\'','\'','\'','\'','\'','\'','\'','\'','\''}; 
Previous 16: main:buf:1={'a','b','c','d','e','f','g','h','i','j','k','l','m','n','o','p','q','r','s','t','u','v','w','x','y','z','A','B','C','D','E','F','G','H','I','J','K','L','M','N','O','P','Q','R','S','T','U','V','W','X','Y','Z','0','1','2','3','4','5','6','7','8','9','!','@','#','$','%','^','&','*','(',')','_','-','=','+','[',']','{','}','|',';',';',':','\'',',','.','<','>','/','?','`','~','a','b','c','d','e','f','g'}; 
Previous 17: main:buf:1={'A','B','C','D','E','F','G','H','I','J','K','L','M','N','O','P','Q','R','S','T','U','V','W','X','Y','Z','a','b','c','d','e','f','g','h','i','j','k','l','m','n','o','p','q','r','s','t','u','v','w','x','y','z','!','$','#','%','&','(',')','*','+',',','-','.','/',';','<','=','?','@','[','^','_','`','|','}','7','#','[','a','b','c','d','e','f','g','!','$','#','%','&',')','(','/','+','+','+','-','^','/'}; 
Previous 18: main:buf:1={'a','b','c','d','e','f','g','h','i','j','a','b','c','d','e','f','g','h','i','j','a','b','c','d','e','f','g','h','i','j','a','b','c','d','e','f','g','h','i','j','a','b','c','d','e','f','g','h','i','j','0','1','2','3','4','5','6','7','8','9','0','1','2','3','4','5','6','7','8','9','0','1','2','3','4','5','6','7','8','9','0','1','2','3','4','5','6','7','8','9','0','1','2','3','4','5','6','7','8','9'}; 

Program:
extern char __VERIFIER_nondet_char(void);
/*
Commit Number: cea58cb6d8fe0d27bfcbab57776bd36d5c724ec3
URL: https://github.com/GNOME/evolution-data-server/commit/cea58cb6d8fe0d27bfcbab57776bd36d5c724ec3
Project Name: evolution-data-server
License: GPL2
termination: TRUE

*/
int strcspn(const char *strSrc, const char *str)
{
    const char *s;
    const char *t = strSrc;
    while (*t != '\0')
    {
        s = str;
        while (*s != '\0')
        {
            if (*t == *s )
            return t-strSrc;
            ++s;
        }
        ++t;
    }
    return 0;
}
int main()
{
    char buf[100];
    for( int i = 0 ; i < 99 ; i++ )
        buf[i] = __VERIFIER_nondet_char();
    buf[99] = '\0';
    char *p = buf;
    while( *p )
    {
        int len = strcspn( p , ""\n"");
        p += len;
        if( *p )
            p++;
    }
    return 0;

}

"
21,T,"main:buf:1={' ',' ',' ',' ',' ',' ',' ',' ',' ',' ',' ',' ',' ',' ',' ',' ',' ',' ',' ',' ',' ',' ',' ',' ',' ',' ',' ',' ',' ',' ',' ',' ',' ',' ',' ',' ',' ',' ',' ',' ',' ',' ',' ',' ',' ',' ',' ',' ',' ',' ',' ',' ',' ',' ',' ',' ',' ',' ',' ',' ',' ',' ',' ',' ',' ',' ',' ',' ',' ',' ',' ',' ',' ',' ',' ',' ',' ',' ',' ',' ',' ',' ',' ',' ',' ',' ',' ',' ',' ',' ',' ',' ',' ',' ',' ',' ',' ',' ',' ',' '}
",/home/quasar/Documents/FocusTNT/results_InputGeneration/FSE/loop/Incorrect_Initialization_1_T/input_generator_artifacts/generated_programs/Incorrect_Initialization_1_T_TestCase20.c,COMPLETED,T,true,,"You generate concrete values for nondeterministic inputs in a C/C++ program.
Your goal is to produce ONE complete assignment set that is likely to make the program terminate.

Important rules:
1. Return a value for EVERY listed nondeterministic input ID.
2. Use each ID exactly once.
3. Respect the declared C/C++ type.
4. For an array, return the value as an array containing exactly the required number of elements.
5. For char arrays, each element must be exactly one character. Return the character itself without C single quotes.
6. Prefer small-magnitude values unless larger values are necessary to achieve the requested execution behavior.

Nondeterministic inputs:
- id: main:buf:1, type: char, array: true, size: 100, required elements: 100

Previously generated assignment sets are listed below. Generate a materially different set and do not duplicate any of them.
Previous 1: main:buf:1={'a','a','a','a','a','a','a','a','a','a','a','a','a','a','a','a','a','a','a','a','a','a','a','a','a','a','a','a','a','a','a','a','a','a','a','a','a','a','a','a','a','a','a','a','a','a','a','a','a','a','a','a','a','a','a','a','a','a','a','a','a','a','a','a','a','a','a','a','a','a','a','a','a','a','a','a','a','a','a','a','a','a','a','a','a','a','a','a','a','a','a','a','a','a','a','a','a','a','a','a'}; 
Previous 2: main:buf:1={'h','h','h','h','h','h','h','h','h','h','h','h','h','h','h','h','h','h','h','h','h','h','h','h','h','e','e','e','e','e','e','e','e','e','e','e','e','e','e','e','e','e','e','e','e','e','e','e','e','e','l','l','l','l','l','l','l','l','l','l','l','l','l','l','l','l','l','l','l','l','l','l','l','l','l','o','o','o','o','o','o','o','o','o','o','o','o','o','o','o','X','X','X','X','X','X','X','X','X','Y'}; 
Previous 3: main:buf:1={'a','b','b','b','b','b','b','b','b','b','b','b','b','b','b','b','b','b','b','b','b','b','b','b','b','b','b','b','b','b','b','b','b','b','b','b','b','b','b','b','b','b','b','b','b','b','b','b','b','b','b','b','b','b','b','b','b','b','b','b','b','b','b','b','b','b','b','b','b','b','b','b','b','b','b','b','b','b','b','b','b','b','b','b','b','b','b','b','b','b','b','b','b','b','b','b','b','b','b','0'}; 
Previous 4: main:buf:1={'x','x','x','x','x','x','x','x','x','x','x','x','x','x','x','x','x','x','x','x','x','x','x','x','x','x','x','x','x','x','x','x','x','x','x','x','x','x','x','x','x','x','x','x','x','x','x','x','x','x','x','x','x','x','x','x','x','x','x','x','x','x','x','x','x','x','x','x','x','x','x','x','x','x','x','x','x','x','x','x','x','x','x','x','x','x','x','x','x','x','x','x','x','x','x','x','x','x','x','x'}; 
Previous 5: main:buf:1={'A','B','C','D','E','F','G','H','I','J','K','L','M','N','O','P','Q','R','S','T','U','V','W','X','Y','Z','a','b','c','d','e','f','g','h','i','j','k','l','m','n','o','p','q','r','s','t','u','v','w','x','y','z','A','B','C','D','E','F','G','H','I','J','K','L','M','N','O','P','Q','R','S','T','U','V','W','X','Y','Z','a','b','c','d','e','f','g','h','i','j','k','l','m','n','o','p','q','r','s','t','u','0'}; 
Previous 6: main:buf:1={'0','0','0','0','0','0','0','0','0','0','0','0','0','0','0','0','0','0','0','0','0','0','0','0','0','0','0','0','0','0','0','0','0','0','0','0','0','0','0','0','0','0','0','0','0','0','0','0','0','0','0','0','0','0','0','0','0','0','0','0','0','0','0','0','0','0','0','0','0','0','0','0','0','0','0','0','0','0','0','0','0','0','0','0','0','0','0','0','0','0','0','0','0','0','0','0','0','0','0','0'}; 
Previous 7: main:buf:1={'X','Y','X','Y','X','Y','X','Y','X','Y','X','Y','X','Y','X','Y','X','Y','X','Y','X','Y','X','Y','X','Y','X','Y','X','Y','X','Y','X','Y','X','Y','X','Y','X','Y','X','Y','X','Y','X','Y','X','Y','X','Y','X','Y','X','Y','X','Y','X','Y','X','Y','X','Y','X','Y','X','Y','X','Y','X','Y','X','Y','X','Y','X','Y','X','Y','X','Y','X','Y','X','Y','X','Y','X','Y','X','Y','X','Y','X','Y','X','Y','X','Y','X','Y'}; 
Previous 8: main:buf:1={'\'','0','\'','\'','1','\'','\'','2','\'','\'','3','\'','\'','4','\'','\'','5','\'','\'','6','\'','\'','7','\'','\'','8','\'','\'','9','\'','\'','0','\'','\'','1','\'','\'','2','\'','\'','3','\'','\'','4','\'','\'','5','\'','\'','6','\'','\'','7','\'','\'','8','\'','\'','9','\'','\'','0','\'','\'','1','\'','\'','2','\'','\'','3','\'','\'','4','\'','\'','5','\'','\'','6','\'','\'','7','\'','\'','8','\'','\'','9','\'','\'','0','\'','\'','1','\'','\'','2','\'','\''}; 
Previous 9: main:buf:1={'0','1','2','3','4','5','6','7','8','9','0','1','2','3','4','5','6','7','8','9','0','1','2','3','4','5','6','7','8','9','0','1','2','3','4','5','6','7','8','9','0','1','2','3','4','5','6','7','8','9','0','1','2','3','4','5','6','7','8','9','0','1','2','3','4','5','6','7','8','9','0','1','2','3','4','5','6','7','8','9','0','1','2','3','4','5','6','7','8','9','0','1','2','3','4','5','6','7','8','9'}; 
Previous 10: main:buf:1={'a','b','a','b','a','b','a','b','a','b','a','b','a','b','a','b','a','b','a','b','a','b','a','b','a','b','a','b','a','b','a','b','a','b','a','b','a','b','a','b','a','b','a','b','a','b','a','b','a','b','a','b','a','b','a','b','a','b','a','b','a','b','a','b','a','b','a','b','a','b','a','b','a','b','a','b','a','b','a','b','a','b','a','b','a','b','a','b','a','b','a','b','a','b','a','b','a','b','a','b'}; 
Previous 11: main:buf:1={'a','a','a','a','a','a','a','a','a','a','a','a','a','a','a','a','a','a','a','a','a','a','a','a','a','a','a','a','a','a','a','a','a','a','a','a','a','a','a','a','a','a','a','a','a','a','a','a','a','a','b','b','b','b','b','b','b','b','b','b','b','b','b','b','b','b','b','b','b','b','b','b','b','b','b','b','b','b','b','b','b','b','b','b','b','b','b','b','b','b','b','b','b','b','b','b','b','b','b','b'}; 
Previous 12: main:buf:1={'\'','a','\'','\'','a','\'','\'','a','\'','\'','a','\'','\'','a','\'','\'','a','\'','\'','a','\'','\'','a','\'','\'','a','\'','\'','a','\'','\'','a','\'','\'','a','\'','\'','a','\'','\'','a','\'','\'','a','\'','\'','a','\'','\'','a','\'','\'','a','\'','\'','a','\'','\'','a','\'','\'','a','\'','\'','a','\'','\'','a','\'','\'','a','\'','\'','a','\'','\'','a','\'','\'','a','\'','\'','a','\'','\'','a','\'','\'','a','\'','\'','a','\'','\'','a','\'','\'','a','\'','\''}; 
Previous 13: main:buf:1={'\'','c','\'','\'','c','\'','\'','c','\'','\'','c','\'','\'','c','\'','\'','c','\'','\'','c','\'','\'','c','\'','\'','c','\'','\'','c','\'','\'','c','\'','\'','c','\'','\'','c','\'','\'','c','\'','\'','c','\'','\'','c','\'','\'','c','\'','\'','c','\'','\'','c','\'','\'','c','\'','\'','c','\'','\'','c','\'','\'','c','\'','\'','c','\'','\'','c','\'','\'','c','\'','\'','c','\'','\'','c','\'','\'','c','\'','\'','c','\'','\'','c','\'','\'','c','\'','\'','c','\'','\''}; 
Previous 14: main:buf:1={'a','b','c','d','e','f','g','h','i','j','k','l','m','n','o','p','q','r','s','t','u','v','w','x','y','z','a','b','c','d','e','f','g','h','i','j','k','l','m','n','o','p','q','r','s','t','u','v','w','x','y','z','a','b','c','d','e','f','g','h','i','j','k','l','m','n','o','p','q','r','s','t','u','v','w','x','y','z','a','b','c','d','e','f','g','h','i','j','k','l','m','n','o','p','q','r','s','t','u','@'}; 
Previous 15: main:buf:1={'\'','\'','\'','\'','\'','\'','\'','\'','\'','\'','\'','\'','\'','\'','\'','\'','\'','\'','\'','\'','\'','\'','\'','\'','\'','\'','\'','\'','\'','\'','\'','\'','\'','\'','\'','\'','\'','\'','\'','\'','\'','\'','\'','\'','\'','\'','\'','\'','\'','\'','\'','\'','\'','\'','\'','\'','\'','\'','\'','\'','\'','\'','\'','\'','\'','\'','\'','\'','\'','\'','\'','\'','\'','\'','\'','\'','\'','\'','\'','\'','\'','\'','\'','\'','\'','\'','\'','\'','\'','\'','\'','\'','\'','\'','\'','\'','\'','\'','\'','\''}; 
Previous 16: main:buf:1={'a','b','c','d','e','f','g','h','i','j','k','l','m','n','o','p','q','r','s','t','u','v','w','x','y','z','A','B','C','D','E','F','G','H','I','J','K','L','M','N','O','P','Q','R','S','T','U','V','W','X','Y','Z','0','1','2','3','4','5','6','7','8','9','!','@','#','$','%','^','&','*','(',')','_','-','=','+','[',']','{','}','|',';',';',':','\'',',','.','<','>','/','?','`','~','a','b','c','d','e','f','g'}; 
Previous 17: main:buf:1={'A','B','C','D','E','F','G','H','I','J','K','L','M','N','O','P','Q','R','S','T','U','V','W','X','Y','Z','a','b','c','d','e','f','g','h','i','j','k','l','m','n','o','p','q','r','s','t','u','v','w','x','y','z','!','$','#','%','&','(',')','*','+',',','-','.','/',';','<','=','?','@','[','^','_','`','|','}','7','#','[','a','b','c','d','e','f','g','!','$','#','%','&',')','(','/','+','+','+','-','^','/'}; 
Previous 18: main:buf:1={'a','b','c','d','e','f','g','h','i','j','a','b','c','d','e','f','g','h','i','j','a','b','c','d','e','f','g','h','i','j','a','b','c','d','e','f','g','h','i','j','a','b','c','d','e','f','g','h','i','j','0','1','2','3','4','5','6','7','8','9','0','1','2','3','4','5','6','7','8','9','0','1','2','3','4','5','6','7','8','9','0','1','2','3','4','5','6','7','8','9','0','1','2','3','4','5','6','7','8','9'}; 
Previous 19: main:buf:1={'H','e','l','l','o','W','o','r','l','d','0','1','0','2','0','3','0','4','!','!','!','A','B','C','D','E','F','G','H','I','J','K','L','M','N','O','P','Q','R','S','T','U','V','W','X','Y','Z','a','b','c','d','e','f','g','h','i','j','k','l','m','n','o','p','q','r','s','t','u','v','w','x','y','z','0','1','2','3','4','5','6','7','8','9','!','@','#','$','%','^','&','*','(','0','-','_','=','+','[',']','Z'}; 

Program:
extern char __VERIFIER_nondet_char(void);
/*
Commit Number: cea58cb6d8fe0d27bfcbab57776bd36d5c724ec3
URL: https://github.com/GNOME/evolution-data-server/commit/cea58cb6d8fe0d27bfcbab57776bd36d5c724ec3
Project Name: evolution-data-server
License: GPL2
termination: TRUE

*/
int strcspn(const char *strSrc, const char *str)
{
    const char *s;
    const char *t = strSrc;
    while (*t != '\0')
    {
        s = str;
        while (*s != '\0')
        {
            if (*t == *s )
            return t-strSrc;
            ++s;
        }
        ++t;
    }
    return 0;
}
int main()
{
    char buf[100];
    for( int i = 0 ; i < 99 ; i++ )
        buf[i] = __VERIFIER_nondet_char();
    buf[99] = '\0';
    char *p = buf;
    while( *p )
    {
        int len = strcspn( p , ""\n"");
        p += len;
        if( *p )
            p++;
    }
    return 0;

}

"
