Candidate,Target,Assignments,ProgramPath,ExecutionResult,Label,Accepted,Error,Prompt
1,T,"main:array:1={'a','a','a','a','a','a','a','a','a','a','a','a','a','a','a','a','a','a','a','a','a','a','a','a','a','a','a','a','a','a','a','a','a','a','a','a','a','a','a','a','a','a','a','a','a','a','a','a','a','a','a','a','a','a','a','a','a','a','a','a','a','a','a','a','a','a','a','a','a','a','a','a','a','a','a','a','a','a','a','a','a','a','a','a','a','a','a','a','a','a','a','a','a','a','a','a','a','a','a','a','a'}
",/home/quasar/Documents/FocusTNT/results_InputGeneration/FSE/loop/Incorrect_Control_Statement_1_NT/input_generator_artifacts/generated_programs/Incorrect_Control_Statement_1_NT_TestCase1.c,COMPLETED,T,true,,"You generate concrete values for nondeterministic inputs in a C/C++ program.
Your goal is to produce ONE complete assignment set that is likely to make the program terminate.

Important rules:
1. Return a value for EVERY listed nondeterministic input ID.
2. Use each ID exactly once.
3. Respect the declared C/C++ type.
4. For an array, return the value as an array containing exactly the required number of elements.
5. For char arrays, each element must be exactly one character. Return the character itself without C single quotes.
6. Prefer small-magnitude values unless larger values are necessary to achieve the requested execution behavior.

Nondeterministic inputs:
- id: main:array:1, type: char, array: true, size: 101, required elements: 101

Program:
extern char __VERIFIER_nondet_char(void);
/*
Commit Number: e6801c90311679fc0854af73da95fe58079c59f4
URL: https://github.com/FreeRADIUS/freeradius-server/commit/e6801c90311679fc0854af73da95fe58079c59f4
Project Name: freeradius-serve
License: GPL2
termination: false


*/
int main()
{
    int stop = 0;
    char array[101];
    for( int i = 0 ; i < 100 ; i++ )
        array[i] =  __VERIFIER_nondet_char();
    array[100] = 0;
    char* p = array;
    while( (*p) && (!stop) )
    {
        switch(*p){
        case '}':
            stop = 1;
            break;

        case ':':
            if( *(p+1) && (*(p+1) == '-')){
                p += 2;
                stop = 1;
            }
            break;
        default:
            p++;
        }
    }
    return 0;
}

"
2,T,"main:array:1={'}','b','b','b','b','b','b','b','b','b','b','b','b','b','b','b','b','b','b','b','b','b','b','b','b','b','b','b','b','b','b','b','b','b','b','b','b','b','b','b','b','b','b','b','b','b','b','b','b','b','b','b','b','b','b','b','b','b','b','b','b','b','b','b','b','b','b','b','b','b','b','b','b','b','b','b','b','b','b','b','b','b','b','b','b','b','b','b','b','b','b','b','b','b','b','b','b','b','b','b','b'}
",/home/quasar/Documents/FocusTNT/results_InputGeneration/FSE/loop/Incorrect_Control_Statement_1_NT/input_generator_artifacts/generated_programs/Incorrect_Control_Statement_1_NT_TestCase2.c,COMPLETED,T,true,,"You generate concrete values for nondeterministic inputs in a C/C++ program.
Your goal is to produce ONE complete assignment set that is likely to make the program terminate.

Important rules:
1. Return a value for EVERY listed nondeterministic input ID.
2. Use each ID exactly once.
3. Respect the declared C/C++ type.
4. For an array, return the value as an array containing exactly the required number of elements.
5. For char arrays, each element must be exactly one character. Return the character itself without C single quotes.
6. Prefer small-magnitude values unless larger values are necessary to achieve the requested execution behavior.

Nondeterministic inputs:
- id: main:array:1, type: char, array: true, size: 101, required elements: 101

Previously generated assignment sets are listed below. Generate a materially different set and do not duplicate any of them.
Previous 1: main:array:1={'a','a','a','a','a','a','a','a','a','a','a','a','a','a','a','a','a','a','a','a','a','a','a','a','a','a','a','a','a','a','a','a','a','a','a','a','a','a','a','a','a','a','a','a','a','a','a','a','a','a','a','a','a','a','a','a','a','a','a','a','a','a','a','a','a','a','a','a','a','a','a','a','a','a','a','a','a','a','a','a','a','a','a','a','a','a','a','a','a','a','a','a','a','a','a','a','a','a','a','a','a'}; 

Program:
extern char __VERIFIER_nondet_char(void);
/*
Commit Number: e6801c90311679fc0854af73da95fe58079c59f4
URL: https://github.com/FreeRADIUS/freeradius-server/commit/e6801c90311679fc0854af73da95fe58079c59f4
Project Name: freeradius-serve
License: GPL2
termination: false


*/
int main()
{
    int stop = 0;
    char array[101];
    for( int i = 0 ; i < 100 ; i++ )
        array[i] =  __VERIFIER_nondet_char();
    array[100] = 0;
    char* p = array;
    while( (*p) && (!stop) )
    {
        switch(*p){
        case '}':
            stop = 1;
            break;

        case ':':
            if( *(p+1) && (*(p+1) == '-')){
                p += 2;
                stop = 1;
            }
            break;
        default:
            p++;
        }
    }
    return 0;
}

"
3,T,"main:array:1={'}','a','a','a','a','a','a','a','a','a','a','a','a','a','a','a','a','a','a','a','a','a','a','a','a','a','a','a','a','a','a','a','a','a','a','a','a','a','a','a','a','a','a','a','a','a','a','a','a','a','a','a','a','a','a','a','a','a','a','a','a','a','a','a','a','a','a','a','a','a','a','a','a','a','a','a','a','a','a','a','a','a','a','a','a','a','a','a','a','a','a','a','a','a','a','a','a','a','a','a','a'}
",/home/quasar/Documents/FocusTNT/results_InputGeneration/FSE/loop/Incorrect_Control_Statement_1_NT/input_generator_artifacts/generated_programs/Incorrect_Control_Statement_1_NT_TestCase3.c,COMPLETED,T,true,,"You generate concrete values for nondeterministic inputs in a C/C++ program.
Your goal is to produce ONE complete assignment set that is likely to make the program terminate.

Important rules:
1. Return a value for EVERY listed nondeterministic input ID.
2. Use each ID exactly once.
3. Respect the declared C/C++ type.
4. For an array, return the value as an array containing exactly the required number of elements.
5. For char arrays, each element must be exactly one character. Return the character itself without C single quotes.
6. Prefer small-magnitude values unless larger values are necessary to achieve the requested execution behavior.

Nondeterministic inputs:
- id: main:array:1, type: char, array: true, size: 101, required elements: 101

Previously generated assignment sets are listed below. Generate a materially different set and do not duplicate any of them.
Previous 1: main:array:1={'a','a','a','a','a','a','a','a','a','a','a','a','a','a','a','a','a','a','a','a','a','a','a','a','a','a','a','a','a','a','a','a','a','a','a','a','a','a','a','a','a','a','a','a','a','a','a','a','a','a','a','a','a','a','a','a','a','a','a','a','a','a','a','a','a','a','a','a','a','a','a','a','a','a','a','a','a','a','a','a','a','a','a','a','a','a','a','a','a','a','a','a','a','a','a','a','a','a','a','a','a'}; 
Previous 2: main:array:1={'}','b','b','b','b','b','b','b','b','b','b','b','b','b','b','b','b','b','b','b','b','b','b','b','b','b','b','b','b','b','b','b','b','b','b','b','b','b','b','b','b','b','b','b','b','b','b','b','b','b','b','b','b','b','b','b','b','b','b','b','b','b','b','b','b','b','b','b','b','b','b','b','b','b','b','b','b','b','b','b','b','b','b','b','b','b','b','b','b','b','b','b','b','b','b','b','b','b','b','b','b'}; 

Program:
extern char __VERIFIER_nondet_char(void);
/*
Commit Number: e6801c90311679fc0854af73da95fe58079c59f4
URL: https://github.com/FreeRADIUS/freeradius-server/commit/e6801c90311679fc0854af73da95fe58079c59f4
Project Name: freeradius-serve
License: GPL2
termination: false


*/
int main()
{
    int stop = 0;
    char array[101];
    for( int i = 0 ; i < 100 ; i++ )
        array[i] =  __VERIFIER_nondet_char();
    array[100] = 0;
    char* p = array;
    while( (*p) && (!stop) )
    {
        switch(*p){
        case '}':
            stop = 1;
            break;

        case ':':
            if( *(p+1) && (*(p+1) == '-')){
                p += 2;
                stop = 1;
            }
            break;
        default:
            p++;
        }
    }
    return 0;
}

"
4,T,"main:array:1={'b','b','b','b','b','b','b','b','b','b','b','b','b','b','b','b','b','b','b','b','b','b','b','b','b','b','b','b','b','b','b','b','b','b','b','b','b','b','b','b','b','b','b','b','b','b','b','b','b','b','}','c','c','c','c','c','c','c','c','c','c','c','c','c','c','c','c','c','c','c','c','c','c','c','c','c','c','c','c','c','c','c','c','c','c','c','c','c','c','c','x','x','x','x','x','x','x','x','x','x','x'}
",/home/quasar/Documents/FocusTNT/results_InputGeneration/FSE/loop/Incorrect_Control_Statement_1_NT/input_generator_artifacts/generated_programs/Incorrect_Control_Statement_1_NT_TestCase4.c,COMPLETED,T,true,,"You generate concrete values for nondeterministic inputs in a C/C++ program.
Your goal is to produce ONE complete assignment set that is likely to make the program terminate.

Important rules:
1. Return a value for EVERY listed nondeterministic input ID.
2. Use each ID exactly once.
3. Respect the declared C/C++ type.
4. For an array, return the value as an array containing exactly the required number of elements.
5. For char arrays, each element must be exactly one character. Return the character itself without C single quotes.
6. Prefer small-magnitude values unless larger values are necessary to achieve the requested execution behavior.

Nondeterministic inputs:
- id: main:array:1, type: char, array: true, size: 101, required elements: 101

Previously generated assignment sets are listed below. Generate a materially different set and do not duplicate any of them.
Previous 1: main:array:1={'a','a','a','a','a','a','a','a','a','a','a','a','a','a','a','a','a','a','a','a','a','a','a','a','a','a','a','a','a','a','a','a','a','a','a','a','a','a','a','a','a','a','a','a','a','a','a','a','a','a','a','a','a','a','a','a','a','a','a','a','a','a','a','a','a','a','a','a','a','a','a','a','a','a','a','a','a','a','a','a','a','a','a','a','a','a','a','a','a','a','a','a','a','a','a','a','a','a','a','a','a'}; 
Previous 2: main:array:1={'}','b','b','b','b','b','b','b','b','b','b','b','b','b','b','b','b','b','b','b','b','b','b','b','b','b','b','b','b','b','b','b','b','b','b','b','b','b','b','b','b','b','b','b','b','b','b','b','b','b','b','b','b','b','b','b','b','b','b','b','b','b','b','b','b','b','b','b','b','b','b','b','b','b','b','b','b','b','b','b','b','b','b','b','b','b','b','b','b','b','b','b','b','b','b','b','b','b','b','b','b'}; 
Previous 3: main:array:1={'}','a','a','a','a','a','a','a','a','a','a','a','a','a','a','a','a','a','a','a','a','a','a','a','a','a','a','a','a','a','a','a','a','a','a','a','a','a','a','a','a','a','a','a','a','a','a','a','a','a','a','a','a','a','a','a','a','a','a','a','a','a','a','a','a','a','a','a','a','a','a','a','a','a','a','a','a','a','a','a','a','a','a','a','a','a','a','a','a','a','a','a','a','a','a','a','a','a','a','a','a'}; 

Program:
extern char __VERIFIER_nondet_char(void);
/*
Commit Number: e6801c90311679fc0854af73da95fe58079c59f4
URL: https://github.com/FreeRADIUS/freeradius-server/commit/e6801c90311679fc0854af73da95fe58079c59f4
Project Name: freeradius-serve
License: GPL2
termination: false


*/
int main()
{
    int stop = 0;
    char array[101];
    for( int i = 0 ; i < 100 ; i++ )
        array[i] =  __VERIFIER_nondet_char();
    array[100] = 0;
    char* p = array;
    while( (*p) && (!stop) )
    {
        switch(*p){
        case '}':
            stop = 1;
            break;

        case ':':
            if( *(p+1) && (*(p+1) == '-')){
                p += 2;
                stop = 1;
            }
            break;
        default:
            p++;
        }
    }
    return 0;
}

"
5,T,"main:array:1={'\'','}','\'','\'','c','\'','\'','c','\'','\'','c','\'','\'','c','\'','\'','c','\'','\'','c','\'','\'','c','\'','\'','c','\'','\'','c','\'','\'','c','\'','\'','c','\'','\'','c','\'','\'','c','\'','\'','c','\'','\'','c','\'','\'','c','\'','\'','c','\'','\'','c','\'','\'','c','\'','\'','c','\'','\'','c','\'','\'','c','\'','\'','c','\'','\'','c','\'','\'','c','\'','\'','c','\'','\'','c','\'','\'','c','\'','\'','c','\'','\'','c','\'','\'','c','\'','\'','c','\'','\'','c'}
",/home/quasar/Documents/FocusTNT/results_InputGeneration/FSE/loop/Incorrect_Control_Statement_1_NT/input_generator_artifacts/generated_programs/Incorrect_Control_Statement_1_NT_TestCase5.c,COMPLETED,T,true,,"You generate concrete values for nondeterministic inputs in a C/C++ program.
Your goal is to produce ONE complete assignment set that is likely to make the program terminate.

Important rules:
1. Return a value for EVERY listed nondeterministic input ID.
2. Use each ID exactly once.
3. Respect the declared C/C++ type.
4. For an array, return the value as an array containing exactly the required number of elements.
5. For char arrays, each element must be exactly one character. Return the character itself without C single quotes.
6. Prefer small-magnitude values unless larger values are necessary to achieve the requested execution behavior.

Nondeterministic inputs:
- id: main:array:1, type: char, array: true, size: 101, required elements: 101

Previously generated assignment sets are listed below. Generate a materially different set and do not duplicate any of them.
Previous 1: main:array:1={'a','a','a','a','a','a','a','a','a','a','a','a','a','a','a','a','a','a','a','a','a','a','a','a','a','a','a','a','a','a','a','a','a','a','a','a','a','a','a','a','a','a','a','a','a','a','a','a','a','a','a','a','a','a','a','a','a','a','a','a','a','a','a','a','a','a','a','a','a','a','a','a','a','a','a','a','a','a','a','a','a','a','a','a','a','a','a','a','a','a','a','a','a','a','a','a','a','a','a','a','a'}; 
Previous 2: main:array:1={'}','b','b','b','b','b','b','b','b','b','b','b','b','b','b','b','b','b','b','b','b','b','b','b','b','b','b','b','b','b','b','b','b','b','b','b','b','b','b','b','b','b','b','b','b','b','b','b','b','b','b','b','b','b','b','b','b','b','b','b','b','b','b','b','b','b','b','b','b','b','b','b','b','b','b','b','b','b','b','b','b','b','b','b','b','b','b','b','b','b','b','b','b','b','b','b','b','b','b','b','b'}; 
Previous 3: main:array:1={'}','a','a','a','a','a','a','a','a','a','a','a','a','a','a','a','a','a','a','a','a','a','a','a','a','a','a','a','a','a','a','a','a','a','a','a','a','a','a','a','a','a','a','a','a','a','a','a','a','a','a','a','a','a','a','a','a','a','a','a','a','a','a','a','a','a','a','a','a','a','a','a','a','a','a','a','a','a','a','a','a','a','a','a','a','a','a','a','a','a','a','a','a','a','a','a','a','a','a','a','a'}; 
Previous 4: main:array:1={'b','b','b','b','b','b','b','b','b','b','b','b','b','b','b','b','b','b','b','b','b','b','b','b','b','b','b','b','b','b','b','b','b','b','b','b','b','b','b','b','b','b','b','b','b','b','b','b','b','b','}','c','c','c','c','c','c','c','c','c','c','c','c','c','c','c','c','c','c','c','c','c','c','c','c','c','c','c','c','c','c','c','c','c','c','c','c','c','c','c','x','x','x','x','x','x','x','x','x','x','x'}; 

Program:
extern char __VERIFIER_nondet_char(void);
/*
Commit Number: e6801c90311679fc0854af73da95fe58079c59f4
URL: https://github.com/FreeRADIUS/freeradius-server/commit/e6801c90311679fc0854af73da95fe58079c59f4
Project Name: freeradius-serve
License: GPL2
termination: false


*/
int main()
{
    int stop = 0;
    char array[101];
    for( int i = 0 ; i < 100 ; i++ )
        array[i] =  __VERIFIER_nondet_char();
    array[100] = 0;
    char* p = array;
    while( (*p) && (!stop) )
    {
        switch(*p){
        case '}':
            stop = 1;
            break;

        case ':':
            if( *(p+1) && (*(p+1) == '-')){
                p += 2;
                stop = 1;
            }
            break;
        default:
            p++;
        }
    }
    return 0;
}

"
6,T,"main:array:1={'\'','\'','\'','\'','\'','\'','\'','\'','\'','\'','\'','\'','\'','\'','\'','\'','\'','\'','\'','\'','\'','\'','\'','\'','\'','\'','\'','\'','\'','\'','\'','\'','\'','\'','\'','\'','\'','\'','\'','\'','\'','\'','\'','\'','\'','\'','\'','\'','\'','\'','\'','\'','\'','\'','\'','\'','\'','\'','\'','\'','\'','\'','\'','\'','\'','\'','\'','\'','\'','\'','\'','\'','\'','\'','\'','\'','\'','\'','\'','\'','\'','\'','\'','\'','\'','\'','\'','\'','\'','\'','\'','\'','\'','\'','\'','\'','\'','\'','\'','\'','\''}
",/home/quasar/Documents/FocusTNT/results_InputGeneration/FSE/loop/Incorrect_Control_Statement_1_NT/input_generator_artifacts/generated_programs/Incorrect_Control_Statement_1_NT_TestCase6.c,COMPLETED,T,true,,"You generate concrete values for nondeterministic inputs in a C/C++ program.
Your goal is to produce ONE complete assignment set that is likely to make the program terminate.

Important rules:
1. Return a value for EVERY listed nondeterministic input ID.
2. Use each ID exactly once.
3. Respect the declared C/C++ type.
4. For an array, return the value as an array containing exactly the required number of elements.
5. For char arrays, each element must be exactly one character. Return the character itself without C single quotes.
6. Prefer small-magnitude values unless larger values are necessary to achieve the requested execution behavior.

Nondeterministic inputs:
- id: main:array:1, type: char, array: true, size: 101, required elements: 101

Previously generated assignment sets are listed below. Generate a materially different set and do not duplicate any of them.
Previous 1: main:array:1={'a','a','a','a','a','a','a','a','a','a','a','a','a','a','a','a','a','a','a','a','a','a','a','a','a','a','a','a','a','a','a','a','a','a','a','a','a','a','a','a','a','a','a','a','a','a','a','a','a','a','a','a','a','a','a','a','a','a','a','a','a','a','a','a','a','a','a','a','a','a','a','a','a','a','a','a','a','a','a','a','a','a','a','a','a','a','a','a','a','a','a','a','a','a','a','a','a','a','a','a','a'}; 
Previous 2: main:array:1={'}','b','b','b','b','b','b','b','b','b','b','b','b','b','b','b','b','b','b','b','b','b','b','b','b','b','b','b','b','b','b','b','b','b','b','b','b','b','b','b','b','b','b','b','b','b','b','b','b','b','b','b','b','b','b','b','b','b','b','b','b','b','b','b','b','b','b','b','b','b','b','b','b','b','b','b','b','b','b','b','b','b','b','b','b','b','b','b','b','b','b','b','b','b','b','b','b','b','b','b','b'}; 
Previous 3: main:array:1={'}','a','a','a','a','a','a','a','a','a','a','a','a','a','a','a','a','a','a','a','a','a','a','a','a','a','a','a','a','a','a','a','a','a','a','a','a','a','a','a','a','a','a','a','a','a','a','a','a','a','a','a','a','a','a','a','a','a','a','a','a','a','a','a','a','a','a','a','a','a','a','a','a','a','a','a','a','a','a','a','a','a','a','a','a','a','a','a','a','a','a','a','a','a','a','a','a','a','a','a','a'}; 
Previous 4: main:array:1={'b','b','b','b','b','b','b','b','b','b','b','b','b','b','b','b','b','b','b','b','b','b','b','b','b','b','b','b','b','b','b','b','b','b','b','b','b','b','b','b','b','b','b','b','b','b','b','b','b','b','}','c','c','c','c','c','c','c','c','c','c','c','c','c','c','c','c','c','c','c','c','c','c','c','c','c','c','c','c','c','c','c','c','c','c','c','c','c','c','c','x','x','x','x','x','x','x','x','x','x','x'}; 
Previous 5: main:array:1={'\'','}','\'','\'','c','\'','\'','c','\'','\'','c','\'','\'','c','\'','\'','c','\'','\'','c','\'','\'','c','\'','\'','c','\'','\'','c','\'','\'','c','\'','\'','c','\'','\'','c','\'','\'','c','\'','\'','c','\'','\'','c','\'','\'','c','\'','\'','c','\'','\'','c','\'','\'','c','\'','\'','c','\'','\'','c','\'','\'','c','\'','\'','c','\'','\'','c','\'','\'','c','\'','\'','c','\'','\'','c','\'','\'','c','\'','\'','c','\'','\'','c','\'','\'','c','\'','\'','c','\'','\'','c'}; 

Program:
extern char __VERIFIER_nondet_char(void);
/*
Commit Number: e6801c90311679fc0854af73da95fe58079c59f4
URL: https://github.com/FreeRADIUS/freeradius-server/commit/e6801c90311679fc0854af73da95fe58079c59f4
Project Name: freeradius-serve
License: GPL2
termination: false


*/
int main()
{
    int stop = 0;
    char array[101];
    for( int i = 0 ; i < 100 ; i++ )
        array[i] =  __VERIFIER_nondet_char();
    array[100] = 0;
    char* p = array;
    while( (*p) && (!stop) )
    {
        switch(*p){
        case '}':
            stop = 1;
            break;

        case ':':
            if( *(p+1) && (*(p+1) == '-')){
                p += 2;
                stop = 1;
            }
            break;
        default:
            p++;
        }
    }
    return 0;
}

"
7,T,"main:array:1={'A','B','C','D','E','F','G','H','I','J','K','L','M','N','O','P','Q','R','S','T','U','V','W','X','Y','Z','a','b','c','d','e','f','g','h','i','j','k','l','m','n','o','p','q','r','s','t','u','v','w','x','y','z','0','1','2','3','4','5','6','7','8','9','!','?','.',',','-','_','/','/','|','@','#','$','%','^','&','*','(',')','{','[',']','`','~','>','<',':',';','`','\'',' ','!','?','.',',','%','+','=','/','/'}
",,TIMEOUT,LIKELY_NT,false,,"You generate concrete values for nondeterministic inputs in a C/C++ program.
Your goal is to produce ONE complete assignment set that is likely to make the program terminate.

Important rules:
1. Return a value for EVERY listed nondeterministic input ID.
2. Use each ID exactly once.
3. Respect the declared C/C++ type.
4. For an array, return the value as an array containing exactly the required number of elements.
5. For char arrays, each element must be exactly one character. Return the character itself without C single quotes.
6. Prefer small-magnitude values unless larger values are necessary to achieve the requested execution behavior.

Nondeterministic inputs:
- id: main:array:1, type: char, array: true, size: 101, required elements: 101

Previously generated assignment sets are listed below. Generate a materially different set and do not duplicate any of them.
Previous 1: main:array:1={'a','a','a','a','a','a','a','a','a','a','a','a','a','a','a','a','a','a','a','a','a','a','a','a','a','a','a','a','a','a','a','a','a','a','a','a','a','a','a','a','a','a','a','a','a','a','a','a','a','a','a','a','a','a','a','a','a','a','a','a','a','a','a','a','a','a','a','a','a','a','a','a','a','a','a','a','a','a','a','a','a','a','a','a','a','a','a','a','a','a','a','a','a','a','a','a','a','a','a','a','a'}; 
Previous 2: main:array:1={'}','b','b','b','b','b','b','b','b','b','b','b','b','b','b','b','b','b','b','b','b','b','b','b','b','b','b','b','b','b','b','b','b','b','b','b','b','b','b','b','b','b','b','b','b','b','b','b','b','b','b','b','b','b','b','b','b','b','b','b','b','b','b','b','b','b','b','b','b','b','b','b','b','b','b','b','b','b','b','b','b','b','b','b','b','b','b','b','b','b','b','b','b','b','b','b','b','b','b','b','b'}; 
Previous 3: main:array:1={'}','a','a','a','a','a','a','a','a','a','a','a','a','a','a','a','a','a','a','a','a','a','a','a','a','a','a','a','a','a','a','a','a','a','a','a','a','a','a','a','a','a','a','a','a','a','a','a','a','a','a','a','a','a','a','a','a','a','a','a','a','a','a','a','a','a','a','a','a','a','a','a','a','a','a','a','a','a','a','a','a','a','a','a','a','a','a','a','a','a','a','a','a','a','a','a','a','a','a','a','a'}; 
Previous 4: main:array:1={'b','b','b','b','b','b','b','b','b','b','b','b','b','b','b','b','b','b','b','b','b','b','b','b','b','b','b','b','b','b','b','b','b','b','b','b','b','b','b','b','b','b','b','b','b','b','b','b','b','b','}','c','c','c','c','c','c','c','c','c','c','c','c','c','c','c','c','c','c','c','c','c','c','c','c','c','c','c','c','c','c','c','c','c','c','c','c','c','c','c','x','x','x','x','x','x','x','x','x','x','x'}; 
Previous 5: main:array:1={'\'','}','\'','\'','c','\'','\'','c','\'','\'','c','\'','\'','c','\'','\'','c','\'','\'','c','\'','\'','c','\'','\'','c','\'','\'','c','\'','\'','c','\'','\'','c','\'','\'','c','\'','\'','c','\'','\'','c','\'','\'','c','\'','\'','c','\'','\'','c','\'','\'','c','\'','\'','c','\'','\'','c','\'','\'','c','\'','\'','c','\'','\'','c','\'','\'','c','\'','\'','c','\'','\'','c','\'','\'','c','\'','\'','c','\'','\'','c','\'','\'','c','\'','\'','c','\'','\'','c','\'','\'','c'}; 
Previous 6: main:array:1={'\'','\'','\'','\'','\'','\'','\'','\'','\'','\'','\'','\'','\'','\'','\'','\'','\'','\'','\'','\'','\'','\'','\'','\'','\'','\'','\'','\'','\'','\'','\'','\'','\'','\'','\'','\'','\'','\'','\'','\'','\'','\'','\'','\'','\'','\'','\'','\'','\'','\'','\'','\'','\'','\'','\'','\'','\'','\'','\'','\'','\'','\'','\'','\'','\'','\'','\'','\'','\'','\'','\'','\'','\'','\'','\'','\'','\'','\'','\'','\'','\'','\'','\'','\'','\'','\'','\'','\'','\'','\'','\'','\'','\'','\'','\'','\'','\'','\'','\'','\'','\''}; 

Program:
extern char __VERIFIER_nondet_char(void);
/*
Commit Number: e6801c90311679fc0854af73da95fe58079c59f4
URL: https://github.com/FreeRADIUS/freeradius-server/commit/e6801c90311679fc0854af73da95fe58079c59f4
Project Name: freeradius-serve
License: GPL2
termination: false


*/
int main()
{
    int stop = 0;
    char array[101];
    for( int i = 0 ; i < 100 ; i++ )
        array[i] =  __VERIFIER_nondet_char();
    array[100] = 0;
    char* p = array;
    while( (*p) && (!stop) )
    {
        switch(*p){
        case '}':
            stop = 1;
            break;

        case ':':
            if( *(p+1) && (*(p+1) == '-')){
                p += 2;
                stop = 1;
            }
            break;
        default:
            p++;
        }
    }
    return 0;
}

"
8,T,"main:array:1={'0','0','0','0','0','0','0','0','0','0','0','0','0','0','0','0','0','0','0','0','0','0','0','0','0','0','0','0','0','0','0','0','0','0','0','0','0','0','0','0','0','0','0','0','0','0','0','0','0','0','0','0','0','0','0','0','0','0','0','0','0','0','0','0','0','0','0','0','0','0','0','0','0','0','0','0','0','0','0','0','0','0','0','0','0','0','0','0','0','0','0','0','0','0','0','0','0','0','0','0','0'}
",/home/quasar/Documents/FocusTNT/results_InputGeneration/FSE/loop/Incorrect_Control_Statement_1_NT/input_generator_artifacts/generated_programs/Incorrect_Control_Statement_1_NT_TestCase7.c,COMPLETED,T,true,,"You generate concrete values for nondeterministic inputs in a C/C++ program.
Your goal is to produce ONE complete assignment set that is likely to make the program terminate.

Important rules:
1. Return a value for EVERY listed nondeterministic input ID.
2. Use each ID exactly once.
3. Respect the declared C/C++ type.
4. For an array, return the value as an array containing exactly the required number of elements.
5. For char arrays, each element must be exactly one character. Return the character itself without C single quotes.
6. Prefer small-magnitude values unless larger values are necessary to achieve the requested execution behavior.

Nondeterministic inputs:
- id: main:array:1, type: char, array: true, size: 101, required elements: 101

Previously generated assignment sets are listed below. Generate a materially different set and do not duplicate any of them.
Previous 1: main:array:1={'a','a','a','a','a','a','a','a','a','a','a','a','a','a','a','a','a','a','a','a','a','a','a','a','a','a','a','a','a','a','a','a','a','a','a','a','a','a','a','a','a','a','a','a','a','a','a','a','a','a','a','a','a','a','a','a','a','a','a','a','a','a','a','a','a','a','a','a','a','a','a','a','a','a','a','a','a','a','a','a','a','a','a','a','a','a','a','a','a','a','a','a','a','a','a','a','a','a','a','a','a'}; 
Previous 2: main:array:1={'}','b','b','b','b','b','b','b','b','b','b','b','b','b','b','b','b','b','b','b','b','b','b','b','b','b','b','b','b','b','b','b','b','b','b','b','b','b','b','b','b','b','b','b','b','b','b','b','b','b','b','b','b','b','b','b','b','b','b','b','b','b','b','b','b','b','b','b','b','b','b','b','b','b','b','b','b','b','b','b','b','b','b','b','b','b','b','b','b','b','b','b','b','b','b','b','b','b','b','b','b'}; 
Previous 3: main:array:1={'}','a','a','a','a','a','a','a','a','a','a','a','a','a','a','a','a','a','a','a','a','a','a','a','a','a','a','a','a','a','a','a','a','a','a','a','a','a','a','a','a','a','a','a','a','a','a','a','a','a','a','a','a','a','a','a','a','a','a','a','a','a','a','a','a','a','a','a','a','a','a','a','a','a','a','a','a','a','a','a','a','a','a','a','a','a','a','a','a','a','a','a','a','a','a','a','a','a','a','a','a'}; 
Previous 4: main:array:1={'b','b','b','b','b','b','b','b','b','b','b','b','b','b','b','b','b','b','b','b','b','b','b','b','b','b','b','b','b','b','b','b','b','b','b','b','b','b','b','b','b','b','b','b','b','b','b','b','b','b','}','c','c','c','c','c','c','c','c','c','c','c','c','c','c','c','c','c','c','c','c','c','c','c','c','c','c','c','c','c','c','c','c','c','c','c','c','c','c','c','x','x','x','x','x','x','x','x','x','x','x'}; 
Previous 5: main:array:1={'\'','}','\'','\'','c','\'','\'','c','\'','\'','c','\'','\'','c','\'','\'','c','\'','\'','c','\'','\'','c','\'','\'','c','\'','\'','c','\'','\'','c','\'','\'','c','\'','\'','c','\'','\'','c','\'','\'','c','\'','\'','c','\'','\'','c','\'','\'','c','\'','\'','c','\'','\'','c','\'','\'','c','\'','\'','c','\'','\'','c','\'','\'','c','\'','\'','c','\'','\'','c','\'','\'','c','\'','\'','c','\'','\'','c','\'','\'','c','\'','\'','c','\'','\'','c','\'','\'','c','\'','\'','c'}; 
Previous 6: main:array:1={'\'','\'','\'','\'','\'','\'','\'','\'','\'','\'','\'','\'','\'','\'','\'','\'','\'','\'','\'','\'','\'','\'','\'','\'','\'','\'','\'','\'','\'','\'','\'','\'','\'','\'','\'','\'','\'','\'','\'','\'','\'','\'','\'','\'','\'','\'','\'','\'','\'','\'','\'','\'','\'','\'','\'','\'','\'','\'','\'','\'','\'','\'','\'','\'','\'','\'','\'','\'','\'','\'','\'','\'','\'','\'','\'','\'','\'','\'','\'','\'','\'','\'','\'','\'','\'','\'','\'','\'','\'','\'','\'','\'','\'','\'','\'','\'','\'','\'','\'','\'','\''}; 
Previous 7: main:array:1={'A','B','C','D','E','F','G','H','I','J','K','L','M','N','O','P','Q','R','S','T','U','V','W','X','Y','Z','a','b','c','d','e','f','g','h','i','j','k','l','m','n','o','p','q','r','s','t','u','v','w','x','y','z','0','1','2','3','4','5','6','7','8','9','!','?','.',',','-','_','/','/','|','@','#','$','%','^','&','*','(',')','{','[',']','`','~','>','<',':',';','`','\'',' ','!','?','.',',','%','+','=','/','/'}; 

Program:
extern char __VERIFIER_nondet_char(void);
/*
Commit Number: e6801c90311679fc0854af73da95fe58079c59f4
URL: https://github.com/FreeRADIUS/freeradius-server/commit/e6801c90311679fc0854af73da95fe58079c59f4
Project Name: freeradius-serve
License: GPL2
termination: false


*/
int main()
{
    int stop = 0;
    char array[101];
    for( int i = 0 ; i < 100 ; i++ )
        array[i] =  __VERIFIER_nondet_char();
    array[100] = 0;
    char* p = array;
    while( (*p) && (!stop) )
    {
        switch(*p){
        case '}':
            stop = 1;
            break;

        case ':':
            if( *(p+1) && (*(p+1) == '-')){
                p += 2;
                stop = 1;
            }
            break;
        default:
            p++;
        }
    }
    return 0;
}

"
9,T,"main:array:1={'a','a','a','a','a','a','a','a','a','a','a','a','a','a','a','a','a','a','a','a','a','a','a','a','a','a','a','a','a','a','a','a','a','a','a','a','a','a','a','a','a','a','a','a','a','a','a','a','a','a','a','a','a','a','a','a','a','a','a','a','a','a','a','a','a','a','a','a','a','a','a','a','a','a','a','a','a','a','a','a','a','a','a','a','a','a','a','a','a','a','a','a','a','a','a','a','a','a','a','a','a'}
",,DUPLICATE,,false,,"You generate concrete values for nondeterministic inputs in a C/C++ program.
Your goal is to produce ONE complete assignment set that is likely to make the program terminate.

Important rules:
1. Return a value for EVERY listed nondeterministic input ID.
2. Use each ID exactly once.
3. Respect the declared C/C++ type.
4. For an array, return the value as an array containing exactly the required number of elements.
5. For char arrays, each element must be exactly one character. Return the character itself without C single quotes.
6. Prefer small-magnitude values unless larger values are necessary to achieve the requested execution behavior.

Nondeterministic inputs:
- id: main:array:1, type: char, array: true, size: 101, required elements: 101

Previously generated assignment sets are listed below. Generate a materially different set and do not duplicate any of them.
Previous 1: main:array:1={'a','a','a','a','a','a','a','a','a','a','a','a','a','a','a','a','a','a','a','a','a','a','a','a','a','a','a','a','a','a','a','a','a','a','a','a','a','a','a','a','a','a','a','a','a','a','a','a','a','a','a','a','a','a','a','a','a','a','a','a','a','a','a','a','a','a','a','a','a','a','a','a','a','a','a','a','a','a','a','a','a','a','a','a','a','a','a','a','a','a','a','a','a','a','a','a','a','a','a','a','a'}; 
Previous 2: main:array:1={'}','b','b','b','b','b','b','b','b','b','b','b','b','b','b','b','b','b','b','b','b','b','b','b','b','b','b','b','b','b','b','b','b','b','b','b','b','b','b','b','b','b','b','b','b','b','b','b','b','b','b','b','b','b','b','b','b','b','b','b','b','b','b','b','b','b','b','b','b','b','b','b','b','b','b','b','b','b','b','b','b','b','b','b','b','b','b','b','b','b','b','b','b','b','b','b','b','b','b','b','b'}; 
Previous 3: main:array:1={'}','a','a','a','a','a','a','a','a','a','a','a','a','a','a','a','a','a','a','a','a','a','a','a','a','a','a','a','a','a','a','a','a','a','a','a','a','a','a','a','a','a','a','a','a','a','a','a','a','a','a','a','a','a','a','a','a','a','a','a','a','a','a','a','a','a','a','a','a','a','a','a','a','a','a','a','a','a','a','a','a','a','a','a','a','a','a','a','a','a','a','a','a','a','a','a','a','a','a','a','a'}; 
Previous 4: main:array:1={'b','b','b','b','b','b','b','b','b','b','b','b','b','b','b','b','b','b','b','b','b','b','b','b','b','b','b','b','b','b','b','b','b','b','b','b','b','b','b','b','b','b','b','b','b','b','b','b','b','b','}','c','c','c','c','c','c','c','c','c','c','c','c','c','c','c','c','c','c','c','c','c','c','c','c','c','c','c','c','c','c','c','c','c','c','c','c','c','c','c','x','x','x','x','x','x','x','x','x','x','x'}; 
Previous 5: main:array:1={'\'','}','\'','\'','c','\'','\'','c','\'','\'','c','\'','\'','c','\'','\'','c','\'','\'','c','\'','\'','c','\'','\'','c','\'','\'','c','\'','\'','c','\'','\'','c','\'','\'','c','\'','\'','c','\'','\'','c','\'','\'','c','\'','\'','c','\'','\'','c','\'','\'','c','\'','\'','c','\'','\'','c','\'','\'','c','\'','\'','c','\'','\'','c','\'','\'','c','\'','\'','c','\'','\'','c','\'','\'','c','\'','\'','c','\'','\'','c','\'','\'','c','\'','\'','c','\'','\'','c','\'','\'','c'}; 
Previous 6: main:array:1={'\'','\'','\'','\'','\'','\'','\'','\'','\'','\'','\'','\'','\'','\'','\'','\'','\'','\'','\'','\'','\'','\'','\'','\'','\'','\'','\'','\'','\'','\'','\'','\'','\'','\'','\'','\'','\'','\'','\'','\'','\'','\'','\'','\'','\'','\'','\'','\'','\'','\'','\'','\'','\'','\'','\'','\'','\'','\'','\'','\'','\'','\'','\'','\'','\'','\'','\'','\'','\'','\'','\'','\'','\'','\'','\'','\'','\'','\'','\'','\'','\'','\'','\'','\'','\'','\'','\'','\'','\'','\'','\'','\'','\'','\'','\'','\'','\'','\'','\'','\'','\''}; 
Previous 7: main:array:1={'A','B','C','D','E','F','G','H','I','J','K','L','M','N','O','P','Q','R','S','T','U','V','W','X','Y','Z','a','b','c','d','e','f','g','h','i','j','k','l','m','n','o','p','q','r','s','t','u','v','w','x','y','z','0','1','2','3','4','5','6','7','8','9','!','?','.',',','-','_','/','/','|','@','#','$','%','^','&','*','(',')','{','[',']','`','~','>','<',':',';','`','\'',' ','!','?','.',',','%','+','=','/','/'}; 
Previous 8: main:array:1={'0','0','0','0','0','0','0','0','0','0','0','0','0','0','0','0','0','0','0','0','0','0','0','0','0','0','0','0','0','0','0','0','0','0','0','0','0','0','0','0','0','0','0','0','0','0','0','0','0','0','0','0','0','0','0','0','0','0','0','0','0','0','0','0','0','0','0','0','0','0','0','0','0','0','0','0','0','0','0','0','0','0','0','0','0','0','0','0','0','0','0','0','0','0','0','0','0','0','0','0','0'}; 

Program:
extern char __VERIFIER_nondet_char(void);
/*
Commit Number: e6801c90311679fc0854af73da95fe58079c59f4
URL: https://github.com/FreeRADIUS/freeradius-server/commit/e6801c90311679fc0854af73da95fe58079c59f4
Project Name: freeradius-serve
License: GPL2
termination: false


*/
int main()
{
    int stop = 0;
    char array[101];
    for( int i = 0 ; i < 100 ; i++ )
        array[i] =  __VERIFIER_nondet_char();
    array[100] = 0;
    char* p = array;
    while( (*p) && (!stop) )
    {
        switch(*p){
        case '}':
            stop = 1;
            break;

        case ':':
            if( *(p+1) && (*(p+1) == '-')){
                p += 2;
                stop = 1;
            }
            break;
        default:
            p++;
        }
    }
    return 0;
}

"
10,T,"main:array:1={'a','b','a','b','a','b','a','b','a','b','a','b','a','b','a','b','a','b','a','b','a','b','a','b','a','b','a','b','a','b','a','b','a','b','a','b','a','b','a','b','a','b','a','b','a','b','a','b','a','b','a','b','a','b','a','b','a','b','a','b','a','b','a','b','a','b','a','b','a','b','a','b','a','b','a','b','a','b','a','b','a','b','a','b','a','b','a','b','a','b','a','b','a','b','a','b','a','b','a','b','a'}
",/home/quasar/Documents/FocusTNT/results_InputGeneration/FSE/loop/Incorrect_Control_Statement_1_NT/input_generator_artifacts/generated_programs/Incorrect_Control_Statement_1_NT_TestCase8.c,COMPLETED,T,true,,"You generate concrete values for nondeterministic inputs in a C/C++ program.
Your goal is to produce ONE complete assignment set that is likely to make the program terminate.

Important rules:
1. Return a value for EVERY listed nondeterministic input ID.
2. Use each ID exactly once.
3. Respect the declared C/C++ type.
4. For an array, return the value as an array containing exactly the required number of elements.
5. For char arrays, each element must be exactly one character. Return the character itself without C single quotes.
6. Prefer small-magnitude values unless larger values are necessary to achieve the requested execution behavior.

Nondeterministic inputs:
- id: main:array:1, type: char, array: true, size: 101, required elements: 101

Previously generated assignment sets are listed below. Generate a materially different set and do not duplicate any of them.
Previous 1: main:array:1={'a','a','a','a','a','a','a','a','a','a','a','a','a','a','a','a','a','a','a','a','a','a','a','a','a','a','a','a','a','a','a','a','a','a','a','a','a','a','a','a','a','a','a','a','a','a','a','a','a','a','a','a','a','a','a','a','a','a','a','a','a','a','a','a','a','a','a','a','a','a','a','a','a','a','a','a','a','a','a','a','a','a','a','a','a','a','a','a','a','a','a','a','a','a','a','a','a','a','a','a','a'}; 
Previous 2: main:array:1={'}','b','b','b','b','b','b','b','b','b','b','b','b','b','b','b','b','b','b','b','b','b','b','b','b','b','b','b','b','b','b','b','b','b','b','b','b','b','b','b','b','b','b','b','b','b','b','b','b','b','b','b','b','b','b','b','b','b','b','b','b','b','b','b','b','b','b','b','b','b','b','b','b','b','b','b','b','b','b','b','b','b','b','b','b','b','b','b','b','b','b','b','b','b','b','b','b','b','b','b','b'}; 
Previous 3: main:array:1={'}','a','a','a','a','a','a','a','a','a','a','a','a','a','a','a','a','a','a','a','a','a','a','a','a','a','a','a','a','a','a','a','a','a','a','a','a','a','a','a','a','a','a','a','a','a','a','a','a','a','a','a','a','a','a','a','a','a','a','a','a','a','a','a','a','a','a','a','a','a','a','a','a','a','a','a','a','a','a','a','a','a','a','a','a','a','a','a','a','a','a','a','a','a','a','a','a','a','a','a','a'}; 
Previous 4: main:array:1={'b','b','b','b','b','b','b','b','b','b','b','b','b','b','b','b','b','b','b','b','b','b','b','b','b','b','b','b','b','b','b','b','b','b','b','b','b','b','b','b','b','b','b','b','b','b','b','b','b','b','}','c','c','c','c','c','c','c','c','c','c','c','c','c','c','c','c','c','c','c','c','c','c','c','c','c','c','c','c','c','c','c','c','c','c','c','c','c','c','c','x','x','x','x','x','x','x','x','x','x','x'}; 
Previous 5: main:array:1={'\'','}','\'','\'','c','\'','\'','c','\'','\'','c','\'','\'','c','\'','\'','c','\'','\'','c','\'','\'','c','\'','\'','c','\'','\'','c','\'','\'','c','\'','\'','c','\'','\'','c','\'','\'','c','\'','\'','c','\'','\'','c','\'','\'','c','\'','\'','c','\'','\'','c','\'','\'','c','\'','\'','c','\'','\'','c','\'','\'','c','\'','\'','c','\'','\'','c','\'','\'','c','\'','\'','c','\'','\'','c','\'','\'','c','\'','\'','c','\'','\'','c','\'','\'','c','\'','\'','c','\'','\'','c'}; 
Previous 6: main:array:1={'\'','\'','\'','\'','\'','\'','\'','\'','\'','\'','\'','\'','\'','\'','\'','\'','\'','\'','\'','\'','\'','\'','\'','\'','\'','\'','\'','\'','\'','\'','\'','\'','\'','\'','\'','\'','\'','\'','\'','\'','\'','\'','\'','\'','\'','\'','\'','\'','\'','\'','\'','\'','\'','\'','\'','\'','\'','\'','\'','\'','\'','\'','\'','\'','\'','\'','\'','\'','\'','\'','\'','\'','\'','\'','\'','\'','\'','\'','\'','\'','\'','\'','\'','\'','\'','\'','\'','\'','\'','\'','\'','\'','\'','\'','\'','\'','\'','\'','\'','\'','\''}; 
Previous 7: main:array:1={'A','B','C','D','E','F','G','H','I','J','K','L','M','N','O','P','Q','R','S','T','U','V','W','X','Y','Z','a','b','c','d','e','f','g','h','i','j','k','l','m','n','o','p','q','r','s','t','u','v','w','x','y','z','0','1','2','3','4','5','6','7','8','9','!','?','.',',','-','_','/','/','|','@','#','$','%','^','&','*','(',')','{','[',']','`','~','>','<',':',';','`','\'',' ','!','?','.',',','%','+','=','/','/'}; 
Previous 8: main:array:1={'0','0','0','0','0','0','0','0','0','0','0','0','0','0','0','0','0','0','0','0','0','0','0','0','0','0','0','0','0','0','0','0','0','0','0','0','0','0','0','0','0','0','0','0','0','0','0','0','0','0','0','0','0','0','0','0','0','0','0','0','0','0','0','0','0','0','0','0','0','0','0','0','0','0','0','0','0','0','0','0','0','0','0','0','0','0','0','0','0','0','0','0','0','0','0','0','0','0','0','0','0'}; 

Program:
extern char __VERIFIER_nondet_char(void);
/*
Commit Number: e6801c90311679fc0854af73da95fe58079c59f4
URL: https://github.com/FreeRADIUS/freeradius-server/commit/e6801c90311679fc0854af73da95fe58079c59f4
Project Name: freeradius-serve
License: GPL2
termination: false


*/
int main()
{
    int stop = 0;
    char array[101];
    for( int i = 0 ; i < 100 ; i++ )
        array[i] =  __VERIFIER_nondet_char();
    array[100] = 0;
    char* p = array;
    while( (*p) && (!stop) )
    {
        switch(*p){
        case '}':
            stop = 1;
            break;

        case ':':
            if( *(p+1) && (*(p+1) == '-')){
                p += 2;
                stop = 1;
            }
            break;
        default:
            p++;
        }
    }
    return 0;
}

"
11,T,"main:array:1={'\'','A','\'','B','\'','C','\'','D','\'','E','\'','F','\'','G','\'','H','\'','I','\'','J','\'','K','\'','L','\'','M','\'','N','\'','O','\'','P','\'','Q','\'','R','\'','S','\'','T','\'','U','\'','V','\'','W','\'','X','\'','Y','\'','Z','\'','a','\'','b','\'','c','\'','d','\'','e','\'','f','\'','g','\'','h','\'','i','\'','j','\'','k','\'','l','\'','m','\'','n','\'','o','\'','p','\'','q','\'','r','\'','s','\'','t','\'','u','\'','v','\'','w','\'','x','\''}
",/home/quasar/Documents/FocusTNT/results_InputGeneration/FSE/loop/Incorrect_Control_Statement_1_NT/input_generator_artifacts/generated_programs/Incorrect_Control_Statement_1_NT_TestCase9.c,COMPLETED,T,true,,"You generate concrete values for nondeterministic inputs in a C/C++ program.
Your goal is to produce ONE complete assignment set that is likely to make the program terminate.

Important rules:
1. Return a value for EVERY listed nondeterministic input ID.
2. Use each ID exactly once.
3. Respect the declared C/C++ type.
4. For an array, return the value as an array containing exactly the required number of elements.
5. For char arrays, each element must be exactly one character. Return the character itself without C single quotes.
6. Prefer small-magnitude values unless larger values are necessary to achieve the requested execution behavior.

Nondeterministic inputs:
- id: main:array:1, type: char, array: true, size: 101, required elements: 101

Previously generated assignment sets are listed below. Generate a materially different set and do not duplicate any of them.
Previous 1: main:array:1={'a','a','a','a','a','a','a','a','a','a','a','a','a','a','a','a','a','a','a','a','a','a','a','a','a','a','a','a','a','a','a','a','a','a','a','a','a','a','a','a','a','a','a','a','a','a','a','a','a','a','a','a','a','a','a','a','a','a','a','a','a','a','a','a','a','a','a','a','a','a','a','a','a','a','a','a','a','a','a','a','a','a','a','a','a','a','a','a','a','a','a','a','a','a','a','a','a','a','a','a','a'}; 
Previous 2: main:array:1={'}','b','b','b','b','b','b','b','b','b','b','b','b','b','b','b','b','b','b','b','b','b','b','b','b','b','b','b','b','b','b','b','b','b','b','b','b','b','b','b','b','b','b','b','b','b','b','b','b','b','b','b','b','b','b','b','b','b','b','b','b','b','b','b','b','b','b','b','b','b','b','b','b','b','b','b','b','b','b','b','b','b','b','b','b','b','b','b','b','b','b','b','b','b','b','b','b','b','b','b','b'}; 
Previous 3: main:array:1={'}','a','a','a','a','a','a','a','a','a','a','a','a','a','a','a','a','a','a','a','a','a','a','a','a','a','a','a','a','a','a','a','a','a','a','a','a','a','a','a','a','a','a','a','a','a','a','a','a','a','a','a','a','a','a','a','a','a','a','a','a','a','a','a','a','a','a','a','a','a','a','a','a','a','a','a','a','a','a','a','a','a','a','a','a','a','a','a','a','a','a','a','a','a','a','a','a','a','a','a','a'}; 
Previous 4: main:array:1={'b','b','b','b','b','b','b','b','b','b','b','b','b','b','b','b','b','b','b','b','b','b','b','b','b','b','b','b','b','b','b','b','b','b','b','b','b','b','b','b','b','b','b','b','b','b','b','b','b','b','}','c','c','c','c','c','c','c','c','c','c','c','c','c','c','c','c','c','c','c','c','c','c','c','c','c','c','c','c','c','c','c','c','c','c','c','c','c','c','c','x','x','x','x','x','x','x','x','x','x','x'}; 
Previous 5: main:array:1={'\'','}','\'','\'','c','\'','\'','c','\'','\'','c','\'','\'','c','\'','\'','c','\'','\'','c','\'','\'','c','\'','\'','c','\'','\'','c','\'','\'','c','\'','\'','c','\'','\'','c','\'','\'','c','\'','\'','c','\'','\'','c','\'','\'','c','\'','\'','c','\'','\'','c','\'','\'','c','\'','\'','c','\'','\'','c','\'','\'','c','\'','\'','c','\'','\'','c','\'','\'','c','\'','\'','c','\'','\'','c','\'','\'','c','\'','\'','c','\'','\'','c','\'','\'','c','\'','\'','c','\'','\'','c'}; 
Previous 6: main:array:1={'\'','\'','\'','\'','\'','\'','\'','\'','\'','\'','\'','\'','\'','\'','\'','\'','\'','\'','\'','\'','\'','\'','\'','\'','\'','\'','\'','\'','\'','\'','\'','\'','\'','\'','\'','\'','\'','\'','\'','\'','\'','\'','\'','\'','\'','\'','\'','\'','\'','\'','\'','\'','\'','\'','\'','\'','\'','\'','\'','\'','\'','\'','\'','\'','\'','\'','\'','\'','\'','\'','\'','\'','\'','\'','\'','\'','\'','\'','\'','\'','\'','\'','\'','\'','\'','\'','\'','\'','\'','\'','\'','\'','\'','\'','\'','\'','\'','\'','\'','\'','\''}; 
Previous 7: main:array:1={'A','B','C','D','E','F','G','H','I','J','K','L','M','N','O','P','Q','R','S','T','U','V','W','X','Y','Z','a','b','c','d','e','f','g','h','i','j','k','l','m','n','o','p','q','r','s','t','u','v','w','x','y','z','0','1','2','3','4','5','6','7','8','9','!','?','.',',','-','_','/','/','|','@','#','$','%','^','&','*','(',')','{','[',']','`','~','>','<',':',';','`','\'',' ','!','?','.',',','%','+','=','/','/'}; 
Previous 8: main:array:1={'0','0','0','0','0','0','0','0','0','0','0','0','0','0','0','0','0','0','0','0','0','0','0','0','0','0','0','0','0','0','0','0','0','0','0','0','0','0','0','0','0','0','0','0','0','0','0','0','0','0','0','0','0','0','0','0','0','0','0','0','0','0','0','0','0','0','0','0','0','0','0','0','0','0','0','0','0','0','0','0','0','0','0','0','0','0','0','0','0','0','0','0','0','0','0','0','0','0','0','0','0'}; 
Previous 9: main:array:1={'a','b','a','b','a','b','a','b','a','b','a','b','a','b','a','b','a','b','a','b','a','b','a','b','a','b','a','b','a','b','a','b','a','b','a','b','a','b','a','b','a','b','a','b','a','b','a','b','a','b','a','b','a','b','a','b','a','b','a','b','a','b','a','b','a','b','a','b','a','b','a','b','a','b','a','b','a','b','a','b','a','b','a','b','a','b','a','b','a','b','a','b','a','b','a','b','a','b','a','b','a'}; 

Program:
extern char __VERIFIER_nondet_char(void);
/*
Commit Number: e6801c90311679fc0854af73da95fe58079c59f4
URL: https://github.com/FreeRADIUS/freeradius-server/commit/e6801c90311679fc0854af73da95fe58079c59f4
Project Name: freeradius-serve
License: GPL2
termination: false


*/
int main()
{
    int stop = 0;
    char array[101];
    for( int i = 0 ; i < 100 ; i++ )
        array[i] =  __VERIFIER_nondet_char();
    array[100] = 0;
    char* p = array;
    while( (*p) && (!stop) )
    {
        switch(*p){
        case '}':
            stop = 1;
            break;

        case ':':
            if( *(p+1) && (*(p+1) == '-')){
                p += 2;
                stop = 1;
            }
            break;
        default:
            p++;
        }
    }
    return 0;
}

"
12,T,"main:array:1={':','-','a','a','a','a','a','a','a','a','a','a','a','a','a','a','a','a','a','a','a','a','a','a','a','a','a','a','a','a','a','a','a','a','a','a','a','a','a','a','a','a','a','a','a','a','a','a','a','a','a','a','a','a','a','a','a','a','a','a','a','a','a','a','a','a','a','a','a','a','a','a','a','a','a','a','a','a','a','a','a','a','a','a','a','a','a','a','a','a','a','a','a','a','a','a','a','a','a','a','a'}
",/home/quasar/Documents/FocusTNT/results_InputGeneration/FSE/loop/Incorrect_Control_Statement_1_NT/input_generator_artifacts/generated_programs/Incorrect_Control_Statement_1_NT_TestCase10.c,COMPLETED,T,true,,"You generate concrete values for nondeterministic inputs in a C/C++ program.
Your goal is to produce ONE complete assignment set that is likely to make the program terminate.

Important rules:
1. Return a value for EVERY listed nondeterministic input ID.
2. Use each ID exactly once.
3. Respect the declared C/C++ type.
4. For an array, return the value as an array containing exactly the required number of elements.
5. For char arrays, each element must be exactly one character. Return the character itself without C single quotes.
6. Prefer small-magnitude values unless larger values are necessary to achieve the requested execution behavior.

Nondeterministic inputs:
- id: main:array:1, type: char, array: true, size: 101, required elements: 101

Previously generated assignment sets are listed below. Generate a materially different set and do not duplicate any of them.
Previous 1: main:array:1={'a','a','a','a','a','a','a','a','a','a','a','a','a','a','a','a','a','a','a','a','a','a','a','a','a','a','a','a','a','a','a','a','a','a','a','a','a','a','a','a','a','a','a','a','a','a','a','a','a','a','a','a','a','a','a','a','a','a','a','a','a','a','a','a','a','a','a','a','a','a','a','a','a','a','a','a','a','a','a','a','a','a','a','a','a','a','a','a','a','a','a','a','a','a','a','a','a','a','a','a','a'}; 
Previous 2: main:array:1={'}','b','b','b','b','b','b','b','b','b','b','b','b','b','b','b','b','b','b','b','b','b','b','b','b','b','b','b','b','b','b','b','b','b','b','b','b','b','b','b','b','b','b','b','b','b','b','b','b','b','b','b','b','b','b','b','b','b','b','b','b','b','b','b','b','b','b','b','b','b','b','b','b','b','b','b','b','b','b','b','b','b','b','b','b','b','b','b','b','b','b','b','b','b','b','b','b','b','b','b','b'}; 
Previous 3: main:array:1={'}','a','a','a','a','a','a','a','a','a','a','a','a','a','a','a','a','a','a','a','a','a','a','a','a','a','a','a','a','a','a','a','a','a','a','a','a','a','a','a','a','a','a','a','a','a','a','a','a','a','a','a','a','a','a','a','a','a','a','a','a','a','a','a','a','a','a','a','a','a','a','a','a','a','a','a','a','a','a','a','a','a','a','a','a','a','a','a','a','a','a','a','a','a','a','a','a','a','a','a','a'}; 
Previous 4: main:array:1={'b','b','b','b','b','b','b','b','b','b','b','b','b','b','b','b','b','b','b','b','b','b','b','b','b','b','b','b','b','b','b','b','b','b','b','b','b','b','b','b','b','b','b','b','b','b','b','b','b','b','}','c','c','c','c','c','c','c','c','c','c','c','c','c','c','c','c','c','c','c','c','c','c','c','c','c','c','c','c','c','c','c','c','c','c','c','c','c','c','c','x','x','x','x','x','x','x','x','x','x','x'}; 
Previous 5: main:array:1={'\'','}','\'','\'','c','\'','\'','c','\'','\'','c','\'','\'','c','\'','\'','c','\'','\'','c','\'','\'','c','\'','\'','c','\'','\'','c','\'','\'','c','\'','\'','c','\'','\'','c','\'','\'','c','\'','\'','c','\'','\'','c','\'','\'','c','\'','\'','c','\'','\'','c','\'','\'','c','\'','\'','c','\'','\'','c','\'','\'','c','\'','\'','c','\'','\'','c','\'','\'','c','\'','\'','c','\'','\'','c','\'','\'','c','\'','\'','c','\'','\'','c','\'','\'','c','\'','\'','c','\'','\'','c'}; 
Previous 6: main:array:1={'\'','\'','\'','\'','\'','\'','\'','\'','\'','\'','\'','\'','\'','\'','\'','\'','\'','\'','\'','\'','\'','\'','\'','\'','\'','\'','\'','\'','\'','\'','\'','\'','\'','\'','\'','\'','\'','\'','\'','\'','\'','\'','\'','\'','\'','\'','\'','\'','\'','\'','\'','\'','\'','\'','\'','\'','\'','\'','\'','\'','\'','\'','\'','\'','\'','\'','\'','\'','\'','\'','\'','\'','\'','\'','\'','\'','\'','\'','\'','\'','\'','\'','\'','\'','\'','\'','\'','\'','\'','\'','\'','\'','\'','\'','\'','\'','\'','\'','\'','\'','\''}; 
Previous 7: main:array:1={'A','B','C','D','E','F','G','H','I','J','K','L','M','N','O','P','Q','R','S','T','U','V','W','X','Y','Z','a','b','c','d','e','f','g','h','i','j','k','l','m','n','o','p','q','r','s','t','u','v','w','x','y','z','0','1','2','3','4','5','6','7','8','9','!','?','.',',','-','_','/','/','|','@','#','$','%','^','&','*','(',')','{','[',']','`','~','>','<',':',';','`','\'',' ','!','?','.',',','%','+','=','/','/'}; 
Previous 8: main:array:1={'0','0','0','0','0','0','0','0','0','0','0','0','0','0','0','0','0','0','0','0','0','0','0','0','0','0','0','0','0','0','0','0','0','0','0','0','0','0','0','0','0','0','0','0','0','0','0','0','0','0','0','0','0','0','0','0','0','0','0','0','0','0','0','0','0','0','0','0','0','0','0','0','0','0','0','0','0','0','0','0','0','0','0','0','0','0','0','0','0','0','0','0','0','0','0','0','0','0','0','0','0'}; 
Previous 9: main:array:1={'a','b','a','b','a','b','a','b','a','b','a','b','a','b','a','b','a','b','a','b','a','b','a','b','a','b','a','b','a','b','a','b','a','b','a','b','a','b','a','b','a','b','a','b','a','b','a','b','a','b','a','b','a','b','a','b','a','b','a','b','a','b','a','b','a','b','a','b','a','b','a','b','a','b','a','b','a','b','a','b','a','b','a','b','a','b','a','b','a','b','a','b','a','b','a','b','a','b','a','b','a'}; 
Previous 10: main:array:1={'\'','A','\'','B','\'','C','\'','D','\'','E','\'','F','\'','G','\'','H','\'','I','\'','J','\'','K','\'','L','\'','M','\'','N','\'','O','\'','P','\'','Q','\'','R','\'','S','\'','T','\'','U','\'','V','\'','W','\'','X','\'','Y','\'','Z','\'','a','\'','b','\'','c','\'','d','\'','e','\'','f','\'','g','\'','h','\'','i','\'','j','\'','k','\'','l','\'','m','\'','n','\'','o','\'','p','\'','q','\'','r','\'','s','\'','t','\'','u','\'','v','\'','w','\'','x','\''}; 

Program:
extern char __VERIFIER_nondet_char(void);
/*
Commit Number: e6801c90311679fc0854af73da95fe58079c59f4
URL: https://github.com/FreeRADIUS/freeradius-server/commit/e6801c90311679fc0854af73da95fe58079c59f4
Project Name: freeradius-serve
License: GPL2
termination: false


*/
int main()
{
    int stop = 0;
    char array[101];
    for( int i = 0 ; i < 100 ; i++ )
        array[i] =  __VERIFIER_nondet_char();
    array[100] = 0;
    char* p = array;
    while( (*p) && (!stop) )
    {
        switch(*p){
        case '}':
            stop = 1;
            break;

        case ':':
            if( *(p+1) && (*(p+1) == '-')){
                p += 2;
                stop = 1;
            }
            break;
        default:
            p++;
        }
    }
    return 0;
}

"
13,NT,"main:array:1={'x','x','x','x','x','x','x','x','x','x','x','x','x','x','x','x','x','x','x','x','x','x','x','x','x','x','x','x','x','x','x','x','x','x','x','x','x','x','x','x','x','x','x','x','x','x','x','x','x','x','x','x','x','x','x','x','x','x','x','x','x','x','x','x','x','x','x','x','x','x','x','x','x','x','x','x','x','x','x','x','x','x','x','x','x','x','x','x','x','x','x','x','x','x','x','x','x','x','x','x','x'}
",,COMPLETED,T,false,,"You generate concrete values for nondeterministic inputs in a C/C++ program.
Your goal is to produce ONE complete assignment set that is likely to make the program not terminate.

Important rules:
1. Return a value for EVERY listed nondeterministic input ID.
2. Use each ID exactly once.
3. Respect the declared C/C++ type.
4. For an array, return the value as an array containing exactly the required number of elements.
5. For char arrays, each element must be exactly one character. Return the character itself without C single quotes.
6. Prefer small-magnitude values unless larger values are necessary to achieve the requested execution behavior.

Nondeterministic inputs:
- id: main:array:1, type: char, array: true, size: 101, required elements: 101

Previously generated assignment sets are listed below. Generate a materially different set and do not duplicate any of them.
Previous 1: main:array:1={'a','a','a','a','a','a','a','a','a','a','a','a','a','a','a','a','a','a','a','a','a','a','a','a','a','a','a','a','a','a','a','a','a','a','a','a','a','a','a','a','a','a','a','a','a','a','a','a','a','a','a','a','a','a','a','a','a','a','a','a','a','a','a','a','a','a','a','a','a','a','a','a','a','a','a','a','a','a','a','a','a','a','a','a','a','a','a','a','a','a','a','a','a','a','a','a','a','a','a','a','a'}; 
Previous 2: main:array:1={'}','b','b','b','b','b','b','b','b','b','b','b','b','b','b','b','b','b','b','b','b','b','b','b','b','b','b','b','b','b','b','b','b','b','b','b','b','b','b','b','b','b','b','b','b','b','b','b','b','b','b','b','b','b','b','b','b','b','b','b','b','b','b','b','b','b','b','b','b','b','b','b','b','b','b','b','b','b','b','b','b','b','b','b','b','b','b','b','b','b','b','b','b','b','b','b','b','b','b','b','b'}; 
Previous 3: main:array:1={'}','a','a','a','a','a','a','a','a','a','a','a','a','a','a','a','a','a','a','a','a','a','a','a','a','a','a','a','a','a','a','a','a','a','a','a','a','a','a','a','a','a','a','a','a','a','a','a','a','a','a','a','a','a','a','a','a','a','a','a','a','a','a','a','a','a','a','a','a','a','a','a','a','a','a','a','a','a','a','a','a','a','a','a','a','a','a','a','a','a','a','a','a','a','a','a','a','a','a','a','a'}; 
Previous 4: main:array:1={'b','b','b','b','b','b','b','b','b','b','b','b','b','b','b','b','b','b','b','b','b','b','b','b','b','b','b','b','b','b','b','b','b','b','b','b','b','b','b','b','b','b','b','b','b','b','b','b','b','b','}','c','c','c','c','c','c','c','c','c','c','c','c','c','c','c','c','c','c','c','c','c','c','c','c','c','c','c','c','c','c','c','c','c','c','c','c','c','c','c','x','x','x','x','x','x','x','x','x','x','x'}; 
Previous 5: main:array:1={'\'','}','\'','\'','c','\'','\'','c','\'','\'','c','\'','\'','c','\'','\'','c','\'','\'','c','\'','\'','c','\'','\'','c','\'','\'','c','\'','\'','c','\'','\'','c','\'','\'','c','\'','\'','c','\'','\'','c','\'','\'','c','\'','\'','c','\'','\'','c','\'','\'','c','\'','\'','c','\'','\'','c','\'','\'','c','\'','\'','c','\'','\'','c','\'','\'','c','\'','\'','c','\'','\'','c','\'','\'','c','\'','\'','c','\'','\'','c','\'','\'','c','\'','\'','c','\'','\'','c','\'','\'','c'}; 
Previous 6: main:array:1={'\'','\'','\'','\'','\'','\'','\'','\'','\'','\'','\'','\'','\'','\'','\'','\'','\'','\'','\'','\'','\'','\'','\'','\'','\'','\'','\'','\'','\'','\'','\'','\'','\'','\'','\'','\'','\'','\'','\'','\'','\'','\'','\'','\'','\'','\'','\'','\'','\'','\'','\'','\'','\'','\'','\'','\'','\'','\'','\'','\'','\'','\'','\'','\'','\'','\'','\'','\'','\'','\'','\'','\'','\'','\'','\'','\'','\'','\'','\'','\'','\'','\'','\'','\'','\'','\'','\'','\'','\'','\'','\'','\'','\'','\'','\'','\'','\'','\'','\'','\'','\''}; 
Previous 7: main:array:1={'A','B','C','D','E','F','G','H','I','J','K','L','M','N','O','P','Q','R','S','T','U','V','W','X','Y','Z','a','b','c','d','e','f','g','h','i','j','k','l','m','n','o','p','q','r','s','t','u','v','w','x','y','z','0','1','2','3','4','5','6','7','8','9','!','?','.',',','-','_','/','/','|','@','#','$','%','^','&','*','(',')','{','[',']','`','~','>','<',':',';','`','\'',' ','!','?','.',',','%','+','=','/','/'}; 
Previous 8: main:array:1={'0','0','0','0','0','0','0','0','0','0','0','0','0','0','0','0','0','0','0','0','0','0','0','0','0','0','0','0','0','0','0','0','0','0','0','0','0','0','0','0','0','0','0','0','0','0','0','0','0','0','0','0','0','0','0','0','0','0','0','0','0','0','0','0','0','0','0','0','0','0','0','0','0','0','0','0','0','0','0','0','0','0','0','0','0','0','0','0','0','0','0','0','0','0','0','0','0','0','0','0','0'}; 
Previous 9: main:array:1={'a','b','a','b','a','b','a','b','a','b','a','b','a','b','a','b','a','b','a','b','a','b','a','b','a','b','a','b','a','b','a','b','a','b','a','b','a','b','a','b','a','b','a','b','a','b','a','b','a','b','a','b','a','b','a','b','a','b','a','b','a','b','a','b','a','b','a','b','a','b','a','b','a','b','a','b','a','b','a','b','a','b','a','b','a','b','a','b','a','b','a','b','a','b','a','b','a','b','a','b','a'}; 
Previous 10: main:array:1={'\'','A','\'','B','\'','C','\'','D','\'','E','\'','F','\'','G','\'','H','\'','I','\'','J','\'','K','\'','L','\'','M','\'','N','\'','O','\'','P','\'','Q','\'','R','\'','S','\'','T','\'','U','\'','V','\'','W','\'','X','\'','Y','\'','Z','\'','a','\'','b','\'','c','\'','d','\'','e','\'','f','\'','g','\'','h','\'','i','\'','j','\'','k','\'','l','\'','m','\'','n','\'','o','\'','p','\'','q','\'','r','\'','s','\'','t','\'','u','\'','v','\'','w','\'','x','\''}; 
Previous 11: main:array:1={':','-','a','a','a','a','a','a','a','a','a','a','a','a','a','a','a','a','a','a','a','a','a','a','a','a','a','a','a','a','a','a','a','a','a','a','a','a','a','a','a','a','a','a','a','a','a','a','a','a','a','a','a','a','a','a','a','a','a','a','a','a','a','a','a','a','a','a','a','a','a','a','a','a','a','a','a','a','a','a','a','a','a','a','a','a','a','a','a','a','a','a','a','a','a','a','a','a','a','a','a'}; 

Program:
extern char __VERIFIER_nondet_char(void);
/*
Commit Number: e6801c90311679fc0854af73da95fe58079c59f4
URL: https://github.com/FreeRADIUS/freeradius-server/commit/e6801c90311679fc0854af73da95fe58079c59f4
Project Name: freeradius-serve
License: GPL2
termination: false


*/
int main()
{
    int stop = 0;
    char array[101];
    for( int i = 0 ; i < 100 ; i++ )
        array[i] =  __VERIFIER_nondet_char();
    array[100] = 0;
    char* p = array;
    while( (*p) && (!stop) )
    {
        switch(*p){
        case '}':
            stop = 1;
            break;

        case ':':
            if( *(p+1) && (*(p+1) == '-')){
                p += 2;
                stop = 1;
            }
            break;
        default:
            p++;
        }
    }
    return 0;
}

"
14,NT,"main:array:1={':','b','a','a','a','a','a','a','a','a','a','a','a','a','a','a','a','a','a','a','a','a','a','a','a','a','a','a','a','a','a','a','a','a','a','a','a','a','a','a','a','a','a','a','a','a','a','a','a','a','a','a','a','a','a','a','a','a','a','a','a','a','a','a','a','a','a','a','a','a','a','a','a','a','a','a','a','a','a','a','a','a','a','a','a','a','a','a','a','a','a','a','a','a','a','a','a','a','a','a','a'}
",/home/quasar/Documents/FocusTNT/results_InputGeneration/FSE/loop/Incorrect_Control_Statement_1_NT/input_generator_artifacts/generated_programs/Incorrect_Control_Statement_1_NT_TestCase11.c,TIMEOUT,LIKELY_NT,true,,"You generate concrete values for nondeterministic inputs in a C/C++ program.
Your goal is to produce ONE complete assignment set that is likely to make the program not terminate.

Important rules:
1. Return a value for EVERY listed nondeterministic input ID.
2. Use each ID exactly once.
3. Respect the declared C/C++ type.
4. For an array, return the value as an array containing exactly the required number of elements.
5. For char arrays, each element must be exactly one character. Return the character itself without C single quotes.
6. Prefer small-magnitude values unless larger values are necessary to achieve the requested execution behavior.

Nondeterministic inputs:
- id: main:array:1, type: char, array: true, size: 101, required elements: 101

Previously generated assignment sets are listed below. Generate a materially different set and do not duplicate any of them.
Previous 1: main:array:1={'a','a','a','a','a','a','a','a','a','a','a','a','a','a','a','a','a','a','a','a','a','a','a','a','a','a','a','a','a','a','a','a','a','a','a','a','a','a','a','a','a','a','a','a','a','a','a','a','a','a','a','a','a','a','a','a','a','a','a','a','a','a','a','a','a','a','a','a','a','a','a','a','a','a','a','a','a','a','a','a','a','a','a','a','a','a','a','a','a','a','a','a','a','a','a','a','a','a','a','a','a'}; 
Previous 2: main:array:1={'}','b','b','b','b','b','b','b','b','b','b','b','b','b','b','b','b','b','b','b','b','b','b','b','b','b','b','b','b','b','b','b','b','b','b','b','b','b','b','b','b','b','b','b','b','b','b','b','b','b','b','b','b','b','b','b','b','b','b','b','b','b','b','b','b','b','b','b','b','b','b','b','b','b','b','b','b','b','b','b','b','b','b','b','b','b','b','b','b','b','b','b','b','b','b','b','b','b','b','b','b'}; 
Previous 3: main:array:1={'}','a','a','a','a','a','a','a','a','a','a','a','a','a','a','a','a','a','a','a','a','a','a','a','a','a','a','a','a','a','a','a','a','a','a','a','a','a','a','a','a','a','a','a','a','a','a','a','a','a','a','a','a','a','a','a','a','a','a','a','a','a','a','a','a','a','a','a','a','a','a','a','a','a','a','a','a','a','a','a','a','a','a','a','a','a','a','a','a','a','a','a','a','a','a','a','a','a','a','a','a'}; 
Previous 4: main:array:1={'b','b','b','b','b','b','b','b','b','b','b','b','b','b','b','b','b','b','b','b','b','b','b','b','b','b','b','b','b','b','b','b','b','b','b','b','b','b','b','b','b','b','b','b','b','b','b','b','b','b','}','c','c','c','c','c','c','c','c','c','c','c','c','c','c','c','c','c','c','c','c','c','c','c','c','c','c','c','c','c','c','c','c','c','c','c','c','c','c','c','x','x','x','x','x','x','x','x','x','x','x'}; 
Previous 5: main:array:1={'\'','}','\'','\'','c','\'','\'','c','\'','\'','c','\'','\'','c','\'','\'','c','\'','\'','c','\'','\'','c','\'','\'','c','\'','\'','c','\'','\'','c','\'','\'','c','\'','\'','c','\'','\'','c','\'','\'','c','\'','\'','c','\'','\'','c','\'','\'','c','\'','\'','c','\'','\'','c','\'','\'','c','\'','\'','c','\'','\'','c','\'','\'','c','\'','\'','c','\'','\'','c','\'','\'','c','\'','\'','c','\'','\'','c','\'','\'','c','\'','\'','c','\'','\'','c','\'','\'','c','\'','\'','c'}; 
Previous 6: main:array:1={'\'','\'','\'','\'','\'','\'','\'','\'','\'','\'','\'','\'','\'','\'','\'','\'','\'','\'','\'','\'','\'','\'','\'','\'','\'','\'','\'','\'','\'','\'','\'','\'','\'','\'','\'','\'','\'','\'','\'','\'','\'','\'','\'','\'','\'','\'','\'','\'','\'','\'','\'','\'','\'','\'','\'','\'','\'','\'','\'','\'','\'','\'','\'','\'','\'','\'','\'','\'','\'','\'','\'','\'','\'','\'','\'','\'','\'','\'','\'','\'','\'','\'','\'','\'','\'','\'','\'','\'','\'','\'','\'','\'','\'','\'','\'','\'','\'','\'','\'','\'','\''}; 
Previous 7: main:array:1={'A','B','C','D','E','F','G','H','I','J','K','L','M','N','O','P','Q','R','S','T','U','V','W','X','Y','Z','a','b','c','d','e','f','g','h','i','j','k','l','m','n','o','p','q','r','s','t','u','v','w','x','y','z','0','1','2','3','4','5','6','7','8','9','!','?','.',',','-','_','/','/','|','@','#','$','%','^','&','*','(',')','{','[',']','`','~','>','<',':',';','`','\'',' ','!','?','.',',','%','+','=','/','/'}; 
Previous 8: main:array:1={'0','0','0','0','0','0','0','0','0','0','0','0','0','0','0','0','0','0','0','0','0','0','0','0','0','0','0','0','0','0','0','0','0','0','0','0','0','0','0','0','0','0','0','0','0','0','0','0','0','0','0','0','0','0','0','0','0','0','0','0','0','0','0','0','0','0','0','0','0','0','0','0','0','0','0','0','0','0','0','0','0','0','0','0','0','0','0','0','0','0','0','0','0','0','0','0','0','0','0','0','0'}; 
Previous 9: main:array:1={'a','b','a','b','a','b','a','b','a','b','a','b','a','b','a','b','a','b','a','b','a','b','a','b','a','b','a','b','a','b','a','b','a','b','a','b','a','b','a','b','a','b','a','b','a','b','a','b','a','b','a','b','a','b','a','b','a','b','a','b','a','b','a','b','a','b','a','b','a','b','a','b','a','b','a','b','a','b','a','b','a','b','a','b','a','b','a','b','a','b','a','b','a','b','a','b','a','b','a','b','a'}; 
Previous 10: main:array:1={'\'','A','\'','B','\'','C','\'','D','\'','E','\'','F','\'','G','\'','H','\'','I','\'','J','\'','K','\'','L','\'','M','\'','N','\'','O','\'','P','\'','Q','\'','R','\'','S','\'','T','\'','U','\'','V','\'','W','\'','X','\'','Y','\'','Z','\'','a','\'','b','\'','c','\'','d','\'','e','\'','f','\'','g','\'','h','\'','i','\'','j','\'','k','\'','l','\'','m','\'','n','\'','o','\'','p','\'','q','\'','r','\'','s','\'','t','\'','u','\'','v','\'','w','\'','x','\''}; 
Previous 11: main:array:1={':','-','a','a','a','a','a','a','a','a','a','a','a','a','a','a','a','a','a','a','a','a','a','a','a','a','a','a','a','a','a','a','a','a','a','a','a','a','a','a','a','a','a','a','a','a','a','a','a','a','a','a','a','a','a','a','a','a','a','a','a','a','a','a','a','a','a','a','a','a','a','a','a','a','a','a','a','a','a','a','a','a','a','a','a','a','a','a','a','a','a','a','a','a','a','a','a','a','a','a','a'}; 
Previous 12: main:array:1={'x','x','x','x','x','x','x','x','x','x','x','x','x','x','x','x','x','x','x','x','x','x','x','x','x','x','x','x','x','x','x','x','x','x','x','x','x','x','x','x','x','x','x','x','x','x','x','x','x','x','x','x','x','x','x','x','x','x','x','x','x','x','x','x','x','x','x','x','x','x','x','x','x','x','x','x','x','x','x','x','x','x','x','x','x','x','x','x','x','x','x','x','x','x','x','x','x','x','x','x','x'}; 

Program:
extern char __VERIFIER_nondet_char(void);
/*
Commit Number: e6801c90311679fc0854af73da95fe58079c59f4
URL: https://github.com/FreeRADIUS/freeradius-server/commit/e6801c90311679fc0854af73da95fe58079c59f4
Project Name: freeradius-serve
License: GPL2
termination: false


*/
int main()
{
    int stop = 0;
    char array[101];
    for( int i = 0 ; i < 100 ; i++ )
        array[i] =  __VERIFIER_nondet_char();
    array[100] = 0;
    char* p = array;
    while( (*p) && (!stop) )
    {
        switch(*p){
        case '}':
            stop = 1;
            break;

        case ':':
            if( *(p+1) && (*(p+1) == '-')){
                p += 2;
                stop = 1;
            }
            break;
        default:
            p++;
        }
    }
    return 0;
}

"
15,NT,"main:array:1={'\'','\'',':','\'','a','\'','b','\'','b','\'','b','\'','b','\'','b','\'','b','\'','b','\'','b','\'','b','\'','b','\'','b','\'','b','\'','b','\'','b','\'','b','\'','b','\'','b','\'','b','\'','b','\'','b','\'','b','\'','b','\'','b','\'','b','\'','b','\'','b','\'','b','\'','b','\'','b','\'','b','\'','b','\'','b','\'','b','\'','b','\'','b','\'','b','\'','b','\'','b','\'','b','\'','b','\'','b','\'','b','\'','b','\'','b','\'','b','\'','b','\'','b','\'','b'}
",/home/quasar/Documents/FocusTNT/results_InputGeneration/FSE/loop/Incorrect_Control_Statement_1_NT/input_generator_artifacts/generated_programs/Incorrect_Control_Statement_1_NT_TestCase12.c,TIMEOUT,LIKELY_NT,true,,"You generate concrete values for nondeterministic inputs in a C/C++ program.
Your goal is to produce ONE complete assignment set that is likely to make the program not terminate.

Important rules:
1. Return a value for EVERY listed nondeterministic input ID.
2. Use each ID exactly once.
3. Respect the declared C/C++ type.
4. For an array, return the value as an array containing exactly the required number of elements.
5. For char arrays, each element must be exactly one character. Return the character itself without C single quotes.
6. Prefer small-magnitude values unless larger values are necessary to achieve the requested execution behavior.

Nondeterministic inputs:
- id: main:array:1, type: char, array: true, size: 101, required elements: 101

Previously generated assignment sets are listed below. Generate a materially different set and do not duplicate any of them.
Previous 1: main:array:1={'a','a','a','a','a','a','a','a','a','a','a','a','a','a','a','a','a','a','a','a','a','a','a','a','a','a','a','a','a','a','a','a','a','a','a','a','a','a','a','a','a','a','a','a','a','a','a','a','a','a','a','a','a','a','a','a','a','a','a','a','a','a','a','a','a','a','a','a','a','a','a','a','a','a','a','a','a','a','a','a','a','a','a','a','a','a','a','a','a','a','a','a','a','a','a','a','a','a','a','a','a'}; 
Previous 2: main:array:1={'}','b','b','b','b','b','b','b','b','b','b','b','b','b','b','b','b','b','b','b','b','b','b','b','b','b','b','b','b','b','b','b','b','b','b','b','b','b','b','b','b','b','b','b','b','b','b','b','b','b','b','b','b','b','b','b','b','b','b','b','b','b','b','b','b','b','b','b','b','b','b','b','b','b','b','b','b','b','b','b','b','b','b','b','b','b','b','b','b','b','b','b','b','b','b','b','b','b','b','b','b'}; 
Previous 3: main:array:1={'}','a','a','a','a','a','a','a','a','a','a','a','a','a','a','a','a','a','a','a','a','a','a','a','a','a','a','a','a','a','a','a','a','a','a','a','a','a','a','a','a','a','a','a','a','a','a','a','a','a','a','a','a','a','a','a','a','a','a','a','a','a','a','a','a','a','a','a','a','a','a','a','a','a','a','a','a','a','a','a','a','a','a','a','a','a','a','a','a','a','a','a','a','a','a','a','a','a','a','a','a'}; 
Previous 4: main:array:1={'b','b','b','b','b','b','b','b','b','b','b','b','b','b','b','b','b','b','b','b','b','b','b','b','b','b','b','b','b','b','b','b','b','b','b','b','b','b','b','b','b','b','b','b','b','b','b','b','b','b','}','c','c','c','c','c','c','c','c','c','c','c','c','c','c','c','c','c','c','c','c','c','c','c','c','c','c','c','c','c','c','c','c','c','c','c','c','c','c','c','x','x','x','x','x','x','x','x','x','x','x'}; 
Previous 5: main:array:1={'\'','}','\'','\'','c','\'','\'','c','\'','\'','c','\'','\'','c','\'','\'','c','\'','\'','c','\'','\'','c','\'','\'','c','\'','\'','c','\'','\'','c','\'','\'','c','\'','\'','c','\'','\'','c','\'','\'','c','\'','\'','c','\'','\'','c','\'','\'','c','\'','\'','c','\'','\'','c','\'','\'','c','\'','\'','c','\'','\'','c','\'','\'','c','\'','\'','c','\'','\'','c','\'','\'','c','\'','\'','c','\'','\'','c','\'','\'','c','\'','\'','c','\'','\'','c','\'','\'','c','\'','\'','c'}; 
Previous 6: main:array:1={'\'','\'','\'','\'','\'','\'','\'','\'','\'','\'','\'','\'','\'','\'','\'','\'','\'','\'','\'','\'','\'','\'','\'','\'','\'','\'','\'','\'','\'','\'','\'','\'','\'','\'','\'','\'','\'','\'','\'','\'','\'','\'','\'','\'','\'','\'','\'','\'','\'','\'','\'','\'','\'','\'','\'','\'','\'','\'','\'','\'','\'','\'','\'','\'','\'','\'','\'','\'','\'','\'','\'','\'','\'','\'','\'','\'','\'','\'','\'','\'','\'','\'','\'','\'','\'','\'','\'','\'','\'','\'','\'','\'','\'','\'','\'','\'','\'','\'','\'','\'','\''}; 
Previous 7: main:array:1={'A','B','C','D','E','F','G','H','I','J','K','L','M','N','O','P','Q','R','S','T','U','V','W','X','Y','Z','a','b','c','d','e','f','g','h','i','j','k','l','m','n','o','p','q','r','s','t','u','v','w','x','y','z','0','1','2','3','4','5','6','7','8','9','!','?','.',',','-','_','/','/','|','@','#','$','%','^','&','*','(',')','{','[',']','`','~','>','<',':',';','`','\'',' ','!','?','.',',','%','+','=','/','/'}; 
Previous 8: main:array:1={'0','0','0','0','0','0','0','0','0','0','0','0','0','0','0','0','0','0','0','0','0','0','0','0','0','0','0','0','0','0','0','0','0','0','0','0','0','0','0','0','0','0','0','0','0','0','0','0','0','0','0','0','0','0','0','0','0','0','0','0','0','0','0','0','0','0','0','0','0','0','0','0','0','0','0','0','0','0','0','0','0','0','0','0','0','0','0','0','0','0','0','0','0','0','0','0','0','0','0','0','0'}; 
Previous 9: main:array:1={'a','b','a','b','a','b','a','b','a','b','a','b','a','b','a','b','a','b','a','b','a','b','a','b','a','b','a','b','a','b','a','b','a','b','a','b','a','b','a','b','a','b','a','b','a','b','a','b','a','b','a','b','a','b','a','b','a','b','a','b','a','b','a','b','a','b','a','b','a','b','a','b','a','b','a','b','a','b','a','b','a','b','a','b','a','b','a','b','a','b','a','b','a','b','a','b','a','b','a','b','a'}; 
Previous 10: main:array:1={'\'','A','\'','B','\'','C','\'','D','\'','E','\'','F','\'','G','\'','H','\'','I','\'','J','\'','K','\'','L','\'','M','\'','N','\'','O','\'','P','\'','Q','\'','R','\'','S','\'','T','\'','U','\'','V','\'','W','\'','X','\'','Y','\'','Z','\'','a','\'','b','\'','c','\'','d','\'','e','\'','f','\'','g','\'','h','\'','i','\'','j','\'','k','\'','l','\'','m','\'','n','\'','o','\'','p','\'','q','\'','r','\'','s','\'','t','\'','u','\'','v','\'','w','\'','x','\''}; 
Previous 11: main:array:1={':','-','a','a','a','a','a','a','a','a','a','a','a','a','a','a','a','a','a','a','a','a','a','a','a','a','a','a','a','a','a','a','a','a','a','a','a','a','a','a','a','a','a','a','a','a','a','a','a','a','a','a','a','a','a','a','a','a','a','a','a','a','a','a','a','a','a','a','a','a','a','a','a','a','a','a','a','a','a','a','a','a','a','a','a','a','a','a','a','a','a','a','a','a','a','a','a','a','a','a','a'}; 
Previous 12: main:array:1={'x','x','x','x','x','x','x','x','x','x','x','x','x','x','x','x','x','x','x','x','x','x','x','x','x','x','x','x','x','x','x','x','x','x','x','x','x','x','x','x','x','x','x','x','x','x','x','x','x','x','x','x','x','x','x','x','x','x','x','x','x','x','x','x','x','x','x','x','x','x','x','x','x','x','x','x','x','x','x','x','x','x','x','x','x','x','x','x','x','x','x','x','x','x','x','x','x','x','x','x','x'}; 
Previous 13: main:array:1={':','b','a','a','a','a','a','a','a','a','a','a','a','a','a','a','a','a','a','a','a','a','a','a','a','a','a','a','a','a','a','a','a','a','a','a','a','a','a','a','a','a','a','a','a','a','a','a','a','a','a','a','a','a','a','a','a','a','a','a','a','a','a','a','a','a','a','a','a','a','a','a','a','a','a','a','a','a','a','a','a','a','a','a','a','a','a','a','a','a','a','a','a','a','a','a','a','a','a','a','a'}; 

Program:
extern char __VERIFIER_nondet_char(void);
/*
Commit Number: e6801c90311679fc0854af73da95fe58079c59f4
URL: https://github.com/FreeRADIUS/freeradius-server/commit/e6801c90311679fc0854af73da95fe58079c59f4
Project Name: freeradius-serve
License: GPL2
termination: false


*/
int main()
{
    int stop = 0;
    char array[101];
    for( int i = 0 ; i < 100 ; i++ )
        array[i] =  __VERIFIER_nondet_char();
    array[100] = 0;
    char* p = array;
    while( (*p) && (!stop) )
    {
        switch(*p){
        case '}':
            stop = 1;
            break;

        case ':':
            if( *(p+1) && (*(p+1) == '-')){
                p += 2;
                stop = 1;
            }
            break;
        default:
            p++;
        }
    }
    return 0;
}

"
16,NT,,,GENERATION_ERROR,,false,HTTP request failed: Timeout was reached,"You generate concrete values for nondeterministic inputs in a C/C++ program.
Your goal is to produce ONE complete assignment set that is likely to make the program not terminate.

Important rules:
1. Return a value for EVERY listed nondeterministic input ID.
2. Use each ID exactly once.
3. Respect the declared C/C++ type.
4. For an array, return the value as an array containing exactly the required number of elements.
5. For char arrays, each element must be exactly one character. Return the character itself without C single quotes.
6. Prefer small-magnitude values unless larger values are necessary to achieve the requested execution behavior.

Nondeterministic inputs:
- id: main:array:1, type: char, array: true, size: 101, required elements: 101

Previously generated assignment sets are listed below. Generate a materially different set and do not duplicate any of them.
Previous 1: main:array:1={'a','a','a','a','a','a','a','a','a','a','a','a','a','a','a','a','a','a','a','a','a','a','a','a','a','a','a','a','a','a','a','a','a','a','a','a','a','a','a','a','a','a','a','a','a','a','a','a','a','a','a','a','a','a','a','a','a','a','a','a','a','a','a','a','a','a','a','a','a','a','a','a','a','a','a','a','a','a','a','a','a','a','a','a','a','a','a','a','a','a','a','a','a','a','a','a','a','a','a','a','a'}; 
Previous 2: main:array:1={'}','b','b','b','b','b','b','b','b','b','b','b','b','b','b','b','b','b','b','b','b','b','b','b','b','b','b','b','b','b','b','b','b','b','b','b','b','b','b','b','b','b','b','b','b','b','b','b','b','b','b','b','b','b','b','b','b','b','b','b','b','b','b','b','b','b','b','b','b','b','b','b','b','b','b','b','b','b','b','b','b','b','b','b','b','b','b','b','b','b','b','b','b','b','b','b','b','b','b','b','b'}; 
Previous 3: main:array:1={'}','a','a','a','a','a','a','a','a','a','a','a','a','a','a','a','a','a','a','a','a','a','a','a','a','a','a','a','a','a','a','a','a','a','a','a','a','a','a','a','a','a','a','a','a','a','a','a','a','a','a','a','a','a','a','a','a','a','a','a','a','a','a','a','a','a','a','a','a','a','a','a','a','a','a','a','a','a','a','a','a','a','a','a','a','a','a','a','a','a','a','a','a','a','a','a','a','a','a','a','a'}; 
Previous 4: main:array:1={'b','b','b','b','b','b','b','b','b','b','b','b','b','b','b','b','b','b','b','b','b','b','b','b','b','b','b','b','b','b','b','b','b','b','b','b','b','b','b','b','b','b','b','b','b','b','b','b','b','b','}','c','c','c','c','c','c','c','c','c','c','c','c','c','c','c','c','c','c','c','c','c','c','c','c','c','c','c','c','c','c','c','c','c','c','c','c','c','c','c','x','x','x','x','x','x','x','x','x','x','x'}; 
Previous 5: main:array:1={'\'','}','\'','\'','c','\'','\'','c','\'','\'','c','\'','\'','c','\'','\'','c','\'','\'','c','\'','\'','c','\'','\'','c','\'','\'','c','\'','\'','c','\'','\'','c','\'','\'','c','\'','\'','c','\'','\'','c','\'','\'','c','\'','\'','c','\'','\'','c','\'','\'','c','\'','\'','c','\'','\'','c','\'','\'','c','\'','\'','c','\'','\'','c','\'','\'','c','\'','\'','c','\'','\'','c','\'','\'','c','\'','\'','c','\'','\'','c','\'','\'','c','\'','\'','c','\'','\'','c','\'','\'','c'}; 
Previous 6: main:array:1={'\'','\'','\'','\'','\'','\'','\'','\'','\'','\'','\'','\'','\'','\'','\'','\'','\'','\'','\'','\'','\'','\'','\'','\'','\'','\'','\'','\'','\'','\'','\'','\'','\'','\'','\'','\'','\'','\'','\'','\'','\'','\'','\'','\'','\'','\'','\'','\'','\'','\'','\'','\'','\'','\'','\'','\'','\'','\'','\'','\'','\'','\'','\'','\'','\'','\'','\'','\'','\'','\'','\'','\'','\'','\'','\'','\'','\'','\'','\'','\'','\'','\'','\'','\'','\'','\'','\'','\'','\'','\'','\'','\'','\'','\'','\'','\'','\'','\'','\'','\'','\''}; 
Previous 7: main:array:1={'A','B','C','D','E','F','G','H','I','J','K','L','M','N','O','P','Q','R','S','T','U','V','W','X','Y','Z','a','b','c','d','e','f','g','h','i','j','k','l','m','n','o','p','q','r','s','t','u','v','w','x','y','z','0','1','2','3','4','5','6','7','8','9','!','?','.',',','-','_','/','/','|','@','#','$','%','^','&','*','(',')','{','[',']','`','~','>','<',':',';','`','\'',' ','!','?','.',',','%','+','=','/','/'}; 
Previous 8: main:array:1={'0','0','0','0','0','0','0','0','0','0','0','0','0','0','0','0','0','0','0','0','0','0','0','0','0','0','0','0','0','0','0','0','0','0','0','0','0','0','0','0','0','0','0','0','0','0','0','0','0','0','0','0','0','0','0','0','0','0','0','0','0','0','0','0','0','0','0','0','0','0','0','0','0','0','0','0','0','0','0','0','0','0','0','0','0','0','0','0','0','0','0','0','0','0','0','0','0','0','0','0','0'}; 
Previous 9: main:array:1={'a','b','a','b','a','b','a','b','a','b','a','b','a','b','a','b','a','b','a','b','a','b','a','b','a','b','a','b','a','b','a','b','a','b','a','b','a','b','a','b','a','b','a','b','a','b','a','b','a','b','a','b','a','b','a','b','a','b','a','b','a','b','a','b','a','b','a','b','a','b','a','b','a','b','a','b','a','b','a','b','a','b','a','b','a','b','a','b','a','b','a','b','a','b','a','b','a','b','a','b','a'}; 
Previous 10: main:array:1={'\'','A','\'','B','\'','C','\'','D','\'','E','\'','F','\'','G','\'','H','\'','I','\'','J','\'','K','\'','L','\'','M','\'','N','\'','O','\'','P','\'','Q','\'','R','\'','S','\'','T','\'','U','\'','V','\'','W','\'','X','\'','Y','\'','Z','\'','a','\'','b','\'','c','\'','d','\'','e','\'','f','\'','g','\'','h','\'','i','\'','j','\'','k','\'','l','\'','m','\'','n','\'','o','\'','p','\'','q','\'','r','\'','s','\'','t','\'','u','\'','v','\'','w','\'','x','\''}; 
Previous 11: main:array:1={':','-','a','a','a','a','a','a','a','a','a','a','a','a','a','a','a','a','a','a','a','a','a','a','a','a','a','a','a','a','a','a','a','a','a','a','a','a','a','a','a','a','a','a','a','a','a','a','a','a','a','a','a','a','a','a','a','a','a','a','a','a','a','a','a','a','a','a','a','a','a','a','a','a','a','a','a','a','a','a','a','a','a','a','a','a','a','a','a','a','a','a','a','a','a','a','a','a','a','a','a'}; 
Previous 12: main:array:1={'x','x','x','x','x','x','x','x','x','x','x','x','x','x','x','x','x','x','x','x','x','x','x','x','x','x','x','x','x','x','x','x','x','x','x','x','x','x','x','x','x','x','x','x','x','x','x','x','x','x','x','x','x','x','x','x','x','x','x','x','x','x','x','x','x','x','x','x','x','x','x','x','x','x','x','x','x','x','x','x','x','x','x','x','x','x','x','x','x','x','x','x','x','x','x','x','x','x','x','x','x'}; 
Previous 13: main:array:1={':','b','a','a','a','a','a','a','a','a','a','a','a','a','a','a','a','a','a','a','a','a','a','a','a','a','a','a','a','a','a','a','a','a','a','a','a','a','a','a','a','a','a','a','a','a','a','a','a','a','a','a','a','a','a','a','a','a','a','a','a','a','a','a','a','a','a','a','a','a','a','a','a','a','a','a','a','a','a','a','a','a','a','a','a','a','a','a','a','a','a','a','a','a','a','a','a','a','a','a','a'}; 
Previous 14: main:array:1={'\'','\'',':','\'','a','\'','b','\'','b','\'','b','\'','b','\'','b','\'','b','\'','b','\'','b','\'','b','\'','b','\'','b','\'','b','\'','b','\'','b','\'','b','\'','b','\'','b','\'','b','\'','b','\'','b','\'','b','\'','b','\'','b','\'','b','\'','b','\'','b','\'','b','\'','b','\'','b','\'','b','\'','b','\'','b','\'','b','\'','b','\'','b','\'','b','\'','b','\'','b','\'','b','\'','b','\'','b','\'','b','\'','b','\'','b','\'','b','\'','b','\'','b','\'','b'}; 

Program:
extern char __VERIFIER_nondet_char(void);
/*
Commit Number: e6801c90311679fc0854af73da95fe58079c59f4
URL: https://github.com/FreeRADIUS/freeradius-server/commit/e6801c90311679fc0854af73da95fe58079c59f4
Project Name: freeradius-serve
License: GPL2
termination: false


*/
int main()
{
    int stop = 0;
    char array[101];
    for( int i = 0 ; i < 100 ; i++ )
        array[i] =  __VERIFIER_nondet_char();
    array[100] = 0;
    char* p = array;
    while( (*p) && (!stop) )
    {
        switch(*p){
        case '}':
            stop = 1;
            break;

        case ':':
            if( *(p+1) && (*(p+1) == '-')){
                p += 2;
                stop = 1;
            }
            break;
        default:
            p++;
        }
    }
    return 0;
}

"
17,NT,"main:array:1={'a','a','a','a','a','a','a','a','a','a','a','a','a','a','a','a','a','a','a','a','a','a','a','a','a','a','a','a','a','a','a','a','a','a','a','a','a','a','a','a','a','a','a','a','a','a','a','a','a','a','a','a','a','a','a','a','a','a','a','a','a','a','a','a','a','a','a','a','a','a','a','a','a','a','a','a','a','a','a','a','a','a','a','a','a','a','a','a','a','a','a','a','a','a','a','a','a','a',':','0','0'}
",/home/quasar/Documents/FocusTNT/results_InputGeneration/FSE/loop/Incorrect_Control_Statement_1_NT/input_generator_artifacts/generated_programs/Incorrect_Control_Statement_1_NT_TestCase13.c,TIMEOUT,LIKELY_NT,true,,"You generate concrete values for nondeterministic inputs in a C/C++ program.
Your goal is to produce ONE complete assignment set that is likely to make the program not terminate.

Important rules:
1. Return a value for EVERY listed nondeterministic input ID.
2. Use each ID exactly once.
3. Respect the declared C/C++ type.
4. For an array, return the value as an array containing exactly the required number of elements.
5. For char arrays, each element must be exactly one character. Return the character itself without C single quotes.
6. Prefer small-magnitude values unless larger values are necessary to achieve the requested execution behavior.

Nondeterministic inputs:
- id: main:array:1, type: char, array: true, size: 101, required elements: 101

Previously generated assignment sets are listed below. Generate a materially different set and do not duplicate any of them.
Previous 1: main:array:1={'a','a','a','a','a','a','a','a','a','a','a','a','a','a','a','a','a','a','a','a','a','a','a','a','a','a','a','a','a','a','a','a','a','a','a','a','a','a','a','a','a','a','a','a','a','a','a','a','a','a','a','a','a','a','a','a','a','a','a','a','a','a','a','a','a','a','a','a','a','a','a','a','a','a','a','a','a','a','a','a','a','a','a','a','a','a','a','a','a','a','a','a','a','a','a','a','a','a','a','a','a'}; 
Previous 2: main:array:1={'}','b','b','b','b','b','b','b','b','b','b','b','b','b','b','b','b','b','b','b','b','b','b','b','b','b','b','b','b','b','b','b','b','b','b','b','b','b','b','b','b','b','b','b','b','b','b','b','b','b','b','b','b','b','b','b','b','b','b','b','b','b','b','b','b','b','b','b','b','b','b','b','b','b','b','b','b','b','b','b','b','b','b','b','b','b','b','b','b','b','b','b','b','b','b','b','b','b','b','b','b'}; 
Previous 3: main:array:1={'}','a','a','a','a','a','a','a','a','a','a','a','a','a','a','a','a','a','a','a','a','a','a','a','a','a','a','a','a','a','a','a','a','a','a','a','a','a','a','a','a','a','a','a','a','a','a','a','a','a','a','a','a','a','a','a','a','a','a','a','a','a','a','a','a','a','a','a','a','a','a','a','a','a','a','a','a','a','a','a','a','a','a','a','a','a','a','a','a','a','a','a','a','a','a','a','a','a','a','a','a'}; 
Previous 4: main:array:1={'b','b','b','b','b','b','b','b','b','b','b','b','b','b','b','b','b','b','b','b','b','b','b','b','b','b','b','b','b','b','b','b','b','b','b','b','b','b','b','b','b','b','b','b','b','b','b','b','b','b','}','c','c','c','c','c','c','c','c','c','c','c','c','c','c','c','c','c','c','c','c','c','c','c','c','c','c','c','c','c','c','c','c','c','c','c','c','c','c','c','x','x','x','x','x','x','x','x','x','x','x'}; 
Previous 5: main:array:1={'\'','}','\'','\'','c','\'','\'','c','\'','\'','c','\'','\'','c','\'','\'','c','\'','\'','c','\'','\'','c','\'','\'','c','\'','\'','c','\'','\'','c','\'','\'','c','\'','\'','c','\'','\'','c','\'','\'','c','\'','\'','c','\'','\'','c','\'','\'','c','\'','\'','c','\'','\'','c','\'','\'','c','\'','\'','c','\'','\'','c','\'','\'','c','\'','\'','c','\'','\'','c','\'','\'','c','\'','\'','c','\'','\'','c','\'','\'','c','\'','\'','c','\'','\'','c','\'','\'','c','\'','\'','c'}; 
Previous 6: main:array:1={'\'','\'','\'','\'','\'','\'','\'','\'','\'','\'','\'','\'','\'','\'','\'','\'','\'','\'','\'','\'','\'','\'','\'','\'','\'','\'','\'','\'','\'','\'','\'','\'','\'','\'','\'','\'','\'','\'','\'','\'','\'','\'','\'','\'','\'','\'','\'','\'','\'','\'','\'','\'','\'','\'','\'','\'','\'','\'','\'','\'','\'','\'','\'','\'','\'','\'','\'','\'','\'','\'','\'','\'','\'','\'','\'','\'','\'','\'','\'','\'','\'','\'','\'','\'','\'','\'','\'','\'','\'','\'','\'','\'','\'','\'','\'','\'','\'','\'','\'','\'','\''}; 
Previous 7: main:array:1={'A','B','C','D','E','F','G','H','I','J','K','L','M','N','O','P','Q','R','S','T','U','V','W','X','Y','Z','a','b','c','d','e','f','g','h','i','j','k','l','m','n','o','p','q','r','s','t','u','v','w','x','y','z','0','1','2','3','4','5','6','7','8','9','!','?','.',',','-','_','/','/','|','@','#','$','%','^','&','*','(',')','{','[',']','`','~','>','<',':',';','`','\'',' ','!','?','.',',','%','+','=','/','/'}; 
Previous 8: main:array:1={'0','0','0','0','0','0','0','0','0','0','0','0','0','0','0','0','0','0','0','0','0','0','0','0','0','0','0','0','0','0','0','0','0','0','0','0','0','0','0','0','0','0','0','0','0','0','0','0','0','0','0','0','0','0','0','0','0','0','0','0','0','0','0','0','0','0','0','0','0','0','0','0','0','0','0','0','0','0','0','0','0','0','0','0','0','0','0','0','0','0','0','0','0','0','0','0','0','0','0','0','0'}; 
Previous 9: main:array:1={'a','b','a','b','a','b','a','b','a','b','a','b','a','b','a','b','a','b','a','b','a','b','a','b','a','b','a','b','a','b','a','b','a','b','a','b','a','b','a','b','a','b','a','b','a','b','a','b','a','b','a','b','a','b','a','b','a','b','a','b','a','b','a','b','a','b','a','b','a','b','a','b','a','b','a','b','a','b','a','b','a','b','a','b','a','b','a','b','a','b','a','b','a','b','a','b','a','b','a','b','a'}; 
Previous 10: main:array:1={'\'','A','\'','B','\'','C','\'','D','\'','E','\'','F','\'','G','\'','H','\'','I','\'','J','\'','K','\'','L','\'','M','\'','N','\'','O','\'','P','\'','Q','\'','R','\'','S','\'','T','\'','U','\'','V','\'','W','\'','X','\'','Y','\'','Z','\'','a','\'','b','\'','c','\'','d','\'','e','\'','f','\'','g','\'','h','\'','i','\'','j','\'','k','\'','l','\'','m','\'','n','\'','o','\'','p','\'','q','\'','r','\'','s','\'','t','\'','u','\'','v','\'','w','\'','x','\''}; 
Previous 11: main:array:1={':','-','a','a','a','a','a','a','a','a','a','a','a','a','a','a','a','a','a','a','a','a','a','a','a','a','a','a','a','a','a','a','a','a','a','a','a','a','a','a','a','a','a','a','a','a','a','a','a','a','a','a','a','a','a','a','a','a','a','a','a','a','a','a','a','a','a','a','a','a','a','a','a','a','a','a','a','a','a','a','a','a','a','a','a','a','a','a','a','a','a','a','a','a','a','a','a','a','a','a','a'}; 
Previous 12: main:array:1={'x','x','x','x','x','x','x','x','x','x','x','x','x','x','x','x','x','x','x','x','x','x','x','x','x','x','x','x','x','x','x','x','x','x','x','x','x','x','x','x','x','x','x','x','x','x','x','x','x','x','x','x','x','x','x','x','x','x','x','x','x','x','x','x','x','x','x','x','x','x','x','x','x','x','x','x','x','x','x','x','x','x','x','x','x','x','x','x','x','x','x','x','x','x','x','x','x','x','x','x','x'}; 
Previous 13: main:array:1={':','b','a','a','a','a','a','a','a','a','a','a','a','a','a','a','a','a','a','a','a','a','a','a','a','a','a','a','a','a','a','a','a','a','a','a','a','a','a','a','a','a','a','a','a','a','a','a','a','a','a','a','a','a','a','a','a','a','a','a','a','a','a','a','a','a','a','a','a','a','a','a','a','a','a','a','a','a','a','a','a','a','a','a','a','a','a','a','a','a','a','a','a','a','a','a','a','a','a','a','a'}; 
Previous 14: main:array:1={'\'','\'',':','\'','a','\'','b','\'','b','\'','b','\'','b','\'','b','\'','b','\'','b','\'','b','\'','b','\'','b','\'','b','\'','b','\'','b','\'','b','\'','b','\'','b','\'','b','\'','b','\'','b','\'','b','\'','b','\'','b','\'','b','\'','b','\'','b','\'','b','\'','b','\'','b','\'','b','\'','b','\'','b','\'','b','\'','b','\'','b','\'','b','\'','b','\'','b','\'','b','\'','b','\'','b','\'','b','\'','b','\'','b','\'','b','\'','b','\'','b','\'','b','\'','b'}; 

Program:
extern char __VERIFIER_nondet_char(void);
/*
Commit Number: e6801c90311679fc0854af73da95fe58079c59f4
URL: https://github.com/FreeRADIUS/freeradius-server/commit/e6801c90311679fc0854af73da95fe58079c59f4
Project Name: freeradius-serve
License: GPL2
termination: false


*/
int main()
{
    int stop = 0;
    char array[101];
    for( int i = 0 ; i < 100 ; i++ )
        array[i] =  __VERIFIER_nondet_char();
    array[100] = 0;
    char* p = array;
    while( (*p) && (!stop) )
    {
        switch(*p){
        case '}':
            stop = 1;
            break;

        case ':':
            if( *(p+1) && (*(p+1) == '-')){
                p += 2;
                stop = 1;
            }
            break;
        default:
            p++;
        }
    }
    return 0;
}

"
18,NT,"main:array:1={':','b','a','a','a','a','a','a','a','a','a','a','a','a','a','a','a','a','a','a','a','a','a','a','a','a','a','a','a','a','a','a','a','a','a','a','a','a','a','a','a','a','a','a','a','a','a','a','a','a','a','a','a','a','a','a','a','a','a','a','a','a','a','a','a','a','a','a','a','a','a','a','a','a','a','a','a','a','a','a','a','a','a','a','a','a','a','a','a','a','a','a','a','a','a','a','a','a','a','a','a'}
",,DUPLICATE,,false,,"You generate concrete values for nondeterministic inputs in a C/C++ program.
Your goal is to produce ONE complete assignment set that is likely to make the program not terminate.

Important rules:
1. Return a value for EVERY listed nondeterministic input ID.
2. Use each ID exactly once.
3. Respect the declared C/C++ type.
4. For an array, return the value as an array containing exactly the required number of elements.
5. For char arrays, each element must be exactly one character. Return the character itself without C single quotes.
6. Prefer small-magnitude values unless larger values are necessary to achieve the requested execution behavior.

Nondeterministic inputs:
- id: main:array:1, type: char, array: true, size: 101, required elements: 101

Previously generated assignment sets are listed below. Generate a materially different set and do not duplicate any of them.
Previous 1: main:array:1={'a','a','a','a','a','a','a','a','a','a','a','a','a','a','a','a','a','a','a','a','a','a','a','a','a','a','a','a','a','a','a','a','a','a','a','a','a','a','a','a','a','a','a','a','a','a','a','a','a','a','a','a','a','a','a','a','a','a','a','a','a','a','a','a','a','a','a','a','a','a','a','a','a','a','a','a','a','a','a','a','a','a','a','a','a','a','a','a','a','a','a','a','a','a','a','a','a','a','a','a','a'}; 
Previous 2: main:array:1={'}','b','b','b','b','b','b','b','b','b','b','b','b','b','b','b','b','b','b','b','b','b','b','b','b','b','b','b','b','b','b','b','b','b','b','b','b','b','b','b','b','b','b','b','b','b','b','b','b','b','b','b','b','b','b','b','b','b','b','b','b','b','b','b','b','b','b','b','b','b','b','b','b','b','b','b','b','b','b','b','b','b','b','b','b','b','b','b','b','b','b','b','b','b','b','b','b','b','b','b','b'}; 
Previous 3: main:array:1={'}','a','a','a','a','a','a','a','a','a','a','a','a','a','a','a','a','a','a','a','a','a','a','a','a','a','a','a','a','a','a','a','a','a','a','a','a','a','a','a','a','a','a','a','a','a','a','a','a','a','a','a','a','a','a','a','a','a','a','a','a','a','a','a','a','a','a','a','a','a','a','a','a','a','a','a','a','a','a','a','a','a','a','a','a','a','a','a','a','a','a','a','a','a','a','a','a','a','a','a','a'}; 
Previous 4: main:array:1={'b','b','b','b','b','b','b','b','b','b','b','b','b','b','b','b','b','b','b','b','b','b','b','b','b','b','b','b','b','b','b','b','b','b','b','b','b','b','b','b','b','b','b','b','b','b','b','b','b','b','}','c','c','c','c','c','c','c','c','c','c','c','c','c','c','c','c','c','c','c','c','c','c','c','c','c','c','c','c','c','c','c','c','c','c','c','c','c','c','c','x','x','x','x','x','x','x','x','x','x','x'}; 
Previous 5: main:array:1={'\'','}','\'','\'','c','\'','\'','c','\'','\'','c','\'','\'','c','\'','\'','c','\'','\'','c','\'','\'','c','\'','\'','c','\'','\'','c','\'','\'','c','\'','\'','c','\'','\'','c','\'','\'','c','\'','\'','c','\'','\'','c','\'','\'','c','\'','\'','c','\'','\'','c','\'','\'','c','\'','\'','c','\'','\'','c','\'','\'','c','\'','\'','c','\'','\'','c','\'','\'','c','\'','\'','c','\'','\'','c','\'','\'','c','\'','\'','c','\'','\'','c','\'','\'','c','\'','\'','c','\'','\'','c'}; 
Previous 6: main:array:1={'\'','\'','\'','\'','\'','\'','\'','\'','\'','\'','\'','\'','\'','\'','\'','\'','\'','\'','\'','\'','\'','\'','\'','\'','\'','\'','\'','\'','\'','\'','\'','\'','\'','\'','\'','\'','\'','\'','\'','\'','\'','\'','\'','\'','\'','\'','\'','\'','\'','\'','\'','\'','\'','\'','\'','\'','\'','\'','\'','\'','\'','\'','\'','\'','\'','\'','\'','\'','\'','\'','\'','\'','\'','\'','\'','\'','\'','\'','\'','\'','\'','\'','\'','\'','\'','\'','\'','\'','\'','\'','\'','\'','\'','\'','\'','\'','\'','\'','\'','\'','\''}; 
Previous 7: main:array:1={'A','B','C','D','E','F','G','H','I','J','K','L','M','N','O','P','Q','R','S','T','U','V','W','X','Y','Z','a','b','c','d','e','f','g','h','i','j','k','l','m','n','o','p','q','r','s','t','u','v','w','x','y','z','0','1','2','3','4','5','6','7','8','9','!','?','.',',','-','_','/','/','|','@','#','$','%','^','&','*','(',')','{','[',']','`','~','>','<',':',';','`','\'',' ','!','?','.',',','%','+','=','/','/'}; 
Previous 8: main:array:1={'0','0','0','0','0','0','0','0','0','0','0','0','0','0','0','0','0','0','0','0','0','0','0','0','0','0','0','0','0','0','0','0','0','0','0','0','0','0','0','0','0','0','0','0','0','0','0','0','0','0','0','0','0','0','0','0','0','0','0','0','0','0','0','0','0','0','0','0','0','0','0','0','0','0','0','0','0','0','0','0','0','0','0','0','0','0','0','0','0','0','0','0','0','0','0','0','0','0','0','0','0'}; 
Previous 9: main:array:1={'a','b','a','b','a','b','a','b','a','b','a','b','a','b','a','b','a','b','a','b','a','b','a','b','a','b','a','b','a','b','a','b','a','b','a','b','a','b','a','b','a','b','a','b','a','b','a','b','a','b','a','b','a','b','a','b','a','b','a','b','a','b','a','b','a','b','a','b','a','b','a','b','a','b','a','b','a','b','a','b','a','b','a','b','a','b','a','b','a','b','a','b','a','b','a','b','a','b','a','b','a'}; 
Previous 10: main:array:1={'\'','A','\'','B','\'','C','\'','D','\'','E','\'','F','\'','G','\'','H','\'','I','\'','J','\'','K','\'','L','\'','M','\'','N','\'','O','\'','P','\'','Q','\'','R','\'','S','\'','T','\'','U','\'','V','\'','W','\'','X','\'','Y','\'','Z','\'','a','\'','b','\'','c','\'','d','\'','e','\'','f','\'','g','\'','h','\'','i','\'','j','\'','k','\'','l','\'','m','\'','n','\'','o','\'','p','\'','q','\'','r','\'','s','\'','t','\'','u','\'','v','\'','w','\'','x','\''}; 
Previous 11: main:array:1={':','-','a','a','a','a','a','a','a','a','a','a','a','a','a','a','a','a','a','a','a','a','a','a','a','a','a','a','a','a','a','a','a','a','a','a','a','a','a','a','a','a','a','a','a','a','a','a','a','a','a','a','a','a','a','a','a','a','a','a','a','a','a','a','a','a','a','a','a','a','a','a','a','a','a','a','a','a','a','a','a','a','a','a','a','a','a','a','a','a','a','a','a','a','a','a','a','a','a','a','a'}; 
Previous 12: main:array:1={'x','x','x','x','x','x','x','x','x','x','x','x','x','x','x','x','x','x','x','x','x','x','x','x','x','x','x','x','x','x','x','x','x','x','x','x','x','x','x','x','x','x','x','x','x','x','x','x','x','x','x','x','x','x','x','x','x','x','x','x','x','x','x','x','x','x','x','x','x','x','x','x','x','x','x','x','x','x','x','x','x','x','x','x','x','x','x','x','x','x','x','x','x','x','x','x','x','x','x','x','x'}; 
Previous 13: main:array:1={':','b','a','a','a','a','a','a','a','a','a','a','a','a','a','a','a','a','a','a','a','a','a','a','a','a','a','a','a','a','a','a','a','a','a','a','a','a','a','a','a','a','a','a','a','a','a','a','a','a','a','a','a','a','a','a','a','a','a','a','a','a','a','a','a','a','a','a','a','a','a','a','a','a','a','a','a','a','a','a','a','a','a','a','a','a','a','a','a','a','a','a','a','a','a','a','a','a','a','a','a'}; 
Previous 14: main:array:1={'\'','\'',':','\'','a','\'','b','\'','b','\'','b','\'','b','\'','b','\'','b','\'','b','\'','b','\'','b','\'','b','\'','b','\'','b','\'','b','\'','b','\'','b','\'','b','\'','b','\'','b','\'','b','\'','b','\'','b','\'','b','\'','b','\'','b','\'','b','\'','b','\'','b','\'','b','\'','b','\'','b','\'','b','\'','b','\'','b','\'','b','\'','b','\'','b','\'','b','\'','b','\'','b','\'','b','\'','b','\'','b','\'','b','\'','b','\'','b','\'','b','\'','b','\'','b'}; 
Previous 15: main:array:1={'a','a','a','a','a','a','a','a','a','a','a','a','a','a','a','a','a','a','a','a','a','a','a','a','a','a','a','a','a','a','a','a','a','a','a','a','a','a','a','a','a','a','a','a','a','a','a','a','a','a','a','a','a','a','a','a','a','a','a','a','a','a','a','a','a','a','a','a','a','a','a','a','a','a','a','a','a','a','a','a','a','a','a','a','a','a','a','a','a','a','a','a','a','a','a','a','a','a',':','0','0'}; 

Program:
extern char __VERIFIER_nondet_char(void);
/*
Commit Number: e6801c90311679fc0854af73da95fe58079c59f4
URL: https://github.com/FreeRADIUS/freeradius-server/commit/e6801c90311679fc0854af73da95fe58079c59f4
Project Name: freeradius-serve
License: GPL2
termination: false


*/
int main()
{
    int stop = 0;
    char array[101];
    for( int i = 0 ; i < 100 ; i++ )
        array[i] =  __VERIFIER_nondet_char();
    array[100] = 0;
    char* p = array;
    while( (*p) && (!stop) )
    {
        switch(*p){
        case '}':
            stop = 1;
            break;

        case ':':
            if( *(p+1) && (*(p+1) == '-')){
                p += 2;
                stop = 1;
            }
            break;
        default:
            p++;
        }
    }
    return 0;
}

"
19,NT,"main:array:1={'z','z','z','z','z','z','z','z','z','z','z','z','z','z','z','z','z','z','z','z','z','z','z','z','z','z','z','z','z','z','z','z','z','z','z','z','z','z','z','z','z','z','z','z','z','z','z','z','z','z','z','z','z','z','z','z','z','z','z','z','z','z','z','z','z','z','z','z','z','z','z','z','z','z','z','z','z','z','z','z','z','z','z','z','z','z','z','z','z','z','z','z','z','z','z','z','z','z','z','z','z'}
",,COMPLETED,T,false,,"You generate concrete values for nondeterministic inputs in a C/C++ program.
Your goal is to produce ONE complete assignment set that is likely to make the program not terminate.

Important rules:
1. Return a value for EVERY listed nondeterministic input ID.
2. Use each ID exactly once.
3. Respect the declared C/C++ type.
4. For an array, return the value as an array containing exactly the required number of elements.
5. For char arrays, each element must be exactly one character. Return the character itself without C single quotes.
6. Prefer small-magnitude values unless larger values are necessary to achieve the requested execution behavior.

Nondeterministic inputs:
- id: main:array:1, type: char, array: true, size: 101, required elements: 101

Previously generated assignment sets are listed below. Generate a materially different set and do not duplicate any of them.
Previous 1: main:array:1={'a','a','a','a','a','a','a','a','a','a','a','a','a','a','a','a','a','a','a','a','a','a','a','a','a','a','a','a','a','a','a','a','a','a','a','a','a','a','a','a','a','a','a','a','a','a','a','a','a','a','a','a','a','a','a','a','a','a','a','a','a','a','a','a','a','a','a','a','a','a','a','a','a','a','a','a','a','a','a','a','a','a','a','a','a','a','a','a','a','a','a','a','a','a','a','a','a','a','a','a','a'}; 
Previous 2: main:array:1={'}','b','b','b','b','b','b','b','b','b','b','b','b','b','b','b','b','b','b','b','b','b','b','b','b','b','b','b','b','b','b','b','b','b','b','b','b','b','b','b','b','b','b','b','b','b','b','b','b','b','b','b','b','b','b','b','b','b','b','b','b','b','b','b','b','b','b','b','b','b','b','b','b','b','b','b','b','b','b','b','b','b','b','b','b','b','b','b','b','b','b','b','b','b','b','b','b','b','b','b','b'}; 
Previous 3: main:array:1={'}','a','a','a','a','a','a','a','a','a','a','a','a','a','a','a','a','a','a','a','a','a','a','a','a','a','a','a','a','a','a','a','a','a','a','a','a','a','a','a','a','a','a','a','a','a','a','a','a','a','a','a','a','a','a','a','a','a','a','a','a','a','a','a','a','a','a','a','a','a','a','a','a','a','a','a','a','a','a','a','a','a','a','a','a','a','a','a','a','a','a','a','a','a','a','a','a','a','a','a','a'}; 
Previous 4: main:array:1={'b','b','b','b','b','b','b','b','b','b','b','b','b','b','b','b','b','b','b','b','b','b','b','b','b','b','b','b','b','b','b','b','b','b','b','b','b','b','b','b','b','b','b','b','b','b','b','b','b','b','}','c','c','c','c','c','c','c','c','c','c','c','c','c','c','c','c','c','c','c','c','c','c','c','c','c','c','c','c','c','c','c','c','c','c','c','c','c','c','c','x','x','x','x','x','x','x','x','x','x','x'}; 
Previous 5: main:array:1={'\'','}','\'','\'','c','\'','\'','c','\'','\'','c','\'','\'','c','\'','\'','c','\'','\'','c','\'','\'','c','\'','\'','c','\'','\'','c','\'','\'','c','\'','\'','c','\'','\'','c','\'','\'','c','\'','\'','c','\'','\'','c','\'','\'','c','\'','\'','c','\'','\'','c','\'','\'','c','\'','\'','c','\'','\'','c','\'','\'','c','\'','\'','c','\'','\'','c','\'','\'','c','\'','\'','c','\'','\'','c','\'','\'','c','\'','\'','c','\'','\'','c','\'','\'','c','\'','\'','c','\'','\'','c'}; 
Previous 6: main:array:1={'\'','\'','\'','\'','\'','\'','\'','\'','\'','\'','\'','\'','\'','\'','\'','\'','\'','\'','\'','\'','\'','\'','\'','\'','\'','\'','\'','\'','\'','\'','\'','\'','\'','\'','\'','\'','\'','\'','\'','\'','\'','\'','\'','\'','\'','\'','\'','\'','\'','\'','\'','\'','\'','\'','\'','\'','\'','\'','\'','\'','\'','\'','\'','\'','\'','\'','\'','\'','\'','\'','\'','\'','\'','\'','\'','\'','\'','\'','\'','\'','\'','\'','\'','\'','\'','\'','\'','\'','\'','\'','\'','\'','\'','\'','\'','\'','\'','\'','\'','\'','\''}; 
Previous 7: main:array:1={'A','B','C','D','E','F','G','H','I','J','K','L','M','N','O','P','Q','R','S','T','U','V','W','X','Y','Z','a','b','c','d','e','f','g','h','i','j','k','l','m','n','o','p','q','r','s','t','u','v','w','x','y','z','0','1','2','3','4','5','6','7','8','9','!','?','.',',','-','_','/','/','|','@','#','$','%','^','&','*','(',')','{','[',']','`','~','>','<',':',';','`','\'',' ','!','?','.',',','%','+','=','/','/'}; 
Previous 8: main:array:1={'0','0','0','0','0','0','0','0','0','0','0','0','0','0','0','0','0','0','0','0','0','0','0','0','0','0','0','0','0','0','0','0','0','0','0','0','0','0','0','0','0','0','0','0','0','0','0','0','0','0','0','0','0','0','0','0','0','0','0','0','0','0','0','0','0','0','0','0','0','0','0','0','0','0','0','0','0','0','0','0','0','0','0','0','0','0','0','0','0','0','0','0','0','0','0','0','0','0','0','0','0'}; 
Previous 9: main:array:1={'a','b','a','b','a','b','a','b','a','b','a','b','a','b','a','b','a','b','a','b','a','b','a','b','a','b','a','b','a','b','a','b','a','b','a','b','a','b','a','b','a','b','a','b','a','b','a','b','a','b','a','b','a','b','a','b','a','b','a','b','a','b','a','b','a','b','a','b','a','b','a','b','a','b','a','b','a','b','a','b','a','b','a','b','a','b','a','b','a','b','a','b','a','b','a','b','a','b','a','b','a'}; 
Previous 10: main:array:1={'\'','A','\'','B','\'','C','\'','D','\'','E','\'','F','\'','G','\'','H','\'','I','\'','J','\'','K','\'','L','\'','M','\'','N','\'','O','\'','P','\'','Q','\'','R','\'','S','\'','T','\'','U','\'','V','\'','W','\'','X','\'','Y','\'','Z','\'','a','\'','b','\'','c','\'','d','\'','e','\'','f','\'','g','\'','h','\'','i','\'','j','\'','k','\'','l','\'','m','\'','n','\'','o','\'','p','\'','q','\'','r','\'','s','\'','t','\'','u','\'','v','\'','w','\'','x','\''}; 
Previous 11: main:array:1={':','-','a','a','a','a','a','a','a','a','a','a','a','a','a','a','a','a','a','a','a','a','a','a','a','a','a','a','a','a','a','a','a','a','a','a','a','a','a','a','a','a','a','a','a','a','a','a','a','a','a','a','a','a','a','a','a','a','a','a','a','a','a','a','a','a','a','a','a','a','a','a','a','a','a','a','a','a','a','a','a','a','a','a','a','a','a','a','a','a','a','a','a','a','a','a','a','a','a','a','a'}; 
Previous 12: main:array:1={'x','x','x','x','x','x','x','x','x','x','x','x','x','x','x','x','x','x','x','x','x','x','x','x','x','x','x','x','x','x','x','x','x','x','x','x','x','x','x','x','x','x','x','x','x','x','x','x','x','x','x','x','x','x','x','x','x','x','x','x','x','x','x','x','x','x','x','x','x','x','x','x','x','x','x','x','x','x','x','x','x','x','x','x','x','x','x','x','x','x','x','x','x','x','x','x','x','x','x','x','x'}; 
Previous 13: main:array:1={':','b','a','a','a','a','a','a','a','a','a','a','a','a','a','a','a','a','a','a','a','a','a','a','a','a','a','a','a','a','a','a','a','a','a','a','a','a','a','a','a','a','a','a','a','a','a','a','a','a','a','a','a','a','a','a','a','a','a','a','a','a','a','a','a','a','a','a','a','a','a','a','a','a','a','a','a','a','a','a','a','a','a','a','a','a','a','a','a','a','a','a','a','a','a','a','a','a','a','a','a'}; 
Previous 14: main:array:1={'\'','\'',':','\'','a','\'','b','\'','b','\'','b','\'','b','\'','b','\'','b','\'','b','\'','b','\'','b','\'','b','\'','b','\'','b','\'','b','\'','b','\'','b','\'','b','\'','b','\'','b','\'','b','\'','b','\'','b','\'','b','\'','b','\'','b','\'','b','\'','b','\'','b','\'','b','\'','b','\'','b','\'','b','\'','b','\'','b','\'','b','\'','b','\'','b','\'','b','\'','b','\'','b','\'','b','\'','b','\'','b','\'','b','\'','b','\'','b','\'','b','\'','b','\'','b'}; 
Previous 15: main:array:1={'a','a','a','a','a','a','a','a','a','a','a','a','a','a','a','a','a','a','a','a','a','a','a','a','a','a','a','a','a','a','a','a','a','a','a','a','a','a','a','a','a','a','a','a','a','a','a','a','a','a','a','a','a','a','a','a','a','a','a','a','a','a','a','a','a','a','a','a','a','a','a','a','a','a','a','a','a','a','a','a','a','a','a','a','a','a','a','a','a','a','a','a','a','a','a','a','a','a',':','0','0'}; 

Program:
extern char __VERIFIER_nondet_char(void);
/*
Commit Number: e6801c90311679fc0854af73da95fe58079c59f4
URL: https://github.com/FreeRADIUS/freeradius-server/commit/e6801c90311679fc0854af73da95fe58079c59f4
Project Name: freeradius-serve
License: GPL2
termination: false


*/
int main()
{
    int stop = 0;
    char array[101];
    for( int i = 0 ; i < 100 ; i++ )
        array[i] =  __VERIFIER_nondet_char();
    array[100] = 0;
    char* p = array;
    while( (*p) && (!stop) )
    {
        switch(*p){
        case '}':
            stop = 1;
            break;

        case ':':
            if( *(p+1) && (*(p+1) == '-')){
                p += 2;
                stop = 1;
            }
            break;
        default:
            p++;
        }
    }
    return 0;
}

"
20,NT,"main:array:1={'!','!','!','!','!','!','!','!','!','!','!','!','!','!','!','!','!','!','!','!','!','!','!','!','!','!','!','!','!','!','!','!','!','!','!','!','!','!','!','!','!','!','!','!','!','!','!','!','!','!','!','!','!','!','!','!','!','!','!','!','!','!','!','!','!','!','!','!','!','!','!','!','!','!','!','!','!','!','!','!','!','!','!','!','!','!','!','!','!','!','!','!','!','!','!','!','!','!','!','!','!'}
",,COMPLETED,T,false,,"You generate concrete values for nondeterministic inputs in a C/C++ program.
Your goal is to produce ONE complete assignment set that is likely to make the program not terminate.

Important rules:
1. Return a value for EVERY listed nondeterministic input ID.
2. Use each ID exactly once.
3. Respect the declared C/C++ type.
4. For an array, return the value as an array containing exactly the required number of elements.
5. For char arrays, each element must be exactly one character. Return the character itself without C single quotes.
6. Prefer small-magnitude values unless larger values are necessary to achieve the requested execution behavior.

Nondeterministic inputs:
- id: main:array:1, type: char, array: true, size: 101, required elements: 101

Previously generated assignment sets are listed below. Generate a materially different set and do not duplicate any of them.
Previous 1: main:array:1={'a','a','a','a','a','a','a','a','a','a','a','a','a','a','a','a','a','a','a','a','a','a','a','a','a','a','a','a','a','a','a','a','a','a','a','a','a','a','a','a','a','a','a','a','a','a','a','a','a','a','a','a','a','a','a','a','a','a','a','a','a','a','a','a','a','a','a','a','a','a','a','a','a','a','a','a','a','a','a','a','a','a','a','a','a','a','a','a','a','a','a','a','a','a','a','a','a','a','a','a','a'}; 
Previous 2: main:array:1={'}','b','b','b','b','b','b','b','b','b','b','b','b','b','b','b','b','b','b','b','b','b','b','b','b','b','b','b','b','b','b','b','b','b','b','b','b','b','b','b','b','b','b','b','b','b','b','b','b','b','b','b','b','b','b','b','b','b','b','b','b','b','b','b','b','b','b','b','b','b','b','b','b','b','b','b','b','b','b','b','b','b','b','b','b','b','b','b','b','b','b','b','b','b','b','b','b','b','b','b','b'}; 
Previous 3: main:array:1={'}','a','a','a','a','a','a','a','a','a','a','a','a','a','a','a','a','a','a','a','a','a','a','a','a','a','a','a','a','a','a','a','a','a','a','a','a','a','a','a','a','a','a','a','a','a','a','a','a','a','a','a','a','a','a','a','a','a','a','a','a','a','a','a','a','a','a','a','a','a','a','a','a','a','a','a','a','a','a','a','a','a','a','a','a','a','a','a','a','a','a','a','a','a','a','a','a','a','a','a','a'}; 
Previous 4: main:array:1={'b','b','b','b','b','b','b','b','b','b','b','b','b','b','b','b','b','b','b','b','b','b','b','b','b','b','b','b','b','b','b','b','b','b','b','b','b','b','b','b','b','b','b','b','b','b','b','b','b','b','}','c','c','c','c','c','c','c','c','c','c','c','c','c','c','c','c','c','c','c','c','c','c','c','c','c','c','c','c','c','c','c','c','c','c','c','c','c','c','c','x','x','x','x','x','x','x','x','x','x','x'}; 
Previous 5: main:array:1={'\'','}','\'','\'','c','\'','\'','c','\'','\'','c','\'','\'','c','\'','\'','c','\'','\'','c','\'','\'','c','\'','\'','c','\'','\'','c','\'','\'','c','\'','\'','c','\'','\'','c','\'','\'','c','\'','\'','c','\'','\'','c','\'','\'','c','\'','\'','c','\'','\'','c','\'','\'','c','\'','\'','c','\'','\'','c','\'','\'','c','\'','\'','c','\'','\'','c','\'','\'','c','\'','\'','c','\'','\'','c','\'','\'','c','\'','\'','c','\'','\'','c','\'','\'','c','\'','\'','c','\'','\'','c'}; 
Previous 6: main:array:1={'\'','\'','\'','\'','\'','\'','\'','\'','\'','\'','\'','\'','\'','\'','\'','\'','\'','\'','\'','\'','\'','\'','\'','\'','\'','\'','\'','\'','\'','\'','\'','\'','\'','\'','\'','\'','\'','\'','\'','\'','\'','\'','\'','\'','\'','\'','\'','\'','\'','\'','\'','\'','\'','\'','\'','\'','\'','\'','\'','\'','\'','\'','\'','\'','\'','\'','\'','\'','\'','\'','\'','\'','\'','\'','\'','\'','\'','\'','\'','\'','\'','\'','\'','\'','\'','\'','\'','\'','\'','\'','\'','\'','\'','\'','\'','\'','\'','\'','\'','\'','\''}; 
Previous 7: main:array:1={'A','B','C','D','E','F','G','H','I','J','K','L','M','N','O','P','Q','R','S','T','U','V','W','X','Y','Z','a','b','c','d','e','f','g','h','i','j','k','l','m','n','o','p','q','r','s','t','u','v','w','x','y','z','0','1','2','3','4','5','6','7','8','9','!','?','.',',','-','_','/','/','|','@','#','$','%','^','&','*','(',')','{','[',']','`','~','>','<',':',';','`','\'',' ','!','?','.',',','%','+','=','/','/'}; 
Previous 8: main:array:1={'0','0','0','0','0','0','0','0','0','0','0','0','0','0','0','0','0','0','0','0','0','0','0','0','0','0','0','0','0','0','0','0','0','0','0','0','0','0','0','0','0','0','0','0','0','0','0','0','0','0','0','0','0','0','0','0','0','0','0','0','0','0','0','0','0','0','0','0','0','0','0','0','0','0','0','0','0','0','0','0','0','0','0','0','0','0','0','0','0','0','0','0','0','0','0','0','0','0','0','0','0'}; 
Previous 9: main:array:1={'a','b','a','b','a','b','a','b','a','b','a','b','a','b','a','b','a','b','a','b','a','b','a','b','a','b','a','b','a','b','a','b','a','b','a','b','a','b','a','b','a','b','a','b','a','b','a','b','a','b','a','b','a','b','a','b','a','b','a','b','a','b','a','b','a','b','a','b','a','b','a','b','a','b','a','b','a','b','a','b','a','b','a','b','a','b','a','b','a','b','a','b','a','b','a','b','a','b','a','b','a'}; 
Previous 10: main:array:1={'\'','A','\'','B','\'','C','\'','D','\'','E','\'','F','\'','G','\'','H','\'','I','\'','J','\'','K','\'','L','\'','M','\'','N','\'','O','\'','P','\'','Q','\'','R','\'','S','\'','T','\'','U','\'','V','\'','W','\'','X','\'','Y','\'','Z','\'','a','\'','b','\'','c','\'','d','\'','e','\'','f','\'','g','\'','h','\'','i','\'','j','\'','k','\'','l','\'','m','\'','n','\'','o','\'','p','\'','q','\'','r','\'','s','\'','t','\'','u','\'','v','\'','w','\'','x','\''}; 
Previous 11: main:array:1={':','-','a','a','a','a','a','a','a','a','a','a','a','a','a','a','a','a','a','a','a','a','a','a','a','a','a','a','a','a','a','a','a','a','a','a','a','a','a','a','a','a','a','a','a','a','a','a','a','a','a','a','a','a','a','a','a','a','a','a','a','a','a','a','a','a','a','a','a','a','a','a','a','a','a','a','a','a','a','a','a','a','a','a','a','a','a','a','a','a','a','a','a','a','a','a','a','a','a','a','a'}; 
Previous 12: main:array:1={'x','x','x','x','x','x','x','x','x','x','x','x','x','x','x','x','x','x','x','x','x','x','x','x','x','x','x','x','x','x','x','x','x','x','x','x','x','x','x','x','x','x','x','x','x','x','x','x','x','x','x','x','x','x','x','x','x','x','x','x','x','x','x','x','x','x','x','x','x','x','x','x','x','x','x','x','x','x','x','x','x','x','x','x','x','x','x','x','x','x','x','x','x','x','x','x','x','x','x','x','x'}; 
Previous 13: main:array:1={':','b','a','a','a','a','a','a','a','a','a','a','a','a','a','a','a','a','a','a','a','a','a','a','a','a','a','a','a','a','a','a','a','a','a','a','a','a','a','a','a','a','a','a','a','a','a','a','a','a','a','a','a','a','a','a','a','a','a','a','a','a','a','a','a','a','a','a','a','a','a','a','a','a','a','a','a','a','a','a','a','a','a','a','a','a','a','a','a','a','a','a','a','a','a','a','a','a','a','a','a'}; 
Previous 14: main:array:1={'\'','\'',':','\'','a','\'','b','\'','b','\'','b','\'','b','\'','b','\'','b','\'','b','\'','b','\'','b','\'','b','\'','b','\'','b','\'','b','\'','b','\'','b','\'','b','\'','b','\'','b','\'','b','\'','b','\'','b','\'','b','\'','b','\'','b','\'','b','\'','b','\'','b','\'','b','\'','b','\'','b','\'','b','\'','b','\'','b','\'','b','\'','b','\'','b','\'','b','\'','b','\'','b','\'','b','\'','b','\'','b','\'','b','\'','b','\'','b','\'','b','\'','b','\'','b'}; 
Previous 15: main:array:1={'a','a','a','a','a','a','a','a','a','a','a','a','a','a','a','a','a','a','a','a','a','a','a','a','a','a','a','a','a','a','a','a','a','a','a','a','a','a','a','a','a','a','a','a','a','a','a','a','a','a','a','a','a','a','a','a','a','a','a','a','a','a','a','a','a','a','a','a','a','a','a','a','a','a','a','a','a','a','a','a','a','a','a','a','a','a','a','a','a','a','a','a','a','a','a','a','a','a',':','0','0'}; 
Previous 16: main:array:1={'z','z','z','z','z','z','z','z','z','z','z','z','z','z','z','z','z','z','z','z','z','z','z','z','z','z','z','z','z','z','z','z','z','z','z','z','z','z','z','z','z','z','z','z','z','z','z','z','z','z','z','z','z','z','z','z','z','z','z','z','z','z','z','z','z','z','z','z','z','z','z','z','z','z','z','z','z','z','z','z','z','z','z','z','z','z','z','z','z','z','z','z','z','z','z','z','z','z','z','z','z'}; 

Program:
extern char __VERIFIER_nondet_char(void);
/*
Commit Number: e6801c90311679fc0854af73da95fe58079c59f4
URL: https://github.com/FreeRADIUS/freeradius-server/commit/e6801c90311679fc0854af73da95fe58079c59f4
Project Name: freeradius-serve
License: GPL2
termination: false


*/
int main()
{
    int stop = 0;
    char array[101];
    for( int i = 0 ; i < 100 ; i++ )
        array[i] =  __VERIFIER_nondet_char();
    array[100] = 0;
    char* p = array;
    while( (*p) && (!stop) )
    {
        switch(*p){
        case '}':
            stop = 1;
            break;

        case ':':
            if( *(p+1) && (*(p+1) == '-')){
                p += 2;
                stop = 1;
            }
            break;
        default:
            p++;
        }
    }
    return 0;
}

"
21,NT,"main:array:1={'a','a','a','a','a','a','a','a','a','a','a','a','a','a','a','a','a','a','a','a','a','a','a','a','a','a','a','a','a','a','a','a','a','a','a','a','a','a','a','a','a','a','a','a','a','a','a','a','a','a','a','a','a','a','a','a','a','a','a','a','a','a','a','a','a','a','a','a','a','a','a','a','a','a','a','a','a','a','a','a','a','a','a','a','a','a','a','a','a','a','a','a','a','a','a','a','a','a','a','a','a'}
",,DUPLICATE,,false,,"You generate concrete values for nondeterministic inputs in a C/C++ program.
Your goal is to produce ONE complete assignment set that is likely to make the program not terminate.

Important rules:
1. Return a value for EVERY listed nondeterministic input ID.
2. Use each ID exactly once.
3. Respect the declared C/C++ type.
4. For an array, return the value as an array containing exactly the required number of elements.
5. For char arrays, each element must be exactly one character. Return the character itself without C single quotes.
6. Prefer small-magnitude values unless larger values are necessary to achieve the requested execution behavior.

Nondeterministic inputs:
- id: main:array:1, type: char, array: true, size: 101, required elements: 101

Previously generated assignment sets are listed below. Generate a materially different set and do not duplicate any of them.
Previous 1: main:array:1={'a','a','a','a','a','a','a','a','a','a','a','a','a','a','a','a','a','a','a','a','a','a','a','a','a','a','a','a','a','a','a','a','a','a','a','a','a','a','a','a','a','a','a','a','a','a','a','a','a','a','a','a','a','a','a','a','a','a','a','a','a','a','a','a','a','a','a','a','a','a','a','a','a','a','a','a','a','a','a','a','a','a','a','a','a','a','a','a','a','a','a','a','a','a','a','a','a','a','a','a','a'}; 
Previous 2: main:array:1={'}','b','b','b','b','b','b','b','b','b','b','b','b','b','b','b','b','b','b','b','b','b','b','b','b','b','b','b','b','b','b','b','b','b','b','b','b','b','b','b','b','b','b','b','b','b','b','b','b','b','b','b','b','b','b','b','b','b','b','b','b','b','b','b','b','b','b','b','b','b','b','b','b','b','b','b','b','b','b','b','b','b','b','b','b','b','b','b','b','b','b','b','b','b','b','b','b','b','b','b','b'}; 
Previous 3: main:array:1={'}','a','a','a','a','a','a','a','a','a','a','a','a','a','a','a','a','a','a','a','a','a','a','a','a','a','a','a','a','a','a','a','a','a','a','a','a','a','a','a','a','a','a','a','a','a','a','a','a','a','a','a','a','a','a','a','a','a','a','a','a','a','a','a','a','a','a','a','a','a','a','a','a','a','a','a','a','a','a','a','a','a','a','a','a','a','a','a','a','a','a','a','a','a','a','a','a','a','a','a','a'}; 
Previous 4: main:array:1={'b','b','b','b','b','b','b','b','b','b','b','b','b','b','b','b','b','b','b','b','b','b','b','b','b','b','b','b','b','b','b','b','b','b','b','b','b','b','b','b','b','b','b','b','b','b','b','b','b','b','}','c','c','c','c','c','c','c','c','c','c','c','c','c','c','c','c','c','c','c','c','c','c','c','c','c','c','c','c','c','c','c','c','c','c','c','c','c','c','c','x','x','x','x','x','x','x','x','x','x','x'}; 
Previous 5: main:array:1={'\'','}','\'','\'','c','\'','\'','c','\'','\'','c','\'','\'','c','\'','\'','c','\'','\'','c','\'','\'','c','\'','\'','c','\'','\'','c','\'','\'','c','\'','\'','c','\'','\'','c','\'','\'','c','\'','\'','c','\'','\'','c','\'','\'','c','\'','\'','c','\'','\'','c','\'','\'','c','\'','\'','c','\'','\'','c','\'','\'','c','\'','\'','c','\'','\'','c','\'','\'','c','\'','\'','c','\'','\'','c','\'','\'','c','\'','\'','c','\'','\'','c','\'','\'','c','\'','\'','c','\'','\'','c'}; 
Previous 6: main:array:1={'\'','\'','\'','\'','\'','\'','\'','\'','\'','\'','\'','\'','\'','\'','\'','\'','\'','\'','\'','\'','\'','\'','\'','\'','\'','\'','\'','\'','\'','\'','\'','\'','\'','\'','\'','\'','\'','\'','\'','\'','\'','\'','\'','\'','\'','\'','\'','\'','\'','\'','\'','\'','\'','\'','\'','\'','\'','\'','\'','\'','\'','\'','\'','\'','\'','\'','\'','\'','\'','\'','\'','\'','\'','\'','\'','\'','\'','\'','\'','\'','\'','\'','\'','\'','\'','\'','\'','\'','\'','\'','\'','\'','\'','\'','\'','\'','\'','\'','\'','\'','\''}; 
Previous 7: main:array:1={'A','B','C','D','E','F','G','H','I','J','K','L','M','N','O','P','Q','R','S','T','U','V','W','X','Y','Z','a','b','c','d','e','f','g','h','i','j','k','l','m','n','o','p','q','r','s','t','u','v','w','x','y','z','0','1','2','3','4','5','6','7','8','9','!','?','.',',','-','_','/','/','|','@','#','$','%','^','&','*','(',')','{','[',']','`','~','>','<',':',';','`','\'',' ','!','?','.',',','%','+','=','/','/'}; 
Previous 8: main:array:1={'0','0','0','0','0','0','0','0','0','0','0','0','0','0','0','0','0','0','0','0','0','0','0','0','0','0','0','0','0','0','0','0','0','0','0','0','0','0','0','0','0','0','0','0','0','0','0','0','0','0','0','0','0','0','0','0','0','0','0','0','0','0','0','0','0','0','0','0','0','0','0','0','0','0','0','0','0','0','0','0','0','0','0','0','0','0','0','0','0','0','0','0','0','0','0','0','0','0','0','0','0'}; 
Previous 9: main:array:1={'a','b','a','b','a','b','a','b','a','b','a','b','a','b','a','b','a','b','a','b','a','b','a','b','a','b','a','b','a','b','a','b','a','b','a','b','a','b','a','b','a','b','a','b','a','b','a','b','a','b','a','b','a','b','a','b','a','b','a','b','a','b','a','b','a','b','a','b','a','b','a','b','a','b','a','b','a','b','a','b','a','b','a','b','a','b','a','b','a','b','a','b','a','b','a','b','a','b','a','b','a'}; 
Previous 10: main:array:1={'\'','A','\'','B','\'','C','\'','D','\'','E','\'','F','\'','G','\'','H','\'','I','\'','J','\'','K','\'','L','\'','M','\'','N','\'','O','\'','P','\'','Q','\'','R','\'','S','\'','T','\'','U','\'','V','\'','W','\'','X','\'','Y','\'','Z','\'','a','\'','b','\'','c','\'','d','\'','e','\'','f','\'','g','\'','h','\'','i','\'','j','\'','k','\'','l','\'','m','\'','n','\'','o','\'','p','\'','q','\'','r','\'','s','\'','t','\'','u','\'','v','\'','w','\'','x','\''}; 
Previous 11: main:array:1={':','-','a','a','a','a','a','a','a','a','a','a','a','a','a','a','a','a','a','a','a','a','a','a','a','a','a','a','a','a','a','a','a','a','a','a','a','a','a','a','a','a','a','a','a','a','a','a','a','a','a','a','a','a','a','a','a','a','a','a','a','a','a','a','a','a','a','a','a','a','a','a','a','a','a','a','a','a','a','a','a','a','a','a','a','a','a','a','a','a','a','a','a','a','a','a','a','a','a','a','a'}; 
Previous 12: main:array:1={'x','x','x','x','x','x','x','x','x','x','x','x','x','x','x','x','x','x','x','x','x','x','x','x','x','x','x','x','x','x','x','x','x','x','x','x','x','x','x','x','x','x','x','x','x','x','x','x','x','x','x','x','x','x','x','x','x','x','x','x','x','x','x','x','x','x','x','x','x','x','x','x','x','x','x','x','x','x','x','x','x','x','x','x','x','x','x','x','x','x','x','x','x','x','x','x','x','x','x','x','x'}; 
Previous 13: main:array:1={':','b','a','a','a','a','a','a','a','a','a','a','a','a','a','a','a','a','a','a','a','a','a','a','a','a','a','a','a','a','a','a','a','a','a','a','a','a','a','a','a','a','a','a','a','a','a','a','a','a','a','a','a','a','a','a','a','a','a','a','a','a','a','a','a','a','a','a','a','a','a','a','a','a','a','a','a','a','a','a','a','a','a','a','a','a','a','a','a','a','a','a','a','a','a','a','a','a','a','a','a'}; 
Previous 14: main:array:1={'\'','\'',':','\'','a','\'','b','\'','b','\'','b','\'','b','\'','b','\'','b','\'','b','\'','b','\'','b','\'','b','\'','b','\'','b','\'','b','\'','b','\'','b','\'','b','\'','b','\'','b','\'','b','\'','b','\'','b','\'','b','\'','b','\'','b','\'','b','\'','b','\'','b','\'','b','\'','b','\'','b','\'','b','\'','b','\'','b','\'','b','\'','b','\'','b','\'','b','\'','b','\'','b','\'','b','\'','b','\'','b','\'','b','\'','b','\'','b','\'','b','\'','b','\'','b'}; 
Previous 15: main:array:1={'a','a','a','a','a','a','a','a','a','a','a','a','a','a','a','a','a','a','a','a','a','a','a','a','a','a','a','a','a','a','a','a','a','a','a','a','a','a','a','a','a','a','a','a','a','a','a','a','a','a','a','a','a','a','a','a','a','a','a','a','a','a','a','a','a','a','a','a','a','a','a','a','a','a','a','a','a','a','a','a','a','a','a','a','a','a','a','a','a','a','a','a','a','a','a','a','a','a',':','0','0'}; 
Previous 16: main:array:1={'z','z','z','z','z','z','z','z','z','z','z','z','z','z','z','z','z','z','z','z','z','z','z','z','z','z','z','z','z','z','z','z','z','z','z','z','z','z','z','z','z','z','z','z','z','z','z','z','z','z','z','z','z','z','z','z','z','z','z','z','z','z','z','z','z','z','z','z','z','z','z','z','z','z','z','z','z','z','z','z','z','z','z','z','z','z','z','z','z','z','z','z','z','z','z','z','z','z','z','z','z'}; 
Previous 17: main:array:1={'!','!','!','!','!','!','!','!','!','!','!','!','!','!','!','!','!','!','!','!','!','!','!','!','!','!','!','!','!','!','!','!','!','!','!','!','!','!','!','!','!','!','!','!','!','!','!','!','!','!','!','!','!','!','!','!','!','!','!','!','!','!','!','!','!','!','!','!','!','!','!','!','!','!','!','!','!','!','!','!','!','!','!','!','!','!','!','!','!','!','!','!','!','!','!','!','!','!','!','!','!'}; 

Program:
extern char __VERIFIER_nondet_char(void);
/*
Commit Number: e6801c90311679fc0854af73da95fe58079c59f4
URL: https://github.com/FreeRADIUS/freeradius-server/commit/e6801c90311679fc0854af73da95fe58079c59f4
Project Name: freeradius-serve
License: GPL2
termination: false


*/
int main()
{
    int stop = 0;
    char array[101];
    for( int i = 0 ; i < 100 ; i++ )
        array[i] =  __VERIFIER_nondet_char();
    array[100] = 0;
    char* p = array;
    while( (*p) && (!stop) )
    {
        switch(*p){
        case '}':
            stop = 1;
            break;

        case ':':
            if( *(p+1) && (*(p+1) == '-')){
                p += 2;
                stop = 1;
            }
            break;
        default:
            p++;
        }
    }
    return 0;
}

"
22,NT,"main:array:1={'a','a','a','a','a','a','a','a','a','a','a','a','a','a','a','a','a','a','a','a','a','a','a','a','a','a','a','a','a','a','a','a','a','a','a','a','a','a','a','a','a','a','a','a','a','a','a','a','a','a','a','a','a','a','a','a','a','a','a','a','a','a','a','a','a','a','a','a','a','a','a','a','a','a','a','a','a','a','a','a','a','a','a','a','a','a','a','a','a','a','a','a','a','a','a','a','a','a','b','b','b'}
",,COMPLETED,T,false,,"You generate concrete values for nondeterministic inputs in a C/C++ program.
Your goal is to produce ONE complete assignment set that is likely to make the program not terminate.

Important rules:
1. Return a value for EVERY listed nondeterministic input ID.
2. Use each ID exactly once.
3. Respect the declared C/C++ type.
4. For an array, return the value as an array containing exactly the required number of elements.
5. For char arrays, each element must be exactly one character. Return the character itself without C single quotes.
6. Prefer small-magnitude values unless larger values are necessary to achieve the requested execution behavior.

Nondeterministic inputs:
- id: main:array:1, type: char, array: true, size: 101, required elements: 101

Previously generated assignment sets are listed below. Generate a materially different set and do not duplicate any of them.
Previous 1: main:array:1={'a','a','a','a','a','a','a','a','a','a','a','a','a','a','a','a','a','a','a','a','a','a','a','a','a','a','a','a','a','a','a','a','a','a','a','a','a','a','a','a','a','a','a','a','a','a','a','a','a','a','a','a','a','a','a','a','a','a','a','a','a','a','a','a','a','a','a','a','a','a','a','a','a','a','a','a','a','a','a','a','a','a','a','a','a','a','a','a','a','a','a','a','a','a','a','a','a','a','a','a','a'}; 
Previous 2: main:array:1={'}','b','b','b','b','b','b','b','b','b','b','b','b','b','b','b','b','b','b','b','b','b','b','b','b','b','b','b','b','b','b','b','b','b','b','b','b','b','b','b','b','b','b','b','b','b','b','b','b','b','b','b','b','b','b','b','b','b','b','b','b','b','b','b','b','b','b','b','b','b','b','b','b','b','b','b','b','b','b','b','b','b','b','b','b','b','b','b','b','b','b','b','b','b','b','b','b','b','b','b','b'}; 
Previous 3: main:array:1={'}','a','a','a','a','a','a','a','a','a','a','a','a','a','a','a','a','a','a','a','a','a','a','a','a','a','a','a','a','a','a','a','a','a','a','a','a','a','a','a','a','a','a','a','a','a','a','a','a','a','a','a','a','a','a','a','a','a','a','a','a','a','a','a','a','a','a','a','a','a','a','a','a','a','a','a','a','a','a','a','a','a','a','a','a','a','a','a','a','a','a','a','a','a','a','a','a','a','a','a','a'}; 
Previous 4: main:array:1={'b','b','b','b','b','b','b','b','b','b','b','b','b','b','b','b','b','b','b','b','b','b','b','b','b','b','b','b','b','b','b','b','b','b','b','b','b','b','b','b','b','b','b','b','b','b','b','b','b','b','}','c','c','c','c','c','c','c','c','c','c','c','c','c','c','c','c','c','c','c','c','c','c','c','c','c','c','c','c','c','c','c','c','c','c','c','c','c','c','c','x','x','x','x','x','x','x','x','x','x','x'}; 
Previous 5: main:array:1={'\'','}','\'','\'','c','\'','\'','c','\'','\'','c','\'','\'','c','\'','\'','c','\'','\'','c','\'','\'','c','\'','\'','c','\'','\'','c','\'','\'','c','\'','\'','c','\'','\'','c','\'','\'','c','\'','\'','c','\'','\'','c','\'','\'','c','\'','\'','c','\'','\'','c','\'','\'','c','\'','\'','c','\'','\'','c','\'','\'','c','\'','\'','c','\'','\'','c','\'','\'','c','\'','\'','c','\'','\'','c','\'','\'','c','\'','\'','c','\'','\'','c','\'','\'','c','\'','\'','c','\'','\'','c'}; 
Previous 6: main:array:1={'\'','\'','\'','\'','\'','\'','\'','\'','\'','\'','\'','\'','\'','\'','\'','\'','\'','\'','\'','\'','\'','\'','\'','\'','\'','\'','\'','\'','\'','\'','\'','\'','\'','\'','\'','\'','\'','\'','\'','\'','\'','\'','\'','\'','\'','\'','\'','\'','\'','\'','\'','\'','\'','\'','\'','\'','\'','\'','\'','\'','\'','\'','\'','\'','\'','\'','\'','\'','\'','\'','\'','\'','\'','\'','\'','\'','\'','\'','\'','\'','\'','\'','\'','\'','\'','\'','\'','\'','\'','\'','\'','\'','\'','\'','\'','\'','\'','\'','\'','\'','\''}; 
Previous 7: main:array:1={'A','B','C','D','E','F','G','H','I','J','K','L','M','N','O','P','Q','R','S','T','U','V','W','X','Y','Z','a','b','c','d','e','f','g','h','i','j','k','l','m','n','o','p','q','r','s','t','u','v','w','x','y','z','0','1','2','3','4','5','6','7','8','9','!','?','.',',','-','_','/','/','|','@','#','$','%','^','&','*','(',')','{','[',']','`','~','>','<',':',';','`','\'',' ','!','?','.',',','%','+','=','/','/'}; 
Previous 8: main:array:1={'0','0','0','0','0','0','0','0','0','0','0','0','0','0','0','0','0','0','0','0','0','0','0','0','0','0','0','0','0','0','0','0','0','0','0','0','0','0','0','0','0','0','0','0','0','0','0','0','0','0','0','0','0','0','0','0','0','0','0','0','0','0','0','0','0','0','0','0','0','0','0','0','0','0','0','0','0','0','0','0','0','0','0','0','0','0','0','0','0','0','0','0','0','0','0','0','0','0','0','0','0'}; 
Previous 9: main:array:1={'a','b','a','b','a','b','a','b','a','b','a','b','a','b','a','b','a','b','a','b','a','b','a','b','a','b','a','b','a','b','a','b','a','b','a','b','a','b','a','b','a','b','a','b','a','b','a','b','a','b','a','b','a','b','a','b','a','b','a','b','a','b','a','b','a','b','a','b','a','b','a','b','a','b','a','b','a','b','a','b','a','b','a','b','a','b','a','b','a','b','a','b','a','b','a','b','a','b','a','b','a'}; 
Previous 10: main:array:1={'\'','A','\'','B','\'','C','\'','D','\'','E','\'','F','\'','G','\'','H','\'','I','\'','J','\'','K','\'','L','\'','M','\'','N','\'','O','\'','P','\'','Q','\'','R','\'','S','\'','T','\'','U','\'','V','\'','W','\'','X','\'','Y','\'','Z','\'','a','\'','b','\'','c','\'','d','\'','e','\'','f','\'','g','\'','h','\'','i','\'','j','\'','k','\'','l','\'','m','\'','n','\'','o','\'','p','\'','q','\'','r','\'','s','\'','t','\'','u','\'','v','\'','w','\'','x','\''}; 
Previous 11: main:array:1={':','-','a','a','a','a','a','a','a','a','a','a','a','a','a','a','a','a','a','a','a','a','a','a','a','a','a','a','a','a','a','a','a','a','a','a','a','a','a','a','a','a','a','a','a','a','a','a','a','a','a','a','a','a','a','a','a','a','a','a','a','a','a','a','a','a','a','a','a','a','a','a','a','a','a','a','a','a','a','a','a','a','a','a','a','a','a','a','a','a','a','a','a','a','a','a','a','a','a','a','a'}; 
Previous 12: main:array:1={'x','x','x','x','x','x','x','x','x','x','x','x','x','x','x','x','x','x','x','x','x','x','x','x','x','x','x','x','x','x','x','x','x','x','x','x','x','x','x','x','x','x','x','x','x','x','x','x','x','x','x','x','x','x','x','x','x','x','x','x','x','x','x','x','x','x','x','x','x','x','x','x','x','x','x','x','x','x','x','x','x','x','x','x','x','x','x','x','x','x','x','x','x','x','x','x','x','x','x','x','x'}; 
Previous 13: main:array:1={':','b','a','a','a','a','a','a','a','a','a','a','a','a','a','a','a','a','a','a','a','a','a','a','a','a','a','a','a','a','a','a','a','a','a','a','a','a','a','a','a','a','a','a','a','a','a','a','a','a','a','a','a','a','a','a','a','a','a','a','a','a','a','a','a','a','a','a','a','a','a','a','a','a','a','a','a','a','a','a','a','a','a','a','a','a','a','a','a','a','a','a','a','a','a','a','a','a','a','a','a'}; 
Previous 14: main:array:1={'\'','\'',':','\'','a','\'','b','\'','b','\'','b','\'','b','\'','b','\'','b','\'','b','\'','b','\'','b','\'','b','\'','b','\'','b','\'','b','\'','b','\'','b','\'','b','\'','b','\'','b','\'','b','\'','b','\'','b','\'','b','\'','b','\'','b','\'','b','\'','b','\'','b','\'','b','\'','b','\'','b','\'','b','\'','b','\'','b','\'','b','\'','b','\'','b','\'','b','\'','b','\'','b','\'','b','\'','b','\'','b','\'','b','\'','b','\'','b','\'','b','\'','b','\'','b'}; 
Previous 15: main:array:1={'a','a','a','a','a','a','a','a','a','a','a','a','a','a','a','a','a','a','a','a','a','a','a','a','a','a','a','a','a','a','a','a','a','a','a','a','a','a','a','a','a','a','a','a','a','a','a','a','a','a','a','a','a','a','a','a','a','a','a','a','a','a','a','a','a','a','a','a','a','a','a','a','a','a','a','a','a','a','a','a','a','a','a','a','a','a','a','a','a','a','a','a','a','a','a','a','a','a',':','0','0'}; 
Previous 16: main:array:1={'z','z','z','z','z','z','z','z','z','z','z','z','z','z','z','z','z','z','z','z','z','z','z','z','z','z','z','z','z','z','z','z','z','z','z','z','z','z','z','z','z','z','z','z','z','z','z','z','z','z','z','z','z','z','z','z','z','z','z','z','z','z','z','z','z','z','z','z','z','z','z','z','z','z','z','z','z','z','z','z','z','z','z','z','z','z','z','z','z','z','z','z','z','z','z','z','z','z','z','z','z'}; 
Previous 17: main:array:1={'!','!','!','!','!','!','!','!','!','!','!','!','!','!','!','!','!','!','!','!','!','!','!','!','!','!','!','!','!','!','!','!','!','!','!','!','!','!','!','!','!','!','!','!','!','!','!','!','!','!','!','!','!','!','!','!','!','!','!','!','!','!','!','!','!','!','!','!','!','!','!','!','!','!','!','!','!','!','!','!','!','!','!','!','!','!','!','!','!','!','!','!','!','!','!','!','!','!','!','!','!'}; 

Program:
extern char __VERIFIER_nondet_char(void);
/*
Commit Number: e6801c90311679fc0854af73da95fe58079c59f4
URL: https://github.com/FreeRADIUS/freeradius-server/commit/e6801c90311679fc0854af73da95fe58079c59f4
Project Name: freeradius-serve
License: GPL2
termination: false


*/
int main()
{
    int stop = 0;
    char array[101];
    for( int i = 0 ; i < 100 ; i++ )
        array[i] =  __VERIFIER_nondet_char();
    array[100] = 0;
    char* p = array;
    while( (*p) && (!stop) )
    {
        switch(*p){
        case '}':
            stop = 1;
            break;

        case ':':
            if( *(p+1) && (*(p+1) == '-')){
                p += 2;
                stop = 1;
            }
            break;
        default:
            p++;
        }
    }
    return 0;
}

"
23,NT,"main:array:1={'A','B','C','D','E','F','G','H','I','J','K','L','M','N','O','P','Q','R','S','T','U','V','W','X','Y','Z','A','B','C','D','E','F','G','H','I','J','K','L','M','N','O','P','Q','R','S','T','U','V','W','X','Y','Z','A','B','C','D','E','F','G','H','I','J','K','L','M','N','O','P','Q','R','S','T','U','V','W','X','Y','Z','A','B','C','D','E','F','G','H','I','J','K','L','M','N','O','P','Q','R','S','T','U','V','W'}
",,COMPLETED,T,false,,"You generate concrete values for nondeterministic inputs in a C/C++ program.
Your goal is to produce ONE complete assignment set that is likely to make the program not terminate.

Important rules:
1. Return a value for EVERY listed nondeterministic input ID.
2. Use each ID exactly once.
3. Respect the declared C/C++ type.
4. For an array, return the value as an array containing exactly the required number of elements.
5. For char arrays, each element must be exactly one character. Return the character itself without C single quotes.
6. Prefer small-magnitude values unless larger values are necessary to achieve the requested execution behavior.

Nondeterministic inputs:
- id: main:array:1, type: char, array: true, size: 101, required elements: 101

Previously generated assignment sets are listed below. Generate a materially different set and do not duplicate any of them.
Previous 1: main:array:1={'a','a','a','a','a','a','a','a','a','a','a','a','a','a','a','a','a','a','a','a','a','a','a','a','a','a','a','a','a','a','a','a','a','a','a','a','a','a','a','a','a','a','a','a','a','a','a','a','a','a','a','a','a','a','a','a','a','a','a','a','a','a','a','a','a','a','a','a','a','a','a','a','a','a','a','a','a','a','a','a','a','a','a','a','a','a','a','a','a','a','a','a','a','a','a','a','a','a','a','a','a'}; 
Previous 2: main:array:1={'}','b','b','b','b','b','b','b','b','b','b','b','b','b','b','b','b','b','b','b','b','b','b','b','b','b','b','b','b','b','b','b','b','b','b','b','b','b','b','b','b','b','b','b','b','b','b','b','b','b','b','b','b','b','b','b','b','b','b','b','b','b','b','b','b','b','b','b','b','b','b','b','b','b','b','b','b','b','b','b','b','b','b','b','b','b','b','b','b','b','b','b','b','b','b','b','b','b','b','b','b'}; 
Previous 3: main:array:1={'}','a','a','a','a','a','a','a','a','a','a','a','a','a','a','a','a','a','a','a','a','a','a','a','a','a','a','a','a','a','a','a','a','a','a','a','a','a','a','a','a','a','a','a','a','a','a','a','a','a','a','a','a','a','a','a','a','a','a','a','a','a','a','a','a','a','a','a','a','a','a','a','a','a','a','a','a','a','a','a','a','a','a','a','a','a','a','a','a','a','a','a','a','a','a','a','a','a','a','a','a'}; 
Previous 4: main:array:1={'b','b','b','b','b','b','b','b','b','b','b','b','b','b','b','b','b','b','b','b','b','b','b','b','b','b','b','b','b','b','b','b','b','b','b','b','b','b','b','b','b','b','b','b','b','b','b','b','b','b','}','c','c','c','c','c','c','c','c','c','c','c','c','c','c','c','c','c','c','c','c','c','c','c','c','c','c','c','c','c','c','c','c','c','c','c','c','c','c','c','x','x','x','x','x','x','x','x','x','x','x'}; 
Previous 5: main:array:1={'\'','}','\'','\'','c','\'','\'','c','\'','\'','c','\'','\'','c','\'','\'','c','\'','\'','c','\'','\'','c','\'','\'','c','\'','\'','c','\'','\'','c','\'','\'','c','\'','\'','c','\'','\'','c','\'','\'','c','\'','\'','c','\'','\'','c','\'','\'','c','\'','\'','c','\'','\'','c','\'','\'','c','\'','\'','c','\'','\'','c','\'','\'','c','\'','\'','c','\'','\'','c','\'','\'','c','\'','\'','c','\'','\'','c','\'','\'','c','\'','\'','c','\'','\'','c','\'','\'','c','\'','\'','c'}; 
Previous 6: main:array:1={'\'','\'','\'','\'','\'','\'','\'','\'','\'','\'','\'','\'','\'','\'','\'','\'','\'','\'','\'','\'','\'','\'','\'','\'','\'','\'','\'','\'','\'','\'','\'','\'','\'','\'','\'','\'','\'','\'','\'','\'','\'','\'','\'','\'','\'','\'','\'','\'','\'','\'','\'','\'','\'','\'','\'','\'','\'','\'','\'','\'','\'','\'','\'','\'','\'','\'','\'','\'','\'','\'','\'','\'','\'','\'','\'','\'','\'','\'','\'','\'','\'','\'','\'','\'','\'','\'','\'','\'','\'','\'','\'','\'','\'','\'','\'','\'','\'','\'','\'','\'','\''}; 
Previous 7: main:array:1={'A','B','C','D','E','F','G','H','I','J','K','L','M','N','O','P','Q','R','S','T','U','V','W','X','Y','Z','a','b','c','d','e','f','g','h','i','j','k','l','m','n','o','p','q','r','s','t','u','v','w','x','y','z','0','1','2','3','4','5','6','7','8','9','!','?','.',',','-','_','/','/','|','@','#','$','%','^','&','*','(',')','{','[',']','`','~','>','<',':',';','`','\'',' ','!','?','.',',','%','+','=','/','/'}; 
Previous 8: main:array:1={'0','0','0','0','0','0','0','0','0','0','0','0','0','0','0','0','0','0','0','0','0','0','0','0','0','0','0','0','0','0','0','0','0','0','0','0','0','0','0','0','0','0','0','0','0','0','0','0','0','0','0','0','0','0','0','0','0','0','0','0','0','0','0','0','0','0','0','0','0','0','0','0','0','0','0','0','0','0','0','0','0','0','0','0','0','0','0','0','0','0','0','0','0','0','0','0','0','0','0','0','0'}; 
Previous 9: main:array:1={'a','b','a','b','a','b','a','b','a','b','a','b','a','b','a','b','a','b','a','b','a','b','a','b','a','b','a','b','a','b','a','b','a','b','a','b','a','b','a','b','a','b','a','b','a','b','a','b','a','b','a','b','a','b','a','b','a','b','a','b','a','b','a','b','a','b','a','b','a','b','a','b','a','b','a','b','a','b','a','b','a','b','a','b','a','b','a','b','a','b','a','b','a','b','a','b','a','b','a','b','a'}; 
Previous 10: main:array:1={'\'','A','\'','B','\'','C','\'','D','\'','E','\'','F','\'','G','\'','H','\'','I','\'','J','\'','K','\'','L','\'','M','\'','N','\'','O','\'','P','\'','Q','\'','R','\'','S','\'','T','\'','U','\'','V','\'','W','\'','X','\'','Y','\'','Z','\'','a','\'','b','\'','c','\'','d','\'','e','\'','f','\'','g','\'','h','\'','i','\'','j','\'','k','\'','l','\'','m','\'','n','\'','o','\'','p','\'','q','\'','r','\'','s','\'','t','\'','u','\'','v','\'','w','\'','x','\''}; 
Previous 11: main:array:1={':','-','a','a','a','a','a','a','a','a','a','a','a','a','a','a','a','a','a','a','a','a','a','a','a','a','a','a','a','a','a','a','a','a','a','a','a','a','a','a','a','a','a','a','a','a','a','a','a','a','a','a','a','a','a','a','a','a','a','a','a','a','a','a','a','a','a','a','a','a','a','a','a','a','a','a','a','a','a','a','a','a','a','a','a','a','a','a','a','a','a','a','a','a','a','a','a','a','a','a','a'}; 
Previous 12: main:array:1={'x','x','x','x','x','x','x','x','x','x','x','x','x','x','x','x','x','x','x','x','x','x','x','x','x','x','x','x','x','x','x','x','x','x','x','x','x','x','x','x','x','x','x','x','x','x','x','x','x','x','x','x','x','x','x','x','x','x','x','x','x','x','x','x','x','x','x','x','x','x','x','x','x','x','x','x','x','x','x','x','x','x','x','x','x','x','x','x','x','x','x','x','x','x','x','x','x','x','x','x','x'}; 
Previous 13: main:array:1={':','b','a','a','a','a','a','a','a','a','a','a','a','a','a','a','a','a','a','a','a','a','a','a','a','a','a','a','a','a','a','a','a','a','a','a','a','a','a','a','a','a','a','a','a','a','a','a','a','a','a','a','a','a','a','a','a','a','a','a','a','a','a','a','a','a','a','a','a','a','a','a','a','a','a','a','a','a','a','a','a','a','a','a','a','a','a','a','a','a','a','a','a','a','a','a','a','a','a','a','a'}; 
Previous 14: main:array:1={'\'','\'',':','\'','a','\'','b','\'','b','\'','b','\'','b','\'','b','\'','b','\'','b','\'','b','\'','b','\'','b','\'','b','\'','b','\'','b','\'','b','\'','b','\'','b','\'','b','\'','b','\'','b','\'','b','\'','b','\'','b','\'','b','\'','b','\'','b','\'','b','\'','b','\'','b','\'','b','\'','b','\'','b','\'','b','\'','b','\'','b','\'','b','\'','b','\'','b','\'','b','\'','b','\'','b','\'','b','\'','b','\'','b','\'','b','\'','b','\'','b','\'','b','\'','b'}; 
Previous 15: main:array:1={'a','a','a','a','a','a','a','a','a','a','a','a','a','a','a','a','a','a','a','a','a','a','a','a','a','a','a','a','a','a','a','a','a','a','a','a','a','a','a','a','a','a','a','a','a','a','a','a','a','a','a','a','a','a','a','a','a','a','a','a','a','a','a','a','a','a','a','a','a','a','a','a','a','a','a','a','a','a','a','a','a','a','a','a','a','a','a','a','a','a','a','a','a','a','a','a','a','a',':','0','0'}; 
Previous 16: main:array:1={'z','z','z','z','z','z','z','z','z','z','z','z','z','z','z','z','z','z','z','z','z','z','z','z','z','z','z','z','z','z','z','z','z','z','z','z','z','z','z','z','z','z','z','z','z','z','z','z','z','z','z','z','z','z','z','z','z','z','z','z','z','z','z','z','z','z','z','z','z','z','z','z','z','z','z','z','z','z','z','z','z','z','z','z','z','z','z','z','z','z','z','z','z','z','z','z','z','z','z','z','z'}; 
Previous 17: main:array:1={'!','!','!','!','!','!','!','!','!','!','!','!','!','!','!','!','!','!','!','!','!','!','!','!','!','!','!','!','!','!','!','!','!','!','!','!','!','!','!','!','!','!','!','!','!','!','!','!','!','!','!','!','!','!','!','!','!','!','!','!','!','!','!','!','!','!','!','!','!','!','!','!','!','!','!','!','!','!','!','!','!','!','!','!','!','!','!','!','!','!','!','!','!','!','!','!','!','!','!','!','!'}; 
Previous 18: main:array:1={'a','a','a','a','a','a','a','a','a','a','a','a','a','a','a','a','a','a','a','a','a','a','a','a','a','a','a','a','a','a','a','a','a','a','a','a','a','a','a','a','a','a','a','a','a','a','a','a','a','a','a','a','a','a','a','a','a','a','a','a','a','a','a','a','a','a','a','a','a','a','a','a','a','a','a','a','a','a','a','a','a','a','a','a','a','a','a','a','a','a','a','a','a','a','a','a','a','a','b','b','b'}; 

Program:
extern char __VERIFIER_nondet_char(void);
/*
Commit Number: e6801c90311679fc0854af73da95fe58079c59f4
URL: https://github.com/FreeRADIUS/freeradius-server/commit/e6801c90311679fc0854af73da95fe58079c59f4
Project Name: freeradius-serve
License: GPL2
termination: false


*/
int main()
{
    int stop = 0;
    char array[101];
    for( int i = 0 ; i < 100 ; i++ )
        array[i] =  __VERIFIER_nondet_char();
    array[100] = 0;
    char* p = array;
    while( (*p) && (!stop) )
    {
        switch(*p){
        case '}':
            stop = 1;
            break;

        case ':':
            if( *(p+1) && (*(p+1) == '-')){
                p += 2;
                stop = 1;
            }
            break;
        default:
            p++;
        }
    }
    return 0;
}

"
24,NT,"main:array:1={'\'','\'','\'','\'','\'','\'','\'','\'','\'','\'','\'','\'','\'','\'','\'','\'','\'','\'','\'','\'','\'','\'','\'','\'','\'','\'','\'','\'','\'','\'','\'','\'','\'','\'','\'','\'','\'','\'','\'','\'','\'','\'','\'','\'','\'','\'','\'','\'','\'','\'','\'','\'','\'','\'','\'','\'','\'','\'','\'','\'','\'','\'','\'','\'','\'','\'','\'','\'','\'','\'','\'','\'','\'','\'','\'','\'','\'','\'','\'','\'','\'','\'','\'','\'','\'','\'','\'','\'','\'','\'','\'','\'','\'','\'','\'','\'','\'','\'','\'','\'','\''}
",,DUPLICATE,,false,,"You generate concrete values for nondeterministic inputs in a C/C++ program.
Your goal is to produce ONE complete assignment set that is likely to make the program not terminate.

Important rules:
1. Return a value for EVERY listed nondeterministic input ID.
2. Use each ID exactly once.
3. Respect the declared C/C++ type.
4. For an array, return the value as an array containing exactly the required number of elements.
5. For char arrays, each element must be exactly one character. Return the character itself without C single quotes.
6. Prefer small-magnitude values unless larger values are necessary to achieve the requested execution behavior.

Nondeterministic inputs:
- id: main:array:1, type: char, array: true, size: 101, required elements: 101

Previously generated assignment sets are listed below. Generate a materially different set and do not duplicate any of them.
Previous 1: main:array:1={'a','a','a','a','a','a','a','a','a','a','a','a','a','a','a','a','a','a','a','a','a','a','a','a','a','a','a','a','a','a','a','a','a','a','a','a','a','a','a','a','a','a','a','a','a','a','a','a','a','a','a','a','a','a','a','a','a','a','a','a','a','a','a','a','a','a','a','a','a','a','a','a','a','a','a','a','a','a','a','a','a','a','a','a','a','a','a','a','a','a','a','a','a','a','a','a','a','a','a','a','a'}; 
Previous 2: main:array:1={'}','b','b','b','b','b','b','b','b','b','b','b','b','b','b','b','b','b','b','b','b','b','b','b','b','b','b','b','b','b','b','b','b','b','b','b','b','b','b','b','b','b','b','b','b','b','b','b','b','b','b','b','b','b','b','b','b','b','b','b','b','b','b','b','b','b','b','b','b','b','b','b','b','b','b','b','b','b','b','b','b','b','b','b','b','b','b','b','b','b','b','b','b','b','b','b','b','b','b','b','b'}; 
Previous 3: main:array:1={'}','a','a','a','a','a','a','a','a','a','a','a','a','a','a','a','a','a','a','a','a','a','a','a','a','a','a','a','a','a','a','a','a','a','a','a','a','a','a','a','a','a','a','a','a','a','a','a','a','a','a','a','a','a','a','a','a','a','a','a','a','a','a','a','a','a','a','a','a','a','a','a','a','a','a','a','a','a','a','a','a','a','a','a','a','a','a','a','a','a','a','a','a','a','a','a','a','a','a','a','a'}; 
Previous 4: main:array:1={'b','b','b','b','b','b','b','b','b','b','b','b','b','b','b','b','b','b','b','b','b','b','b','b','b','b','b','b','b','b','b','b','b','b','b','b','b','b','b','b','b','b','b','b','b','b','b','b','b','b','}','c','c','c','c','c','c','c','c','c','c','c','c','c','c','c','c','c','c','c','c','c','c','c','c','c','c','c','c','c','c','c','c','c','c','c','c','c','c','c','x','x','x','x','x','x','x','x','x','x','x'}; 
Previous 5: main:array:1={'\'','}','\'','\'','c','\'','\'','c','\'','\'','c','\'','\'','c','\'','\'','c','\'','\'','c','\'','\'','c','\'','\'','c','\'','\'','c','\'','\'','c','\'','\'','c','\'','\'','c','\'','\'','c','\'','\'','c','\'','\'','c','\'','\'','c','\'','\'','c','\'','\'','c','\'','\'','c','\'','\'','c','\'','\'','c','\'','\'','c','\'','\'','c','\'','\'','c','\'','\'','c','\'','\'','c','\'','\'','c','\'','\'','c','\'','\'','c','\'','\'','c','\'','\'','c','\'','\'','c','\'','\'','c'}; 
Previous 6: main:array:1={'\'','\'','\'','\'','\'','\'','\'','\'','\'','\'','\'','\'','\'','\'','\'','\'','\'','\'','\'','\'','\'','\'','\'','\'','\'','\'','\'','\'','\'','\'','\'','\'','\'','\'','\'','\'','\'','\'','\'','\'','\'','\'','\'','\'','\'','\'','\'','\'','\'','\'','\'','\'','\'','\'','\'','\'','\'','\'','\'','\'','\'','\'','\'','\'','\'','\'','\'','\'','\'','\'','\'','\'','\'','\'','\'','\'','\'','\'','\'','\'','\'','\'','\'','\'','\'','\'','\'','\'','\'','\'','\'','\'','\'','\'','\'','\'','\'','\'','\'','\'','\''}; 
Previous 7: main:array:1={'A','B','C','D','E','F','G','H','I','J','K','L','M','N','O','P','Q','R','S','T','U','V','W','X','Y','Z','a','b','c','d','e','f','g','h','i','j','k','l','m','n','o','p','q','r','s','t','u','v','w','x','y','z','0','1','2','3','4','5','6','7','8','9','!','?','.',',','-','_','/','/','|','@','#','$','%','^','&','*','(',')','{','[',']','`','~','>','<',':',';','`','\'',' ','!','?','.',',','%','+','=','/','/'}; 
Previous 8: main:array:1={'0','0','0','0','0','0','0','0','0','0','0','0','0','0','0','0','0','0','0','0','0','0','0','0','0','0','0','0','0','0','0','0','0','0','0','0','0','0','0','0','0','0','0','0','0','0','0','0','0','0','0','0','0','0','0','0','0','0','0','0','0','0','0','0','0','0','0','0','0','0','0','0','0','0','0','0','0','0','0','0','0','0','0','0','0','0','0','0','0','0','0','0','0','0','0','0','0','0','0','0','0'}; 
Previous 9: main:array:1={'a','b','a','b','a','b','a','b','a','b','a','b','a','b','a','b','a','b','a','b','a','b','a','b','a','b','a','b','a','b','a','b','a','b','a','b','a','b','a','b','a','b','a','b','a','b','a','b','a','b','a','b','a','b','a','b','a','b','a','b','a','b','a','b','a','b','a','b','a','b','a','b','a','b','a','b','a','b','a','b','a','b','a','b','a','b','a','b','a','b','a','b','a','b','a','b','a','b','a','b','a'}; 
Previous 10: main:array:1={'\'','A','\'','B','\'','C','\'','D','\'','E','\'','F','\'','G','\'','H','\'','I','\'','J','\'','K','\'','L','\'','M','\'','N','\'','O','\'','P','\'','Q','\'','R','\'','S','\'','T','\'','U','\'','V','\'','W','\'','X','\'','Y','\'','Z','\'','a','\'','b','\'','c','\'','d','\'','e','\'','f','\'','g','\'','h','\'','i','\'','j','\'','k','\'','l','\'','m','\'','n','\'','o','\'','p','\'','q','\'','r','\'','s','\'','t','\'','u','\'','v','\'','w','\'','x','\''}; 
Previous 11: main:array:1={':','-','a','a','a','a','a','a','a','a','a','a','a','a','a','a','a','a','a','a','a','a','a','a','a','a','a','a','a','a','a','a','a','a','a','a','a','a','a','a','a','a','a','a','a','a','a','a','a','a','a','a','a','a','a','a','a','a','a','a','a','a','a','a','a','a','a','a','a','a','a','a','a','a','a','a','a','a','a','a','a','a','a','a','a','a','a','a','a','a','a','a','a','a','a','a','a','a','a','a','a'}; 
Previous 12: main:array:1={'x','x','x','x','x','x','x','x','x','x','x','x','x','x','x','x','x','x','x','x','x','x','x','x','x','x','x','x','x','x','x','x','x','x','x','x','x','x','x','x','x','x','x','x','x','x','x','x','x','x','x','x','x','x','x','x','x','x','x','x','x','x','x','x','x','x','x','x','x','x','x','x','x','x','x','x','x','x','x','x','x','x','x','x','x','x','x','x','x','x','x','x','x','x','x','x','x','x','x','x','x'}; 
Previous 13: main:array:1={':','b','a','a','a','a','a','a','a','a','a','a','a','a','a','a','a','a','a','a','a','a','a','a','a','a','a','a','a','a','a','a','a','a','a','a','a','a','a','a','a','a','a','a','a','a','a','a','a','a','a','a','a','a','a','a','a','a','a','a','a','a','a','a','a','a','a','a','a','a','a','a','a','a','a','a','a','a','a','a','a','a','a','a','a','a','a','a','a','a','a','a','a','a','a','a','a','a','a','a','a'}; 
Previous 14: main:array:1={'\'','\'',':','\'','a','\'','b','\'','b','\'','b','\'','b','\'','b','\'','b','\'','b','\'','b','\'','b','\'','b','\'','b','\'','b','\'','b','\'','b','\'','b','\'','b','\'','b','\'','b','\'','b','\'','b','\'','b','\'','b','\'','b','\'','b','\'','b','\'','b','\'','b','\'','b','\'','b','\'','b','\'','b','\'','b','\'','b','\'','b','\'','b','\'','b','\'','b','\'','b','\'','b','\'','b','\'','b','\'','b','\'','b','\'','b','\'','b','\'','b','\'','b','\'','b'}; 
Previous 15: main:array:1={'a','a','a','a','a','a','a','a','a','a','a','a','a','a','a','a','a','a','a','a','a','a','a','a','a','a','a','a','a','a','a','a','a','a','a','a','a','a','a','a','a','a','a','a','a','a','a','a','a','a','a','a','a','a','a','a','a','a','a','a','a','a','a','a','a','a','a','a','a','a','a','a','a','a','a','a','a','a','a','a','a','a','a','a','a','a','a','a','a','a','a','a','a','a','a','a','a','a',':','0','0'}; 
Previous 16: main:array:1={'z','z','z','z','z','z','z','z','z','z','z','z','z','z','z','z','z','z','z','z','z','z','z','z','z','z','z','z','z','z','z','z','z','z','z','z','z','z','z','z','z','z','z','z','z','z','z','z','z','z','z','z','z','z','z','z','z','z','z','z','z','z','z','z','z','z','z','z','z','z','z','z','z','z','z','z','z','z','z','z','z','z','z','z','z','z','z','z','z','z','z','z','z','z','z','z','z','z','z','z','z'}; 
Previous 17: main:array:1={'!','!','!','!','!','!','!','!','!','!','!','!','!','!','!','!','!','!','!','!','!','!','!','!','!','!','!','!','!','!','!','!','!','!','!','!','!','!','!','!','!','!','!','!','!','!','!','!','!','!','!','!','!','!','!','!','!','!','!','!','!','!','!','!','!','!','!','!','!','!','!','!','!','!','!','!','!','!','!','!','!','!','!','!','!','!','!','!','!','!','!','!','!','!','!','!','!','!','!','!','!'}; 
Previous 18: main:array:1={'a','a','a','a','a','a','a','a','a','a','a','a','a','a','a','a','a','a','a','a','a','a','a','a','a','a','a','a','a','a','a','a','a','a','a','a','a','a','a','a','a','a','a','a','a','a','a','a','a','a','a','a','a','a','a','a','a','a','a','a','a','a','a','a','a','a','a','a','a','a','a','a','a','a','a','a','a','a','a','a','a','a','a','a','a','a','a','a','a','a','a','a','a','a','a','a','a','a','b','b','b'}; 
Previous 19: main:array:1={'A','B','C','D','E','F','G','H','I','J','K','L','M','N','O','P','Q','R','S','T','U','V','W','X','Y','Z','A','B','C','D','E','F','G','H','I','J','K','L','M','N','O','P','Q','R','S','T','U','V','W','X','Y','Z','A','B','C','D','E','F','G','H','I','J','K','L','M','N','O','P','Q','R','S','T','U','V','W','X','Y','Z','A','B','C','D','E','F','G','H','I','J','K','L','M','N','O','P','Q','R','S','T','U','V','W'}; 

Program:
extern char __VERIFIER_nondet_char(void);
/*
Commit Number: e6801c90311679fc0854af73da95fe58079c59f4
URL: https://github.com/FreeRADIUS/freeradius-server/commit/e6801c90311679fc0854af73da95fe58079c59f4
Project Name: freeradius-serve
License: GPL2
termination: false


*/
int main()
{
    int stop = 0;
    char array[101];
    for( int i = 0 ; i < 100 ; i++ )
        array[i] =  __VERIFIER_nondet_char();
    array[100] = 0;
    char* p = array;
    while( (*p) && (!stop) )
    {
        switch(*p){
        case '}':
            stop = 1;
            break;

        case ':':
            if( *(p+1) && (*(p+1) == '-')){
                p += 2;
                stop = 1;
            }
            break;
        default:
            p++;
        }
    }
    return 0;
}

"
25,NT,"main:array:1={'H','e','l','l','o','W','o','r','l','d','H','e','l','l','o','W','o','r','l','d','H','e','l','l','o','W','o','r','l','d','H','e','l','l','o','W','o','r','l','d','H','e','l','l','o','W','o','r','l','d','H','e','l','l','o','W','o','r','l','d','H','e','l','l','o','W','o','r','l','d','H','e','l','l','o','W','o','r','l','d','H','e','l','l','o','W','o','r','l','d','H','e','l','l','o','W','o','r','l','d','H'}
",,COMPLETED,T,false,,"You generate concrete values for nondeterministic inputs in a C/C++ program.
Your goal is to produce ONE complete assignment set that is likely to make the program not terminate.

Important rules:
1. Return a value for EVERY listed nondeterministic input ID.
2. Use each ID exactly once.
3. Respect the declared C/C++ type.
4. For an array, return the value as an array containing exactly the required number of elements.
5. For char arrays, each element must be exactly one character. Return the character itself without C single quotes.
6. Prefer small-magnitude values unless larger values are necessary to achieve the requested execution behavior.

Nondeterministic inputs:
- id: main:array:1, type: char, array: true, size: 101, required elements: 101

Previously generated assignment sets are listed below. Generate a materially different set and do not duplicate any of them.
Previous 1: main:array:1={'a','a','a','a','a','a','a','a','a','a','a','a','a','a','a','a','a','a','a','a','a','a','a','a','a','a','a','a','a','a','a','a','a','a','a','a','a','a','a','a','a','a','a','a','a','a','a','a','a','a','a','a','a','a','a','a','a','a','a','a','a','a','a','a','a','a','a','a','a','a','a','a','a','a','a','a','a','a','a','a','a','a','a','a','a','a','a','a','a','a','a','a','a','a','a','a','a','a','a','a','a'}; 
Previous 2: main:array:1={'}','b','b','b','b','b','b','b','b','b','b','b','b','b','b','b','b','b','b','b','b','b','b','b','b','b','b','b','b','b','b','b','b','b','b','b','b','b','b','b','b','b','b','b','b','b','b','b','b','b','b','b','b','b','b','b','b','b','b','b','b','b','b','b','b','b','b','b','b','b','b','b','b','b','b','b','b','b','b','b','b','b','b','b','b','b','b','b','b','b','b','b','b','b','b','b','b','b','b','b','b'}; 
Previous 3: main:array:1={'}','a','a','a','a','a','a','a','a','a','a','a','a','a','a','a','a','a','a','a','a','a','a','a','a','a','a','a','a','a','a','a','a','a','a','a','a','a','a','a','a','a','a','a','a','a','a','a','a','a','a','a','a','a','a','a','a','a','a','a','a','a','a','a','a','a','a','a','a','a','a','a','a','a','a','a','a','a','a','a','a','a','a','a','a','a','a','a','a','a','a','a','a','a','a','a','a','a','a','a','a'}; 
Previous 4: main:array:1={'b','b','b','b','b','b','b','b','b','b','b','b','b','b','b','b','b','b','b','b','b','b','b','b','b','b','b','b','b','b','b','b','b','b','b','b','b','b','b','b','b','b','b','b','b','b','b','b','b','b','}','c','c','c','c','c','c','c','c','c','c','c','c','c','c','c','c','c','c','c','c','c','c','c','c','c','c','c','c','c','c','c','c','c','c','c','c','c','c','c','x','x','x','x','x','x','x','x','x','x','x'}; 
Previous 5: main:array:1={'\'','}','\'','\'','c','\'','\'','c','\'','\'','c','\'','\'','c','\'','\'','c','\'','\'','c','\'','\'','c','\'','\'','c','\'','\'','c','\'','\'','c','\'','\'','c','\'','\'','c','\'','\'','c','\'','\'','c','\'','\'','c','\'','\'','c','\'','\'','c','\'','\'','c','\'','\'','c','\'','\'','c','\'','\'','c','\'','\'','c','\'','\'','c','\'','\'','c','\'','\'','c','\'','\'','c','\'','\'','c','\'','\'','c','\'','\'','c','\'','\'','c','\'','\'','c','\'','\'','c','\'','\'','c'}; 
Previous 6: main:array:1={'\'','\'','\'','\'','\'','\'','\'','\'','\'','\'','\'','\'','\'','\'','\'','\'','\'','\'','\'','\'','\'','\'','\'','\'','\'','\'','\'','\'','\'','\'','\'','\'','\'','\'','\'','\'','\'','\'','\'','\'','\'','\'','\'','\'','\'','\'','\'','\'','\'','\'','\'','\'','\'','\'','\'','\'','\'','\'','\'','\'','\'','\'','\'','\'','\'','\'','\'','\'','\'','\'','\'','\'','\'','\'','\'','\'','\'','\'','\'','\'','\'','\'','\'','\'','\'','\'','\'','\'','\'','\'','\'','\'','\'','\'','\'','\'','\'','\'','\'','\'','\''}; 
Previous 7: main:array:1={'A','B','C','D','E','F','G','H','I','J','K','L','M','N','O','P','Q','R','S','T','U','V','W','X','Y','Z','a','b','c','d','e','f','g','h','i','j','k','l','m','n','o','p','q','r','s','t','u','v','w','x','y','z','0','1','2','3','4','5','6','7','8','9','!','?','.',',','-','_','/','/','|','@','#','$','%','^','&','*','(',')','{','[',']','`','~','>','<',':',';','`','\'',' ','!','?','.',',','%','+','=','/','/'}; 
Previous 8: main:array:1={'0','0','0','0','0','0','0','0','0','0','0','0','0','0','0','0','0','0','0','0','0','0','0','0','0','0','0','0','0','0','0','0','0','0','0','0','0','0','0','0','0','0','0','0','0','0','0','0','0','0','0','0','0','0','0','0','0','0','0','0','0','0','0','0','0','0','0','0','0','0','0','0','0','0','0','0','0','0','0','0','0','0','0','0','0','0','0','0','0','0','0','0','0','0','0','0','0','0','0','0','0'}; 
Previous 9: main:array:1={'a','b','a','b','a','b','a','b','a','b','a','b','a','b','a','b','a','b','a','b','a','b','a','b','a','b','a','b','a','b','a','b','a','b','a','b','a','b','a','b','a','b','a','b','a','b','a','b','a','b','a','b','a','b','a','b','a','b','a','b','a','b','a','b','a','b','a','b','a','b','a','b','a','b','a','b','a','b','a','b','a','b','a','b','a','b','a','b','a','b','a','b','a','b','a','b','a','b','a','b','a'}; 
Previous 10: main:array:1={'\'','A','\'','B','\'','C','\'','D','\'','E','\'','F','\'','G','\'','H','\'','I','\'','J','\'','K','\'','L','\'','M','\'','N','\'','O','\'','P','\'','Q','\'','R','\'','S','\'','T','\'','U','\'','V','\'','W','\'','X','\'','Y','\'','Z','\'','a','\'','b','\'','c','\'','d','\'','e','\'','f','\'','g','\'','h','\'','i','\'','j','\'','k','\'','l','\'','m','\'','n','\'','o','\'','p','\'','q','\'','r','\'','s','\'','t','\'','u','\'','v','\'','w','\'','x','\''}; 
Previous 11: main:array:1={':','-','a','a','a','a','a','a','a','a','a','a','a','a','a','a','a','a','a','a','a','a','a','a','a','a','a','a','a','a','a','a','a','a','a','a','a','a','a','a','a','a','a','a','a','a','a','a','a','a','a','a','a','a','a','a','a','a','a','a','a','a','a','a','a','a','a','a','a','a','a','a','a','a','a','a','a','a','a','a','a','a','a','a','a','a','a','a','a','a','a','a','a','a','a','a','a','a','a','a','a'}; 
Previous 12: main:array:1={'x','x','x','x','x','x','x','x','x','x','x','x','x','x','x','x','x','x','x','x','x','x','x','x','x','x','x','x','x','x','x','x','x','x','x','x','x','x','x','x','x','x','x','x','x','x','x','x','x','x','x','x','x','x','x','x','x','x','x','x','x','x','x','x','x','x','x','x','x','x','x','x','x','x','x','x','x','x','x','x','x','x','x','x','x','x','x','x','x','x','x','x','x','x','x','x','x','x','x','x','x'}; 
Previous 13: main:array:1={':','b','a','a','a','a','a','a','a','a','a','a','a','a','a','a','a','a','a','a','a','a','a','a','a','a','a','a','a','a','a','a','a','a','a','a','a','a','a','a','a','a','a','a','a','a','a','a','a','a','a','a','a','a','a','a','a','a','a','a','a','a','a','a','a','a','a','a','a','a','a','a','a','a','a','a','a','a','a','a','a','a','a','a','a','a','a','a','a','a','a','a','a','a','a','a','a','a','a','a','a'}; 
Previous 14: main:array:1={'\'','\'',':','\'','a','\'','b','\'','b','\'','b','\'','b','\'','b','\'','b','\'','b','\'','b','\'','b','\'','b','\'','b','\'','b','\'','b','\'','b','\'','b','\'','b','\'','b','\'','b','\'','b','\'','b','\'','b','\'','b','\'','b','\'','b','\'','b','\'','b','\'','b','\'','b','\'','b','\'','b','\'','b','\'','b','\'','b','\'','b','\'','b','\'','b','\'','b','\'','b','\'','b','\'','b','\'','b','\'','b','\'','b','\'','b','\'','b','\'','b','\'','b','\'','b'}; 
Previous 15: main:array:1={'a','a','a','a','a','a','a','a','a','a','a','a','a','a','a','a','a','a','a','a','a','a','a','a','a','a','a','a','a','a','a','a','a','a','a','a','a','a','a','a','a','a','a','a','a','a','a','a','a','a','a','a','a','a','a','a','a','a','a','a','a','a','a','a','a','a','a','a','a','a','a','a','a','a','a','a','a','a','a','a','a','a','a','a','a','a','a','a','a','a','a','a','a','a','a','a','a','a',':','0','0'}; 
Previous 16: main:array:1={'z','z','z','z','z','z','z','z','z','z','z','z','z','z','z','z','z','z','z','z','z','z','z','z','z','z','z','z','z','z','z','z','z','z','z','z','z','z','z','z','z','z','z','z','z','z','z','z','z','z','z','z','z','z','z','z','z','z','z','z','z','z','z','z','z','z','z','z','z','z','z','z','z','z','z','z','z','z','z','z','z','z','z','z','z','z','z','z','z','z','z','z','z','z','z','z','z','z','z','z','z'}; 
Previous 17: main:array:1={'!','!','!','!','!','!','!','!','!','!','!','!','!','!','!','!','!','!','!','!','!','!','!','!','!','!','!','!','!','!','!','!','!','!','!','!','!','!','!','!','!','!','!','!','!','!','!','!','!','!','!','!','!','!','!','!','!','!','!','!','!','!','!','!','!','!','!','!','!','!','!','!','!','!','!','!','!','!','!','!','!','!','!','!','!','!','!','!','!','!','!','!','!','!','!','!','!','!','!','!','!'}; 
Previous 18: main:array:1={'a','a','a','a','a','a','a','a','a','a','a','a','a','a','a','a','a','a','a','a','a','a','a','a','a','a','a','a','a','a','a','a','a','a','a','a','a','a','a','a','a','a','a','a','a','a','a','a','a','a','a','a','a','a','a','a','a','a','a','a','a','a','a','a','a','a','a','a','a','a','a','a','a','a','a','a','a','a','a','a','a','a','a','a','a','a','a','a','a','a','a','a','a','a','a','a','a','a','b','b','b'}; 
Previous 19: main:array:1={'A','B','C','D','E','F','G','H','I','J','K','L','M','N','O','P','Q','R','S','T','U','V','W','X','Y','Z','A','B','C','D','E','F','G','H','I','J','K','L','M','N','O','P','Q','R','S','T','U','V','W','X','Y','Z','A','B','C','D','E','F','G','H','I','J','K','L','M','N','O','P','Q','R','S','T','U','V','W','X','Y','Z','A','B','C','D','E','F','G','H','I','J','K','L','M','N','O','P','Q','R','S','T','U','V','W'}; 

Program:
extern char __VERIFIER_nondet_char(void);
/*
Commit Number: e6801c90311679fc0854af73da95fe58079c59f4
URL: https://github.com/FreeRADIUS/freeradius-server/commit/e6801c90311679fc0854af73da95fe58079c59f4
Project Name: freeradius-serve
License: GPL2
termination: false


*/
int main()
{
    int stop = 0;
    char array[101];
    for( int i = 0 ; i < 100 ; i++ )
        array[i] =  __VERIFIER_nondet_char();
    array[100] = 0;
    char* p = array;
    while( (*p) && (!stop) )
    {
        switch(*p){
        case '}':
            stop = 1;
            break;

        case ':':
            if( *(p+1) && (*(p+1) == '-')){
                p += 2;
                stop = 1;
            }
            break;
        default:
            p++;
        }
    }
    return 0;
}

"
26,NT,"main:array:1={':','A','a','a','a','a','a','a','a','a','a','a','a','a','a','a','a','a','a','a','a','a','a','a','a','a','a','a','a','a','a','a','a','a','a','a','a','a','a','a','a','a','a','a','a','a','a','a','a','a','a','a','a','a','a','a','a','a','a','a','a','a','a','a','a','a','a','a','a','a','a','a','a','a','a','a','a','a','a','a','a','a','a','a','a','a','a','a','a','a','a','a','a','a','a','a','a','a','a','a','a'}
",/home/quasar/Documents/FocusTNT/results_InputGeneration/FSE/loop/Incorrect_Control_Statement_1_NT/input_generator_artifacts/generated_programs/Incorrect_Control_Statement_1_NT_TestCase14.c,TIMEOUT,LIKELY_NT,true,,"You generate concrete values for nondeterministic inputs in a C/C++ program.
Your goal is to produce ONE complete assignment set that is likely to make the program not terminate.

Important rules:
1. Return a value for EVERY listed nondeterministic input ID.
2. Use each ID exactly once.
3. Respect the declared C/C++ type.
4. For an array, return the value as an array containing exactly the required number of elements.
5. For char arrays, each element must be exactly one character. Return the character itself without C single quotes.
6. Prefer small-magnitude values unless larger values are necessary to achieve the requested execution behavior.

Nondeterministic inputs:
- id: main:array:1, type: char, array: true, size: 101, required elements: 101

Previously generated assignment sets are listed below. Generate a materially different set and do not duplicate any of them.
Previous 1: main:array:1={'a','a','a','a','a','a','a','a','a','a','a','a','a','a','a','a','a','a','a','a','a','a','a','a','a','a','a','a','a','a','a','a','a','a','a','a','a','a','a','a','a','a','a','a','a','a','a','a','a','a','a','a','a','a','a','a','a','a','a','a','a','a','a','a','a','a','a','a','a','a','a','a','a','a','a','a','a','a','a','a','a','a','a','a','a','a','a','a','a','a','a','a','a','a','a','a','a','a','a','a','a'}; 
Previous 2: main:array:1={'}','b','b','b','b','b','b','b','b','b','b','b','b','b','b','b','b','b','b','b','b','b','b','b','b','b','b','b','b','b','b','b','b','b','b','b','b','b','b','b','b','b','b','b','b','b','b','b','b','b','b','b','b','b','b','b','b','b','b','b','b','b','b','b','b','b','b','b','b','b','b','b','b','b','b','b','b','b','b','b','b','b','b','b','b','b','b','b','b','b','b','b','b','b','b','b','b','b','b','b','b'}; 
Previous 3: main:array:1={'}','a','a','a','a','a','a','a','a','a','a','a','a','a','a','a','a','a','a','a','a','a','a','a','a','a','a','a','a','a','a','a','a','a','a','a','a','a','a','a','a','a','a','a','a','a','a','a','a','a','a','a','a','a','a','a','a','a','a','a','a','a','a','a','a','a','a','a','a','a','a','a','a','a','a','a','a','a','a','a','a','a','a','a','a','a','a','a','a','a','a','a','a','a','a','a','a','a','a','a','a'}; 
Previous 4: main:array:1={'b','b','b','b','b','b','b','b','b','b','b','b','b','b','b','b','b','b','b','b','b','b','b','b','b','b','b','b','b','b','b','b','b','b','b','b','b','b','b','b','b','b','b','b','b','b','b','b','b','b','}','c','c','c','c','c','c','c','c','c','c','c','c','c','c','c','c','c','c','c','c','c','c','c','c','c','c','c','c','c','c','c','c','c','c','c','c','c','c','c','x','x','x','x','x','x','x','x','x','x','x'}; 
Previous 5: main:array:1={'\'','}','\'','\'','c','\'','\'','c','\'','\'','c','\'','\'','c','\'','\'','c','\'','\'','c','\'','\'','c','\'','\'','c','\'','\'','c','\'','\'','c','\'','\'','c','\'','\'','c','\'','\'','c','\'','\'','c','\'','\'','c','\'','\'','c','\'','\'','c','\'','\'','c','\'','\'','c','\'','\'','c','\'','\'','c','\'','\'','c','\'','\'','c','\'','\'','c','\'','\'','c','\'','\'','c','\'','\'','c','\'','\'','c','\'','\'','c','\'','\'','c','\'','\'','c','\'','\'','c','\'','\'','c'}; 
Previous 6: main:array:1={'\'','\'','\'','\'','\'','\'','\'','\'','\'','\'','\'','\'','\'','\'','\'','\'','\'','\'','\'','\'','\'','\'','\'','\'','\'','\'','\'','\'','\'','\'','\'','\'','\'','\'','\'','\'','\'','\'','\'','\'','\'','\'','\'','\'','\'','\'','\'','\'','\'','\'','\'','\'','\'','\'','\'','\'','\'','\'','\'','\'','\'','\'','\'','\'','\'','\'','\'','\'','\'','\'','\'','\'','\'','\'','\'','\'','\'','\'','\'','\'','\'','\'','\'','\'','\'','\'','\'','\'','\'','\'','\'','\'','\'','\'','\'','\'','\'','\'','\'','\'','\''}; 
Previous 7: main:array:1={'A','B','C','D','E','F','G','H','I','J','K','L','M','N','O','P','Q','R','S','T','U','V','W','X','Y','Z','a','b','c','d','e','f','g','h','i','j','k','l','m','n','o','p','q','r','s','t','u','v','w','x','y','z','0','1','2','3','4','5','6','7','8','9','!','?','.',',','-','_','/','/','|','@','#','$','%','^','&','*','(',')','{','[',']','`','~','>','<',':',';','`','\'',' ','!','?','.',',','%','+','=','/','/'}; 
Previous 8: main:array:1={'0','0','0','0','0','0','0','0','0','0','0','0','0','0','0','0','0','0','0','0','0','0','0','0','0','0','0','0','0','0','0','0','0','0','0','0','0','0','0','0','0','0','0','0','0','0','0','0','0','0','0','0','0','0','0','0','0','0','0','0','0','0','0','0','0','0','0','0','0','0','0','0','0','0','0','0','0','0','0','0','0','0','0','0','0','0','0','0','0','0','0','0','0','0','0','0','0','0','0','0','0'}; 
Previous 9: main:array:1={'a','b','a','b','a','b','a','b','a','b','a','b','a','b','a','b','a','b','a','b','a','b','a','b','a','b','a','b','a','b','a','b','a','b','a','b','a','b','a','b','a','b','a','b','a','b','a','b','a','b','a','b','a','b','a','b','a','b','a','b','a','b','a','b','a','b','a','b','a','b','a','b','a','b','a','b','a','b','a','b','a','b','a','b','a','b','a','b','a','b','a','b','a','b','a','b','a','b','a','b','a'}; 
Previous 10: main:array:1={'\'','A','\'','B','\'','C','\'','D','\'','E','\'','F','\'','G','\'','H','\'','I','\'','J','\'','K','\'','L','\'','M','\'','N','\'','O','\'','P','\'','Q','\'','R','\'','S','\'','T','\'','U','\'','V','\'','W','\'','X','\'','Y','\'','Z','\'','a','\'','b','\'','c','\'','d','\'','e','\'','f','\'','g','\'','h','\'','i','\'','j','\'','k','\'','l','\'','m','\'','n','\'','o','\'','p','\'','q','\'','r','\'','s','\'','t','\'','u','\'','v','\'','w','\'','x','\''}; 
Previous 11: main:array:1={':','-','a','a','a','a','a','a','a','a','a','a','a','a','a','a','a','a','a','a','a','a','a','a','a','a','a','a','a','a','a','a','a','a','a','a','a','a','a','a','a','a','a','a','a','a','a','a','a','a','a','a','a','a','a','a','a','a','a','a','a','a','a','a','a','a','a','a','a','a','a','a','a','a','a','a','a','a','a','a','a','a','a','a','a','a','a','a','a','a','a','a','a','a','a','a','a','a','a','a','a'}; 
Previous 12: main:array:1={'x','x','x','x','x','x','x','x','x','x','x','x','x','x','x','x','x','x','x','x','x','x','x','x','x','x','x','x','x','x','x','x','x','x','x','x','x','x','x','x','x','x','x','x','x','x','x','x','x','x','x','x','x','x','x','x','x','x','x','x','x','x','x','x','x','x','x','x','x','x','x','x','x','x','x','x','x','x','x','x','x','x','x','x','x','x','x','x','x','x','x','x','x','x','x','x','x','x','x','x','x'}; 
Previous 13: main:array:1={':','b','a','a','a','a','a','a','a','a','a','a','a','a','a','a','a','a','a','a','a','a','a','a','a','a','a','a','a','a','a','a','a','a','a','a','a','a','a','a','a','a','a','a','a','a','a','a','a','a','a','a','a','a','a','a','a','a','a','a','a','a','a','a','a','a','a','a','a','a','a','a','a','a','a','a','a','a','a','a','a','a','a','a','a','a','a','a','a','a','a','a','a','a','a','a','a','a','a','a','a'}; 
Previous 14: main:array:1={'\'','\'',':','\'','a','\'','b','\'','b','\'','b','\'','b','\'','b','\'','b','\'','b','\'','b','\'','b','\'','b','\'','b','\'','b','\'','b','\'','b','\'','b','\'','b','\'','b','\'','b','\'','b','\'','b','\'','b','\'','b','\'','b','\'','b','\'','b','\'','b','\'','b','\'','b','\'','b','\'','b','\'','b','\'','b','\'','b','\'','b','\'','b','\'','b','\'','b','\'','b','\'','b','\'','b','\'','b','\'','b','\'','b','\'','b','\'','b','\'','b','\'','b','\'','b'}; 
Previous 15: main:array:1={'a','a','a','a','a','a','a','a','a','a','a','a','a','a','a','a','a','a','a','a','a','a','a','a','a','a','a','a','a','a','a','a','a','a','a','a','a','a','a','a','a','a','a','a','a','a','a','a','a','a','a','a','a','a','a','a','a','a','a','a','a','a','a','a','a','a','a','a','a','a','a','a','a','a','a','a','a','a','a','a','a','a','a','a','a','a','a','a','a','a','a','a','a','a','a','a','a','a',':','0','0'}; 
Previous 16: main:array:1={'z','z','z','z','z','z','z','z','z','z','z','z','z','z','z','z','z','z','z','z','z','z','z','z','z','z','z','z','z','z','z','z','z','z','z','z','z','z','z','z','z','z','z','z','z','z','z','z','z','z','z','z','z','z','z','z','z','z','z','z','z','z','z','z','z','z','z','z','z','z','z','z','z','z','z','z','z','z','z','z','z','z','z','z','z','z','z','z','z','z','z','z','z','z','z','z','z','z','z','z','z'}; 
Previous 17: main:array:1={'!','!','!','!','!','!','!','!','!','!','!','!','!','!','!','!','!','!','!','!','!','!','!','!','!','!','!','!','!','!','!','!','!','!','!','!','!','!','!','!','!','!','!','!','!','!','!','!','!','!','!','!','!','!','!','!','!','!','!','!','!','!','!','!','!','!','!','!','!','!','!','!','!','!','!','!','!','!','!','!','!','!','!','!','!','!','!','!','!','!','!','!','!','!','!','!','!','!','!','!','!'}; 
Previous 18: main:array:1={'a','a','a','a','a','a','a','a','a','a','a','a','a','a','a','a','a','a','a','a','a','a','a','a','a','a','a','a','a','a','a','a','a','a','a','a','a','a','a','a','a','a','a','a','a','a','a','a','a','a','a','a','a','a','a','a','a','a','a','a','a','a','a','a','a','a','a','a','a','a','a','a','a','a','a','a','a','a','a','a','a','a','a','a','a','a','a','a','a','a','a','a','a','a','a','a','a','a','b','b','b'}; 
Previous 19: main:array:1={'A','B','C','D','E','F','G','H','I','J','K','L','M','N','O','P','Q','R','S','T','U','V','W','X','Y','Z','A','B','C','D','E','F','G','H','I','J','K','L','M','N','O','P','Q','R','S','T','U','V','W','X','Y','Z','A','B','C','D','E','F','G','H','I','J','K','L','M','N','O','P','Q','R','S','T','U','V','W','X','Y','Z','A','B','C','D','E','F','G','H','I','J','K','L','M','N','O','P','Q','R','S','T','U','V','W'}; 
Previous 20: main:array:1={'H','e','l','l','o','W','o','r','l','d','H','e','l','l','o','W','o','r','l','d','H','e','l','l','o','W','o','r','l','d','H','e','l','l','o','W','o','r','l','d','H','e','l','l','o','W','o','r','l','d','H','e','l','l','o','W','o','r','l','d','H','e','l','l','o','W','o','r','l','d','H','e','l','l','o','W','o','r','l','d','H','e','l','l','o','W','o','r','l','d','H','e','l','l','o','W','o','r','l','d','H'}; 

Program:
extern char __VERIFIER_nondet_char(void);
/*
Commit Number: e6801c90311679fc0854af73da95fe58079c59f4
URL: https://github.com/FreeRADIUS/freeradius-server/commit/e6801c90311679fc0854af73da95fe58079c59f4
Project Name: freeradius-serve
License: GPL2
termination: false


*/
int main()
{
    int stop = 0;
    char array[101];
    for( int i = 0 ; i < 100 ; i++ )
        array[i] =  __VERIFIER_nondet_char();
    array[100] = 0;
    char* p = array;
    while( (*p) && (!stop) )
    {
        switch(*p){
        case '}':
            stop = 1;
            break;

        case ':':
            if( *(p+1) && (*(p+1) == '-')){
                p += 2;
                stop = 1;
            }
            break;
        default:
            p++;
        }
    }
    return 0;
}

"
27,NT,"main:array:1={'m','n','o','p','q','r','s','t','u','v','m','n','o','p','q','r','s','t','u','v','m','n','o','p','q','r','s','t','u','v','m','n','o','p','q','r','s','t','u','v','m','n','o','p','q','r','s','t','u','v','m','n','o','p','q','r','s','t','u','v','m','n','o','p','q','r','s','t','u','v','m','n','o','p','q','r','s','t','u','v','m','n','o','p','q','r','s','t','u','v','m','n','o','p','q','r','s','t','u','v','m'}
",,COMPLETED,T,false,,"You generate concrete values for nondeterministic inputs in a C/C++ program.
Your goal is to produce ONE complete assignment set that is likely to make the program not terminate.

Important rules:
1. Return a value for EVERY listed nondeterministic input ID.
2. Use each ID exactly once.
3. Respect the declared C/C++ type.
4. For an array, return the value as an array containing exactly the required number of elements.
5. For char arrays, each element must be exactly one character. Return the character itself without C single quotes.
6. Prefer small-magnitude values unless larger values are necessary to achieve the requested execution behavior.

Nondeterministic inputs:
- id: main:array:1, type: char, array: true, size: 101, required elements: 101

Previously generated assignment sets are listed below. Generate a materially different set and do not duplicate any of them.
Previous 1: main:array:1={'a','a','a','a','a','a','a','a','a','a','a','a','a','a','a','a','a','a','a','a','a','a','a','a','a','a','a','a','a','a','a','a','a','a','a','a','a','a','a','a','a','a','a','a','a','a','a','a','a','a','a','a','a','a','a','a','a','a','a','a','a','a','a','a','a','a','a','a','a','a','a','a','a','a','a','a','a','a','a','a','a','a','a','a','a','a','a','a','a','a','a','a','a','a','a','a','a','a','a','a','a'}; 
Previous 2: main:array:1={'}','b','b','b','b','b','b','b','b','b','b','b','b','b','b','b','b','b','b','b','b','b','b','b','b','b','b','b','b','b','b','b','b','b','b','b','b','b','b','b','b','b','b','b','b','b','b','b','b','b','b','b','b','b','b','b','b','b','b','b','b','b','b','b','b','b','b','b','b','b','b','b','b','b','b','b','b','b','b','b','b','b','b','b','b','b','b','b','b','b','b','b','b','b','b','b','b','b','b','b','b'}; 
Previous 3: main:array:1={'}','a','a','a','a','a','a','a','a','a','a','a','a','a','a','a','a','a','a','a','a','a','a','a','a','a','a','a','a','a','a','a','a','a','a','a','a','a','a','a','a','a','a','a','a','a','a','a','a','a','a','a','a','a','a','a','a','a','a','a','a','a','a','a','a','a','a','a','a','a','a','a','a','a','a','a','a','a','a','a','a','a','a','a','a','a','a','a','a','a','a','a','a','a','a','a','a','a','a','a','a'}; 
Previous 4: main:array:1={'b','b','b','b','b','b','b','b','b','b','b','b','b','b','b','b','b','b','b','b','b','b','b','b','b','b','b','b','b','b','b','b','b','b','b','b','b','b','b','b','b','b','b','b','b','b','b','b','b','b','}','c','c','c','c','c','c','c','c','c','c','c','c','c','c','c','c','c','c','c','c','c','c','c','c','c','c','c','c','c','c','c','c','c','c','c','c','c','c','c','x','x','x','x','x','x','x','x','x','x','x'}; 
Previous 5: main:array:1={'\'','}','\'','\'','c','\'','\'','c','\'','\'','c','\'','\'','c','\'','\'','c','\'','\'','c','\'','\'','c','\'','\'','c','\'','\'','c','\'','\'','c','\'','\'','c','\'','\'','c','\'','\'','c','\'','\'','c','\'','\'','c','\'','\'','c','\'','\'','c','\'','\'','c','\'','\'','c','\'','\'','c','\'','\'','c','\'','\'','c','\'','\'','c','\'','\'','c','\'','\'','c','\'','\'','c','\'','\'','c','\'','\'','c','\'','\'','c','\'','\'','c','\'','\'','c','\'','\'','c','\'','\'','c'}; 
Previous 6: main:array:1={'\'','\'','\'','\'','\'','\'','\'','\'','\'','\'','\'','\'','\'','\'','\'','\'','\'','\'','\'','\'','\'','\'','\'','\'','\'','\'','\'','\'','\'','\'','\'','\'','\'','\'','\'','\'','\'','\'','\'','\'','\'','\'','\'','\'','\'','\'','\'','\'','\'','\'','\'','\'','\'','\'','\'','\'','\'','\'','\'','\'','\'','\'','\'','\'','\'','\'','\'','\'','\'','\'','\'','\'','\'','\'','\'','\'','\'','\'','\'','\'','\'','\'','\'','\'','\'','\'','\'','\'','\'','\'','\'','\'','\'','\'','\'','\'','\'','\'','\'','\'','\''}; 
Previous 7: main:array:1={'A','B','C','D','E','F','G','H','I','J','K','L','M','N','O','P','Q','R','S','T','U','V','W','X','Y','Z','a','b','c','d','e','f','g','h','i','j','k','l','m','n','o','p','q','r','s','t','u','v','w','x','y','z','0','1','2','3','4','5','6','7','8','9','!','?','.',',','-','_','/','/','|','@','#','$','%','^','&','*','(',')','{','[',']','`','~','>','<',':',';','`','\'',' ','!','?','.',',','%','+','=','/','/'}; 
Previous 8: main:array:1={'0','0','0','0','0','0','0','0','0','0','0','0','0','0','0','0','0','0','0','0','0','0','0','0','0','0','0','0','0','0','0','0','0','0','0','0','0','0','0','0','0','0','0','0','0','0','0','0','0','0','0','0','0','0','0','0','0','0','0','0','0','0','0','0','0','0','0','0','0','0','0','0','0','0','0','0','0','0','0','0','0','0','0','0','0','0','0','0','0','0','0','0','0','0','0','0','0','0','0','0','0'}; 
Previous 9: main:array:1={'a','b','a','b','a','b','a','b','a','b','a','b','a','b','a','b','a','b','a','b','a','b','a','b','a','b','a','b','a','b','a','b','a','b','a','b','a','b','a','b','a','b','a','b','a','b','a','b','a','b','a','b','a','b','a','b','a','b','a','b','a','b','a','b','a','b','a','b','a','b','a','b','a','b','a','b','a','b','a','b','a','b','a','b','a','b','a','b','a','b','a','b','a','b','a','b','a','b','a','b','a'}; 
Previous 10: main:array:1={'\'','A','\'','B','\'','C','\'','D','\'','E','\'','F','\'','G','\'','H','\'','I','\'','J','\'','K','\'','L','\'','M','\'','N','\'','O','\'','P','\'','Q','\'','R','\'','S','\'','T','\'','U','\'','V','\'','W','\'','X','\'','Y','\'','Z','\'','a','\'','b','\'','c','\'','d','\'','e','\'','f','\'','g','\'','h','\'','i','\'','j','\'','k','\'','l','\'','m','\'','n','\'','o','\'','p','\'','q','\'','r','\'','s','\'','t','\'','u','\'','v','\'','w','\'','x','\''}; 
Previous 11: main:array:1={':','-','a','a','a','a','a','a','a','a','a','a','a','a','a','a','a','a','a','a','a','a','a','a','a','a','a','a','a','a','a','a','a','a','a','a','a','a','a','a','a','a','a','a','a','a','a','a','a','a','a','a','a','a','a','a','a','a','a','a','a','a','a','a','a','a','a','a','a','a','a','a','a','a','a','a','a','a','a','a','a','a','a','a','a','a','a','a','a','a','a','a','a','a','a','a','a','a','a','a','a'}; 
Previous 12: main:array:1={'x','x','x','x','x','x','x','x','x','x','x','x','x','x','x','x','x','x','x','x','x','x','x','x','x','x','x','x','x','x','x','x','x','x','x','x','x','x','x','x','x','x','x','x','x','x','x','x','x','x','x','x','x','x','x','x','x','x','x','x','x','x','x','x','x','x','x','x','x','x','x','x','x','x','x','x','x','x','x','x','x','x','x','x','x','x','x','x','x','x','x','x','x','x','x','x','x','x','x','x','x'}; 
Previous 13: main:array:1={':','b','a','a','a','a','a','a','a','a','a','a','a','a','a','a','a','a','a','a','a','a','a','a','a','a','a','a','a','a','a','a','a','a','a','a','a','a','a','a','a','a','a','a','a','a','a','a','a','a','a','a','a','a','a','a','a','a','a','a','a','a','a','a','a','a','a','a','a','a','a','a','a','a','a','a','a','a','a','a','a','a','a','a','a','a','a','a','a','a','a','a','a','a','a','a','a','a','a','a','a'}; 
Previous 14: main:array:1={'\'','\'',':','\'','a','\'','b','\'','b','\'','b','\'','b','\'','b','\'','b','\'','b','\'','b','\'','b','\'','b','\'','b','\'','b','\'','b','\'','b','\'','b','\'','b','\'','b','\'','b','\'','b','\'','b','\'','b','\'','b','\'','b','\'','b','\'','b','\'','b','\'','b','\'','b','\'','b','\'','b','\'','b','\'','b','\'','b','\'','b','\'','b','\'','b','\'','b','\'','b','\'','b','\'','b','\'','b','\'','b','\'','b','\'','b','\'','b','\'','b','\'','b','\'','b'}; 
Previous 15: main:array:1={'a','a','a','a','a','a','a','a','a','a','a','a','a','a','a','a','a','a','a','a','a','a','a','a','a','a','a','a','a','a','a','a','a','a','a','a','a','a','a','a','a','a','a','a','a','a','a','a','a','a','a','a','a','a','a','a','a','a','a','a','a','a','a','a','a','a','a','a','a','a','a','a','a','a','a','a','a','a','a','a','a','a','a','a','a','a','a','a','a','a','a','a','a','a','a','a','a','a',':','0','0'}; 
Previous 16: main:array:1={'z','z','z','z','z','z','z','z','z','z','z','z','z','z','z','z','z','z','z','z','z','z','z','z','z','z','z','z','z','z','z','z','z','z','z','z','z','z','z','z','z','z','z','z','z','z','z','z','z','z','z','z','z','z','z','z','z','z','z','z','z','z','z','z','z','z','z','z','z','z','z','z','z','z','z','z','z','z','z','z','z','z','z','z','z','z','z','z','z','z','z','z','z','z','z','z','z','z','z','z','z'}; 
Previous 17: main:array:1={'!','!','!','!','!','!','!','!','!','!','!','!','!','!','!','!','!','!','!','!','!','!','!','!','!','!','!','!','!','!','!','!','!','!','!','!','!','!','!','!','!','!','!','!','!','!','!','!','!','!','!','!','!','!','!','!','!','!','!','!','!','!','!','!','!','!','!','!','!','!','!','!','!','!','!','!','!','!','!','!','!','!','!','!','!','!','!','!','!','!','!','!','!','!','!','!','!','!','!','!','!'}; 
Previous 18: main:array:1={'a','a','a','a','a','a','a','a','a','a','a','a','a','a','a','a','a','a','a','a','a','a','a','a','a','a','a','a','a','a','a','a','a','a','a','a','a','a','a','a','a','a','a','a','a','a','a','a','a','a','a','a','a','a','a','a','a','a','a','a','a','a','a','a','a','a','a','a','a','a','a','a','a','a','a','a','a','a','a','a','a','a','a','a','a','a','a','a','a','a','a','a','a','a','a','a','a','a','b','b','b'}; 
Previous 19: main:array:1={'A','B','C','D','E','F','G','H','I','J','K','L','M','N','O','P','Q','R','S','T','U','V','W','X','Y','Z','A','B','C','D','E','F','G','H','I','J','K','L','M','N','O','P','Q','R','S','T','U','V','W','X','Y','Z','A','B','C','D','E','F','G','H','I','J','K','L','M','N','O','P','Q','R','S','T','U','V','W','X','Y','Z','A','B','C','D','E','F','G','H','I','J','K','L','M','N','O','P','Q','R','S','T','U','V','W'}; 
Previous 20: main:array:1={'H','e','l','l','o','W','o','r','l','d','H','e','l','l','o','W','o','r','l','d','H','e','l','l','o','W','o','r','l','d','H','e','l','l','o','W','o','r','l','d','H','e','l','l','o','W','o','r','l','d','H','e','l','l','o','W','o','r','l','d','H','e','l','l','o','W','o','r','l','d','H','e','l','l','o','W','o','r','l','d','H','e','l','l','o','W','o','r','l','d','H','e','l','l','o','W','o','r','l','d','H'}; 
Previous 21: main:array:1={':','A','a','a','a','a','a','a','a','a','a','a','a','a','a','a','a','a','a','a','a','a','a','a','a','a','a','a','a','a','a','a','a','a','a','a','a','a','a','a','a','a','a','a','a','a','a','a','a','a','a','a','a','a','a','a','a','a','a','a','a','a','a','a','a','a','a','a','a','a','a','a','a','a','a','a','a','a','a','a','a','a','a','a','a','a','a','a','a','a','a','a','a','a','a','a','a','a','a','a','a'}; 

Program:
extern char __VERIFIER_nondet_char(void);
/*
Commit Number: e6801c90311679fc0854af73da95fe58079c59f4
URL: https://github.com/FreeRADIUS/freeradius-server/commit/e6801c90311679fc0854af73da95fe58079c59f4
Project Name: freeradius-serve
License: GPL2
termination: false


*/
int main()
{
    int stop = 0;
    char array[101];
    for( int i = 0 ; i < 100 ; i++ )
        array[i] =  __VERIFIER_nondet_char();
    array[100] = 0;
    char* p = array;
    while( (*p) && (!stop) )
    {
        switch(*p){
        case '}':
            stop = 1;
            break;

        case ':':
            if( *(p+1) && (*(p+1) == '-')){
                p += 2;
                stop = 1;
            }
            break;
        default:
            p++;
        }
    }
    return 0;
}

"
28,NT,"main:array:1={'a','a','a','a','a','a','a','a','a','a','a','a','a','a','a','a','a','a','a','a','a','a','a','a','a','a','a','a','a','a','a','a','a','a','a','a','a','a','a','a','a','a','a','a','a','a','a','a','a','a','a','a','a','a','a','a','a','a','a','a','a','a','a','a','a','a','a','a','a','a','a','a','a','a','a','a','a','a','a','a','a','a','a','a','a','a','a','a','a','a','a','a','a','a','a','a','a','a','a','a','b'}
",,COMPLETED,T,false,,"You generate concrete values for nondeterministic inputs in a C/C++ program.
Your goal is to produce ONE complete assignment set that is likely to make the program not terminate.

Important rules:
1. Return a value for EVERY listed nondeterministic input ID.
2. Use each ID exactly once.
3. Respect the declared C/C++ type.
4. For an array, return the value as an array containing exactly the required number of elements.
5. For char arrays, each element must be exactly one character. Return the character itself without C single quotes.
6. Prefer small-magnitude values unless larger values are necessary to achieve the requested execution behavior.

Nondeterministic inputs:
- id: main:array:1, type: char, array: true, size: 101, required elements: 101

Previously generated assignment sets are listed below. Generate a materially different set and do not duplicate any of them.
Previous 1: main:array:1={'a','a','a','a','a','a','a','a','a','a','a','a','a','a','a','a','a','a','a','a','a','a','a','a','a','a','a','a','a','a','a','a','a','a','a','a','a','a','a','a','a','a','a','a','a','a','a','a','a','a','a','a','a','a','a','a','a','a','a','a','a','a','a','a','a','a','a','a','a','a','a','a','a','a','a','a','a','a','a','a','a','a','a','a','a','a','a','a','a','a','a','a','a','a','a','a','a','a','a','a','a'}; 
Previous 2: main:array:1={'}','b','b','b','b','b','b','b','b','b','b','b','b','b','b','b','b','b','b','b','b','b','b','b','b','b','b','b','b','b','b','b','b','b','b','b','b','b','b','b','b','b','b','b','b','b','b','b','b','b','b','b','b','b','b','b','b','b','b','b','b','b','b','b','b','b','b','b','b','b','b','b','b','b','b','b','b','b','b','b','b','b','b','b','b','b','b','b','b','b','b','b','b','b','b','b','b','b','b','b','b'}; 
Previous 3: main:array:1={'}','a','a','a','a','a','a','a','a','a','a','a','a','a','a','a','a','a','a','a','a','a','a','a','a','a','a','a','a','a','a','a','a','a','a','a','a','a','a','a','a','a','a','a','a','a','a','a','a','a','a','a','a','a','a','a','a','a','a','a','a','a','a','a','a','a','a','a','a','a','a','a','a','a','a','a','a','a','a','a','a','a','a','a','a','a','a','a','a','a','a','a','a','a','a','a','a','a','a','a','a'}; 
Previous 4: main:array:1={'b','b','b','b','b','b','b','b','b','b','b','b','b','b','b','b','b','b','b','b','b','b','b','b','b','b','b','b','b','b','b','b','b','b','b','b','b','b','b','b','b','b','b','b','b','b','b','b','b','b','}','c','c','c','c','c','c','c','c','c','c','c','c','c','c','c','c','c','c','c','c','c','c','c','c','c','c','c','c','c','c','c','c','c','c','c','c','c','c','c','x','x','x','x','x','x','x','x','x','x','x'}; 
Previous 5: main:array:1={'\'','}','\'','\'','c','\'','\'','c','\'','\'','c','\'','\'','c','\'','\'','c','\'','\'','c','\'','\'','c','\'','\'','c','\'','\'','c','\'','\'','c','\'','\'','c','\'','\'','c','\'','\'','c','\'','\'','c','\'','\'','c','\'','\'','c','\'','\'','c','\'','\'','c','\'','\'','c','\'','\'','c','\'','\'','c','\'','\'','c','\'','\'','c','\'','\'','c','\'','\'','c','\'','\'','c','\'','\'','c','\'','\'','c','\'','\'','c','\'','\'','c','\'','\'','c','\'','\'','c','\'','\'','c'}; 
Previous 6: main:array:1={'\'','\'','\'','\'','\'','\'','\'','\'','\'','\'','\'','\'','\'','\'','\'','\'','\'','\'','\'','\'','\'','\'','\'','\'','\'','\'','\'','\'','\'','\'','\'','\'','\'','\'','\'','\'','\'','\'','\'','\'','\'','\'','\'','\'','\'','\'','\'','\'','\'','\'','\'','\'','\'','\'','\'','\'','\'','\'','\'','\'','\'','\'','\'','\'','\'','\'','\'','\'','\'','\'','\'','\'','\'','\'','\'','\'','\'','\'','\'','\'','\'','\'','\'','\'','\'','\'','\'','\'','\'','\'','\'','\'','\'','\'','\'','\'','\'','\'','\'','\'','\''}; 
Previous 7: main:array:1={'A','B','C','D','E','F','G','H','I','J','K','L','M','N','O','P','Q','R','S','T','U','V','W','X','Y','Z','a','b','c','d','e','f','g','h','i','j','k','l','m','n','o','p','q','r','s','t','u','v','w','x','y','z','0','1','2','3','4','5','6','7','8','9','!','?','.',',','-','_','/','/','|','@','#','$','%','^','&','*','(',')','{','[',']','`','~','>','<',':',';','`','\'',' ','!','?','.',',','%','+','=','/','/'}; 
Previous 8: main:array:1={'0','0','0','0','0','0','0','0','0','0','0','0','0','0','0','0','0','0','0','0','0','0','0','0','0','0','0','0','0','0','0','0','0','0','0','0','0','0','0','0','0','0','0','0','0','0','0','0','0','0','0','0','0','0','0','0','0','0','0','0','0','0','0','0','0','0','0','0','0','0','0','0','0','0','0','0','0','0','0','0','0','0','0','0','0','0','0','0','0','0','0','0','0','0','0','0','0','0','0','0','0'}; 
Previous 9: main:array:1={'a','b','a','b','a','b','a','b','a','b','a','b','a','b','a','b','a','b','a','b','a','b','a','b','a','b','a','b','a','b','a','b','a','b','a','b','a','b','a','b','a','b','a','b','a','b','a','b','a','b','a','b','a','b','a','b','a','b','a','b','a','b','a','b','a','b','a','b','a','b','a','b','a','b','a','b','a','b','a','b','a','b','a','b','a','b','a','b','a','b','a','b','a','b','a','b','a','b','a','b','a'}; 
Previous 10: main:array:1={'\'','A','\'','B','\'','C','\'','D','\'','E','\'','F','\'','G','\'','H','\'','I','\'','J','\'','K','\'','L','\'','M','\'','N','\'','O','\'','P','\'','Q','\'','R','\'','S','\'','T','\'','U','\'','V','\'','W','\'','X','\'','Y','\'','Z','\'','a','\'','b','\'','c','\'','d','\'','e','\'','f','\'','g','\'','h','\'','i','\'','j','\'','k','\'','l','\'','m','\'','n','\'','o','\'','p','\'','q','\'','r','\'','s','\'','t','\'','u','\'','v','\'','w','\'','x','\''}; 
Previous 11: main:array:1={':','-','a','a','a','a','a','a','a','a','a','a','a','a','a','a','a','a','a','a','a','a','a','a','a','a','a','a','a','a','a','a','a','a','a','a','a','a','a','a','a','a','a','a','a','a','a','a','a','a','a','a','a','a','a','a','a','a','a','a','a','a','a','a','a','a','a','a','a','a','a','a','a','a','a','a','a','a','a','a','a','a','a','a','a','a','a','a','a','a','a','a','a','a','a','a','a','a','a','a','a'}; 
Previous 12: main:array:1={'x','x','x','x','x','x','x','x','x','x','x','x','x','x','x','x','x','x','x','x','x','x','x','x','x','x','x','x','x','x','x','x','x','x','x','x','x','x','x','x','x','x','x','x','x','x','x','x','x','x','x','x','x','x','x','x','x','x','x','x','x','x','x','x','x','x','x','x','x','x','x','x','x','x','x','x','x','x','x','x','x','x','x','x','x','x','x','x','x','x','x','x','x','x','x','x','x','x','x','x','x'}; 
Previous 13: main:array:1={':','b','a','a','a','a','a','a','a','a','a','a','a','a','a','a','a','a','a','a','a','a','a','a','a','a','a','a','a','a','a','a','a','a','a','a','a','a','a','a','a','a','a','a','a','a','a','a','a','a','a','a','a','a','a','a','a','a','a','a','a','a','a','a','a','a','a','a','a','a','a','a','a','a','a','a','a','a','a','a','a','a','a','a','a','a','a','a','a','a','a','a','a','a','a','a','a','a','a','a','a'}; 
Previous 14: main:array:1={'\'','\'',':','\'','a','\'','b','\'','b','\'','b','\'','b','\'','b','\'','b','\'','b','\'','b','\'','b','\'','b','\'','b','\'','b','\'','b','\'','b','\'','b','\'','b','\'','b','\'','b','\'','b','\'','b','\'','b','\'','b','\'','b','\'','b','\'','b','\'','b','\'','b','\'','b','\'','b','\'','b','\'','b','\'','b','\'','b','\'','b','\'','b','\'','b','\'','b','\'','b','\'','b','\'','b','\'','b','\'','b','\'','b','\'','b','\'','b','\'','b','\'','b','\'','b'}; 
Previous 15: main:array:1={'a','a','a','a','a','a','a','a','a','a','a','a','a','a','a','a','a','a','a','a','a','a','a','a','a','a','a','a','a','a','a','a','a','a','a','a','a','a','a','a','a','a','a','a','a','a','a','a','a','a','a','a','a','a','a','a','a','a','a','a','a','a','a','a','a','a','a','a','a','a','a','a','a','a','a','a','a','a','a','a','a','a','a','a','a','a','a','a','a','a','a','a','a','a','a','a','a','a',':','0','0'}; 
Previous 16: main:array:1={'z','z','z','z','z','z','z','z','z','z','z','z','z','z','z','z','z','z','z','z','z','z','z','z','z','z','z','z','z','z','z','z','z','z','z','z','z','z','z','z','z','z','z','z','z','z','z','z','z','z','z','z','z','z','z','z','z','z','z','z','z','z','z','z','z','z','z','z','z','z','z','z','z','z','z','z','z','z','z','z','z','z','z','z','z','z','z','z','z','z','z','z','z','z','z','z','z','z','z','z','z'}; 
Previous 17: main:array:1={'!','!','!','!','!','!','!','!','!','!','!','!','!','!','!','!','!','!','!','!','!','!','!','!','!','!','!','!','!','!','!','!','!','!','!','!','!','!','!','!','!','!','!','!','!','!','!','!','!','!','!','!','!','!','!','!','!','!','!','!','!','!','!','!','!','!','!','!','!','!','!','!','!','!','!','!','!','!','!','!','!','!','!','!','!','!','!','!','!','!','!','!','!','!','!','!','!','!','!','!','!'}; 
Previous 18: main:array:1={'a','a','a','a','a','a','a','a','a','a','a','a','a','a','a','a','a','a','a','a','a','a','a','a','a','a','a','a','a','a','a','a','a','a','a','a','a','a','a','a','a','a','a','a','a','a','a','a','a','a','a','a','a','a','a','a','a','a','a','a','a','a','a','a','a','a','a','a','a','a','a','a','a','a','a','a','a','a','a','a','a','a','a','a','a','a','a','a','a','a','a','a','a','a','a','a','a','a','b','b','b'}; 
Previous 19: main:array:1={'A','B','C','D','E','F','G','H','I','J','K','L','M','N','O','P','Q','R','S','T','U','V','W','X','Y','Z','A','B','C','D','E','F','G','H','I','J','K','L','M','N','O','P','Q','R','S','T','U','V','W','X','Y','Z','A','B','C','D','E','F','G','H','I','J','K','L','M','N','O','P','Q','R','S','T','U','V','W','X','Y','Z','A','B','C','D','E','F','G','H','I','J','K','L','M','N','O','P','Q','R','S','T','U','V','W'}; 
Previous 20: main:array:1={'H','e','l','l','o','W','o','r','l','d','H','e','l','l','o','W','o','r','l','d','H','e','l','l','o','W','o','r','l','d','H','e','l','l','o','W','o','r','l','d','H','e','l','l','o','W','o','r','l','d','H','e','l','l','o','W','o','r','l','d','H','e','l','l','o','W','o','r','l','d','H','e','l','l','o','W','o','r','l','d','H','e','l','l','o','W','o','r','l','d','H','e','l','l','o','W','o','r','l','d','H'}; 
Previous 21: main:array:1={':','A','a','a','a','a','a','a','a','a','a','a','a','a','a','a','a','a','a','a','a','a','a','a','a','a','a','a','a','a','a','a','a','a','a','a','a','a','a','a','a','a','a','a','a','a','a','a','a','a','a','a','a','a','a','a','a','a','a','a','a','a','a','a','a','a','a','a','a','a','a','a','a','a','a','a','a','a','a','a','a','a','a','a','a','a','a','a','a','a','a','a','a','a','a','a','a','a','a','a','a'}; 
Previous 22: main:array:1={'m','n','o','p','q','r','s','t','u','v','m','n','o','p','q','r','s','t','u','v','m','n','o','p','q','r','s','t','u','v','m','n','o','p','q','r','s','t','u','v','m','n','o','p','q','r','s','t','u','v','m','n','o','p','q','r','s','t','u','v','m','n','o','p','q','r','s','t','u','v','m','n','o','p','q','r','s','t','u','v','m','n','o','p','q','r','s','t','u','v','m','n','o','p','q','r','s','t','u','v','m'}; 

Program:
extern char __VERIFIER_nondet_char(void);
/*
Commit Number: e6801c90311679fc0854af73da95fe58079c59f4
URL: https://github.com/FreeRADIUS/freeradius-server/commit/e6801c90311679fc0854af73da95fe58079c59f4
Project Name: freeradius-serve
License: GPL2
termination: false


*/
int main()
{
    int stop = 0;
    char array[101];
    for( int i = 0 ; i < 100 ; i++ )
        array[i] =  __VERIFIER_nondet_char();
    array[100] = 0;
    char* p = array;
    while( (*p) && (!stop) )
    {
        switch(*p){
        case '}':
            stop = 1;
            break;

        case ':':
            if( *(p+1) && (*(p+1) == '-')){
                p += 2;
                stop = 1;
            }
            break;
        default:
            p++;
        }
    }
    return 0;
}

"
29,NT,"main:array:1={'-','-','-','-','-','-','-','-','-','-','-','-','-','-','-','-','-','-','-','-','-','-','-','-','-','-','-','-','-','-','-','-','-','-','-','-','-','-','-','-','-','-','-','-','-','-','-','-','-','-','-','-','-','-','-','-','-','-','-','-','-','-','-','-','-','-','-','-','-','-','-','-','-','-','-','-','-','-','-','-','-','-','-','-','-','-','-','-','-','-','-','-','-','-','-','-','-','-','-','-','-'}
",,COMPLETED,T,false,,"You generate concrete values for nondeterministic inputs in a C/C++ program.
Your goal is to produce ONE complete assignment set that is likely to make the program not terminate.

Important rules:
1. Return a value for EVERY listed nondeterministic input ID.
2. Use each ID exactly once.
3. Respect the declared C/C++ type.
4. For an array, return the value as an array containing exactly the required number of elements.
5. For char arrays, each element must be exactly one character. Return the character itself without C single quotes.
6. Prefer small-magnitude values unless larger values are necessary to achieve the requested execution behavior.

Nondeterministic inputs:
- id: main:array:1, type: char, array: true, size: 101, required elements: 101

Previously generated assignment sets are listed below. Generate a materially different set and do not duplicate any of them.
Previous 1: main:array:1={'a','a','a','a','a','a','a','a','a','a','a','a','a','a','a','a','a','a','a','a','a','a','a','a','a','a','a','a','a','a','a','a','a','a','a','a','a','a','a','a','a','a','a','a','a','a','a','a','a','a','a','a','a','a','a','a','a','a','a','a','a','a','a','a','a','a','a','a','a','a','a','a','a','a','a','a','a','a','a','a','a','a','a','a','a','a','a','a','a','a','a','a','a','a','a','a','a','a','a','a','a'}; 
Previous 2: main:array:1={'}','b','b','b','b','b','b','b','b','b','b','b','b','b','b','b','b','b','b','b','b','b','b','b','b','b','b','b','b','b','b','b','b','b','b','b','b','b','b','b','b','b','b','b','b','b','b','b','b','b','b','b','b','b','b','b','b','b','b','b','b','b','b','b','b','b','b','b','b','b','b','b','b','b','b','b','b','b','b','b','b','b','b','b','b','b','b','b','b','b','b','b','b','b','b','b','b','b','b','b','b'}; 
Previous 3: main:array:1={'}','a','a','a','a','a','a','a','a','a','a','a','a','a','a','a','a','a','a','a','a','a','a','a','a','a','a','a','a','a','a','a','a','a','a','a','a','a','a','a','a','a','a','a','a','a','a','a','a','a','a','a','a','a','a','a','a','a','a','a','a','a','a','a','a','a','a','a','a','a','a','a','a','a','a','a','a','a','a','a','a','a','a','a','a','a','a','a','a','a','a','a','a','a','a','a','a','a','a','a','a'}; 
Previous 4: main:array:1={'b','b','b','b','b','b','b','b','b','b','b','b','b','b','b','b','b','b','b','b','b','b','b','b','b','b','b','b','b','b','b','b','b','b','b','b','b','b','b','b','b','b','b','b','b','b','b','b','b','b','}','c','c','c','c','c','c','c','c','c','c','c','c','c','c','c','c','c','c','c','c','c','c','c','c','c','c','c','c','c','c','c','c','c','c','c','c','c','c','c','x','x','x','x','x','x','x','x','x','x','x'}; 
Previous 5: main:array:1={'\'','}','\'','\'','c','\'','\'','c','\'','\'','c','\'','\'','c','\'','\'','c','\'','\'','c','\'','\'','c','\'','\'','c','\'','\'','c','\'','\'','c','\'','\'','c','\'','\'','c','\'','\'','c','\'','\'','c','\'','\'','c','\'','\'','c','\'','\'','c','\'','\'','c','\'','\'','c','\'','\'','c','\'','\'','c','\'','\'','c','\'','\'','c','\'','\'','c','\'','\'','c','\'','\'','c','\'','\'','c','\'','\'','c','\'','\'','c','\'','\'','c','\'','\'','c','\'','\'','c','\'','\'','c'}; 
Previous 6: main:array:1={'\'','\'','\'','\'','\'','\'','\'','\'','\'','\'','\'','\'','\'','\'','\'','\'','\'','\'','\'','\'','\'','\'','\'','\'','\'','\'','\'','\'','\'','\'','\'','\'','\'','\'','\'','\'','\'','\'','\'','\'','\'','\'','\'','\'','\'','\'','\'','\'','\'','\'','\'','\'','\'','\'','\'','\'','\'','\'','\'','\'','\'','\'','\'','\'','\'','\'','\'','\'','\'','\'','\'','\'','\'','\'','\'','\'','\'','\'','\'','\'','\'','\'','\'','\'','\'','\'','\'','\'','\'','\'','\'','\'','\'','\'','\'','\'','\'','\'','\'','\'','\''}; 
Previous 7: main:array:1={'A','B','C','D','E','F','G','H','I','J','K','L','M','N','O','P','Q','R','S','T','U','V','W','X','Y','Z','a','b','c','d','e','f','g','h','i','j','k','l','m','n','o','p','q','r','s','t','u','v','w','x','y','z','0','1','2','3','4','5','6','7','8','9','!','?','.',',','-','_','/','/','|','@','#','$','%','^','&','*','(',')','{','[',']','`','~','>','<',':',';','`','\'',' ','!','?','.',',','%','+','=','/','/'}; 
Previous 8: main:array:1={'0','0','0','0','0','0','0','0','0','0','0','0','0','0','0','0','0','0','0','0','0','0','0','0','0','0','0','0','0','0','0','0','0','0','0','0','0','0','0','0','0','0','0','0','0','0','0','0','0','0','0','0','0','0','0','0','0','0','0','0','0','0','0','0','0','0','0','0','0','0','0','0','0','0','0','0','0','0','0','0','0','0','0','0','0','0','0','0','0','0','0','0','0','0','0','0','0','0','0','0','0'}; 
Previous 9: main:array:1={'a','b','a','b','a','b','a','b','a','b','a','b','a','b','a','b','a','b','a','b','a','b','a','b','a','b','a','b','a','b','a','b','a','b','a','b','a','b','a','b','a','b','a','b','a','b','a','b','a','b','a','b','a','b','a','b','a','b','a','b','a','b','a','b','a','b','a','b','a','b','a','b','a','b','a','b','a','b','a','b','a','b','a','b','a','b','a','b','a','b','a','b','a','b','a','b','a','b','a','b','a'}; 
Previous 10: main:array:1={'\'','A','\'','B','\'','C','\'','D','\'','E','\'','F','\'','G','\'','H','\'','I','\'','J','\'','K','\'','L','\'','M','\'','N','\'','O','\'','P','\'','Q','\'','R','\'','S','\'','T','\'','U','\'','V','\'','W','\'','X','\'','Y','\'','Z','\'','a','\'','b','\'','c','\'','d','\'','e','\'','f','\'','g','\'','h','\'','i','\'','j','\'','k','\'','l','\'','m','\'','n','\'','o','\'','p','\'','q','\'','r','\'','s','\'','t','\'','u','\'','v','\'','w','\'','x','\''}; 
Previous 11: main:array:1={':','-','a','a','a','a','a','a','a','a','a','a','a','a','a','a','a','a','a','a','a','a','a','a','a','a','a','a','a','a','a','a','a','a','a','a','a','a','a','a','a','a','a','a','a','a','a','a','a','a','a','a','a','a','a','a','a','a','a','a','a','a','a','a','a','a','a','a','a','a','a','a','a','a','a','a','a','a','a','a','a','a','a','a','a','a','a','a','a','a','a','a','a','a','a','a','a','a','a','a','a'}; 
Previous 12: main:array:1={'x','x','x','x','x','x','x','x','x','x','x','x','x','x','x','x','x','x','x','x','x','x','x','x','x','x','x','x','x','x','x','x','x','x','x','x','x','x','x','x','x','x','x','x','x','x','x','x','x','x','x','x','x','x','x','x','x','x','x','x','x','x','x','x','x','x','x','x','x','x','x','x','x','x','x','x','x','x','x','x','x','x','x','x','x','x','x','x','x','x','x','x','x','x','x','x','x','x','x','x','x'}; 
Previous 13: main:array:1={':','b','a','a','a','a','a','a','a','a','a','a','a','a','a','a','a','a','a','a','a','a','a','a','a','a','a','a','a','a','a','a','a','a','a','a','a','a','a','a','a','a','a','a','a','a','a','a','a','a','a','a','a','a','a','a','a','a','a','a','a','a','a','a','a','a','a','a','a','a','a','a','a','a','a','a','a','a','a','a','a','a','a','a','a','a','a','a','a','a','a','a','a','a','a','a','a','a','a','a','a'}; 
Previous 14: main:array:1={'\'','\'',':','\'','a','\'','b','\'','b','\'','b','\'','b','\'','b','\'','b','\'','b','\'','b','\'','b','\'','b','\'','b','\'','b','\'','b','\'','b','\'','b','\'','b','\'','b','\'','b','\'','b','\'','b','\'','b','\'','b','\'','b','\'','b','\'','b','\'','b','\'','b','\'','b','\'','b','\'','b','\'','b','\'','b','\'','b','\'','b','\'','b','\'','b','\'','b','\'','b','\'','b','\'','b','\'','b','\'','b','\'','b','\'','b','\'','b','\'','b','\'','b','\'','b'}; 
Previous 15: main:array:1={'a','a','a','a','a','a','a','a','a','a','a','a','a','a','a','a','a','a','a','a','a','a','a','a','a','a','a','a','a','a','a','a','a','a','a','a','a','a','a','a','a','a','a','a','a','a','a','a','a','a','a','a','a','a','a','a','a','a','a','a','a','a','a','a','a','a','a','a','a','a','a','a','a','a','a','a','a','a','a','a','a','a','a','a','a','a','a','a','a','a','a','a','a','a','a','a','a','a',':','0','0'}; 
Previous 16: main:array:1={'z','z','z','z','z','z','z','z','z','z','z','z','z','z','z','z','z','z','z','z','z','z','z','z','z','z','z','z','z','z','z','z','z','z','z','z','z','z','z','z','z','z','z','z','z','z','z','z','z','z','z','z','z','z','z','z','z','z','z','z','z','z','z','z','z','z','z','z','z','z','z','z','z','z','z','z','z','z','z','z','z','z','z','z','z','z','z','z','z','z','z','z','z','z','z','z','z','z','z','z','z'}; 
Previous 17: main:array:1={'!','!','!','!','!','!','!','!','!','!','!','!','!','!','!','!','!','!','!','!','!','!','!','!','!','!','!','!','!','!','!','!','!','!','!','!','!','!','!','!','!','!','!','!','!','!','!','!','!','!','!','!','!','!','!','!','!','!','!','!','!','!','!','!','!','!','!','!','!','!','!','!','!','!','!','!','!','!','!','!','!','!','!','!','!','!','!','!','!','!','!','!','!','!','!','!','!','!','!','!','!'}; 
Previous 18: main:array:1={'a','a','a','a','a','a','a','a','a','a','a','a','a','a','a','a','a','a','a','a','a','a','a','a','a','a','a','a','a','a','a','a','a','a','a','a','a','a','a','a','a','a','a','a','a','a','a','a','a','a','a','a','a','a','a','a','a','a','a','a','a','a','a','a','a','a','a','a','a','a','a','a','a','a','a','a','a','a','a','a','a','a','a','a','a','a','a','a','a','a','a','a','a','a','a','a','a','a','b','b','b'}; 
Previous 19: main:array:1={'A','B','C','D','E','F','G','H','I','J','K','L','M','N','O','P','Q','R','S','T','U','V','W','X','Y','Z','A','B','C','D','E','F','G','H','I','J','K','L','M','N','O','P','Q','R','S','T','U','V','W','X','Y','Z','A','B','C','D','E','F','G','H','I','J','K','L','M','N','O','P','Q','R','S','T','U','V','W','X','Y','Z','A','B','C','D','E','F','G','H','I','J','K','L','M','N','O','P','Q','R','S','T','U','V','W'}; 
Previous 20: main:array:1={'H','e','l','l','o','W','o','r','l','d','H','e','l','l','o','W','o','r','l','d','H','e','l','l','o','W','o','r','l','d','H','e','l','l','o','W','o','r','l','d','H','e','l','l','o','W','o','r','l','d','H','e','l','l','o','W','o','r','l','d','H','e','l','l','o','W','o','r','l','d','H','e','l','l','o','W','o','r','l','d','H','e','l','l','o','W','o','r','l','d','H','e','l','l','o','W','o','r','l','d','H'}; 
Previous 21: main:array:1={':','A','a','a','a','a','a','a','a','a','a','a','a','a','a','a','a','a','a','a','a','a','a','a','a','a','a','a','a','a','a','a','a','a','a','a','a','a','a','a','a','a','a','a','a','a','a','a','a','a','a','a','a','a','a','a','a','a','a','a','a','a','a','a','a','a','a','a','a','a','a','a','a','a','a','a','a','a','a','a','a','a','a','a','a','a','a','a','a','a','a','a','a','a','a','a','a','a','a','a','a'}; 
Previous 22: main:array:1={'m','n','o','p','q','r','s','t','u','v','m','n','o','p','q','r','s','t','u','v','m','n','o','p','q','r','s','t','u','v','m','n','o','p','q','r','s','t','u','v','m','n','o','p','q','r','s','t','u','v','m','n','o','p','q','r','s','t','u','v','m','n','o','p','q','r','s','t','u','v','m','n','o','p','q','r','s','t','u','v','m','n','o','p','q','r','s','t','u','v','m','n','o','p','q','r','s','t','u','v','m'}; 
Previous 23: main:array:1={'a','a','a','a','a','a','a','a','a','a','a','a','a','a','a','a','a','a','a','a','a','a','a','a','a','a','a','a','a','a','a','a','a','a','a','a','a','a','a','a','a','a','a','a','a','a','a','a','a','a','a','a','a','a','a','a','a','a','a','a','a','a','a','a','a','a','a','a','a','a','a','a','a','a','a','a','a','a','a','a','a','a','a','a','a','a','a','a','a','a','a','a','a','a','a','a','a','a','a','a','b'}; 

Program:
extern char __VERIFIER_nondet_char(void);
/*
Commit Number: e6801c90311679fc0854af73da95fe58079c59f4
URL: https://github.com/FreeRADIUS/freeradius-server/commit/e6801c90311679fc0854af73da95fe58079c59f4
Project Name: freeradius-serve
License: GPL2
termination: false


*/
int main()
{
    int stop = 0;
    char array[101];
    for( int i = 0 ; i < 100 ; i++ )
        array[i] =  __VERIFIER_nondet_char();
    array[100] = 0;
    char* p = array;
    while( (*p) && (!stop) )
    {
        switch(*p){
        case '}':
            stop = 1;
            break;

        case ':':
            if( *(p+1) && (*(p+1) == '-')){
                p += 2;
                stop = 1;
            }
            break;
        default:
            p++;
        }
    }
    return 0;
}

"
30,NT,"main:array:1={'A','B','C','D','E','F','G','H','I','J','K','L','M','N','O','P','Q','R','S','T','U','V','W','X','Y','Z','a','b','c','d','e','f','g','h','i','j','k','l','m','n','o','p','q','r','s','t','u','v','w','x','y','z','0','1','2','3','4','5','6','7','8','9','!','@','#','$','%','^','&','*','(',')','-','=','+','[',']','{',';',';',',','.','<','>','?','/',';','~','\'','`','^','+','+','?','/',';','~','\'','`','^','+'}
",,COMPLETED,T,false,,"You generate concrete values for nondeterministic inputs in a C/C++ program.
Your goal is to produce ONE complete assignment set that is likely to make the program not terminate.

Important rules:
1. Return a value for EVERY listed nondeterministic input ID.
2. Use each ID exactly once.
3. Respect the declared C/C++ type.
4. For an array, return the value as an array containing exactly the required number of elements.
5. For char arrays, each element must be exactly one character. Return the character itself without C single quotes.
6. Prefer small-magnitude values unless larger values are necessary to achieve the requested execution behavior.

Nondeterministic inputs:
- id: main:array:1, type: char, array: true, size: 101, required elements: 101

Previously generated assignment sets are listed below. Generate a materially different set and do not duplicate any of them.
Previous 1: main:array:1={'a','a','a','a','a','a','a','a','a','a','a','a','a','a','a','a','a','a','a','a','a','a','a','a','a','a','a','a','a','a','a','a','a','a','a','a','a','a','a','a','a','a','a','a','a','a','a','a','a','a','a','a','a','a','a','a','a','a','a','a','a','a','a','a','a','a','a','a','a','a','a','a','a','a','a','a','a','a','a','a','a','a','a','a','a','a','a','a','a','a','a','a','a','a','a','a','a','a','a','a','a'}; 
Previous 2: main:array:1={'}','b','b','b','b','b','b','b','b','b','b','b','b','b','b','b','b','b','b','b','b','b','b','b','b','b','b','b','b','b','b','b','b','b','b','b','b','b','b','b','b','b','b','b','b','b','b','b','b','b','b','b','b','b','b','b','b','b','b','b','b','b','b','b','b','b','b','b','b','b','b','b','b','b','b','b','b','b','b','b','b','b','b','b','b','b','b','b','b','b','b','b','b','b','b','b','b','b','b','b','b'}; 
Previous 3: main:array:1={'}','a','a','a','a','a','a','a','a','a','a','a','a','a','a','a','a','a','a','a','a','a','a','a','a','a','a','a','a','a','a','a','a','a','a','a','a','a','a','a','a','a','a','a','a','a','a','a','a','a','a','a','a','a','a','a','a','a','a','a','a','a','a','a','a','a','a','a','a','a','a','a','a','a','a','a','a','a','a','a','a','a','a','a','a','a','a','a','a','a','a','a','a','a','a','a','a','a','a','a','a'}; 
Previous 4: main:array:1={'b','b','b','b','b','b','b','b','b','b','b','b','b','b','b','b','b','b','b','b','b','b','b','b','b','b','b','b','b','b','b','b','b','b','b','b','b','b','b','b','b','b','b','b','b','b','b','b','b','b','}','c','c','c','c','c','c','c','c','c','c','c','c','c','c','c','c','c','c','c','c','c','c','c','c','c','c','c','c','c','c','c','c','c','c','c','c','c','c','c','x','x','x','x','x','x','x','x','x','x','x'}; 
Previous 5: main:array:1={'\'','}','\'','\'','c','\'','\'','c','\'','\'','c','\'','\'','c','\'','\'','c','\'','\'','c','\'','\'','c','\'','\'','c','\'','\'','c','\'','\'','c','\'','\'','c','\'','\'','c','\'','\'','c','\'','\'','c','\'','\'','c','\'','\'','c','\'','\'','c','\'','\'','c','\'','\'','c','\'','\'','c','\'','\'','c','\'','\'','c','\'','\'','c','\'','\'','c','\'','\'','c','\'','\'','c','\'','\'','c','\'','\'','c','\'','\'','c','\'','\'','c','\'','\'','c','\'','\'','c','\'','\'','c'}; 
Previous 6: main:array:1={'\'','\'','\'','\'','\'','\'','\'','\'','\'','\'','\'','\'','\'','\'','\'','\'','\'','\'','\'','\'','\'','\'','\'','\'','\'','\'','\'','\'','\'','\'','\'','\'','\'','\'','\'','\'','\'','\'','\'','\'','\'','\'','\'','\'','\'','\'','\'','\'','\'','\'','\'','\'','\'','\'','\'','\'','\'','\'','\'','\'','\'','\'','\'','\'','\'','\'','\'','\'','\'','\'','\'','\'','\'','\'','\'','\'','\'','\'','\'','\'','\'','\'','\'','\'','\'','\'','\'','\'','\'','\'','\'','\'','\'','\'','\'','\'','\'','\'','\'','\'','\''}; 
Previous 7: main:array:1={'A','B','C','D','E','F','G','H','I','J','K','L','M','N','O','P','Q','R','S','T','U','V','W','X','Y','Z','a','b','c','d','e','f','g','h','i','j','k','l','m','n','o','p','q','r','s','t','u','v','w','x','y','z','0','1','2','3','4','5','6','7','8','9','!','?','.',',','-','_','/','/','|','@','#','$','%','^','&','*','(',')','{','[',']','`','~','>','<',':',';','`','\'',' ','!','?','.',',','%','+','=','/','/'}; 
Previous 8: main:array:1={'0','0','0','0','0','0','0','0','0','0','0','0','0','0','0','0','0','0','0','0','0','0','0','0','0','0','0','0','0','0','0','0','0','0','0','0','0','0','0','0','0','0','0','0','0','0','0','0','0','0','0','0','0','0','0','0','0','0','0','0','0','0','0','0','0','0','0','0','0','0','0','0','0','0','0','0','0','0','0','0','0','0','0','0','0','0','0','0','0','0','0','0','0','0','0','0','0','0','0','0','0'}; 
Previous 9: main:array:1={'a','b','a','b','a','b','a','b','a','b','a','b','a','b','a','b','a','b','a','b','a','b','a','b','a','b','a','b','a','b','a','b','a','b','a','b','a','b','a','b','a','b','a','b','a','b','a','b','a','b','a','b','a','b','a','b','a','b','a','b','a','b','a','b','a','b','a','b','a','b','a','b','a','b','a','b','a','b','a','b','a','b','a','b','a','b','a','b','a','b','a','b','a','b','a','b','a','b','a','b','a'}; 
Previous 10: main:array:1={'\'','A','\'','B','\'','C','\'','D','\'','E','\'','F','\'','G','\'','H','\'','I','\'','J','\'','K','\'','L','\'','M','\'','N','\'','O','\'','P','\'','Q','\'','R','\'','S','\'','T','\'','U','\'','V','\'','W','\'','X','\'','Y','\'','Z','\'','a','\'','b','\'','c','\'','d','\'','e','\'','f','\'','g','\'','h','\'','i','\'','j','\'','k','\'','l','\'','m','\'','n','\'','o','\'','p','\'','q','\'','r','\'','s','\'','t','\'','u','\'','v','\'','w','\'','x','\''}; 
Previous 11: main:array:1={':','-','a','a','a','a','a','a','a','a','a','a','a','a','a','a','a','a','a','a','a','a','a','a','a','a','a','a','a','a','a','a','a','a','a','a','a','a','a','a','a','a','a','a','a','a','a','a','a','a','a','a','a','a','a','a','a','a','a','a','a','a','a','a','a','a','a','a','a','a','a','a','a','a','a','a','a','a','a','a','a','a','a','a','a','a','a','a','a','a','a','a','a','a','a','a','a','a','a','a','a'}; 
Previous 12: main:array:1={'x','x','x','x','x','x','x','x','x','x','x','x','x','x','x','x','x','x','x','x','x','x','x','x','x','x','x','x','x','x','x','x','x','x','x','x','x','x','x','x','x','x','x','x','x','x','x','x','x','x','x','x','x','x','x','x','x','x','x','x','x','x','x','x','x','x','x','x','x','x','x','x','x','x','x','x','x','x','x','x','x','x','x','x','x','x','x','x','x','x','x','x','x','x','x','x','x','x','x','x','x'}; 
Previous 13: main:array:1={':','b','a','a','a','a','a','a','a','a','a','a','a','a','a','a','a','a','a','a','a','a','a','a','a','a','a','a','a','a','a','a','a','a','a','a','a','a','a','a','a','a','a','a','a','a','a','a','a','a','a','a','a','a','a','a','a','a','a','a','a','a','a','a','a','a','a','a','a','a','a','a','a','a','a','a','a','a','a','a','a','a','a','a','a','a','a','a','a','a','a','a','a','a','a','a','a','a','a','a','a'}; 
Previous 14: main:array:1={'\'','\'',':','\'','a','\'','b','\'','b','\'','b','\'','b','\'','b','\'','b','\'','b','\'','b','\'','b','\'','b','\'','b','\'','b','\'','b','\'','b','\'','b','\'','b','\'','b','\'','b','\'','b','\'','b','\'','b','\'','b','\'','b','\'','b','\'','b','\'','b','\'','b','\'','b','\'','b','\'','b','\'','b','\'','b','\'','b','\'','b','\'','b','\'','b','\'','b','\'','b','\'','b','\'','b','\'','b','\'','b','\'','b','\'','b','\'','b','\'','b','\'','b','\'','b'}; 
Previous 15: main:array:1={'a','a','a','a','a','a','a','a','a','a','a','a','a','a','a','a','a','a','a','a','a','a','a','a','a','a','a','a','a','a','a','a','a','a','a','a','a','a','a','a','a','a','a','a','a','a','a','a','a','a','a','a','a','a','a','a','a','a','a','a','a','a','a','a','a','a','a','a','a','a','a','a','a','a','a','a','a','a','a','a','a','a','a','a','a','a','a','a','a','a','a','a','a','a','a','a','a','a',':','0','0'}; 
Previous 16: main:array:1={'z','z','z','z','z','z','z','z','z','z','z','z','z','z','z','z','z','z','z','z','z','z','z','z','z','z','z','z','z','z','z','z','z','z','z','z','z','z','z','z','z','z','z','z','z','z','z','z','z','z','z','z','z','z','z','z','z','z','z','z','z','z','z','z','z','z','z','z','z','z','z','z','z','z','z','z','z','z','z','z','z','z','z','z','z','z','z','z','z','z','z','z','z','z','z','z','z','z','z','z','z'}; 
Previous 17: main:array:1={'!','!','!','!','!','!','!','!','!','!','!','!','!','!','!','!','!','!','!','!','!','!','!','!','!','!','!','!','!','!','!','!','!','!','!','!','!','!','!','!','!','!','!','!','!','!','!','!','!','!','!','!','!','!','!','!','!','!','!','!','!','!','!','!','!','!','!','!','!','!','!','!','!','!','!','!','!','!','!','!','!','!','!','!','!','!','!','!','!','!','!','!','!','!','!','!','!','!','!','!','!'}; 
Previous 18: main:array:1={'a','a','a','a','a','a','a','a','a','a','a','a','a','a','a','a','a','a','a','a','a','a','a','a','a','a','a','a','a','a','a','a','a','a','a','a','a','a','a','a','a','a','a','a','a','a','a','a','a','a','a','a','a','a','a','a','a','a','a','a','a','a','a','a','a','a','a','a','a','a','a','a','a','a','a','a','a','a','a','a','a','a','a','a','a','a','a','a','a','a','a','a','a','a','a','a','a','a','b','b','b'}; 
Previous 19: main:array:1={'A','B','C','D','E','F','G','H','I','J','K','L','M','N','O','P','Q','R','S','T','U','V','W','X','Y','Z','A','B','C','D','E','F','G','H','I','J','K','L','M','N','O','P','Q','R','S','T','U','V','W','X','Y','Z','A','B','C','D','E','F','G','H','I','J','K','L','M','N','O','P','Q','R','S','T','U','V','W','X','Y','Z','A','B','C','D','E','F','G','H','I','J','K','L','M','N','O','P','Q','R','S','T','U','V','W'}; 
Previous 20: main:array:1={'H','e','l','l','o','W','o','r','l','d','H','e','l','l','o','W','o','r','l','d','H','e','l','l','o','W','o','r','l','d','H','e','l','l','o','W','o','r','l','d','H','e','l','l','o','W','o','r','l','d','H','e','l','l','o','W','o','r','l','d','H','e','l','l','o','W','o','r','l','d','H','e','l','l','o','W','o','r','l','d','H','e','l','l','o','W','o','r','l','d','H','e','l','l','o','W','o','r','l','d','H'}; 
Previous 21: main:array:1={':','A','a','a','a','a','a','a','a','a','a','a','a','a','a','a','a','a','a','a','a','a','a','a','a','a','a','a','a','a','a','a','a','a','a','a','a','a','a','a','a','a','a','a','a','a','a','a','a','a','a','a','a','a','a','a','a','a','a','a','a','a','a','a','a','a','a','a','a','a','a','a','a','a','a','a','a','a','a','a','a','a','a','a','a','a','a','a','a','a','a','a','a','a','a','a','a','a','a','a','a'}; 
Previous 22: main:array:1={'m','n','o','p','q','r','s','t','u','v','m','n','o','p','q','r','s','t','u','v','m','n','o','p','q','r','s','t','u','v','m','n','o','p','q','r','s','t','u','v','m','n','o','p','q','r','s','t','u','v','m','n','o','p','q','r','s','t','u','v','m','n','o','p','q','r','s','t','u','v','m','n','o','p','q','r','s','t','u','v','m','n','o','p','q','r','s','t','u','v','m','n','o','p','q','r','s','t','u','v','m'}; 
Previous 23: main:array:1={'a','a','a','a','a','a','a','a','a','a','a','a','a','a','a','a','a','a','a','a','a','a','a','a','a','a','a','a','a','a','a','a','a','a','a','a','a','a','a','a','a','a','a','a','a','a','a','a','a','a','a','a','a','a','a','a','a','a','a','a','a','a','a','a','a','a','a','a','a','a','a','a','a','a','a','a','a','a','a','a','a','a','a','a','a','a','a','a','a','a','a','a','a','a','a','a','a','a','a','a','b'}; 
Previous 24: main:array:1={'-','-','-','-','-','-','-','-','-','-','-','-','-','-','-','-','-','-','-','-','-','-','-','-','-','-','-','-','-','-','-','-','-','-','-','-','-','-','-','-','-','-','-','-','-','-','-','-','-','-','-','-','-','-','-','-','-','-','-','-','-','-','-','-','-','-','-','-','-','-','-','-','-','-','-','-','-','-','-','-','-','-','-','-','-','-','-','-','-','-','-','-','-','-','-','-','-','-','-','-','-'}; 

Program:
extern char __VERIFIER_nondet_char(void);
/*
Commit Number: e6801c90311679fc0854af73da95fe58079c59f4
URL: https://github.com/FreeRADIUS/freeradius-server/commit/e6801c90311679fc0854af73da95fe58079c59f4
Project Name: freeradius-serve
License: GPL2
termination: false


*/
int main()
{
    int stop = 0;
    char array[101];
    for( int i = 0 ; i < 100 ; i++ )
        array[i] =  __VERIFIER_nondet_char();
    array[100] = 0;
    char* p = array;
    while( (*p) && (!stop) )
    {
        switch(*p){
        case '}':
            stop = 1;
            break;

        case ':':
            if( *(p+1) && (*(p+1) == '-')){
                p += 2;
                stop = 1;
            }
            break;
        default:
            p++;
        }
    }
    return 0;
}

"
31,NT,"main:array:1={'\'','A','\'','A','\'','A','\'','A','\'','A','\'','A','\'','A','\'','A','\'','A','\'','A','\'','A','\'','A','\'','A','\'','A','\'','A','\'','A','\'','A','\'','A','\'','A','\'','A','\'','A','\'','A','\'','A','\'','A','\'','A','\'','A','\'','A','\'','A','\'','A','\'','A','\'','A','\'','A','\'','A','\'','A','\'','A','\'','A','\'','A','\'','A','\'','A','\'','A','\'','A','\'','A','\'','A','\'','A','\'','A','\'','A','\'','A','\'','A','\'','A','\'','A','\''}
",,COMPLETED,T,false,,"You generate concrete values for nondeterministic inputs in a C/C++ program.
Your goal is to produce ONE complete assignment set that is likely to make the program not terminate.

Important rules:
1. Return a value for EVERY listed nondeterministic input ID.
2. Use each ID exactly once.
3. Respect the declared C/C++ type.
4. For an array, return the value as an array containing exactly the required number of elements.
5. For char arrays, each element must be exactly one character. Return the character itself without C single quotes.
6. Prefer small-magnitude values unless larger values are necessary to achieve the requested execution behavior.

Nondeterministic inputs:
- id: main:array:1, type: char, array: true, size: 101, required elements: 101

Previously generated assignment sets are listed below. Generate a materially different set and do not duplicate any of them.
Previous 1: main:array:1={'a','a','a','a','a','a','a','a','a','a','a','a','a','a','a','a','a','a','a','a','a','a','a','a','a','a','a','a','a','a','a','a','a','a','a','a','a','a','a','a','a','a','a','a','a','a','a','a','a','a','a','a','a','a','a','a','a','a','a','a','a','a','a','a','a','a','a','a','a','a','a','a','a','a','a','a','a','a','a','a','a','a','a','a','a','a','a','a','a','a','a','a','a','a','a','a','a','a','a','a','a'}; 
Previous 2: main:array:1={'}','b','b','b','b','b','b','b','b','b','b','b','b','b','b','b','b','b','b','b','b','b','b','b','b','b','b','b','b','b','b','b','b','b','b','b','b','b','b','b','b','b','b','b','b','b','b','b','b','b','b','b','b','b','b','b','b','b','b','b','b','b','b','b','b','b','b','b','b','b','b','b','b','b','b','b','b','b','b','b','b','b','b','b','b','b','b','b','b','b','b','b','b','b','b','b','b','b','b','b','b'}; 
Previous 3: main:array:1={'}','a','a','a','a','a','a','a','a','a','a','a','a','a','a','a','a','a','a','a','a','a','a','a','a','a','a','a','a','a','a','a','a','a','a','a','a','a','a','a','a','a','a','a','a','a','a','a','a','a','a','a','a','a','a','a','a','a','a','a','a','a','a','a','a','a','a','a','a','a','a','a','a','a','a','a','a','a','a','a','a','a','a','a','a','a','a','a','a','a','a','a','a','a','a','a','a','a','a','a','a'}; 
Previous 4: main:array:1={'b','b','b','b','b','b','b','b','b','b','b','b','b','b','b','b','b','b','b','b','b','b','b','b','b','b','b','b','b','b','b','b','b','b','b','b','b','b','b','b','b','b','b','b','b','b','b','b','b','b','}','c','c','c','c','c','c','c','c','c','c','c','c','c','c','c','c','c','c','c','c','c','c','c','c','c','c','c','c','c','c','c','c','c','c','c','c','c','c','c','x','x','x','x','x','x','x','x','x','x','x'}; 
Previous 5: main:array:1={'\'','}','\'','\'','c','\'','\'','c','\'','\'','c','\'','\'','c','\'','\'','c','\'','\'','c','\'','\'','c','\'','\'','c','\'','\'','c','\'','\'','c','\'','\'','c','\'','\'','c','\'','\'','c','\'','\'','c','\'','\'','c','\'','\'','c','\'','\'','c','\'','\'','c','\'','\'','c','\'','\'','c','\'','\'','c','\'','\'','c','\'','\'','c','\'','\'','c','\'','\'','c','\'','\'','c','\'','\'','c','\'','\'','c','\'','\'','c','\'','\'','c','\'','\'','c','\'','\'','c','\'','\'','c'}; 
Previous 6: main:array:1={'\'','\'','\'','\'','\'','\'','\'','\'','\'','\'','\'','\'','\'','\'','\'','\'','\'','\'','\'','\'','\'','\'','\'','\'','\'','\'','\'','\'','\'','\'','\'','\'','\'','\'','\'','\'','\'','\'','\'','\'','\'','\'','\'','\'','\'','\'','\'','\'','\'','\'','\'','\'','\'','\'','\'','\'','\'','\'','\'','\'','\'','\'','\'','\'','\'','\'','\'','\'','\'','\'','\'','\'','\'','\'','\'','\'','\'','\'','\'','\'','\'','\'','\'','\'','\'','\'','\'','\'','\'','\'','\'','\'','\'','\'','\'','\'','\'','\'','\'','\'','\''}; 
Previous 7: main:array:1={'A','B','C','D','E','F','G','H','I','J','K','L','M','N','O','P','Q','R','S','T','U','V','W','X','Y','Z','a','b','c','d','e','f','g','h','i','j','k','l','m','n','o','p','q','r','s','t','u','v','w','x','y','z','0','1','2','3','4','5','6','7','8','9','!','?','.',',','-','_','/','/','|','@','#','$','%','^','&','*','(',')','{','[',']','`','~','>','<',':',';','`','\'',' ','!','?','.',',','%','+','=','/','/'}; 
Previous 8: main:array:1={'0','0','0','0','0','0','0','0','0','0','0','0','0','0','0','0','0','0','0','0','0','0','0','0','0','0','0','0','0','0','0','0','0','0','0','0','0','0','0','0','0','0','0','0','0','0','0','0','0','0','0','0','0','0','0','0','0','0','0','0','0','0','0','0','0','0','0','0','0','0','0','0','0','0','0','0','0','0','0','0','0','0','0','0','0','0','0','0','0','0','0','0','0','0','0','0','0','0','0','0','0'}; 
Previous 9: main:array:1={'a','b','a','b','a','b','a','b','a','b','a','b','a','b','a','b','a','b','a','b','a','b','a','b','a','b','a','b','a','b','a','b','a','b','a','b','a','b','a','b','a','b','a','b','a','b','a','b','a','b','a','b','a','b','a','b','a','b','a','b','a','b','a','b','a','b','a','b','a','b','a','b','a','b','a','b','a','b','a','b','a','b','a','b','a','b','a','b','a','b','a','b','a','b','a','b','a','b','a','b','a'}; 
Previous 10: main:array:1={'\'','A','\'','B','\'','C','\'','D','\'','E','\'','F','\'','G','\'','H','\'','I','\'','J','\'','K','\'','L','\'','M','\'','N','\'','O','\'','P','\'','Q','\'','R','\'','S','\'','T','\'','U','\'','V','\'','W','\'','X','\'','Y','\'','Z','\'','a','\'','b','\'','c','\'','d','\'','e','\'','f','\'','g','\'','h','\'','i','\'','j','\'','k','\'','l','\'','m','\'','n','\'','o','\'','p','\'','q','\'','r','\'','s','\'','t','\'','u','\'','v','\'','w','\'','x','\''}; 
Previous 11: main:array:1={':','-','a','a','a','a','a','a','a','a','a','a','a','a','a','a','a','a','a','a','a','a','a','a','a','a','a','a','a','a','a','a','a','a','a','a','a','a','a','a','a','a','a','a','a','a','a','a','a','a','a','a','a','a','a','a','a','a','a','a','a','a','a','a','a','a','a','a','a','a','a','a','a','a','a','a','a','a','a','a','a','a','a','a','a','a','a','a','a','a','a','a','a','a','a','a','a','a','a','a','a'}; 
Previous 12: main:array:1={'x','x','x','x','x','x','x','x','x','x','x','x','x','x','x','x','x','x','x','x','x','x','x','x','x','x','x','x','x','x','x','x','x','x','x','x','x','x','x','x','x','x','x','x','x','x','x','x','x','x','x','x','x','x','x','x','x','x','x','x','x','x','x','x','x','x','x','x','x','x','x','x','x','x','x','x','x','x','x','x','x','x','x','x','x','x','x','x','x','x','x','x','x','x','x','x','x','x','x','x','x'}; 
Previous 13: main:array:1={':','b','a','a','a','a','a','a','a','a','a','a','a','a','a','a','a','a','a','a','a','a','a','a','a','a','a','a','a','a','a','a','a','a','a','a','a','a','a','a','a','a','a','a','a','a','a','a','a','a','a','a','a','a','a','a','a','a','a','a','a','a','a','a','a','a','a','a','a','a','a','a','a','a','a','a','a','a','a','a','a','a','a','a','a','a','a','a','a','a','a','a','a','a','a','a','a','a','a','a','a'}; 
Previous 14: main:array:1={'\'','\'',':','\'','a','\'','b','\'','b','\'','b','\'','b','\'','b','\'','b','\'','b','\'','b','\'','b','\'','b','\'','b','\'','b','\'','b','\'','b','\'','b','\'','b','\'','b','\'','b','\'','b','\'','b','\'','b','\'','b','\'','b','\'','b','\'','b','\'','b','\'','b','\'','b','\'','b','\'','b','\'','b','\'','b','\'','b','\'','b','\'','b','\'','b','\'','b','\'','b','\'','b','\'','b','\'','b','\'','b','\'','b','\'','b','\'','b','\'','b','\'','b','\'','b'}; 
Previous 15: main:array:1={'a','a','a','a','a','a','a','a','a','a','a','a','a','a','a','a','a','a','a','a','a','a','a','a','a','a','a','a','a','a','a','a','a','a','a','a','a','a','a','a','a','a','a','a','a','a','a','a','a','a','a','a','a','a','a','a','a','a','a','a','a','a','a','a','a','a','a','a','a','a','a','a','a','a','a','a','a','a','a','a','a','a','a','a','a','a','a','a','a','a','a','a','a','a','a','a','a','a',':','0','0'}; 
Previous 16: main:array:1={'z','z','z','z','z','z','z','z','z','z','z','z','z','z','z','z','z','z','z','z','z','z','z','z','z','z','z','z','z','z','z','z','z','z','z','z','z','z','z','z','z','z','z','z','z','z','z','z','z','z','z','z','z','z','z','z','z','z','z','z','z','z','z','z','z','z','z','z','z','z','z','z','z','z','z','z','z','z','z','z','z','z','z','z','z','z','z','z','z','z','z','z','z','z','z','z','z','z','z','z','z'}; 
Previous 17: main:array:1={'!','!','!','!','!','!','!','!','!','!','!','!','!','!','!','!','!','!','!','!','!','!','!','!','!','!','!','!','!','!','!','!','!','!','!','!','!','!','!','!','!','!','!','!','!','!','!','!','!','!','!','!','!','!','!','!','!','!','!','!','!','!','!','!','!','!','!','!','!','!','!','!','!','!','!','!','!','!','!','!','!','!','!','!','!','!','!','!','!','!','!','!','!','!','!','!','!','!','!','!','!'}; 
Previous 18: main:array:1={'a','a','a','a','a','a','a','a','a','a','a','a','a','a','a','a','a','a','a','a','a','a','a','a','a','a','a','a','a','a','a','a','a','a','a','a','a','a','a','a','a','a','a','a','a','a','a','a','a','a','a','a','a','a','a','a','a','a','a','a','a','a','a','a','a','a','a','a','a','a','a','a','a','a','a','a','a','a','a','a','a','a','a','a','a','a','a','a','a','a','a','a','a','a','a','a','a','a','b','b','b'}; 
Previous 19: main:array:1={'A','B','C','D','E','F','G','H','I','J','K','L','M','N','O','P','Q','R','S','T','U','V','W','X','Y','Z','A','B','C','D','E','F','G','H','I','J','K','L','M','N','O','P','Q','R','S','T','U','V','W','X','Y','Z','A','B','C','D','E','F','G','H','I','J','K','L','M','N','O','P','Q','R','S','T','U','V','W','X','Y','Z','A','B','C','D','E','F','G','H','I','J','K','L','M','N','O','P','Q','R','S','T','U','V','W'}; 
Previous 20: main:array:1={'H','e','l','l','o','W','o','r','l','d','H','e','l','l','o','W','o','r','l','d','H','e','l','l','o','W','o','r','l','d','H','e','l','l','o','W','o','r','l','d','H','e','l','l','o','W','o','r','l','d','H','e','l','l','o','W','o','r','l','d','H','e','l','l','o','W','o','r','l','d','H','e','l','l','o','W','o','r','l','d','H','e','l','l','o','W','o','r','l','d','H','e','l','l','o','W','o','r','l','d','H'}; 
Previous 21: main:array:1={':','A','a','a','a','a','a','a','a','a','a','a','a','a','a','a','a','a','a','a','a','a','a','a','a','a','a','a','a','a','a','a','a','a','a','a','a','a','a','a','a','a','a','a','a','a','a','a','a','a','a','a','a','a','a','a','a','a','a','a','a','a','a','a','a','a','a','a','a','a','a','a','a','a','a','a','a','a','a','a','a','a','a','a','a','a','a','a','a','a','a','a','a','a','a','a','a','a','a','a','a'}; 
Previous 22: main:array:1={'m','n','o','p','q','r','s','t','u','v','m','n','o','p','q','r','s','t','u','v','m','n','o','p','q','r','s','t','u','v','m','n','o','p','q','r','s','t','u','v','m','n','o','p','q','r','s','t','u','v','m','n','o','p','q','r','s','t','u','v','m','n','o','p','q','r','s','t','u','v','m','n','o','p','q','r','s','t','u','v','m','n','o','p','q','r','s','t','u','v','m','n','o','p','q','r','s','t','u','v','m'}; 
Previous 23: main:array:1={'a','a','a','a','a','a','a','a','a','a','a','a','a','a','a','a','a','a','a','a','a','a','a','a','a','a','a','a','a','a','a','a','a','a','a','a','a','a','a','a','a','a','a','a','a','a','a','a','a','a','a','a','a','a','a','a','a','a','a','a','a','a','a','a','a','a','a','a','a','a','a','a','a','a','a','a','a','a','a','a','a','a','a','a','a','a','a','a','a','a','a','a','a','a','a','a','a','a','a','a','b'}; 
Previous 24: main:array:1={'-','-','-','-','-','-','-','-','-','-','-','-','-','-','-','-','-','-','-','-','-','-','-','-','-','-','-','-','-','-','-','-','-','-','-','-','-','-','-','-','-','-','-','-','-','-','-','-','-','-','-','-','-','-','-','-','-','-','-','-','-','-','-','-','-','-','-','-','-','-','-','-','-','-','-','-','-','-','-','-','-','-','-','-','-','-','-','-','-','-','-','-','-','-','-','-','-','-','-','-','-'}; 
Previous 25: main:array:1={'A','B','C','D','E','F','G','H','I','J','K','L','M','N','O','P','Q','R','S','T','U','V','W','X','Y','Z','a','b','c','d','e','f','g','h','i','j','k','l','m','n','o','p','q','r','s','t','u','v','w','x','y','z','0','1','2','3','4','5','6','7','8','9','!','@','#','$','%','^','&','*','(',')','-','=','+','[',']','{',';',';',',','.','<','>','?','/',';','~','\'','`','^','+','+','?','/',';','~','\'','`','^','+'}; 

Program:
extern char __VERIFIER_nondet_char(void);
/*
Commit Number: e6801c90311679fc0854af73da95fe58079c59f4
URL: https://github.com/FreeRADIUS/freeradius-server/commit/e6801c90311679fc0854af73da95fe58079c59f4
Project Name: freeradius-serve
License: GPL2
termination: false


*/
int main()
{
    int stop = 0;
    char array[101];
    for( int i = 0 ; i < 100 ; i++ )
        array[i] =  __VERIFIER_nondet_char();
    array[100] = 0;
    char* p = array;
    while( (*p) && (!stop) )
    {
        switch(*p){
        case '}':
            stop = 1;
            break;

        case ':':
            if( *(p+1) && (*(p+1) == '-')){
                p += 2;
                stop = 1;
            }
            break;
        default:
            p++;
        }
    }
    return 0;
}

"
32,NT,"main:array:1={'O','O','O','O','O','O','O','O','O','O','O','O','O','O','O','O','O','O','O','O','O','O','O','O','O','O','O','O','O','O','O','O','O','O','O','O','O','O','O','O','O','O','O','O','O','O','O','O','O','O','O','O','O','O','O','O','O','O','O','O','O','O','O','O','O','O','O','O','O','O','O','O','O','O','O','O','O','O','O','O','O','O','O','O','O','O','O','O','O','O','O','O','O','O','O','O','O','O','O','O','O'}
",,COMPLETED,T,false,,"You generate concrete values for nondeterministic inputs in a C/C++ program.
Your goal is to produce ONE complete assignment set that is likely to make the program not terminate.

Important rules:
1. Return a value for EVERY listed nondeterministic input ID.
2. Use each ID exactly once.
3. Respect the declared C/C++ type.
4. For an array, return the value as an array containing exactly the required number of elements.
5. For char arrays, each element must be exactly one character. Return the character itself without C single quotes.
6. Prefer small-magnitude values unless larger values are necessary to achieve the requested execution behavior.

Nondeterministic inputs:
- id: main:array:1, type: char, array: true, size: 101, required elements: 101

Previously generated assignment sets are listed below. Generate a materially different set and do not duplicate any of them.
Previous 1: main:array:1={'a','a','a','a','a','a','a','a','a','a','a','a','a','a','a','a','a','a','a','a','a','a','a','a','a','a','a','a','a','a','a','a','a','a','a','a','a','a','a','a','a','a','a','a','a','a','a','a','a','a','a','a','a','a','a','a','a','a','a','a','a','a','a','a','a','a','a','a','a','a','a','a','a','a','a','a','a','a','a','a','a','a','a','a','a','a','a','a','a','a','a','a','a','a','a','a','a','a','a','a','a'}; 
Previous 2: main:array:1={'}','b','b','b','b','b','b','b','b','b','b','b','b','b','b','b','b','b','b','b','b','b','b','b','b','b','b','b','b','b','b','b','b','b','b','b','b','b','b','b','b','b','b','b','b','b','b','b','b','b','b','b','b','b','b','b','b','b','b','b','b','b','b','b','b','b','b','b','b','b','b','b','b','b','b','b','b','b','b','b','b','b','b','b','b','b','b','b','b','b','b','b','b','b','b','b','b','b','b','b','b'}; 
Previous 3: main:array:1={'}','a','a','a','a','a','a','a','a','a','a','a','a','a','a','a','a','a','a','a','a','a','a','a','a','a','a','a','a','a','a','a','a','a','a','a','a','a','a','a','a','a','a','a','a','a','a','a','a','a','a','a','a','a','a','a','a','a','a','a','a','a','a','a','a','a','a','a','a','a','a','a','a','a','a','a','a','a','a','a','a','a','a','a','a','a','a','a','a','a','a','a','a','a','a','a','a','a','a','a','a'}; 
Previous 4: main:array:1={'b','b','b','b','b','b','b','b','b','b','b','b','b','b','b','b','b','b','b','b','b','b','b','b','b','b','b','b','b','b','b','b','b','b','b','b','b','b','b','b','b','b','b','b','b','b','b','b','b','b','}','c','c','c','c','c','c','c','c','c','c','c','c','c','c','c','c','c','c','c','c','c','c','c','c','c','c','c','c','c','c','c','c','c','c','c','c','c','c','c','x','x','x','x','x','x','x','x','x','x','x'}; 
Previous 5: main:array:1={'\'','}','\'','\'','c','\'','\'','c','\'','\'','c','\'','\'','c','\'','\'','c','\'','\'','c','\'','\'','c','\'','\'','c','\'','\'','c','\'','\'','c','\'','\'','c','\'','\'','c','\'','\'','c','\'','\'','c','\'','\'','c','\'','\'','c','\'','\'','c','\'','\'','c','\'','\'','c','\'','\'','c','\'','\'','c','\'','\'','c','\'','\'','c','\'','\'','c','\'','\'','c','\'','\'','c','\'','\'','c','\'','\'','c','\'','\'','c','\'','\'','c','\'','\'','c','\'','\'','c','\'','\'','c'}; 
Previous 6: main:array:1={'\'','\'','\'','\'','\'','\'','\'','\'','\'','\'','\'','\'','\'','\'','\'','\'','\'','\'','\'','\'','\'','\'','\'','\'','\'','\'','\'','\'','\'','\'','\'','\'','\'','\'','\'','\'','\'','\'','\'','\'','\'','\'','\'','\'','\'','\'','\'','\'','\'','\'','\'','\'','\'','\'','\'','\'','\'','\'','\'','\'','\'','\'','\'','\'','\'','\'','\'','\'','\'','\'','\'','\'','\'','\'','\'','\'','\'','\'','\'','\'','\'','\'','\'','\'','\'','\'','\'','\'','\'','\'','\'','\'','\'','\'','\'','\'','\'','\'','\'','\'','\''}; 
Previous 7: main:array:1={'A','B','C','D','E','F','G','H','I','J','K','L','M','N','O','P','Q','R','S','T','U','V','W','X','Y','Z','a','b','c','d','e','f','g','h','i','j','k','l','m','n','o','p','q','r','s','t','u','v','w','x','y','z','0','1','2','3','4','5','6','7','8','9','!','?','.',',','-','_','/','/','|','@','#','$','%','^','&','*','(',')','{','[',']','`','~','>','<',':',';','`','\'',' ','!','?','.',',','%','+','=','/','/'}; 
Previous 8: main:array:1={'0','0','0','0','0','0','0','0','0','0','0','0','0','0','0','0','0','0','0','0','0','0','0','0','0','0','0','0','0','0','0','0','0','0','0','0','0','0','0','0','0','0','0','0','0','0','0','0','0','0','0','0','0','0','0','0','0','0','0','0','0','0','0','0','0','0','0','0','0','0','0','0','0','0','0','0','0','0','0','0','0','0','0','0','0','0','0','0','0','0','0','0','0','0','0','0','0','0','0','0','0'}; 
Previous 9: main:array:1={'a','b','a','b','a','b','a','b','a','b','a','b','a','b','a','b','a','b','a','b','a','b','a','b','a','b','a','b','a','b','a','b','a','b','a','b','a','b','a','b','a','b','a','b','a','b','a','b','a','b','a','b','a','b','a','b','a','b','a','b','a','b','a','b','a','b','a','b','a','b','a','b','a','b','a','b','a','b','a','b','a','b','a','b','a','b','a','b','a','b','a','b','a','b','a','b','a','b','a','b','a'}; 
Previous 10: main:array:1={'\'','A','\'','B','\'','C','\'','D','\'','E','\'','F','\'','G','\'','H','\'','I','\'','J','\'','K','\'','L','\'','M','\'','N','\'','O','\'','P','\'','Q','\'','R','\'','S','\'','T','\'','U','\'','V','\'','W','\'','X','\'','Y','\'','Z','\'','a','\'','b','\'','c','\'','d','\'','e','\'','f','\'','g','\'','h','\'','i','\'','j','\'','k','\'','l','\'','m','\'','n','\'','o','\'','p','\'','q','\'','r','\'','s','\'','t','\'','u','\'','v','\'','w','\'','x','\''}; 
Previous 11: main:array:1={':','-','a','a','a','a','a','a','a','a','a','a','a','a','a','a','a','a','a','a','a','a','a','a','a','a','a','a','a','a','a','a','a','a','a','a','a','a','a','a','a','a','a','a','a','a','a','a','a','a','a','a','a','a','a','a','a','a','a','a','a','a','a','a','a','a','a','a','a','a','a','a','a','a','a','a','a','a','a','a','a','a','a','a','a','a','a','a','a','a','a','a','a','a','a','a','a','a','a','a','a'}; 
Previous 12: main:array:1={'x','x','x','x','x','x','x','x','x','x','x','x','x','x','x','x','x','x','x','x','x','x','x','x','x','x','x','x','x','x','x','x','x','x','x','x','x','x','x','x','x','x','x','x','x','x','x','x','x','x','x','x','x','x','x','x','x','x','x','x','x','x','x','x','x','x','x','x','x','x','x','x','x','x','x','x','x','x','x','x','x','x','x','x','x','x','x','x','x','x','x','x','x','x','x','x','x','x','x','x','x'}; 
Previous 13: main:array:1={':','b','a','a','a','a','a','a','a','a','a','a','a','a','a','a','a','a','a','a','a','a','a','a','a','a','a','a','a','a','a','a','a','a','a','a','a','a','a','a','a','a','a','a','a','a','a','a','a','a','a','a','a','a','a','a','a','a','a','a','a','a','a','a','a','a','a','a','a','a','a','a','a','a','a','a','a','a','a','a','a','a','a','a','a','a','a','a','a','a','a','a','a','a','a','a','a','a','a','a','a'}; 
Previous 14: main:array:1={'\'','\'',':','\'','a','\'','b','\'','b','\'','b','\'','b','\'','b','\'','b','\'','b','\'','b','\'','b','\'','b','\'','b','\'','b','\'','b','\'','b','\'','b','\'','b','\'','b','\'','b','\'','b','\'','b','\'','b','\'','b','\'','b','\'','b','\'','b','\'','b','\'','b','\'','b','\'','b','\'','b','\'','b','\'','b','\'','b','\'','b','\'','b','\'','b','\'','b','\'','b','\'','b','\'','b','\'','b','\'','b','\'','b','\'','b','\'','b','\'','b','\'','b','\'','b'}; 
Previous 15: main:array:1={'a','a','a','a','a','a','a','a','a','a','a','a','a','a','a','a','a','a','a','a','a','a','a','a','a','a','a','a','a','a','a','a','a','a','a','a','a','a','a','a','a','a','a','a','a','a','a','a','a','a','a','a','a','a','a','a','a','a','a','a','a','a','a','a','a','a','a','a','a','a','a','a','a','a','a','a','a','a','a','a','a','a','a','a','a','a','a','a','a','a','a','a','a','a','a','a','a','a',':','0','0'}; 
Previous 16: main:array:1={'z','z','z','z','z','z','z','z','z','z','z','z','z','z','z','z','z','z','z','z','z','z','z','z','z','z','z','z','z','z','z','z','z','z','z','z','z','z','z','z','z','z','z','z','z','z','z','z','z','z','z','z','z','z','z','z','z','z','z','z','z','z','z','z','z','z','z','z','z','z','z','z','z','z','z','z','z','z','z','z','z','z','z','z','z','z','z','z','z','z','z','z','z','z','z','z','z','z','z','z','z'}; 
Previous 17: main:array:1={'!','!','!','!','!','!','!','!','!','!','!','!','!','!','!','!','!','!','!','!','!','!','!','!','!','!','!','!','!','!','!','!','!','!','!','!','!','!','!','!','!','!','!','!','!','!','!','!','!','!','!','!','!','!','!','!','!','!','!','!','!','!','!','!','!','!','!','!','!','!','!','!','!','!','!','!','!','!','!','!','!','!','!','!','!','!','!','!','!','!','!','!','!','!','!','!','!','!','!','!','!'}; 
Previous 18: main:array:1={'a','a','a','a','a','a','a','a','a','a','a','a','a','a','a','a','a','a','a','a','a','a','a','a','a','a','a','a','a','a','a','a','a','a','a','a','a','a','a','a','a','a','a','a','a','a','a','a','a','a','a','a','a','a','a','a','a','a','a','a','a','a','a','a','a','a','a','a','a','a','a','a','a','a','a','a','a','a','a','a','a','a','a','a','a','a','a','a','a','a','a','a','a','a','a','a','a','a','b','b','b'}; 
Previous 19: main:array:1={'A','B','C','D','E','F','G','H','I','J','K','L','M','N','O','P','Q','R','S','T','U','V','W','X','Y','Z','A','B','C','D','E','F','G','H','I','J','K','L','M','N','O','P','Q','R','S','T','U','V','W','X','Y','Z','A','B','C','D','E','F','G','H','I','J','K','L','M','N','O','P','Q','R','S','T','U','V','W','X','Y','Z','A','B','C','D','E','F','G','H','I','J','K','L','M','N','O','P','Q','R','S','T','U','V','W'}; 
Previous 20: main:array:1={'H','e','l','l','o','W','o','r','l','d','H','e','l','l','o','W','o','r','l','d','H','e','l','l','o','W','o','r','l','d','H','e','l','l','o','W','o','r','l','d','H','e','l','l','o','W','o','r','l','d','H','e','l','l','o','W','o','r','l','d','H','e','l','l','o','W','o','r','l','d','H','e','l','l','o','W','o','r','l','d','H','e','l','l','o','W','o','r','l','d','H','e','l','l','o','W','o','r','l','d','H'}; 
Previous 21: main:array:1={':','A','a','a','a','a','a','a','a','a','a','a','a','a','a','a','a','a','a','a','a','a','a','a','a','a','a','a','a','a','a','a','a','a','a','a','a','a','a','a','a','a','a','a','a','a','a','a','a','a','a','a','a','a','a','a','a','a','a','a','a','a','a','a','a','a','a','a','a','a','a','a','a','a','a','a','a','a','a','a','a','a','a','a','a','a','a','a','a','a','a','a','a','a','a','a','a','a','a','a','a'}; 
Previous 22: main:array:1={'m','n','o','p','q','r','s','t','u','v','m','n','o','p','q','r','s','t','u','v','m','n','o','p','q','r','s','t','u','v','m','n','o','p','q','r','s','t','u','v','m','n','o','p','q','r','s','t','u','v','m','n','o','p','q','r','s','t','u','v','m','n','o','p','q','r','s','t','u','v','m','n','o','p','q','r','s','t','u','v','m','n','o','p','q','r','s','t','u','v','m','n','o','p','q','r','s','t','u','v','m'}; 
Previous 23: main:array:1={'a','a','a','a','a','a','a','a','a','a','a','a','a','a','a','a','a','a','a','a','a','a','a','a','a','a','a','a','a','a','a','a','a','a','a','a','a','a','a','a','a','a','a','a','a','a','a','a','a','a','a','a','a','a','a','a','a','a','a','a','a','a','a','a','a','a','a','a','a','a','a','a','a','a','a','a','a','a','a','a','a','a','a','a','a','a','a','a','a','a','a','a','a','a','a','a','a','a','a','a','b'}; 
Previous 24: main:array:1={'-','-','-','-','-','-','-','-','-','-','-','-','-','-','-','-','-','-','-','-','-','-','-','-','-','-','-','-','-','-','-','-','-','-','-','-','-','-','-','-','-','-','-','-','-','-','-','-','-','-','-','-','-','-','-','-','-','-','-','-','-','-','-','-','-','-','-','-','-','-','-','-','-','-','-','-','-','-','-','-','-','-','-','-','-','-','-','-','-','-','-','-','-','-','-','-','-','-','-','-','-'}; 
Previous 25: main:array:1={'A','B','C','D','E','F','G','H','I','J','K','L','M','N','O','P','Q','R','S','T','U','V','W','X','Y','Z','a','b','c','d','e','f','g','h','i','j','k','l','m','n','o','p','q','r','s','t','u','v','w','x','y','z','0','1','2','3','4','5','6','7','8','9','!','@','#','$','%','^','&','*','(',')','-','=','+','[',']','{',';',';',',','.','<','>','?','/',';','~','\'','`','^','+','+','?','/',';','~','\'','`','^','+'}; 
Previous 26: main:array:1={'\'','A','\'','A','\'','A','\'','A','\'','A','\'','A','\'','A','\'','A','\'','A','\'','A','\'','A','\'','A','\'','A','\'','A','\'','A','\'','A','\'','A','\'','A','\'','A','\'','A','\'','A','\'','A','\'','A','\'','A','\'','A','\'','A','\'','A','\'','A','\'','A','\'','A','\'','A','\'','A','\'','A','\'','A','\'','A','\'','A','\'','A','\'','A','\'','A','\'','A','\'','A','\'','A','\'','A','\'','A','\'','A','\'','A','\'','A','\'','A','\'','A','\'','A','\''}; 

Program:
extern char __VERIFIER_nondet_char(void);
/*
Commit Number: e6801c90311679fc0854af73da95fe58079c59f4
URL: https://github.com/FreeRADIUS/freeradius-server/commit/e6801c90311679fc0854af73da95fe58079c59f4
Project Name: freeradius-serve
License: GPL2
termination: false


*/
int main()
{
    int stop = 0;
    char array[101];
    for( int i = 0 ; i < 100 ; i++ )
        array[i] =  __VERIFIER_nondet_char();
    array[100] = 0;
    char* p = array;
    while( (*p) && (!stop) )
    {
        switch(*p){
        case '}':
            stop = 1;
            break;

        case ':':
            if( *(p+1) && (*(p+1) == '-')){
                p += 2;
                stop = 1;
            }
            break;
        default:
            p++;
        }
    }
    return 0;
}

"
33,NT,"main:array:1={'?','?','?','?','?','?','?','?','?','?','?','?','?','?','?','?','?','?','?','?','?','?','?','?','?','?','?','?','?','?','?','?','?','?','?','?','?','?','?','?','?','?','?','?','?','?','?','?','?','?','?','?','?','?','?','?','?','?','?','?','?','?','?','?','?','?','?','?','?','?','?','?','?','?','?','?','?','?','?','?','?','?','?','?','?','?','?','?','?','?','?','?','?','?','?','?','?','?','?','?','?'}
",,COMPLETED,T,false,,"You generate concrete values for nondeterministic inputs in a C/C++ program.
Your goal is to produce ONE complete assignment set that is likely to make the program not terminate.

Important rules:
1. Return a value for EVERY listed nondeterministic input ID.
2. Use each ID exactly once.
3. Respect the declared C/C++ type.
4. For an array, return the value as an array containing exactly the required number of elements.
5. For char arrays, each element must be exactly one character. Return the character itself without C single quotes.
6. Prefer small-magnitude values unless larger values are necessary to achieve the requested execution behavior.

Nondeterministic inputs:
- id: main:array:1, type: char, array: true, size: 101, required elements: 101

Previously generated assignment sets are listed below. Generate a materially different set and do not duplicate any of them.
Previous 1: main:array:1={'a','a','a','a','a','a','a','a','a','a','a','a','a','a','a','a','a','a','a','a','a','a','a','a','a','a','a','a','a','a','a','a','a','a','a','a','a','a','a','a','a','a','a','a','a','a','a','a','a','a','a','a','a','a','a','a','a','a','a','a','a','a','a','a','a','a','a','a','a','a','a','a','a','a','a','a','a','a','a','a','a','a','a','a','a','a','a','a','a','a','a','a','a','a','a','a','a','a','a','a','a'}; 
Previous 2: main:array:1={'}','b','b','b','b','b','b','b','b','b','b','b','b','b','b','b','b','b','b','b','b','b','b','b','b','b','b','b','b','b','b','b','b','b','b','b','b','b','b','b','b','b','b','b','b','b','b','b','b','b','b','b','b','b','b','b','b','b','b','b','b','b','b','b','b','b','b','b','b','b','b','b','b','b','b','b','b','b','b','b','b','b','b','b','b','b','b','b','b','b','b','b','b','b','b','b','b','b','b','b','b'}; 
Previous 3: main:array:1={'}','a','a','a','a','a','a','a','a','a','a','a','a','a','a','a','a','a','a','a','a','a','a','a','a','a','a','a','a','a','a','a','a','a','a','a','a','a','a','a','a','a','a','a','a','a','a','a','a','a','a','a','a','a','a','a','a','a','a','a','a','a','a','a','a','a','a','a','a','a','a','a','a','a','a','a','a','a','a','a','a','a','a','a','a','a','a','a','a','a','a','a','a','a','a','a','a','a','a','a','a'}; 
Previous 4: main:array:1={'b','b','b','b','b','b','b','b','b','b','b','b','b','b','b','b','b','b','b','b','b','b','b','b','b','b','b','b','b','b','b','b','b','b','b','b','b','b','b','b','b','b','b','b','b','b','b','b','b','b','}','c','c','c','c','c','c','c','c','c','c','c','c','c','c','c','c','c','c','c','c','c','c','c','c','c','c','c','c','c','c','c','c','c','c','c','c','c','c','c','x','x','x','x','x','x','x','x','x','x','x'}; 
Previous 5: main:array:1={'\'','}','\'','\'','c','\'','\'','c','\'','\'','c','\'','\'','c','\'','\'','c','\'','\'','c','\'','\'','c','\'','\'','c','\'','\'','c','\'','\'','c','\'','\'','c','\'','\'','c','\'','\'','c','\'','\'','c','\'','\'','c','\'','\'','c','\'','\'','c','\'','\'','c','\'','\'','c','\'','\'','c','\'','\'','c','\'','\'','c','\'','\'','c','\'','\'','c','\'','\'','c','\'','\'','c','\'','\'','c','\'','\'','c','\'','\'','c','\'','\'','c','\'','\'','c','\'','\'','c','\'','\'','c'}; 
Previous 6: main:array:1={'\'','\'','\'','\'','\'','\'','\'','\'','\'','\'','\'','\'','\'','\'','\'','\'','\'','\'','\'','\'','\'','\'','\'','\'','\'','\'','\'','\'','\'','\'','\'','\'','\'','\'','\'','\'','\'','\'','\'','\'','\'','\'','\'','\'','\'','\'','\'','\'','\'','\'','\'','\'','\'','\'','\'','\'','\'','\'','\'','\'','\'','\'','\'','\'','\'','\'','\'','\'','\'','\'','\'','\'','\'','\'','\'','\'','\'','\'','\'','\'','\'','\'','\'','\'','\'','\'','\'','\'','\'','\'','\'','\'','\'','\'','\'','\'','\'','\'','\'','\'','\''}; 
Previous 7: main:array:1={'A','B','C','D','E','F','G','H','I','J','K','L','M','N','O','P','Q','R','S','T','U','V','W','X','Y','Z','a','b','c','d','e','f','g','h','i','j','k','l','m','n','o','p','q','r','s','t','u','v','w','x','y','z','0','1','2','3','4','5','6','7','8','9','!','?','.',',','-','_','/','/','|','@','#','$','%','^','&','*','(',')','{','[',']','`','~','>','<',':',';','`','\'',' ','!','?','.',',','%','+','=','/','/'}; 
Previous 8: main:array:1={'0','0','0','0','0','0','0','0','0','0','0','0','0','0','0','0','0','0','0','0','0','0','0','0','0','0','0','0','0','0','0','0','0','0','0','0','0','0','0','0','0','0','0','0','0','0','0','0','0','0','0','0','0','0','0','0','0','0','0','0','0','0','0','0','0','0','0','0','0','0','0','0','0','0','0','0','0','0','0','0','0','0','0','0','0','0','0','0','0','0','0','0','0','0','0','0','0','0','0','0','0'}; 
Previous 9: main:array:1={'a','b','a','b','a','b','a','b','a','b','a','b','a','b','a','b','a','b','a','b','a','b','a','b','a','b','a','b','a','b','a','b','a','b','a','b','a','b','a','b','a','b','a','b','a','b','a','b','a','b','a','b','a','b','a','b','a','b','a','b','a','b','a','b','a','b','a','b','a','b','a','b','a','b','a','b','a','b','a','b','a','b','a','b','a','b','a','b','a','b','a','b','a','b','a','b','a','b','a','b','a'}; 
Previous 10: main:array:1={'\'','A','\'','B','\'','C','\'','D','\'','E','\'','F','\'','G','\'','H','\'','I','\'','J','\'','K','\'','L','\'','M','\'','N','\'','O','\'','P','\'','Q','\'','R','\'','S','\'','T','\'','U','\'','V','\'','W','\'','X','\'','Y','\'','Z','\'','a','\'','b','\'','c','\'','d','\'','e','\'','f','\'','g','\'','h','\'','i','\'','j','\'','k','\'','l','\'','m','\'','n','\'','o','\'','p','\'','q','\'','r','\'','s','\'','t','\'','u','\'','v','\'','w','\'','x','\''}; 
Previous 11: main:array:1={':','-','a','a','a','a','a','a','a','a','a','a','a','a','a','a','a','a','a','a','a','a','a','a','a','a','a','a','a','a','a','a','a','a','a','a','a','a','a','a','a','a','a','a','a','a','a','a','a','a','a','a','a','a','a','a','a','a','a','a','a','a','a','a','a','a','a','a','a','a','a','a','a','a','a','a','a','a','a','a','a','a','a','a','a','a','a','a','a','a','a','a','a','a','a','a','a','a','a','a','a'}; 
Previous 12: main:array:1={'x','x','x','x','x','x','x','x','x','x','x','x','x','x','x','x','x','x','x','x','x','x','x','x','x','x','x','x','x','x','x','x','x','x','x','x','x','x','x','x','x','x','x','x','x','x','x','x','x','x','x','x','x','x','x','x','x','x','x','x','x','x','x','x','x','x','x','x','x','x','x','x','x','x','x','x','x','x','x','x','x','x','x','x','x','x','x','x','x','x','x','x','x','x','x','x','x','x','x','x','x'}; 
Previous 13: main:array:1={':','b','a','a','a','a','a','a','a','a','a','a','a','a','a','a','a','a','a','a','a','a','a','a','a','a','a','a','a','a','a','a','a','a','a','a','a','a','a','a','a','a','a','a','a','a','a','a','a','a','a','a','a','a','a','a','a','a','a','a','a','a','a','a','a','a','a','a','a','a','a','a','a','a','a','a','a','a','a','a','a','a','a','a','a','a','a','a','a','a','a','a','a','a','a','a','a','a','a','a','a'}; 
Previous 14: main:array:1={'\'','\'',':','\'','a','\'','b','\'','b','\'','b','\'','b','\'','b','\'','b','\'','b','\'','b','\'','b','\'','b','\'','b','\'','b','\'','b','\'','b','\'','b','\'','b','\'','b','\'','b','\'','b','\'','b','\'','b','\'','b','\'','b','\'','b','\'','b','\'','b','\'','b','\'','b','\'','b','\'','b','\'','b','\'','b','\'','b','\'','b','\'','b','\'','b','\'','b','\'','b','\'','b','\'','b','\'','b','\'','b','\'','b','\'','b','\'','b','\'','b','\'','b','\'','b'}; 
Previous 15: main:array:1={'a','a','a','a','a','a','a','a','a','a','a','a','a','a','a','a','a','a','a','a','a','a','a','a','a','a','a','a','a','a','a','a','a','a','a','a','a','a','a','a','a','a','a','a','a','a','a','a','a','a','a','a','a','a','a','a','a','a','a','a','a','a','a','a','a','a','a','a','a','a','a','a','a','a','a','a','a','a','a','a','a','a','a','a','a','a','a','a','a','a','a','a','a','a','a','a','a','a',':','0','0'}; 
Previous 16: main:array:1={'z','z','z','z','z','z','z','z','z','z','z','z','z','z','z','z','z','z','z','z','z','z','z','z','z','z','z','z','z','z','z','z','z','z','z','z','z','z','z','z','z','z','z','z','z','z','z','z','z','z','z','z','z','z','z','z','z','z','z','z','z','z','z','z','z','z','z','z','z','z','z','z','z','z','z','z','z','z','z','z','z','z','z','z','z','z','z','z','z','z','z','z','z','z','z','z','z','z','z','z','z'}; 
Previous 17: main:array:1={'!','!','!','!','!','!','!','!','!','!','!','!','!','!','!','!','!','!','!','!','!','!','!','!','!','!','!','!','!','!','!','!','!','!','!','!','!','!','!','!','!','!','!','!','!','!','!','!','!','!','!','!','!','!','!','!','!','!','!','!','!','!','!','!','!','!','!','!','!','!','!','!','!','!','!','!','!','!','!','!','!','!','!','!','!','!','!','!','!','!','!','!','!','!','!','!','!','!','!','!','!'}; 
Previous 18: main:array:1={'a','a','a','a','a','a','a','a','a','a','a','a','a','a','a','a','a','a','a','a','a','a','a','a','a','a','a','a','a','a','a','a','a','a','a','a','a','a','a','a','a','a','a','a','a','a','a','a','a','a','a','a','a','a','a','a','a','a','a','a','a','a','a','a','a','a','a','a','a','a','a','a','a','a','a','a','a','a','a','a','a','a','a','a','a','a','a','a','a','a','a','a','a','a','a','a','a','a','b','b','b'}; 
Previous 19: main:array:1={'A','B','C','D','E','F','G','H','I','J','K','L','M','N','O','P','Q','R','S','T','U','V','W','X','Y','Z','A','B','C','D','E','F','G','H','I','J','K','L','M','N','O','P','Q','R','S','T','U','V','W','X','Y','Z','A','B','C','D','E','F','G','H','I','J','K','L','M','N','O','P','Q','R','S','T','U','V','W','X','Y','Z','A','B','C','D','E','F','G','H','I','J','K','L','M','N','O','P','Q','R','S','T','U','V','W'}; 
Previous 20: main:array:1={'H','e','l','l','o','W','o','r','l','d','H','e','l','l','o','W','o','r','l','d','H','e','l','l','o','W','o','r','l','d','H','e','l','l','o','W','o','r','l','d','H','e','l','l','o','W','o','r','l','d','H','e','l','l','o','W','o','r','l','d','H','e','l','l','o','W','o','r','l','d','H','e','l','l','o','W','o','r','l','d','H','e','l','l','o','W','o','r','l','d','H','e','l','l','o','W','o','r','l','d','H'}; 
Previous 21: main:array:1={':','A','a','a','a','a','a','a','a','a','a','a','a','a','a','a','a','a','a','a','a','a','a','a','a','a','a','a','a','a','a','a','a','a','a','a','a','a','a','a','a','a','a','a','a','a','a','a','a','a','a','a','a','a','a','a','a','a','a','a','a','a','a','a','a','a','a','a','a','a','a','a','a','a','a','a','a','a','a','a','a','a','a','a','a','a','a','a','a','a','a','a','a','a','a','a','a','a','a','a','a'}; 
Previous 22: main:array:1={'m','n','o','p','q','r','s','t','u','v','m','n','o','p','q','r','s','t','u','v','m','n','o','p','q','r','s','t','u','v','m','n','o','p','q','r','s','t','u','v','m','n','o','p','q','r','s','t','u','v','m','n','o','p','q','r','s','t','u','v','m','n','o','p','q','r','s','t','u','v','m','n','o','p','q','r','s','t','u','v','m','n','o','p','q','r','s','t','u','v','m','n','o','p','q','r','s','t','u','v','m'}; 
Previous 23: main:array:1={'a','a','a','a','a','a','a','a','a','a','a','a','a','a','a','a','a','a','a','a','a','a','a','a','a','a','a','a','a','a','a','a','a','a','a','a','a','a','a','a','a','a','a','a','a','a','a','a','a','a','a','a','a','a','a','a','a','a','a','a','a','a','a','a','a','a','a','a','a','a','a','a','a','a','a','a','a','a','a','a','a','a','a','a','a','a','a','a','a','a','a','a','a','a','a','a','a','a','a','a','b'}; 
Previous 24: main:array:1={'-','-','-','-','-','-','-','-','-','-','-','-','-','-','-','-','-','-','-','-','-','-','-','-','-','-','-','-','-','-','-','-','-','-','-','-','-','-','-','-','-','-','-','-','-','-','-','-','-','-','-','-','-','-','-','-','-','-','-','-','-','-','-','-','-','-','-','-','-','-','-','-','-','-','-','-','-','-','-','-','-','-','-','-','-','-','-','-','-','-','-','-','-','-','-','-','-','-','-','-','-'}; 
Previous 25: main:array:1={'A','B','C','D','E','F','G','H','I','J','K','L','M','N','O','P','Q','R','S','T','U','V','W','X','Y','Z','a','b','c','d','e','f','g','h','i','j','k','l','m','n','o','p','q','r','s','t','u','v','w','x','y','z','0','1','2','3','4','5','6','7','8','9','!','@','#','$','%','^','&','*','(',')','-','=','+','[',']','{',';',';',',','.','<','>','?','/',';','~','\'','`','^','+','+','?','/',';','~','\'','`','^','+'}; 
Previous 26: main:array:1={'\'','A','\'','A','\'','A','\'','A','\'','A','\'','A','\'','A','\'','A','\'','A','\'','A','\'','A','\'','A','\'','A','\'','A','\'','A','\'','A','\'','A','\'','A','\'','A','\'','A','\'','A','\'','A','\'','A','\'','A','\'','A','\'','A','\'','A','\'','A','\'','A','\'','A','\'','A','\'','A','\'','A','\'','A','\'','A','\'','A','\'','A','\'','A','\'','A','\'','A','\'','A','\'','A','\'','A','\'','A','\'','A','\'','A','\'','A','\'','A','\'','A','\'','A','\''}; 
Previous 27: main:array:1={'O','O','O','O','O','O','O','O','O','O','O','O','O','O','O','O','O','O','O','O','O','O','O','O','O','O','O','O','O','O','O','O','O','O','O','O','O','O','O','O','O','O','O','O','O','O','O','O','O','O','O','O','O','O','O','O','O','O','O','O','O','O','O','O','O','O','O','O','O','O','O','O','O','O','O','O','O','O','O','O','O','O','O','O','O','O','O','O','O','O','O','O','O','O','O','O','O','O','O','O','O'}; 

Program:
extern char __VERIFIER_nondet_char(void);
/*
Commit Number: e6801c90311679fc0854af73da95fe58079c59f4
URL: https://github.com/FreeRADIUS/freeradius-server/commit/e6801c90311679fc0854af73da95fe58079c59f4
Project Name: freeradius-serve
License: GPL2
termination: false


*/
int main()
{
    int stop = 0;
    char array[101];
    for( int i = 0 ; i < 100 ; i++ )
        array[i] =  __VERIFIER_nondet_char();
    array[100] = 0;
    char* p = array;
    while( (*p) && (!stop) )
    {
        switch(*p){
        case '}':
            stop = 1;
            break;

        case ':':
            if( *(p+1) && (*(p+1) == '-')){
                p += 2;
                stop = 1;
            }
            break;
        default:
            p++;
        }
    }
    return 0;
}

"
34,NT,"main:array:1={'a','a','a','a','a','a','a','a','a','a','a','a','a','a','a','a','a','a','a','a','a','a','a','a','a','a','a','a','a','a','a','a','a','a','a','a','a','a','a','a','a','a','a','a','a','a','a','a','a','a','a','a','a','a','a','a','a','a','a','a','a','a','a','a','a','a','a','a','a','a','a','a','a','a','a','a','a','a','a','a','a','a','a','a','a','a','a','a','a','a','a','a','a','a','a','a','a','a','a','a','a'}
",,DUPLICATE,,false,,"You generate concrete values for nondeterministic inputs in a C/C++ program.
Your goal is to produce ONE complete assignment set that is likely to make the program not terminate.

Important rules:
1. Return a value for EVERY listed nondeterministic input ID.
2. Use each ID exactly once.
3. Respect the declared C/C++ type.
4. For an array, return the value as an array containing exactly the required number of elements.
5. For char arrays, each element must be exactly one character. Return the character itself without C single quotes.
6. Prefer small-magnitude values unless larger values are necessary to achieve the requested execution behavior.

Nondeterministic inputs:
- id: main:array:1, type: char, array: true, size: 101, required elements: 101

Previously generated assignment sets are listed below. Generate a materially different set and do not duplicate any of them.
Previous 1: main:array:1={'a','a','a','a','a','a','a','a','a','a','a','a','a','a','a','a','a','a','a','a','a','a','a','a','a','a','a','a','a','a','a','a','a','a','a','a','a','a','a','a','a','a','a','a','a','a','a','a','a','a','a','a','a','a','a','a','a','a','a','a','a','a','a','a','a','a','a','a','a','a','a','a','a','a','a','a','a','a','a','a','a','a','a','a','a','a','a','a','a','a','a','a','a','a','a','a','a','a','a','a','a'}; 
Previous 2: main:array:1={'}','b','b','b','b','b','b','b','b','b','b','b','b','b','b','b','b','b','b','b','b','b','b','b','b','b','b','b','b','b','b','b','b','b','b','b','b','b','b','b','b','b','b','b','b','b','b','b','b','b','b','b','b','b','b','b','b','b','b','b','b','b','b','b','b','b','b','b','b','b','b','b','b','b','b','b','b','b','b','b','b','b','b','b','b','b','b','b','b','b','b','b','b','b','b','b','b','b','b','b','b'}; 
Previous 3: main:array:1={'}','a','a','a','a','a','a','a','a','a','a','a','a','a','a','a','a','a','a','a','a','a','a','a','a','a','a','a','a','a','a','a','a','a','a','a','a','a','a','a','a','a','a','a','a','a','a','a','a','a','a','a','a','a','a','a','a','a','a','a','a','a','a','a','a','a','a','a','a','a','a','a','a','a','a','a','a','a','a','a','a','a','a','a','a','a','a','a','a','a','a','a','a','a','a','a','a','a','a','a','a'}; 
Previous 4: main:array:1={'b','b','b','b','b','b','b','b','b','b','b','b','b','b','b','b','b','b','b','b','b','b','b','b','b','b','b','b','b','b','b','b','b','b','b','b','b','b','b','b','b','b','b','b','b','b','b','b','b','b','}','c','c','c','c','c','c','c','c','c','c','c','c','c','c','c','c','c','c','c','c','c','c','c','c','c','c','c','c','c','c','c','c','c','c','c','c','c','c','c','x','x','x','x','x','x','x','x','x','x','x'}; 
Previous 5: main:array:1={'\'','}','\'','\'','c','\'','\'','c','\'','\'','c','\'','\'','c','\'','\'','c','\'','\'','c','\'','\'','c','\'','\'','c','\'','\'','c','\'','\'','c','\'','\'','c','\'','\'','c','\'','\'','c','\'','\'','c','\'','\'','c','\'','\'','c','\'','\'','c','\'','\'','c','\'','\'','c','\'','\'','c','\'','\'','c','\'','\'','c','\'','\'','c','\'','\'','c','\'','\'','c','\'','\'','c','\'','\'','c','\'','\'','c','\'','\'','c','\'','\'','c','\'','\'','c','\'','\'','c','\'','\'','c'}; 
Previous 6: main:array:1={'\'','\'','\'','\'','\'','\'','\'','\'','\'','\'','\'','\'','\'','\'','\'','\'','\'','\'','\'','\'','\'','\'','\'','\'','\'','\'','\'','\'','\'','\'','\'','\'','\'','\'','\'','\'','\'','\'','\'','\'','\'','\'','\'','\'','\'','\'','\'','\'','\'','\'','\'','\'','\'','\'','\'','\'','\'','\'','\'','\'','\'','\'','\'','\'','\'','\'','\'','\'','\'','\'','\'','\'','\'','\'','\'','\'','\'','\'','\'','\'','\'','\'','\'','\'','\'','\'','\'','\'','\'','\'','\'','\'','\'','\'','\'','\'','\'','\'','\'','\'','\''}; 
Previous 7: main:array:1={'A','B','C','D','E','F','G','H','I','J','K','L','M','N','O','P','Q','R','S','T','U','V','W','X','Y','Z','a','b','c','d','e','f','g','h','i','j','k','l','m','n','o','p','q','r','s','t','u','v','w','x','y','z','0','1','2','3','4','5','6','7','8','9','!','?','.',',','-','_','/','/','|','@','#','$','%','^','&','*','(',')','{','[',']','`','~','>','<',':',';','`','\'',' ','!','?','.',',','%','+','=','/','/'}; 
Previous 8: main:array:1={'0','0','0','0','0','0','0','0','0','0','0','0','0','0','0','0','0','0','0','0','0','0','0','0','0','0','0','0','0','0','0','0','0','0','0','0','0','0','0','0','0','0','0','0','0','0','0','0','0','0','0','0','0','0','0','0','0','0','0','0','0','0','0','0','0','0','0','0','0','0','0','0','0','0','0','0','0','0','0','0','0','0','0','0','0','0','0','0','0','0','0','0','0','0','0','0','0','0','0','0','0'}; 
Previous 9: main:array:1={'a','b','a','b','a','b','a','b','a','b','a','b','a','b','a','b','a','b','a','b','a','b','a','b','a','b','a','b','a','b','a','b','a','b','a','b','a','b','a','b','a','b','a','b','a','b','a','b','a','b','a','b','a','b','a','b','a','b','a','b','a','b','a','b','a','b','a','b','a','b','a','b','a','b','a','b','a','b','a','b','a','b','a','b','a','b','a','b','a','b','a','b','a','b','a','b','a','b','a','b','a'}; 
Previous 10: main:array:1={'\'','A','\'','B','\'','C','\'','D','\'','E','\'','F','\'','G','\'','H','\'','I','\'','J','\'','K','\'','L','\'','M','\'','N','\'','O','\'','P','\'','Q','\'','R','\'','S','\'','T','\'','U','\'','V','\'','W','\'','X','\'','Y','\'','Z','\'','a','\'','b','\'','c','\'','d','\'','e','\'','f','\'','g','\'','h','\'','i','\'','j','\'','k','\'','l','\'','m','\'','n','\'','o','\'','p','\'','q','\'','r','\'','s','\'','t','\'','u','\'','v','\'','w','\'','x','\''}; 
Previous 11: main:array:1={':','-','a','a','a','a','a','a','a','a','a','a','a','a','a','a','a','a','a','a','a','a','a','a','a','a','a','a','a','a','a','a','a','a','a','a','a','a','a','a','a','a','a','a','a','a','a','a','a','a','a','a','a','a','a','a','a','a','a','a','a','a','a','a','a','a','a','a','a','a','a','a','a','a','a','a','a','a','a','a','a','a','a','a','a','a','a','a','a','a','a','a','a','a','a','a','a','a','a','a','a'}; 
Previous 12: main:array:1={'x','x','x','x','x','x','x','x','x','x','x','x','x','x','x','x','x','x','x','x','x','x','x','x','x','x','x','x','x','x','x','x','x','x','x','x','x','x','x','x','x','x','x','x','x','x','x','x','x','x','x','x','x','x','x','x','x','x','x','x','x','x','x','x','x','x','x','x','x','x','x','x','x','x','x','x','x','x','x','x','x','x','x','x','x','x','x','x','x','x','x','x','x','x','x','x','x','x','x','x','x'}; 
Previous 13: main:array:1={':','b','a','a','a','a','a','a','a','a','a','a','a','a','a','a','a','a','a','a','a','a','a','a','a','a','a','a','a','a','a','a','a','a','a','a','a','a','a','a','a','a','a','a','a','a','a','a','a','a','a','a','a','a','a','a','a','a','a','a','a','a','a','a','a','a','a','a','a','a','a','a','a','a','a','a','a','a','a','a','a','a','a','a','a','a','a','a','a','a','a','a','a','a','a','a','a','a','a','a','a'}; 
Previous 14: main:array:1={'\'','\'',':','\'','a','\'','b','\'','b','\'','b','\'','b','\'','b','\'','b','\'','b','\'','b','\'','b','\'','b','\'','b','\'','b','\'','b','\'','b','\'','b','\'','b','\'','b','\'','b','\'','b','\'','b','\'','b','\'','b','\'','b','\'','b','\'','b','\'','b','\'','b','\'','b','\'','b','\'','b','\'','b','\'','b','\'','b','\'','b','\'','b','\'','b','\'','b','\'','b','\'','b','\'','b','\'','b','\'','b','\'','b','\'','b','\'','b','\'','b','\'','b','\'','b'}; 
Previous 15: main:array:1={'a','a','a','a','a','a','a','a','a','a','a','a','a','a','a','a','a','a','a','a','a','a','a','a','a','a','a','a','a','a','a','a','a','a','a','a','a','a','a','a','a','a','a','a','a','a','a','a','a','a','a','a','a','a','a','a','a','a','a','a','a','a','a','a','a','a','a','a','a','a','a','a','a','a','a','a','a','a','a','a','a','a','a','a','a','a','a','a','a','a','a','a','a','a','a','a','a','a',':','0','0'}; 
Previous 16: main:array:1={'z','z','z','z','z','z','z','z','z','z','z','z','z','z','z','z','z','z','z','z','z','z','z','z','z','z','z','z','z','z','z','z','z','z','z','z','z','z','z','z','z','z','z','z','z','z','z','z','z','z','z','z','z','z','z','z','z','z','z','z','z','z','z','z','z','z','z','z','z','z','z','z','z','z','z','z','z','z','z','z','z','z','z','z','z','z','z','z','z','z','z','z','z','z','z','z','z','z','z','z','z'}; 
Previous 17: main:array:1={'!','!','!','!','!','!','!','!','!','!','!','!','!','!','!','!','!','!','!','!','!','!','!','!','!','!','!','!','!','!','!','!','!','!','!','!','!','!','!','!','!','!','!','!','!','!','!','!','!','!','!','!','!','!','!','!','!','!','!','!','!','!','!','!','!','!','!','!','!','!','!','!','!','!','!','!','!','!','!','!','!','!','!','!','!','!','!','!','!','!','!','!','!','!','!','!','!','!','!','!','!'}; 
Previous 18: main:array:1={'a','a','a','a','a','a','a','a','a','a','a','a','a','a','a','a','a','a','a','a','a','a','a','a','a','a','a','a','a','a','a','a','a','a','a','a','a','a','a','a','a','a','a','a','a','a','a','a','a','a','a','a','a','a','a','a','a','a','a','a','a','a','a','a','a','a','a','a','a','a','a','a','a','a','a','a','a','a','a','a','a','a','a','a','a','a','a','a','a','a','a','a','a','a','a','a','a','a','b','b','b'}; 
Previous 19: main:array:1={'A','B','C','D','E','F','G','H','I','J','K','L','M','N','O','P','Q','R','S','T','U','V','W','X','Y','Z','A','B','C','D','E','F','G','H','I','J','K','L','M','N','O','P','Q','R','S','T','U','V','W','X','Y','Z','A','B','C','D','E','F','G','H','I','J','K','L','M','N','O','P','Q','R','S','T','U','V','W','X','Y','Z','A','B','C','D','E','F','G','H','I','J','K','L','M','N','O','P','Q','R','S','T','U','V','W'}; 
Previous 20: main:array:1={'H','e','l','l','o','W','o','r','l','d','H','e','l','l','o','W','o','r','l','d','H','e','l','l','o','W','o','r','l','d','H','e','l','l','o','W','o','r','l','d','H','e','l','l','o','W','o','r','l','d','H','e','l','l','o','W','o','r','l','d','H','e','l','l','o','W','o','r','l','d','H','e','l','l','o','W','o','r','l','d','H','e','l','l','o','W','o','r','l','d','H','e','l','l','o','W','o','r','l','d','H'}; 
Previous 21: main:array:1={':','A','a','a','a','a','a','a','a','a','a','a','a','a','a','a','a','a','a','a','a','a','a','a','a','a','a','a','a','a','a','a','a','a','a','a','a','a','a','a','a','a','a','a','a','a','a','a','a','a','a','a','a','a','a','a','a','a','a','a','a','a','a','a','a','a','a','a','a','a','a','a','a','a','a','a','a','a','a','a','a','a','a','a','a','a','a','a','a','a','a','a','a','a','a','a','a','a','a','a','a'}; 
Previous 22: main:array:1={'m','n','o','p','q','r','s','t','u','v','m','n','o','p','q','r','s','t','u','v','m','n','o','p','q','r','s','t','u','v','m','n','o','p','q','r','s','t','u','v','m','n','o','p','q','r','s','t','u','v','m','n','o','p','q','r','s','t','u','v','m','n','o','p','q','r','s','t','u','v','m','n','o','p','q','r','s','t','u','v','m','n','o','p','q','r','s','t','u','v','m','n','o','p','q','r','s','t','u','v','m'}; 
Previous 23: main:array:1={'a','a','a','a','a','a','a','a','a','a','a','a','a','a','a','a','a','a','a','a','a','a','a','a','a','a','a','a','a','a','a','a','a','a','a','a','a','a','a','a','a','a','a','a','a','a','a','a','a','a','a','a','a','a','a','a','a','a','a','a','a','a','a','a','a','a','a','a','a','a','a','a','a','a','a','a','a','a','a','a','a','a','a','a','a','a','a','a','a','a','a','a','a','a','a','a','a','a','a','a','b'}; 
Previous 24: main:array:1={'-','-','-','-','-','-','-','-','-','-','-','-','-','-','-','-','-','-','-','-','-','-','-','-','-','-','-','-','-','-','-','-','-','-','-','-','-','-','-','-','-','-','-','-','-','-','-','-','-','-','-','-','-','-','-','-','-','-','-','-','-','-','-','-','-','-','-','-','-','-','-','-','-','-','-','-','-','-','-','-','-','-','-','-','-','-','-','-','-','-','-','-','-','-','-','-','-','-','-','-','-'}; 
Previous 25: main:array:1={'A','B','C','D','E','F','G','H','I','J','K','L','M','N','O','P','Q','R','S','T','U','V','W','X','Y','Z','a','b','c','d','e','f','g','h','i','j','k','l','m','n','o','p','q','r','s','t','u','v','w','x','y','z','0','1','2','3','4','5','6','7','8','9','!','@','#','$','%','^','&','*','(',')','-','=','+','[',']','{',';',';',',','.','<','>','?','/',';','~','\'','`','^','+','+','?','/',';','~','\'','`','^','+'}; 
Previous 26: main:array:1={'\'','A','\'','A','\'','A','\'','A','\'','A','\'','A','\'','A','\'','A','\'','A','\'','A','\'','A','\'','A','\'','A','\'','A','\'','A','\'','A','\'','A','\'','A','\'','A','\'','A','\'','A','\'','A','\'','A','\'','A','\'','A','\'','A','\'','A','\'','A','\'','A','\'','A','\'','A','\'','A','\'','A','\'','A','\'','A','\'','A','\'','A','\'','A','\'','A','\'','A','\'','A','\'','A','\'','A','\'','A','\'','A','\'','A','\'','A','\'','A','\'','A','\'','A','\''}; 
Previous 27: main:array:1={'O','O','O','O','O','O','O','O','O','O','O','O','O','O','O','O','O','O','O','O','O','O','O','O','O','O','O','O','O','O','O','O','O','O','O','O','O','O','O','O','O','O','O','O','O','O','O','O','O','O','O','O','O','O','O','O','O','O','O','O','O','O','O','O','O','O','O','O','O','O','O','O','O','O','O','O','O','O','O','O','O','O','O','O','O','O','O','O','O','O','O','O','O','O','O','O','O','O','O','O','O'}; 
Previous 28: main:array:1={'?','?','?','?','?','?','?','?','?','?','?','?','?','?','?','?','?','?','?','?','?','?','?','?','?','?','?','?','?','?','?','?','?','?','?','?','?','?','?','?','?','?','?','?','?','?','?','?','?','?','?','?','?','?','?','?','?','?','?','?','?','?','?','?','?','?','?','?','?','?','?','?','?','?','?','?','?','?','?','?','?','?','?','?','?','?','?','?','?','?','?','?','?','?','?','?','?','?','?','?','?'}; 

Program:
extern char __VERIFIER_nondet_char(void);
/*
Commit Number: e6801c90311679fc0854af73da95fe58079c59f4
URL: https://github.com/FreeRADIUS/freeradius-server/commit/e6801c90311679fc0854af73da95fe58079c59f4
Project Name: freeradius-serve
License: GPL2
termination: false


*/
int main()
{
    int stop = 0;
    char array[101];
    for( int i = 0 ; i < 100 ; i++ )
        array[i] =  __VERIFIER_nondet_char();
    array[100] = 0;
    char* p = array;
    while( (*p) && (!stop) )
    {
        switch(*p){
        case '}':
            stop = 1;
            break;

        case ':':
            if( *(p+1) && (*(p+1) == '-')){
                p += 2;
                stop = 1;
            }
            break;
        default:
            p++;
        }
    }
    return 0;
}

"
35,NT,"main:array:1={':','a','b','b','b','b','b','b','b','b','b','b','b','b','b','b','b','b','b','b','b','b','b','b','b','b','b','b','b','b','b','b','b','b','b','b','b','b','b','b','b','b','b','b','b','b','b','b','b','b','b','b','b','b','b','b','b','b','b','b','b','b','b','b','b','b','b','b','b','b','b','b','b','b','b','b','b','b','b','b','b','b','b','b','b','b','b','b','b','b','b','b','b','b','b','b','b','b','b','b','b'}
",/home/quasar/Documents/FocusTNT/results_InputGeneration/FSE/loop/Incorrect_Control_Statement_1_NT/input_generator_artifacts/generated_programs/Incorrect_Control_Statement_1_NT_TestCase15.c,TIMEOUT,LIKELY_NT,true,,"You generate concrete values for nondeterministic inputs in a C/C++ program.
Your goal is to produce ONE complete assignment set that is likely to make the program not terminate.

Important rules:
1. Return a value for EVERY listed nondeterministic input ID.
2. Use each ID exactly once.
3. Respect the declared C/C++ type.
4. For an array, return the value as an array containing exactly the required number of elements.
5. For char arrays, each element must be exactly one character. Return the character itself without C single quotes.
6. Prefer small-magnitude values unless larger values are necessary to achieve the requested execution behavior.

Nondeterministic inputs:
- id: main:array:1, type: char, array: true, size: 101, required elements: 101

Previously generated assignment sets are listed below. Generate a materially different set and do not duplicate any of them.
Previous 1: main:array:1={'a','a','a','a','a','a','a','a','a','a','a','a','a','a','a','a','a','a','a','a','a','a','a','a','a','a','a','a','a','a','a','a','a','a','a','a','a','a','a','a','a','a','a','a','a','a','a','a','a','a','a','a','a','a','a','a','a','a','a','a','a','a','a','a','a','a','a','a','a','a','a','a','a','a','a','a','a','a','a','a','a','a','a','a','a','a','a','a','a','a','a','a','a','a','a','a','a','a','a','a','a'}; 
Previous 2: main:array:1={'}','b','b','b','b','b','b','b','b','b','b','b','b','b','b','b','b','b','b','b','b','b','b','b','b','b','b','b','b','b','b','b','b','b','b','b','b','b','b','b','b','b','b','b','b','b','b','b','b','b','b','b','b','b','b','b','b','b','b','b','b','b','b','b','b','b','b','b','b','b','b','b','b','b','b','b','b','b','b','b','b','b','b','b','b','b','b','b','b','b','b','b','b','b','b','b','b','b','b','b','b'}; 
Previous 3: main:array:1={'}','a','a','a','a','a','a','a','a','a','a','a','a','a','a','a','a','a','a','a','a','a','a','a','a','a','a','a','a','a','a','a','a','a','a','a','a','a','a','a','a','a','a','a','a','a','a','a','a','a','a','a','a','a','a','a','a','a','a','a','a','a','a','a','a','a','a','a','a','a','a','a','a','a','a','a','a','a','a','a','a','a','a','a','a','a','a','a','a','a','a','a','a','a','a','a','a','a','a','a','a'}; 
Previous 4: main:array:1={'b','b','b','b','b','b','b','b','b','b','b','b','b','b','b','b','b','b','b','b','b','b','b','b','b','b','b','b','b','b','b','b','b','b','b','b','b','b','b','b','b','b','b','b','b','b','b','b','b','b','}','c','c','c','c','c','c','c','c','c','c','c','c','c','c','c','c','c','c','c','c','c','c','c','c','c','c','c','c','c','c','c','c','c','c','c','c','c','c','c','x','x','x','x','x','x','x','x','x','x','x'}; 
Previous 5: main:array:1={'\'','}','\'','\'','c','\'','\'','c','\'','\'','c','\'','\'','c','\'','\'','c','\'','\'','c','\'','\'','c','\'','\'','c','\'','\'','c','\'','\'','c','\'','\'','c','\'','\'','c','\'','\'','c','\'','\'','c','\'','\'','c','\'','\'','c','\'','\'','c','\'','\'','c','\'','\'','c','\'','\'','c','\'','\'','c','\'','\'','c','\'','\'','c','\'','\'','c','\'','\'','c','\'','\'','c','\'','\'','c','\'','\'','c','\'','\'','c','\'','\'','c','\'','\'','c','\'','\'','c','\'','\'','c'}; 
Previous 6: main:array:1={'\'','\'','\'','\'','\'','\'','\'','\'','\'','\'','\'','\'','\'','\'','\'','\'','\'','\'','\'','\'','\'','\'','\'','\'','\'','\'','\'','\'','\'','\'','\'','\'','\'','\'','\'','\'','\'','\'','\'','\'','\'','\'','\'','\'','\'','\'','\'','\'','\'','\'','\'','\'','\'','\'','\'','\'','\'','\'','\'','\'','\'','\'','\'','\'','\'','\'','\'','\'','\'','\'','\'','\'','\'','\'','\'','\'','\'','\'','\'','\'','\'','\'','\'','\'','\'','\'','\'','\'','\'','\'','\'','\'','\'','\'','\'','\'','\'','\'','\'','\'','\''}; 
Previous 7: main:array:1={'A','B','C','D','E','F','G','H','I','J','K','L','M','N','O','P','Q','R','S','T','U','V','W','X','Y','Z','a','b','c','d','e','f','g','h','i','j','k','l','m','n','o','p','q','r','s','t','u','v','w','x','y','z','0','1','2','3','4','5','6','7','8','9','!','?','.',',','-','_','/','/','|','@','#','$','%','^','&','*','(',')','{','[',']','`','~','>','<',':',';','`','\'',' ','!','?','.',',','%','+','=','/','/'}; 
Previous 8: main:array:1={'0','0','0','0','0','0','0','0','0','0','0','0','0','0','0','0','0','0','0','0','0','0','0','0','0','0','0','0','0','0','0','0','0','0','0','0','0','0','0','0','0','0','0','0','0','0','0','0','0','0','0','0','0','0','0','0','0','0','0','0','0','0','0','0','0','0','0','0','0','0','0','0','0','0','0','0','0','0','0','0','0','0','0','0','0','0','0','0','0','0','0','0','0','0','0','0','0','0','0','0','0'}; 
Previous 9: main:array:1={'a','b','a','b','a','b','a','b','a','b','a','b','a','b','a','b','a','b','a','b','a','b','a','b','a','b','a','b','a','b','a','b','a','b','a','b','a','b','a','b','a','b','a','b','a','b','a','b','a','b','a','b','a','b','a','b','a','b','a','b','a','b','a','b','a','b','a','b','a','b','a','b','a','b','a','b','a','b','a','b','a','b','a','b','a','b','a','b','a','b','a','b','a','b','a','b','a','b','a','b','a'}; 
Previous 10: main:array:1={'\'','A','\'','B','\'','C','\'','D','\'','E','\'','F','\'','G','\'','H','\'','I','\'','J','\'','K','\'','L','\'','M','\'','N','\'','O','\'','P','\'','Q','\'','R','\'','S','\'','T','\'','U','\'','V','\'','W','\'','X','\'','Y','\'','Z','\'','a','\'','b','\'','c','\'','d','\'','e','\'','f','\'','g','\'','h','\'','i','\'','j','\'','k','\'','l','\'','m','\'','n','\'','o','\'','p','\'','q','\'','r','\'','s','\'','t','\'','u','\'','v','\'','w','\'','x','\''}; 
Previous 11: main:array:1={':','-','a','a','a','a','a','a','a','a','a','a','a','a','a','a','a','a','a','a','a','a','a','a','a','a','a','a','a','a','a','a','a','a','a','a','a','a','a','a','a','a','a','a','a','a','a','a','a','a','a','a','a','a','a','a','a','a','a','a','a','a','a','a','a','a','a','a','a','a','a','a','a','a','a','a','a','a','a','a','a','a','a','a','a','a','a','a','a','a','a','a','a','a','a','a','a','a','a','a','a'}; 
Previous 12: main:array:1={'x','x','x','x','x','x','x','x','x','x','x','x','x','x','x','x','x','x','x','x','x','x','x','x','x','x','x','x','x','x','x','x','x','x','x','x','x','x','x','x','x','x','x','x','x','x','x','x','x','x','x','x','x','x','x','x','x','x','x','x','x','x','x','x','x','x','x','x','x','x','x','x','x','x','x','x','x','x','x','x','x','x','x','x','x','x','x','x','x','x','x','x','x','x','x','x','x','x','x','x','x'}; 
Previous 13: main:array:1={':','b','a','a','a','a','a','a','a','a','a','a','a','a','a','a','a','a','a','a','a','a','a','a','a','a','a','a','a','a','a','a','a','a','a','a','a','a','a','a','a','a','a','a','a','a','a','a','a','a','a','a','a','a','a','a','a','a','a','a','a','a','a','a','a','a','a','a','a','a','a','a','a','a','a','a','a','a','a','a','a','a','a','a','a','a','a','a','a','a','a','a','a','a','a','a','a','a','a','a','a'}; 
Previous 14: main:array:1={'\'','\'',':','\'','a','\'','b','\'','b','\'','b','\'','b','\'','b','\'','b','\'','b','\'','b','\'','b','\'','b','\'','b','\'','b','\'','b','\'','b','\'','b','\'','b','\'','b','\'','b','\'','b','\'','b','\'','b','\'','b','\'','b','\'','b','\'','b','\'','b','\'','b','\'','b','\'','b','\'','b','\'','b','\'','b','\'','b','\'','b','\'','b','\'','b','\'','b','\'','b','\'','b','\'','b','\'','b','\'','b','\'','b','\'','b','\'','b','\'','b','\'','b','\'','b'}; 
Previous 15: main:array:1={'a','a','a','a','a','a','a','a','a','a','a','a','a','a','a','a','a','a','a','a','a','a','a','a','a','a','a','a','a','a','a','a','a','a','a','a','a','a','a','a','a','a','a','a','a','a','a','a','a','a','a','a','a','a','a','a','a','a','a','a','a','a','a','a','a','a','a','a','a','a','a','a','a','a','a','a','a','a','a','a','a','a','a','a','a','a','a','a','a','a','a','a','a','a','a','a','a','a',':','0','0'}; 
Previous 16: main:array:1={'z','z','z','z','z','z','z','z','z','z','z','z','z','z','z','z','z','z','z','z','z','z','z','z','z','z','z','z','z','z','z','z','z','z','z','z','z','z','z','z','z','z','z','z','z','z','z','z','z','z','z','z','z','z','z','z','z','z','z','z','z','z','z','z','z','z','z','z','z','z','z','z','z','z','z','z','z','z','z','z','z','z','z','z','z','z','z','z','z','z','z','z','z','z','z','z','z','z','z','z','z'}; 
Previous 17: main:array:1={'!','!','!','!','!','!','!','!','!','!','!','!','!','!','!','!','!','!','!','!','!','!','!','!','!','!','!','!','!','!','!','!','!','!','!','!','!','!','!','!','!','!','!','!','!','!','!','!','!','!','!','!','!','!','!','!','!','!','!','!','!','!','!','!','!','!','!','!','!','!','!','!','!','!','!','!','!','!','!','!','!','!','!','!','!','!','!','!','!','!','!','!','!','!','!','!','!','!','!','!','!'}; 
Previous 18: main:array:1={'a','a','a','a','a','a','a','a','a','a','a','a','a','a','a','a','a','a','a','a','a','a','a','a','a','a','a','a','a','a','a','a','a','a','a','a','a','a','a','a','a','a','a','a','a','a','a','a','a','a','a','a','a','a','a','a','a','a','a','a','a','a','a','a','a','a','a','a','a','a','a','a','a','a','a','a','a','a','a','a','a','a','a','a','a','a','a','a','a','a','a','a','a','a','a','a','a','a','b','b','b'}; 
Previous 19: main:array:1={'A','B','C','D','E','F','G','H','I','J','K','L','M','N','O','P','Q','R','S','T','U','V','W','X','Y','Z','A','B','C','D','E','F','G','H','I','J','K','L','M','N','O','P','Q','R','S','T','U','V','W','X','Y','Z','A','B','C','D','E','F','G','H','I','J','K','L','M','N','O','P','Q','R','S','T','U','V','W','X','Y','Z','A','B','C','D','E','F','G','H','I','J','K','L','M','N','O','P','Q','R','S','T','U','V','W'}; 
Previous 20: main:array:1={'H','e','l','l','o','W','o','r','l','d','H','e','l','l','o','W','o','r','l','d','H','e','l','l','o','W','o','r','l','d','H','e','l','l','o','W','o','r','l','d','H','e','l','l','o','W','o','r','l','d','H','e','l','l','o','W','o','r','l','d','H','e','l','l','o','W','o','r','l','d','H','e','l','l','o','W','o','r','l','d','H','e','l','l','o','W','o','r','l','d','H','e','l','l','o','W','o','r','l','d','H'}; 
Previous 21: main:array:1={':','A','a','a','a','a','a','a','a','a','a','a','a','a','a','a','a','a','a','a','a','a','a','a','a','a','a','a','a','a','a','a','a','a','a','a','a','a','a','a','a','a','a','a','a','a','a','a','a','a','a','a','a','a','a','a','a','a','a','a','a','a','a','a','a','a','a','a','a','a','a','a','a','a','a','a','a','a','a','a','a','a','a','a','a','a','a','a','a','a','a','a','a','a','a','a','a','a','a','a','a'}; 
Previous 22: main:array:1={'m','n','o','p','q','r','s','t','u','v','m','n','o','p','q','r','s','t','u','v','m','n','o','p','q','r','s','t','u','v','m','n','o','p','q','r','s','t','u','v','m','n','o','p','q','r','s','t','u','v','m','n','o','p','q','r','s','t','u','v','m','n','o','p','q','r','s','t','u','v','m','n','o','p','q','r','s','t','u','v','m','n','o','p','q','r','s','t','u','v','m','n','o','p','q','r','s','t','u','v','m'}; 
Previous 23: main:array:1={'a','a','a','a','a','a','a','a','a','a','a','a','a','a','a','a','a','a','a','a','a','a','a','a','a','a','a','a','a','a','a','a','a','a','a','a','a','a','a','a','a','a','a','a','a','a','a','a','a','a','a','a','a','a','a','a','a','a','a','a','a','a','a','a','a','a','a','a','a','a','a','a','a','a','a','a','a','a','a','a','a','a','a','a','a','a','a','a','a','a','a','a','a','a','a','a','a','a','a','a','b'}; 
Previous 24: main:array:1={'-','-','-','-','-','-','-','-','-','-','-','-','-','-','-','-','-','-','-','-','-','-','-','-','-','-','-','-','-','-','-','-','-','-','-','-','-','-','-','-','-','-','-','-','-','-','-','-','-','-','-','-','-','-','-','-','-','-','-','-','-','-','-','-','-','-','-','-','-','-','-','-','-','-','-','-','-','-','-','-','-','-','-','-','-','-','-','-','-','-','-','-','-','-','-','-','-','-','-','-','-'}; 
Previous 25: main:array:1={'A','B','C','D','E','F','G','H','I','J','K','L','M','N','O','P','Q','R','S','T','U','V','W','X','Y','Z','a','b','c','d','e','f','g','h','i','j','k','l','m','n','o','p','q','r','s','t','u','v','w','x','y','z','0','1','2','3','4','5','6','7','8','9','!','@','#','$','%','^','&','*','(',')','-','=','+','[',']','{',';',';',',','.','<','>','?','/',';','~','\'','`','^','+','+','?','/',';','~','\'','`','^','+'}; 
Previous 26: main:array:1={'\'','A','\'','A','\'','A','\'','A','\'','A','\'','A','\'','A','\'','A','\'','A','\'','A','\'','A','\'','A','\'','A','\'','A','\'','A','\'','A','\'','A','\'','A','\'','A','\'','A','\'','A','\'','A','\'','A','\'','A','\'','A','\'','A','\'','A','\'','A','\'','A','\'','A','\'','A','\'','A','\'','A','\'','A','\'','A','\'','A','\'','A','\'','A','\'','A','\'','A','\'','A','\'','A','\'','A','\'','A','\'','A','\'','A','\'','A','\'','A','\'','A','\'','A','\''}; 
Previous 27: main:array:1={'O','O','O','O','O','O','O','O','O','O','O','O','O','O','O','O','O','O','O','O','O','O','O','O','O','O','O','O','O','O','O','O','O','O','O','O','O','O','O','O','O','O','O','O','O','O','O','O','O','O','O','O','O','O','O','O','O','O','O','O','O','O','O','O','O','O','O','O','O','O','O','O','O','O','O','O','O','O','O','O','O','O','O','O','O','O','O','O','O','O','O','O','O','O','O','O','O','O','O','O','O'}; 
Previous 28: main:array:1={'?','?','?','?','?','?','?','?','?','?','?','?','?','?','?','?','?','?','?','?','?','?','?','?','?','?','?','?','?','?','?','?','?','?','?','?','?','?','?','?','?','?','?','?','?','?','?','?','?','?','?','?','?','?','?','?','?','?','?','?','?','?','?','?','?','?','?','?','?','?','?','?','?','?','?','?','?','?','?','?','?','?','?','?','?','?','?','?','?','?','?','?','?','?','?','?','?','?','?','?','?'}; 

Program:
extern char __VERIFIER_nondet_char(void);
/*
Commit Number: e6801c90311679fc0854af73da95fe58079c59f4
URL: https://github.com/FreeRADIUS/freeradius-server/commit/e6801c90311679fc0854af73da95fe58079c59f4
Project Name: freeradius-serve
License: GPL2
termination: false


*/
int main()
{
    int stop = 0;
    char array[101];
    for( int i = 0 ; i < 100 ; i++ )
        array[i] =  __VERIFIER_nondet_char();
    array[100] = 0;
    char* p = array;
    while( (*p) && (!stop) )
    {
        switch(*p){
        case '}':
            stop = 1;
            break;

        case ':':
            if( *(p+1) && (*(p+1) == '-')){
                p += 2;
                stop = 1;
            }
            break;
        default:
            p++;
        }
    }
    return 0;
}

"
36,NT,"main:array:1={'a','a','a','a','a','a','a','a','a','a','a','a','a','a','a','a','a','a','a','a','a','a','a','a','a','a','a','a','a','a','a','a','a','a','a','a','a','a','a','a','a','a','a','a','a','a','a','a','a','a','a','a','a','a','a','a','a','a','a','a','b','b','b','b','b','b','b','b','b','b','b','b','b','b','b','b','b','b','b','b','b','b','b','b','b','b','b','b','b','b','b','b','b','b','b','b','b','b','b','b','b'}
",,COMPLETED,T,false,,"You generate concrete values for nondeterministic inputs in a C/C++ program.
Your goal is to produce ONE complete assignment set that is likely to make the program not terminate.

Important rules:
1. Return a value for EVERY listed nondeterministic input ID.
2. Use each ID exactly once.
3. Respect the declared C/C++ type.
4. For an array, return the value as an array containing exactly the required number of elements.
5. For char arrays, each element must be exactly one character. Return the character itself without C single quotes.
6. Prefer small-magnitude values unless larger values are necessary to achieve the requested execution behavior.

Nondeterministic inputs:
- id: main:array:1, type: char, array: true, size: 101, required elements: 101

Previously generated assignment sets are listed below. Generate a materially different set and do not duplicate any of them.
Previous 1: main:array:1={'a','a','a','a','a','a','a','a','a','a','a','a','a','a','a','a','a','a','a','a','a','a','a','a','a','a','a','a','a','a','a','a','a','a','a','a','a','a','a','a','a','a','a','a','a','a','a','a','a','a','a','a','a','a','a','a','a','a','a','a','a','a','a','a','a','a','a','a','a','a','a','a','a','a','a','a','a','a','a','a','a','a','a','a','a','a','a','a','a','a','a','a','a','a','a','a','a','a','a','a','a'}; 
Previous 2: main:array:1={'}','b','b','b','b','b','b','b','b','b','b','b','b','b','b','b','b','b','b','b','b','b','b','b','b','b','b','b','b','b','b','b','b','b','b','b','b','b','b','b','b','b','b','b','b','b','b','b','b','b','b','b','b','b','b','b','b','b','b','b','b','b','b','b','b','b','b','b','b','b','b','b','b','b','b','b','b','b','b','b','b','b','b','b','b','b','b','b','b','b','b','b','b','b','b','b','b','b','b','b','b'}; 
Previous 3: main:array:1={'}','a','a','a','a','a','a','a','a','a','a','a','a','a','a','a','a','a','a','a','a','a','a','a','a','a','a','a','a','a','a','a','a','a','a','a','a','a','a','a','a','a','a','a','a','a','a','a','a','a','a','a','a','a','a','a','a','a','a','a','a','a','a','a','a','a','a','a','a','a','a','a','a','a','a','a','a','a','a','a','a','a','a','a','a','a','a','a','a','a','a','a','a','a','a','a','a','a','a','a','a'}; 
Previous 4: main:array:1={'b','b','b','b','b','b','b','b','b','b','b','b','b','b','b','b','b','b','b','b','b','b','b','b','b','b','b','b','b','b','b','b','b','b','b','b','b','b','b','b','b','b','b','b','b','b','b','b','b','b','}','c','c','c','c','c','c','c','c','c','c','c','c','c','c','c','c','c','c','c','c','c','c','c','c','c','c','c','c','c','c','c','c','c','c','c','c','c','c','c','x','x','x','x','x','x','x','x','x','x','x'}; 
Previous 5: main:array:1={'\'','}','\'','\'','c','\'','\'','c','\'','\'','c','\'','\'','c','\'','\'','c','\'','\'','c','\'','\'','c','\'','\'','c','\'','\'','c','\'','\'','c','\'','\'','c','\'','\'','c','\'','\'','c','\'','\'','c','\'','\'','c','\'','\'','c','\'','\'','c','\'','\'','c','\'','\'','c','\'','\'','c','\'','\'','c','\'','\'','c','\'','\'','c','\'','\'','c','\'','\'','c','\'','\'','c','\'','\'','c','\'','\'','c','\'','\'','c','\'','\'','c','\'','\'','c','\'','\'','c','\'','\'','c'}; 
Previous 6: main:array:1={'\'','\'','\'','\'','\'','\'','\'','\'','\'','\'','\'','\'','\'','\'','\'','\'','\'','\'','\'','\'','\'','\'','\'','\'','\'','\'','\'','\'','\'','\'','\'','\'','\'','\'','\'','\'','\'','\'','\'','\'','\'','\'','\'','\'','\'','\'','\'','\'','\'','\'','\'','\'','\'','\'','\'','\'','\'','\'','\'','\'','\'','\'','\'','\'','\'','\'','\'','\'','\'','\'','\'','\'','\'','\'','\'','\'','\'','\'','\'','\'','\'','\'','\'','\'','\'','\'','\'','\'','\'','\'','\'','\'','\'','\'','\'','\'','\'','\'','\'','\'','\''}; 
Previous 7: main:array:1={'A','B','C','D','E','F','G','H','I','J','K','L','M','N','O','P','Q','R','S','T','U','V','W','X','Y','Z','a','b','c','d','e','f','g','h','i','j','k','l','m','n','o','p','q','r','s','t','u','v','w','x','y','z','0','1','2','3','4','5','6','7','8','9','!','?','.',',','-','_','/','/','|','@','#','$','%','^','&','*','(',')','{','[',']','`','~','>','<',':',';','`','\'',' ','!','?','.',',','%','+','=','/','/'}; 
Previous 8: main:array:1={'0','0','0','0','0','0','0','0','0','0','0','0','0','0','0','0','0','0','0','0','0','0','0','0','0','0','0','0','0','0','0','0','0','0','0','0','0','0','0','0','0','0','0','0','0','0','0','0','0','0','0','0','0','0','0','0','0','0','0','0','0','0','0','0','0','0','0','0','0','0','0','0','0','0','0','0','0','0','0','0','0','0','0','0','0','0','0','0','0','0','0','0','0','0','0','0','0','0','0','0','0'}; 
Previous 9: main:array:1={'a','b','a','b','a','b','a','b','a','b','a','b','a','b','a','b','a','b','a','b','a','b','a','b','a','b','a','b','a','b','a','b','a','b','a','b','a','b','a','b','a','b','a','b','a','b','a','b','a','b','a','b','a','b','a','b','a','b','a','b','a','b','a','b','a','b','a','b','a','b','a','b','a','b','a','b','a','b','a','b','a','b','a','b','a','b','a','b','a','b','a','b','a','b','a','b','a','b','a','b','a'}; 
Previous 10: main:array:1={'\'','A','\'','B','\'','C','\'','D','\'','E','\'','F','\'','G','\'','H','\'','I','\'','J','\'','K','\'','L','\'','M','\'','N','\'','O','\'','P','\'','Q','\'','R','\'','S','\'','T','\'','U','\'','V','\'','W','\'','X','\'','Y','\'','Z','\'','a','\'','b','\'','c','\'','d','\'','e','\'','f','\'','g','\'','h','\'','i','\'','j','\'','k','\'','l','\'','m','\'','n','\'','o','\'','p','\'','q','\'','r','\'','s','\'','t','\'','u','\'','v','\'','w','\'','x','\''}; 
Previous 11: main:array:1={':','-','a','a','a','a','a','a','a','a','a','a','a','a','a','a','a','a','a','a','a','a','a','a','a','a','a','a','a','a','a','a','a','a','a','a','a','a','a','a','a','a','a','a','a','a','a','a','a','a','a','a','a','a','a','a','a','a','a','a','a','a','a','a','a','a','a','a','a','a','a','a','a','a','a','a','a','a','a','a','a','a','a','a','a','a','a','a','a','a','a','a','a','a','a','a','a','a','a','a','a'}; 
Previous 12: main:array:1={'x','x','x','x','x','x','x','x','x','x','x','x','x','x','x','x','x','x','x','x','x','x','x','x','x','x','x','x','x','x','x','x','x','x','x','x','x','x','x','x','x','x','x','x','x','x','x','x','x','x','x','x','x','x','x','x','x','x','x','x','x','x','x','x','x','x','x','x','x','x','x','x','x','x','x','x','x','x','x','x','x','x','x','x','x','x','x','x','x','x','x','x','x','x','x','x','x','x','x','x','x'}; 
Previous 13: main:array:1={':','b','a','a','a','a','a','a','a','a','a','a','a','a','a','a','a','a','a','a','a','a','a','a','a','a','a','a','a','a','a','a','a','a','a','a','a','a','a','a','a','a','a','a','a','a','a','a','a','a','a','a','a','a','a','a','a','a','a','a','a','a','a','a','a','a','a','a','a','a','a','a','a','a','a','a','a','a','a','a','a','a','a','a','a','a','a','a','a','a','a','a','a','a','a','a','a','a','a','a','a'}; 
Previous 14: main:array:1={'\'','\'',':','\'','a','\'','b','\'','b','\'','b','\'','b','\'','b','\'','b','\'','b','\'','b','\'','b','\'','b','\'','b','\'','b','\'','b','\'','b','\'','b','\'','b','\'','b','\'','b','\'','b','\'','b','\'','b','\'','b','\'','b','\'','b','\'','b','\'','b','\'','b','\'','b','\'','b','\'','b','\'','b','\'','b','\'','b','\'','b','\'','b','\'','b','\'','b','\'','b','\'','b','\'','b','\'','b','\'','b','\'','b','\'','b','\'','b','\'','b','\'','b','\'','b'}; 
Previous 15: main:array:1={'a','a','a','a','a','a','a','a','a','a','a','a','a','a','a','a','a','a','a','a','a','a','a','a','a','a','a','a','a','a','a','a','a','a','a','a','a','a','a','a','a','a','a','a','a','a','a','a','a','a','a','a','a','a','a','a','a','a','a','a','a','a','a','a','a','a','a','a','a','a','a','a','a','a','a','a','a','a','a','a','a','a','a','a','a','a','a','a','a','a','a','a','a','a','a','a','a','a',':','0','0'}; 
Previous 16: main:array:1={'z','z','z','z','z','z','z','z','z','z','z','z','z','z','z','z','z','z','z','z','z','z','z','z','z','z','z','z','z','z','z','z','z','z','z','z','z','z','z','z','z','z','z','z','z','z','z','z','z','z','z','z','z','z','z','z','z','z','z','z','z','z','z','z','z','z','z','z','z','z','z','z','z','z','z','z','z','z','z','z','z','z','z','z','z','z','z','z','z','z','z','z','z','z','z','z','z','z','z','z','z'}; 
Previous 17: main:array:1={'!','!','!','!','!','!','!','!','!','!','!','!','!','!','!','!','!','!','!','!','!','!','!','!','!','!','!','!','!','!','!','!','!','!','!','!','!','!','!','!','!','!','!','!','!','!','!','!','!','!','!','!','!','!','!','!','!','!','!','!','!','!','!','!','!','!','!','!','!','!','!','!','!','!','!','!','!','!','!','!','!','!','!','!','!','!','!','!','!','!','!','!','!','!','!','!','!','!','!','!','!'}; 
Previous 18: main:array:1={'a','a','a','a','a','a','a','a','a','a','a','a','a','a','a','a','a','a','a','a','a','a','a','a','a','a','a','a','a','a','a','a','a','a','a','a','a','a','a','a','a','a','a','a','a','a','a','a','a','a','a','a','a','a','a','a','a','a','a','a','a','a','a','a','a','a','a','a','a','a','a','a','a','a','a','a','a','a','a','a','a','a','a','a','a','a','a','a','a','a','a','a','a','a','a','a','a','a','b','b','b'}; 
Previous 19: main:array:1={'A','B','C','D','E','F','G','H','I','J','K','L','M','N','O','P','Q','R','S','T','U','V','W','X','Y','Z','A','B','C','D','E','F','G','H','I','J','K','L','M','N','O','P','Q','R','S','T','U','V','W','X','Y','Z','A','B','C','D','E','F','G','H','I','J','K','L','M','N','O','P','Q','R','S','T','U','V','W','X','Y','Z','A','B','C','D','E','F','G','H','I','J','K','L','M','N','O','P','Q','R','S','T','U','V','W'}; 
Previous 20: main:array:1={'H','e','l','l','o','W','o','r','l','d','H','e','l','l','o','W','o','r','l','d','H','e','l','l','o','W','o','r','l','d','H','e','l','l','o','W','o','r','l','d','H','e','l','l','o','W','o','r','l','d','H','e','l','l','o','W','o','r','l','d','H','e','l','l','o','W','o','r','l','d','H','e','l','l','o','W','o','r','l','d','H','e','l','l','o','W','o','r','l','d','H','e','l','l','o','W','o','r','l','d','H'}; 
Previous 21: main:array:1={':','A','a','a','a','a','a','a','a','a','a','a','a','a','a','a','a','a','a','a','a','a','a','a','a','a','a','a','a','a','a','a','a','a','a','a','a','a','a','a','a','a','a','a','a','a','a','a','a','a','a','a','a','a','a','a','a','a','a','a','a','a','a','a','a','a','a','a','a','a','a','a','a','a','a','a','a','a','a','a','a','a','a','a','a','a','a','a','a','a','a','a','a','a','a','a','a','a','a','a','a'}; 
Previous 22: main:array:1={'m','n','o','p','q','r','s','t','u','v','m','n','o','p','q','r','s','t','u','v','m','n','o','p','q','r','s','t','u','v','m','n','o','p','q','r','s','t','u','v','m','n','o','p','q','r','s','t','u','v','m','n','o','p','q','r','s','t','u','v','m','n','o','p','q','r','s','t','u','v','m','n','o','p','q','r','s','t','u','v','m','n','o','p','q','r','s','t','u','v','m','n','o','p','q','r','s','t','u','v','m'}; 
Previous 23: main:array:1={'a','a','a','a','a','a','a','a','a','a','a','a','a','a','a','a','a','a','a','a','a','a','a','a','a','a','a','a','a','a','a','a','a','a','a','a','a','a','a','a','a','a','a','a','a','a','a','a','a','a','a','a','a','a','a','a','a','a','a','a','a','a','a','a','a','a','a','a','a','a','a','a','a','a','a','a','a','a','a','a','a','a','a','a','a','a','a','a','a','a','a','a','a','a','a','a','a','a','a','a','b'}; 
Previous 24: main:array:1={'-','-','-','-','-','-','-','-','-','-','-','-','-','-','-','-','-','-','-','-','-','-','-','-','-','-','-','-','-','-','-','-','-','-','-','-','-','-','-','-','-','-','-','-','-','-','-','-','-','-','-','-','-','-','-','-','-','-','-','-','-','-','-','-','-','-','-','-','-','-','-','-','-','-','-','-','-','-','-','-','-','-','-','-','-','-','-','-','-','-','-','-','-','-','-','-','-','-','-','-','-'}; 
Previous 25: main:array:1={'A','B','C','D','E','F','G','H','I','J','K','L','M','N','O','P','Q','R','S','T','U','V','W','X','Y','Z','a','b','c','d','e','f','g','h','i','j','k','l','m','n','o','p','q','r','s','t','u','v','w','x','y','z','0','1','2','3','4','5','6','7','8','9','!','@','#','$','%','^','&','*','(',')','-','=','+','[',']','{',';',';',',','.','<','>','?','/',';','~','\'','`','^','+','+','?','/',';','~','\'','`','^','+'}; 
Previous 26: main:array:1={'\'','A','\'','A','\'','A','\'','A','\'','A','\'','A','\'','A','\'','A','\'','A','\'','A','\'','A','\'','A','\'','A','\'','A','\'','A','\'','A','\'','A','\'','A','\'','A','\'','A','\'','A','\'','A','\'','A','\'','A','\'','A','\'','A','\'','A','\'','A','\'','A','\'','A','\'','A','\'','A','\'','A','\'','A','\'','A','\'','A','\'','A','\'','A','\'','A','\'','A','\'','A','\'','A','\'','A','\'','A','\'','A','\'','A','\'','A','\'','A','\'','A','\'','A','\''}; 
Previous 27: main:array:1={'O','O','O','O','O','O','O','O','O','O','O','O','O','O','O','O','O','O','O','O','O','O','O','O','O','O','O','O','O','O','O','O','O','O','O','O','O','O','O','O','O','O','O','O','O','O','O','O','O','O','O','O','O','O','O','O','O','O','O','O','O','O','O','O','O','O','O','O','O','O','O','O','O','O','O','O','O','O','O','O','O','O','O','O','O','O','O','O','O','O','O','O','O','O','O','O','O','O','O','O','O'}; 
Previous 28: main:array:1={'?','?','?','?','?','?','?','?','?','?','?','?','?','?','?','?','?','?','?','?','?','?','?','?','?','?','?','?','?','?','?','?','?','?','?','?','?','?','?','?','?','?','?','?','?','?','?','?','?','?','?','?','?','?','?','?','?','?','?','?','?','?','?','?','?','?','?','?','?','?','?','?','?','?','?','?','?','?','?','?','?','?','?','?','?','?','?','?','?','?','?','?','?','?','?','?','?','?','?','?','?'}; 
Previous 29: main:array:1={':','a','b','b','b','b','b','b','b','b','b','b','b','b','b','b','b','b','b','b','b','b','b','b','b','b','b','b','b','b','b','b','b','b','b','b','b','b','b','b','b','b','b','b','b','b','b','b','b','b','b','b','b','b','b','b','b','b','b','b','b','b','b','b','b','b','b','b','b','b','b','b','b','b','b','b','b','b','b','b','b','b','b','b','b','b','b','b','b','b','b','b','b','b','b','b','b','b','b','b','b'}; 

Program:
extern char __VERIFIER_nondet_char(void);
/*
Commit Number: e6801c90311679fc0854af73da95fe58079c59f4
URL: https://github.com/FreeRADIUS/freeradius-server/commit/e6801c90311679fc0854af73da95fe58079c59f4
Project Name: freeradius-serve
License: GPL2
termination: false


*/
int main()
{
    int stop = 0;
    char array[101];
    for( int i = 0 ; i < 100 ; i++ )
        array[i] =  __VERIFIER_nondet_char();
    array[100] = 0;
    char* p = array;
    while( (*p) && (!stop) )
    {
        switch(*p){
        case '}':
            stop = 1;
            break;

        case ':':
            if( *(p+1) && (*(p+1) == '-')){
                p += 2;
                stop = 1;
            }
            break;
        default:
            p++;
        }
    }
    return 0;
}

"
37,NT,"main:array:1={'a','a','a','a','a','a','a','a','a','a','a','a','a','a','a','a','a','a','a','a','a','a','a','a','a','a','a','a','a','a','a','a','a','a','a','a','a','a','a','a','a','a','a','a','a','a','a','a','a','a','b','b','b','b','b','b','b','b','b','b','b','b','b','b','b','b','b','b','b','b','b','b','b','b','b','b','b','b','b','b','0','0','0','0','0','0','0','0','0','0','0','0','0','0','0','0','0','0','0','0','0'}
",,COMPLETED,T,false,,"You generate concrete values for nondeterministic inputs in a C/C++ program.
Your goal is to produce ONE complete assignment set that is likely to make the program not terminate.

Important rules:
1. Return a value for EVERY listed nondeterministic input ID.
2. Use each ID exactly once.
3. Respect the declared C/C++ type.
4. For an array, return the value as an array containing exactly the required number of elements.
5. For char arrays, each element must be exactly one character. Return the character itself without C single quotes.
6. Prefer small-magnitude values unless larger values are necessary to achieve the requested execution behavior.

Nondeterministic inputs:
- id: main:array:1, type: char, array: true, size: 101, required elements: 101

Previously generated assignment sets are listed below. Generate a materially different set and do not duplicate any of them.
Previous 1: main:array:1={'a','a','a','a','a','a','a','a','a','a','a','a','a','a','a','a','a','a','a','a','a','a','a','a','a','a','a','a','a','a','a','a','a','a','a','a','a','a','a','a','a','a','a','a','a','a','a','a','a','a','a','a','a','a','a','a','a','a','a','a','a','a','a','a','a','a','a','a','a','a','a','a','a','a','a','a','a','a','a','a','a','a','a','a','a','a','a','a','a','a','a','a','a','a','a','a','a','a','a','a','a'}; 
Previous 2: main:array:1={'}','b','b','b','b','b','b','b','b','b','b','b','b','b','b','b','b','b','b','b','b','b','b','b','b','b','b','b','b','b','b','b','b','b','b','b','b','b','b','b','b','b','b','b','b','b','b','b','b','b','b','b','b','b','b','b','b','b','b','b','b','b','b','b','b','b','b','b','b','b','b','b','b','b','b','b','b','b','b','b','b','b','b','b','b','b','b','b','b','b','b','b','b','b','b','b','b','b','b','b','b'}; 
Previous 3: main:array:1={'}','a','a','a','a','a','a','a','a','a','a','a','a','a','a','a','a','a','a','a','a','a','a','a','a','a','a','a','a','a','a','a','a','a','a','a','a','a','a','a','a','a','a','a','a','a','a','a','a','a','a','a','a','a','a','a','a','a','a','a','a','a','a','a','a','a','a','a','a','a','a','a','a','a','a','a','a','a','a','a','a','a','a','a','a','a','a','a','a','a','a','a','a','a','a','a','a','a','a','a','a'}; 
Previous 4: main:array:1={'b','b','b','b','b','b','b','b','b','b','b','b','b','b','b','b','b','b','b','b','b','b','b','b','b','b','b','b','b','b','b','b','b','b','b','b','b','b','b','b','b','b','b','b','b','b','b','b','b','b','}','c','c','c','c','c','c','c','c','c','c','c','c','c','c','c','c','c','c','c','c','c','c','c','c','c','c','c','c','c','c','c','c','c','c','c','c','c','c','c','x','x','x','x','x','x','x','x','x','x','x'}; 
Previous 5: main:array:1={'\'','}','\'','\'','c','\'','\'','c','\'','\'','c','\'','\'','c','\'','\'','c','\'','\'','c','\'','\'','c','\'','\'','c','\'','\'','c','\'','\'','c','\'','\'','c','\'','\'','c','\'','\'','c','\'','\'','c','\'','\'','c','\'','\'','c','\'','\'','c','\'','\'','c','\'','\'','c','\'','\'','c','\'','\'','c','\'','\'','c','\'','\'','c','\'','\'','c','\'','\'','c','\'','\'','c','\'','\'','c','\'','\'','c','\'','\'','c','\'','\'','c','\'','\'','c','\'','\'','c','\'','\'','c'}; 
Previous 6: main:array:1={'\'','\'','\'','\'','\'','\'','\'','\'','\'','\'','\'','\'','\'','\'','\'','\'','\'','\'','\'','\'','\'','\'','\'','\'','\'','\'','\'','\'','\'','\'','\'','\'','\'','\'','\'','\'','\'','\'','\'','\'','\'','\'','\'','\'','\'','\'','\'','\'','\'','\'','\'','\'','\'','\'','\'','\'','\'','\'','\'','\'','\'','\'','\'','\'','\'','\'','\'','\'','\'','\'','\'','\'','\'','\'','\'','\'','\'','\'','\'','\'','\'','\'','\'','\'','\'','\'','\'','\'','\'','\'','\'','\'','\'','\'','\'','\'','\'','\'','\'','\'','\''}; 
Previous 7: main:array:1={'A','B','C','D','E','F','G','H','I','J','K','L','M','N','O','P','Q','R','S','T','U','V','W','X','Y','Z','a','b','c','d','e','f','g','h','i','j','k','l','m','n','o','p','q','r','s','t','u','v','w','x','y','z','0','1','2','3','4','5','6','7','8','9','!','?','.',',','-','_','/','/','|','@','#','$','%','^','&','*','(',')','{','[',']','`','~','>','<',':',';','`','\'',' ','!','?','.',',','%','+','=','/','/'}; 
Previous 8: main:array:1={'0','0','0','0','0','0','0','0','0','0','0','0','0','0','0','0','0','0','0','0','0','0','0','0','0','0','0','0','0','0','0','0','0','0','0','0','0','0','0','0','0','0','0','0','0','0','0','0','0','0','0','0','0','0','0','0','0','0','0','0','0','0','0','0','0','0','0','0','0','0','0','0','0','0','0','0','0','0','0','0','0','0','0','0','0','0','0','0','0','0','0','0','0','0','0','0','0','0','0','0','0'}; 
Previous 9: main:array:1={'a','b','a','b','a','b','a','b','a','b','a','b','a','b','a','b','a','b','a','b','a','b','a','b','a','b','a','b','a','b','a','b','a','b','a','b','a','b','a','b','a','b','a','b','a','b','a','b','a','b','a','b','a','b','a','b','a','b','a','b','a','b','a','b','a','b','a','b','a','b','a','b','a','b','a','b','a','b','a','b','a','b','a','b','a','b','a','b','a','b','a','b','a','b','a','b','a','b','a','b','a'}; 
Previous 10: main:array:1={'\'','A','\'','B','\'','C','\'','D','\'','E','\'','F','\'','G','\'','H','\'','I','\'','J','\'','K','\'','L','\'','M','\'','N','\'','O','\'','P','\'','Q','\'','R','\'','S','\'','T','\'','U','\'','V','\'','W','\'','X','\'','Y','\'','Z','\'','a','\'','b','\'','c','\'','d','\'','e','\'','f','\'','g','\'','h','\'','i','\'','j','\'','k','\'','l','\'','m','\'','n','\'','o','\'','p','\'','q','\'','r','\'','s','\'','t','\'','u','\'','v','\'','w','\'','x','\''}; 
Previous 11: main:array:1={':','-','a','a','a','a','a','a','a','a','a','a','a','a','a','a','a','a','a','a','a','a','a','a','a','a','a','a','a','a','a','a','a','a','a','a','a','a','a','a','a','a','a','a','a','a','a','a','a','a','a','a','a','a','a','a','a','a','a','a','a','a','a','a','a','a','a','a','a','a','a','a','a','a','a','a','a','a','a','a','a','a','a','a','a','a','a','a','a','a','a','a','a','a','a','a','a','a','a','a','a'}; 
Previous 12: main:array:1={'x','x','x','x','x','x','x','x','x','x','x','x','x','x','x','x','x','x','x','x','x','x','x','x','x','x','x','x','x','x','x','x','x','x','x','x','x','x','x','x','x','x','x','x','x','x','x','x','x','x','x','x','x','x','x','x','x','x','x','x','x','x','x','x','x','x','x','x','x','x','x','x','x','x','x','x','x','x','x','x','x','x','x','x','x','x','x','x','x','x','x','x','x','x','x','x','x','x','x','x','x'}; 
Previous 13: main:array:1={':','b','a','a','a','a','a','a','a','a','a','a','a','a','a','a','a','a','a','a','a','a','a','a','a','a','a','a','a','a','a','a','a','a','a','a','a','a','a','a','a','a','a','a','a','a','a','a','a','a','a','a','a','a','a','a','a','a','a','a','a','a','a','a','a','a','a','a','a','a','a','a','a','a','a','a','a','a','a','a','a','a','a','a','a','a','a','a','a','a','a','a','a','a','a','a','a','a','a','a','a'}; 
Previous 14: main:array:1={'\'','\'',':','\'','a','\'','b','\'','b','\'','b','\'','b','\'','b','\'','b','\'','b','\'','b','\'','b','\'','b','\'','b','\'','b','\'','b','\'','b','\'','b','\'','b','\'','b','\'','b','\'','b','\'','b','\'','b','\'','b','\'','b','\'','b','\'','b','\'','b','\'','b','\'','b','\'','b','\'','b','\'','b','\'','b','\'','b','\'','b','\'','b','\'','b','\'','b','\'','b','\'','b','\'','b','\'','b','\'','b','\'','b','\'','b','\'','b','\'','b','\'','b','\'','b'}; 
Previous 15: main:array:1={'a','a','a','a','a','a','a','a','a','a','a','a','a','a','a','a','a','a','a','a','a','a','a','a','a','a','a','a','a','a','a','a','a','a','a','a','a','a','a','a','a','a','a','a','a','a','a','a','a','a','a','a','a','a','a','a','a','a','a','a','a','a','a','a','a','a','a','a','a','a','a','a','a','a','a','a','a','a','a','a','a','a','a','a','a','a','a','a','a','a','a','a','a','a','a','a','a','a',':','0','0'}; 
Previous 16: main:array:1={'z','z','z','z','z','z','z','z','z','z','z','z','z','z','z','z','z','z','z','z','z','z','z','z','z','z','z','z','z','z','z','z','z','z','z','z','z','z','z','z','z','z','z','z','z','z','z','z','z','z','z','z','z','z','z','z','z','z','z','z','z','z','z','z','z','z','z','z','z','z','z','z','z','z','z','z','z','z','z','z','z','z','z','z','z','z','z','z','z','z','z','z','z','z','z','z','z','z','z','z','z'}; 
Previous 17: main:array:1={'!','!','!','!','!','!','!','!','!','!','!','!','!','!','!','!','!','!','!','!','!','!','!','!','!','!','!','!','!','!','!','!','!','!','!','!','!','!','!','!','!','!','!','!','!','!','!','!','!','!','!','!','!','!','!','!','!','!','!','!','!','!','!','!','!','!','!','!','!','!','!','!','!','!','!','!','!','!','!','!','!','!','!','!','!','!','!','!','!','!','!','!','!','!','!','!','!','!','!','!','!'}; 
Previous 18: main:array:1={'a','a','a','a','a','a','a','a','a','a','a','a','a','a','a','a','a','a','a','a','a','a','a','a','a','a','a','a','a','a','a','a','a','a','a','a','a','a','a','a','a','a','a','a','a','a','a','a','a','a','a','a','a','a','a','a','a','a','a','a','a','a','a','a','a','a','a','a','a','a','a','a','a','a','a','a','a','a','a','a','a','a','a','a','a','a','a','a','a','a','a','a','a','a','a','a','a','a','b','b','b'}; 
Previous 19: main:array:1={'A','B','C','D','E','F','G','H','I','J','K','L','M','N','O','P','Q','R','S','T','U','V','W','X','Y','Z','A','B','C','D','E','F','G','H','I','J','K','L','M','N','O','P','Q','R','S','T','U','V','W','X','Y','Z','A','B','C','D','E','F','G','H','I','J','K','L','M','N','O','P','Q','R','S','T','U','V','W','X','Y','Z','A','B','C','D','E','F','G','H','I','J','K','L','M','N','O','P','Q','R','S','T','U','V','W'}; 
Previous 20: main:array:1={'H','e','l','l','o','W','o','r','l','d','H','e','l','l','o','W','o','r','l','d','H','e','l','l','o','W','o','r','l','d','H','e','l','l','o','W','o','r','l','d','H','e','l','l','o','W','o','r','l','d','H','e','l','l','o','W','o','r','l','d','H','e','l','l','o','W','o','r','l','d','H','e','l','l','o','W','o','r','l','d','H','e','l','l','o','W','o','r','l','d','H','e','l','l','o','W','o','r','l','d','H'}; 
Previous 21: main:array:1={':','A','a','a','a','a','a','a','a','a','a','a','a','a','a','a','a','a','a','a','a','a','a','a','a','a','a','a','a','a','a','a','a','a','a','a','a','a','a','a','a','a','a','a','a','a','a','a','a','a','a','a','a','a','a','a','a','a','a','a','a','a','a','a','a','a','a','a','a','a','a','a','a','a','a','a','a','a','a','a','a','a','a','a','a','a','a','a','a','a','a','a','a','a','a','a','a','a','a','a','a'}; 
Previous 22: main:array:1={'m','n','o','p','q','r','s','t','u','v','m','n','o','p','q','r','s','t','u','v','m','n','o','p','q','r','s','t','u','v','m','n','o','p','q','r','s','t','u','v','m','n','o','p','q','r','s','t','u','v','m','n','o','p','q','r','s','t','u','v','m','n','o','p','q','r','s','t','u','v','m','n','o','p','q','r','s','t','u','v','m','n','o','p','q','r','s','t','u','v','m','n','o','p','q','r','s','t','u','v','m'}; 
Previous 23: main:array:1={'a','a','a','a','a','a','a','a','a','a','a','a','a','a','a','a','a','a','a','a','a','a','a','a','a','a','a','a','a','a','a','a','a','a','a','a','a','a','a','a','a','a','a','a','a','a','a','a','a','a','a','a','a','a','a','a','a','a','a','a','a','a','a','a','a','a','a','a','a','a','a','a','a','a','a','a','a','a','a','a','a','a','a','a','a','a','a','a','a','a','a','a','a','a','a','a','a','a','a','a','b'}; 
Previous 24: main:array:1={'-','-','-','-','-','-','-','-','-','-','-','-','-','-','-','-','-','-','-','-','-','-','-','-','-','-','-','-','-','-','-','-','-','-','-','-','-','-','-','-','-','-','-','-','-','-','-','-','-','-','-','-','-','-','-','-','-','-','-','-','-','-','-','-','-','-','-','-','-','-','-','-','-','-','-','-','-','-','-','-','-','-','-','-','-','-','-','-','-','-','-','-','-','-','-','-','-','-','-','-','-'}; 
Previous 25: main:array:1={'A','B','C','D','E','F','G','H','I','J','K','L','M','N','O','P','Q','R','S','T','U','V','W','X','Y','Z','a','b','c','d','e','f','g','h','i','j','k','l','m','n','o','p','q','r','s','t','u','v','w','x','y','z','0','1','2','3','4','5','6','7','8','9','!','@','#','$','%','^','&','*','(',')','-','=','+','[',']','{',';',';',',','.','<','>','?','/',';','~','\'','`','^','+','+','?','/',';','~','\'','`','^','+'}; 
Previous 26: main:array:1={'\'','A','\'','A','\'','A','\'','A','\'','A','\'','A','\'','A','\'','A','\'','A','\'','A','\'','A','\'','A','\'','A','\'','A','\'','A','\'','A','\'','A','\'','A','\'','A','\'','A','\'','A','\'','A','\'','A','\'','A','\'','A','\'','A','\'','A','\'','A','\'','A','\'','A','\'','A','\'','A','\'','A','\'','A','\'','A','\'','A','\'','A','\'','A','\'','A','\'','A','\'','A','\'','A','\'','A','\'','A','\'','A','\'','A','\'','A','\'','A','\'','A','\'','A','\''}; 
Previous 27: main:array:1={'O','O','O','O','O','O','O','O','O','O','O','O','O','O','O','O','O','O','O','O','O','O','O','O','O','O','O','O','O','O','O','O','O','O','O','O','O','O','O','O','O','O','O','O','O','O','O','O','O','O','O','O','O','O','O','O','O','O','O','O','O','O','O','O','O','O','O','O','O','O','O','O','O','O','O','O','O','O','O','O','O','O','O','O','O','O','O','O','O','O','O','O','O','O','O','O','O','O','O','O','O'}; 
Previous 28: main:array:1={'?','?','?','?','?','?','?','?','?','?','?','?','?','?','?','?','?','?','?','?','?','?','?','?','?','?','?','?','?','?','?','?','?','?','?','?','?','?','?','?','?','?','?','?','?','?','?','?','?','?','?','?','?','?','?','?','?','?','?','?','?','?','?','?','?','?','?','?','?','?','?','?','?','?','?','?','?','?','?','?','?','?','?','?','?','?','?','?','?','?','?','?','?','?','?','?','?','?','?','?','?'}; 
Previous 29: main:array:1={':','a','b','b','b','b','b','b','b','b','b','b','b','b','b','b','b','b','b','b','b','b','b','b','b','b','b','b','b','b','b','b','b','b','b','b','b','b','b','b','b','b','b','b','b','b','b','b','b','b','b','b','b','b','b','b','b','b','b','b','b','b','b','b','b','b','b','b','b','b','b','b','b','b','b','b','b','b','b','b','b','b','b','b','b','b','b','b','b','b','b','b','b','b','b','b','b','b','b','b','b'}; 
Previous 30: main:array:1={'a','a','a','a','a','a','a','a','a','a','a','a','a','a','a','a','a','a','a','a','a','a','a','a','a','a','a','a','a','a','a','a','a','a','a','a','a','a','a','a','a','a','a','a','a','a','a','a','a','a','a','a','a','a','a','a','a','a','a','a','b','b','b','b','b','b','b','b','b','b','b','b','b','b','b','b','b','b','b','b','b','b','b','b','b','b','b','b','b','b','b','b','b','b','b','b','b','b','b','b','b'}; 

Program:
extern char __VERIFIER_nondet_char(void);
/*
Commit Number: e6801c90311679fc0854af73da95fe58079c59f4
URL: https://github.com/FreeRADIUS/freeradius-server/commit/e6801c90311679fc0854af73da95fe58079c59f4
Project Name: freeradius-serve
License: GPL2
termination: false


*/
int main()
{
    int stop = 0;
    char array[101];
    for( int i = 0 ; i < 100 ; i++ )
        array[i] =  __VERIFIER_nondet_char();
    array[100] = 0;
    char* p = array;
    while( (*p) && (!stop) )
    {
        switch(*p){
        case '}':
            stop = 1;
            break;

        case ':':
            if( *(p+1) && (*(p+1) == '-')){
                p += 2;
                stop = 1;
            }
            break;
        default:
            p++;
        }
    }
    return 0;
}

"
38,NT,"main:array:1={'\'','a','\'','b','\'','c','\'','a','\'','b','\'','c','\'','a','\'','b','\'','c','\'','a','\'','b','\'','c','\'','a','\'','b','\'','c','\'','a','\'','b','\'','c','\'','a','\'','b','\'','c','\'','a','\'','b','\'','c','\'','a','\'','b','\'','c','\'','a','\'','b','\'','c','\'','a','\'','b','\'','c','\'','a','\'','b','\'','c','\'','a','\'','b','\'','c','\'','a','\'','b','\'','c','\'','a','\'','b','\'','c','\'','a','\'','b','\'','c','\'','a','\'','b','\''}
",,COMPLETED,T,false,,"You generate concrete values for nondeterministic inputs in a C/C++ program.
Your goal is to produce ONE complete assignment set that is likely to make the program not terminate.

Important rules:
1. Return a value for EVERY listed nondeterministic input ID.
2. Use each ID exactly once.
3. Respect the declared C/C++ type.
4. For an array, return the value as an array containing exactly the required number of elements.
5. For char arrays, each element must be exactly one character. Return the character itself without C single quotes.
6. Prefer small-magnitude values unless larger values are necessary to achieve the requested execution behavior.

Nondeterministic inputs:
- id: main:array:1, type: char, array: true, size: 101, required elements: 101

Previously generated assignment sets are listed below. Generate a materially different set and do not duplicate any of them.
Previous 1: main:array:1={'a','a','a','a','a','a','a','a','a','a','a','a','a','a','a','a','a','a','a','a','a','a','a','a','a','a','a','a','a','a','a','a','a','a','a','a','a','a','a','a','a','a','a','a','a','a','a','a','a','a','a','a','a','a','a','a','a','a','a','a','a','a','a','a','a','a','a','a','a','a','a','a','a','a','a','a','a','a','a','a','a','a','a','a','a','a','a','a','a','a','a','a','a','a','a','a','a','a','a','a','a'}; 
Previous 2: main:array:1={'}','b','b','b','b','b','b','b','b','b','b','b','b','b','b','b','b','b','b','b','b','b','b','b','b','b','b','b','b','b','b','b','b','b','b','b','b','b','b','b','b','b','b','b','b','b','b','b','b','b','b','b','b','b','b','b','b','b','b','b','b','b','b','b','b','b','b','b','b','b','b','b','b','b','b','b','b','b','b','b','b','b','b','b','b','b','b','b','b','b','b','b','b','b','b','b','b','b','b','b','b'}; 
Previous 3: main:array:1={'}','a','a','a','a','a','a','a','a','a','a','a','a','a','a','a','a','a','a','a','a','a','a','a','a','a','a','a','a','a','a','a','a','a','a','a','a','a','a','a','a','a','a','a','a','a','a','a','a','a','a','a','a','a','a','a','a','a','a','a','a','a','a','a','a','a','a','a','a','a','a','a','a','a','a','a','a','a','a','a','a','a','a','a','a','a','a','a','a','a','a','a','a','a','a','a','a','a','a','a','a'}; 
Previous 4: main:array:1={'b','b','b','b','b','b','b','b','b','b','b','b','b','b','b','b','b','b','b','b','b','b','b','b','b','b','b','b','b','b','b','b','b','b','b','b','b','b','b','b','b','b','b','b','b','b','b','b','b','b','}','c','c','c','c','c','c','c','c','c','c','c','c','c','c','c','c','c','c','c','c','c','c','c','c','c','c','c','c','c','c','c','c','c','c','c','c','c','c','c','x','x','x','x','x','x','x','x','x','x','x'}; 
Previous 5: main:array:1={'\'','}','\'','\'','c','\'','\'','c','\'','\'','c','\'','\'','c','\'','\'','c','\'','\'','c','\'','\'','c','\'','\'','c','\'','\'','c','\'','\'','c','\'','\'','c','\'','\'','c','\'','\'','c','\'','\'','c','\'','\'','c','\'','\'','c','\'','\'','c','\'','\'','c','\'','\'','c','\'','\'','c','\'','\'','c','\'','\'','c','\'','\'','c','\'','\'','c','\'','\'','c','\'','\'','c','\'','\'','c','\'','\'','c','\'','\'','c','\'','\'','c','\'','\'','c','\'','\'','c','\'','\'','c'}; 
Previous 6: main:array:1={'\'','\'','\'','\'','\'','\'','\'','\'','\'','\'','\'','\'','\'','\'','\'','\'','\'','\'','\'','\'','\'','\'','\'','\'','\'','\'','\'','\'','\'','\'','\'','\'','\'','\'','\'','\'','\'','\'','\'','\'','\'','\'','\'','\'','\'','\'','\'','\'','\'','\'','\'','\'','\'','\'','\'','\'','\'','\'','\'','\'','\'','\'','\'','\'','\'','\'','\'','\'','\'','\'','\'','\'','\'','\'','\'','\'','\'','\'','\'','\'','\'','\'','\'','\'','\'','\'','\'','\'','\'','\'','\'','\'','\'','\'','\'','\'','\'','\'','\'','\'','\''}; 
Previous 7: main:array:1={'A','B','C','D','E','F','G','H','I','J','K','L','M','N','O','P','Q','R','S','T','U','V','W','X','Y','Z','a','b','c','d','e','f','g','h','i','j','k','l','m','n','o','p','q','r','s','t','u','v','w','x','y','z','0','1','2','3','4','5','6','7','8','9','!','?','.',',','-','_','/','/','|','@','#','$','%','^','&','*','(',')','{','[',']','`','~','>','<',':',';','`','\'',' ','!','?','.',',','%','+','=','/','/'}; 
Previous 8: main:array:1={'0','0','0','0','0','0','0','0','0','0','0','0','0','0','0','0','0','0','0','0','0','0','0','0','0','0','0','0','0','0','0','0','0','0','0','0','0','0','0','0','0','0','0','0','0','0','0','0','0','0','0','0','0','0','0','0','0','0','0','0','0','0','0','0','0','0','0','0','0','0','0','0','0','0','0','0','0','0','0','0','0','0','0','0','0','0','0','0','0','0','0','0','0','0','0','0','0','0','0','0','0'}; 
Previous 9: main:array:1={'a','b','a','b','a','b','a','b','a','b','a','b','a','b','a','b','a','b','a','b','a','b','a','b','a','b','a','b','a','b','a','b','a','b','a','b','a','b','a','b','a','b','a','b','a','b','a','b','a','b','a','b','a','b','a','b','a','b','a','b','a','b','a','b','a','b','a','b','a','b','a','b','a','b','a','b','a','b','a','b','a','b','a','b','a','b','a','b','a','b','a','b','a','b','a','b','a','b','a','b','a'}; 
Previous 10: main:array:1={'\'','A','\'','B','\'','C','\'','D','\'','E','\'','F','\'','G','\'','H','\'','I','\'','J','\'','K','\'','L','\'','M','\'','N','\'','O','\'','P','\'','Q','\'','R','\'','S','\'','T','\'','U','\'','V','\'','W','\'','X','\'','Y','\'','Z','\'','a','\'','b','\'','c','\'','d','\'','e','\'','f','\'','g','\'','h','\'','i','\'','j','\'','k','\'','l','\'','m','\'','n','\'','o','\'','p','\'','q','\'','r','\'','s','\'','t','\'','u','\'','v','\'','w','\'','x','\''}; 
Previous 11: main:array:1={':','-','a','a','a','a','a','a','a','a','a','a','a','a','a','a','a','a','a','a','a','a','a','a','a','a','a','a','a','a','a','a','a','a','a','a','a','a','a','a','a','a','a','a','a','a','a','a','a','a','a','a','a','a','a','a','a','a','a','a','a','a','a','a','a','a','a','a','a','a','a','a','a','a','a','a','a','a','a','a','a','a','a','a','a','a','a','a','a','a','a','a','a','a','a','a','a','a','a','a','a'}; 
Previous 12: main:array:1={'x','x','x','x','x','x','x','x','x','x','x','x','x','x','x','x','x','x','x','x','x','x','x','x','x','x','x','x','x','x','x','x','x','x','x','x','x','x','x','x','x','x','x','x','x','x','x','x','x','x','x','x','x','x','x','x','x','x','x','x','x','x','x','x','x','x','x','x','x','x','x','x','x','x','x','x','x','x','x','x','x','x','x','x','x','x','x','x','x','x','x','x','x','x','x','x','x','x','x','x','x'}; 
Previous 13: main:array:1={':','b','a','a','a','a','a','a','a','a','a','a','a','a','a','a','a','a','a','a','a','a','a','a','a','a','a','a','a','a','a','a','a','a','a','a','a','a','a','a','a','a','a','a','a','a','a','a','a','a','a','a','a','a','a','a','a','a','a','a','a','a','a','a','a','a','a','a','a','a','a','a','a','a','a','a','a','a','a','a','a','a','a','a','a','a','a','a','a','a','a','a','a','a','a','a','a','a','a','a','a'}; 
Previous 14: main:array:1={'\'','\'',':','\'','a','\'','b','\'','b','\'','b','\'','b','\'','b','\'','b','\'','b','\'','b','\'','b','\'','b','\'','b','\'','b','\'','b','\'','b','\'','b','\'','b','\'','b','\'','b','\'','b','\'','b','\'','b','\'','b','\'','b','\'','b','\'','b','\'','b','\'','b','\'','b','\'','b','\'','b','\'','b','\'','b','\'','b','\'','b','\'','b','\'','b','\'','b','\'','b','\'','b','\'','b','\'','b','\'','b','\'','b','\'','b','\'','b','\'','b','\'','b','\'','b'}; 
Previous 15: main:array:1={'a','a','a','a','a','a','a','a','a','a','a','a','a','a','a','a','a','a','a','a','a','a','a','a','a','a','a','a','a','a','a','a','a','a','a','a','a','a','a','a','a','a','a','a','a','a','a','a','a','a','a','a','a','a','a','a','a','a','a','a','a','a','a','a','a','a','a','a','a','a','a','a','a','a','a','a','a','a','a','a','a','a','a','a','a','a','a','a','a','a','a','a','a','a','a','a','a','a',':','0','0'}; 
Previous 16: main:array:1={'z','z','z','z','z','z','z','z','z','z','z','z','z','z','z','z','z','z','z','z','z','z','z','z','z','z','z','z','z','z','z','z','z','z','z','z','z','z','z','z','z','z','z','z','z','z','z','z','z','z','z','z','z','z','z','z','z','z','z','z','z','z','z','z','z','z','z','z','z','z','z','z','z','z','z','z','z','z','z','z','z','z','z','z','z','z','z','z','z','z','z','z','z','z','z','z','z','z','z','z','z'}; 
Previous 17: main:array:1={'!','!','!','!','!','!','!','!','!','!','!','!','!','!','!','!','!','!','!','!','!','!','!','!','!','!','!','!','!','!','!','!','!','!','!','!','!','!','!','!','!','!','!','!','!','!','!','!','!','!','!','!','!','!','!','!','!','!','!','!','!','!','!','!','!','!','!','!','!','!','!','!','!','!','!','!','!','!','!','!','!','!','!','!','!','!','!','!','!','!','!','!','!','!','!','!','!','!','!','!','!'}; 
Previous 18: main:array:1={'a','a','a','a','a','a','a','a','a','a','a','a','a','a','a','a','a','a','a','a','a','a','a','a','a','a','a','a','a','a','a','a','a','a','a','a','a','a','a','a','a','a','a','a','a','a','a','a','a','a','a','a','a','a','a','a','a','a','a','a','a','a','a','a','a','a','a','a','a','a','a','a','a','a','a','a','a','a','a','a','a','a','a','a','a','a','a','a','a','a','a','a','a','a','a','a','a','a','b','b','b'}; 
Previous 19: main:array:1={'A','B','C','D','E','F','G','H','I','J','K','L','M','N','O','P','Q','R','S','T','U','V','W','X','Y','Z','A','B','C','D','E','F','G','H','I','J','K','L','M','N','O','P','Q','R','S','T','U','V','W','X','Y','Z','A','B','C','D','E','F','G','H','I','J','K','L','M','N','O','P','Q','R','S','T','U','V','W','X','Y','Z','A','B','C','D','E','F','G','H','I','J','K','L','M','N','O','P','Q','R','S','T','U','V','W'}; 
Previous 20: main:array:1={'H','e','l','l','o','W','o','r','l','d','H','e','l','l','o','W','o','r','l','d','H','e','l','l','o','W','o','r','l','d','H','e','l','l','o','W','o','r','l','d','H','e','l','l','o','W','o','r','l','d','H','e','l','l','o','W','o','r','l','d','H','e','l','l','o','W','o','r','l','d','H','e','l','l','o','W','o','r','l','d','H','e','l','l','o','W','o','r','l','d','H','e','l','l','o','W','o','r','l','d','H'}; 
Previous 21: main:array:1={':','A','a','a','a','a','a','a','a','a','a','a','a','a','a','a','a','a','a','a','a','a','a','a','a','a','a','a','a','a','a','a','a','a','a','a','a','a','a','a','a','a','a','a','a','a','a','a','a','a','a','a','a','a','a','a','a','a','a','a','a','a','a','a','a','a','a','a','a','a','a','a','a','a','a','a','a','a','a','a','a','a','a','a','a','a','a','a','a','a','a','a','a','a','a','a','a','a','a','a','a'}; 
Previous 22: main:array:1={'m','n','o','p','q','r','s','t','u','v','m','n','o','p','q','r','s','t','u','v','m','n','o','p','q','r','s','t','u','v','m','n','o','p','q','r','s','t','u','v','m','n','o','p','q','r','s','t','u','v','m','n','o','p','q','r','s','t','u','v','m','n','o','p','q','r','s','t','u','v','m','n','o','p','q','r','s','t','u','v','m','n','o','p','q','r','s','t','u','v','m','n','o','p','q','r','s','t','u','v','m'}; 
Previous 23: main:array:1={'a','a','a','a','a','a','a','a','a','a','a','a','a','a','a','a','a','a','a','a','a','a','a','a','a','a','a','a','a','a','a','a','a','a','a','a','a','a','a','a','a','a','a','a','a','a','a','a','a','a','a','a','a','a','a','a','a','a','a','a','a','a','a','a','a','a','a','a','a','a','a','a','a','a','a','a','a','a','a','a','a','a','a','a','a','a','a','a','a','a','a','a','a','a','a','a','a','a','a','a','b'}; 
Previous 24: main:array:1={'-','-','-','-','-','-','-','-','-','-','-','-','-','-','-','-','-','-','-','-','-','-','-','-','-','-','-','-','-','-','-','-','-','-','-','-','-','-','-','-','-','-','-','-','-','-','-','-','-','-','-','-','-','-','-','-','-','-','-','-','-','-','-','-','-','-','-','-','-','-','-','-','-','-','-','-','-','-','-','-','-','-','-','-','-','-','-','-','-','-','-','-','-','-','-','-','-','-','-','-','-'}; 
Previous 25: main:array:1={'A','B','C','D','E','F','G','H','I','J','K','L','M','N','O','P','Q','R','S','T','U','V','W','X','Y','Z','a','b','c','d','e','f','g','h','i','j','k','l','m','n','o','p','q','r','s','t','u','v','w','x','y','z','0','1','2','3','4','5','6','7','8','9','!','@','#','$','%','^','&','*','(',')','-','=','+','[',']','{',';',';',',','.','<','>','?','/',';','~','\'','`','^','+','+','?','/',';','~','\'','`','^','+'}; 
Previous 26: main:array:1={'\'','A','\'','A','\'','A','\'','A','\'','A','\'','A','\'','A','\'','A','\'','A','\'','A','\'','A','\'','A','\'','A','\'','A','\'','A','\'','A','\'','A','\'','A','\'','A','\'','A','\'','A','\'','A','\'','A','\'','A','\'','A','\'','A','\'','A','\'','A','\'','A','\'','A','\'','A','\'','A','\'','A','\'','A','\'','A','\'','A','\'','A','\'','A','\'','A','\'','A','\'','A','\'','A','\'','A','\'','A','\'','A','\'','A','\'','A','\'','A','\'','A','\'','A','\''}; 
Previous 27: main:array:1={'O','O','O','O','O','O','O','O','O','O','O','O','O','O','O','O','O','O','O','O','O','O','O','O','O','O','O','O','O','O','O','O','O','O','O','O','O','O','O','O','O','O','O','O','O','O','O','O','O','O','O','O','O','O','O','O','O','O','O','O','O','O','O','O','O','O','O','O','O','O','O','O','O','O','O','O','O','O','O','O','O','O','O','O','O','O','O','O','O','O','O','O','O','O','O','O','O','O','O','O','O'}; 
Previous 28: main:array:1={'?','?','?','?','?','?','?','?','?','?','?','?','?','?','?','?','?','?','?','?','?','?','?','?','?','?','?','?','?','?','?','?','?','?','?','?','?','?','?','?','?','?','?','?','?','?','?','?','?','?','?','?','?','?','?','?','?','?','?','?','?','?','?','?','?','?','?','?','?','?','?','?','?','?','?','?','?','?','?','?','?','?','?','?','?','?','?','?','?','?','?','?','?','?','?','?','?','?','?','?','?'}; 
Previous 29: main:array:1={':','a','b','b','b','b','b','b','b','b','b','b','b','b','b','b','b','b','b','b','b','b','b','b','b','b','b','b','b','b','b','b','b','b','b','b','b','b','b','b','b','b','b','b','b','b','b','b','b','b','b','b','b','b','b','b','b','b','b','b','b','b','b','b','b','b','b','b','b','b','b','b','b','b','b','b','b','b','b','b','b','b','b','b','b','b','b','b','b','b','b','b','b','b','b','b','b','b','b','b','b'}; 
Previous 30: main:array:1={'a','a','a','a','a','a','a','a','a','a','a','a','a','a','a','a','a','a','a','a','a','a','a','a','a','a','a','a','a','a','a','a','a','a','a','a','a','a','a','a','a','a','a','a','a','a','a','a','a','a','a','a','a','a','a','a','a','a','a','a','b','b','b','b','b','b','b','b','b','b','b','b','b','b','b','b','b','b','b','b','b','b','b','b','b','b','b','b','b','b','b','b','b','b','b','b','b','b','b','b','b'}; 
Previous 31: main:array:1={'a','a','a','a','a','a','a','a','a','a','a','a','a','a','a','a','a','a','a','a','a','a','a','a','a','a','a','a','a','a','a','a','a','a','a','a','a','a','a','a','a','a','a','a','a','a','a','a','a','a','b','b','b','b','b','b','b','b','b','b','b','b','b','b','b','b','b','b','b','b','b','b','b','b','b','b','b','b','b','b','0','0','0','0','0','0','0','0','0','0','0','0','0','0','0','0','0','0','0','0','0'}; 

Program:
extern char __VERIFIER_nondet_char(void);
/*
Commit Number: e6801c90311679fc0854af73da95fe58079c59f4
URL: https://github.com/FreeRADIUS/freeradius-server/commit/e6801c90311679fc0854af73da95fe58079c59f4
Project Name: freeradius-serve
License: GPL2
termination: false


*/
int main()
{
    int stop = 0;
    char array[101];
    for( int i = 0 ; i < 100 ; i++ )
        array[i] =  __VERIFIER_nondet_char();
    array[100] = 0;
    char* p = array;
    while( (*p) && (!stop) )
    {
        switch(*p){
        case '}':
            stop = 1;
            break;

        case ':':
            if( *(p+1) && (*(p+1) == '-')){
                p += 2;
                stop = 1;
            }
            break;
        default:
            p++;
        }
    }
    return 0;
}

"
39,NT,"main:array:1={'b','b','b','b','b','b','b','b','b','b','b','b','b','b','b','b','b','b','b','b','b','b','b','b','b','b','b','b','b','b','b','b','b','b','b','b','b','b','b','b','b','b','b','b','b','b','b','b','b','b','b','b','b','b','b','b','b','b','b','b','b','b','b','b','b','b','b','b','b','b','b','b','b','b','b','b','b','b','b','b','b','b','b','b','b','b','b','b','b','b','b','b','b','b','b','b','b','b','b','b','b'}
",,COMPLETED,T,false,,"You generate concrete values for nondeterministic inputs in a C/C++ program.
Your goal is to produce ONE complete assignment set that is likely to make the program not terminate.

Important rules:
1. Return a value for EVERY listed nondeterministic input ID.
2. Use each ID exactly once.
3. Respect the declared C/C++ type.
4. For an array, return the value as an array containing exactly the required number of elements.
5. For char arrays, each element must be exactly one character. Return the character itself without C single quotes.
6. Prefer small-magnitude values unless larger values are necessary to achieve the requested execution behavior.

Nondeterministic inputs:
- id: main:array:1, type: char, array: true, size: 101, required elements: 101

Previously generated assignment sets are listed below. Generate a materially different set and do not duplicate any of them.
Previous 1: main:array:1={'a','a','a','a','a','a','a','a','a','a','a','a','a','a','a','a','a','a','a','a','a','a','a','a','a','a','a','a','a','a','a','a','a','a','a','a','a','a','a','a','a','a','a','a','a','a','a','a','a','a','a','a','a','a','a','a','a','a','a','a','a','a','a','a','a','a','a','a','a','a','a','a','a','a','a','a','a','a','a','a','a','a','a','a','a','a','a','a','a','a','a','a','a','a','a','a','a','a','a','a','a'}; 
Previous 2: main:array:1={'}','b','b','b','b','b','b','b','b','b','b','b','b','b','b','b','b','b','b','b','b','b','b','b','b','b','b','b','b','b','b','b','b','b','b','b','b','b','b','b','b','b','b','b','b','b','b','b','b','b','b','b','b','b','b','b','b','b','b','b','b','b','b','b','b','b','b','b','b','b','b','b','b','b','b','b','b','b','b','b','b','b','b','b','b','b','b','b','b','b','b','b','b','b','b','b','b','b','b','b','b'}; 
Previous 3: main:array:1={'}','a','a','a','a','a','a','a','a','a','a','a','a','a','a','a','a','a','a','a','a','a','a','a','a','a','a','a','a','a','a','a','a','a','a','a','a','a','a','a','a','a','a','a','a','a','a','a','a','a','a','a','a','a','a','a','a','a','a','a','a','a','a','a','a','a','a','a','a','a','a','a','a','a','a','a','a','a','a','a','a','a','a','a','a','a','a','a','a','a','a','a','a','a','a','a','a','a','a','a','a'}; 
Previous 4: main:array:1={'b','b','b','b','b','b','b','b','b','b','b','b','b','b','b','b','b','b','b','b','b','b','b','b','b','b','b','b','b','b','b','b','b','b','b','b','b','b','b','b','b','b','b','b','b','b','b','b','b','b','}','c','c','c','c','c','c','c','c','c','c','c','c','c','c','c','c','c','c','c','c','c','c','c','c','c','c','c','c','c','c','c','c','c','c','c','c','c','c','c','x','x','x','x','x','x','x','x','x','x','x'}; 
Previous 5: main:array:1={'\'','}','\'','\'','c','\'','\'','c','\'','\'','c','\'','\'','c','\'','\'','c','\'','\'','c','\'','\'','c','\'','\'','c','\'','\'','c','\'','\'','c','\'','\'','c','\'','\'','c','\'','\'','c','\'','\'','c','\'','\'','c','\'','\'','c','\'','\'','c','\'','\'','c','\'','\'','c','\'','\'','c','\'','\'','c','\'','\'','c','\'','\'','c','\'','\'','c','\'','\'','c','\'','\'','c','\'','\'','c','\'','\'','c','\'','\'','c','\'','\'','c','\'','\'','c','\'','\'','c','\'','\'','c'}; 
Previous 6: main:array:1={'\'','\'','\'','\'','\'','\'','\'','\'','\'','\'','\'','\'','\'','\'','\'','\'','\'','\'','\'','\'','\'','\'','\'','\'','\'','\'','\'','\'','\'','\'','\'','\'','\'','\'','\'','\'','\'','\'','\'','\'','\'','\'','\'','\'','\'','\'','\'','\'','\'','\'','\'','\'','\'','\'','\'','\'','\'','\'','\'','\'','\'','\'','\'','\'','\'','\'','\'','\'','\'','\'','\'','\'','\'','\'','\'','\'','\'','\'','\'','\'','\'','\'','\'','\'','\'','\'','\'','\'','\'','\'','\'','\'','\'','\'','\'','\'','\'','\'','\'','\'','\''}; 
Previous 7: main:array:1={'A','B','C','D','E','F','G','H','I','J','K','L','M','N','O','P','Q','R','S','T','U','V','W','X','Y','Z','a','b','c','d','e','f','g','h','i','j','k','l','m','n','o','p','q','r','s','t','u','v','w','x','y','z','0','1','2','3','4','5','6','7','8','9','!','?','.',',','-','_','/','/','|','@','#','$','%','^','&','*','(',')','{','[',']','`','~','>','<',':',';','`','\'',' ','!','?','.',',','%','+','=','/','/'}; 
Previous 8: main:array:1={'0','0','0','0','0','0','0','0','0','0','0','0','0','0','0','0','0','0','0','0','0','0','0','0','0','0','0','0','0','0','0','0','0','0','0','0','0','0','0','0','0','0','0','0','0','0','0','0','0','0','0','0','0','0','0','0','0','0','0','0','0','0','0','0','0','0','0','0','0','0','0','0','0','0','0','0','0','0','0','0','0','0','0','0','0','0','0','0','0','0','0','0','0','0','0','0','0','0','0','0','0'}; 
Previous 9: main:array:1={'a','b','a','b','a','b','a','b','a','b','a','b','a','b','a','b','a','b','a','b','a','b','a','b','a','b','a','b','a','b','a','b','a','b','a','b','a','b','a','b','a','b','a','b','a','b','a','b','a','b','a','b','a','b','a','b','a','b','a','b','a','b','a','b','a','b','a','b','a','b','a','b','a','b','a','b','a','b','a','b','a','b','a','b','a','b','a','b','a','b','a','b','a','b','a','b','a','b','a','b','a'}; 
Previous 10: main:array:1={'\'','A','\'','B','\'','C','\'','D','\'','E','\'','F','\'','G','\'','H','\'','I','\'','J','\'','K','\'','L','\'','M','\'','N','\'','O','\'','P','\'','Q','\'','R','\'','S','\'','T','\'','U','\'','V','\'','W','\'','X','\'','Y','\'','Z','\'','a','\'','b','\'','c','\'','d','\'','e','\'','f','\'','g','\'','h','\'','i','\'','j','\'','k','\'','l','\'','m','\'','n','\'','o','\'','p','\'','q','\'','r','\'','s','\'','t','\'','u','\'','v','\'','w','\'','x','\''}; 
Previous 11: main:array:1={':','-','a','a','a','a','a','a','a','a','a','a','a','a','a','a','a','a','a','a','a','a','a','a','a','a','a','a','a','a','a','a','a','a','a','a','a','a','a','a','a','a','a','a','a','a','a','a','a','a','a','a','a','a','a','a','a','a','a','a','a','a','a','a','a','a','a','a','a','a','a','a','a','a','a','a','a','a','a','a','a','a','a','a','a','a','a','a','a','a','a','a','a','a','a','a','a','a','a','a','a'}; 
Previous 12: main:array:1={'x','x','x','x','x','x','x','x','x','x','x','x','x','x','x','x','x','x','x','x','x','x','x','x','x','x','x','x','x','x','x','x','x','x','x','x','x','x','x','x','x','x','x','x','x','x','x','x','x','x','x','x','x','x','x','x','x','x','x','x','x','x','x','x','x','x','x','x','x','x','x','x','x','x','x','x','x','x','x','x','x','x','x','x','x','x','x','x','x','x','x','x','x','x','x','x','x','x','x','x','x'}; 
Previous 13: main:array:1={':','b','a','a','a','a','a','a','a','a','a','a','a','a','a','a','a','a','a','a','a','a','a','a','a','a','a','a','a','a','a','a','a','a','a','a','a','a','a','a','a','a','a','a','a','a','a','a','a','a','a','a','a','a','a','a','a','a','a','a','a','a','a','a','a','a','a','a','a','a','a','a','a','a','a','a','a','a','a','a','a','a','a','a','a','a','a','a','a','a','a','a','a','a','a','a','a','a','a','a','a'}; 
Previous 14: main:array:1={'\'','\'',':','\'','a','\'','b','\'','b','\'','b','\'','b','\'','b','\'','b','\'','b','\'','b','\'','b','\'','b','\'','b','\'','b','\'','b','\'','b','\'','b','\'','b','\'','b','\'','b','\'','b','\'','b','\'','b','\'','b','\'','b','\'','b','\'','b','\'','b','\'','b','\'','b','\'','b','\'','b','\'','b','\'','b','\'','b','\'','b','\'','b','\'','b','\'','b','\'','b','\'','b','\'','b','\'','b','\'','b','\'','b','\'','b','\'','b','\'','b','\'','b','\'','b'}; 
Previous 15: main:array:1={'a','a','a','a','a','a','a','a','a','a','a','a','a','a','a','a','a','a','a','a','a','a','a','a','a','a','a','a','a','a','a','a','a','a','a','a','a','a','a','a','a','a','a','a','a','a','a','a','a','a','a','a','a','a','a','a','a','a','a','a','a','a','a','a','a','a','a','a','a','a','a','a','a','a','a','a','a','a','a','a','a','a','a','a','a','a','a','a','a','a','a','a','a','a','a','a','a','a',':','0','0'}; 
Previous 16: main:array:1={'z','z','z','z','z','z','z','z','z','z','z','z','z','z','z','z','z','z','z','z','z','z','z','z','z','z','z','z','z','z','z','z','z','z','z','z','z','z','z','z','z','z','z','z','z','z','z','z','z','z','z','z','z','z','z','z','z','z','z','z','z','z','z','z','z','z','z','z','z','z','z','z','z','z','z','z','z','z','z','z','z','z','z','z','z','z','z','z','z','z','z','z','z','z','z','z','z','z','z','z','z'}; 
Previous 17: main:array:1={'!','!','!','!','!','!','!','!','!','!','!','!','!','!','!','!','!','!','!','!','!','!','!','!','!','!','!','!','!','!','!','!','!','!','!','!','!','!','!','!','!','!','!','!','!','!','!','!','!','!','!','!','!','!','!','!','!','!','!','!','!','!','!','!','!','!','!','!','!','!','!','!','!','!','!','!','!','!','!','!','!','!','!','!','!','!','!','!','!','!','!','!','!','!','!','!','!','!','!','!','!'}; 
Previous 18: main:array:1={'a','a','a','a','a','a','a','a','a','a','a','a','a','a','a','a','a','a','a','a','a','a','a','a','a','a','a','a','a','a','a','a','a','a','a','a','a','a','a','a','a','a','a','a','a','a','a','a','a','a','a','a','a','a','a','a','a','a','a','a','a','a','a','a','a','a','a','a','a','a','a','a','a','a','a','a','a','a','a','a','a','a','a','a','a','a','a','a','a','a','a','a','a','a','a','a','a','a','b','b','b'}; 
Previous 19: main:array:1={'A','B','C','D','E','F','G','H','I','J','K','L','M','N','O','P','Q','R','S','T','U','V','W','X','Y','Z','A','B','C','D','E','F','G','H','I','J','K','L','M','N','O','P','Q','R','S','T','U','V','W','X','Y','Z','A','B','C','D','E','F','G','H','I','J','K','L','M','N','O','P','Q','R','S','T','U','V','W','X','Y','Z','A','B','C','D','E','F','G','H','I','J','K','L','M','N','O','P','Q','R','S','T','U','V','W'}; 
Previous 20: main:array:1={'H','e','l','l','o','W','o','r','l','d','H','e','l','l','o','W','o','r','l','d','H','e','l','l','o','W','o','r','l','d','H','e','l','l','o','W','o','r','l','d','H','e','l','l','o','W','o','r','l','d','H','e','l','l','o','W','o','r','l','d','H','e','l','l','o','W','o','r','l','d','H','e','l','l','o','W','o','r','l','d','H','e','l','l','o','W','o','r','l','d','H','e','l','l','o','W','o','r','l','d','H'}; 
Previous 21: main:array:1={':','A','a','a','a','a','a','a','a','a','a','a','a','a','a','a','a','a','a','a','a','a','a','a','a','a','a','a','a','a','a','a','a','a','a','a','a','a','a','a','a','a','a','a','a','a','a','a','a','a','a','a','a','a','a','a','a','a','a','a','a','a','a','a','a','a','a','a','a','a','a','a','a','a','a','a','a','a','a','a','a','a','a','a','a','a','a','a','a','a','a','a','a','a','a','a','a','a','a','a','a'}; 
Previous 22: main:array:1={'m','n','o','p','q','r','s','t','u','v','m','n','o','p','q','r','s','t','u','v','m','n','o','p','q','r','s','t','u','v','m','n','o','p','q','r','s','t','u','v','m','n','o','p','q','r','s','t','u','v','m','n','o','p','q','r','s','t','u','v','m','n','o','p','q','r','s','t','u','v','m','n','o','p','q','r','s','t','u','v','m','n','o','p','q','r','s','t','u','v','m','n','o','p','q','r','s','t','u','v','m'}; 
Previous 23: main:array:1={'a','a','a','a','a','a','a','a','a','a','a','a','a','a','a','a','a','a','a','a','a','a','a','a','a','a','a','a','a','a','a','a','a','a','a','a','a','a','a','a','a','a','a','a','a','a','a','a','a','a','a','a','a','a','a','a','a','a','a','a','a','a','a','a','a','a','a','a','a','a','a','a','a','a','a','a','a','a','a','a','a','a','a','a','a','a','a','a','a','a','a','a','a','a','a','a','a','a','a','a','b'}; 
Previous 24: main:array:1={'-','-','-','-','-','-','-','-','-','-','-','-','-','-','-','-','-','-','-','-','-','-','-','-','-','-','-','-','-','-','-','-','-','-','-','-','-','-','-','-','-','-','-','-','-','-','-','-','-','-','-','-','-','-','-','-','-','-','-','-','-','-','-','-','-','-','-','-','-','-','-','-','-','-','-','-','-','-','-','-','-','-','-','-','-','-','-','-','-','-','-','-','-','-','-','-','-','-','-','-','-'}; 
Previous 25: main:array:1={'A','B','C','D','E','F','G','H','I','J','K','L','M','N','O','P','Q','R','S','T','U','V','W','X','Y','Z','a','b','c','d','e','f','g','h','i','j','k','l','m','n','o','p','q','r','s','t','u','v','w','x','y','z','0','1','2','3','4','5','6','7','8','9','!','@','#','$','%','^','&','*','(',')','-','=','+','[',']','{',';',';',',','.','<','>','?','/',';','~','\'','`','^','+','+','?','/',';','~','\'','`','^','+'}; 
Previous 26: main:array:1={'\'','A','\'','A','\'','A','\'','A','\'','A','\'','A','\'','A','\'','A','\'','A','\'','A','\'','A','\'','A','\'','A','\'','A','\'','A','\'','A','\'','A','\'','A','\'','A','\'','A','\'','A','\'','A','\'','A','\'','A','\'','A','\'','A','\'','A','\'','A','\'','A','\'','A','\'','A','\'','A','\'','A','\'','A','\'','A','\'','A','\'','A','\'','A','\'','A','\'','A','\'','A','\'','A','\'','A','\'','A','\'','A','\'','A','\'','A','\'','A','\'','A','\'','A','\''}; 
Previous 27: main:array:1={'O','O','O','O','O','O','O','O','O','O','O','O','O','O','O','O','O','O','O','O','O','O','O','O','O','O','O','O','O','O','O','O','O','O','O','O','O','O','O','O','O','O','O','O','O','O','O','O','O','O','O','O','O','O','O','O','O','O','O','O','O','O','O','O','O','O','O','O','O','O','O','O','O','O','O','O','O','O','O','O','O','O','O','O','O','O','O','O','O','O','O','O','O','O','O','O','O','O','O','O','O'}; 
Previous 28: main:array:1={'?','?','?','?','?','?','?','?','?','?','?','?','?','?','?','?','?','?','?','?','?','?','?','?','?','?','?','?','?','?','?','?','?','?','?','?','?','?','?','?','?','?','?','?','?','?','?','?','?','?','?','?','?','?','?','?','?','?','?','?','?','?','?','?','?','?','?','?','?','?','?','?','?','?','?','?','?','?','?','?','?','?','?','?','?','?','?','?','?','?','?','?','?','?','?','?','?','?','?','?','?'}; 
Previous 29: main:array:1={':','a','b','b','b','b','b','b','b','b','b','b','b','b','b','b','b','b','b','b','b','b','b','b','b','b','b','b','b','b','b','b','b','b','b','b','b','b','b','b','b','b','b','b','b','b','b','b','b','b','b','b','b','b','b','b','b','b','b','b','b','b','b','b','b','b','b','b','b','b','b','b','b','b','b','b','b','b','b','b','b','b','b','b','b','b','b','b','b','b','b','b','b','b','b','b','b','b','b','b','b'}; 
Previous 30: main:array:1={'a','a','a','a','a','a','a','a','a','a','a','a','a','a','a','a','a','a','a','a','a','a','a','a','a','a','a','a','a','a','a','a','a','a','a','a','a','a','a','a','a','a','a','a','a','a','a','a','a','a','a','a','a','a','a','a','a','a','a','a','b','b','b','b','b','b','b','b','b','b','b','b','b','b','b','b','b','b','b','b','b','b','b','b','b','b','b','b','b','b','b','b','b','b','b','b','b','b','b','b','b'}; 
Previous 31: main:array:1={'a','a','a','a','a','a','a','a','a','a','a','a','a','a','a','a','a','a','a','a','a','a','a','a','a','a','a','a','a','a','a','a','a','a','a','a','a','a','a','a','a','a','a','a','a','a','a','a','a','a','b','b','b','b','b','b','b','b','b','b','b','b','b','b','b','b','b','b','b','b','b','b','b','b','b','b','b','b','b','b','0','0','0','0','0','0','0','0','0','0','0','0','0','0','0','0','0','0','0','0','0'}; 
Previous 32: main:array:1={'\'','a','\'','b','\'','c','\'','a','\'','b','\'','c','\'','a','\'','b','\'','c','\'','a','\'','b','\'','c','\'','a','\'','b','\'','c','\'','a','\'','b','\'','c','\'','a','\'','b','\'','c','\'','a','\'','b','\'','c','\'','a','\'','b','\'','c','\'','a','\'','b','\'','c','\'','a','\'','b','\'','c','\'','a','\'','b','\'','c','\'','a','\'','b','\'','c','\'','a','\'','b','\'','c','\'','a','\'','b','\'','c','\'','a','\'','b','\'','c','\'','a','\'','b','\''}; 

Program:
extern char __VERIFIER_nondet_char(void);
/*
Commit Number: e6801c90311679fc0854af73da95fe58079c59f4
URL: https://github.com/FreeRADIUS/freeradius-server/commit/e6801c90311679fc0854af73da95fe58079c59f4
Project Name: freeradius-serve
License: GPL2
termination: false


*/
int main()
{
    int stop = 0;
    char array[101];
    for( int i = 0 ; i < 100 ; i++ )
        array[i] =  __VERIFIER_nondet_char();
    array[100] = 0;
    char* p = array;
    while( (*p) && (!stop) )
    {
        switch(*p){
        case '}':
            stop = 1;
            break;

        case ':':
            if( *(p+1) && (*(p+1) == '-')){
                p += 2;
                stop = 1;
            }
            break;
        default:
            p++;
        }
    }
    return 0;
}

"
40,NT,"main:array:1={'a','b','c','a','b','c','a','b','c','a','b','c','a','b','c','a','b','c','a','b','c','a','b','c','a','b','c','a','b','c','a','b','c','a','b','c','a','b','c','a','b','c','a','b','c','a','b','c','a','b','c','a','b','c','a','b','c','a','b','c','a','b','c','a','b','c','a','b','c','a','b','c','a','b','c','a','b','c','a','b','c','a','b','c','a','b','c','a','b','c','a','b','c','a','b','c','a','b','c','x','x'}
",,COMPLETED,T,false,,"You generate concrete values for nondeterministic inputs in a C/C++ program.
Your goal is to produce ONE complete assignment set that is likely to make the program not terminate.

Important rules:
1. Return a value for EVERY listed nondeterministic input ID.
2. Use each ID exactly once.
3. Respect the declared C/C++ type.
4. For an array, return the value as an array containing exactly the required number of elements.
5. For char arrays, each element must be exactly one character. Return the character itself without C single quotes.
6. Prefer small-magnitude values unless larger values are necessary to achieve the requested execution behavior.

Nondeterministic inputs:
- id: main:array:1, type: char, array: true, size: 101, required elements: 101

Previously generated assignment sets are listed below. Generate a materially different set and do not duplicate any of them.
Previous 1: main:array:1={'a','a','a','a','a','a','a','a','a','a','a','a','a','a','a','a','a','a','a','a','a','a','a','a','a','a','a','a','a','a','a','a','a','a','a','a','a','a','a','a','a','a','a','a','a','a','a','a','a','a','a','a','a','a','a','a','a','a','a','a','a','a','a','a','a','a','a','a','a','a','a','a','a','a','a','a','a','a','a','a','a','a','a','a','a','a','a','a','a','a','a','a','a','a','a','a','a','a','a','a','a'}; 
Previous 2: main:array:1={'}','b','b','b','b','b','b','b','b','b','b','b','b','b','b','b','b','b','b','b','b','b','b','b','b','b','b','b','b','b','b','b','b','b','b','b','b','b','b','b','b','b','b','b','b','b','b','b','b','b','b','b','b','b','b','b','b','b','b','b','b','b','b','b','b','b','b','b','b','b','b','b','b','b','b','b','b','b','b','b','b','b','b','b','b','b','b','b','b','b','b','b','b','b','b','b','b','b','b','b','b'}; 
Previous 3: main:array:1={'}','a','a','a','a','a','a','a','a','a','a','a','a','a','a','a','a','a','a','a','a','a','a','a','a','a','a','a','a','a','a','a','a','a','a','a','a','a','a','a','a','a','a','a','a','a','a','a','a','a','a','a','a','a','a','a','a','a','a','a','a','a','a','a','a','a','a','a','a','a','a','a','a','a','a','a','a','a','a','a','a','a','a','a','a','a','a','a','a','a','a','a','a','a','a','a','a','a','a','a','a'}; 
Previous 4: main:array:1={'b','b','b','b','b','b','b','b','b','b','b','b','b','b','b','b','b','b','b','b','b','b','b','b','b','b','b','b','b','b','b','b','b','b','b','b','b','b','b','b','b','b','b','b','b','b','b','b','b','b','}','c','c','c','c','c','c','c','c','c','c','c','c','c','c','c','c','c','c','c','c','c','c','c','c','c','c','c','c','c','c','c','c','c','c','c','c','c','c','c','x','x','x','x','x','x','x','x','x','x','x'}; 
Previous 5: main:array:1={'\'','}','\'','\'','c','\'','\'','c','\'','\'','c','\'','\'','c','\'','\'','c','\'','\'','c','\'','\'','c','\'','\'','c','\'','\'','c','\'','\'','c','\'','\'','c','\'','\'','c','\'','\'','c','\'','\'','c','\'','\'','c','\'','\'','c','\'','\'','c','\'','\'','c','\'','\'','c','\'','\'','c','\'','\'','c','\'','\'','c','\'','\'','c','\'','\'','c','\'','\'','c','\'','\'','c','\'','\'','c','\'','\'','c','\'','\'','c','\'','\'','c','\'','\'','c','\'','\'','c','\'','\'','c'}; 
Previous 6: main:array:1={'\'','\'','\'','\'','\'','\'','\'','\'','\'','\'','\'','\'','\'','\'','\'','\'','\'','\'','\'','\'','\'','\'','\'','\'','\'','\'','\'','\'','\'','\'','\'','\'','\'','\'','\'','\'','\'','\'','\'','\'','\'','\'','\'','\'','\'','\'','\'','\'','\'','\'','\'','\'','\'','\'','\'','\'','\'','\'','\'','\'','\'','\'','\'','\'','\'','\'','\'','\'','\'','\'','\'','\'','\'','\'','\'','\'','\'','\'','\'','\'','\'','\'','\'','\'','\'','\'','\'','\'','\'','\'','\'','\'','\'','\'','\'','\'','\'','\'','\'','\'','\''}; 
Previous 7: main:array:1={'A','B','C','D','E','F','G','H','I','J','K','L','M','N','O','P','Q','R','S','T','U','V','W','X','Y','Z','a','b','c','d','e','f','g','h','i','j','k','l','m','n','o','p','q','r','s','t','u','v','w','x','y','z','0','1','2','3','4','5','6','7','8','9','!','?','.',',','-','_','/','/','|','@','#','$','%','^','&','*','(',')','{','[',']','`','~','>','<',':',';','`','\'',' ','!','?','.',',','%','+','=','/','/'}; 
Previous 8: main:array:1={'0','0','0','0','0','0','0','0','0','0','0','0','0','0','0','0','0','0','0','0','0','0','0','0','0','0','0','0','0','0','0','0','0','0','0','0','0','0','0','0','0','0','0','0','0','0','0','0','0','0','0','0','0','0','0','0','0','0','0','0','0','0','0','0','0','0','0','0','0','0','0','0','0','0','0','0','0','0','0','0','0','0','0','0','0','0','0','0','0','0','0','0','0','0','0','0','0','0','0','0','0'}; 
Previous 9: main:array:1={'a','b','a','b','a','b','a','b','a','b','a','b','a','b','a','b','a','b','a','b','a','b','a','b','a','b','a','b','a','b','a','b','a','b','a','b','a','b','a','b','a','b','a','b','a','b','a','b','a','b','a','b','a','b','a','b','a','b','a','b','a','b','a','b','a','b','a','b','a','b','a','b','a','b','a','b','a','b','a','b','a','b','a','b','a','b','a','b','a','b','a','b','a','b','a','b','a','b','a','b','a'}; 
Previous 10: main:array:1={'\'','A','\'','B','\'','C','\'','D','\'','E','\'','F','\'','G','\'','H','\'','I','\'','J','\'','K','\'','L','\'','M','\'','N','\'','O','\'','P','\'','Q','\'','R','\'','S','\'','T','\'','U','\'','V','\'','W','\'','X','\'','Y','\'','Z','\'','a','\'','b','\'','c','\'','d','\'','e','\'','f','\'','g','\'','h','\'','i','\'','j','\'','k','\'','l','\'','m','\'','n','\'','o','\'','p','\'','q','\'','r','\'','s','\'','t','\'','u','\'','v','\'','w','\'','x','\''}; 
Previous 11: main:array:1={':','-','a','a','a','a','a','a','a','a','a','a','a','a','a','a','a','a','a','a','a','a','a','a','a','a','a','a','a','a','a','a','a','a','a','a','a','a','a','a','a','a','a','a','a','a','a','a','a','a','a','a','a','a','a','a','a','a','a','a','a','a','a','a','a','a','a','a','a','a','a','a','a','a','a','a','a','a','a','a','a','a','a','a','a','a','a','a','a','a','a','a','a','a','a','a','a','a','a','a','a'}; 
Previous 12: main:array:1={'x','x','x','x','x','x','x','x','x','x','x','x','x','x','x','x','x','x','x','x','x','x','x','x','x','x','x','x','x','x','x','x','x','x','x','x','x','x','x','x','x','x','x','x','x','x','x','x','x','x','x','x','x','x','x','x','x','x','x','x','x','x','x','x','x','x','x','x','x','x','x','x','x','x','x','x','x','x','x','x','x','x','x','x','x','x','x','x','x','x','x','x','x','x','x','x','x','x','x','x','x'}; 
Previous 13: main:array:1={':','b','a','a','a','a','a','a','a','a','a','a','a','a','a','a','a','a','a','a','a','a','a','a','a','a','a','a','a','a','a','a','a','a','a','a','a','a','a','a','a','a','a','a','a','a','a','a','a','a','a','a','a','a','a','a','a','a','a','a','a','a','a','a','a','a','a','a','a','a','a','a','a','a','a','a','a','a','a','a','a','a','a','a','a','a','a','a','a','a','a','a','a','a','a','a','a','a','a','a','a'}; 
Previous 14: main:array:1={'\'','\'',':','\'','a','\'','b','\'','b','\'','b','\'','b','\'','b','\'','b','\'','b','\'','b','\'','b','\'','b','\'','b','\'','b','\'','b','\'','b','\'','b','\'','b','\'','b','\'','b','\'','b','\'','b','\'','b','\'','b','\'','b','\'','b','\'','b','\'','b','\'','b','\'','b','\'','b','\'','b','\'','b','\'','b','\'','b','\'','b','\'','b','\'','b','\'','b','\'','b','\'','b','\'','b','\'','b','\'','b','\'','b','\'','b','\'','b','\'','b','\'','b','\'','b'}; 
Previous 15: main:array:1={'a','a','a','a','a','a','a','a','a','a','a','a','a','a','a','a','a','a','a','a','a','a','a','a','a','a','a','a','a','a','a','a','a','a','a','a','a','a','a','a','a','a','a','a','a','a','a','a','a','a','a','a','a','a','a','a','a','a','a','a','a','a','a','a','a','a','a','a','a','a','a','a','a','a','a','a','a','a','a','a','a','a','a','a','a','a','a','a','a','a','a','a','a','a','a','a','a','a',':','0','0'}; 
Previous 16: main:array:1={'z','z','z','z','z','z','z','z','z','z','z','z','z','z','z','z','z','z','z','z','z','z','z','z','z','z','z','z','z','z','z','z','z','z','z','z','z','z','z','z','z','z','z','z','z','z','z','z','z','z','z','z','z','z','z','z','z','z','z','z','z','z','z','z','z','z','z','z','z','z','z','z','z','z','z','z','z','z','z','z','z','z','z','z','z','z','z','z','z','z','z','z','z','z','z','z','z','z','z','z','z'}; 
Previous 17: main:array:1={'!','!','!','!','!','!','!','!','!','!','!','!','!','!','!','!','!','!','!','!','!','!','!','!','!','!','!','!','!','!','!','!','!','!','!','!','!','!','!','!','!','!','!','!','!','!','!','!','!','!','!','!','!','!','!','!','!','!','!','!','!','!','!','!','!','!','!','!','!','!','!','!','!','!','!','!','!','!','!','!','!','!','!','!','!','!','!','!','!','!','!','!','!','!','!','!','!','!','!','!','!'}; 
Previous 18: main:array:1={'a','a','a','a','a','a','a','a','a','a','a','a','a','a','a','a','a','a','a','a','a','a','a','a','a','a','a','a','a','a','a','a','a','a','a','a','a','a','a','a','a','a','a','a','a','a','a','a','a','a','a','a','a','a','a','a','a','a','a','a','a','a','a','a','a','a','a','a','a','a','a','a','a','a','a','a','a','a','a','a','a','a','a','a','a','a','a','a','a','a','a','a','a','a','a','a','a','a','b','b','b'}; 
Previous 19: main:array:1={'A','B','C','D','E','F','G','H','I','J','K','L','M','N','O','P','Q','R','S','T','U','V','W','X','Y','Z','A','B','C','D','E','F','G','H','I','J','K','L','M','N','O','P','Q','R','S','T','U','V','W','X','Y','Z','A','B','C','D','E','F','G','H','I','J','K','L','M','N','O','P','Q','R','S','T','U','V','W','X','Y','Z','A','B','C','D','E','F','G','H','I','J','K','L','M','N','O','P','Q','R','S','T','U','V','W'}; 
Previous 20: main:array:1={'H','e','l','l','o','W','o','r','l','d','H','e','l','l','o','W','o','r','l','d','H','e','l','l','o','W','o','r','l','d','H','e','l','l','o','W','o','r','l','d','H','e','l','l','o','W','o','r','l','d','H','e','l','l','o','W','o','r','l','d','H','e','l','l','o','W','o','r','l','d','H','e','l','l','o','W','o','r','l','d','H','e','l','l','o','W','o','r','l','d','H','e','l','l','o','W','o','r','l','d','H'}; 
Previous 21: main:array:1={':','A','a','a','a','a','a','a','a','a','a','a','a','a','a','a','a','a','a','a','a','a','a','a','a','a','a','a','a','a','a','a','a','a','a','a','a','a','a','a','a','a','a','a','a','a','a','a','a','a','a','a','a','a','a','a','a','a','a','a','a','a','a','a','a','a','a','a','a','a','a','a','a','a','a','a','a','a','a','a','a','a','a','a','a','a','a','a','a','a','a','a','a','a','a','a','a','a','a','a','a'}; 
Previous 22: main:array:1={'m','n','o','p','q','r','s','t','u','v','m','n','o','p','q','r','s','t','u','v','m','n','o','p','q','r','s','t','u','v','m','n','o','p','q','r','s','t','u','v','m','n','o','p','q','r','s','t','u','v','m','n','o','p','q','r','s','t','u','v','m','n','o','p','q','r','s','t','u','v','m','n','o','p','q','r','s','t','u','v','m','n','o','p','q','r','s','t','u','v','m','n','o','p','q','r','s','t','u','v','m'}; 
Previous 23: main:array:1={'a','a','a','a','a','a','a','a','a','a','a','a','a','a','a','a','a','a','a','a','a','a','a','a','a','a','a','a','a','a','a','a','a','a','a','a','a','a','a','a','a','a','a','a','a','a','a','a','a','a','a','a','a','a','a','a','a','a','a','a','a','a','a','a','a','a','a','a','a','a','a','a','a','a','a','a','a','a','a','a','a','a','a','a','a','a','a','a','a','a','a','a','a','a','a','a','a','a','a','a','b'}; 
Previous 24: main:array:1={'-','-','-','-','-','-','-','-','-','-','-','-','-','-','-','-','-','-','-','-','-','-','-','-','-','-','-','-','-','-','-','-','-','-','-','-','-','-','-','-','-','-','-','-','-','-','-','-','-','-','-','-','-','-','-','-','-','-','-','-','-','-','-','-','-','-','-','-','-','-','-','-','-','-','-','-','-','-','-','-','-','-','-','-','-','-','-','-','-','-','-','-','-','-','-','-','-','-','-','-','-'}; 
Previous 25: main:array:1={'A','B','C','D','E','F','G','H','I','J','K','L','M','N','O','P','Q','R','S','T','U','V','W','X','Y','Z','a','b','c','d','e','f','g','h','i','j','k','l','m','n','o','p','q','r','s','t','u','v','w','x','y','z','0','1','2','3','4','5','6','7','8','9','!','@','#','$','%','^','&','*','(',')','-','=','+','[',']','{',';',';',',','.','<','>','?','/',';','~','\'','`','^','+','+','?','/',';','~','\'','`','^','+'}; 
Previous 26: main:array:1={'\'','A','\'','A','\'','A','\'','A','\'','A','\'','A','\'','A','\'','A','\'','A','\'','A','\'','A','\'','A','\'','A','\'','A','\'','A','\'','A','\'','A','\'','A','\'','A','\'','A','\'','A','\'','A','\'','A','\'','A','\'','A','\'','A','\'','A','\'','A','\'','A','\'','A','\'','A','\'','A','\'','A','\'','A','\'','A','\'','A','\'','A','\'','A','\'','A','\'','A','\'','A','\'','A','\'','A','\'','A','\'','A','\'','A','\'','A','\'','A','\'','A','\'','A','\''}; 
Previous 27: main:array:1={'O','O','O','O','O','O','O','O','O','O','O','O','O','O','O','O','O','O','O','O','O','O','O','O','O','O','O','O','O','O','O','O','O','O','O','O','O','O','O','O','O','O','O','O','O','O','O','O','O','O','O','O','O','O','O','O','O','O','O','O','O','O','O','O','O','O','O','O','O','O','O','O','O','O','O','O','O','O','O','O','O','O','O','O','O','O','O','O','O','O','O','O','O','O','O','O','O','O','O','O','O'}; 
Previous 28: main:array:1={'?','?','?','?','?','?','?','?','?','?','?','?','?','?','?','?','?','?','?','?','?','?','?','?','?','?','?','?','?','?','?','?','?','?','?','?','?','?','?','?','?','?','?','?','?','?','?','?','?','?','?','?','?','?','?','?','?','?','?','?','?','?','?','?','?','?','?','?','?','?','?','?','?','?','?','?','?','?','?','?','?','?','?','?','?','?','?','?','?','?','?','?','?','?','?','?','?','?','?','?','?'}; 
Previous 29: main:array:1={':','a','b','b','b','b','b','b','b','b','b','b','b','b','b','b','b','b','b','b','b','b','b','b','b','b','b','b','b','b','b','b','b','b','b','b','b','b','b','b','b','b','b','b','b','b','b','b','b','b','b','b','b','b','b','b','b','b','b','b','b','b','b','b','b','b','b','b','b','b','b','b','b','b','b','b','b','b','b','b','b','b','b','b','b','b','b','b','b','b','b','b','b','b','b','b','b','b','b','b','b'}; 
Previous 30: main:array:1={'a','a','a','a','a','a','a','a','a','a','a','a','a','a','a','a','a','a','a','a','a','a','a','a','a','a','a','a','a','a','a','a','a','a','a','a','a','a','a','a','a','a','a','a','a','a','a','a','a','a','a','a','a','a','a','a','a','a','a','a','b','b','b','b','b','b','b','b','b','b','b','b','b','b','b','b','b','b','b','b','b','b','b','b','b','b','b','b','b','b','b','b','b','b','b','b','b','b','b','b','b'}; 
Previous 31: main:array:1={'a','a','a','a','a','a','a','a','a','a','a','a','a','a','a','a','a','a','a','a','a','a','a','a','a','a','a','a','a','a','a','a','a','a','a','a','a','a','a','a','a','a','a','a','a','a','a','a','a','a','b','b','b','b','b','b','b','b','b','b','b','b','b','b','b','b','b','b','b','b','b','b','b','b','b','b','b','b','b','b','0','0','0','0','0','0','0','0','0','0','0','0','0','0','0','0','0','0','0','0','0'}; 
Previous 32: main:array:1={'\'','a','\'','b','\'','c','\'','a','\'','b','\'','c','\'','a','\'','b','\'','c','\'','a','\'','b','\'','c','\'','a','\'','b','\'','c','\'','a','\'','b','\'','c','\'','a','\'','b','\'','c','\'','a','\'','b','\'','c','\'','a','\'','b','\'','c','\'','a','\'','b','\'','c','\'','a','\'','b','\'','c','\'','a','\'','b','\'','c','\'','a','\'','b','\'','c','\'','a','\'','b','\'','c','\'','a','\'','b','\'','c','\'','a','\'','b','\'','c','\'','a','\'','b','\''}; 
Previous 33: main:array:1={'b','b','b','b','b','b','b','b','b','b','b','b','b','b','b','b','b','b','b','b','b','b','b','b','b','b','b','b','b','b','b','b','b','b','b','b','b','b','b','b','b','b','b','b','b','b','b','b','b','b','b','b','b','b','b','b','b','b','b','b','b','b','b','b','b','b','b','b','b','b','b','b','b','b','b','b','b','b','b','b','b','b','b','b','b','b','b','b','b','b','b','b','b','b','b','b','b','b','b','b','b'}; 

Program:
extern char __VERIFIER_nondet_char(void);
/*
Commit Number: e6801c90311679fc0854af73da95fe58079c59f4
URL: https://github.com/FreeRADIUS/freeradius-server/commit/e6801c90311679fc0854af73da95fe58079c59f4
Project Name: freeradius-serve
License: GPL2
termination: false


*/
int main()
{
    int stop = 0;
    char array[101];
    for( int i = 0 ; i < 100 ; i++ )
        array[i] =  __VERIFIER_nondet_char();
    array[100] = 0;
    char* p = array;
    while( (*p) && (!stop) )
    {
        switch(*p){
        case '}':
            stop = 1;
            break;

        case ':':
            if( *(p+1) && (*(p+1) == '-')){
                p += 2;
                stop = 1;
            }
            break;
        default:
            p++;
        }
    }
    return 0;
}

"
41,NT,"main:array:1={'#','#','#','#','#','#','#','#','#','#','#','#','#','#','#','#','#','#','#','#','#','#','#','#','#','#','#','#','#','#','#','#','#','#','#','#','#','#','#','#','#','#','#','#','#','#','#','#','#','#','#','#','#','#','#','#','#','#','#','#','#','#','#','#','#','#','#','#','#','#','#','#','#','#','#','#','#','#','#','#','#','#','#','#','#','#','#','#','#','#','#','#','#','#','#','#','#','#','#','C','}'}
",,COMPLETED,T,false,,"You generate concrete values for nondeterministic inputs in a C/C++ program.
Your goal is to produce ONE complete assignment set that is likely to make the program not terminate.

Important rules:
1. Return a value for EVERY listed nondeterministic input ID.
2. Use each ID exactly once.
3. Respect the declared C/C++ type.
4. For an array, return the value as an array containing exactly the required number of elements.
5. For char arrays, each element must be exactly one character. Return the character itself without C single quotes.
6. Prefer small-magnitude values unless larger values are necessary to achieve the requested execution behavior.

Nondeterministic inputs:
- id: main:array:1, type: char, array: true, size: 101, required elements: 101

Previously generated assignment sets are listed below. Generate a materially different set and do not duplicate any of them.
Previous 1: main:array:1={'a','a','a','a','a','a','a','a','a','a','a','a','a','a','a','a','a','a','a','a','a','a','a','a','a','a','a','a','a','a','a','a','a','a','a','a','a','a','a','a','a','a','a','a','a','a','a','a','a','a','a','a','a','a','a','a','a','a','a','a','a','a','a','a','a','a','a','a','a','a','a','a','a','a','a','a','a','a','a','a','a','a','a','a','a','a','a','a','a','a','a','a','a','a','a','a','a','a','a','a','a'}; 
Previous 2: main:array:1={'}','b','b','b','b','b','b','b','b','b','b','b','b','b','b','b','b','b','b','b','b','b','b','b','b','b','b','b','b','b','b','b','b','b','b','b','b','b','b','b','b','b','b','b','b','b','b','b','b','b','b','b','b','b','b','b','b','b','b','b','b','b','b','b','b','b','b','b','b','b','b','b','b','b','b','b','b','b','b','b','b','b','b','b','b','b','b','b','b','b','b','b','b','b','b','b','b','b','b','b','b'}; 
Previous 3: main:array:1={'}','a','a','a','a','a','a','a','a','a','a','a','a','a','a','a','a','a','a','a','a','a','a','a','a','a','a','a','a','a','a','a','a','a','a','a','a','a','a','a','a','a','a','a','a','a','a','a','a','a','a','a','a','a','a','a','a','a','a','a','a','a','a','a','a','a','a','a','a','a','a','a','a','a','a','a','a','a','a','a','a','a','a','a','a','a','a','a','a','a','a','a','a','a','a','a','a','a','a','a','a'}; 
Previous 4: main:array:1={'b','b','b','b','b','b','b','b','b','b','b','b','b','b','b','b','b','b','b','b','b','b','b','b','b','b','b','b','b','b','b','b','b','b','b','b','b','b','b','b','b','b','b','b','b','b','b','b','b','b','}','c','c','c','c','c','c','c','c','c','c','c','c','c','c','c','c','c','c','c','c','c','c','c','c','c','c','c','c','c','c','c','c','c','c','c','c','c','c','c','x','x','x','x','x','x','x','x','x','x','x'}; 
Previous 5: main:array:1={'\'','}','\'','\'','c','\'','\'','c','\'','\'','c','\'','\'','c','\'','\'','c','\'','\'','c','\'','\'','c','\'','\'','c','\'','\'','c','\'','\'','c','\'','\'','c','\'','\'','c','\'','\'','c','\'','\'','c','\'','\'','c','\'','\'','c','\'','\'','c','\'','\'','c','\'','\'','c','\'','\'','c','\'','\'','c','\'','\'','c','\'','\'','c','\'','\'','c','\'','\'','c','\'','\'','c','\'','\'','c','\'','\'','c','\'','\'','c','\'','\'','c','\'','\'','c','\'','\'','c','\'','\'','c'}; 
Previous 6: main:array:1={'\'','\'','\'','\'','\'','\'','\'','\'','\'','\'','\'','\'','\'','\'','\'','\'','\'','\'','\'','\'','\'','\'','\'','\'','\'','\'','\'','\'','\'','\'','\'','\'','\'','\'','\'','\'','\'','\'','\'','\'','\'','\'','\'','\'','\'','\'','\'','\'','\'','\'','\'','\'','\'','\'','\'','\'','\'','\'','\'','\'','\'','\'','\'','\'','\'','\'','\'','\'','\'','\'','\'','\'','\'','\'','\'','\'','\'','\'','\'','\'','\'','\'','\'','\'','\'','\'','\'','\'','\'','\'','\'','\'','\'','\'','\'','\'','\'','\'','\'','\'','\''}; 
Previous 7: main:array:1={'A','B','C','D','E','F','G','H','I','J','K','L','M','N','O','P','Q','R','S','T','U','V','W','X','Y','Z','a','b','c','d','e','f','g','h','i','j','k','l','m','n','o','p','q','r','s','t','u','v','w','x','y','z','0','1','2','3','4','5','6','7','8','9','!','?','.',',','-','_','/','/','|','@','#','$','%','^','&','*','(',')','{','[',']','`','~','>','<',':',';','`','\'',' ','!','?','.',',','%','+','=','/','/'}; 
Previous 8: main:array:1={'0','0','0','0','0','0','0','0','0','0','0','0','0','0','0','0','0','0','0','0','0','0','0','0','0','0','0','0','0','0','0','0','0','0','0','0','0','0','0','0','0','0','0','0','0','0','0','0','0','0','0','0','0','0','0','0','0','0','0','0','0','0','0','0','0','0','0','0','0','0','0','0','0','0','0','0','0','0','0','0','0','0','0','0','0','0','0','0','0','0','0','0','0','0','0','0','0','0','0','0','0'}; 
Previous 9: main:array:1={'a','b','a','b','a','b','a','b','a','b','a','b','a','b','a','b','a','b','a','b','a','b','a','b','a','b','a','b','a','b','a','b','a','b','a','b','a','b','a','b','a','b','a','b','a','b','a','b','a','b','a','b','a','b','a','b','a','b','a','b','a','b','a','b','a','b','a','b','a','b','a','b','a','b','a','b','a','b','a','b','a','b','a','b','a','b','a','b','a','b','a','b','a','b','a','b','a','b','a','b','a'}; 
Previous 10: main:array:1={'\'','A','\'','B','\'','C','\'','D','\'','E','\'','F','\'','G','\'','H','\'','I','\'','J','\'','K','\'','L','\'','M','\'','N','\'','O','\'','P','\'','Q','\'','R','\'','S','\'','T','\'','U','\'','V','\'','W','\'','X','\'','Y','\'','Z','\'','a','\'','b','\'','c','\'','d','\'','e','\'','f','\'','g','\'','h','\'','i','\'','j','\'','k','\'','l','\'','m','\'','n','\'','o','\'','p','\'','q','\'','r','\'','s','\'','t','\'','u','\'','v','\'','w','\'','x','\''}; 
Previous 11: main:array:1={':','-','a','a','a','a','a','a','a','a','a','a','a','a','a','a','a','a','a','a','a','a','a','a','a','a','a','a','a','a','a','a','a','a','a','a','a','a','a','a','a','a','a','a','a','a','a','a','a','a','a','a','a','a','a','a','a','a','a','a','a','a','a','a','a','a','a','a','a','a','a','a','a','a','a','a','a','a','a','a','a','a','a','a','a','a','a','a','a','a','a','a','a','a','a','a','a','a','a','a','a'}; 
Previous 12: main:array:1={'x','x','x','x','x','x','x','x','x','x','x','x','x','x','x','x','x','x','x','x','x','x','x','x','x','x','x','x','x','x','x','x','x','x','x','x','x','x','x','x','x','x','x','x','x','x','x','x','x','x','x','x','x','x','x','x','x','x','x','x','x','x','x','x','x','x','x','x','x','x','x','x','x','x','x','x','x','x','x','x','x','x','x','x','x','x','x','x','x','x','x','x','x','x','x','x','x','x','x','x','x'}; 
Previous 13: main:array:1={':','b','a','a','a','a','a','a','a','a','a','a','a','a','a','a','a','a','a','a','a','a','a','a','a','a','a','a','a','a','a','a','a','a','a','a','a','a','a','a','a','a','a','a','a','a','a','a','a','a','a','a','a','a','a','a','a','a','a','a','a','a','a','a','a','a','a','a','a','a','a','a','a','a','a','a','a','a','a','a','a','a','a','a','a','a','a','a','a','a','a','a','a','a','a','a','a','a','a','a','a'}; 
Previous 14: main:array:1={'\'','\'',':','\'','a','\'','b','\'','b','\'','b','\'','b','\'','b','\'','b','\'','b','\'','b','\'','b','\'','b','\'','b','\'','b','\'','b','\'','b','\'','b','\'','b','\'','b','\'','b','\'','b','\'','b','\'','b','\'','b','\'','b','\'','b','\'','b','\'','b','\'','b','\'','b','\'','b','\'','b','\'','b','\'','b','\'','b','\'','b','\'','b','\'','b','\'','b','\'','b','\'','b','\'','b','\'','b','\'','b','\'','b','\'','b','\'','b','\'','b','\'','b','\'','b'}; 
Previous 15: main:array:1={'a','a','a','a','a','a','a','a','a','a','a','a','a','a','a','a','a','a','a','a','a','a','a','a','a','a','a','a','a','a','a','a','a','a','a','a','a','a','a','a','a','a','a','a','a','a','a','a','a','a','a','a','a','a','a','a','a','a','a','a','a','a','a','a','a','a','a','a','a','a','a','a','a','a','a','a','a','a','a','a','a','a','a','a','a','a','a','a','a','a','a','a','a','a','a','a','a','a',':','0','0'}; 
Previous 16: main:array:1={'z','z','z','z','z','z','z','z','z','z','z','z','z','z','z','z','z','z','z','z','z','z','z','z','z','z','z','z','z','z','z','z','z','z','z','z','z','z','z','z','z','z','z','z','z','z','z','z','z','z','z','z','z','z','z','z','z','z','z','z','z','z','z','z','z','z','z','z','z','z','z','z','z','z','z','z','z','z','z','z','z','z','z','z','z','z','z','z','z','z','z','z','z','z','z','z','z','z','z','z','z'}; 
Previous 17: main:array:1={'!','!','!','!','!','!','!','!','!','!','!','!','!','!','!','!','!','!','!','!','!','!','!','!','!','!','!','!','!','!','!','!','!','!','!','!','!','!','!','!','!','!','!','!','!','!','!','!','!','!','!','!','!','!','!','!','!','!','!','!','!','!','!','!','!','!','!','!','!','!','!','!','!','!','!','!','!','!','!','!','!','!','!','!','!','!','!','!','!','!','!','!','!','!','!','!','!','!','!','!','!'}; 
Previous 18: main:array:1={'a','a','a','a','a','a','a','a','a','a','a','a','a','a','a','a','a','a','a','a','a','a','a','a','a','a','a','a','a','a','a','a','a','a','a','a','a','a','a','a','a','a','a','a','a','a','a','a','a','a','a','a','a','a','a','a','a','a','a','a','a','a','a','a','a','a','a','a','a','a','a','a','a','a','a','a','a','a','a','a','a','a','a','a','a','a','a','a','a','a','a','a','a','a','a','a','a','a','b','b','b'}; 
Previous 19: main:array:1={'A','B','C','D','E','F','G','H','I','J','K','L','M','N','O','P','Q','R','S','T','U','V','W','X','Y','Z','A','B','C','D','E','F','G','H','I','J','K','L','M','N','O','P','Q','R','S','T','U','V','W','X','Y','Z','A','B','C','D','E','F','G','H','I','J','K','L','M','N','O','P','Q','R','S','T','U','V','W','X','Y','Z','A','B','C','D','E','F','G','H','I','J','K','L','M','N','O','P','Q','R','S','T','U','V','W'}; 
Previous 20: main:array:1={'H','e','l','l','o','W','o','r','l','d','H','e','l','l','o','W','o','r','l','d','H','e','l','l','o','W','o','r','l','d','H','e','l','l','o','W','o','r','l','d','H','e','l','l','o','W','o','r','l','d','H','e','l','l','o','W','o','r','l','d','H','e','l','l','o','W','o','r','l','d','H','e','l','l','o','W','o','r','l','d','H','e','l','l','o','W','o','r','l','d','H','e','l','l','o','W','o','r','l','d','H'}; 
Previous 21: main:array:1={':','A','a','a','a','a','a','a','a','a','a','a','a','a','a','a','a','a','a','a','a','a','a','a','a','a','a','a','a','a','a','a','a','a','a','a','a','a','a','a','a','a','a','a','a','a','a','a','a','a','a','a','a','a','a','a','a','a','a','a','a','a','a','a','a','a','a','a','a','a','a','a','a','a','a','a','a','a','a','a','a','a','a','a','a','a','a','a','a','a','a','a','a','a','a','a','a','a','a','a','a'}; 
Previous 22: main:array:1={'m','n','o','p','q','r','s','t','u','v','m','n','o','p','q','r','s','t','u','v','m','n','o','p','q','r','s','t','u','v','m','n','o','p','q','r','s','t','u','v','m','n','o','p','q','r','s','t','u','v','m','n','o','p','q','r','s','t','u','v','m','n','o','p','q','r','s','t','u','v','m','n','o','p','q','r','s','t','u','v','m','n','o','p','q','r','s','t','u','v','m','n','o','p','q','r','s','t','u','v','m'}; 
Previous 23: main:array:1={'a','a','a','a','a','a','a','a','a','a','a','a','a','a','a','a','a','a','a','a','a','a','a','a','a','a','a','a','a','a','a','a','a','a','a','a','a','a','a','a','a','a','a','a','a','a','a','a','a','a','a','a','a','a','a','a','a','a','a','a','a','a','a','a','a','a','a','a','a','a','a','a','a','a','a','a','a','a','a','a','a','a','a','a','a','a','a','a','a','a','a','a','a','a','a','a','a','a','a','a','b'}; 
Previous 24: main:array:1={'-','-','-','-','-','-','-','-','-','-','-','-','-','-','-','-','-','-','-','-','-','-','-','-','-','-','-','-','-','-','-','-','-','-','-','-','-','-','-','-','-','-','-','-','-','-','-','-','-','-','-','-','-','-','-','-','-','-','-','-','-','-','-','-','-','-','-','-','-','-','-','-','-','-','-','-','-','-','-','-','-','-','-','-','-','-','-','-','-','-','-','-','-','-','-','-','-','-','-','-','-'}; 
Previous 25: main:array:1={'A','B','C','D','E','F','G','H','I','J','K','L','M','N','O','P','Q','R','S','T','U','V','W','X','Y','Z','a','b','c','d','e','f','g','h','i','j','k','l','m','n','o','p','q','r','s','t','u','v','w','x','y','z','0','1','2','3','4','5','6','7','8','9','!','@','#','$','%','^','&','*','(',')','-','=','+','[',']','{',';',';',',','.','<','>','?','/',';','~','\'','`','^','+','+','?','/',';','~','\'','`','^','+'}; 
Previous 26: main:array:1={'\'','A','\'','A','\'','A','\'','A','\'','A','\'','A','\'','A','\'','A','\'','A','\'','A','\'','A','\'','A','\'','A','\'','A','\'','A','\'','A','\'','A','\'','A','\'','A','\'','A','\'','A','\'','A','\'','A','\'','A','\'','A','\'','A','\'','A','\'','A','\'','A','\'','A','\'','A','\'','A','\'','A','\'','A','\'','A','\'','A','\'','A','\'','A','\'','A','\'','A','\'','A','\'','A','\'','A','\'','A','\'','A','\'','A','\'','A','\'','A','\'','A','\'','A','\''}; 
Previous 27: main:array:1={'O','O','O','O','O','O','O','O','O','O','O','O','O','O','O','O','O','O','O','O','O','O','O','O','O','O','O','O','O','O','O','O','O','O','O','O','O','O','O','O','O','O','O','O','O','O','O','O','O','O','O','O','O','O','O','O','O','O','O','O','O','O','O','O','O','O','O','O','O','O','O','O','O','O','O','O','O','O','O','O','O','O','O','O','O','O','O','O','O','O','O','O','O','O','O','O','O','O','O','O','O'}; 
Previous 28: main:array:1={'?','?','?','?','?','?','?','?','?','?','?','?','?','?','?','?','?','?','?','?','?','?','?','?','?','?','?','?','?','?','?','?','?','?','?','?','?','?','?','?','?','?','?','?','?','?','?','?','?','?','?','?','?','?','?','?','?','?','?','?','?','?','?','?','?','?','?','?','?','?','?','?','?','?','?','?','?','?','?','?','?','?','?','?','?','?','?','?','?','?','?','?','?','?','?','?','?','?','?','?','?'}; 
Previous 29: main:array:1={':','a','b','b','b','b','b','b','b','b','b','b','b','b','b','b','b','b','b','b','b','b','b','b','b','b','b','b','b','b','b','b','b','b','b','b','b','b','b','b','b','b','b','b','b','b','b','b','b','b','b','b','b','b','b','b','b','b','b','b','b','b','b','b','b','b','b','b','b','b','b','b','b','b','b','b','b','b','b','b','b','b','b','b','b','b','b','b','b','b','b','b','b','b','b','b','b','b','b','b','b'}; 
Previous 30: main:array:1={'a','a','a','a','a','a','a','a','a','a','a','a','a','a','a','a','a','a','a','a','a','a','a','a','a','a','a','a','a','a','a','a','a','a','a','a','a','a','a','a','a','a','a','a','a','a','a','a','a','a','a','a','a','a','a','a','a','a','a','a','b','b','b','b','b','b','b','b','b','b','b','b','b','b','b','b','b','b','b','b','b','b','b','b','b','b','b','b','b','b','b','b','b','b','b','b','b','b','b','b','b'}; 
Previous 31: main:array:1={'a','a','a','a','a','a','a','a','a','a','a','a','a','a','a','a','a','a','a','a','a','a','a','a','a','a','a','a','a','a','a','a','a','a','a','a','a','a','a','a','a','a','a','a','a','a','a','a','a','a','b','b','b','b','b','b','b','b','b','b','b','b','b','b','b','b','b','b','b','b','b','b','b','b','b','b','b','b','b','b','0','0','0','0','0','0','0','0','0','0','0','0','0','0','0','0','0','0','0','0','0'}; 
Previous 32: main:array:1={'\'','a','\'','b','\'','c','\'','a','\'','b','\'','c','\'','a','\'','b','\'','c','\'','a','\'','b','\'','c','\'','a','\'','b','\'','c','\'','a','\'','b','\'','c','\'','a','\'','b','\'','c','\'','a','\'','b','\'','c','\'','a','\'','b','\'','c','\'','a','\'','b','\'','c','\'','a','\'','b','\'','c','\'','a','\'','b','\'','c','\'','a','\'','b','\'','c','\'','a','\'','b','\'','c','\'','a','\'','b','\'','c','\'','a','\'','b','\'','c','\'','a','\'','b','\''}; 
Previous 33: main:array:1={'b','b','b','b','b','b','b','b','b','b','b','b','b','b','b','b','b','b','b','b','b','b','b','b','b','b','b','b','b','b','b','b','b','b','b','b','b','b','b','b','b','b','b','b','b','b','b','b','b','b','b','b','b','b','b','b','b','b','b','b','b','b','b','b','b','b','b','b','b','b','b','b','b','b','b','b','b','b','b','b','b','b','b','b','b','b','b','b','b','b','b','b','b','b','b','b','b','b','b','b','b'}; 
Previous 34: main:array:1={'a','b','c','a','b','c','a','b','c','a','b','c','a','b','c','a','b','c','a','b','c','a','b','c','a','b','c','a','b','c','a','b','c','a','b','c','a','b','c','a','b','c','a','b','c','a','b','c','a','b','c','a','b','c','a','b','c','a','b','c','a','b','c','a','b','c','a','b','c','a','b','c','a','b','c','a','b','c','a','b','c','a','b','c','a','b','c','a','b','c','a','b','c','a','b','c','a','b','c','x','x'}; 

Program:
extern char __VERIFIER_nondet_char(void);
/*
Commit Number: e6801c90311679fc0854af73da95fe58079c59f4
URL: https://github.com/FreeRADIUS/freeradius-server/commit/e6801c90311679fc0854af73da95fe58079c59f4
Project Name: freeradius-serve
License: GPL2
termination: false


*/
int main()
{
    int stop = 0;
    char array[101];
    for( int i = 0 ; i < 100 ; i++ )
        array[i] =  __VERIFIER_nondet_char();
    array[100] = 0;
    char* p = array;
    while( (*p) && (!stop) )
    {
        switch(*p){
        case '}':
            stop = 1;
            break;

        case ':':
            if( *(p+1) && (*(p+1) == '-')){
                p += 2;
                stop = 1;
            }
            break;
        default:
            p++;
        }
    }
    return 0;
}

"
42,NT,"main:array:1={'A','b','C','d','E','f','G','h','I','j','K','l','M','n','O','p','Q','r','S','t','U','v','W','x','Y','z','A','b','C','d','E','f','G','h','I','j','K','l','M','n','O','p','Q','r','S','t','U','v','W','x','Y','z','A','b','C','d','E','f','G','h','I','j','K','l','M','n','O','p','Q','r','S','t','U','v','W','x','Y','z','A','b','C','d','E','f','G','h','I','j','K','l','M','n','O','p','Q','r','S','t','U','v','W'}
",,COMPLETED,T,false,,"You generate concrete values for nondeterministic inputs in a C/C++ program.
Your goal is to produce ONE complete assignment set that is likely to make the program not terminate.

Important rules:
1. Return a value for EVERY listed nondeterministic input ID.
2. Use each ID exactly once.
3. Respect the declared C/C++ type.
4. For an array, return the value as an array containing exactly the required number of elements.
5. For char arrays, each element must be exactly one character. Return the character itself without C single quotes.
6. Prefer small-magnitude values unless larger values are necessary to achieve the requested execution behavior.

Nondeterministic inputs:
- id: main:array:1, type: char, array: true, size: 101, required elements: 101

Previously generated assignment sets are listed below. Generate a materially different set and do not duplicate any of them.
Previous 1: main:array:1={'a','a','a','a','a','a','a','a','a','a','a','a','a','a','a','a','a','a','a','a','a','a','a','a','a','a','a','a','a','a','a','a','a','a','a','a','a','a','a','a','a','a','a','a','a','a','a','a','a','a','a','a','a','a','a','a','a','a','a','a','a','a','a','a','a','a','a','a','a','a','a','a','a','a','a','a','a','a','a','a','a','a','a','a','a','a','a','a','a','a','a','a','a','a','a','a','a','a','a','a','a'}; 
Previous 2: main:array:1={'}','b','b','b','b','b','b','b','b','b','b','b','b','b','b','b','b','b','b','b','b','b','b','b','b','b','b','b','b','b','b','b','b','b','b','b','b','b','b','b','b','b','b','b','b','b','b','b','b','b','b','b','b','b','b','b','b','b','b','b','b','b','b','b','b','b','b','b','b','b','b','b','b','b','b','b','b','b','b','b','b','b','b','b','b','b','b','b','b','b','b','b','b','b','b','b','b','b','b','b','b'}; 
Previous 3: main:array:1={'}','a','a','a','a','a','a','a','a','a','a','a','a','a','a','a','a','a','a','a','a','a','a','a','a','a','a','a','a','a','a','a','a','a','a','a','a','a','a','a','a','a','a','a','a','a','a','a','a','a','a','a','a','a','a','a','a','a','a','a','a','a','a','a','a','a','a','a','a','a','a','a','a','a','a','a','a','a','a','a','a','a','a','a','a','a','a','a','a','a','a','a','a','a','a','a','a','a','a','a','a'}; 
Previous 4: main:array:1={'b','b','b','b','b','b','b','b','b','b','b','b','b','b','b','b','b','b','b','b','b','b','b','b','b','b','b','b','b','b','b','b','b','b','b','b','b','b','b','b','b','b','b','b','b','b','b','b','b','b','}','c','c','c','c','c','c','c','c','c','c','c','c','c','c','c','c','c','c','c','c','c','c','c','c','c','c','c','c','c','c','c','c','c','c','c','c','c','c','c','x','x','x','x','x','x','x','x','x','x','x'}; 
Previous 5: main:array:1={'\'','}','\'','\'','c','\'','\'','c','\'','\'','c','\'','\'','c','\'','\'','c','\'','\'','c','\'','\'','c','\'','\'','c','\'','\'','c','\'','\'','c','\'','\'','c','\'','\'','c','\'','\'','c','\'','\'','c','\'','\'','c','\'','\'','c','\'','\'','c','\'','\'','c','\'','\'','c','\'','\'','c','\'','\'','c','\'','\'','c','\'','\'','c','\'','\'','c','\'','\'','c','\'','\'','c','\'','\'','c','\'','\'','c','\'','\'','c','\'','\'','c','\'','\'','c','\'','\'','c','\'','\'','c'}; 
Previous 6: main:array:1={'\'','\'','\'','\'','\'','\'','\'','\'','\'','\'','\'','\'','\'','\'','\'','\'','\'','\'','\'','\'','\'','\'','\'','\'','\'','\'','\'','\'','\'','\'','\'','\'','\'','\'','\'','\'','\'','\'','\'','\'','\'','\'','\'','\'','\'','\'','\'','\'','\'','\'','\'','\'','\'','\'','\'','\'','\'','\'','\'','\'','\'','\'','\'','\'','\'','\'','\'','\'','\'','\'','\'','\'','\'','\'','\'','\'','\'','\'','\'','\'','\'','\'','\'','\'','\'','\'','\'','\'','\'','\'','\'','\'','\'','\'','\'','\'','\'','\'','\'','\'','\''}; 
Previous 7: main:array:1={'A','B','C','D','E','F','G','H','I','J','K','L','M','N','O','P','Q','R','S','T','U','V','W','X','Y','Z','a','b','c','d','e','f','g','h','i','j','k','l','m','n','o','p','q','r','s','t','u','v','w','x','y','z','0','1','2','3','4','5','6','7','8','9','!','?','.',',','-','_','/','/','|','@','#','$','%','^','&','*','(',')','{','[',']','`','~','>','<',':',';','`','\'',' ','!','?','.',',','%','+','=','/','/'}; 
Previous 8: main:array:1={'0','0','0','0','0','0','0','0','0','0','0','0','0','0','0','0','0','0','0','0','0','0','0','0','0','0','0','0','0','0','0','0','0','0','0','0','0','0','0','0','0','0','0','0','0','0','0','0','0','0','0','0','0','0','0','0','0','0','0','0','0','0','0','0','0','0','0','0','0','0','0','0','0','0','0','0','0','0','0','0','0','0','0','0','0','0','0','0','0','0','0','0','0','0','0','0','0','0','0','0','0'}; 
Previous 9: main:array:1={'a','b','a','b','a','b','a','b','a','b','a','b','a','b','a','b','a','b','a','b','a','b','a','b','a','b','a','b','a','b','a','b','a','b','a','b','a','b','a','b','a','b','a','b','a','b','a','b','a','b','a','b','a','b','a','b','a','b','a','b','a','b','a','b','a','b','a','b','a','b','a','b','a','b','a','b','a','b','a','b','a','b','a','b','a','b','a','b','a','b','a','b','a','b','a','b','a','b','a','b','a'}; 
Previous 10: main:array:1={'\'','A','\'','B','\'','C','\'','D','\'','E','\'','F','\'','G','\'','H','\'','I','\'','J','\'','K','\'','L','\'','M','\'','N','\'','O','\'','P','\'','Q','\'','R','\'','S','\'','T','\'','U','\'','V','\'','W','\'','X','\'','Y','\'','Z','\'','a','\'','b','\'','c','\'','d','\'','e','\'','f','\'','g','\'','h','\'','i','\'','j','\'','k','\'','l','\'','m','\'','n','\'','o','\'','p','\'','q','\'','r','\'','s','\'','t','\'','u','\'','v','\'','w','\'','x','\''}; 
Previous 11: main:array:1={':','-','a','a','a','a','a','a','a','a','a','a','a','a','a','a','a','a','a','a','a','a','a','a','a','a','a','a','a','a','a','a','a','a','a','a','a','a','a','a','a','a','a','a','a','a','a','a','a','a','a','a','a','a','a','a','a','a','a','a','a','a','a','a','a','a','a','a','a','a','a','a','a','a','a','a','a','a','a','a','a','a','a','a','a','a','a','a','a','a','a','a','a','a','a','a','a','a','a','a','a'}; 
Previous 12: main:array:1={'x','x','x','x','x','x','x','x','x','x','x','x','x','x','x','x','x','x','x','x','x','x','x','x','x','x','x','x','x','x','x','x','x','x','x','x','x','x','x','x','x','x','x','x','x','x','x','x','x','x','x','x','x','x','x','x','x','x','x','x','x','x','x','x','x','x','x','x','x','x','x','x','x','x','x','x','x','x','x','x','x','x','x','x','x','x','x','x','x','x','x','x','x','x','x','x','x','x','x','x','x'}; 
Previous 13: main:array:1={':','b','a','a','a','a','a','a','a','a','a','a','a','a','a','a','a','a','a','a','a','a','a','a','a','a','a','a','a','a','a','a','a','a','a','a','a','a','a','a','a','a','a','a','a','a','a','a','a','a','a','a','a','a','a','a','a','a','a','a','a','a','a','a','a','a','a','a','a','a','a','a','a','a','a','a','a','a','a','a','a','a','a','a','a','a','a','a','a','a','a','a','a','a','a','a','a','a','a','a','a'}; 
Previous 14: main:array:1={'\'','\'',':','\'','a','\'','b','\'','b','\'','b','\'','b','\'','b','\'','b','\'','b','\'','b','\'','b','\'','b','\'','b','\'','b','\'','b','\'','b','\'','b','\'','b','\'','b','\'','b','\'','b','\'','b','\'','b','\'','b','\'','b','\'','b','\'','b','\'','b','\'','b','\'','b','\'','b','\'','b','\'','b','\'','b','\'','b','\'','b','\'','b','\'','b','\'','b','\'','b','\'','b','\'','b','\'','b','\'','b','\'','b','\'','b','\'','b','\'','b','\'','b','\'','b'}; 
Previous 15: main:array:1={'a','a','a','a','a','a','a','a','a','a','a','a','a','a','a','a','a','a','a','a','a','a','a','a','a','a','a','a','a','a','a','a','a','a','a','a','a','a','a','a','a','a','a','a','a','a','a','a','a','a','a','a','a','a','a','a','a','a','a','a','a','a','a','a','a','a','a','a','a','a','a','a','a','a','a','a','a','a','a','a','a','a','a','a','a','a','a','a','a','a','a','a','a','a','a','a','a','a',':','0','0'}; 
Previous 16: main:array:1={'z','z','z','z','z','z','z','z','z','z','z','z','z','z','z','z','z','z','z','z','z','z','z','z','z','z','z','z','z','z','z','z','z','z','z','z','z','z','z','z','z','z','z','z','z','z','z','z','z','z','z','z','z','z','z','z','z','z','z','z','z','z','z','z','z','z','z','z','z','z','z','z','z','z','z','z','z','z','z','z','z','z','z','z','z','z','z','z','z','z','z','z','z','z','z','z','z','z','z','z','z'}; 
Previous 17: main:array:1={'!','!','!','!','!','!','!','!','!','!','!','!','!','!','!','!','!','!','!','!','!','!','!','!','!','!','!','!','!','!','!','!','!','!','!','!','!','!','!','!','!','!','!','!','!','!','!','!','!','!','!','!','!','!','!','!','!','!','!','!','!','!','!','!','!','!','!','!','!','!','!','!','!','!','!','!','!','!','!','!','!','!','!','!','!','!','!','!','!','!','!','!','!','!','!','!','!','!','!','!','!'}; 
Previous 18: main:array:1={'a','a','a','a','a','a','a','a','a','a','a','a','a','a','a','a','a','a','a','a','a','a','a','a','a','a','a','a','a','a','a','a','a','a','a','a','a','a','a','a','a','a','a','a','a','a','a','a','a','a','a','a','a','a','a','a','a','a','a','a','a','a','a','a','a','a','a','a','a','a','a','a','a','a','a','a','a','a','a','a','a','a','a','a','a','a','a','a','a','a','a','a','a','a','a','a','a','a','b','b','b'}; 
Previous 19: main:array:1={'A','B','C','D','E','F','G','H','I','J','K','L','M','N','O','P','Q','R','S','T','U','V','W','X','Y','Z','A','B','C','D','E','F','G','H','I','J','K','L','M','N','O','P','Q','R','S','T','U','V','W','X','Y','Z','A','B','C','D','E','F','G','H','I','J','K','L','M','N','O','P','Q','R','S','T','U','V','W','X','Y','Z','A','B','C','D','E','F','G','H','I','J','K','L','M','N','O','P','Q','R','S','T','U','V','W'}; 
Previous 20: main:array:1={'H','e','l','l','o','W','o','r','l','d','H','e','l','l','o','W','o','r','l','d','H','e','l','l','o','W','o','r','l','d','H','e','l','l','o','W','o','r','l','d','H','e','l','l','o','W','o','r','l','d','H','e','l','l','o','W','o','r','l','d','H','e','l','l','o','W','o','r','l','d','H','e','l','l','o','W','o','r','l','d','H','e','l','l','o','W','o','r','l','d','H','e','l','l','o','W','o','r','l','d','H'}; 
Previous 21: main:array:1={':','A','a','a','a','a','a','a','a','a','a','a','a','a','a','a','a','a','a','a','a','a','a','a','a','a','a','a','a','a','a','a','a','a','a','a','a','a','a','a','a','a','a','a','a','a','a','a','a','a','a','a','a','a','a','a','a','a','a','a','a','a','a','a','a','a','a','a','a','a','a','a','a','a','a','a','a','a','a','a','a','a','a','a','a','a','a','a','a','a','a','a','a','a','a','a','a','a','a','a','a'}; 
Previous 22: main:array:1={'m','n','o','p','q','r','s','t','u','v','m','n','o','p','q','r','s','t','u','v','m','n','o','p','q','r','s','t','u','v','m','n','o','p','q','r','s','t','u','v','m','n','o','p','q','r','s','t','u','v','m','n','o','p','q','r','s','t','u','v','m','n','o','p','q','r','s','t','u','v','m','n','o','p','q','r','s','t','u','v','m','n','o','p','q','r','s','t','u','v','m','n','o','p','q','r','s','t','u','v','m'}; 
Previous 23: main:array:1={'a','a','a','a','a','a','a','a','a','a','a','a','a','a','a','a','a','a','a','a','a','a','a','a','a','a','a','a','a','a','a','a','a','a','a','a','a','a','a','a','a','a','a','a','a','a','a','a','a','a','a','a','a','a','a','a','a','a','a','a','a','a','a','a','a','a','a','a','a','a','a','a','a','a','a','a','a','a','a','a','a','a','a','a','a','a','a','a','a','a','a','a','a','a','a','a','a','a','a','a','b'}; 
Previous 24: main:array:1={'-','-','-','-','-','-','-','-','-','-','-','-','-','-','-','-','-','-','-','-','-','-','-','-','-','-','-','-','-','-','-','-','-','-','-','-','-','-','-','-','-','-','-','-','-','-','-','-','-','-','-','-','-','-','-','-','-','-','-','-','-','-','-','-','-','-','-','-','-','-','-','-','-','-','-','-','-','-','-','-','-','-','-','-','-','-','-','-','-','-','-','-','-','-','-','-','-','-','-','-','-'}; 
Previous 25: main:array:1={'A','B','C','D','E','F','G','H','I','J','K','L','M','N','O','P','Q','R','S','T','U','V','W','X','Y','Z','a','b','c','d','e','f','g','h','i','j','k','l','m','n','o','p','q','r','s','t','u','v','w','x','y','z','0','1','2','3','4','5','6','7','8','9','!','@','#','$','%','^','&','*','(',')','-','=','+','[',']','{',';',';',',','.','<','>','?','/',';','~','\'','`','^','+','+','?','/',';','~','\'','`','^','+'}; 
Previous 26: main:array:1={'\'','A','\'','A','\'','A','\'','A','\'','A','\'','A','\'','A','\'','A','\'','A','\'','A','\'','A','\'','A','\'','A','\'','A','\'','A','\'','A','\'','A','\'','A','\'','A','\'','A','\'','A','\'','A','\'','A','\'','A','\'','A','\'','A','\'','A','\'','A','\'','A','\'','A','\'','A','\'','A','\'','A','\'','A','\'','A','\'','A','\'','A','\'','A','\'','A','\'','A','\'','A','\'','A','\'','A','\'','A','\'','A','\'','A','\'','A','\'','A','\'','A','\'','A','\''}; 
Previous 27: main:array:1={'O','O','O','O','O','O','O','O','O','O','O','O','O','O','O','O','O','O','O','O','O','O','O','O','O','O','O','O','O','O','O','O','O','O','O','O','O','O','O','O','O','O','O','O','O','O','O','O','O','O','O','O','O','O','O','O','O','O','O','O','O','O','O','O','O','O','O','O','O','O','O','O','O','O','O','O','O','O','O','O','O','O','O','O','O','O','O','O','O','O','O','O','O','O','O','O','O','O','O','O','O'}; 
Previous 28: main:array:1={'?','?','?','?','?','?','?','?','?','?','?','?','?','?','?','?','?','?','?','?','?','?','?','?','?','?','?','?','?','?','?','?','?','?','?','?','?','?','?','?','?','?','?','?','?','?','?','?','?','?','?','?','?','?','?','?','?','?','?','?','?','?','?','?','?','?','?','?','?','?','?','?','?','?','?','?','?','?','?','?','?','?','?','?','?','?','?','?','?','?','?','?','?','?','?','?','?','?','?','?','?'}; 
Previous 29: main:array:1={':','a','b','b','b','b','b','b','b','b','b','b','b','b','b','b','b','b','b','b','b','b','b','b','b','b','b','b','b','b','b','b','b','b','b','b','b','b','b','b','b','b','b','b','b','b','b','b','b','b','b','b','b','b','b','b','b','b','b','b','b','b','b','b','b','b','b','b','b','b','b','b','b','b','b','b','b','b','b','b','b','b','b','b','b','b','b','b','b','b','b','b','b','b','b','b','b','b','b','b','b'}; 
Previous 30: main:array:1={'a','a','a','a','a','a','a','a','a','a','a','a','a','a','a','a','a','a','a','a','a','a','a','a','a','a','a','a','a','a','a','a','a','a','a','a','a','a','a','a','a','a','a','a','a','a','a','a','a','a','a','a','a','a','a','a','a','a','a','a','b','b','b','b','b','b','b','b','b','b','b','b','b','b','b','b','b','b','b','b','b','b','b','b','b','b','b','b','b','b','b','b','b','b','b','b','b','b','b','b','b'}; 
Previous 31: main:array:1={'a','a','a','a','a','a','a','a','a','a','a','a','a','a','a','a','a','a','a','a','a','a','a','a','a','a','a','a','a','a','a','a','a','a','a','a','a','a','a','a','a','a','a','a','a','a','a','a','a','a','b','b','b','b','b','b','b','b','b','b','b','b','b','b','b','b','b','b','b','b','b','b','b','b','b','b','b','b','b','b','0','0','0','0','0','0','0','0','0','0','0','0','0','0','0','0','0','0','0','0','0'}; 
Previous 32: main:array:1={'\'','a','\'','b','\'','c','\'','a','\'','b','\'','c','\'','a','\'','b','\'','c','\'','a','\'','b','\'','c','\'','a','\'','b','\'','c','\'','a','\'','b','\'','c','\'','a','\'','b','\'','c','\'','a','\'','b','\'','c','\'','a','\'','b','\'','c','\'','a','\'','b','\'','c','\'','a','\'','b','\'','c','\'','a','\'','b','\'','c','\'','a','\'','b','\'','c','\'','a','\'','b','\'','c','\'','a','\'','b','\'','c','\'','a','\'','b','\'','c','\'','a','\'','b','\''}; 
Previous 33: main:array:1={'b','b','b','b','b','b','b','b','b','b','b','b','b','b','b','b','b','b','b','b','b','b','b','b','b','b','b','b','b','b','b','b','b','b','b','b','b','b','b','b','b','b','b','b','b','b','b','b','b','b','b','b','b','b','b','b','b','b','b','b','b','b','b','b','b','b','b','b','b','b','b','b','b','b','b','b','b','b','b','b','b','b','b','b','b','b','b','b','b','b','b','b','b','b','b','b','b','b','b','b','b'}; 
Previous 34: main:array:1={'a','b','c','a','b','c','a','b','c','a','b','c','a','b','c','a','b','c','a','b','c','a','b','c','a','b','c','a','b','c','a','b','c','a','b','c','a','b','c','a','b','c','a','b','c','a','b','c','a','b','c','a','b','c','a','b','c','a','b','c','a','b','c','a','b','c','a','b','c','a','b','c','a','b','c','a','b','c','a','b','c','a','b','c','a','b','c','a','b','c','a','b','c','a','b','c','a','b','c','x','x'}; 
Previous 35: main:array:1={'#','#','#','#','#','#','#','#','#','#','#','#','#','#','#','#','#','#','#','#','#','#','#','#','#','#','#','#','#','#','#','#','#','#','#','#','#','#','#','#','#','#','#','#','#','#','#','#','#','#','#','#','#','#','#','#','#','#','#','#','#','#','#','#','#','#','#','#','#','#','#','#','#','#','#','#','#','#','#','#','#','#','#','#','#','#','#','#','#','#','#','#','#','#','#','#','#','#','#','C','}'}; 

Program:
extern char __VERIFIER_nondet_char(void);
/*
Commit Number: e6801c90311679fc0854af73da95fe58079c59f4
URL: https://github.com/FreeRADIUS/freeradius-server/commit/e6801c90311679fc0854af73da95fe58079c59f4
Project Name: freeradius-serve
License: GPL2
termination: false


*/
int main()
{
    int stop = 0;
    char array[101];
    for( int i = 0 ; i < 100 ; i++ )
        array[i] =  __VERIFIER_nondet_char();
    array[100] = 0;
    char* p = array;
    while( (*p) && (!stop) )
    {
        switch(*p){
        case '}':
            stop = 1;
            break;

        case ':':
            if( *(p+1) && (*(p+1) == '-')){
                p += 2;
                stop = 1;
            }
            break;
        default:
            p++;
        }
    }
    return 0;
}

"
43,NT,"main:array:1={'M','N','M','N','M','N','M','N','M','N','M','N','M','N','M','N','M','N','M','N','M','N','M','N','M','N','M','N','M','N','M','N','M','N','M','N','M','N','M','N','M','N','M','N','M','N','M','N','M','N','M','N','M','N','M','N','M','N','M','N','M','N','M','N','M','N','M','N','M','N','M','N','M','N','M','N','M','N','M','N','M','N','M','N','M','N','M','N','M','N','M','N','M','N','M','N','M','N','M','N','M'}
",,COMPLETED,T,false,,"You generate concrete values for nondeterministic inputs in a C/C++ program.
Your goal is to produce ONE complete assignment set that is likely to make the program not terminate.

Important rules:
1. Return a value for EVERY listed nondeterministic input ID.
2. Use each ID exactly once.
3. Respect the declared C/C++ type.
4. For an array, return the value as an array containing exactly the required number of elements.
5. For char arrays, each element must be exactly one character. Return the character itself without C single quotes.
6. Prefer small-magnitude values unless larger values are necessary to achieve the requested execution behavior.

Nondeterministic inputs:
- id: main:array:1, type: char, array: true, size: 101, required elements: 101

Previously generated assignment sets are listed below. Generate a materially different set and do not duplicate any of them.
Previous 1: main:array:1={'a','a','a','a','a','a','a','a','a','a','a','a','a','a','a','a','a','a','a','a','a','a','a','a','a','a','a','a','a','a','a','a','a','a','a','a','a','a','a','a','a','a','a','a','a','a','a','a','a','a','a','a','a','a','a','a','a','a','a','a','a','a','a','a','a','a','a','a','a','a','a','a','a','a','a','a','a','a','a','a','a','a','a','a','a','a','a','a','a','a','a','a','a','a','a','a','a','a','a','a','a'}; 
Previous 2: main:array:1={'}','b','b','b','b','b','b','b','b','b','b','b','b','b','b','b','b','b','b','b','b','b','b','b','b','b','b','b','b','b','b','b','b','b','b','b','b','b','b','b','b','b','b','b','b','b','b','b','b','b','b','b','b','b','b','b','b','b','b','b','b','b','b','b','b','b','b','b','b','b','b','b','b','b','b','b','b','b','b','b','b','b','b','b','b','b','b','b','b','b','b','b','b','b','b','b','b','b','b','b','b'}; 
Previous 3: main:array:1={'}','a','a','a','a','a','a','a','a','a','a','a','a','a','a','a','a','a','a','a','a','a','a','a','a','a','a','a','a','a','a','a','a','a','a','a','a','a','a','a','a','a','a','a','a','a','a','a','a','a','a','a','a','a','a','a','a','a','a','a','a','a','a','a','a','a','a','a','a','a','a','a','a','a','a','a','a','a','a','a','a','a','a','a','a','a','a','a','a','a','a','a','a','a','a','a','a','a','a','a','a'}; 
Previous 4: main:array:1={'b','b','b','b','b','b','b','b','b','b','b','b','b','b','b','b','b','b','b','b','b','b','b','b','b','b','b','b','b','b','b','b','b','b','b','b','b','b','b','b','b','b','b','b','b','b','b','b','b','b','}','c','c','c','c','c','c','c','c','c','c','c','c','c','c','c','c','c','c','c','c','c','c','c','c','c','c','c','c','c','c','c','c','c','c','c','c','c','c','c','x','x','x','x','x','x','x','x','x','x','x'}; 
Previous 5: main:array:1={'\'','}','\'','\'','c','\'','\'','c','\'','\'','c','\'','\'','c','\'','\'','c','\'','\'','c','\'','\'','c','\'','\'','c','\'','\'','c','\'','\'','c','\'','\'','c','\'','\'','c','\'','\'','c','\'','\'','c','\'','\'','c','\'','\'','c','\'','\'','c','\'','\'','c','\'','\'','c','\'','\'','c','\'','\'','c','\'','\'','c','\'','\'','c','\'','\'','c','\'','\'','c','\'','\'','c','\'','\'','c','\'','\'','c','\'','\'','c','\'','\'','c','\'','\'','c','\'','\'','c','\'','\'','c'}; 
Previous 6: main:array:1={'\'','\'','\'','\'','\'','\'','\'','\'','\'','\'','\'','\'','\'','\'','\'','\'','\'','\'','\'','\'','\'','\'','\'','\'','\'','\'','\'','\'','\'','\'','\'','\'','\'','\'','\'','\'','\'','\'','\'','\'','\'','\'','\'','\'','\'','\'','\'','\'','\'','\'','\'','\'','\'','\'','\'','\'','\'','\'','\'','\'','\'','\'','\'','\'','\'','\'','\'','\'','\'','\'','\'','\'','\'','\'','\'','\'','\'','\'','\'','\'','\'','\'','\'','\'','\'','\'','\'','\'','\'','\'','\'','\'','\'','\'','\'','\'','\'','\'','\'','\'','\''}; 
Previous 7: main:array:1={'A','B','C','D','E','F','G','H','I','J','K','L','M','N','O','P','Q','R','S','T','U','V','W','X','Y','Z','a','b','c','d','e','f','g','h','i','j','k','l','m','n','o','p','q','r','s','t','u','v','w','x','y','z','0','1','2','3','4','5','6','7','8','9','!','?','.',',','-','_','/','/','|','@','#','$','%','^','&','*','(',')','{','[',']','`','~','>','<',':',';','`','\'',' ','!','?','.',',','%','+','=','/','/'}; 
Previous 8: main:array:1={'0','0','0','0','0','0','0','0','0','0','0','0','0','0','0','0','0','0','0','0','0','0','0','0','0','0','0','0','0','0','0','0','0','0','0','0','0','0','0','0','0','0','0','0','0','0','0','0','0','0','0','0','0','0','0','0','0','0','0','0','0','0','0','0','0','0','0','0','0','0','0','0','0','0','0','0','0','0','0','0','0','0','0','0','0','0','0','0','0','0','0','0','0','0','0','0','0','0','0','0','0'}; 
Previous 9: main:array:1={'a','b','a','b','a','b','a','b','a','b','a','b','a','b','a','b','a','b','a','b','a','b','a','b','a','b','a','b','a','b','a','b','a','b','a','b','a','b','a','b','a','b','a','b','a','b','a','b','a','b','a','b','a','b','a','b','a','b','a','b','a','b','a','b','a','b','a','b','a','b','a','b','a','b','a','b','a','b','a','b','a','b','a','b','a','b','a','b','a','b','a','b','a','b','a','b','a','b','a','b','a'}; 
Previous 10: main:array:1={'\'','A','\'','B','\'','C','\'','D','\'','E','\'','F','\'','G','\'','H','\'','I','\'','J','\'','K','\'','L','\'','M','\'','N','\'','O','\'','P','\'','Q','\'','R','\'','S','\'','T','\'','U','\'','V','\'','W','\'','X','\'','Y','\'','Z','\'','a','\'','b','\'','c','\'','d','\'','e','\'','f','\'','g','\'','h','\'','i','\'','j','\'','k','\'','l','\'','m','\'','n','\'','o','\'','p','\'','q','\'','r','\'','s','\'','t','\'','u','\'','v','\'','w','\'','x','\''}; 
Previous 11: main:array:1={':','-','a','a','a','a','a','a','a','a','a','a','a','a','a','a','a','a','a','a','a','a','a','a','a','a','a','a','a','a','a','a','a','a','a','a','a','a','a','a','a','a','a','a','a','a','a','a','a','a','a','a','a','a','a','a','a','a','a','a','a','a','a','a','a','a','a','a','a','a','a','a','a','a','a','a','a','a','a','a','a','a','a','a','a','a','a','a','a','a','a','a','a','a','a','a','a','a','a','a','a'}; 
Previous 12: main:array:1={'x','x','x','x','x','x','x','x','x','x','x','x','x','x','x','x','x','x','x','x','x','x','x','x','x','x','x','x','x','x','x','x','x','x','x','x','x','x','x','x','x','x','x','x','x','x','x','x','x','x','x','x','x','x','x','x','x','x','x','x','x','x','x','x','x','x','x','x','x','x','x','x','x','x','x','x','x','x','x','x','x','x','x','x','x','x','x','x','x','x','x','x','x','x','x','x','x','x','x','x','x'}; 
Previous 13: main:array:1={':','b','a','a','a','a','a','a','a','a','a','a','a','a','a','a','a','a','a','a','a','a','a','a','a','a','a','a','a','a','a','a','a','a','a','a','a','a','a','a','a','a','a','a','a','a','a','a','a','a','a','a','a','a','a','a','a','a','a','a','a','a','a','a','a','a','a','a','a','a','a','a','a','a','a','a','a','a','a','a','a','a','a','a','a','a','a','a','a','a','a','a','a','a','a','a','a','a','a','a','a'}; 
Previous 14: main:array:1={'\'','\'',':','\'','a','\'','b','\'','b','\'','b','\'','b','\'','b','\'','b','\'','b','\'','b','\'','b','\'','b','\'','b','\'','b','\'','b','\'','b','\'','b','\'','b','\'','b','\'','b','\'','b','\'','b','\'','b','\'','b','\'','b','\'','b','\'','b','\'','b','\'','b','\'','b','\'','b','\'','b','\'','b','\'','b','\'','b','\'','b','\'','b','\'','b','\'','b','\'','b','\'','b','\'','b','\'','b','\'','b','\'','b','\'','b','\'','b','\'','b','\'','b','\'','b'}; 
Previous 15: main:array:1={'a','a','a','a','a','a','a','a','a','a','a','a','a','a','a','a','a','a','a','a','a','a','a','a','a','a','a','a','a','a','a','a','a','a','a','a','a','a','a','a','a','a','a','a','a','a','a','a','a','a','a','a','a','a','a','a','a','a','a','a','a','a','a','a','a','a','a','a','a','a','a','a','a','a','a','a','a','a','a','a','a','a','a','a','a','a','a','a','a','a','a','a','a','a','a','a','a','a',':','0','0'}; 
Previous 16: main:array:1={'z','z','z','z','z','z','z','z','z','z','z','z','z','z','z','z','z','z','z','z','z','z','z','z','z','z','z','z','z','z','z','z','z','z','z','z','z','z','z','z','z','z','z','z','z','z','z','z','z','z','z','z','z','z','z','z','z','z','z','z','z','z','z','z','z','z','z','z','z','z','z','z','z','z','z','z','z','z','z','z','z','z','z','z','z','z','z','z','z','z','z','z','z','z','z','z','z','z','z','z','z'}; 
Previous 17: main:array:1={'!','!','!','!','!','!','!','!','!','!','!','!','!','!','!','!','!','!','!','!','!','!','!','!','!','!','!','!','!','!','!','!','!','!','!','!','!','!','!','!','!','!','!','!','!','!','!','!','!','!','!','!','!','!','!','!','!','!','!','!','!','!','!','!','!','!','!','!','!','!','!','!','!','!','!','!','!','!','!','!','!','!','!','!','!','!','!','!','!','!','!','!','!','!','!','!','!','!','!','!','!'}; 
Previous 18: main:array:1={'a','a','a','a','a','a','a','a','a','a','a','a','a','a','a','a','a','a','a','a','a','a','a','a','a','a','a','a','a','a','a','a','a','a','a','a','a','a','a','a','a','a','a','a','a','a','a','a','a','a','a','a','a','a','a','a','a','a','a','a','a','a','a','a','a','a','a','a','a','a','a','a','a','a','a','a','a','a','a','a','a','a','a','a','a','a','a','a','a','a','a','a','a','a','a','a','a','a','b','b','b'}; 
Previous 19: main:array:1={'A','B','C','D','E','F','G','H','I','J','K','L','M','N','O','P','Q','R','S','T','U','V','W','X','Y','Z','A','B','C','D','E','F','G','H','I','J','K','L','M','N','O','P','Q','R','S','T','U','V','W','X','Y','Z','A','B','C','D','E','F','G','H','I','J','K','L','M','N','O','P','Q','R','S','T','U','V','W','X','Y','Z','A','B','C','D','E','F','G','H','I','J','K','L','M','N','O','P','Q','R','S','T','U','V','W'}; 
Previous 20: main:array:1={'H','e','l','l','o','W','o','r','l','d','H','e','l','l','o','W','o','r','l','d','H','e','l','l','o','W','o','r','l','d','H','e','l','l','o','W','o','r','l','d','H','e','l','l','o','W','o','r','l','d','H','e','l','l','o','W','o','r','l','d','H','e','l','l','o','W','o','r','l','d','H','e','l','l','o','W','o','r','l','d','H','e','l','l','o','W','o','r','l','d','H','e','l','l','o','W','o','r','l','d','H'}; 
Previous 21: main:array:1={':','A','a','a','a','a','a','a','a','a','a','a','a','a','a','a','a','a','a','a','a','a','a','a','a','a','a','a','a','a','a','a','a','a','a','a','a','a','a','a','a','a','a','a','a','a','a','a','a','a','a','a','a','a','a','a','a','a','a','a','a','a','a','a','a','a','a','a','a','a','a','a','a','a','a','a','a','a','a','a','a','a','a','a','a','a','a','a','a','a','a','a','a','a','a','a','a','a','a','a','a'}; 
Previous 22: main:array:1={'m','n','o','p','q','r','s','t','u','v','m','n','o','p','q','r','s','t','u','v','m','n','o','p','q','r','s','t','u','v','m','n','o','p','q','r','s','t','u','v','m','n','o','p','q','r','s','t','u','v','m','n','o','p','q','r','s','t','u','v','m','n','o','p','q','r','s','t','u','v','m','n','o','p','q','r','s','t','u','v','m','n','o','p','q','r','s','t','u','v','m','n','o','p','q','r','s','t','u','v','m'}; 
Previous 23: main:array:1={'a','a','a','a','a','a','a','a','a','a','a','a','a','a','a','a','a','a','a','a','a','a','a','a','a','a','a','a','a','a','a','a','a','a','a','a','a','a','a','a','a','a','a','a','a','a','a','a','a','a','a','a','a','a','a','a','a','a','a','a','a','a','a','a','a','a','a','a','a','a','a','a','a','a','a','a','a','a','a','a','a','a','a','a','a','a','a','a','a','a','a','a','a','a','a','a','a','a','a','a','b'}; 
Previous 24: main:array:1={'-','-','-','-','-','-','-','-','-','-','-','-','-','-','-','-','-','-','-','-','-','-','-','-','-','-','-','-','-','-','-','-','-','-','-','-','-','-','-','-','-','-','-','-','-','-','-','-','-','-','-','-','-','-','-','-','-','-','-','-','-','-','-','-','-','-','-','-','-','-','-','-','-','-','-','-','-','-','-','-','-','-','-','-','-','-','-','-','-','-','-','-','-','-','-','-','-','-','-','-','-'}; 
Previous 25: main:array:1={'A','B','C','D','E','F','G','H','I','J','K','L','M','N','O','P','Q','R','S','T','U','V','W','X','Y','Z','a','b','c','d','e','f','g','h','i','j','k','l','m','n','o','p','q','r','s','t','u','v','w','x','y','z','0','1','2','3','4','5','6','7','8','9','!','@','#','$','%','^','&','*','(',')','-','=','+','[',']','{',';',';',',','.','<','>','?','/',';','~','\'','`','^','+','+','?','/',';','~','\'','`','^','+'}; 
Previous 26: main:array:1={'\'','A','\'','A','\'','A','\'','A','\'','A','\'','A','\'','A','\'','A','\'','A','\'','A','\'','A','\'','A','\'','A','\'','A','\'','A','\'','A','\'','A','\'','A','\'','A','\'','A','\'','A','\'','A','\'','A','\'','A','\'','A','\'','A','\'','A','\'','A','\'','A','\'','A','\'','A','\'','A','\'','A','\'','A','\'','A','\'','A','\'','A','\'','A','\'','A','\'','A','\'','A','\'','A','\'','A','\'','A','\'','A','\'','A','\'','A','\'','A','\'','A','\'','A','\''}; 
Previous 27: main:array:1={'O','O','O','O','O','O','O','O','O','O','O','O','O','O','O','O','O','O','O','O','O','O','O','O','O','O','O','O','O','O','O','O','O','O','O','O','O','O','O','O','O','O','O','O','O','O','O','O','O','O','O','O','O','O','O','O','O','O','O','O','O','O','O','O','O','O','O','O','O','O','O','O','O','O','O','O','O','O','O','O','O','O','O','O','O','O','O','O','O','O','O','O','O','O','O','O','O','O','O','O','O'}; 
Previous 28: main:array:1={'?','?','?','?','?','?','?','?','?','?','?','?','?','?','?','?','?','?','?','?','?','?','?','?','?','?','?','?','?','?','?','?','?','?','?','?','?','?','?','?','?','?','?','?','?','?','?','?','?','?','?','?','?','?','?','?','?','?','?','?','?','?','?','?','?','?','?','?','?','?','?','?','?','?','?','?','?','?','?','?','?','?','?','?','?','?','?','?','?','?','?','?','?','?','?','?','?','?','?','?','?'}; 
Previous 29: main:array:1={':','a','b','b','b','b','b','b','b','b','b','b','b','b','b','b','b','b','b','b','b','b','b','b','b','b','b','b','b','b','b','b','b','b','b','b','b','b','b','b','b','b','b','b','b','b','b','b','b','b','b','b','b','b','b','b','b','b','b','b','b','b','b','b','b','b','b','b','b','b','b','b','b','b','b','b','b','b','b','b','b','b','b','b','b','b','b','b','b','b','b','b','b','b','b','b','b','b','b','b','b'}; 
Previous 30: main:array:1={'a','a','a','a','a','a','a','a','a','a','a','a','a','a','a','a','a','a','a','a','a','a','a','a','a','a','a','a','a','a','a','a','a','a','a','a','a','a','a','a','a','a','a','a','a','a','a','a','a','a','a','a','a','a','a','a','a','a','a','a','b','b','b','b','b','b','b','b','b','b','b','b','b','b','b','b','b','b','b','b','b','b','b','b','b','b','b','b','b','b','b','b','b','b','b','b','b','b','b','b','b'}; 
Previous 31: main:array:1={'a','a','a','a','a','a','a','a','a','a','a','a','a','a','a','a','a','a','a','a','a','a','a','a','a','a','a','a','a','a','a','a','a','a','a','a','a','a','a','a','a','a','a','a','a','a','a','a','a','a','b','b','b','b','b','b','b','b','b','b','b','b','b','b','b','b','b','b','b','b','b','b','b','b','b','b','b','b','b','b','0','0','0','0','0','0','0','0','0','0','0','0','0','0','0','0','0','0','0','0','0'}; 
Previous 32: main:array:1={'\'','a','\'','b','\'','c','\'','a','\'','b','\'','c','\'','a','\'','b','\'','c','\'','a','\'','b','\'','c','\'','a','\'','b','\'','c','\'','a','\'','b','\'','c','\'','a','\'','b','\'','c','\'','a','\'','b','\'','c','\'','a','\'','b','\'','c','\'','a','\'','b','\'','c','\'','a','\'','b','\'','c','\'','a','\'','b','\'','c','\'','a','\'','b','\'','c','\'','a','\'','b','\'','c','\'','a','\'','b','\'','c','\'','a','\'','b','\'','c','\'','a','\'','b','\''}; 
Previous 33: main:array:1={'b','b','b','b','b','b','b','b','b','b','b','b','b','b','b','b','b','b','b','b','b','b','b','b','b','b','b','b','b','b','b','b','b','b','b','b','b','b','b','b','b','b','b','b','b','b','b','b','b','b','b','b','b','b','b','b','b','b','b','b','b','b','b','b','b','b','b','b','b','b','b','b','b','b','b','b','b','b','b','b','b','b','b','b','b','b','b','b','b','b','b','b','b','b','b','b','b','b','b','b','b'}; 
Previous 34: main:array:1={'a','b','c','a','b','c','a','b','c','a','b','c','a','b','c','a','b','c','a','b','c','a','b','c','a','b','c','a','b','c','a','b','c','a','b','c','a','b','c','a','b','c','a','b','c','a','b','c','a','b','c','a','b','c','a','b','c','a','b','c','a','b','c','a','b','c','a','b','c','a','b','c','a','b','c','a','b','c','a','b','c','a','b','c','a','b','c','a','b','c','a','b','c','a','b','c','a','b','c','x','x'}; 
Previous 35: main:array:1={'#','#','#','#','#','#','#','#','#','#','#','#','#','#','#','#','#','#','#','#','#','#','#','#','#','#','#','#','#','#','#','#','#','#','#','#','#','#','#','#','#','#','#','#','#','#','#','#','#','#','#','#','#','#','#','#','#','#','#','#','#','#','#','#','#','#','#','#','#','#','#','#','#','#','#','#','#','#','#','#','#','#','#','#','#','#','#','#','#','#','#','#','#','#','#','#','#','#','#','C','}'}; 
Previous 36: main:array:1={'A','b','C','d','E','f','G','h','I','j','K','l','M','n','O','p','Q','r','S','t','U','v','W','x','Y','z','A','b','C','d','E','f','G','h','I','j','K','l','M','n','O','p','Q','r','S','t','U','v','W','x','Y','z','A','b','C','d','E','f','G','h','I','j','K','l','M','n','O','p','Q','r','S','t','U','v','W','x','Y','z','A','b','C','d','E','f','G','h','I','j','K','l','M','n','O','p','Q','r','S','t','U','v','W'}; 

Program:
extern char __VERIFIER_nondet_char(void);
/*
Commit Number: e6801c90311679fc0854af73da95fe58079c59f4
URL: https://github.com/FreeRADIUS/freeradius-server/commit/e6801c90311679fc0854af73da95fe58079c59f4
Project Name: freeradius-serve
License: GPL2
termination: false


*/
int main()
{
    int stop = 0;
    char array[101];
    for( int i = 0 ; i < 100 ; i++ )
        array[i] =  __VERIFIER_nondet_char();
    array[100] = 0;
    char* p = array;
    while( (*p) && (!stop) )
    {
        switch(*p){
        case '}':
            stop = 1;
            break;

        case ':':
            if( *(p+1) && (*(p+1) == '-')){
                p += 2;
                stop = 1;
            }
            break;
        default:
            p++;
        }
    }
    return 0;
}

"
44,NT,"main:array:1={':','a','b','b','b','b','b','b','b','b','b','b','b','b','b','b','b','b','b','b','b','b','b','b','b','b','b','b','b','b','b','b','b','b','b','b','b','b','b','b','b','b','b','b','b','b','b','b','b','b','b','b','b','b','b','b','b','b','b','b','b','b','b','b','b','b','b','b','b','b','b','b','b','b','b','b','b','b','b','b','b','b','b','b','b','b','b','b','b','b','b','b','b','b','b','b','b','b','b','b','b'}
",,DUPLICATE,,false,,"You generate concrete values for nondeterministic inputs in a C/C++ program.
Your goal is to produce ONE complete assignment set that is likely to make the program not terminate.

Important rules:
1. Return a value for EVERY listed nondeterministic input ID.
2. Use each ID exactly once.
3. Respect the declared C/C++ type.
4. For an array, return the value as an array containing exactly the required number of elements.
5. For char arrays, each element must be exactly one character. Return the character itself without C single quotes.
6. Prefer small-magnitude values unless larger values are necessary to achieve the requested execution behavior.

Nondeterministic inputs:
- id: main:array:1, type: char, array: true, size: 101, required elements: 101

Previously generated assignment sets are listed below. Generate a materially different set and do not duplicate any of them.
Previous 1: main:array:1={'a','a','a','a','a','a','a','a','a','a','a','a','a','a','a','a','a','a','a','a','a','a','a','a','a','a','a','a','a','a','a','a','a','a','a','a','a','a','a','a','a','a','a','a','a','a','a','a','a','a','a','a','a','a','a','a','a','a','a','a','a','a','a','a','a','a','a','a','a','a','a','a','a','a','a','a','a','a','a','a','a','a','a','a','a','a','a','a','a','a','a','a','a','a','a','a','a','a','a','a','a'}; 
Previous 2: main:array:1={'}','b','b','b','b','b','b','b','b','b','b','b','b','b','b','b','b','b','b','b','b','b','b','b','b','b','b','b','b','b','b','b','b','b','b','b','b','b','b','b','b','b','b','b','b','b','b','b','b','b','b','b','b','b','b','b','b','b','b','b','b','b','b','b','b','b','b','b','b','b','b','b','b','b','b','b','b','b','b','b','b','b','b','b','b','b','b','b','b','b','b','b','b','b','b','b','b','b','b','b','b'}; 
Previous 3: main:array:1={'}','a','a','a','a','a','a','a','a','a','a','a','a','a','a','a','a','a','a','a','a','a','a','a','a','a','a','a','a','a','a','a','a','a','a','a','a','a','a','a','a','a','a','a','a','a','a','a','a','a','a','a','a','a','a','a','a','a','a','a','a','a','a','a','a','a','a','a','a','a','a','a','a','a','a','a','a','a','a','a','a','a','a','a','a','a','a','a','a','a','a','a','a','a','a','a','a','a','a','a','a'}; 
Previous 4: main:array:1={'b','b','b','b','b','b','b','b','b','b','b','b','b','b','b','b','b','b','b','b','b','b','b','b','b','b','b','b','b','b','b','b','b','b','b','b','b','b','b','b','b','b','b','b','b','b','b','b','b','b','}','c','c','c','c','c','c','c','c','c','c','c','c','c','c','c','c','c','c','c','c','c','c','c','c','c','c','c','c','c','c','c','c','c','c','c','c','c','c','c','x','x','x','x','x','x','x','x','x','x','x'}; 
Previous 5: main:array:1={'\'','}','\'','\'','c','\'','\'','c','\'','\'','c','\'','\'','c','\'','\'','c','\'','\'','c','\'','\'','c','\'','\'','c','\'','\'','c','\'','\'','c','\'','\'','c','\'','\'','c','\'','\'','c','\'','\'','c','\'','\'','c','\'','\'','c','\'','\'','c','\'','\'','c','\'','\'','c','\'','\'','c','\'','\'','c','\'','\'','c','\'','\'','c','\'','\'','c','\'','\'','c','\'','\'','c','\'','\'','c','\'','\'','c','\'','\'','c','\'','\'','c','\'','\'','c','\'','\'','c','\'','\'','c'}; 
Previous 6: main:array:1={'\'','\'','\'','\'','\'','\'','\'','\'','\'','\'','\'','\'','\'','\'','\'','\'','\'','\'','\'','\'','\'','\'','\'','\'','\'','\'','\'','\'','\'','\'','\'','\'','\'','\'','\'','\'','\'','\'','\'','\'','\'','\'','\'','\'','\'','\'','\'','\'','\'','\'','\'','\'','\'','\'','\'','\'','\'','\'','\'','\'','\'','\'','\'','\'','\'','\'','\'','\'','\'','\'','\'','\'','\'','\'','\'','\'','\'','\'','\'','\'','\'','\'','\'','\'','\'','\'','\'','\'','\'','\'','\'','\'','\'','\'','\'','\'','\'','\'','\'','\'','\''}; 
Previous 7: main:array:1={'A','B','C','D','E','F','G','H','I','J','K','L','M','N','O','P','Q','R','S','T','U','V','W','X','Y','Z','a','b','c','d','e','f','g','h','i','j','k','l','m','n','o','p','q','r','s','t','u','v','w','x','y','z','0','1','2','3','4','5','6','7','8','9','!','?','.',',','-','_','/','/','|','@','#','$','%','^','&','*','(',')','{','[',']','`','~','>','<',':',';','`','\'',' ','!','?','.',',','%','+','=','/','/'}; 
Previous 8: main:array:1={'0','0','0','0','0','0','0','0','0','0','0','0','0','0','0','0','0','0','0','0','0','0','0','0','0','0','0','0','0','0','0','0','0','0','0','0','0','0','0','0','0','0','0','0','0','0','0','0','0','0','0','0','0','0','0','0','0','0','0','0','0','0','0','0','0','0','0','0','0','0','0','0','0','0','0','0','0','0','0','0','0','0','0','0','0','0','0','0','0','0','0','0','0','0','0','0','0','0','0','0','0'}; 
Previous 9: main:array:1={'a','b','a','b','a','b','a','b','a','b','a','b','a','b','a','b','a','b','a','b','a','b','a','b','a','b','a','b','a','b','a','b','a','b','a','b','a','b','a','b','a','b','a','b','a','b','a','b','a','b','a','b','a','b','a','b','a','b','a','b','a','b','a','b','a','b','a','b','a','b','a','b','a','b','a','b','a','b','a','b','a','b','a','b','a','b','a','b','a','b','a','b','a','b','a','b','a','b','a','b','a'}; 
Previous 10: main:array:1={'\'','A','\'','B','\'','C','\'','D','\'','E','\'','F','\'','G','\'','H','\'','I','\'','J','\'','K','\'','L','\'','M','\'','N','\'','O','\'','P','\'','Q','\'','R','\'','S','\'','T','\'','U','\'','V','\'','W','\'','X','\'','Y','\'','Z','\'','a','\'','b','\'','c','\'','d','\'','e','\'','f','\'','g','\'','h','\'','i','\'','j','\'','k','\'','l','\'','m','\'','n','\'','o','\'','p','\'','q','\'','r','\'','s','\'','t','\'','u','\'','v','\'','w','\'','x','\''}; 
Previous 11: main:array:1={':','-','a','a','a','a','a','a','a','a','a','a','a','a','a','a','a','a','a','a','a','a','a','a','a','a','a','a','a','a','a','a','a','a','a','a','a','a','a','a','a','a','a','a','a','a','a','a','a','a','a','a','a','a','a','a','a','a','a','a','a','a','a','a','a','a','a','a','a','a','a','a','a','a','a','a','a','a','a','a','a','a','a','a','a','a','a','a','a','a','a','a','a','a','a','a','a','a','a','a','a'}; 
Previous 12: main:array:1={'x','x','x','x','x','x','x','x','x','x','x','x','x','x','x','x','x','x','x','x','x','x','x','x','x','x','x','x','x','x','x','x','x','x','x','x','x','x','x','x','x','x','x','x','x','x','x','x','x','x','x','x','x','x','x','x','x','x','x','x','x','x','x','x','x','x','x','x','x','x','x','x','x','x','x','x','x','x','x','x','x','x','x','x','x','x','x','x','x','x','x','x','x','x','x','x','x','x','x','x','x'}; 
Previous 13: main:array:1={':','b','a','a','a','a','a','a','a','a','a','a','a','a','a','a','a','a','a','a','a','a','a','a','a','a','a','a','a','a','a','a','a','a','a','a','a','a','a','a','a','a','a','a','a','a','a','a','a','a','a','a','a','a','a','a','a','a','a','a','a','a','a','a','a','a','a','a','a','a','a','a','a','a','a','a','a','a','a','a','a','a','a','a','a','a','a','a','a','a','a','a','a','a','a','a','a','a','a','a','a'}; 
Previous 14: main:array:1={'\'','\'',':','\'','a','\'','b','\'','b','\'','b','\'','b','\'','b','\'','b','\'','b','\'','b','\'','b','\'','b','\'','b','\'','b','\'','b','\'','b','\'','b','\'','b','\'','b','\'','b','\'','b','\'','b','\'','b','\'','b','\'','b','\'','b','\'','b','\'','b','\'','b','\'','b','\'','b','\'','b','\'','b','\'','b','\'','b','\'','b','\'','b','\'','b','\'','b','\'','b','\'','b','\'','b','\'','b','\'','b','\'','b','\'','b','\'','b','\'','b','\'','b','\'','b'}; 
Previous 15: main:array:1={'a','a','a','a','a','a','a','a','a','a','a','a','a','a','a','a','a','a','a','a','a','a','a','a','a','a','a','a','a','a','a','a','a','a','a','a','a','a','a','a','a','a','a','a','a','a','a','a','a','a','a','a','a','a','a','a','a','a','a','a','a','a','a','a','a','a','a','a','a','a','a','a','a','a','a','a','a','a','a','a','a','a','a','a','a','a','a','a','a','a','a','a','a','a','a','a','a','a',':','0','0'}; 
Previous 16: main:array:1={'z','z','z','z','z','z','z','z','z','z','z','z','z','z','z','z','z','z','z','z','z','z','z','z','z','z','z','z','z','z','z','z','z','z','z','z','z','z','z','z','z','z','z','z','z','z','z','z','z','z','z','z','z','z','z','z','z','z','z','z','z','z','z','z','z','z','z','z','z','z','z','z','z','z','z','z','z','z','z','z','z','z','z','z','z','z','z','z','z','z','z','z','z','z','z','z','z','z','z','z','z'}; 
Previous 17: main:array:1={'!','!','!','!','!','!','!','!','!','!','!','!','!','!','!','!','!','!','!','!','!','!','!','!','!','!','!','!','!','!','!','!','!','!','!','!','!','!','!','!','!','!','!','!','!','!','!','!','!','!','!','!','!','!','!','!','!','!','!','!','!','!','!','!','!','!','!','!','!','!','!','!','!','!','!','!','!','!','!','!','!','!','!','!','!','!','!','!','!','!','!','!','!','!','!','!','!','!','!','!','!'}; 
Previous 18: main:array:1={'a','a','a','a','a','a','a','a','a','a','a','a','a','a','a','a','a','a','a','a','a','a','a','a','a','a','a','a','a','a','a','a','a','a','a','a','a','a','a','a','a','a','a','a','a','a','a','a','a','a','a','a','a','a','a','a','a','a','a','a','a','a','a','a','a','a','a','a','a','a','a','a','a','a','a','a','a','a','a','a','a','a','a','a','a','a','a','a','a','a','a','a','a','a','a','a','a','a','b','b','b'}; 
Previous 19: main:array:1={'A','B','C','D','E','F','G','H','I','J','K','L','M','N','O','P','Q','R','S','T','U','V','W','X','Y','Z','A','B','C','D','E','F','G','H','I','J','K','L','M','N','O','P','Q','R','S','T','U','V','W','X','Y','Z','A','B','C','D','E','F','G','H','I','J','K','L','M','N','O','P','Q','R','S','T','U','V','W','X','Y','Z','A','B','C','D','E','F','G','H','I','J','K','L','M','N','O','P','Q','R','S','T','U','V','W'}; 
Previous 20: main:array:1={'H','e','l','l','o','W','o','r','l','d','H','e','l','l','o','W','o','r','l','d','H','e','l','l','o','W','o','r','l','d','H','e','l','l','o','W','o','r','l','d','H','e','l','l','o','W','o','r','l','d','H','e','l','l','o','W','o','r','l','d','H','e','l','l','o','W','o','r','l','d','H','e','l','l','o','W','o','r','l','d','H','e','l','l','o','W','o','r','l','d','H','e','l','l','o','W','o','r','l','d','H'}; 
Previous 21: main:array:1={':','A','a','a','a','a','a','a','a','a','a','a','a','a','a','a','a','a','a','a','a','a','a','a','a','a','a','a','a','a','a','a','a','a','a','a','a','a','a','a','a','a','a','a','a','a','a','a','a','a','a','a','a','a','a','a','a','a','a','a','a','a','a','a','a','a','a','a','a','a','a','a','a','a','a','a','a','a','a','a','a','a','a','a','a','a','a','a','a','a','a','a','a','a','a','a','a','a','a','a','a'}; 
Previous 22: main:array:1={'m','n','o','p','q','r','s','t','u','v','m','n','o','p','q','r','s','t','u','v','m','n','o','p','q','r','s','t','u','v','m','n','o','p','q','r','s','t','u','v','m','n','o','p','q','r','s','t','u','v','m','n','o','p','q','r','s','t','u','v','m','n','o','p','q','r','s','t','u','v','m','n','o','p','q','r','s','t','u','v','m','n','o','p','q','r','s','t','u','v','m','n','o','p','q','r','s','t','u','v','m'}; 
Previous 23: main:array:1={'a','a','a','a','a','a','a','a','a','a','a','a','a','a','a','a','a','a','a','a','a','a','a','a','a','a','a','a','a','a','a','a','a','a','a','a','a','a','a','a','a','a','a','a','a','a','a','a','a','a','a','a','a','a','a','a','a','a','a','a','a','a','a','a','a','a','a','a','a','a','a','a','a','a','a','a','a','a','a','a','a','a','a','a','a','a','a','a','a','a','a','a','a','a','a','a','a','a','a','a','b'}; 
Previous 24: main:array:1={'-','-','-','-','-','-','-','-','-','-','-','-','-','-','-','-','-','-','-','-','-','-','-','-','-','-','-','-','-','-','-','-','-','-','-','-','-','-','-','-','-','-','-','-','-','-','-','-','-','-','-','-','-','-','-','-','-','-','-','-','-','-','-','-','-','-','-','-','-','-','-','-','-','-','-','-','-','-','-','-','-','-','-','-','-','-','-','-','-','-','-','-','-','-','-','-','-','-','-','-','-'}; 
Previous 25: main:array:1={'A','B','C','D','E','F','G','H','I','J','K','L','M','N','O','P','Q','R','S','T','U','V','W','X','Y','Z','a','b','c','d','e','f','g','h','i','j','k','l','m','n','o','p','q','r','s','t','u','v','w','x','y','z','0','1','2','3','4','5','6','7','8','9','!','@','#','$','%','^','&','*','(',')','-','=','+','[',']','{',';',';',',','.','<','>','?','/',';','~','\'','`','^','+','+','?','/',';','~','\'','`','^','+'}; 
Previous 26: main:array:1={'\'','A','\'','A','\'','A','\'','A','\'','A','\'','A','\'','A','\'','A','\'','A','\'','A','\'','A','\'','A','\'','A','\'','A','\'','A','\'','A','\'','A','\'','A','\'','A','\'','A','\'','A','\'','A','\'','A','\'','A','\'','A','\'','A','\'','A','\'','A','\'','A','\'','A','\'','A','\'','A','\'','A','\'','A','\'','A','\'','A','\'','A','\'','A','\'','A','\'','A','\'','A','\'','A','\'','A','\'','A','\'','A','\'','A','\'','A','\'','A','\'','A','\'','A','\''}; 
Previous 27: main:array:1={'O','O','O','O','O','O','O','O','O','O','O','O','O','O','O','O','O','O','O','O','O','O','O','O','O','O','O','O','O','O','O','O','O','O','O','O','O','O','O','O','O','O','O','O','O','O','O','O','O','O','O','O','O','O','O','O','O','O','O','O','O','O','O','O','O','O','O','O','O','O','O','O','O','O','O','O','O','O','O','O','O','O','O','O','O','O','O','O','O','O','O','O','O','O','O','O','O','O','O','O','O'}; 
Previous 28: main:array:1={'?','?','?','?','?','?','?','?','?','?','?','?','?','?','?','?','?','?','?','?','?','?','?','?','?','?','?','?','?','?','?','?','?','?','?','?','?','?','?','?','?','?','?','?','?','?','?','?','?','?','?','?','?','?','?','?','?','?','?','?','?','?','?','?','?','?','?','?','?','?','?','?','?','?','?','?','?','?','?','?','?','?','?','?','?','?','?','?','?','?','?','?','?','?','?','?','?','?','?','?','?'}; 
Previous 29: main:array:1={':','a','b','b','b','b','b','b','b','b','b','b','b','b','b','b','b','b','b','b','b','b','b','b','b','b','b','b','b','b','b','b','b','b','b','b','b','b','b','b','b','b','b','b','b','b','b','b','b','b','b','b','b','b','b','b','b','b','b','b','b','b','b','b','b','b','b','b','b','b','b','b','b','b','b','b','b','b','b','b','b','b','b','b','b','b','b','b','b','b','b','b','b','b','b','b','b','b','b','b','b'}; 
Previous 30: main:array:1={'a','a','a','a','a','a','a','a','a','a','a','a','a','a','a','a','a','a','a','a','a','a','a','a','a','a','a','a','a','a','a','a','a','a','a','a','a','a','a','a','a','a','a','a','a','a','a','a','a','a','a','a','a','a','a','a','a','a','a','a','b','b','b','b','b','b','b','b','b','b','b','b','b','b','b','b','b','b','b','b','b','b','b','b','b','b','b','b','b','b','b','b','b','b','b','b','b','b','b','b','b'}; 
Previous 31: main:array:1={'a','a','a','a','a','a','a','a','a','a','a','a','a','a','a','a','a','a','a','a','a','a','a','a','a','a','a','a','a','a','a','a','a','a','a','a','a','a','a','a','a','a','a','a','a','a','a','a','a','a','b','b','b','b','b','b','b','b','b','b','b','b','b','b','b','b','b','b','b','b','b','b','b','b','b','b','b','b','b','b','0','0','0','0','0','0','0','0','0','0','0','0','0','0','0','0','0','0','0','0','0'}; 
Previous 32: main:array:1={'\'','a','\'','b','\'','c','\'','a','\'','b','\'','c','\'','a','\'','b','\'','c','\'','a','\'','b','\'','c','\'','a','\'','b','\'','c','\'','a','\'','b','\'','c','\'','a','\'','b','\'','c','\'','a','\'','b','\'','c','\'','a','\'','b','\'','c','\'','a','\'','b','\'','c','\'','a','\'','b','\'','c','\'','a','\'','b','\'','c','\'','a','\'','b','\'','c','\'','a','\'','b','\'','c','\'','a','\'','b','\'','c','\'','a','\'','b','\'','c','\'','a','\'','b','\''}; 
Previous 33: main:array:1={'b','b','b','b','b','b','b','b','b','b','b','b','b','b','b','b','b','b','b','b','b','b','b','b','b','b','b','b','b','b','b','b','b','b','b','b','b','b','b','b','b','b','b','b','b','b','b','b','b','b','b','b','b','b','b','b','b','b','b','b','b','b','b','b','b','b','b','b','b','b','b','b','b','b','b','b','b','b','b','b','b','b','b','b','b','b','b','b','b','b','b','b','b','b','b','b','b','b','b','b','b'}; 
Previous 34: main:array:1={'a','b','c','a','b','c','a','b','c','a','b','c','a','b','c','a','b','c','a','b','c','a','b','c','a','b','c','a','b','c','a','b','c','a','b','c','a','b','c','a','b','c','a','b','c','a','b','c','a','b','c','a','b','c','a','b','c','a','b','c','a','b','c','a','b','c','a','b','c','a','b','c','a','b','c','a','b','c','a','b','c','a','b','c','a','b','c','a','b','c','a','b','c','a','b','c','a','b','c','x','x'}; 
Previous 35: main:array:1={'#','#','#','#','#','#','#','#','#','#','#','#','#','#','#','#','#','#','#','#','#','#','#','#','#','#','#','#','#','#','#','#','#','#','#','#','#','#','#','#','#','#','#','#','#','#','#','#','#','#','#','#','#','#','#','#','#','#','#','#','#','#','#','#','#','#','#','#','#','#','#','#','#','#','#','#','#','#','#','#','#','#','#','#','#','#','#','#','#','#','#','#','#','#','#','#','#','#','#','C','}'}; 
Previous 36: main:array:1={'A','b','C','d','E','f','G','h','I','j','K','l','M','n','O','p','Q','r','S','t','U','v','W','x','Y','z','A','b','C','d','E','f','G','h','I','j','K','l','M','n','O','p','Q','r','S','t','U','v','W','x','Y','z','A','b','C','d','E','f','G','h','I','j','K','l','M','n','O','p','Q','r','S','t','U','v','W','x','Y','z','A','b','C','d','E','f','G','h','I','j','K','l','M','n','O','p','Q','r','S','t','U','v','W'}; 
Previous 37: main:array:1={'M','N','M','N','M','N','M','N','M','N','M','N','M','N','M','N','M','N','M','N','M','N','M','N','M','N','M','N','M','N','M','N','M','N','M','N','M','N','M','N','M','N','M','N','M','N','M','N','M','N','M','N','M','N','M','N','M','N','M','N','M','N','M','N','M','N','M','N','M','N','M','N','M','N','M','N','M','N','M','N','M','N','M','N','M','N','M','N','M','N','M','N','M','N','M','N','M','N','M','N','M'}; 

Program:
extern char __VERIFIER_nondet_char(void);
/*
Commit Number: e6801c90311679fc0854af73da95fe58079c59f4
URL: https://github.com/FreeRADIUS/freeradius-server/commit/e6801c90311679fc0854af73da95fe58079c59f4
Project Name: freeradius-serve
License: GPL2
termination: false


*/
int main()
{
    int stop = 0;
    char array[101];
    for( int i = 0 ; i < 100 ; i++ )
        array[i] =  __VERIFIER_nondet_char();
    array[100] = 0;
    char* p = array;
    while( (*p) && (!stop) )
    {
        switch(*p){
        case '}':
            stop = 1;
            break;

        case ':':
            if( *(p+1) && (*(p+1) == '-')){
                p += 2;
                stop = 1;
            }
            break;
        default:
            p++;
        }
    }
    return 0;
}

"
45,NT,"main:array:1={'a','a','a','a','a','a','a','a','a','a','a','a','a','a','a','a','a','a','a','a','a','a','a','a','a','a','a','a','a','a','a','a','a','a','a','a','a','a','a','a','a','a','a','a','a','a','a','a','a','a','a','a','a','a','a','a','a','a','a','a','a','a','a','a','a','a','a','a','a','a','a','a','a','a','a','a','a','a','a','a','a','a','a','a','a','a','a','a','a','a','a','a','a','a','a','a','a','a','a','a','a'}
",,DUPLICATE,,false,,"You generate concrete values for nondeterministic inputs in a C/C++ program.
Your goal is to produce ONE complete assignment set that is likely to make the program not terminate.

Important rules:
1. Return a value for EVERY listed nondeterministic input ID.
2. Use each ID exactly once.
3. Respect the declared C/C++ type.
4. For an array, return the value as an array containing exactly the required number of elements.
5. For char arrays, each element must be exactly one character. Return the character itself without C single quotes.
6. Prefer small-magnitude values unless larger values are necessary to achieve the requested execution behavior.

Nondeterministic inputs:
- id: main:array:1, type: char, array: true, size: 101, required elements: 101

Previously generated assignment sets are listed below. Generate a materially different set and do not duplicate any of them.
Previous 1: main:array:1={'a','a','a','a','a','a','a','a','a','a','a','a','a','a','a','a','a','a','a','a','a','a','a','a','a','a','a','a','a','a','a','a','a','a','a','a','a','a','a','a','a','a','a','a','a','a','a','a','a','a','a','a','a','a','a','a','a','a','a','a','a','a','a','a','a','a','a','a','a','a','a','a','a','a','a','a','a','a','a','a','a','a','a','a','a','a','a','a','a','a','a','a','a','a','a','a','a','a','a','a','a'}; 
Previous 2: main:array:1={'}','b','b','b','b','b','b','b','b','b','b','b','b','b','b','b','b','b','b','b','b','b','b','b','b','b','b','b','b','b','b','b','b','b','b','b','b','b','b','b','b','b','b','b','b','b','b','b','b','b','b','b','b','b','b','b','b','b','b','b','b','b','b','b','b','b','b','b','b','b','b','b','b','b','b','b','b','b','b','b','b','b','b','b','b','b','b','b','b','b','b','b','b','b','b','b','b','b','b','b','b'}; 
Previous 3: main:array:1={'}','a','a','a','a','a','a','a','a','a','a','a','a','a','a','a','a','a','a','a','a','a','a','a','a','a','a','a','a','a','a','a','a','a','a','a','a','a','a','a','a','a','a','a','a','a','a','a','a','a','a','a','a','a','a','a','a','a','a','a','a','a','a','a','a','a','a','a','a','a','a','a','a','a','a','a','a','a','a','a','a','a','a','a','a','a','a','a','a','a','a','a','a','a','a','a','a','a','a','a','a'}; 
Previous 4: main:array:1={'b','b','b','b','b','b','b','b','b','b','b','b','b','b','b','b','b','b','b','b','b','b','b','b','b','b','b','b','b','b','b','b','b','b','b','b','b','b','b','b','b','b','b','b','b','b','b','b','b','b','}','c','c','c','c','c','c','c','c','c','c','c','c','c','c','c','c','c','c','c','c','c','c','c','c','c','c','c','c','c','c','c','c','c','c','c','c','c','c','c','x','x','x','x','x','x','x','x','x','x','x'}; 
Previous 5: main:array:1={'\'','}','\'','\'','c','\'','\'','c','\'','\'','c','\'','\'','c','\'','\'','c','\'','\'','c','\'','\'','c','\'','\'','c','\'','\'','c','\'','\'','c','\'','\'','c','\'','\'','c','\'','\'','c','\'','\'','c','\'','\'','c','\'','\'','c','\'','\'','c','\'','\'','c','\'','\'','c','\'','\'','c','\'','\'','c','\'','\'','c','\'','\'','c','\'','\'','c','\'','\'','c','\'','\'','c','\'','\'','c','\'','\'','c','\'','\'','c','\'','\'','c','\'','\'','c','\'','\'','c','\'','\'','c'}; 
Previous 6: main:array:1={'\'','\'','\'','\'','\'','\'','\'','\'','\'','\'','\'','\'','\'','\'','\'','\'','\'','\'','\'','\'','\'','\'','\'','\'','\'','\'','\'','\'','\'','\'','\'','\'','\'','\'','\'','\'','\'','\'','\'','\'','\'','\'','\'','\'','\'','\'','\'','\'','\'','\'','\'','\'','\'','\'','\'','\'','\'','\'','\'','\'','\'','\'','\'','\'','\'','\'','\'','\'','\'','\'','\'','\'','\'','\'','\'','\'','\'','\'','\'','\'','\'','\'','\'','\'','\'','\'','\'','\'','\'','\'','\'','\'','\'','\'','\'','\'','\'','\'','\'','\'','\''}; 
Previous 7: main:array:1={'A','B','C','D','E','F','G','H','I','J','K','L','M','N','O','P','Q','R','S','T','U','V','W','X','Y','Z','a','b','c','d','e','f','g','h','i','j','k','l','m','n','o','p','q','r','s','t','u','v','w','x','y','z','0','1','2','3','4','5','6','7','8','9','!','?','.',',','-','_','/','/','|','@','#','$','%','^','&','*','(',')','{','[',']','`','~','>','<',':',';','`','\'',' ','!','?','.',',','%','+','=','/','/'}; 
Previous 8: main:array:1={'0','0','0','0','0','0','0','0','0','0','0','0','0','0','0','0','0','0','0','0','0','0','0','0','0','0','0','0','0','0','0','0','0','0','0','0','0','0','0','0','0','0','0','0','0','0','0','0','0','0','0','0','0','0','0','0','0','0','0','0','0','0','0','0','0','0','0','0','0','0','0','0','0','0','0','0','0','0','0','0','0','0','0','0','0','0','0','0','0','0','0','0','0','0','0','0','0','0','0','0','0'}; 
Previous 9: main:array:1={'a','b','a','b','a','b','a','b','a','b','a','b','a','b','a','b','a','b','a','b','a','b','a','b','a','b','a','b','a','b','a','b','a','b','a','b','a','b','a','b','a','b','a','b','a','b','a','b','a','b','a','b','a','b','a','b','a','b','a','b','a','b','a','b','a','b','a','b','a','b','a','b','a','b','a','b','a','b','a','b','a','b','a','b','a','b','a','b','a','b','a','b','a','b','a','b','a','b','a','b','a'}; 
Previous 10: main:array:1={'\'','A','\'','B','\'','C','\'','D','\'','E','\'','F','\'','G','\'','H','\'','I','\'','J','\'','K','\'','L','\'','M','\'','N','\'','O','\'','P','\'','Q','\'','R','\'','S','\'','T','\'','U','\'','V','\'','W','\'','X','\'','Y','\'','Z','\'','a','\'','b','\'','c','\'','d','\'','e','\'','f','\'','g','\'','h','\'','i','\'','j','\'','k','\'','l','\'','m','\'','n','\'','o','\'','p','\'','q','\'','r','\'','s','\'','t','\'','u','\'','v','\'','w','\'','x','\''}; 
Previous 11: main:array:1={':','-','a','a','a','a','a','a','a','a','a','a','a','a','a','a','a','a','a','a','a','a','a','a','a','a','a','a','a','a','a','a','a','a','a','a','a','a','a','a','a','a','a','a','a','a','a','a','a','a','a','a','a','a','a','a','a','a','a','a','a','a','a','a','a','a','a','a','a','a','a','a','a','a','a','a','a','a','a','a','a','a','a','a','a','a','a','a','a','a','a','a','a','a','a','a','a','a','a','a','a'}; 
Previous 12: main:array:1={'x','x','x','x','x','x','x','x','x','x','x','x','x','x','x','x','x','x','x','x','x','x','x','x','x','x','x','x','x','x','x','x','x','x','x','x','x','x','x','x','x','x','x','x','x','x','x','x','x','x','x','x','x','x','x','x','x','x','x','x','x','x','x','x','x','x','x','x','x','x','x','x','x','x','x','x','x','x','x','x','x','x','x','x','x','x','x','x','x','x','x','x','x','x','x','x','x','x','x','x','x'}; 
Previous 13: main:array:1={':','b','a','a','a','a','a','a','a','a','a','a','a','a','a','a','a','a','a','a','a','a','a','a','a','a','a','a','a','a','a','a','a','a','a','a','a','a','a','a','a','a','a','a','a','a','a','a','a','a','a','a','a','a','a','a','a','a','a','a','a','a','a','a','a','a','a','a','a','a','a','a','a','a','a','a','a','a','a','a','a','a','a','a','a','a','a','a','a','a','a','a','a','a','a','a','a','a','a','a','a'}; 
Previous 14: main:array:1={'\'','\'',':','\'','a','\'','b','\'','b','\'','b','\'','b','\'','b','\'','b','\'','b','\'','b','\'','b','\'','b','\'','b','\'','b','\'','b','\'','b','\'','b','\'','b','\'','b','\'','b','\'','b','\'','b','\'','b','\'','b','\'','b','\'','b','\'','b','\'','b','\'','b','\'','b','\'','b','\'','b','\'','b','\'','b','\'','b','\'','b','\'','b','\'','b','\'','b','\'','b','\'','b','\'','b','\'','b','\'','b','\'','b','\'','b','\'','b','\'','b','\'','b','\'','b'}; 
Previous 15: main:array:1={'a','a','a','a','a','a','a','a','a','a','a','a','a','a','a','a','a','a','a','a','a','a','a','a','a','a','a','a','a','a','a','a','a','a','a','a','a','a','a','a','a','a','a','a','a','a','a','a','a','a','a','a','a','a','a','a','a','a','a','a','a','a','a','a','a','a','a','a','a','a','a','a','a','a','a','a','a','a','a','a','a','a','a','a','a','a','a','a','a','a','a','a','a','a','a','a','a','a',':','0','0'}; 
Previous 16: main:array:1={'z','z','z','z','z','z','z','z','z','z','z','z','z','z','z','z','z','z','z','z','z','z','z','z','z','z','z','z','z','z','z','z','z','z','z','z','z','z','z','z','z','z','z','z','z','z','z','z','z','z','z','z','z','z','z','z','z','z','z','z','z','z','z','z','z','z','z','z','z','z','z','z','z','z','z','z','z','z','z','z','z','z','z','z','z','z','z','z','z','z','z','z','z','z','z','z','z','z','z','z','z'}; 
Previous 17: main:array:1={'!','!','!','!','!','!','!','!','!','!','!','!','!','!','!','!','!','!','!','!','!','!','!','!','!','!','!','!','!','!','!','!','!','!','!','!','!','!','!','!','!','!','!','!','!','!','!','!','!','!','!','!','!','!','!','!','!','!','!','!','!','!','!','!','!','!','!','!','!','!','!','!','!','!','!','!','!','!','!','!','!','!','!','!','!','!','!','!','!','!','!','!','!','!','!','!','!','!','!','!','!'}; 
Previous 18: main:array:1={'a','a','a','a','a','a','a','a','a','a','a','a','a','a','a','a','a','a','a','a','a','a','a','a','a','a','a','a','a','a','a','a','a','a','a','a','a','a','a','a','a','a','a','a','a','a','a','a','a','a','a','a','a','a','a','a','a','a','a','a','a','a','a','a','a','a','a','a','a','a','a','a','a','a','a','a','a','a','a','a','a','a','a','a','a','a','a','a','a','a','a','a','a','a','a','a','a','a','b','b','b'}; 
Previous 19: main:array:1={'A','B','C','D','E','F','G','H','I','J','K','L','M','N','O','P','Q','R','S','T','U','V','W','X','Y','Z','A','B','C','D','E','F','G','H','I','J','K','L','M','N','O','P','Q','R','S','T','U','V','W','X','Y','Z','A','B','C','D','E','F','G','H','I','J','K','L','M','N','O','P','Q','R','S','T','U','V','W','X','Y','Z','A','B','C','D','E','F','G','H','I','J','K','L','M','N','O','P','Q','R','S','T','U','V','W'}; 
Previous 20: main:array:1={'H','e','l','l','o','W','o','r','l','d','H','e','l','l','o','W','o','r','l','d','H','e','l','l','o','W','o','r','l','d','H','e','l','l','o','W','o','r','l','d','H','e','l','l','o','W','o','r','l','d','H','e','l','l','o','W','o','r','l','d','H','e','l','l','o','W','o','r','l','d','H','e','l','l','o','W','o','r','l','d','H','e','l','l','o','W','o','r','l','d','H','e','l','l','o','W','o','r','l','d','H'}; 
Previous 21: main:array:1={':','A','a','a','a','a','a','a','a','a','a','a','a','a','a','a','a','a','a','a','a','a','a','a','a','a','a','a','a','a','a','a','a','a','a','a','a','a','a','a','a','a','a','a','a','a','a','a','a','a','a','a','a','a','a','a','a','a','a','a','a','a','a','a','a','a','a','a','a','a','a','a','a','a','a','a','a','a','a','a','a','a','a','a','a','a','a','a','a','a','a','a','a','a','a','a','a','a','a','a','a'}; 
Previous 22: main:array:1={'m','n','o','p','q','r','s','t','u','v','m','n','o','p','q','r','s','t','u','v','m','n','o','p','q','r','s','t','u','v','m','n','o','p','q','r','s','t','u','v','m','n','o','p','q','r','s','t','u','v','m','n','o','p','q','r','s','t','u','v','m','n','o','p','q','r','s','t','u','v','m','n','o','p','q','r','s','t','u','v','m','n','o','p','q','r','s','t','u','v','m','n','o','p','q','r','s','t','u','v','m'}; 
Previous 23: main:array:1={'a','a','a','a','a','a','a','a','a','a','a','a','a','a','a','a','a','a','a','a','a','a','a','a','a','a','a','a','a','a','a','a','a','a','a','a','a','a','a','a','a','a','a','a','a','a','a','a','a','a','a','a','a','a','a','a','a','a','a','a','a','a','a','a','a','a','a','a','a','a','a','a','a','a','a','a','a','a','a','a','a','a','a','a','a','a','a','a','a','a','a','a','a','a','a','a','a','a','a','a','b'}; 
Previous 24: main:array:1={'-','-','-','-','-','-','-','-','-','-','-','-','-','-','-','-','-','-','-','-','-','-','-','-','-','-','-','-','-','-','-','-','-','-','-','-','-','-','-','-','-','-','-','-','-','-','-','-','-','-','-','-','-','-','-','-','-','-','-','-','-','-','-','-','-','-','-','-','-','-','-','-','-','-','-','-','-','-','-','-','-','-','-','-','-','-','-','-','-','-','-','-','-','-','-','-','-','-','-','-','-'}; 
Previous 25: main:array:1={'A','B','C','D','E','F','G','H','I','J','K','L','M','N','O','P','Q','R','S','T','U','V','W','X','Y','Z','a','b','c','d','e','f','g','h','i','j','k','l','m','n','o','p','q','r','s','t','u','v','w','x','y','z','0','1','2','3','4','5','6','7','8','9','!','@','#','$','%','^','&','*','(',')','-','=','+','[',']','{',';',';',',','.','<','>','?','/',';','~','\'','`','^','+','+','?','/',';','~','\'','`','^','+'}; 
Previous 26: main:array:1={'\'','A','\'','A','\'','A','\'','A','\'','A','\'','A','\'','A','\'','A','\'','A','\'','A','\'','A','\'','A','\'','A','\'','A','\'','A','\'','A','\'','A','\'','A','\'','A','\'','A','\'','A','\'','A','\'','A','\'','A','\'','A','\'','A','\'','A','\'','A','\'','A','\'','A','\'','A','\'','A','\'','A','\'','A','\'','A','\'','A','\'','A','\'','A','\'','A','\'','A','\'','A','\'','A','\'','A','\'','A','\'','A','\'','A','\'','A','\'','A','\'','A','\'','A','\''}; 
Previous 27: main:array:1={'O','O','O','O','O','O','O','O','O','O','O','O','O','O','O','O','O','O','O','O','O','O','O','O','O','O','O','O','O','O','O','O','O','O','O','O','O','O','O','O','O','O','O','O','O','O','O','O','O','O','O','O','O','O','O','O','O','O','O','O','O','O','O','O','O','O','O','O','O','O','O','O','O','O','O','O','O','O','O','O','O','O','O','O','O','O','O','O','O','O','O','O','O','O','O','O','O','O','O','O','O'}; 
Previous 28: main:array:1={'?','?','?','?','?','?','?','?','?','?','?','?','?','?','?','?','?','?','?','?','?','?','?','?','?','?','?','?','?','?','?','?','?','?','?','?','?','?','?','?','?','?','?','?','?','?','?','?','?','?','?','?','?','?','?','?','?','?','?','?','?','?','?','?','?','?','?','?','?','?','?','?','?','?','?','?','?','?','?','?','?','?','?','?','?','?','?','?','?','?','?','?','?','?','?','?','?','?','?','?','?'}; 
Previous 29: main:array:1={':','a','b','b','b','b','b','b','b','b','b','b','b','b','b','b','b','b','b','b','b','b','b','b','b','b','b','b','b','b','b','b','b','b','b','b','b','b','b','b','b','b','b','b','b','b','b','b','b','b','b','b','b','b','b','b','b','b','b','b','b','b','b','b','b','b','b','b','b','b','b','b','b','b','b','b','b','b','b','b','b','b','b','b','b','b','b','b','b','b','b','b','b','b','b','b','b','b','b','b','b'}; 
Previous 30: main:array:1={'a','a','a','a','a','a','a','a','a','a','a','a','a','a','a','a','a','a','a','a','a','a','a','a','a','a','a','a','a','a','a','a','a','a','a','a','a','a','a','a','a','a','a','a','a','a','a','a','a','a','a','a','a','a','a','a','a','a','a','a','b','b','b','b','b','b','b','b','b','b','b','b','b','b','b','b','b','b','b','b','b','b','b','b','b','b','b','b','b','b','b','b','b','b','b','b','b','b','b','b','b'}; 
Previous 31: main:array:1={'a','a','a','a','a','a','a','a','a','a','a','a','a','a','a','a','a','a','a','a','a','a','a','a','a','a','a','a','a','a','a','a','a','a','a','a','a','a','a','a','a','a','a','a','a','a','a','a','a','a','b','b','b','b','b','b','b','b','b','b','b','b','b','b','b','b','b','b','b','b','b','b','b','b','b','b','b','b','b','b','0','0','0','0','0','0','0','0','0','0','0','0','0','0','0','0','0','0','0','0','0'}; 
Previous 32: main:array:1={'\'','a','\'','b','\'','c','\'','a','\'','b','\'','c','\'','a','\'','b','\'','c','\'','a','\'','b','\'','c','\'','a','\'','b','\'','c','\'','a','\'','b','\'','c','\'','a','\'','b','\'','c','\'','a','\'','b','\'','c','\'','a','\'','b','\'','c','\'','a','\'','b','\'','c','\'','a','\'','b','\'','c','\'','a','\'','b','\'','c','\'','a','\'','b','\'','c','\'','a','\'','b','\'','c','\'','a','\'','b','\'','c','\'','a','\'','b','\'','c','\'','a','\'','b','\''}; 
Previous 33: main:array:1={'b','b','b','b','b','b','b','b','b','b','b','b','b','b','b','b','b','b','b','b','b','b','b','b','b','b','b','b','b','b','b','b','b','b','b','b','b','b','b','b','b','b','b','b','b','b','b','b','b','b','b','b','b','b','b','b','b','b','b','b','b','b','b','b','b','b','b','b','b','b','b','b','b','b','b','b','b','b','b','b','b','b','b','b','b','b','b','b','b','b','b','b','b','b','b','b','b','b','b','b','b'}; 
Previous 34: main:array:1={'a','b','c','a','b','c','a','b','c','a','b','c','a','b','c','a','b','c','a','b','c','a','b','c','a','b','c','a','b','c','a','b','c','a','b','c','a','b','c','a','b','c','a','b','c','a','b','c','a','b','c','a','b','c','a','b','c','a','b','c','a','b','c','a','b','c','a','b','c','a','b','c','a','b','c','a','b','c','a','b','c','a','b','c','a','b','c','a','b','c','a','b','c','a','b','c','a','b','c','x','x'}; 
Previous 35: main:array:1={'#','#','#','#','#','#','#','#','#','#','#','#','#','#','#','#','#','#','#','#','#','#','#','#','#','#','#','#','#','#','#','#','#','#','#','#','#','#','#','#','#','#','#','#','#','#','#','#','#','#','#','#','#','#','#','#','#','#','#','#','#','#','#','#','#','#','#','#','#','#','#','#','#','#','#','#','#','#','#','#','#','#','#','#','#','#','#','#','#','#','#','#','#','#','#','#','#','#','#','C','}'}; 
Previous 36: main:array:1={'A','b','C','d','E','f','G','h','I','j','K','l','M','n','O','p','Q','r','S','t','U','v','W','x','Y','z','A','b','C','d','E','f','G','h','I','j','K','l','M','n','O','p','Q','r','S','t','U','v','W','x','Y','z','A','b','C','d','E','f','G','h','I','j','K','l','M','n','O','p','Q','r','S','t','U','v','W','x','Y','z','A','b','C','d','E','f','G','h','I','j','K','l','M','n','O','p','Q','r','S','t','U','v','W'}; 
Previous 37: main:array:1={'M','N','M','N','M','N','M','N','M','N','M','N','M','N','M','N','M','N','M','N','M','N','M','N','M','N','M','N','M','N','M','N','M','N','M','N','M','N','M','N','M','N','M','N','M','N','M','N','M','N','M','N','M','N','M','N','M','N','M','N','M','N','M','N','M','N','M','N','M','N','M','N','M','N','M','N','M','N','M','N','M','N','M','N','M','N','M','N','M','N','M','N','M','N','M','N','M','N','M','N','M'}; 

Program:
extern char __VERIFIER_nondet_char(void);
/*
Commit Number: e6801c90311679fc0854af73da95fe58079c59f4
URL: https://github.com/FreeRADIUS/freeradius-server/commit/e6801c90311679fc0854af73da95fe58079c59f4
Project Name: freeradius-serve
License: GPL2
termination: false


*/
int main()
{
    int stop = 0;
    char array[101];
    for( int i = 0 ; i < 100 ; i++ )
        array[i] =  __VERIFIER_nondet_char();
    array[100] = 0;
    char* p = array;
    while( (*p) && (!stop) )
    {
        switch(*p){
        case '}':
            stop = 1;
            break;

        case ':':
            if( *(p+1) && (*(p+1) == '-')){
                p += 2;
                stop = 1;
            }
            break;
        default:
            p++;
        }
    }
    return 0;
}

"
46,NT,"main:array:1={'z','y','z','y','z','y','z','y','z','y','z','y','z','y','z','y','z','y','z','y','z','y','z','y','z','y','z','y','z','y','z','y','z','y','z','y','z','y','z','y','z','y','z','y','z','y','z','y','z','y','z','y','z','y','z','y','z','y','z','y','z','y','z','y','z','y','z','y','z','y','z','y','z','y','z','y','z','y','z','y','z','y','z','y','z','y','z','y','z','y','z','y','z','y','z','y','z','y','z','y','z'}
",,COMPLETED,T,false,,"You generate concrete values for nondeterministic inputs in a C/C++ program.
Your goal is to produce ONE complete assignment set that is likely to make the program not terminate.

Important rules:
1. Return a value for EVERY listed nondeterministic input ID.
2. Use each ID exactly once.
3. Respect the declared C/C++ type.
4. For an array, return the value as an array containing exactly the required number of elements.
5. For char arrays, each element must be exactly one character. Return the character itself without C single quotes.
6. Prefer small-magnitude values unless larger values are necessary to achieve the requested execution behavior.

Nondeterministic inputs:
- id: main:array:1, type: char, array: true, size: 101, required elements: 101

Previously generated assignment sets are listed below. Generate a materially different set and do not duplicate any of them.
Previous 1: main:array:1={'a','a','a','a','a','a','a','a','a','a','a','a','a','a','a','a','a','a','a','a','a','a','a','a','a','a','a','a','a','a','a','a','a','a','a','a','a','a','a','a','a','a','a','a','a','a','a','a','a','a','a','a','a','a','a','a','a','a','a','a','a','a','a','a','a','a','a','a','a','a','a','a','a','a','a','a','a','a','a','a','a','a','a','a','a','a','a','a','a','a','a','a','a','a','a','a','a','a','a','a','a'}; 
Previous 2: main:array:1={'}','b','b','b','b','b','b','b','b','b','b','b','b','b','b','b','b','b','b','b','b','b','b','b','b','b','b','b','b','b','b','b','b','b','b','b','b','b','b','b','b','b','b','b','b','b','b','b','b','b','b','b','b','b','b','b','b','b','b','b','b','b','b','b','b','b','b','b','b','b','b','b','b','b','b','b','b','b','b','b','b','b','b','b','b','b','b','b','b','b','b','b','b','b','b','b','b','b','b','b','b'}; 
Previous 3: main:array:1={'}','a','a','a','a','a','a','a','a','a','a','a','a','a','a','a','a','a','a','a','a','a','a','a','a','a','a','a','a','a','a','a','a','a','a','a','a','a','a','a','a','a','a','a','a','a','a','a','a','a','a','a','a','a','a','a','a','a','a','a','a','a','a','a','a','a','a','a','a','a','a','a','a','a','a','a','a','a','a','a','a','a','a','a','a','a','a','a','a','a','a','a','a','a','a','a','a','a','a','a','a'}; 
Previous 4: main:array:1={'b','b','b','b','b','b','b','b','b','b','b','b','b','b','b','b','b','b','b','b','b','b','b','b','b','b','b','b','b','b','b','b','b','b','b','b','b','b','b','b','b','b','b','b','b','b','b','b','b','b','}','c','c','c','c','c','c','c','c','c','c','c','c','c','c','c','c','c','c','c','c','c','c','c','c','c','c','c','c','c','c','c','c','c','c','c','c','c','c','c','x','x','x','x','x','x','x','x','x','x','x'}; 
Previous 5: main:array:1={'\'','}','\'','\'','c','\'','\'','c','\'','\'','c','\'','\'','c','\'','\'','c','\'','\'','c','\'','\'','c','\'','\'','c','\'','\'','c','\'','\'','c','\'','\'','c','\'','\'','c','\'','\'','c','\'','\'','c','\'','\'','c','\'','\'','c','\'','\'','c','\'','\'','c','\'','\'','c','\'','\'','c','\'','\'','c','\'','\'','c','\'','\'','c','\'','\'','c','\'','\'','c','\'','\'','c','\'','\'','c','\'','\'','c','\'','\'','c','\'','\'','c','\'','\'','c','\'','\'','c','\'','\'','c'}; 
Previous 6: main:array:1={'\'','\'','\'','\'','\'','\'','\'','\'','\'','\'','\'','\'','\'','\'','\'','\'','\'','\'','\'','\'','\'','\'','\'','\'','\'','\'','\'','\'','\'','\'','\'','\'','\'','\'','\'','\'','\'','\'','\'','\'','\'','\'','\'','\'','\'','\'','\'','\'','\'','\'','\'','\'','\'','\'','\'','\'','\'','\'','\'','\'','\'','\'','\'','\'','\'','\'','\'','\'','\'','\'','\'','\'','\'','\'','\'','\'','\'','\'','\'','\'','\'','\'','\'','\'','\'','\'','\'','\'','\'','\'','\'','\'','\'','\'','\'','\'','\'','\'','\'','\'','\''}; 
Previous 7: main:array:1={'A','B','C','D','E','F','G','H','I','J','K','L','M','N','O','P','Q','R','S','T','U','V','W','X','Y','Z','a','b','c','d','e','f','g','h','i','j','k','l','m','n','o','p','q','r','s','t','u','v','w','x','y','z','0','1','2','3','4','5','6','7','8','9','!','?','.',',','-','_','/','/','|','@','#','$','%','^','&','*','(',')','{','[',']','`','~','>','<',':',';','`','\'',' ','!','?','.',',','%','+','=','/','/'}; 
Previous 8: main:array:1={'0','0','0','0','0','0','0','0','0','0','0','0','0','0','0','0','0','0','0','0','0','0','0','0','0','0','0','0','0','0','0','0','0','0','0','0','0','0','0','0','0','0','0','0','0','0','0','0','0','0','0','0','0','0','0','0','0','0','0','0','0','0','0','0','0','0','0','0','0','0','0','0','0','0','0','0','0','0','0','0','0','0','0','0','0','0','0','0','0','0','0','0','0','0','0','0','0','0','0','0','0'}; 
Previous 9: main:array:1={'a','b','a','b','a','b','a','b','a','b','a','b','a','b','a','b','a','b','a','b','a','b','a','b','a','b','a','b','a','b','a','b','a','b','a','b','a','b','a','b','a','b','a','b','a','b','a','b','a','b','a','b','a','b','a','b','a','b','a','b','a','b','a','b','a','b','a','b','a','b','a','b','a','b','a','b','a','b','a','b','a','b','a','b','a','b','a','b','a','b','a','b','a','b','a','b','a','b','a','b','a'}; 
Previous 10: main:array:1={'\'','A','\'','B','\'','C','\'','D','\'','E','\'','F','\'','G','\'','H','\'','I','\'','J','\'','K','\'','L','\'','M','\'','N','\'','O','\'','P','\'','Q','\'','R','\'','S','\'','T','\'','U','\'','V','\'','W','\'','X','\'','Y','\'','Z','\'','a','\'','b','\'','c','\'','d','\'','e','\'','f','\'','g','\'','h','\'','i','\'','j','\'','k','\'','l','\'','m','\'','n','\'','o','\'','p','\'','q','\'','r','\'','s','\'','t','\'','u','\'','v','\'','w','\'','x','\''}; 
Previous 11: main:array:1={':','-','a','a','a','a','a','a','a','a','a','a','a','a','a','a','a','a','a','a','a','a','a','a','a','a','a','a','a','a','a','a','a','a','a','a','a','a','a','a','a','a','a','a','a','a','a','a','a','a','a','a','a','a','a','a','a','a','a','a','a','a','a','a','a','a','a','a','a','a','a','a','a','a','a','a','a','a','a','a','a','a','a','a','a','a','a','a','a','a','a','a','a','a','a','a','a','a','a','a','a'}; 
Previous 12: main:array:1={'x','x','x','x','x','x','x','x','x','x','x','x','x','x','x','x','x','x','x','x','x','x','x','x','x','x','x','x','x','x','x','x','x','x','x','x','x','x','x','x','x','x','x','x','x','x','x','x','x','x','x','x','x','x','x','x','x','x','x','x','x','x','x','x','x','x','x','x','x','x','x','x','x','x','x','x','x','x','x','x','x','x','x','x','x','x','x','x','x','x','x','x','x','x','x','x','x','x','x','x','x'}; 
Previous 13: main:array:1={':','b','a','a','a','a','a','a','a','a','a','a','a','a','a','a','a','a','a','a','a','a','a','a','a','a','a','a','a','a','a','a','a','a','a','a','a','a','a','a','a','a','a','a','a','a','a','a','a','a','a','a','a','a','a','a','a','a','a','a','a','a','a','a','a','a','a','a','a','a','a','a','a','a','a','a','a','a','a','a','a','a','a','a','a','a','a','a','a','a','a','a','a','a','a','a','a','a','a','a','a'}; 
Previous 14: main:array:1={'\'','\'',':','\'','a','\'','b','\'','b','\'','b','\'','b','\'','b','\'','b','\'','b','\'','b','\'','b','\'','b','\'','b','\'','b','\'','b','\'','b','\'','b','\'','b','\'','b','\'','b','\'','b','\'','b','\'','b','\'','b','\'','b','\'','b','\'','b','\'','b','\'','b','\'','b','\'','b','\'','b','\'','b','\'','b','\'','b','\'','b','\'','b','\'','b','\'','b','\'','b','\'','b','\'','b','\'','b','\'','b','\'','b','\'','b','\'','b','\'','b','\'','b','\'','b'}; 
Previous 15: main:array:1={'a','a','a','a','a','a','a','a','a','a','a','a','a','a','a','a','a','a','a','a','a','a','a','a','a','a','a','a','a','a','a','a','a','a','a','a','a','a','a','a','a','a','a','a','a','a','a','a','a','a','a','a','a','a','a','a','a','a','a','a','a','a','a','a','a','a','a','a','a','a','a','a','a','a','a','a','a','a','a','a','a','a','a','a','a','a','a','a','a','a','a','a','a','a','a','a','a','a',':','0','0'}; 
Previous 16: main:array:1={'z','z','z','z','z','z','z','z','z','z','z','z','z','z','z','z','z','z','z','z','z','z','z','z','z','z','z','z','z','z','z','z','z','z','z','z','z','z','z','z','z','z','z','z','z','z','z','z','z','z','z','z','z','z','z','z','z','z','z','z','z','z','z','z','z','z','z','z','z','z','z','z','z','z','z','z','z','z','z','z','z','z','z','z','z','z','z','z','z','z','z','z','z','z','z','z','z','z','z','z','z'}; 
Previous 17: main:array:1={'!','!','!','!','!','!','!','!','!','!','!','!','!','!','!','!','!','!','!','!','!','!','!','!','!','!','!','!','!','!','!','!','!','!','!','!','!','!','!','!','!','!','!','!','!','!','!','!','!','!','!','!','!','!','!','!','!','!','!','!','!','!','!','!','!','!','!','!','!','!','!','!','!','!','!','!','!','!','!','!','!','!','!','!','!','!','!','!','!','!','!','!','!','!','!','!','!','!','!','!','!'}; 
Previous 18: main:array:1={'a','a','a','a','a','a','a','a','a','a','a','a','a','a','a','a','a','a','a','a','a','a','a','a','a','a','a','a','a','a','a','a','a','a','a','a','a','a','a','a','a','a','a','a','a','a','a','a','a','a','a','a','a','a','a','a','a','a','a','a','a','a','a','a','a','a','a','a','a','a','a','a','a','a','a','a','a','a','a','a','a','a','a','a','a','a','a','a','a','a','a','a','a','a','a','a','a','a','b','b','b'}; 
Previous 19: main:array:1={'A','B','C','D','E','F','G','H','I','J','K','L','M','N','O','P','Q','R','S','T','U','V','W','X','Y','Z','A','B','C','D','E','F','G','H','I','J','K','L','M','N','O','P','Q','R','S','T','U','V','W','X','Y','Z','A','B','C','D','E','F','G','H','I','J','K','L','M','N','O','P','Q','R','S','T','U','V','W','X','Y','Z','A','B','C','D','E','F','G','H','I','J','K','L','M','N','O','P','Q','R','S','T','U','V','W'}; 
Previous 20: main:array:1={'H','e','l','l','o','W','o','r','l','d','H','e','l','l','o','W','o','r','l','d','H','e','l','l','o','W','o','r','l','d','H','e','l','l','o','W','o','r','l','d','H','e','l','l','o','W','o','r','l','d','H','e','l','l','o','W','o','r','l','d','H','e','l','l','o','W','o','r','l','d','H','e','l','l','o','W','o','r','l','d','H','e','l','l','o','W','o','r','l','d','H','e','l','l','o','W','o','r','l','d','H'}; 
Previous 21: main:array:1={':','A','a','a','a','a','a','a','a','a','a','a','a','a','a','a','a','a','a','a','a','a','a','a','a','a','a','a','a','a','a','a','a','a','a','a','a','a','a','a','a','a','a','a','a','a','a','a','a','a','a','a','a','a','a','a','a','a','a','a','a','a','a','a','a','a','a','a','a','a','a','a','a','a','a','a','a','a','a','a','a','a','a','a','a','a','a','a','a','a','a','a','a','a','a','a','a','a','a','a','a'}; 
Previous 22: main:array:1={'m','n','o','p','q','r','s','t','u','v','m','n','o','p','q','r','s','t','u','v','m','n','o','p','q','r','s','t','u','v','m','n','o','p','q','r','s','t','u','v','m','n','o','p','q','r','s','t','u','v','m','n','o','p','q','r','s','t','u','v','m','n','o','p','q','r','s','t','u','v','m','n','o','p','q','r','s','t','u','v','m','n','o','p','q','r','s','t','u','v','m','n','o','p','q','r','s','t','u','v','m'}; 
Previous 23: main:array:1={'a','a','a','a','a','a','a','a','a','a','a','a','a','a','a','a','a','a','a','a','a','a','a','a','a','a','a','a','a','a','a','a','a','a','a','a','a','a','a','a','a','a','a','a','a','a','a','a','a','a','a','a','a','a','a','a','a','a','a','a','a','a','a','a','a','a','a','a','a','a','a','a','a','a','a','a','a','a','a','a','a','a','a','a','a','a','a','a','a','a','a','a','a','a','a','a','a','a','a','a','b'}; 
Previous 24: main:array:1={'-','-','-','-','-','-','-','-','-','-','-','-','-','-','-','-','-','-','-','-','-','-','-','-','-','-','-','-','-','-','-','-','-','-','-','-','-','-','-','-','-','-','-','-','-','-','-','-','-','-','-','-','-','-','-','-','-','-','-','-','-','-','-','-','-','-','-','-','-','-','-','-','-','-','-','-','-','-','-','-','-','-','-','-','-','-','-','-','-','-','-','-','-','-','-','-','-','-','-','-','-'}; 
Previous 25: main:array:1={'A','B','C','D','E','F','G','H','I','J','K','L','M','N','O','P','Q','R','S','T','U','V','W','X','Y','Z','a','b','c','d','e','f','g','h','i','j','k','l','m','n','o','p','q','r','s','t','u','v','w','x','y','z','0','1','2','3','4','5','6','7','8','9','!','@','#','$','%','^','&','*','(',')','-','=','+','[',']','{',';',';',',','.','<','>','?','/',';','~','\'','`','^','+','+','?','/',';','~','\'','`','^','+'}; 
Previous 26: main:array:1={'\'','A','\'','A','\'','A','\'','A','\'','A','\'','A','\'','A','\'','A','\'','A','\'','A','\'','A','\'','A','\'','A','\'','A','\'','A','\'','A','\'','A','\'','A','\'','A','\'','A','\'','A','\'','A','\'','A','\'','A','\'','A','\'','A','\'','A','\'','A','\'','A','\'','A','\'','A','\'','A','\'','A','\'','A','\'','A','\'','A','\'','A','\'','A','\'','A','\'','A','\'','A','\'','A','\'','A','\'','A','\'','A','\'','A','\'','A','\'','A','\'','A','\'','A','\''}; 
Previous 27: main:array:1={'O','O','O','O','O','O','O','O','O','O','O','O','O','O','O','O','O','O','O','O','O','O','O','O','O','O','O','O','O','O','O','O','O','O','O','O','O','O','O','O','O','O','O','O','O','O','O','O','O','O','O','O','O','O','O','O','O','O','O','O','O','O','O','O','O','O','O','O','O','O','O','O','O','O','O','O','O','O','O','O','O','O','O','O','O','O','O','O','O','O','O','O','O','O','O','O','O','O','O','O','O'}; 
Previous 28: main:array:1={'?','?','?','?','?','?','?','?','?','?','?','?','?','?','?','?','?','?','?','?','?','?','?','?','?','?','?','?','?','?','?','?','?','?','?','?','?','?','?','?','?','?','?','?','?','?','?','?','?','?','?','?','?','?','?','?','?','?','?','?','?','?','?','?','?','?','?','?','?','?','?','?','?','?','?','?','?','?','?','?','?','?','?','?','?','?','?','?','?','?','?','?','?','?','?','?','?','?','?','?','?'}; 
Previous 29: main:array:1={':','a','b','b','b','b','b','b','b','b','b','b','b','b','b','b','b','b','b','b','b','b','b','b','b','b','b','b','b','b','b','b','b','b','b','b','b','b','b','b','b','b','b','b','b','b','b','b','b','b','b','b','b','b','b','b','b','b','b','b','b','b','b','b','b','b','b','b','b','b','b','b','b','b','b','b','b','b','b','b','b','b','b','b','b','b','b','b','b','b','b','b','b','b','b','b','b','b','b','b','b'}; 
Previous 30: main:array:1={'a','a','a','a','a','a','a','a','a','a','a','a','a','a','a','a','a','a','a','a','a','a','a','a','a','a','a','a','a','a','a','a','a','a','a','a','a','a','a','a','a','a','a','a','a','a','a','a','a','a','a','a','a','a','a','a','a','a','a','a','b','b','b','b','b','b','b','b','b','b','b','b','b','b','b','b','b','b','b','b','b','b','b','b','b','b','b','b','b','b','b','b','b','b','b','b','b','b','b','b','b'}; 
Previous 31: main:array:1={'a','a','a','a','a','a','a','a','a','a','a','a','a','a','a','a','a','a','a','a','a','a','a','a','a','a','a','a','a','a','a','a','a','a','a','a','a','a','a','a','a','a','a','a','a','a','a','a','a','a','b','b','b','b','b','b','b','b','b','b','b','b','b','b','b','b','b','b','b','b','b','b','b','b','b','b','b','b','b','b','0','0','0','0','0','0','0','0','0','0','0','0','0','0','0','0','0','0','0','0','0'}; 
Previous 32: main:array:1={'\'','a','\'','b','\'','c','\'','a','\'','b','\'','c','\'','a','\'','b','\'','c','\'','a','\'','b','\'','c','\'','a','\'','b','\'','c','\'','a','\'','b','\'','c','\'','a','\'','b','\'','c','\'','a','\'','b','\'','c','\'','a','\'','b','\'','c','\'','a','\'','b','\'','c','\'','a','\'','b','\'','c','\'','a','\'','b','\'','c','\'','a','\'','b','\'','c','\'','a','\'','b','\'','c','\'','a','\'','b','\'','c','\'','a','\'','b','\'','c','\'','a','\'','b','\''}; 
Previous 33: main:array:1={'b','b','b','b','b','b','b','b','b','b','b','b','b','b','b','b','b','b','b','b','b','b','b','b','b','b','b','b','b','b','b','b','b','b','b','b','b','b','b','b','b','b','b','b','b','b','b','b','b','b','b','b','b','b','b','b','b','b','b','b','b','b','b','b','b','b','b','b','b','b','b','b','b','b','b','b','b','b','b','b','b','b','b','b','b','b','b','b','b','b','b','b','b','b','b','b','b','b','b','b','b'}; 
Previous 34: main:array:1={'a','b','c','a','b','c','a','b','c','a','b','c','a','b','c','a','b','c','a','b','c','a','b','c','a','b','c','a','b','c','a','b','c','a','b','c','a','b','c','a','b','c','a','b','c','a','b','c','a','b','c','a','b','c','a','b','c','a','b','c','a','b','c','a','b','c','a','b','c','a','b','c','a','b','c','a','b','c','a','b','c','a','b','c','a','b','c','a','b','c','a','b','c','a','b','c','a','b','c','x','x'}; 
Previous 35: main:array:1={'#','#','#','#','#','#','#','#','#','#','#','#','#','#','#','#','#','#','#','#','#','#','#','#','#','#','#','#','#','#','#','#','#','#','#','#','#','#','#','#','#','#','#','#','#','#','#','#','#','#','#','#','#','#','#','#','#','#','#','#','#','#','#','#','#','#','#','#','#','#','#','#','#','#','#','#','#','#','#','#','#','#','#','#','#','#','#','#','#','#','#','#','#','#','#','#','#','#','#','C','}'}; 
Previous 36: main:array:1={'A','b','C','d','E','f','G','h','I','j','K','l','M','n','O','p','Q','r','S','t','U','v','W','x','Y','z','A','b','C','d','E','f','G','h','I','j','K','l','M','n','O','p','Q','r','S','t','U','v','W','x','Y','z','A','b','C','d','E','f','G','h','I','j','K','l','M','n','O','p','Q','r','S','t','U','v','W','x','Y','z','A','b','C','d','E','f','G','h','I','j','K','l','M','n','O','p','Q','r','S','t','U','v','W'}; 
Previous 37: main:array:1={'M','N','M','N','M','N','M','N','M','N','M','N','M','N','M','N','M','N','M','N','M','N','M','N','M','N','M','N','M','N','M','N','M','N','M','N','M','N','M','N','M','N','M','N','M','N','M','N','M','N','M','N','M','N','M','N','M','N','M','N','M','N','M','N','M','N','M','N','M','N','M','N','M','N','M','N','M','N','M','N','M','N','M','N','M','N','M','N','M','N','M','N','M','N','M','N','M','N','M','N','M'}; 

Program:
extern char __VERIFIER_nondet_char(void);
/*
Commit Number: e6801c90311679fc0854af73da95fe58079c59f4
URL: https://github.com/FreeRADIUS/freeradius-server/commit/e6801c90311679fc0854af73da95fe58079c59f4
Project Name: freeradius-serve
License: GPL2
termination: false


*/
int main()
{
    int stop = 0;
    char array[101];
    for( int i = 0 ; i < 100 ; i++ )
        array[i] =  __VERIFIER_nondet_char();
    array[100] = 0;
    char* p = array;
    while( (*p) && (!stop) )
    {
        switch(*p){
        case '}':
            stop = 1;
            break;

        case ':':
            if( *(p+1) && (*(p+1) == '-')){
                p += 2;
                stop = 1;
            }
            break;
        default:
            p++;
        }
    }
    return 0;
}

"
47,NT,"main:array:1={'x','y','z','x','y','z','x','y','z','x','y','z','x','y','z','x','y','z','x','y','z','x','y','z','x','y','z','x','y','z','x','y','z','x','y','z','x','y','z','x','y','z','x','y','z','x','y','z','x','y','z','x','y','z','x','y','z','x','y','z','x','y','z','x','y','z','x','y','z','x','y','z','x','y','z','x','y','z','x','y','z','x','y','z','x','y','z','x','y','z','x','y','z','x','y','z','x','y','z','x','y'}
",,COMPLETED,T,false,,"You generate concrete values for nondeterministic inputs in a C/C++ program.
Your goal is to produce ONE complete assignment set that is likely to make the program not terminate.

Important rules:
1. Return a value for EVERY listed nondeterministic input ID.
2. Use each ID exactly once.
3. Respect the declared C/C++ type.
4. For an array, return the value as an array containing exactly the required number of elements.
5. For char arrays, each element must be exactly one character. Return the character itself without C single quotes.
6. Prefer small-magnitude values unless larger values are necessary to achieve the requested execution behavior.

Nondeterministic inputs:
- id: main:array:1, type: char, array: true, size: 101, required elements: 101

Previously generated assignment sets are listed below. Generate a materially different set and do not duplicate any of them.
Previous 1: main:array:1={'a','a','a','a','a','a','a','a','a','a','a','a','a','a','a','a','a','a','a','a','a','a','a','a','a','a','a','a','a','a','a','a','a','a','a','a','a','a','a','a','a','a','a','a','a','a','a','a','a','a','a','a','a','a','a','a','a','a','a','a','a','a','a','a','a','a','a','a','a','a','a','a','a','a','a','a','a','a','a','a','a','a','a','a','a','a','a','a','a','a','a','a','a','a','a','a','a','a','a','a','a'}; 
Previous 2: main:array:1={'}','b','b','b','b','b','b','b','b','b','b','b','b','b','b','b','b','b','b','b','b','b','b','b','b','b','b','b','b','b','b','b','b','b','b','b','b','b','b','b','b','b','b','b','b','b','b','b','b','b','b','b','b','b','b','b','b','b','b','b','b','b','b','b','b','b','b','b','b','b','b','b','b','b','b','b','b','b','b','b','b','b','b','b','b','b','b','b','b','b','b','b','b','b','b','b','b','b','b','b','b'}; 
Previous 3: main:array:1={'}','a','a','a','a','a','a','a','a','a','a','a','a','a','a','a','a','a','a','a','a','a','a','a','a','a','a','a','a','a','a','a','a','a','a','a','a','a','a','a','a','a','a','a','a','a','a','a','a','a','a','a','a','a','a','a','a','a','a','a','a','a','a','a','a','a','a','a','a','a','a','a','a','a','a','a','a','a','a','a','a','a','a','a','a','a','a','a','a','a','a','a','a','a','a','a','a','a','a','a','a'}; 
Previous 4: main:array:1={'b','b','b','b','b','b','b','b','b','b','b','b','b','b','b','b','b','b','b','b','b','b','b','b','b','b','b','b','b','b','b','b','b','b','b','b','b','b','b','b','b','b','b','b','b','b','b','b','b','b','}','c','c','c','c','c','c','c','c','c','c','c','c','c','c','c','c','c','c','c','c','c','c','c','c','c','c','c','c','c','c','c','c','c','c','c','c','c','c','c','x','x','x','x','x','x','x','x','x','x','x'}; 
Previous 5: main:array:1={'\'','}','\'','\'','c','\'','\'','c','\'','\'','c','\'','\'','c','\'','\'','c','\'','\'','c','\'','\'','c','\'','\'','c','\'','\'','c','\'','\'','c','\'','\'','c','\'','\'','c','\'','\'','c','\'','\'','c','\'','\'','c','\'','\'','c','\'','\'','c','\'','\'','c','\'','\'','c','\'','\'','c','\'','\'','c','\'','\'','c','\'','\'','c','\'','\'','c','\'','\'','c','\'','\'','c','\'','\'','c','\'','\'','c','\'','\'','c','\'','\'','c','\'','\'','c','\'','\'','c','\'','\'','c'}; 
Previous 6: main:array:1={'\'','\'','\'','\'','\'','\'','\'','\'','\'','\'','\'','\'','\'','\'','\'','\'','\'','\'','\'','\'','\'','\'','\'','\'','\'','\'','\'','\'','\'','\'','\'','\'','\'','\'','\'','\'','\'','\'','\'','\'','\'','\'','\'','\'','\'','\'','\'','\'','\'','\'','\'','\'','\'','\'','\'','\'','\'','\'','\'','\'','\'','\'','\'','\'','\'','\'','\'','\'','\'','\'','\'','\'','\'','\'','\'','\'','\'','\'','\'','\'','\'','\'','\'','\'','\'','\'','\'','\'','\'','\'','\'','\'','\'','\'','\'','\'','\'','\'','\'','\'','\''}; 
Previous 7: main:array:1={'A','B','C','D','E','F','G','H','I','J','K','L','M','N','O','P','Q','R','S','T','U','V','W','X','Y','Z','a','b','c','d','e','f','g','h','i','j','k','l','m','n','o','p','q','r','s','t','u','v','w','x','y','z','0','1','2','3','4','5','6','7','8','9','!','?','.',',','-','_','/','/','|','@','#','$','%','^','&','*','(',')','{','[',']','`','~','>','<',':',';','`','\'',' ','!','?','.',',','%','+','=','/','/'}; 
Previous 8: main:array:1={'0','0','0','0','0','0','0','0','0','0','0','0','0','0','0','0','0','0','0','0','0','0','0','0','0','0','0','0','0','0','0','0','0','0','0','0','0','0','0','0','0','0','0','0','0','0','0','0','0','0','0','0','0','0','0','0','0','0','0','0','0','0','0','0','0','0','0','0','0','0','0','0','0','0','0','0','0','0','0','0','0','0','0','0','0','0','0','0','0','0','0','0','0','0','0','0','0','0','0','0','0'}; 
Previous 9: main:array:1={'a','b','a','b','a','b','a','b','a','b','a','b','a','b','a','b','a','b','a','b','a','b','a','b','a','b','a','b','a','b','a','b','a','b','a','b','a','b','a','b','a','b','a','b','a','b','a','b','a','b','a','b','a','b','a','b','a','b','a','b','a','b','a','b','a','b','a','b','a','b','a','b','a','b','a','b','a','b','a','b','a','b','a','b','a','b','a','b','a','b','a','b','a','b','a','b','a','b','a','b','a'}; 
Previous 10: main:array:1={'\'','A','\'','B','\'','C','\'','D','\'','E','\'','F','\'','G','\'','H','\'','I','\'','J','\'','K','\'','L','\'','M','\'','N','\'','O','\'','P','\'','Q','\'','R','\'','S','\'','T','\'','U','\'','V','\'','W','\'','X','\'','Y','\'','Z','\'','a','\'','b','\'','c','\'','d','\'','e','\'','f','\'','g','\'','h','\'','i','\'','j','\'','k','\'','l','\'','m','\'','n','\'','o','\'','p','\'','q','\'','r','\'','s','\'','t','\'','u','\'','v','\'','w','\'','x','\''}; 
Previous 11: main:array:1={':','-','a','a','a','a','a','a','a','a','a','a','a','a','a','a','a','a','a','a','a','a','a','a','a','a','a','a','a','a','a','a','a','a','a','a','a','a','a','a','a','a','a','a','a','a','a','a','a','a','a','a','a','a','a','a','a','a','a','a','a','a','a','a','a','a','a','a','a','a','a','a','a','a','a','a','a','a','a','a','a','a','a','a','a','a','a','a','a','a','a','a','a','a','a','a','a','a','a','a','a'}; 
Previous 12: main:array:1={'x','x','x','x','x','x','x','x','x','x','x','x','x','x','x','x','x','x','x','x','x','x','x','x','x','x','x','x','x','x','x','x','x','x','x','x','x','x','x','x','x','x','x','x','x','x','x','x','x','x','x','x','x','x','x','x','x','x','x','x','x','x','x','x','x','x','x','x','x','x','x','x','x','x','x','x','x','x','x','x','x','x','x','x','x','x','x','x','x','x','x','x','x','x','x','x','x','x','x','x','x'}; 
Previous 13: main:array:1={':','b','a','a','a','a','a','a','a','a','a','a','a','a','a','a','a','a','a','a','a','a','a','a','a','a','a','a','a','a','a','a','a','a','a','a','a','a','a','a','a','a','a','a','a','a','a','a','a','a','a','a','a','a','a','a','a','a','a','a','a','a','a','a','a','a','a','a','a','a','a','a','a','a','a','a','a','a','a','a','a','a','a','a','a','a','a','a','a','a','a','a','a','a','a','a','a','a','a','a','a'}; 
Previous 14: main:array:1={'\'','\'',':','\'','a','\'','b','\'','b','\'','b','\'','b','\'','b','\'','b','\'','b','\'','b','\'','b','\'','b','\'','b','\'','b','\'','b','\'','b','\'','b','\'','b','\'','b','\'','b','\'','b','\'','b','\'','b','\'','b','\'','b','\'','b','\'','b','\'','b','\'','b','\'','b','\'','b','\'','b','\'','b','\'','b','\'','b','\'','b','\'','b','\'','b','\'','b','\'','b','\'','b','\'','b','\'','b','\'','b','\'','b','\'','b','\'','b','\'','b','\'','b','\'','b'}; 
Previous 15: main:array:1={'a','a','a','a','a','a','a','a','a','a','a','a','a','a','a','a','a','a','a','a','a','a','a','a','a','a','a','a','a','a','a','a','a','a','a','a','a','a','a','a','a','a','a','a','a','a','a','a','a','a','a','a','a','a','a','a','a','a','a','a','a','a','a','a','a','a','a','a','a','a','a','a','a','a','a','a','a','a','a','a','a','a','a','a','a','a','a','a','a','a','a','a','a','a','a','a','a','a',':','0','0'}; 
Previous 16: main:array:1={'z','z','z','z','z','z','z','z','z','z','z','z','z','z','z','z','z','z','z','z','z','z','z','z','z','z','z','z','z','z','z','z','z','z','z','z','z','z','z','z','z','z','z','z','z','z','z','z','z','z','z','z','z','z','z','z','z','z','z','z','z','z','z','z','z','z','z','z','z','z','z','z','z','z','z','z','z','z','z','z','z','z','z','z','z','z','z','z','z','z','z','z','z','z','z','z','z','z','z','z','z'}; 
Previous 17: main:array:1={'!','!','!','!','!','!','!','!','!','!','!','!','!','!','!','!','!','!','!','!','!','!','!','!','!','!','!','!','!','!','!','!','!','!','!','!','!','!','!','!','!','!','!','!','!','!','!','!','!','!','!','!','!','!','!','!','!','!','!','!','!','!','!','!','!','!','!','!','!','!','!','!','!','!','!','!','!','!','!','!','!','!','!','!','!','!','!','!','!','!','!','!','!','!','!','!','!','!','!','!','!'}; 
Previous 18: main:array:1={'a','a','a','a','a','a','a','a','a','a','a','a','a','a','a','a','a','a','a','a','a','a','a','a','a','a','a','a','a','a','a','a','a','a','a','a','a','a','a','a','a','a','a','a','a','a','a','a','a','a','a','a','a','a','a','a','a','a','a','a','a','a','a','a','a','a','a','a','a','a','a','a','a','a','a','a','a','a','a','a','a','a','a','a','a','a','a','a','a','a','a','a','a','a','a','a','a','a','b','b','b'}; 
Previous 19: main:array:1={'A','B','C','D','E','F','G','H','I','J','K','L','M','N','O','P','Q','R','S','T','U','V','W','X','Y','Z','A','B','C','D','E','F','G','H','I','J','K','L','M','N','O','P','Q','R','S','T','U','V','W','X','Y','Z','A','B','C','D','E','F','G','H','I','J','K','L','M','N','O','P','Q','R','S','T','U','V','W','X','Y','Z','A','B','C','D','E','F','G','H','I','J','K','L','M','N','O','P','Q','R','S','T','U','V','W'}; 
Previous 20: main:array:1={'H','e','l','l','o','W','o','r','l','d','H','e','l','l','o','W','o','r','l','d','H','e','l','l','o','W','o','r','l','d','H','e','l','l','o','W','o','r','l','d','H','e','l','l','o','W','o','r','l','d','H','e','l','l','o','W','o','r','l','d','H','e','l','l','o','W','o','r','l','d','H','e','l','l','o','W','o','r','l','d','H','e','l','l','o','W','o','r','l','d','H','e','l','l','o','W','o','r','l','d','H'}; 
Previous 21: main:array:1={':','A','a','a','a','a','a','a','a','a','a','a','a','a','a','a','a','a','a','a','a','a','a','a','a','a','a','a','a','a','a','a','a','a','a','a','a','a','a','a','a','a','a','a','a','a','a','a','a','a','a','a','a','a','a','a','a','a','a','a','a','a','a','a','a','a','a','a','a','a','a','a','a','a','a','a','a','a','a','a','a','a','a','a','a','a','a','a','a','a','a','a','a','a','a','a','a','a','a','a','a'}; 
Previous 22: main:array:1={'m','n','o','p','q','r','s','t','u','v','m','n','o','p','q','r','s','t','u','v','m','n','o','p','q','r','s','t','u','v','m','n','o','p','q','r','s','t','u','v','m','n','o','p','q','r','s','t','u','v','m','n','o','p','q','r','s','t','u','v','m','n','o','p','q','r','s','t','u','v','m','n','o','p','q','r','s','t','u','v','m','n','o','p','q','r','s','t','u','v','m','n','o','p','q','r','s','t','u','v','m'}; 
Previous 23: main:array:1={'a','a','a','a','a','a','a','a','a','a','a','a','a','a','a','a','a','a','a','a','a','a','a','a','a','a','a','a','a','a','a','a','a','a','a','a','a','a','a','a','a','a','a','a','a','a','a','a','a','a','a','a','a','a','a','a','a','a','a','a','a','a','a','a','a','a','a','a','a','a','a','a','a','a','a','a','a','a','a','a','a','a','a','a','a','a','a','a','a','a','a','a','a','a','a','a','a','a','a','a','b'}; 
Previous 24: main:array:1={'-','-','-','-','-','-','-','-','-','-','-','-','-','-','-','-','-','-','-','-','-','-','-','-','-','-','-','-','-','-','-','-','-','-','-','-','-','-','-','-','-','-','-','-','-','-','-','-','-','-','-','-','-','-','-','-','-','-','-','-','-','-','-','-','-','-','-','-','-','-','-','-','-','-','-','-','-','-','-','-','-','-','-','-','-','-','-','-','-','-','-','-','-','-','-','-','-','-','-','-','-'}; 
Previous 25: main:array:1={'A','B','C','D','E','F','G','H','I','J','K','L','M','N','O','P','Q','R','S','T','U','V','W','X','Y','Z','a','b','c','d','e','f','g','h','i','j','k','l','m','n','o','p','q','r','s','t','u','v','w','x','y','z','0','1','2','3','4','5','6','7','8','9','!','@','#','$','%','^','&','*','(',')','-','=','+','[',']','{',';',';',',','.','<','>','?','/',';','~','\'','`','^','+','+','?','/',';','~','\'','`','^','+'}; 
Previous 26: main:array:1={'\'','A','\'','A','\'','A','\'','A','\'','A','\'','A','\'','A','\'','A','\'','A','\'','A','\'','A','\'','A','\'','A','\'','A','\'','A','\'','A','\'','A','\'','A','\'','A','\'','A','\'','A','\'','A','\'','A','\'','A','\'','A','\'','A','\'','A','\'','A','\'','A','\'','A','\'','A','\'','A','\'','A','\'','A','\'','A','\'','A','\'','A','\'','A','\'','A','\'','A','\'','A','\'','A','\'','A','\'','A','\'','A','\'','A','\'','A','\'','A','\'','A','\'','A','\''}; 
Previous 27: main:array:1={'O','O','O','O','O','O','O','O','O','O','O','O','O','O','O','O','O','O','O','O','O','O','O','O','O','O','O','O','O','O','O','O','O','O','O','O','O','O','O','O','O','O','O','O','O','O','O','O','O','O','O','O','O','O','O','O','O','O','O','O','O','O','O','O','O','O','O','O','O','O','O','O','O','O','O','O','O','O','O','O','O','O','O','O','O','O','O','O','O','O','O','O','O','O','O','O','O','O','O','O','O'}; 
Previous 28: main:array:1={'?','?','?','?','?','?','?','?','?','?','?','?','?','?','?','?','?','?','?','?','?','?','?','?','?','?','?','?','?','?','?','?','?','?','?','?','?','?','?','?','?','?','?','?','?','?','?','?','?','?','?','?','?','?','?','?','?','?','?','?','?','?','?','?','?','?','?','?','?','?','?','?','?','?','?','?','?','?','?','?','?','?','?','?','?','?','?','?','?','?','?','?','?','?','?','?','?','?','?','?','?'}; 
Previous 29: main:array:1={':','a','b','b','b','b','b','b','b','b','b','b','b','b','b','b','b','b','b','b','b','b','b','b','b','b','b','b','b','b','b','b','b','b','b','b','b','b','b','b','b','b','b','b','b','b','b','b','b','b','b','b','b','b','b','b','b','b','b','b','b','b','b','b','b','b','b','b','b','b','b','b','b','b','b','b','b','b','b','b','b','b','b','b','b','b','b','b','b','b','b','b','b','b','b','b','b','b','b','b','b'}; 
Previous 30: main:array:1={'a','a','a','a','a','a','a','a','a','a','a','a','a','a','a','a','a','a','a','a','a','a','a','a','a','a','a','a','a','a','a','a','a','a','a','a','a','a','a','a','a','a','a','a','a','a','a','a','a','a','a','a','a','a','a','a','a','a','a','a','b','b','b','b','b','b','b','b','b','b','b','b','b','b','b','b','b','b','b','b','b','b','b','b','b','b','b','b','b','b','b','b','b','b','b','b','b','b','b','b','b'}; 
Previous 31: main:array:1={'a','a','a','a','a','a','a','a','a','a','a','a','a','a','a','a','a','a','a','a','a','a','a','a','a','a','a','a','a','a','a','a','a','a','a','a','a','a','a','a','a','a','a','a','a','a','a','a','a','a','b','b','b','b','b','b','b','b','b','b','b','b','b','b','b','b','b','b','b','b','b','b','b','b','b','b','b','b','b','b','0','0','0','0','0','0','0','0','0','0','0','0','0','0','0','0','0','0','0','0','0'}; 
Previous 32: main:array:1={'\'','a','\'','b','\'','c','\'','a','\'','b','\'','c','\'','a','\'','b','\'','c','\'','a','\'','b','\'','c','\'','a','\'','b','\'','c','\'','a','\'','b','\'','c','\'','a','\'','b','\'','c','\'','a','\'','b','\'','c','\'','a','\'','b','\'','c','\'','a','\'','b','\'','c','\'','a','\'','b','\'','c','\'','a','\'','b','\'','c','\'','a','\'','b','\'','c','\'','a','\'','b','\'','c','\'','a','\'','b','\'','c','\'','a','\'','b','\'','c','\'','a','\'','b','\''}; 
Previous 33: main:array:1={'b','b','b','b','b','b','b','b','b','b','b','b','b','b','b','b','b','b','b','b','b','b','b','b','b','b','b','b','b','b','b','b','b','b','b','b','b','b','b','b','b','b','b','b','b','b','b','b','b','b','b','b','b','b','b','b','b','b','b','b','b','b','b','b','b','b','b','b','b','b','b','b','b','b','b','b','b','b','b','b','b','b','b','b','b','b','b','b','b','b','b','b','b','b','b','b','b','b','b','b','b'}; 
Previous 34: main:array:1={'a','b','c','a','b','c','a','b','c','a','b','c','a','b','c','a','b','c','a','b','c','a','b','c','a','b','c','a','b','c','a','b','c','a','b','c','a','b','c','a','b','c','a','b','c','a','b','c','a','b','c','a','b','c','a','b','c','a','b','c','a','b','c','a','b','c','a','b','c','a','b','c','a','b','c','a','b','c','a','b','c','a','b','c','a','b','c','a','b','c','a','b','c','a','b','c','a','b','c','x','x'}; 
Previous 35: main:array:1={'#','#','#','#','#','#','#','#','#','#','#','#','#','#','#','#','#','#','#','#','#','#','#','#','#','#','#','#','#','#','#','#','#','#','#','#','#','#','#','#','#','#','#','#','#','#','#','#','#','#','#','#','#','#','#','#','#','#','#','#','#','#','#','#','#','#','#','#','#','#','#','#','#','#','#','#','#','#','#','#','#','#','#','#','#','#','#','#','#','#','#','#','#','#','#','#','#','#','#','C','}'}; 
Previous 36: main:array:1={'A','b','C','d','E','f','G','h','I','j','K','l','M','n','O','p','Q','r','S','t','U','v','W','x','Y','z','A','b','C','d','E','f','G','h','I','j','K','l','M','n','O','p','Q','r','S','t','U','v','W','x','Y','z','A','b','C','d','E','f','G','h','I','j','K','l','M','n','O','p','Q','r','S','t','U','v','W','x','Y','z','A','b','C','d','E','f','G','h','I','j','K','l','M','n','O','p','Q','r','S','t','U','v','W'}; 
Previous 37: main:array:1={'M','N','M','N','M','N','M','N','M','N','M','N','M','N','M','N','M','N','M','N','M','N','M','N','M','N','M','N','M','N','M','N','M','N','M','N','M','N','M','N','M','N','M','N','M','N','M','N','M','N','M','N','M','N','M','N','M','N','M','N','M','N','M','N','M','N','M','N','M','N','M','N','M','N','M','N','M','N','M','N','M','N','M','N','M','N','M','N','M','N','M','N','M','N','M','N','M','N','M','N','M'}; 
Previous 38: main:array:1={'z','y','z','y','z','y','z','y','z','y','z','y','z','y','z','y','z','y','z','y','z','y','z','y','z','y','z','y','z','y','z','y','z','y','z','y','z','y','z','y','z','y','z','y','z','y','z','y','z','y','z','y','z','y','z','y','z','y','z','y','z','y','z','y','z','y','z','y','z','y','z','y','z','y','z','y','z','y','z','y','z','y','z','y','z','y','z','y','z','y','z','y','z','y','z','y','z','y','z','y','z'}; 

Program:
extern char __VERIFIER_nondet_char(void);
/*
Commit Number: e6801c90311679fc0854af73da95fe58079c59f4
URL: https://github.com/FreeRADIUS/freeradius-server/commit/e6801c90311679fc0854af73da95fe58079c59f4
Project Name: freeradius-serve
License: GPL2
termination: false


*/
int main()
{
    int stop = 0;
    char array[101];
    for( int i = 0 ; i < 100 ; i++ )
        array[i] =  __VERIFIER_nondet_char();
    array[100] = 0;
    char* p = array;
    while( (*p) && (!stop) )
    {
        switch(*p){
        case '}':
            stop = 1;
            break;

        case ':':
            if( *(p+1) && (*(p+1) == '-')){
                p += 2;
                stop = 1;
            }
            break;
        default:
            p++;
        }
    }
    return 0;
}

"
48,NT,"main:array:1={'x','x','x','x','x','x','x','x','x','x','x','x','x','x','x','x','x','x','x','x','x','x','x','x','x','x','x','x','x','x','x','x','x','x','x','x','x','x','x','x','x','x','x','x','x','x','x','x','x','x','x','x','x','x','x','x','x','x','x','x','x','x','x','x','x','x','x','x','x','x','x','x','x','x','x','x','x','x','x','x','x','x','x','x','x','x','x','x','x','x','x','x','x','x','x','x','x','x','x','x','x'}
",,DUPLICATE,,false,,"You generate concrete values for nondeterministic inputs in a C/C++ program.
Your goal is to produce ONE complete assignment set that is likely to make the program not terminate.

Important rules:
1. Return a value for EVERY listed nondeterministic input ID.
2. Use each ID exactly once.
3. Respect the declared C/C++ type.
4. For an array, return the value as an array containing exactly the required number of elements.
5. For char arrays, each element must be exactly one character. Return the character itself without C single quotes.
6. Prefer small-magnitude values unless larger values are necessary to achieve the requested execution behavior.

Nondeterministic inputs:
- id: main:array:1, type: char, array: true, size: 101, required elements: 101

Previously generated assignment sets are listed below. Generate a materially different set and do not duplicate any of them.
Previous 1: main:array:1={'a','a','a','a','a','a','a','a','a','a','a','a','a','a','a','a','a','a','a','a','a','a','a','a','a','a','a','a','a','a','a','a','a','a','a','a','a','a','a','a','a','a','a','a','a','a','a','a','a','a','a','a','a','a','a','a','a','a','a','a','a','a','a','a','a','a','a','a','a','a','a','a','a','a','a','a','a','a','a','a','a','a','a','a','a','a','a','a','a','a','a','a','a','a','a','a','a','a','a','a','a'}; 
Previous 2: main:array:1={'}','b','b','b','b','b','b','b','b','b','b','b','b','b','b','b','b','b','b','b','b','b','b','b','b','b','b','b','b','b','b','b','b','b','b','b','b','b','b','b','b','b','b','b','b','b','b','b','b','b','b','b','b','b','b','b','b','b','b','b','b','b','b','b','b','b','b','b','b','b','b','b','b','b','b','b','b','b','b','b','b','b','b','b','b','b','b','b','b','b','b','b','b','b','b','b','b','b','b','b','b'}; 
Previous 3: main:array:1={'}','a','a','a','a','a','a','a','a','a','a','a','a','a','a','a','a','a','a','a','a','a','a','a','a','a','a','a','a','a','a','a','a','a','a','a','a','a','a','a','a','a','a','a','a','a','a','a','a','a','a','a','a','a','a','a','a','a','a','a','a','a','a','a','a','a','a','a','a','a','a','a','a','a','a','a','a','a','a','a','a','a','a','a','a','a','a','a','a','a','a','a','a','a','a','a','a','a','a','a','a'}; 
Previous 4: main:array:1={'b','b','b','b','b','b','b','b','b','b','b','b','b','b','b','b','b','b','b','b','b','b','b','b','b','b','b','b','b','b','b','b','b','b','b','b','b','b','b','b','b','b','b','b','b','b','b','b','b','b','}','c','c','c','c','c','c','c','c','c','c','c','c','c','c','c','c','c','c','c','c','c','c','c','c','c','c','c','c','c','c','c','c','c','c','c','c','c','c','c','x','x','x','x','x','x','x','x','x','x','x'}; 
Previous 5: main:array:1={'\'','}','\'','\'','c','\'','\'','c','\'','\'','c','\'','\'','c','\'','\'','c','\'','\'','c','\'','\'','c','\'','\'','c','\'','\'','c','\'','\'','c','\'','\'','c','\'','\'','c','\'','\'','c','\'','\'','c','\'','\'','c','\'','\'','c','\'','\'','c','\'','\'','c','\'','\'','c','\'','\'','c','\'','\'','c','\'','\'','c','\'','\'','c','\'','\'','c','\'','\'','c','\'','\'','c','\'','\'','c','\'','\'','c','\'','\'','c','\'','\'','c','\'','\'','c','\'','\'','c','\'','\'','c'}; 
Previous 6: main:array:1={'\'','\'','\'','\'','\'','\'','\'','\'','\'','\'','\'','\'','\'','\'','\'','\'','\'','\'','\'','\'','\'','\'','\'','\'','\'','\'','\'','\'','\'','\'','\'','\'','\'','\'','\'','\'','\'','\'','\'','\'','\'','\'','\'','\'','\'','\'','\'','\'','\'','\'','\'','\'','\'','\'','\'','\'','\'','\'','\'','\'','\'','\'','\'','\'','\'','\'','\'','\'','\'','\'','\'','\'','\'','\'','\'','\'','\'','\'','\'','\'','\'','\'','\'','\'','\'','\'','\'','\'','\'','\'','\'','\'','\'','\'','\'','\'','\'','\'','\'','\'','\''}; 
Previous 7: main:array:1={'A','B','C','D','E','F','G','H','I','J','K','L','M','N','O','P','Q','R','S','T','U','V','W','X','Y','Z','a','b','c','d','e','f','g','h','i','j','k','l','m','n','o','p','q','r','s','t','u','v','w','x','y','z','0','1','2','3','4','5','6','7','8','9','!','?','.',',','-','_','/','/','|','@','#','$','%','^','&','*','(',')','{','[',']','`','~','>','<',':',';','`','\'',' ','!','?','.',',','%','+','=','/','/'}; 
Previous 8: main:array:1={'0','0','0','0','0','0','0','0','0','0','0','0','0','0','0','0','0','0','0','0','0','0','0','0','0','0','0','0','0','0','0','0','0','0','0','0','0','0','0','0','0','0','0','0','0','0','0','0','0','0','0','0','0','0','0','0','0','0','0','0','0','0','0','0','0','0','0','0','0','0','0','0','0','0','0','0','0','0','0','0','0','0','0','0','0','0','0','0','0','0','0','0','0','0','0','0','0','0','0','0','0'}; 
Previous 9: main:array:1={'a','b','a','b','a','b','a','b','a','b','a','b','a','b','a','b','a','b','a','b','a','b','a','b','a','b','a','b','a','b','a','b','a','b','a','b','a','b','a','b','a','b','a','b','a','b','a','b','a','b','a','b','a','b','a','b','a','b','a','b','a','b','a','b','a','b','a','b','a','b','a','b','a','b','a','b','a','b','a','b','a','b','a','b','a','b','a','b','a','b','a','b','a','b','a','b','a','b','a','b','a'}; 
Previous 10: main:array:1={'\'','A','\'','B','\'','C','\'','D','\'','E','\'','F','\'','G','\'','H','\'','I','\'','J','\'','K','\'','L','\'','M','\'','N','\'','O','\'','P','\'','Q','\'','R','\'','S','\'','T','\'','U','\'','V','\'','W','\'','X','\'','Y','\'','Z','\'','a','\'','b','\'','c','\'','d','\'','e','\'','f','\'','g','\'','h','\'','i','\'','j','\'','k','\'','l','\'','m','\'','n','\'','o','\'','p','\'','q','\'','r','\'','s','\'','t','\'','u','\'','v','\'','w','\'','x','\''}; 
Previous 11: main:array:1={':','-','a','a','a','a','a','a','a','a','a','a','a','a','a','a','a','a','a','a','a','a','a','a','a','a','a','a','a','a','a','a','a','a','a','a','a','a','a','a','a','a','a','a','a','a','a','a','a','a','a','a','a','a','a','a','a','a','a','a','a','a','a','a','a','a','a','a','a','a','a','a','a','a','a','a','a','a','a','a','a','a','a','a','a','a','a','a','a','a','a','a','a','a','a','a','a','a','a','a','a'}; 
Previous 12: main:array:1={'x','x','x','x','x','x','x','x','x','x','x','x','x','x','x','x','x','x','x','x','x','x','x','x','x','x','x','x','x','x','x','x','x','x','x','x','x','x','x','x','x','x','x','x','x','x','x','x','x','x','x','x','x','x','x','x','x','x','x','x','x','x','x','x','x','x','x','x','x','x','x','x','x','x','x','x','x','x','x','x','x','x','x','x','x','x','x','x','x','x','x','x','x','x','x','x','x','x','x','x','x'}; 
Previous 13: main:array:1={':','b','a','a','a','a','a','a','a','a','a','a','a','a','a','a','a','a','a','a','a','a','a','a','a','a','a','a','a','a','a','a','a','a','a','a','a','a','a','a','a','a','a','a','a','a','a','a','a','a','a','a','a','a','a','a','a','a','a','a','a','a','a','a','a','a','a','a','a','a','a','a','a','a','a','a','a','a','a','a','a','a','a','a','a','a','a','a','a','a','a','a','a','a','a','a','a','a','a','a','a'}; 
Previous 14: main:array:1={'\'','\'',':','\'','a','\'','b','\'','b','\'','b','\'','b','\'','b','\'','b','\'','b','\'','b','\'','b','\'','b','\'','b','\'','b','\'','b','\'','b','\'','b','\'','b','\'','b','\'','b','\'','b','\'','b','\'','b','\'','b','\'','b','\'','b','\'','b','\'','b','\'','b','\'','b','\'','b','\'','b','\'','b','\'','b','\'','b','\'','b','\'','b','\'','b','\'','b','\'','b','\'','b','\'','b','\'','b','\'','b','\'','b','\'','b','\'','b','\'','b','\'','b','\'','b'}; 
Previous 15: main:array:1={'a','a','a','a','a','a','a','a','a','a','a','a','a','a','a','a','a','a','a','a','a','a','a','a','a','a','a','a','a','a','a','a','a','a','a','a','a','a','a','a','a','a','a','a','a','a','a','a','a','a','a','a','a','a','a','a','a','a','a','a','a','a','a','a','a','a','a','a','a','a','a','a','a','a','a','a','a','a','a','a','a','a','a','a','a','a','a','a','a','a','a','a','a','a','a','a','a','a',':','0','0'}; 
Previous 16: main:array:1={'z','z','z','z','z','z','z','z','z','z','z','z','z','z','z','z','z','z','z','z','z','z','z','z','z','z','z','z','z','z','z','z','z','z','z','z','z','z','z','z','z','z','z','z','z','z','z','z','z','z','z','z','z','z','z','z','z','z','z','z','z','z','z','z','z','z','z','z','z','z','z','z','z','z','z','z','z','z','z','z','z','z','z','z','z','z','z','z','z','z','z','z','z','z','z','z','z','z','z','z','z'}; 
Previous 17: main:array:1={'!','!','!','!','!','!','!','!','!','!','!','!','!','!','!','!','!','!','!','!','!','!','!','!','!','!','!','!','!','!','!','!','!','!','!','!','!','!','!','!','!','!','!','!','!','!','!','!','!','!','!','!','!','!','!','!','!','!','!','!','!','!','!','!','!','!','!','!','!','!','!','!','!','!','!','!','!','!','!','!','!','!','!','!','!','!','!','!','!','!','!','!','!','!','!','!','!','!','!','!','!'}; 
Previous 18: main:array:1={'a','a','a','a','a','a','a','a','a','a','a','a','a','a','a','a','a','a','a','a','a','a','a','a','a','a','a','a','a','a','a','a','a','a','a','a','a','a','a','a','a','a','a','a','a','a','a','a','a','a','a','a','a','a','a','a','a','a','a','a','a','a','a','a','a','a','a','a','a','a','a','a','a','a','a','a','a','a','a','a','a','a','a','a','a','a','a','a','a','a','a','a','a','a','a','a','a','a','b','b','b'}; 
Previous 19: main:array:1={'A','B','C','D','E','F','G','H','I','J','K','L','M','N','O','P','Q','R','S','T','U','V','W','X','Y','Z','A','B','C','D','E','F','G','H','I','J','K','L','M','N','O','P','Q','R','S','T','U','V','W','X','Y','Z','A','B','C','D','E','F','G','H','I','J','K','L','M','N','O','P','Q','R','S','T','U','V','W','X','Y','Z','A','B','C','D','E','F','G','H','I','J','K','L','M','N','O','P','Q','R','S','T','U','V','W'}; 
Previous 20: main:array:1={'H','e','l','l','o','W','o','r','l','d','H','e','l','l','o','W','o','r','l','d','H','e','l','l','o','W','o','r','l','d','H','e','l','l','o','W','o','r','l','d','H','e','l','l','o','W','o','r','l','d','H','e','l','l','o','W','o','r','l','d','H','e','l','l','o','W','o','r','l','d','H','e','l','l','o','W','o','r','l','d','H','e','l','l','o','W','o','r','l','d','H','e','l','l','o','W','o','r','l','d','H'}; 
Previous 21: main:array:1={':','A','a','a','a','a','a','a','a','a','a','a','a','a','a','a','a','a','a','a','a','a','a','a','a','a','a','a','a','a','a','a','a','a','a','a','a','a','a','a','a','a','a','a','a','a','a','a','a','a','a','a','a','a','a','a','a','a','a','a','a','a','a','a','a','a','a','a','a','a','a','a','a','a','a','a','a','a','a','a','a','a','a','a','a','a','a','a','a','a','a','a','a','a','a','a','a','a','a','a','a'}; 
Previous 22: main:array:1={'m','n','o','p','q','r','s','t','u','v','m','n','o','p','q','r','s','t','u','v','m','n','o','p','q','r','s','t','u','v','m','n','o','p','q','r','s','t','u','v','m','n','o','p','q','r','s','t','u','v','m','n','o','p','q','r','s','t','u','v','m','n','o','p','q','r','s','t','u','v','m','n','o','p','q','r','s','t','u','v','m','n','o','p','q','r','s','t','u','v','m','n','o','p','q','r','s','t','u','v','m'}; 
Previous 23: main:array:1={'a','a','a','a','a','a','a','a','a','a','a','a','a','a','a','a','a','a','a','a','a','a','a','a','a','a','a','a','a','a','a','a','a','a','a','a','a','a','a','a','a','a','a','a','a','a','a','a','a','a','a','a','a','a','a','a','a','a','a','a','a','a','a','a','a','a','a','a','a','a','a','a','a','a','a','a','a','a','a','a','a','a','a','a','a','a','a','a','a','a','a','a','a','a','a','a','a','a','a','a','b'}; 
Previous 24: main:array:1={'-','-','-','-','-','-','-','-','-','-','-','-','-','-','-','-','-','-','-','-','-','-','-','-','-','-','-','-','-','-','-','-','-','-','-','-','-','-','-','-','-','-','-','-','-','-','-','-','-','-','-','-','-','-','-','-','-','-','-','-','-','-','-','-','-','-','-','-','-','-','-','-','-','-','-','-','-','-','-','-','-','-','-','-','-','-','-','-','-','-','-','-','-','-','-','-','-','-','-','-','-'}; 
Previous 25: main:array:1={'A','B','C','D','E','F','G','H','I','J','K','L','M','N','O','P','Q','R','S','T','U','V','W','X','Y','Z','a','b','c','d','e','f','g','h','i','j','k','l','m','n','o','p','q','r','s','t','u','v','w','x','y','z','0','1','2','3','4','5','6','7','8','9','!','@','#','$','%','^','&','*','(',')','-','=','+','[',']','{',';',';',',','.','<','>','?','/',';','~','\'','`','^','+','+','?','/',';','~','\'','`','^','+'}; 
Previous 26: main:array:1={'\'','A','\'','A','\'','A','\'','A','\'','A','\'','A','\'','A','\'','A','\'','A','\'','A','\'','A','\'','A','\'','A','\'','A','\'','A','\'','A','\'','A','\'','A','\'','A','\'','A','\'','A','\'','A','\'','A','\'','A','\'','A','\'','A','\'','A','\'','A','\'','A','\'','A','\'','A','\'','A','\'','A','\'','A','\'','A','\'','A','\'','A','\'','A','\'','A','\'','A','\'','A','\'','A','\'','A','\'','A','\'','A','\'','A','\'','A','\'','A','\'','A','\'','A','\''}; 
Previous 27: main:array:1={'O','O','O','O','O','O','O','O','O','O','O','O','O','O','O','O','O','O','O','O','O','O','O','O','O','O','O','O','O','O','O','O','O','O','O','O','O','O','O','O','O','O','O','O','O','O','O','O','O','O','O','O','O','O','O','O','O','O','O','O','O','O','O','O','O','O','O','O','O','O','O','O','O','O','O','O','O','O','O','O','O','O','O','O','O','O','O','O','O','O','O','O','O','O','O','O','O','O','O','O','O'}; 
Previous 28: main:array:1={'?','?','?','?','?','?','?','?','?','?','?','?','?','?','?','?','?','?','?','?','?','?','?','?','?','?','?','?','?','?','?','?','?','?','?','?','?','?','?','?','?','?','?','?','?','?','?','?','?','?','?','?','?','?','?','?','?','?','?','?','?','?','?','?','?','?','?','?','?','?','?','?','?','?','?','?','?','?','?','?','?','?','?','?','?','?','?','?','?','?','?','?','?','?','?','?','?','?','?','?','?'}; 
Previous 29: main:array:1={':','a','b','b','b','b','b','b','b','b','b','b','b','b','b','b','b','b','b','b','b','b','b','b','b','b','b','b','b','b','b','b','b','b','b','b','b','b','b','b','b','b','b','b','b','b','b','b','b','b','b','b','b','b','b','b','b','b','b','b','b','b','b','b','b','b','b','b','b','b','b','b','b','b','b','b','b','b','b','b','b','b','b','b','b','b','b','b','b','b','b','b','b','b','b','b','b','b','b','b','b'}; 
Previous 30: main:array:1={'a','a','a','a','a','a','a','a','a','a','a','a','a','a','a','a','a','a','a','a','a','a','a','a','a','a','a','a','a','a','a','a','a','a','a','a','a','a','a','a','a','a','a','a','a','a','a','a','a','a','a','a','a','a','a','a','a','a','a','a','b','b','b','b','b','b','b','b','b','b','b','b','b','b','b','b','b','b','b','b','b','b','b','b','b','b','b','b','b','b','b','b','b','b','b','b','b','b','b','b','b'}; 
Previous 31: main:array:1={'a','a','a','a','a','a','a','a','a','a','a','a','a','a','a','a','a','a','a','a','a','a','a','a','a','a','a','a','a','a','a','a','a','a','a','a','a','a','a','a','a','a','a','a','a','a','a','a','a','a','b','b','b','b','b','b','b','b','b','b','b','b','b','b','b','b','b','b','b','b','b','b','b','b','b','b','b','b','b','b','0','0','0','0','0','0','0','0','0','0','0','0','0','0','0','0','0','0','0','0','0'}; 
Previous 32: main:array:1={'\'','a','\'','b','\'','c','\'','a','\'','b','\'','c','\'','a','\'','b','\'','c','\'','a','\'','b','\'','c','\'','a','\'','b','\'','c','\'','a','\'','b','\'','c','\'','a','\'','b','\'','c','\'','a','\'','b','\'','c','\'','a','\'','b','\'','c','\'','a','\'','b','\'','c','\'','a','\'','b','\'','c','\'','a','\'','b','\'','c','\'','a','\'','b','\'','c','\'','a','\'','b','\'','c','\'','a','\'','b','\'','c','\'','a','\'','b','\'','c','\'','a','\'','b','\''}; 
Previous 33: main:array:1={'b','b','b','b','b','b','b','b','b','b','b','b','b','b','b','b','b','b','b','b','b','b','b','b','b','b','b','b','b','b','b','b','b','b','b','b','b','b','b','b','b','b','b','b','b','b','b','b','b','b','b','b','b','b','b','b','b','b','b','b','b','b','b','b','b','b','b','b','b','b','b','b','b','b','b','b','b','b','b','b','b','b','b','b','b','b','b','b','b','b','b','b','b','b','b','b','b','b','b','b','b'}; 
Previous 34: main:array:1={'a','b','c','a','b','c','a','b','c','a','b','c','a','b','c','a','b','c','a','b','c','a','b','c','a','b','c','a','b','c','a','b','c','a','b','c','a','b','c','a','b','c','a','b','c','a','b','c','a','b','c','a','b','c','a','b','c','a','b','c','a','b','c','a','b','c','a','b','c','a','b','c','a','b','c','a','b','c','a','b','c','a','b','c','a','b','c','a','b','c','a','b','c','a','b','c','a','b','c','x','x'}; 
Previous 35: main:array:1={'#','#','#','#','#','#','#','#','#','#','#','#','#','#','#','#','#','#','#','#','#','#','#','#','#','#','#','#','#','#','#','#','#','#','#','#','#','#','#','#','#','#','#','#','#','#','#','#','#','#','#','#','#','#','#','#','#','#','#','#','#','#','#','#','#','#','#','#','#','#','#','#','#','#','#','#','#','#','#','#','#','#','#','#','#','#','#','#','#','#','#','#','#','#','#','#','#','#','#','C','}'}; 
Previous 36: main:array:1={'A','b','C','d','E','f','G','h','I','j','K','l','M','n','O','p','Q','r','S','t','U','v','W','x','Y','z','A','b','C','d','E','f','G','h','I','j','K','l','M','n','O','p','Q','r','S','t','U','v','W','x','Y','z','A','b','C','d','E','f','G','h','I','j','K','l','M','n','O','p','Q','r','S','t','U','v','W','x','Y','z','A','b','C','d','E','f','G','h','I','j','K','l','M','n','O','p','Q','r','S','t','U','v','W'}; 
Previous 37: main:array:1={'M','N','M','N','M','N','M','N','M','N','M','N','M','N','M','N','M','N','M','N','M','N','M','N','M','N','M','N','M','N','M','N','M','N','M','N','M','N','M','N','M','N','M','N','M','N','M','N','M','N','M','N','M','N','M','N','M','N','M','N','M','N','M','N','M','N','M','N','M','N','M','N','M','N','M','N','M','N','M','N','M','N','M','N','M','N','M','N','M','N','M','N','M','N','M','N','M','N','M','N','M'}; 
Previous 38: main:array:1={'z','y','z','y','z','y','z','y','z','y','z','y','z','y','z','y','z','y','z','y','z','y','z','y','z','y','z','y','z','y','z','y','z','y','z','y','z','y','z','y','z','y','z','y','z','y','z','y','z','y','z','y','z','y','z','y','z','y','z','y','z','y','z','y','z','y','z','y','z','y','z','y','z','y','z','y','z','y','z','y','z','y','z','y','z','y','z','y','z','y','z','y','z','y','z','y','z','y','z','y','z'}; 
Previous 39: main:array:1={'x','y','z','x','y','z','x','y','z','x','y','z','x','y','z','x','y','z','x','y','z','x','y','z','x','y','z','x','y','z','x','y','z','x','y','z','x','y','z','x','y','z','x','y','z','x','y','z','x','y','z','x','y','z','x','y','z','x','y','z','x','y','z','x','y','z','x','y','z','x','y','z','x','y','z','x','y','z','x','y','z','x','y','z','x','y','z','x','y','z','x','y','z','x','y','z','x','y','z','x','y'}; 

Program:
extern char __VERIFIER_nondet_char(void);
/*
Commit Number: e6801c90311679fc0854af73da95fe58079c59f4
URL: https://github.com/FreeRADIUS/freeradius-server/commit/e6801c90311679fc0854af73da95fe58079c59f4
Project Name: freeradius-serve
License: GPL2
termination: false


*/
int main()
{
    int stop = 0;
    char array[101];
    for( int i = 0 ; i < 100 ; i++ )
        array[i] =  __VERIFIER_nondet_char();
    array[100] = 0;
    char* p = array;
    while( (*p) && (!stop) )
    {
        switch(*p){
        case '}':
            stop = 1;
            break;

        case ':':
            if( *(p+1) && (*(p+1) == '-')){
                p += 2;
                stop = 1;
            }
            break;
        default:
            p++;
        }
    }
    return 0;
}

"
49,NT,"main:array:1={'*','*','*','*','*','*','*','*','*','*','*','*','*','*','*','*','*','*','*','*','*','*','*','*','*','*','*','*','*','*','*','*','*','*','*','*','*','*','*','*','*','*','*','*','*','*','*','*','*','*','#','#','#','#','#','#','#','#','#','#','#','#','#','#','#','#','#','#','#','#','#','#','#','#','#','#','#','#','#','#','#','#','#','#','#','#','#','#','#','#','#','#','#','#','#','#','#','#','#','#','a'}
",,COMPLETED,T,false,,"You generate concrete values for nondeterministic inputs in a C/C++ program.
Your goal is to produce ONE complete assignment set that is likely to make the program not terminate.

Important rules:
1. Return a value for EVERY listed nondeterministic input ID.
2. Use each ID exactly once.
3. Respect the declared C/C++ type.
4. For an array, return the value as an array containing exactly the required number of elements.
5. For char arrays, each element must be exactly one character. Return the character itself without C single quotes.
6. Prefer small-magnitude values unless larger values are necessary to achieve the requested execution behavior.

Nondeterministic inputs:
- id: main:array:1, type: char, array: true, size: 101, required elements: 101

Previously generated assignment sets are listed below. Generate a materially different set and do not duplicate any of them.
Previous 1: main:array:1={'a','a','a','a','a','a','a','a','a','a','a','a','a','a','a','a','a','a','a','a','a','a','a','a','a','a','a','a','a','a','a','a','a','a','a','a','a','a','a','a','a','a','a','a','a','a','a','a','a','a','a','a','a','a','a','a','a','a','a','a','a','a','a','a','a','a','a','a','a','a','a','a','a','a','a','a','a','a','a','a','a','a','a','a','a','a','a','a','a','a','a','a','a','a','a','a','a','a','a','a','a'}; 
Previous 2: main:array:1={'}','b','b','b','b','b','b','b','b','b','b','b','b','b','b','b','b','b','b','b','b','b','b','b','b','b','b','b','b','b','b','b','b','b','b','b','b','b','b','b','b','b','b','b','b','b','b','b','b','b','b','b','b','b','b','b','b','b','b','b','b','b','b','b','b','b','b','b','b','b','b','b','b','b','b','b','b','b','b','b','b','b','b','b','b','b','b','b','b','b','b','b','b','b','b','b','b','b','b','b','b'}; 
Previous 3: main:array:1={'}','a','a','a','a','a','a','a','a','a','a','a','a','a','a','a','a','a','a','a','a','a','a','a','a','a','a','a','a','a','a','a','a','a','a','a','a','a','a','a','a','a','a','a','a','a','a','a','a','a','a','a','a','a','a','a','a','a','a','a','a','a','a','a','a','a','a','a','a','a','a','a','a','a','a','a','a','a','a','a','a','a','a','a','a','a','a','a','a','a','a','a','a','a','a','a','a','a','a','a','a'}; 
Previous 4: main:array:1={'b','b','b','b','b','b','b','b','b','b','b','b','b','b','b','b','b','b','b','b','b','b','b','b','b','b','b','b','b','b','b','b','b','b','b','b','b','b','b','b','b','b','b','b','b','b','b','b','b','b','}','c','c','c','c','c','c','c','c','c','c','c','c','c','c','c','c','c','c','c','c','c','c','c','c','c','c','c','c','c','c','c','c','c','c','c','c','c','c','c','x','x','x','x','x','x','x','x','x','x','x'}; 
Previous 5: main:array:1={'\'','}','\'','\'','c','\'','\'','c','\'','\'','c','\'','\'','c','\'','\'','c','\'','\'','c','\'','\'','c','\'','\'','c','\'','\'','c','\'','\'','c','\'','\'','c','\'','\'','c','\'','\'','c','\'','\'','c','\'','\'','c','\'','\'','c','\'','\'','c','\'','\'','c','\'','\'','c','\'','\'','c','\'','\'','c','\'','\'','c','\'','\'','c','\'','\'','c','\'','\'','c','\'','\'','c','\'','\'','c','\'','\'','c','\'','\'','c','\'','\'','c','\'','\'','c','\'','\'','c','\'','\'','c'}; 
Previous 6: main:array:1={'\'','\'','\'','\'','\'','\'','\'','\'','\'','\'','\'','\'','\'','\'','\'','\'','\'','\'','\'','\'','\'','\'','\'','\'','\'','\'','\'','\'','\'','\'','\'','\'','\'','\'','\'','\'','\'','\'','\'','\'','\'','\'','\'','\'','\'','\'','\'','\'','\'','\'','\'','\'','\'','\'','\'','\'','\'','\'','\'','\'','\'','\'','\'','\'','\'','\'','\'','\'','\'','\'','\'','\'','\'','\'','\'','\'','\'','\'','\'','\'','\'','\'','\'','\'','\'','\'','\'','\'','\'','\'','\'','\'','\'','\'','\'','\'','\'','\'','\'','\'','\''}; 
Previous 7: main:array:1={'A','B','C','D','E','F','G','H','I','J','K','L','M','N','O','P','Q','R','S','T','U','V','W','X','Y','Z','a','b','c','d','e','f','g','h','i','j','k','l','m','n','o','p','q','r','s','t','u','v','w','x','y','z','0','1','2','3','4','5','6','7','8','9','!','?','.',',','-','_','/','/','|','@','#','$','%','^','&','*','(',')','{','[',']','`','~','>','<',':',';','`','\'',' ','!','?','.',',','%','+','=','/','/'}; 
Previous 8: main:array:1={'0','0','0','0','0','0','0','0','0','0','0','0','0','0','0','0','0','0','0','0','0','0','0','0','0','0','0','0','0','0','0','0','0','0','0','0','0','0','0','0','0','0','0','0','0','0','0','0','0','0','0','0','0','0','0','0','0','0','0','0','0','0','0','0','0','0','0','0','0','0','0','0','0','0','0','0','0','0','0','0','0','0','0','0','0','0','0','0','0','0','0','0','0','0','0','0','0','0','0','0','0'}; 
Previous 9: main:array:1={'a','b','a','b','a','b','a','b','a','b','a','b','a','b','a','b','a','b','a','b','a','b','a','b','a','b','a','b','a','b','a','b','a','b','a','b','a','b','a','b','a','b','a','b','a','b','a','b','a','b','a','b','a','b','a','b','a','b','a','b','a','b','a','b','a','b','a','b','a','b','a','b','a','b','a','b','a','b','a','b','a','b','a','b','a','b','a','b','a','b','a','b','a','b','a','b','a','b','a','b','a'}; 
Previous 10: main:array:1={'\'','A','\'','B','\'','C','\'','D','\'','E','\'','F','\'','G','\'','H','\'','I','\'','J','\'','K','\'','L','\'','M','\'','N','\'','O','\'','P','\'','Q','\'','R','\'','S','\'','T','\'','U','\'','V','\'','W','\'','X','\'','Y','\'','Z','\'','a','\'','b','\'','c','\'','d','\'','e','\'','f','\'','g','\'','h','\'','i','\'','j','\'','k','\'','l','\'','m','\'','n','\'','o','\'','p','\'','q','\'','r','\'','s','\'','t','\'','u','\'','v','\'','w','\'','x','\''}; 
Previous 11: main:array:1={':','-','a','a','a','a','a','a','a','a','a','a','a','a','a','a','a','a','a','a','a','a','a','a','a','a','a','a','a','a','a','a','a','a','a','a','a','a','a','a','a','a','a','a','a','a','a','a','a','a','a','a','a','a','a','a','a','a','a','a','a','a','a','a','a','a','a','a','a','a','a','a','a','a','a','a','a','a','a','a','a','a','a','a','a','a','a','a','a','a','a','a','a','a','a','a','a','a','a','a','a'}; 
Previous 12: main:array:1={'x','x','x','x','x','x','x','x','x','x','x','x','x','x','x','x','x','x','x','x','x','x','x','x','x','x','x','x','x','x','x','x','x','x','x','x','x','x','x','x','x','x','x','x','x','x','x','x','x','x','x','x','x','x','x','x','x','x','x','x','x','x','x','x','x','x','x','x','x','x','x','x','x','x','x','x','x','x','x','x','x','x','x','x','x','x','x','x','x','x','x','x','x','x','x','x','x','x','x','x','x'}; 
Previous 13: main:array:1={':','b','a','a','a','a','a','a','a','a','a','a','a','a','a','a','a','a','a','a','a','a','a','a','a','a','a','a','a','a','a','a','a','a','a','a','a','a','a','a','a','a','a','a','a','a','a','a','a','a','a','a','a','a','a','a','a','a','a','a','a','a','a','a','a','a','a','a','a','a','a','a','a','a','a','a','a','a','a','a','a','a','a','a','a','a','a','a','a','a','a','a','a','a','a','a','a','a','a','a','a'}; 
Previous 14: main:array:1={'\'','\'',':','\'','a','\'','b','\'','b','\'','b','\'','b','\'','b','\'','b','\'','b','\'','b','\'','b','\'','b','\'','b','\'','b','\'','b','\'','b','\'','b','\'','b','\'','b','\'','b','\'','b','\'','b','\'','b','\'','b','\'','b','\'','b','\'','b','\'','b','\'','b','\'','b','\'','b','\'','b','\'','b','\'','b','\'','b','\'','b','\'','b','\'','b','\'','b','\'','b','\'','b','\'','b','\'','b','\'','b','\'','b','\'','b','\'','b','\'','b','\'','b','\'','b'}; 
Previous 15: main:array:1={'a','a','a','a','a','a','a','a','a','a','a','a','a','a','a','a','a','a','a','a','a','a','a','a','a','a','a','a','a','a','a','a','a','a','a','a','a','a','a','a','a','a','a','a','a','a','a','a','a','a','a','a','a','a','a','a','a','a','a','a','a','a','a','a','a','a','a','a','a','a','a','a','a','a','a','a','a','a','a','a','a','a','a','a','a','a','a','a','a','a','a','a','a','a','a','a','a','a',':','0','0'}; 
Previous 16: main:array:1={'z','z','z','z','z','z','z','z','z','z','z','z','z','z','z','z','z','z','z','z','z','z','z','z','z','z','z','z','z','z','z','z','z','z','z','z','z','z','z','z','z','z','z','z','z','z','z','z','z','z','z','z','z','z','z','z','z','z','z','z','z','z','z','z','z','z','z','z','z','z','z','z','z','z','z','z','z','z','z','z','z','z','z','z','z','z','z','z','z','z','z','z','z','z','z','z','z','z','z','z','z'}; 
Previous 17: main:array:1={'!','!','!','!','!','!','!','!','!','!','!','!','!','!','!','!','!','!','!','!','!','!','!','!','!','!','!','!','!','!','!','!','!','!','!','!','!','!','!','!','!','!','!','!','!','!','!','!','!','!','!','!','!','!','!','!','!','!','!','!','!','!','!','!','!','!','!','!','!','!','!','!','!','!','!','!','!','!','!','!','!','!','!','!','!','!','!','!','!','!','!','!','!','!','!','!','!','!','!','!','!'}; 
Previous 18: main:array:1={'a','a','a','a','a','a','a','a','a','a','a','a','a','a','a','a','a','a','a','a','a','a','a','a','a','a','a','a','a','a','a','a','a','a','a','a','a','a','a','a','a','a','a','a','a','a','a','a','a','a','a','a','a','a','a','a','a','a','a','a','a','a','a','a','a','a','a','a','a','a','a','a','a','a','a','a','a','a','a','a','a','a','a','a','a','a','a','a','a','a','a','a','a','a','a','a','a','a','b','b','b'}; 
Previous 19: main:array:1={'A','B','C','D','E','F','G','H','I','J','K','L','M','N','O','P','Q','R','S','T','U','V','W','X','Y','Z','A','B','C','D','E','F','G','H','I','J','K','L','M','N','O','P','Q','R','S','T','U','V','W','X','Y','Z','A','B','C','D','E','F','G','H','I','J','K','L','M','N','O','P','Q','R','S','T','U','V','W','X','Y','Z','A','B','C','D','E','F','G','H','I','J','K','L','M','N','O','P','Q','R','S','T','U','V','W'}; 
Previous 20: main:array:1={'H','e','l','l','o','W','o','r','l','d','H','e','l','l','o','W','o','r','l','d','H','e','l','l','o','W','o','r','l','d','H','e','l','l','o','W','o','r','l','d','H','e','l','l','o','W','o','r','l','d','H','e','l','l','o','W','o','r','l','d','H','e','l','l','o','W','o','r','l','d','H','e','l','l','o','W','o','r','l','d','H','e','l','l','o','W','o','r','l','d','H','e','l','l','o','W','o','r','l','d','H'}; 
Previous 21: main:array:1={':','A','a','a','a','a','a','a','a','a','a','a','a','a','a','a','a','a','a','a','a','a','a','a','a','a','a','a','a','a','a','a','a','a','a','a','a','a','a','a','a','a','a','a','a','a','a','a','a','a','a','a','a','a','a','a','a','a','a','a','a','a','a','a','a','a','a','a','a','a','a','a','a','a','a','a','a','a','a','a','a','a','a','a','a','a','a','a','a','a','a','a','a','a','a','a','a','a','a','a','a'}; 
Previous 22: main:array:1={'m','n','o','p','q','r','s','t','u','v','m','n','o','p','q','r','s','t','u','v','m','n','o','p','q','r','s','t','u','v','m','n','o','p','q','r','s','t','u','v','m','n','o','p','q','r','s','t','u','v','m','n','o','p','q','r','s','t','u','v','m','n','o','p','q','r','s','t','u','v','m','n','o','p','q','r','s','t','u','v','m','n','o','p','q','r','s','t','u','v','m','n','o','p','q','r','s','t','u','v','m'}; 
Previous 23: main:array:1={'a','a','a','a','a','a','a','a','a','a','a','a','a','a','a','a','a','a','a','a','a','a','a','a','a','a','a','a','a','a','a','a','a','a','a','a','a','a','a','a','a','a','a','a','a','a','a','a','a','a','a','a','a','a','a','a','a','a','a','a','a','a','a','a','a','a','a','a','a','a','a','a','a','a','a','a','a','a','a','a','a','a','a','a','a','a','a','a','a','a','a','a','a','a','a','a','a','a','a','a','b'}; 
Previous 24: main:array:1={'-','-','-','-','-','-','-','-','-','-','-','-','-','-','-','-','-','-','-','-','-','-','-','-','-','-','-','-','-','-','-','-','-','-','-','-','-','-','-','-','-','-','-','-','-','-','-','-','-','-','-','-','-','-','-','-','-','-','-','-','-','-','-','-','-','-','-','-','-','-','-','-','-','-','-','-','-','-','-','-','-','-','-','-','-','-','-','-','-','-','-','-','-','-','-','-','-','-','-','-','-'}; 
Previous 25: main:array:1={'A','B','C','D','E','F','G','H','I','J','K','L','M','N','O','P','Q','R','S','T','U','V','W','X','Y','Z','a','b','c','d','e','f','g','h','i','j','k','l','m','n','o','p','q','r','s','t','u','v','w','x','y','z','0','1','2','3','4','5','6','7','8','9','!','@','#','$','%','^','&','*','(',')','-','=','+','[',']','{',';',';',',','.','<','>','?','/',';','~','\'','`','^','+','+','?','/',';','~','\'','`','^','+'}; 
Previous 26: main:array:1={'\'','A','\'','A','\'','A','\'','A','\'','A','\'','A','\'','A','\'','A','\'','A','\'','A','\'','A','\'','A','\'','A','\'','A','\'','A','\'','A','\'','A','\'','A','\'','A','\'','A','\'','A','\'','A','\'','A','\'','A','\'','A','\'','A','\'','A','\'','A','\'','A','\'','A','\'','A','\'','A','\'','A','\'','A','\'','A','\'','A','\'','A','\'','A','\'','A','\'','A','\'','A','\'','A','\'','A','\'','A','\'','A','\'','A','\'','A','\'','A','\'','A','\'','A','\''}; 
Previous 27: main:array:1={'O','O','O','O','O','O','O','O','O','O','O','O','O','O','O','O','O','O','O','O','O','O','O','O','O','O','O','O','O','O','O','O','O','O','O','O','O','O','O','O','O','O','O','O','O','O','O','O','O','O','O','O','O','O','O','O','O','O','O','O','O','O','O','O','O','O','O','O','O','O','O','O','O','O','O','O','O','O','O','O','O','O','O','O','O','O','O','O','O','O','O','O','O','O','O','O','O','O','O','O','O'}; 
Previous 28: main:array:1={'?','?','?','?','?','?','?','?','?','?','?','?','?','?','?','?','?','?','?','?','?','?','?','?','?','?','?','?','?','?','?','?','?','?','?','?','?','?','?','?','?','?','?','?','?','?','?','?','?','?','?','?','?','?','?','?','?','?','?','?','?','?','?','?','?','?','?','?','?','?','?','?','?','?','?','?','?','?','?','?','?','?','?','?','?','?','?','?','?','?','?','?','?','?','?','?','?','?','?','?','?'}; 
Previous 29: main:array:1={':','a','b','b','b','b','b','b','b','b','b','b','b','b','b','b','b','b','b','b','b','b','b','b','b','b','b','b','b','b','b','b','b','b','b','b','b','b','b','b','b','b','b','b','b','b','b','b','b','b','b','b','b','b','b','b','b','b','b','b','b','b','b','b','b','b','b','b','b','b','b','b','b','b','b','b','b','b','b','b','b','b','b','b','b','b','b','b','b','b','b','b','b','b','b','b','b','b','b','b','b'}; 
Previous 30: main:array:1={'a','a','a','a','a','a','a','a','a','a','a','a','a','a','a','a','a','a','a','a','a','a','a','a','a','a','a','a','a','a','a','a','a','a','a','a','a','a','a','a','a','a','a','a','a','a','a','a','a','a','a','a','a','a','a','a','a','a','a','a','b','b','b','b','b','b','b','b','b','b','b','b','b','b','b','b','b','b','b','b','b','b','b','b','b','b','b','b','b','b','b','b','b','b','b','b','b','b','b','b','b'}; 
Previous 31: main:array:1={'a','a','a','a','a','a','a','a','a','a','a','a','a','a','a','a','a','a','a','a','a','a','a','a','a','a','a','a','a','a','a','a','a','a','a','a','a','a','a','a','a','a','a','a','a','a','a','a','a','a','b','b','b','b','b','b','b','b','b','b','b','b','b','b','b','b','b','b','b','b','b','b','b','b','b','b','b','b','b','b','0','0','0','0','0','0','0','0','0','0','0','0','0','0','0','0','0','0','0','0','0'}; 
Previous 32: main:array:1={'\'','a','\'','b','\'','c','\'','a','\'','b','\'','c','\'','a','\'','b','\'','c','\'','a','\'','b','\'','c','\'','a','\'','b','\'','c','\'','a','\'','b','\'','c','\'','a','\'','b','\'','c','\'','a','\'','b','\'','c','\'','a','\'','b','\'','c','\'','a','\'','b','\'','c','\'','a','\'','b','\'','c','\'','a','\'','b','\'','c','\'','a','\'','b','\'','c','\'','a','\'','b','\'','c','\'','a','\'','b','\'','c','\'','a','\'','b','\'','c','\'','a','\'','b','\''}; 
Previous 33: main:array:1={'b','b','b','b','b','b','b','b','b','b','b','b','b','b','b','b','b','b','b','b','b','b','b','b','b','b','b','b','b','b','b','b','b','b','b','b','b','b','b','b','b','b','b','b','b','b','b','b','b','b','b','b','b','b','b','b','b','b','b','b','b','b','b','b','b','b','b','b','b','b','b','b','b','b','b','b','b','b','b','b','b','b','b','b','b','b','b','b','b','b','b','b','b','b','b','b','b','b','b','b','b'}; 
Previous 34: main:array:1={'a','b','c','a','b','c','a','b','c','a','b','c','a','b','c','a','b','c','a','b','c','a','b','c','a','b','c','a','b','c','a','b','c','a','b','c','a','b','c','a','b','c','a','b','c','a','b','c','a','b','c','a','b','c','a','b','c','a','b','c','a','b','c','a','b','c','a','b','c','a','b','c','a','b','c','a','b','c','a','b','c','a','b','c','a','b','c','a','b','c','a','b','c','a','b','c','a','b','c','x','x'}; 
Previous 35: main:array:1={'#','#','#','#','#','#','#','#','#','#','#','#','#','#','#','#','#','#','#','#','#','#','#','#','#','#','#','#','#','#','#','#','#','#','#','#','#','#','#','#','#','#','#','#','#','#','#','#','#','#','#','#','#','#','#','#','#','#','#','#','#','#','#','#','#','#','#','#','#','#','#','#','#','#','#','#','#','#','#','#','#','#','#','#','#','#','#','#','#','#','#','#','#','#','#','#','#','#','#','C','}'}; 
Previous 36: main:array:1={'A','b','C','d','E','f','G','h','I','j','K','l','M','n','O','p','Q','r','S','t','U','v','W','x','Y','z','A','b','C','d','E','f','G','h','I','j','K','l','M','n','O','p','Q','r','S','t','U','v','W','x','Y','z','A','b','C','d','E','f','G','h','I','j','K','l','M','n','O','p','Q','r','S','t','U','v','W','x','Y','z','A','b','C','d','E','f','G','h','I','j','K','l','M','n','O','p','Q','r','S','t','U','v','W'}; 
Previous 37: main:array:1={'M','N','M','N','M','N','M','N','M','N','M','N','M','N','M','N','M','N','M','N','M','N','M','N','M','N','M','N','M','N','M','N','M','N','M','N','M','N','M','N','M','N','M','N','M','N','M','N','M','N','M','N','M','N','M','N','M','N','M','N','M','N','M','N','M','N','M','N','M','N','M','N','M','N','M','N','M','N','M','N','M','N','M','N','M','N','M','N','M','N','M','N','M','N','M','N','M','N','M','N','M'}; 
Previous 38: main:array:1={'z','y','z','y','z','y','z','y','z','y','z','y','z','y','z','y','z','y','z','y','z','y','z','y','z','y','z','y','z','y','z','y','z','y','z','y','z','y','z','y','z','y','z','y','z','y','z','y','z','y','z','y','z','y','z','y','z','y','z','y','z','y','z','y','z','y','z','y','z','y','z','y','z','y','z','y','z','y','z','y','z','y','z','y','z','y','z','y','z','y','z','y','z','y','z','y','z','y','z','y','z'}; 
Previous 39: main:array:1={'x','y','z','x','y','z','x','y','z','x','y','z','x','y','z','x','y','z','x','y','z','x','y','z','x','y','z','x','y','z','x','y','z','x','y','z','x','y','z','x','y','z','x','y','z','x','y','z','x','y','z','x','y','z','x','y','z','x','y','z','x','y','z','x','y','z','x','y','z','x','y','z','x','y','z','x','y','z','x','y','z','x','y','z','x','y','z','x','y','z','x','y','z','x','y','z','x','y','z','x','y'}; 

Program:
extern char __VERIFIER_nondet_char(void);
/*
Commit Number: e6801c90311679fc0854af73da95fe58079c59f4
URL: https://github.com/FreeRADIUS/freeradius-server/commit/e6801c90311679fc0854af73da95fe58079c59f4
Project Name: freeradius-serve
License: GPL2
termination: false


*/
int main()
{
    int stop = 0;
    char array[101];
    for( int i = 0 ; i < 100 ; i++ )
        array[i] =  __VERIFIER_nondet_char();
    array[100] = 0;
    char* p = array;
    while( (*p) && (!stop) )
    {
        switch(*p){
        case '}':
            stop = 1;
            break;

        case ':':
            if( *(p+1) && (*(p+1) == '-')){
                p += 2;
                stop = 1;
            }
            break;
        default:
            p++;
        }
    }
    return 0;
}

"
50,NT,"main:array:1={'1','1','1','1','1','1','1','1','1','1','1','1','1','1','1','1','1','1','1','1','1','1','1','1','1','1','1','1','1','1','1','1','1','1','1','1','1','1','1','1','1','1','1','1','1','1','1','1','1','1','1','1','1','1','1','1','1','1','1','1','1','1','1','1','1','1','1','1','1','1','1','1','1','1','1','1','1','1','1','1','1','1','1','1','1','1','1','1','1','1','1','1','1','1','1','1','1','1','1','1','1'}
",,COMPLETED,T,false,,"You generate concrete values for nondeterministic inputs in a C/C++ program.
Your goal is to produce ONE complete assignment set that is likely to make the program not terminate.

Important rules:
1. Return a value for EVERY listed nondeterministic input ID.
2. Use each ID exactly once.
3. Respect the declared C/C++ type.
4. For an array, return the value as an array containing exactly the required number of elements.
5. For char arrays, each element must be exactly one character. Return the character itself without C single quotes.
6. Prefer small-magnitude values unless larger values are necessary to achieve the requested execution behavior.

Nondeterministic inputs:
- id: main:array:1, type: char, array: true, size: 101, required elements: 101

Previously generated assignment sets are listed below. Generate a materially different set and do not duplicate any of them.
Previous 1: main:array:1={'a','a','a','a','a','a','a','a','a','a','a','a','a','a','a','a','a','a','a','a','a','a','a','a','a','a','a','a','a','a','a','a','a','a','a','a','a','a','a','a','a','a','a','a','a','a','a','a','a','a','a','a','a','a','a','a','a','a','a','a','a','a','a','a','a','a','a','a','a','a','a','a','a','a','a','a','a','a','a','a','a','a','a','a','a','a','a','a','a','a','a','a','a','a','a','a','a','a','a','a','a'}; 
Previous 2: main:array:1={'}','b','b','b','b','b','b','b','b','b','b','b','b','b','b','b','b','b','b','b','b','b','b','b','b','b','b','b','b','b','b','b','b','b','b','b','b','b','b','b','b','b','b','b','b','b','b','b','b','b','b','b','b','b','b','b','b','b','b','b','b','b','b','b','b','b','b','b','b','b','b','b','b','b','b','b','b','b','b','b','b','b','b','b','b','b','b','b','b','b','b','b','b','b','b','b','b','b','b','b','b'}; 
Previous 3: main:array:1={'}','a','a','a','a','a','a','a','a','a','a','a','a','a','a','a','a','a','a','a','a','a','a','a','a','a','a','a','a','a','a','a','a','a','a','a','a','a','a','a','a','a','a','a','a','a','a','a','a','a','a','a','a','a','a','a','a','a','a','a','a','a','a','a','a','a','a','a','a','a','a','a','a','a','a','a','a','a','a','a','a','a','a','a','a','a','a','a','a','a','a','a','a','a','a','a','a','a','a','a','a'}; 
Previous 4: main:array:1={'b','b','b','b','b','b','b','b','b','b','b','b','b','b','b','b','b','b','b','b','b','b','b','b','b','b','b','b','b','b','b','b','b','b','b','b','b','b','b','b','b','b','b','b','b','b','b','b','b','b','}','c','c','c','c','c','c','c','c','c','c','c','c','c','c','c','c','c','c','c','c','c','c','c','c','c','c','c','c','c','c','c','c','c','c','c','c','c','c','c','x','x','x','x','x','x','x','x','x','x','x'}; 
Previous 5: main:array:1={'\'','}','\'','\'','c','\'','\'','c','\'','\'','c','\'','\'','c','\'','\'','c','\'','\'','c','\'','\'','c','\'','\'','c','\'','\'','c','\'','\'','c','\'','\'','c','\'','\'','c','\'','\'','c','\'','\'','c','\'','\'','c','\'','\'','c','\'','\'','c','\'','\'','c','\'','\'','c','\'','\'','c','\'','\'','c','\'','\'','c','\'','\'','c','\'','\'','c','\'','\'','c','\'','\'','c','\'','\'','c','\'','\'','c','\'','\'','c','\'','\'','c','\'','\'','c','\'','\'','c','\'','\'','c'}; 
Previous 6: main:array:1={'\'','\'','\'','\'','\'','\'','\'','\'','\'','\'','\'','\'','\'','\'','\'','\'','\'','\'','\'','\'','\'','\'','\'','\'','\'','\'','\'','\'','\'','\'','\'','\'','\'','\'','\'','\'','\'','\'','\'','\'','\'','\'','\'','\'','\'','\'','\'','\'','\'','\'','\'','\'','\'','\'','\'','\'','\'','\'','\'','\'','\'','\'','\'','\'','\'','\'','\'','\'','\'','\'','\'','\'','\'','\'','\'','\'','\'','\'','\'','\'','\'','\'','\'','\'','\'','\'','\'','\'','\'','\'','\'','\'','\'','\'','\'','\'','\'','\'','\'','\'','\''}; 
Previous 7: main:array:1={'A','B','C','D','E','F','G','H','I','J','K','L','M','N','O','P','Q','R','S','T','U','V','W','X','Y','Z','a','b','c','d','e','f','g','h','i','j','k','l','m','n','o','p','q','r','s','t','u','v','w','x','y','z','0','1','2','3','4','5','6','7','8','9','!','?','.',',','-','_','/','/','|','@','#','$','%','^','&','*','(',')','{','[',']','`','~','>','<',':',';','`','\'',' ','!','?','.',',','%','+','=','/','/'}; 
Previous 8: main:array:1={'0','0','0','0','0','0','0','0','0','0','0','0','0','0','0','0','0','0','0','0','0','0','0','0','0','0','0','0','0','0','0','0','0','0','0','0','0','0','0','0','0','0','0','0','0','0','0','0','0','0','0','0','0','0','0','0','0','0','0','0','0','0','0','0','0','0','0','0','0','0','0','0','0','0','0','0','0','0','0','0','0','0','0','0','0','0','0','0','0','0','0','0','0','0','0','0','0','0','0','0','0'}; 
Previous 9: main:array:1={'a','b','a','b','a','b','a','b','a','b','a','b','a','b','a','b','a','b','a','b','a','b','a','b','a','b','a','b','a','b','a','b','a','b','a','b','a','b','a','b','a','b','a','b','a','b','a','b','a','b','a','b','a','b','a','b','a','b','a','b','a','b','a','b','a','b','a','b','a','b','a','b','a','b','a','b','a','b','a','b','a','b','a','b','a','b','a','b','a','b','a','b','a','b','a','b','a','b','a','b','a'}; 
Previous 10: main:array:1={'\'','A','\'','B','\'','C','\'','D','\'','E','\'','F','\'','G','\'','H','\'','I','\'','J','\'','K','\'','L','\'','M','\'','N','\'','O','\'','P','\'','Q','\'','R','\'','S','\'','T','\'','U','\'','V','\'','W','\'','X','\'','Y','\'','Z','\'','a','\'','b','\'','c','\'','d','\'','e','\'','f','\'','g','\'','h','\'','i','\'','j','\'','k','\'','l','\'','m','\'','n','\'','o','\'','p','\'','q','\'','r','\'','s','\'','t','\'','u','\'','v','\'','w','\'','x','\''}; 
Previous 11: main:array:1={':','-','a','a','a','a','a','a','a','a','a','a','a','a','a','a','a','a','a','a','a','a','a','a','a','a','a','a','a','a','a','a','a','a','a','a','a','a','a','a','a','a','a','a','a','a','a','a','a','a','a','a','a','a','a','a','a','a','a','a','a','a','a','a','a','a','a','a','a','a','a','a','a','a','a','a','a','a','a','a','a','a','a','a','a','a','a','a','a','a','a','a','a','a','a','a','a','a','a','a','a'}; 
Previous 12: main:array:1={'x','x','x','x','x','x','x','x','x','x','x','x','x','x','x','x','x','x','x','x','x','x','x','x','x','x','x','x','x','x','x','x','x','x','x','x','x','x','x','x','x','x','x','x','x','x','x','x','x','x','x','x','x','x','x','x','x','x','x','x','x','x','x','x','x','x','x','x','x','x','x','x','x','x','x','x','x','x','x','x','x','x','x','x','x','x','x','x','x','x','x','x','x','x','x','x','x','x','x','x','x'}; 
Previous 13: main:array:1={':','b','a','a','a','a','a','a','a','a','a','a','a','a','a','a','a','a','a','a','a','a','a','a','a','a','a','a','a','a','a','a','a','a','a','a','a','a','a','a','a','a','a','a','a','a','a','a','a','a','a','a','a','a','a','a','a','a','a','a','a','a','a','a','a','a','a','a','a','a','a','a','a','a','a','a','a','a','a','a','a','a','a','a','a','a','a','a','a','a','a','a','a','a','a','a','a','a','a','a','a'}; 
Previous 14: main:array:1={'\'','\'',':','\'','a','\'','b','\'','b','\'','b','\'','b','\'','b','\'','b','\'','b','\'','b','\'','b','\'','b','\'','b','\'','b','\'','b','\'','b','\'','b','\'','b','\'','b','\'','b','\'','b','\'','b','\'','b','\'','b','\'','b','\'','b','\'','b','\'','b','\'','b','\'','b','\'','b','\'','b','\'','b','\'','b','\'','b','\'','b','\'','b','\'','b','\'','b','\'','b','\'','b','\'','b','\'','b','\'','b','\'','b','\'','b','\'','b','\'','b','\'','b','\'','b'}; 
Previous 15: main:array:1={'a','a','a','a','a','a','a','a','a','a','a','a','a','a','a','a','a','a','a','a','a','a','a','a','a','a','a','a','a','a','a','a','a','a','a','a','a','a','a','a','a','a','a','a','a','a','a','a','a','a','a','a','a','a','a','a','a','a','a','a','a','a','a','a','a','a','a','a','a','a','a','a','a','a','a','a','a','a','a','a','a','a','a','a','a','a','a','a','a','a','a','a','a','a','a','a','a','a',':','0','0'}; 
Previous 16: main:array:1={'z','z','z','z','z','z','z','z','z','z','z','z','z','z','z','z','z','z','z','z','z','z','z','z','z','z','z','z','z','z','z','z','z','z','z','z','z','z','z','z','z','z','z','z','z','z','z','z','z','z','z','z','z','z','z','z','z','z','z','z','z','z','z','z','z','z','z','z','z','z','z','z','z','z','z','z','z','z','z','z','z','z','z','z','z','z','z','z','z','z','z','z','z','z','z','z','z','z','z','z','z'}; 
Previous 17: main:array:1={'!','!','!','!','!','!','!','!','!','!','!','!','!','!','!','!','!','!','!','!','!','!','!','!','!','!','!','!','!','!','!','!','!','!','!','!','!','!','!','!','!','!','!','!','!','!','!','!','!','!','!','!','!','!','!','!','!','!','!','!','!','!','!','!','!','!','!','!','!','!','!','!','!','!','!','!','!','!','!','!','!','!','!','!','!','!','!','!','!','!','!','!','!','!','!','!','!','!','!','!','!'}; 
Previous 18: main:array:1={'a','a','a','a','a','a','a','a','a','a','a','a','a','a','a','a','a','a','a','a','a','a','a','a','a','a','a','a','a','a','a','a','a','a','a','a','a','a','a','a','a','a','a','a','a','a','a','a','a','a','a','a','a','a','a','a','a','a','a','a','a','a','a','a','a','a','a','a','a','a','a','a','a','a','a','a','a','a','a','a','a','a','a','a','a','a','a','a','a','a','a','a','a','a','a','a','a','a','b','b','b'}; 
Previous 19: main:array:1={'A','B','C','D','E','F','G','H','I','J','K','L','M','N','O','P','Q','R','S','T','U','V','W','X','Y','Z','A','B','C','D','E','F','G','H','I','J','K','L','M','N','O','P','Q','R','S','T','U','V','W','X','Y','Z','A','B','C','D','E','F','G','H','I','J','K','L','M','N','O','P','Q','R','S','T','U','V','W','X','Y','Z','A','B','C','D','E','F','G','H','I','J','K','L','M','N','O','P','Q','R','S','T','U','V','W'}; 
Previous 20: main:array:1={'H','e','l','l','o','W','o','r','l','d','H','e','l','l','o','W','o','r','l','d','H','e','l','l','o','W','o','r','l','d','H','e','l','l','o','W','o','r','l','d','H','e','l','l','o','W','o','r','l','d','H','e','l','l','o','W','o','r','l','d','H','e','l','l','o','W','o','r','l','d','H','e','l','l','o','W','o','r','l','d','H','e','l','l','o','W','o','r','l','d','H','e','l','l','o','W','o','r','l','d','H'}; 
Previous 21: main:array:1={':','A','a','a','a','a','a','a','a','a','a','a','a','a','a','a','a','a','a','a','a','a','a','a','a','a','a','a','a','a','a','a','a','a','a','a','a','a','a','a','a','a','a','a','a','a','a','a','a','a','a','a','a','a','a','a','a','a','a','a','a','a','a','a','a','a','a','a','a','a','a','a','a','a','a','a','a','a','a','a','a','a','a','a','a','a','a','a','a','a','a','a','a','a','a','a','a','a','a','a','a'}; 
Previous 22: main:array:1={'m','n','o','p','q','r','s','t','u','v','m','n','o','p','q','r','s','t','u','v','m','n','o','p','q','r','s','t','u','v','m','n','o','p','q','r','s','t','u','v','m','n','o','p','q','r','s','t','u','v','m','n','o','p','q','r','s','t','u','v','m','n','o','p','q','r','s','t','u','v','m','n','o','p','q','r','s','t','u','v','m','n','o','p','q','r','s','t','u','v','m','n','o','p','q','r','s','t','u','v','m'}; 
Previous 23: main:array:1={'a','a','a','a','a','a','a','a','a','a','a','a','a','a','a','a','a','a','a','a','a','a','a','a','a','a','a','a','a','a','a','a','a','a','a','a','a','a','a','a','a','a','a','a','a','a','a','a','a','a','a','a','a','a','a','a','a','a','a','a','a','a','a','a','a','a','a','a','a','a','a','a','a','a','a','a','a','a','a','a','a','a','a','a','a','a','a','a','a','a','a','a','a','a','a','a','a','a','a','a','b'}; 
Previous 24: main:array:1={'-','-','-','-','-','-','-','-','-','-','-','-','-','-','-','-','-','-','-','-','-','-','-','-','-','-','-','-','-','-','-','-','-','-','-','-','-','-','-','-','-','-','-','-','-','-','-','-','-','-','-','-','-','-','-','-','-','-','-','-','-','-','-','-','-','-','-','-','-','-','-','-','-','-','-','-','-','-','-','-','-','-','-','-','-','-','-','-','-','-','-','-','-','-','-','-','-','-','-','-','-'}; 
Previous 25: main:array:1={'A','B','C','D','E','F','G','H','I','J','K','L','M','N','O','P','Q','R','S','T','U','V','W','X','Y','Z','a','b','c','d','e','f','g','h','i','j','k','l','m','n','o','p','q','r','s','t','u','v','w','x','y','z','0','1','2','3','4','5','6','7','8','9','!','@','#','$','%','^','&','*','(',')','-','=','+','[',']','{',';',';',',','.','<','>','?','/',';','~','\'','`','^','+','+','?','/',';','~','\'','`','^','+'}; 
Previous 26: main:array:1={'\'','A','\'','A','\'','A','\'','A','\'','A','\'','A','\'','A','\'','A','\'','A','\'','A','\'','A','\'','A','\'','A','\'','A','\'','A','\'','A','\'','A','\'','A','\'','A','\'','A','\'','A','\'','A','\'','A','\'','A','\'','A','\'','A','\'','A','\'','A','\'','A','\'','A','\'','A','\'','A','\'','A','\'','A','\'','A','\'','A','\'','A','\'','A','\'','A','\'','A','\'','A','\'','A','\'','A','\'','A','\'','A','\'','A','\'','A','\'','A','\'','A','\'','A','\''}; 
Previous 27: main:array:1={'O','O','O','O','O','O','O','O','O','O','O','O','O','O','O','O','O','O','O','O','O','O','O','O','O','O','O','O','O','O','O','O','O','O','O','O','O','O','O','O','O','O','O','O','O','O','O','O','O','O','O','O','O','O','O','O','O','O','O','O','O','O','O','O','O','O','O','O','O','O','O','O','O','O','O','O','O','O','O','O','O','O','O','O','O','O','O','O','O','O','O','O','O','O','O','O','O','O','O','O','O'}; 
Previous 28: main:array:1={'?','?','?','?','?','?','?','?','?','?','?','?','?','?','?','?','?','?','?','?','?','?','?','?','?','?','?','?','?','?','?','?','?','?','?','?','?','?','?','?','?','?','?','?','?','?','?','?','?','?','?','?','?','?','?','?','?','?','?','?','?','?','?','?','?','?','?','?','?','?','?','?','?','?','?','?','?','?','?','?','?','?','?','?','?','?','?','?','?','?','?','?','?','?','?','?','?','?','?','?','?'}; 
Previous 29: main:array:1={':','a','b','b','b','b','b','b','b','b','b','b','b','b','b','b','b','b','b','b','b','b','b','b','b','b','b','b','b','b','b','b','b','b','b','b','b','b','b','b','b','b','b','b','b','b','b','b','b','b','b','b','b','b','b','b','b','b','b','b','b','b','b','b','b','b','b','b','b','b','b','b','b','b','b','b','b','b','b','b','b','b','b','b','b','b','b','b','b','b','b','b','b','b','b','b','b','b','b','b','b'}; 
Previous 30: main:array:1={'a','a','a','a','a','a','a','a','a','a','a','a','a','a','a','a','a','a','a','a','a','a','a','a','a','a','a','a','a','a','a','a','a','a','a','a','a','a','a','a','a','a','a','a','a','a','a','a','a','a','a','a','a','a','a','a','a','a','a','a','b','b','b','b','b','b','b','b','b','b','b','b','b','b','b','b','b','b','b','b','b','b','b','b','b','b','b','b','b','b','b','b','b','b','b','b','b','b','b','b','b'}; 
Previous 31: main:array:1={'a','a','a','a','a','a','a','a','a','a','a','a','a','a','a','a','a','a','a','a','a','a','a','a','a','a','a','a','a','a','a','a','a','a','a','a','a','a','a','a','a','a','a','a','a','a','a','a','a','a','b','b','b','b','b','b','b','b','b','b','b','b','b','b','b','b','b','b','b','b','b','b','b','b','b','b','b','b','b','b','0','0','0','0','0','0','0','0','0','0','0','0','0','0','0','0','0','0','0','0','0'}; 
Previous 32: main:array:1={'\'','a','\'','b','\'','c','\'','a','\'','b','\'','c','\'','a','\'','b','\'','c','\'','a','\'','b','\'','c','\'','a','\'','b','\'','c','\'','a','\'','b','\'','c','\'','a','\'','b','\'','c','\'','a','\'','b','\'','c','\'','a','\'','b','\'','c','\'','a','\'','b','\'','c','\'','a','\'','b','\'','c','\'','a','\'','b','\'','c','\'','a','\'','b','\'','c','\'','a','\'','b','\'','c','\'','a','\'','b','\'','c','\'','a','\'','b','\'','c','\'','a','\'','b','\''}; 
Previous 33: main:array:1={'b','b','b','b','b','b','b','b','b','b','b','b','b','b','b','b','b','b','b','b','b','b','b','b','b','b','b','b','b','b','b','b','b','b','b','b','b','b','b','b','b','b','b','b','b','b','b','b','b','b','b','b','b','b','b','b','b','b','b','b','b','b','b','b','b','b','b','b','b','b','b','b','b','b','b','b','b','b','b','b','b','b','b','b','b','b','b','b','b','b','b','b','b','b','b','b','b','b','b','b','b'}; 
Previous 34: main:array:1={'a','b','c','a','b','c','a','b','c','a','b','c','a','b','c','a','b','c','a','b','c','a','b','c','a','b','c','a','b','c','a','b','c','a','b','c','a','b','c','a','b','c','a','b','c','a','b','c','a','b','c','a','b','c','a','b','c','a','b','c','a','b','c','a','b','c','a','b','c','a','b','c','a','b','c','a','b','c','a','b','c','a','b','c','a','b','c','a','b','c','a','b','c','a','b','c','a','b','c','x','x'}; 
Previous 35: main:array:1={'#','#','#','#','#','#','#','#','#','#','#','#','#','#','#','#','#','#','#','#','#','#','#','#','#','#','#','#','#','#','#','#','#','#','#','#','#','#','#','#','#','#','#','#','#','#','#','#','#','#','#','#','#','#','#','#','#','#','#','#','#','#','#','#','#','#','#','#','#','#','#','#','#','#','#','#','#','#','#','#','#','#','#','#','#','#','#','#','#','#','#','#','#','#','#','#','#','#','#','C','}'}; 
Previous 36: main:array:1={'A','b','C','d','E','f','G','h','I','j','K','l','M','n','O','p','Q','r','S','t','U','v','W','x','Y','z','A','b','C','d','E','f','G','h','I','j','K','l','M','n','O','p','Q','r','S','t','U','v','W','x','Y','z','A','b','C','d','E','f','G','h','I','j','K','l','M','n','O','p','Q','r','S','t','U','v','W','x','Y','z','A','b','C','d','E','f','G','h','I','j','K','l','M','n','O','p','Q','r','S','t','U','v','W'}; 
Previous 37: main:array:1={'M','N','M','N','M','N','M','N','M','N','M','N','M','N','M','N','M','N','M','N','M','N','M','N','M','N','M','N','M','N','M','N','M','N','M','N','M','N','M','N','M','N','M','N','M','N','M','N','M','N','M','N','M','N','M','N','M','N','M','N','M','N','M','N','M','N','M','N','M','N','M','N','M','N','M','N','M','N','M','N','M','N','M','N','M','N','M','N','M','N','M','N','M','N','M','N','M','N','M','N','M'}; 
Previous 38: main:array:1={'z','y','z','y','z','y','z','y','z','y','z','y','z','y','z','y','z','y','z','y','z','y','z','y','z','y','z','y','z','y','z','y','z','y','z','y','z','y','z','y','z','y','z','y','z','y','z','y','z','y','z','y','z','y','z','y','z','y','z','y','z','y','z','y','z','y','z','y','z','y','z','y','z','y','z','y','z','y','z','y','z','y','z','y','z','y','z','y','z','y','z','y','z','y','z','y','z','y','z','y','z'}; 
Previous 39: main:array:1={'x','y','z','x','y','z','x','y','z','x','y','z','x','y','z','x','y','z','x','y','z','x','y','z','x','y','z','x','y','z','x','y','z','x','y','z','x','y','z','x','y','z','x','y','z','x','y','z','x','y','z','x','y','z','x','y','z','x','y','z','x','y','z','x','y','z','x','y','z','x','y','z','x','y','z','x','y','z','x','y','z','x','y','z','x','y','z','x','y','z','x','y','z','x','y','z','x','y','z','x','y'}; 
Previous 40: main:array:1={'*','*','*','*','*','*','*','*','*','*','*','*','*','*','*','*','*','*','*','*','*','*','*','*','*','*','*','*','*','*','*','*','*','*','*','*','*','*','*','*','*','*','*','*','*','*','*','*','*','*','#','#','#','#','#','#','#','#','#','#','#','#','#','#','#','#','#','#','#','#','#','#','#','#','#','#','#','#','#','#','#','#','#','#','#','#','#','#','#','#','#','#','#','#','#','#','#','#','#','#','a'}; 

Program:
extern char __VERIFIER_nondet_char(void);
/*
Commit Number: e6801c90311679fc0854af73da95fe58079c59f4
URL: https://github.com/FreeRADIUS/freeradius-server/commit/e6801c90311679fc0854af73da95fe58079c59f4
Project Name: freeradius-serve
License: GPL2
termination: false


*/
int main()
{
    int stop = 0;
    char array[101];
    for( int i = 0 ; i < 100 ; i++ )
        array[i] =  __VERIFIER_nondet_char();
    array[100] = 0;
    char* p = array;
    while( (*p) && (!stop) )
    {
        switch(*p){
        case '}':
            stop = 1;
            break;

        case ':':
            if( *(p+1) && (*(p+1) == '-')){
                p += 2;
                stop = 1;
            }
            break;
        default:
            p++;
        }
    }
    return 0;
}

"
51,NT,"main:array:1={'x','x','x','x','x','x','x','x','x','x','x','x','x','x','x','x','x','x','x','x','x','x','x','x','x','x','x','x','x','x','x','x','x','x','x','x','x','x','x','x','x','x','x','x','x','x','x','x','x','x','x','x','x','x','x','x','x','x','x','x','x','x','x','x','x','x','x','x','x','x','x','x','x','x','x','x','x','x','x','x','x','x','x','x','x','x','x','x','x','x','x','x','x','x','x','x','x','x','x','x','x'}
",,DUPLICATE,,false,,"You generate concrete values for nondeterministic inputs in a C/C++ program.
Your goal is to produce ONE complete assignment set that is likely to make the program not terminate.

Important rules:
1. Return a value for EVERY listed nondeterministic input ID.
2. Use each ID exactly once.
3. Respect the declared C/C++ type.
4. For an array, return the value as an array containing exactly the required number of elements.
5. For char arrays, each element must be exactly one character. Return the character itself without C single quotes.
6. Prefer small-magnitude values unless larger values are necessary to achieve the requested execution behavior.

Nondeterministic inputs:
- id: main:array:1, type: char, array: true, size: 101, required elements: 101

Previously generated assignment sets are listed below. Generate a materially different set and do not duplicate any of them.
Previous 1: main:array:1={'a','a','a','a','a','a','a','a','a','a','a','a','a','a','a','a','a','a','a','a','a','a','a','a','a','a','a','a','a','a','a','a','a','a','a','a','a','a','a','a','a','a','a','a','a','a','a','a','a','a','a','a','a','a','a','a','a','a','a','a','a','a','a','a','a','a','a','a','a','a','a','a','a','a','a','a','a','a','a','a','a','a','a','a','a','a','a','a','a','a','a','a','a','a','a','a','a','a','a','a','a'}; 
Previous 2: main:array:1={'}','b','b','b','b','b','b','b','b','b','b','b','b','b','b','b','b','b','b','b','b','b','b','b','b','b','b','b','b','b','b','b','b','b','b','b','b','b','b','b','b','b','b','b','b','b','b','b','b','b','b','b','b','b','b','b','b','b','b','b','b','b','b','b','b','b','b','b','b','b','b','b','b','b','b','b','b','b','b','b','b','b','b','b','b','b','b','b','b','b','b','b','b','b','b','b','b','b','b','b','b'}; 
Previous 3: main:array:1={'}','a','a','a','a','a','a','a','a','a','a','a','a','a','a','a','a','a','a','a','a','a','a','a','a','a','a','a','a','a','a','a','a','a','a','a','a','a','a','a','a','a','a','a','a','a','a','a','a','a','a','a','a','a','a','a','a','a','a','a','a','a','a','a','a','a','a','a','a','a','a','a','a','a','a','a','a','a','a','a','a','a','a','a','a','a','a','a','a','a','a','a','a','a','a','a','a','a','a','a','a'}; 
Previous 4: main:array:1={'b','b','b','b','b','b','b','b','b','b','b','b','b','b','b','b','b','b','b','b','b','b','b','b','b','b','b','b','b','b','b','b','b','b','b','b','b','b','b','b','b','b','b','b','b','b','b','b','b','b','}','c','c','c','c','c','c','c','c','c','c','c','c','c','c','c','c','c','c','c','c','c','c','c','c','c','c','c','c','c','c','c','c','c','c','c','c','c','c','c','x','x','x','x','x','x','x','x','x','x','x'}; 
Previous 5: main:array:1={'\'','}','\'','\'','c','\'','\'','c','\'','\'','c','\'','\'','c','\'','\'','c','\'','\'','c','\'','\'','c','\'','\'','c','\'','\'','c','\'','\'','c','\'','\'','c','\'','\'','c','\'','\'','c','\'','\'','c','\'','\'','c','\'','\'','c','\'','\'','c','\'','\'','c','\'','\'','c','\'','\'','c','\'','\'','c','\'','\'','c','\'','\'','c','\'','\'','c','\'','\'','c','\'','\'','c','\'','\'','c','\'','\'','c','\'','\'','c','\'','\'','c','\'','\'','c','\'','\'','c','\'','\'','c'}; 
Previous 6: main:array:1={'\'','\'','\'','\'','\'','\'','\'','\'','\'','\'','\'','\'','\'','\'','\'','\'','\'','\'','\'','\'','\'','\'','\'','\'','\'','\'','\'','\'','\'','\'','\'','\'','\'','\'','\'','\'','\'','\'','\'','\'','\'','\'','\'','\'','\'','\'','\'','\'','\'','\'','\'','\'','\'','\'','\'','\'','\'','\'','\'','\'','\'','\'','\'','\'','\'','\'','\'','\'','\'','\'','\'','\'','\'','\'','\'','\'','\'','\'','\'','\'','\'','\'','\'','\'','\'','\'','\'','\'','\'','\'','\'','\'','\'','\'','\'','\'','\'','\'','\'','\'','\''}; 
Previous 7: main:array:1={'A','B','C','D','E','F','G','H','I','J','K','L','M','N','O','P','Q','R','S','T','U','V','W','X','Y','Z','a','b','c','d','e','f','g','h','i','j','k','l','m','n','o','p','q','r','s','t','u','v','w','x','y','z','0','1','2','3','4','5','6','7','8','9','!','?','.',',','-','_','/','/','|','@','#','$','%','^','&','*','(',')','{','[',']','`','~','>','<',':',';','`','\'',' ','!','?','.',',','%','+','=','/','/'}; 
Previous 8: main:array:1={'0','0','0','0','0','0','0','0','0','0','0','0','0','0','0','0','0','0','0','0','0','0','0','0','0','0','0','0','0','0','0','0','0','0','0','0','0','0','0','0','0','0','0','0','0','0','0','0','0','0','0','0','0','0','0','0','0','0','0','0','0','0','0','0','0','0','0','0','0','0','0','0','0','0','0','0','0','0','0','0','0','0','0','0','0','0','0','0','0','0','0','0','0','0','0','0','0','0','0','0','0'}; 
Previous 9: main:array:1={'a','b','a','b','a','b','a','b','a','b','a','b','a','b','a','b','a','b','a','b','a','b','a','b','a','b','a','b','a','b','a','b','a','b','a','b','a','b','a','b','a','b','a','b','a','b','a','b','a','b','a','b','a','b','a','b','a','b','a','b','a','b','a','b','a','b','a','b','a','b','a','b','a','b','a','b','a','b','a','b','a','b','a','b','a','b','a','b','a','b','a','b','a','b','a','b','a','b','a','b','a'}; 
Previous 10: main:array:1={'\'','A','\'','B','\'','C','\'','D','\'','E','\'','F','\'','G','\'','H','\'','I','\'','J','\'','K','\'','L','\'','M','\'','N','\'','O','\'','P','\'','Q','\'','R','\'','S','\'','T','\'','U','\'','V','\'','W','\'','X','\'','Y','\'','Z','\'','a','\'','b','\'','c','\'','d','\'','e','\'','f','\'','g','\'','h','\'','i','\'','j','\'','k','\'','l','\'','m','\'','n','\'','o','\'','p','\'','q','\'','r','\'','s','\'','t','\'','u','\'','v','\'','w','\'','x','\''}; 
Previous 11: main:array:1={':','-','a','a','a','a','a','a','a','a','a','a','a','a','a','a','a','a','a','a','a','a','a','a','a','a','a','a','a','a','a','a','a','a','a','a','a','a','a','a','a','a','a','a','a','a','a','a','a','a','a','a','a','a','a','a','a','a','a','a','a','a','a','a','a','a','a','a','a','a','a','a','a','a','a','a','a','a','a','a','a','a','a','a','a','a','a','a','a','a','a','a','a','a','a','a','a','a','a','a','a'}; 
Previous 12: main:array:1={'x','x','x','x','x','x','x','x','x','x','x','x','x','x','x','x','x','x','x','x','x','x','x','x','x','x','x','x','x','x','x','x','x','x','x','x','x','x','x','x','x','x','x','x','x','x','x','x','x','x','x','x','x','x','x','x','x','x','x','x','x','x','x','x','x','x','x','x','x','x','x','x','x','x','x','x','x','x','x','x','x','x','x','x','x','x','x','x','x','x','x','x','x','x','x','x','x','x','x','x','x'}; 
Previous 13: main:array:1={':','b','a','a','a','a','a','a','a','a','a','a','a','a','a','a','a','a','a','a','a','a','a','a','a','a','a','a','a','a','a','a','a','a','a','a','a','a','a','a','a','a','a','a','a','a','a','a','a','a','a','a','a','a','a','a','a','a','a','a','a','a','a','a','a','a','a','a','a','a','a','a','a','a','a','a','a','a','a','a','a','a','a','a','a','a','a','a','a','a','a','a','a','a','a','a','a','a','a','a','a'}; 
Previous 14: main:array:1={'\'','\'',':','\'','a','\'','b','\'','b','\'','b','\'','b','\'','b','\'','b','\'','b','\'','b','\'','b','\'','b','\'','b','\'','b','\'','b','\'','b','\'','b','\'','b','\'','b','\'','b','\'','b','\'','b','\'','b','\'','b','\'','b','\'','b','\'','b','\'','b','\'','b','\'','b','\'','b','\'','b','\'','b','\'','b','\'','b','\'','b','\'','b','\'','b','\'','b','\'','b','\'','b','\'','b','\'','b','\'','b','\'','b','\'','b','\'','b','\'','b','\'','b','\'','b'}; 
Previous 15: main:array:1={'a','a','a','a','a','a','a','a','a','a','a','a','a','a','a','a','a','a','a','a','a','a','a','a','a','a','a','a','a','a','a','a','a','a','a','a','a','a','a','a','a','a','a','a','a','a','a','a','a','a','a','a','a','a','a','a','a','a','a','a','a','a','a','a','a','a','a','a','a','a','a','a','a','a','a','a','a','a','a','a','a','a','a','a','a','a','a','a','a','a','a','a','a','a','a','a','a','a',':','0','0'}; 
Previous 16: main:array:1={'z','z','z','z','z','z','z','z','z','z','z','z','z','z','z','z','z','z','z','z','z','z','z','z','z','z','z','z','z','z','z','z','z','z','z','z','z','z','z','z','z','z','z','z','z','z','z','z','z','z','z','z','z','z','z','z','z','z','z','z','z','z','z','z','z','z','z','z','z','z','z','z','z','z','z','z','z','z','z','z','z','z','z','z','z','z','z','z','z','z','z','z','z','z','z','z','z','z','z','z','z'}; 
Previous 17: main:array:1={'!','!','!','!','!','!','!','!','!','!','!','!','!','!','!','!','!','!','!','!','!','!','!','!','!','!','!','!','!','!','!','!','!','!','!','!','!','!','!','!','!','!','!','!','!','!','!','!','!','!','!','!','!','!','!','!','!','!','!','!','!','!','!','!','!','!','!','!','!','!','!','!','!','!','!','!','!','!','!','!','!','!','!','!','!','!','!','!','!','!','!','!','!','!','!','!','!','!','!','!','!'}; 
Previous 18: main:array:1={'a','a','a','a','a','a','a','a','a','a','a','a','a','a','a','a','a','a','a','a','a','a','a','a','a','a','a','a','a','a','a','a','a','a','a','a','a','a','a','a','a','a','a','a','a','a','a','a','a','a','a','a','a','a','a','a','a','a','a','a','a','a','a','a','a','a','a','a','a','a','a','a','a','a','a','a','a','a','a','a','a','a','a','a','a','a','a','a','a','a','a','a','a','a','a','a','a','a','b','b','b'}; 
Previous 19: main:array:1={'A','B','C','D','E','F','G','H','I','J','K','L','M','N','O','P','Q','R','S','T','U','V','W','X','Y','Z','A','B','C','D','E','F','G','H','I','J','K','L','M','N','O','P','Q','R','S','T','U','V','W','X','Y','Z','A','B','C','D','E','F','G','H','I','J','K','L','M','N','O','P','Q','R','S','T','U','V','W','X','Y','Z','A','B','C','D','E','F','G','H','I','J','K','L','M','N','O','P','Q','R','S','T','U','V','W'}; 
Previous 20: main:array:1={'H','e','l','l','o','W','o','r','l','d','H','e','l','l','o','W','o','r','l','d','H','e','l','l','o','W','o','r','l','d','H','e','l','l','o','W','o','r','l','d','H','e','l','l','o','W','o','r','l','d','H','e','l','l','o','W','o','r','l','d','H','e','l','l','o','W','o','r','l','d','H','e','l','l','o','W','o','r','l','d','H','e','l','l','o','W','o','r','l','d','H','e','l','l','o','W','o','r','l','d','H'}; 
Previous 21: main:array:1={':','A','a','a','a','a','a','a','a','a','a','a','a','a','a','a','a','a','a','a','a','a','a','a','a','a','a','a','a','a','a','a','a','a','a','a','a','a','a','a','a','a','a','a','a','a','a','a','a','a','a','a','a','a','a','a','a','a','a','a','a','a','a','a','a','a','a','a','a','a','a','a','a','a','a','a','a','a','a','a','a','a','a','a','a','a','a','a','a','a','a','a','a','a','a','a','a','a','a','a','a'}; 
Previous 22: main:array:1={'m','n','o','p','q','r','s','t','u','v','m','n','o','p','q','r','s','t','u','v','m','n','o','p','q','r','s','t','u','v','m','n','o','p','q','r','s','t','u','v','m','n','o','p','q','r','s','t','u','v','m','n','o','p','q','r','s','t','u','v','m','n','o','p','q','r','s','t','u','v','m','n','o','p','q','r','s','t','u','v','m','n','o','p','q','r','s','t','u','v','m','n','o','p','q','r','s','t','u','v','m'}; 
Previous 23: main:array:1={'a','a','a','a','a','a','a','a','a','a','a','a','a','a','a','a','a','a','a','a','a','a','a','a','a','a','a','a','a','a','a','a','a','a','a','a','a','a','a','a','a','a','a','a','a','a','a','a','a','a','a','a','a','a','a','a','a','a','a','a','a','a','a','a','a','a','a','a','a','a','a','a','a','a','a','a','a','a','a','a','a','a','a','a','a','a','a','a','a','a','a','a','a','a','a','a','a','a','a','a','b'}; 
Previous 24: main:array:1={'-','-','-','-','-','-','-','-','-','-','-','-','-','-','-','-','-','-','-','-','-','-','-','-','-','-','-','-','-','-','-','-','-','-','-','-','-','-','-','-','-','-','-','-','-','-','-','-','-','-','-','-','-','-','-','-','-','-','-','-','-','-','-','-','-','-','-','-','-','-','-','-','-','-','-','-','-','-','-','-','-','-','-','-','-','-','-','-','-','-','-','-','-','-','-','-','-','-','-','-','-'}; 
Previous 25: main:array:1={'A','B','C','D','E','F','G','H','I','J','K','L','M','N','O','P','Q','R','S','T','U','V','W','X','Y','Z','a','b','c','d','e','f','g','h','i','j','k','l','m','n','o','p','q','r','s','t','u','v','w','x','y','z','0','1','2','3','4','5','6','7','8','9','!','@','#','$','%','^','&','*','(',')','-','=','+','[',']','{',';',';',',','.','<','>','?','/',';','~','\'','`','^','+','+','?','/',';','~','\'','`','^','+'}; 
Previous 26: main:array:1={'\'','A','\'','A','\'','A','\'','A','\'','A','\'','A','\'','A','\'','A','\'','A','\'','A','\'','A','\'','A','\'','A','\'','A','\'','A','\'','A','\'','A','\'','A','\'','A','\'','A','\'','A','\'','A','\'','A','\'','A','\'','A','\'','A','\'','A','\'','A','\'','A','\'','A','\'','A','\'','A','\'','A','\'','A','\'','A','\'','A','\'','A','\'','A','\'','A','\'','A','\'','A','\'','A','\'','A','\'','A','\'','A','\'','A','\'','A','\'','A','\'','A','\'','A','\''}; 
Previous 27: main:array:1={'O','O','O','O','O','O','O','O','O','O','O','O','O','O','O','O','O','O','O','O','O','O','O','O','O','O','O','O','O','O','O','O','O','O','O','O','O','O','O','O','O','O','O','O','O','O','O','O','O','O','O','O','O','O','O','O','O','O','O','O','O','O','O','O','O','O','O','O','O','O','O','O','O','O','O','O','O','O','O','O','O','O','O','O','O','O','O','O','O','O','O','O','O','O','O','O','O','O','O','O','O'}; 
Previous 28: main:array:1={'?','?','?','?','?','?','?','?','?','?','?','?','?','?','?','?','?','?','?','?','?','?','?','?','?','?','?','?','?','?','?','?','?','?','?','?','?','?','?','?','?','?','?','?','?','?','?','?','?','?','?','?','?','?','?','?','?','?','?','?','?','?','?','?','?','?','?','?','?','?','?','?','?','?','?','?','?','?','?','?','?','?','?','?','?','?','?','?','?','?','?','?','?','?','?','?','?','?','?','?','?'}; 
Previous 29: main:array:1={':','a','b','b','b','b','b','b','b','b','b','b','b','b','b','b','b','b','b','b','b','b','b','b','b','b','b','b','b','b','b','b','b','b','b','b','b','b','b','b','b','b','b','b','b','b','b','b','b','b','b','b','b','b','b','b','b','b','b','b','b','b','b','b','b','b','b','b','b','b','b','b','b','b','b','b','b','b','b','b','b','b','b','b','b','b','b','b','b','b','b','b','b','b','b','b','b','b','b','b','b'}; 
Previous 30: main:array:1={'a','a','a','a','a','a','a','a','a','a','a','a','a','a','a','a','a','a','a','a','a','a','a','a','a','a','a','a','a','a','a','a','a','a','a','a','a','a','a','a','a','a','a','a','a','a','a','a','a','a','a','a','a','a','a','a','a','a','a','a','b','b','b','b','b','b','b','b','b','b','b','b','b','b','b','b','b','b','b','b','b','b','b','b','b','b','b','b','b','b','b','b','b','b','b','b','b','b','b','b','b'}; 
Previous 31: main:array:1={'a','a','a','a','a','a','a','a','a','a','a','a','a','a','a','a','a','a','a','a','a','a','a','a','a','a','a','a','a','a','a','a','a','a','a','a','a','a','a','a','a','a','a','a','a','a','a','a','a','a','b','b','b','b','b','b','b','b','b','b','b','b','b','b','b','b','b','b','b','b','b','b','b','b','b','b','b','b','b','b','0','0','0','0','0','0','0','0','0','0','0','0','0','0','0','0','0','0','0','0','0'}; 
Previous 32: main:array:1={'\'','a','\'','b','\'','c','\'','a','\'','b','\'','c','\'','a','\'','b','\'','c','\'','a','\'','b','\'','c','\'','a','\'','b','\'','c','\'','a','\'','b','\'','c','\'','a','\'','b','\'','c','\'','a','\'','b','\'','c','\'','a','\'','b','\'','c','\'','a','\'','b','\'','c','\'','a','\'','b','\'','c','\'','a','\'','b','\'','c','\'','a','\'','b','\'','c','\'','a','\'','b','\'','c','\'','a','\'','b','\'','c','\'','a','\'','b','\'','c','\'','a','\'','b','\''}; 
Previous 33: main:array:1={'b','b','b','b','b','b','b','b','b','b','b','b','b','b','b','b','b','b','b','b','b','b','b','b','b','b','b','b','b','b','b','b','b','b','b','b','b','b','b','b','b','b','b','b','b','b','b','b','b','b','b','b','b','b','b','b','b','b','b','b','b','b','b','b','b','b','b','b','b','b','b','b','b','b','b','b','b','b','b','b','b','b','b','b','b','b','b','b','b','b','b','b','b','b','b','b','b','b','b','b','b'}; 
Previous 34: main:array:1={'a','b','c','a','b','c','a','b','c','a','b','c','a','b','c','a','b','c','a','b','c','a','b','c','a','b','c','a','b','c','a','b','c','a','b','c','a','b','c','a','b','c','a','b','c','a','b','c','a','b','c','a','b','c','a','b','c','a','b','c','a','b','c','a','b','c','a','b','c','a','b','c','a','b','c','a','b','c','a','b','c','a','b','c','a','b','c','a','b','c','a','b','c','a','b','c','a','b','c','x','x'}; 
Previous 35: main:array:1={'#','#','#','#','#','#','#','#','#','#','#','#','#','#','#','#','#','#','#','#','#','#','#','#','#','#','#','#','#','#','#','#','#','#','#','#','#','#','#','#','#','#','#','#','#','#','#','#','#','#','#','#','#','#','#','#','#','#','#','#','#','#','#','#','#','#','#','#','#','#','#','#','#','#','#','#','#','#','#','#','#','#','#','#','#','#','#','#','#','#','#','#','#','#','#','#','#','#','#','C','}'}; 
Previous 36: main:array:1={'A','b','C','d','E','f','G','h','I','j','K','l','M','n','O','p','Q','r','S','t','U','v','W','x','Y','z','A','b','C','d','E','f','G','h','I','j','K','l','M','n','O','p','Q','r','S','t','U','v','W','x','Y','z','A','b','C','d','E','f','G','h','I','j','K','l','M','n','O','p','Q','r','S','t','U','v','W','x','Y','z','A','b','C','d','E','f','G','h','I','j','K','l','M','n','O','p','Q','r','S','t','U','v','W'}; 
Previous 37: main:array:1={'M','N','M','N','M','N','M','N','M','N','M','N','M','N','M','N','M','N','M','N','M','N','M','N','M','N','M','N','M','N','M','N','M','N','M','N','M','N','M','N','M','N','M','N','M','N','M','N','M','N','M','N','M','N','M','N','M','N','M','N','M','N','M','N','M','N','M','N','M','N','M','N','M','N','M','N','M','N','M','N','M','N','M','N','M','N','M','N','M','N','M','N','M','N','M','N','M','N','M','N','M'}; 
Previous 38: main:array:1={'z','y','z','y','z','y','z','y','z','y','z','y','z','y','z','y','z','y','z','y','z','y','z','y','z','y','z','y','z','y','z','y','z','y','z','y','z','y','z','y','z','y','z','y','z','y','z','y','z','y','z','y','z','y','z','y','z','y','z','y','z','y','z','y','z','y','z','y','z','y','z','y','z','y','z','y','z','y','z','y','z','y','z','y','z','y','z','y','z','y','z','y','z','y','z','y','z','y','z','y','z'}; 
Previous 39: main:array:1={'x','y','z','x','y','z','x','y','z','x','y','z','x','y','z','x','y','z','x','y','z','x','y','z','x','y','z','x','y','z','x','y','z','x','y','z','x','y','z','x','y','z','x','y','z','x','y','z','x','y','z','x','y','z','x','y','z','x','y','z','x','y','z','x','y','z','x','y','z','x','y','z','x','y','z','x','y','z','x','y','z','x','y','z','x','y','z','x','y','z','x','y','z','x','y','z','x','y','z','x','y'}; 
Previous 40: main:array:1={'*','*','*','*','*','*','*','*','*','*','*','*','*','*','*','*','*','*','*','*','*','*','*','*','*','*','*','*','*','*','*','*','*','*','*','*','*','*','*','*','*','*','*','*','*','*','*','*','*','*','#','#','#','#','#','#','#','#','#','#','#','#','#','#','#','#','#','#','#','#','#','#','#','#','#','#','#','#','#','#','#','#','#','#','#','#','#','#','#','#','#','#','#','#','#','#','#','#','#','#','a'}; 
Previous 41: main:array:1={'1','1','1','1','1','1','1','1','1','1','1','1','1','1','1','1','1','1','1','1','1','1','1','1','1','1','1','1','1','1','1','1','1','1','1','1','1','1','1','1','1','1','1','1','1','1','1','1','1','1','1','1','1','1','1','1','1','1','1','1','1','1','1','1','1','1','1','1','1','1','1','1','1','1','1','1','1','1','1','1','1','1','1','1','1','1','1','1','1','1','1','1','1','1','1','1','1','1','1','1','1'}; 

Program:
extern char __VERIFIER_nondet_char(void);
/*
Commit Number: e6801c90311679fc0854af73da95fe58079c59f4
URL: https://github.com/FreeRADIUS/freeradius-server/commit/e6801c90311679fc0854af73da95fe58079c59f4
Project Name: freeradius-serve
License: GPL2
termination: false


*/
int main()
{
    int stop = 0;
    char array[101];
    for( int i = 0 ; i < 100 ; i++ )
        array[i] =  __VERIFIER_nondet_char();
    array[100] = 0;
    char* p = array;
    while( (*p) && (!stop) )
    {
        switch(*p){
        case '}':
            stop = 1;
            break;

        case ':':
            if( *(p+1) && (*(p+1) == '-')){
                p += 2;
                stop = 1;
            }
            break;
        default:
            p++;
        }
    }
    return 0;
}

"
52,NT,"main:array:1={'\'','0','\'','\'','1','\'','\'','2','\'','\'','3','\'','\'','4','\'','\'','5','\'','\'','6','\'','\'','7','\'','\'','8','\'','\'','9','\'','\'','0','\'','\'','1','\'','\'','2','\'','\'','3','\'','\'','4','\'','\'','5','\'','\'','6','\'','\'','7','\'','\'','8','\'','\'','9','\'','\'','0','\'','\'','1','\'','\'','2','\'','\'','3','\'','\'','4','\'','\'','5','\'','\'','6','\'','\'','7','\'','\'','8','\'','\'','9','\'','\'','0','\'','\'','1','\'','\'','2','\'','\'','3'}
",,COMPLETED,T,false,,"You generate concrete values for nondeterministic inputs in a C/C++ program.
Your goal is to produce ONE complete assignment set that is likely to make the program not terminate.

Important rules:
1. Return a value for EVERY listed nondeterministic input ID.
2. Use each ID exactly once.
3. Respect the declared C/C++ type.
4. For an array, return the value as an array containing exactly the required number of elements.
5. For char arrays, each element must be exactly one character. Return the character itself without C single quotes.
6. Prefer small-magnitude values unless larger values are necessary to achieve the requested execution behavior.

Nondeterministic inputs:
- id: main:array:1, type: char, array: true, size: 101, required elements: 101

Previously generated assignment sets are listed below. Generate a materially different set and do not duplicate any of them.
Previous 1: main:array:1={'a','a','a','a','a','a','a','a','a','a','a','a','a','a','a','a','a','a','a','a','a','a','a','a','a','a','a','a','a','a','a','a','a','a','a','a','a','a','a','a','a','a','a','a','a','a','a','a','a','a','a','a','a','a','a','a','a','a','a','a','a','a','a','a','a','a','a','a','a','a','a','a','a','a','a','a','a','a','a','a','a','a','a','a','a','a','a','a','a','a','a','a','a','a','a','a','a','a','a','a','a'}; 
Previous 2: main:array:1={'}','b','b','b','b','b','b','b','b','b','b','b','b','b','b','b','b','b','b','b','b','b','b','b','b','b','b','b','b','b','b','b','b','b','b','b','b','b','b','b','b','b','b','b','b','b','b','b','b','b','b','b','b','b','b','b','b','b','b','b','b','b','b','b','b','b','b','b','b','b','b','b','b','b','b','b','b','b','b','b','b','b','b','b','b','b','b','b','b','b','b','b','b','b','b','b','b','b','b','b','b'}; 
Previous 3: main:array:1={'}','a','a','a','a','a','a','a','a','a','a','a','a','a','a','a','a','a','a','a','a','a','a','a','a','a','a','a','a','a','a','a','a','a','a','a','a','a','a','a','a','a','a','a','a','a','a','a','a','a','a','a','a','a','a','a','a','a','a','a','a','a','a','a','a','a','a','a','a','a','a','a','a','a','a','a','a','a','a','a','a','a','a','a','a','a','a','a','a','a','a','a','a','a','a','a','a','a','a','a','a'}; 
Previous 4: main:array:1={'b','b','b','b','b','b','b','b','b','b','b','b','b','b','b','b','b','b','b','b','b','b','b','b','b','b','b','b','b','b','b','b','b','b','b','b','b','b','b','b','b','b','b','b','b','b','b','b','b','b','}','c','c','c','c','c','c','c','c','c','c','c','c','c','c','c','c','c','c','c','c','c','c','c','c','c','c','c','c','c','c','c','c','c','c','c','c','c','c','c','x','x','x','x','x','x','x','x','x','x','x'}; 
Previous 5: main:array:1={'\'','}','\'','\'','c','\'','\'','c','\'','\'','c','\'','\'','c','\'','\'','c','\'','\'','c','\'','\'','c','\'','\'','c','\'','\'','c','\'','\'','c','\'','\'','c','\'','\'','c','\'','\'','c','\'','\'','c','\'','\'','c','\'','\'','c','\'','\'','c','\'','\'','c','\'','\'','c','\'','\'','c','\'','\'','c','\'','\'','c','\'','\'','c','\'','\'','c','\'','\'','c','\'','\'','c','\'','\'','c','\'','\'','c','\'','\'','c','\'','\'','c','\'','\'','c','\'','\'','c','\'','\'','c'}; 
Previous 6: main:array:1={'\'','\'','\'','\'','\'','\'','\'','\'','\'','\'','\'','\'','\'','\'','\'','\'','\'','\'','\'','\'','\'','\'','\'','\'','\'','\'','\'','\'','\'','\'','\'','\'','\'','\'','\'','\'','\'','\'','\'','\'','\'','\'','\'','\'','\'','\'','\'','\'','\'','\'','\'','\'','\'','\'','\'','\'','\'','\'','\'','\'','\'','\'','\'','\'','\'','\'','\'','\'','\'','\'','\'','\'','\'','\'','\'','\'','\'','\'','\'','\'','\'','\'','\'','\'','\'','\'','\'','\'','\'','\'','\'','\'','\'','\'','\'','\'','\'','\'','\'','\'','\''}; 
Previous 7: main:array:1={'A','B','C','D','E','F','G','H','I','J','K','L','M','N','O','P','Q','R','S','T','U','V','W','X','Y','Z','a','b','c','d','e','f','g','h','i','j','k','l','m','n','o','p','q','r','s','t','u','v','w','x','y','z','0','1','2','3','4','5','6','7','8','9','!','?','.',',','-','_','/','/','|','@','#','$','%','^','&','*','(',')','{','[',']','`','~','>','<',':',';','`','\'',' ','!','?','.',',','%','+','=','/','/'}; 
Previous 8: main:array:1={'0','0','0','0','0','0','0','0','0','0','0','0','0','0','0','0','0','0','0','0','0','0','0','0','0','0','0','0','0','0','0','0','0','0','0','0','0','0','0','0','0','0','0','0','0','0','0','0','0','0','0','0','0','0','0','0','0','0','0','0','0','0','0','0','0','0','0','0','0','0','0','0','0','0','0','0','0','0','0','0','0','0','0','0','0','0','0','0','0','0','0','0','0','0','0','0','0','0','0','0','0'}; 
Previous 9: main:array:1={'a','b','a','b','a','b','a','b','a','b','a','b','a','b','a','b','a','b','a','b','a','b','a','b','a','b','a','b','a','b','a','b','a','b','a','b','a','b','a','b','a','b','a','b','a','b','a','b','a','b','a','b','a','b','a','b','a','b','a','b','a','b','a','b','a','b','a','b','a','b','a','b','a','b','a','b','a','b','a','b','a','b','a','b','a','b','a','b','a','b','a','b','a','b','a','b','a','b','a','b','a'}; 
Previous 10: main:array:1={'\'','A','\'','B','\'','C','\'','D','\'','E','\'','F','\'','G','\'','H','\'','I','\'','J','\'','K','\'','L','\'','M','\'','N','\'','O','\'','P','\'','Q','\'','R','\'','S','\'','T','\'','U','\'','V','\'','W','\'','X','\'','Y','\'','Z','\'','a','\'','b','\'','c','\'','d','\'','e','\'','f','\'','g','\'','h','\'','i','\'','j','\'','k','\'','l','\'','m','\'','n','\'','o','\'','p','\'','q','\'','r','\'','s','\'','t','\'','u','\'','v','\'','w','\'','x','\''}; 
Previous 11: main:array:1={':','-','a','a','a','a','a','a','a','a','a','a','a','a','a','a','a','a','a','a','a','a','a','a','a','a','a','a','a','a','a','a','a','a','a','a','a','a','a','a','a','a','a','a','a','a','a','a','a','a','a','a','a','a','a','a','a','a','a','a','a','a','a','a','a','a','a','a','a','a','a','a','a','a','a','a','a','a','a','a','a','a','a','a','a','a','a','a','a','a','a','a','a','a','a','a','a','a','a','a','a'}; 
Previous 12: main:array:1={'x','x','x','x','x','x','x','x','x','x','x','x','x','x','x','x','x','x','x','x','x','x','x','x','x','x','x','x','x','x','x','x','x','x','x','x','x','x','x','x','x','x','x','x','x','x','x','x','x','x','x','x','x','x','x','x','x','x','x','x','x','x','x','x','x','x','x','x','x','x','x','x','x','x','x','x','x','x','x','x','x','x','x','x','x','x','x','x','x','x','x','x','x','x','x','x','x','x','x','x','x'}; 
Previous 13: main:array:1={':','b','a','a','a','a','a','a','a','a','a','a','a','a','a','a','a','a','a','a','a','a','a','a','a','a','a','a','a','a','a','a','a','a','a','a','a','a','a','a','a','a','a','a','a','a','a','a','a','a','a','a','a','a','a','a','a','a','a','a','a','a','a','a','a','a','a','a','a','a','a','a','a','a','a','a','a','a','a','a','a','a','a','a','a','a','a','a','a','a','a','a','a','a','a','a','a','a','a','a','a'}; 
Previous 14: main:array:1={'\'','\'',':','\'','a','\'','b','\'','b','\'','b','\'','b','\'','b','\'','b','\'','b','\'','b','\'','b','\'','b','\'','b','\'','b','\'','b','\'','b','\'','b','\'','b','\'','b','\'','b','\'','b','\'','b','\'','b','\'','b','\'','b','\'','b','\'','b','\'','b','\'','b','\'','b','\'','b','\'','b','\'','b','\'','b','\'','b','\'','b','\'','b','\'','b','\'','b','\'','b','\'','b','\'','b','\'','b','\'','b','\'','b','\'','b','\'','b','\'','b','\'','b','\'','b'}; 
Previous 15: main:array:1={'a','a','a','a','a','a','a','a','a','a','a','a','a','a','a','a','a','a','a','a','a','a','a','a','a','a','a','a','a','a','a','a','a','a','a','a','a','a','a','a','a','a','a','a','a','a','a','a','a','a','a','a','a','a','a','a','a','a','a','a','a','a','a','a','a','a','a','a','a','a','a','a','a','a','a','a','a','a','a','a','a','a','a','a','a','a','a','a','a','a','a','a','a','a','a','a','a','a',':','0','0'}; 
Previous 16: main:array:1={'z','z','z','z','z','z','z','z','z','z','z','z','z','z','z','z','z','z','z','z','z','z','z','z','z','z','z','z','z','z','z','z','z','z','z','z','z','z','z','z','z','z','z','z','z','z','z','z','z','z','z','z','z','z','z','z','z','z','z','z','z','z','z','z','z','z','z','z','z','z','z','z','z','z','z','z','z','z','z','z','z','z','z','z','z','z','z','z','z','z','z','z','z','z','z','z','z','z','z','z','z'}; 
Previous 17: main:array:1={'!','!','!','!','!','!','!','!','!','!','!','!','!','!','!','!','!','!','!','!','!','!','!','!','!','!','!','!','!','!','!','!','!','!','!','!','!','!','!','!','!','!','!','!','!','!','!','!','!','!','!','!','!','!','!','!','!','!','!','!','!','!','!','!','!','!','!','!','!','!','!','!','!','!','!','!','!','!','!','!','!','!','!','!','!','!','!','!','!','!','!','!','!','!','!','!','!','!','!','!','!'}; 
Previous 18: main:array:1={'a','a','a','a','a','a','a','a','a','a','a','a','a','a','a','a','a','a','a','a','a','a','a','a','a','a','a','a','a','a','a','a','a','a','a','a','a','a','a','a','a','a','a','a','a','a','a','a','a','a','a','a','a','a','a','a','a','a','a','a','a','a','a','a','a','a','a','a','a','a','a','a','a','a','a','a','a','a','a','a','a','a','a','a','a','a','a','a','a','a','a','a','a','a','a','a','a','a','b','b','b'}; 
Previous 19: main:array:1={'A','B','C','D','E','F','G','H','I','J','K','L','M','N','O','P','Q','R','S','T','U','V','W','X','Y','Z','A','B','C','D','E','F','G','H','I','J','K','L','M','N','O','P','Q','R','S','T','U','V','W','X','Y','Z','A','B','C','D','E','F','G','H','I','J','K','L','M','N','O','P','Q','R','S','T','U','V','W','X','Y','Z','A','B','C','D','E','F','G','H','I','J','K','L','M','N','O','P','Q','R','S','T','U','V','W'}; 
Previous 20: main:array:1={'H','e','l','l','o','W','o','r','l','d','H','e','l','l','o','W','o','r','l','d','H','e','l','l','o','W','o','r','l','d','H','e','l','l','o','W','o','r','l','d','H','e','l','l','o','W','o','r','l','d','H','e','l','l','o','W','o','r','l','d','H','e','l','l','o','W','o','r','l','d','H','e','l','l','o','W','o','r','l','d','H','e','l','l','o','W','o','r','l','d','H','e','l','l','o','W','o','r','l','d','H'}; 
Previous 21: main:array:1={':','A','a','a','a','a','a','a','a','a','a','a','a','a','a','a','a','a','a','a','a','a','a','a','a','a','a','a','a','a','a','a','a','a','a','a','a','a','a','a','a','a','a','a','a','a','a','a','a','a','a','a','a','a','a','a','a','a','a','a','a','a','a','a','a','a','a','a','a','a','a','a','a','a','a','a','a','a','a','a','a','a','a','a','a','a','a','a','a','a','a','a','a','a','a','a','a','a','a','a','a'}; 
Previous 22: main:array:1={'m','n','o','p','q','r','s','t','u','v','m','n','o','p','q','r','s','t','u','v','m','n','o','p','q','r','s','t','u','v','m','n','o','p','q','r','s','t','u','v','m','n','o','p','q','r','s','t','u','v','m','n','o','p','q','r','s','t','u','v','m','n','o','p','q','r','s','t','u','v','m','n','o','p','q','r','s','t','u','v','m','n','o','p','q','r','s','t','u','v','m','n','o','p','q','r','s','t','u','v','m'}; 
Previous 23: main:array:1={'a','a','a','a','a','a','a','a','a','a','a','a','a','a','a','a','a','a','a','a','a','a','a','a','a','a','a','a','a','a','a','a','a','a','a','a','a','a','a','a','a','a','a','a','a','a','a','a','a','a','a','a','a','a','a','a','a','a','a','a','a','a','a','a','a','a','a','a','a','a','a','a','a','a','a','a','a','a','a','a','a','a','a','a','a','a','a','a','a','a','a','a','a','a','a','a','a','a','a','a','b'}; 
Previous 24: main:array:1={'-','-','-','-','-','-','-','-','-','-','-','-','-','-','-','-','-','-','-','-','-','-','-','-','-','-','-','-','-','-','-','-','-','-','-','-','-','-','-','-','-','-','-','-','-','-','-','-','-','-','-','-','-','-','-','-','-','-','-','-','-','-','-','-','-','-','-','-','-','-','-','-','-','-','-','-','-','-','-','-','-','-','-','-','-','-','-','-','-','-','-','-','-','-','-','-','-','-','-','-','-'}; 
Previous 25: main:array:1={'A','B','C','D','E','F','G','H','I','J','K','L','M','N','O','P','Q','R','S','T','U','V','W','X','Y','Z','a','b','c','d','e','f','g','h','i','j','k','l','m','n','o','p','q','r','s','t','u','v','w','x','y','z','0','1','2','3','4','5','6','7','8','9','!','@','#','$','%','^','&','*','(',')','-','=','+','[',']','{',';',';',',','.','<','>','?','/',';','~','\'','`','^','+','+','?','/',';','~','\'','`','^','+'}; 
Previous 26: main:array:1={'\'','A','\'','A','\'','A','\'','A','\'','A','\'','A','\'','A','\'','A','\'','A','\'','A','\'','A','\'','A','\'','A','\'','A','\'','A','\'','A','\'','A','\'','A','\'','A','\'','A','\'','A','\'','A','\'','A','\'','A','\'','A','\'','A','\'','A','\'','A','\'','A','\'','A','\'','A','\'','A','\'','A','\'','A','\'','A','\'','A','\'','A','\'','A','\'','A','\'','A','\'','A','\'','A','\'','A','\'','A','\'','A','\'','A','\'','A','\'','A','\'','A','\'','A','\''}; 
Previous 27: main:array:1={'O','O','O','O','O','O','O','O','O','O','O','O','O','O','O','O','O','O','O','O','O','O','O','O','O','O','O','O','O','O','O','O','O','O','O','O','O','O','O','O','O','O','O','O','O','O','O','O','O','O','O','O','O','O','O','O','O','O','O','O','O','O','O','O','O','O','O','O','O','O','O','O','O','O','O','O','O','O','O','O','O','O','O','O','O','O','O','O','O','O','O','O','O','O','O','O','O','O','O','O','O'}; 
Previous 28: main:array:1={'?','?','?','?','?','?','?','?','?','?','?','?','?','?','?','?','?','?','?','?','?','?','?','?','?','?','?','?','?','?','?','?','?','?','?','?','?','?','?','?','?','?','?','?','?','?','?','?','?','?','?','?','?','?','?','?','?','?','?','?','?','?','?','?','?','?','?','?','?','?','?','?','?','?','?','?','?','?','?','?','?','?','?','?','?','?','?','?','?','?','?','?','?','?','?','?','?','?','?','?','?'}; 
Previous 29: main:array:1={':','a','b','b','b','b','b','b','b','b','b','b','b','b','b','b','b','b','b','b','b','b','b','b','b','b','b','b','b','b','b','b','b','b','b','b','b','b','b','b','b','b','b','b','b','b','b','b','b','b','b','b','b','b','b','b','b','b','b','b','b','b','b','b','b','b','b','b','b','b','b','b','b','b','b','b','b','b','b','b','b','b','b','b','b','b','b','b','b','b','b','b','b','b','b','b','b','b','b','b','b'}; 
Previous 30: main:array:1={'a','a','a','a','a','a','a','a','a','a','a','a','a','a','a','a','a','a','a','a','a','a','a','a','a','a','a','a','a','a','a','a','a','a','a','a','a','a','a','a','a','a','a','a','a','a','a','a','a','a','a','a','a','a','a','a','a','a','a','a','b','b','b','b','b','b','b','b','b','b','b','b','b','b','b','b','b','b','b','b','b','b','b','b','b','b','b','b','b','b','b','b','b','b','b','b','b','b','b','b','b'}; 
Previous 31: main:array:1={'a','a','a','a','a','a','a','a','a','a','a','a','a','a','a','a','a','a','a','a','a','a','a','a','a','a','a','a','a','a','a','a','a','a','a','a','a','a','a','a','a','a','a','a','a','a','a','a','a','a','b','b','b','b','b','b','b','b','b','b','b','b','b','b','b','b','b','b','b','b','b','b','b','b','b','b','b','b','b','b','0','0','0','0','0','0','0','0','0','0','0','0','0','0','0','0','0','0','0','0','0'}; 
Previous 32: main:array:1={'\'','a','\'','b','\'','c','\'','a','\'','b','\'','c','\'','a','\'','b','\'','c','\'','a','\'','b','\'','c','\'','a','\'','b','\'','c','\'','a','\'','b','\'','c','\'','a','\'','b','\'','c','\'','a','\'','b','\'','c','\'','a','\'','b','\'','c','\'','a','\'','b','\'','c','\'','a','\'','b','\'','c','\'','a','\'','b','\'','c','\'','a','\'','b','\'','c','\'','a','\'','b','\'','c','\'','a','\'','b','\'','c','\'','a','\'','b','\'','c','\'','a','\'','b','\''}; 
Previous 33: main:array:1={'b','b','b','b','b','b','b','b','b','b','b','b','b','b','b','b','b','b','b','b','b','b','b','b','b','b','b','b','b','b','b','b','b','b','b','b','b','b','b','b','b','b','b','b','b','b','b','b','b','b','b','b','b','b','b','b','b','b','b','b','b','b','b','b','b','b','b','b','b','b','b','b','b','b','b','b','b','b','b','b','b','b','b','b','b','b','b','b','b','b','b','b','b','b','b','b','b','b','b','b','b'}; 
Previous 34: main:array:1={'a','b','c','a','b','c','a','b','c','a','b','c','a','b','c','a','b','c','a','b','c','a','b','c','a','b','c','a','b','c','a','b','c','a','b','c','a','b','c','a','b','c','a','b','c','a','b','c','a','b','c','a','b','c','a','b','c','a','b','c','a','b','c','a','b','c','a','b','c','a','b','c','a','b','c','a','b','c','a','b','c','a','b','c','a','b','c','a','b','c','a','b','c','a','b','c','a','b','c','x','x'}; 
Previous 35: main:array:1={'#','#','#','#','#','#','#','#','#','#','#','#','#','#','#','#','#','#','#','#','#','#','#','#','#','#','#','#','#','#','#','#','#','#','#','#','#','#','#','#','#','#','#','#','#','#','#','#','#','#','#','#','#','#','#','#','#','#','#','#','#','#','#','#','#','#','#','#','#','#','#','#','#','#','#','#','#','#','#','#','#','#','#','#','#','#','#','#','#','#','#','#','#','#','#','#','#','#','#','C','}'}; 
Previous 36: main:array:1={'A','b','C','d','E','f','G','h','I','j','K','l','M','n','O','p','Q','r','S','t','U','v','W','x','Y','z','A','b','C','d','E','f','G','h','I','j','K','l','M','n','O','p','Q','r','S','t','U','v','W','x','Y','z','A','b','C','d','E','f','G','h','I','j','K','l','M','n','O','p','Q','r','S','t','U','v','W','x','Y','z','A','b','C','d','E','f','G','h','I','j','K','l','M','n','O','p','Q','r','S','t','U','v','W'}; 
Previous 37: main:array:1={'M','N','M','N','M','N','M','N','M','N','M','N','M','N','M','N','M','N','M','N','M','N','M','N','M','N','M','N','M','N','M','N','M','N','M','N','M','N','M','N','M','N','M','N','M','N','M','N','M','N','M','N','M','N','M','N','M','N','M','N','M','N','M','N','M','N','M','N','M','N','M','N','M','N','M','N','M','N','M','N','M','N','M','N','M','N','M','N','M','N','M','N','M','N','M','N','M','N','M','N','M'}; 
Previous 38: main:array:1={'z','y','z','y','z','y','z','y','z','y','z','y','z','y','z','y','z','y','z','y','z','y','z','y','z','y','z','y','z','y','z','y','z','y','z','y','z','y','z','y','z','y','z','y','z','y','z','y','z','y','z','y','z','y','z','y','z','y','z','y','z','y','z','y','z','y','z','y','z','y','z','y','z','y','z','y','z','y','z','y','z','y','z','y','z','y','z','y','z','y','z','y','z','y','z','y','z','y','z','y','z'}; 
Previous 39: main:array:1={'x','y','z','x','y','z','x','y','z','x','y','z','x','y','z','x','y','z','x','y','z','x','y','z','x','y','z','x','y','z','x','y','z','x','y','z','x','y','z','x','y','z','x','y','z','x','y','z','x','y','z','x','y','z','x','y','z','x','y','z','x','y','z','x','y','z','x','y','z','x','y','z','x','y','z','x','y','z','x','y','z','x','y','z','x','y','z','x','y','z','x','y','z','x','y','z','x','y','z','x','y'}; 
Previous 40: main:array:1={'*','*','*','*','*','*','*','*','*','*','*','*','*','*','*','*','*','*','*','*','*','*','*','*','*','*','*','*','*','*','*','*','*','*','*','*','*','*','*','*','*','*','*','*','*','*','*','*','*','*','#','#','#','#','#','#','#','#','#','#','#','#','#','#','#','#','#','#','#','#','#','#','#','#','#','#','#','#','#','#','#','#','#','#','#','#','#','#','#','#','#','#','#','#','#','#','#','#','#','#','a'}; 
Previous 41: main:array:1={'1','1','1','1','1','1','1','1','1','1','1','1','1','1','1','1','1','1','1','1','1','1','1','1','1','1','1','1','1','1','1','1','1','1','1','1','1','1','1','1','1','1','1','1','1','1','1','1','1','1','1','1','1','1','1','1','1','1','1','1','1','1','1','1','1','1','1','1','1','1','1','1','1','1','1','1','1','1','1','1','1','1','1','1','1','1','1','1','1','1','1','1','1','1','1','1','1','1','1','1','1'}; 

Program:
extern char __VERIFIER_nondet_char(void);
/*
Commit Number: e6801c90311679fc0854af73da95fe58079c59f4
URL: https://github.com/FreeRADIUS/freeradius-server/commit/e6801c90311679fc0854af73da95fe58079c59f4
Project Name: freeradius-serve
License: GPL2
termination: false


*/
int main()
{
    int stop = 0;
    char array[101];
    for( int i = 0 ; i < 100 ; i++ )
        array[i] =  __VERIFIER_nondet_char();
    array[100] = 0;
    char* p = array;
    while( (*p) && (!stop) )
    {
        switch(*p){
        case '}':
            stop = 1;
            break;

        case ':':
            if( *(p+1) && (*(p+1) == '-')){
                p += 2;
                stop = 1;
            }
            break;
        default:
            p++;
        }
    }
    return 0;
}

"
53,NT,"main:array:1={'a','b','c','d','e','f','g','h','i','j','k','l','m','n','o','p','q','r','s','t','u','v','w','x','y','z','0','1','2','3','4','5','6','7','8','9','!','@','#','$','%','^','&','*','(',')','-','_','+','=','{','}','[',']','|',':',';','x','y','z','?','`','~','A','B','C','D','E','F','G','H','I','J','K','L','M','N','O','P','Q','R','S','T','U','V','W','X','Y','Z','p','q','r','s','t','u','v','w','x','y','!','#'}
",,COMPLETED,T,false,,"You generate concrete values for nondeterministic inputs in a C/C++ program.
Your goal is to produce ONE complete assignment set that is likely to make the program not terminate.

Important rules:
1. Return a value for EVERY listed nondeterministic input ID.
2. Use each ID exactly once.
3. Respect the declared C/C++ type.
4. For an array, return the value as an array containing exactly the required number of elements.
5. For char arrays, each element must be exactly one character. Return the character itself without C single quotes.
6. Prefer small-magnitude values unless larger values are necessary to achieve the requested execution behavior.

Nondeterministic inputs:
- id: main:array:1, type: char, array: true, size: 101, required elements: 101

Previously generated assignment sets are listed below. Generate a materially different set and do not duplicate any of them.
Previous 1: main:array:1={'a','a','a','a','a','a','a','a','a','a','a','a','a','a','a','a','a','a','a','a','a','a','a','a','a','a','a','a','a','a','a','a','a','a','a','a','a','a','a','a','a','a','a','a','a','a','a','a','a','a','a','a','a','a','a','a','a','a','a','a','a','a','a','a','a','a','a','a','a','a','a','a','a','a','a','a','a','a','a','a','a','a','a','a','a','a','a','a','a','a','a','a','a','a','a','a','a','a','a','a','a'}; 
Previous 2: main:array:1={'}','b','b','b','b','b','b','b','b','b','b','b','b','b','b','b','b','b','b','b','b','b','b','b','b','b','b','b','b','b','b','b','b','b','b','b','b','b','b','b','b','b','b','b','b','b','b','b','b','b','b','b','b','b','b','b','b','b','b','b','b','b','b','b','b','b','b','b','b','b','b','b','b','b','b','b','b','b','b','b','b','b','b','b','b','b','b','b','b','b','b','b','b','b','b','b','b','b','b','b','b'}; 
Previous 3: main:array:1={'}','a','a','a','a','a','a','a','a','a','a','a','a','a','a','a','a','a','a','a','a','a','a','a','a','a','a','a','a','a','a','a','a','a','a','a','a','a','a','a','a','a','a','a','a','a','a','a','a','a','a','a','a','a','a','a','a','a','a','a','a','a','a','a','a','a','a','a','a','a','a','a','a','a','a','a','a','a','a','a','a','a','a','a','a','a','a','a','a','a','a','a','a','a','a','a','a','a','a','a','a'}; 
Previous 4: main:array:1={'b','b','b','b','b','b','b','b','b','b','b','b','b','b','b','b','b','b','b','b','b','b','b','b','b','b','b','b','b','b','b','b','b','b','b','b','b','b','b','b','b','b','b','b','b','b','b','b','b','b','}','c','c','c','c','c','c','c','c','c','c','c','c','c','c','c','c','c','c','c','c','c','c','c','c','c','c','c','c','c','c','c','c','c','c','c','c','c','c','c','x','x','x','x','x','x','x','x','x','x','x'}; 
Previous 5: main:array:1={'\'','}','\'','\'','c','\'','\'','c','\'','\'','c','\'','\'','c','\'','\'','c','\'','\'','c','\'','\'','c','\'','\'','c','\'','\'','c','\'','\'','c','\'','\'','c','\'','\'','c','\'','\'','c','\'','\'','c','\'','\'','c','\'','\'','c','\'','\'','c','\'','\'','c','\'','\'','c','\'','\'','c','\'','\'','c','\'','\'','c','\'','\'','c','\'','\'','c','\'','\'','c','\'','\'','c','\'','\'','c','\'','\'','c','\'','\'','c','\'','\'','c','\'','\'','c','\'','\'','c','\'','\'','c'}; 
Previous 6: main:array:1={'\'','\'','\'','\'','\'','\'','\'','\'','\'','\'','\'','\'','\'','\'','\'','\'','\'','\'','\'','\'','\'','\'','\'','\'','\'','\'','\'','\'','\'','\'','\'','\'','\'','\'','\'','\'','\'','\'','\'','\'','\'','\'','\'','\'','\'','\'','\'','\'','\'','\'','\'','\'','\'','\'','\'','\'','\'','\'','\'','\'','\'','\'','\'','\'','\'','\'','\'','\'','\'','\'','\'','\'','\'','\'','\'','\'','\'','\'','\'','\'','\'','\'','\'','\'','\'','\'','\'','\'','\'','\'','\'','\'','\'','\'','\'','\'','\'','\'','\'','\'','\''}; 
Previous 7: main:array:1={'A','B','C','D','E','F','G','H','I','J','K','L','M','N','O','P','Q','R','S','T','U','V','W','X','Y','Z','a','b','c','d','e','f','g','h','i','j','k','l','m','n','o','p','q','r','s','t','u','v','w','x','y','z','0','1','2','3','4','5','6','7','8','9','!','?','.',',','-','_','/','/','|','@','#','$','%','^','&','*','(',')','{','[',']','`','~','>','<',':',';','`','\'',' ','!','?','.',',','%','+','=','/','/'}; 
Previous 8: main:array:1={'0','0','0','0','0','0','0','0','0','0','0','0','0','0','0','0','0','0','0','0','0','0','0','0','0','0','0','0','0','0','0','0','0','0','0','0','0','0','0','0','0','0','0','0','0','0','0','0','0','0','0','0','0','0','0','0','0','0','0','0','0','0','0','0','0','0','0','0','0','0','0','0','0','0','0','0','0','0','0','0','0','0','0','0','0','0','0','0','0','0','0','0','0','0','0','0','0','0','0','0','0'}; 
Previous 9: main:array:1={'a','b','a','b','a','b','a','b','a','b','a','b','a','b','a','b','a','b','a','b','a','b','a','b','a','b','a','b','a','b','a','b','a','b','a','b','a','b','a','b','a','b','a','b','a','b','a','b','a','b','a','b','a','b','a','b','a','b','a','b','a','b','a','b','a','b','a','b','a','b','a','b','a','b','a','b','a','b','a','b','a','b','a','b','a','b','a','b','a','b','a','b','a','b','a','b','a','b','a','b','a'}; 
Previous 10: main:array:1={'\'','A','\'','B','\'','C','\'','D','\'','E','\'','F','\'','G','\'','H','\'','I','\'','J','\'','K','\'','L','\'','M','\'','N','\'','O','\'','P','\'','Q','\'','R','\'','S','\'','T','\'','U','\'','V','\'','W','\'','X','\'','Y','\'','Z','\'','a','\'','b','\'','c','\'','d','\'','e','\'','f','\'','g','\'','h','\'','i','\'','j','\'','k','\'','l','\'','m','\'','n','\'','o','\'','p','\'','q','\'','r','\'','s','\'','t','\'','u','\'','v','\'','w','\'','x','\''}; 
Previous 11: main:array:1={':','-','a','a','a','a','a','a','a','a','a','a','a','a','a','a','a','a','a','a','a','a','a','a','a','a','a','a','a','a','a','a','a','a','a','a','a','a','a','a','a','a','a','a','a','a','a','a','a','a','a','a','a','a','a','a','a','a','a','a','a','a','a','a','a','a','a','a','a','a','a','a','a','a','a','a','a','a','a','a','a','a','a','a','a','a','a','a','a','a','a','a','a','a','a','a','a','a','a','a','a'}; 
Previous 12: main:array:1={'x','x','x','x','x','x','x','x','x','x','x','x','x','x','x','x','x','x','x','x','x','x','x','x','x','x','x','x','x','x','x','x','x','x','x','x','x','x','x','x','x','x','x','x','x','x','x','x','x','x','x','x','x','x','x','x','x','x','x','x','x','x','x','x','x','x','x','x','x','x','x','x','x','x','x','x','x','x','x','x','x','x','x','x','x','x','x','x','x','x','x','x','x','x','x','x','x','x','x','x','x'}; 
Previous 13: main:array:1={':','b','a','a','a','a','a','a','a','a','a','a','a','a','a','a','a','a','a','a','a','a','a','a','a','a','a','a','a','a','a','a','a','a','a','a','a','a','a','a','a','a','a','a','a','a','a','a','a','a','a','a','a','a','a','a','a','a','a','a','a','a','a','a','a','a','a','a','a','a','a','a','a','a','a','a','a','a','a','a','a','a','a','a','a','a','a','a','a','a','a','a','a','a','a','a','a','a','a','a','a'}; 
Previous 14: main:array:1={'\'','\'',':','\'','a','\'','b','\'','b','\'','b','\'','b','\'','b','\'','b','\'','b','\'','b','\'','b','\'','b','\'','b','\'','b','\'','b','\'','b','\'','b','\'','b','\'','b','\'','b','\'','b','\'','b','\'','b','\'','b','\'','b','\'','b','\'','b','\'','b','\'','b','\'','b','\'','b','\'','b','\'','b','\'','b','\'','b','\'','b','\'','b','\'','b','\'','b','\'','b','\'','b','\'','b','\'','b','\'','b','\'','b','\'','b','\'','b','\'','b','\'','b','\'','b'}; 
Previous 15: main:array:1={'a','a','a','a','a','a','a','a','a','a','a','a','a','a','a','a','a','a','a','a','a','a','a','a','a','a','a','a','a','a','a','a','a','a','a','a','a','a','a','a','a','a','a','a','a','a','a','a','a','a','a','a','a','a','a','a','a','a','a','a','a','a','a','a','a','a','a','a','a','a','a','a','a','a','a','a','a','a','a','a','a','a','a','a','a','a','a','a','a','a','a','a','a','a','a','a','a','a',':','0','0'}; 
Previous 16: main:array:1={'z','z','z','z','z','z','z','z','z','z','z','z','z','z','z','z','z','z','z','z','z','z','z','z','z','z','z','z','z','z','z','z','z','z','z','z','z','z','z','z','z','z','z','z','z','z','z','z','z','z','z','z','z','z','z','z','z','z','z','z','z','z','z','z','z','z','z','z','z','z','z','z','z','z','z','z','z','z','z','z','z','z','z','z','z','z','z','z','z','z','z','z','z','z','z','z','z','z','z','z','z'}; 
Previous 17: main:array:1={'!','!','!','!','!','!','!','!','!','!','!','!','!','!','!','!','!','!','!','!','!','!','!','!','!','!','!','!','!','!','!','!','!','!','!','!','!','!','!','!','!','!','!','!','!','!','!','!','!','!','!','!','!','!','!','!','!','!','!','!','!','!','!','!','!','!','!','!','!','!','!','!','!','!','!','!','!','!','!','!','!','!','!','!','!','!','!','!','!','!','!','!','!','!','!','!','!','!','!','!','!'}; 
Previous 18: main:array:1={'a','a','a','a','a','a','a','a','a','a','a','a','a','a','a','a','a','a','a','a','a','a','a','a','a','a','a','a','a','a','a','a','a','a','a','a','a','a','a','a','a','a','a','a','a','a','a','a','a','a','a','a','a','a','a','a','a','a','a','a','a','a','a','a','a','a','a','a','a','a','a','a','a','a','a','a','a','a','a','a','a','a','a','a','a','a','a','a','a','a','a','a','a','a','a','a','a','a','b','b','b'}; 
Previous 19: main:array:1={'A','B','C','D','E','F','G','H','I','J','K','L','M','N','O','P','Q','R','S','T','U','V','W','X','Y','Z','A','B','C','D','E','F','G','H','I','J','K','L','M','N','O','P','Q','R','S','T','U','V','W','X','Y','Z','A','B','C','D','E','F','G','H','I','J','K','L','M','N','O','P','Q','R','S','T','U','V','W','X','Y','Z','A','B','C','D','E','F','G','H','I','J','K','L','M','N','O','P','Q','R','S','T','U','V','W'}; 
Previous 20: main:array:1={'H','e','l','l','o','W','o','r','l','d','H','e','l','l','o','W','o','r','l','d','H','e','l','l','o','W','o','r','l','d','H','e','l','l','o','W','o','r','l','d','H','e','l','l','o','W','o','r','l','d','H','e','l','l','o','W','o','r','l','d','H','e','l','l','o','W','o','r','l','d','H','e','l','l','o','W','o','r','l','d','H','e','l','l','o','W','o','r','l','d','H','e','l','l','o','W','o','r','l','d','H'}; 
Previous 21: main:array:1={':','A','a','a','a','a','a','a','a','a','a','a','a','a','a','a','a','a','a','a','a','a','a','a','a','a','a','a','a','a','a','a','a','a','a','a','a','a','a','a','a','a','a','a','a','a','a','a','a','a','a','a','a','a','a','a','a','a','a','a','a','a','a','a','a','a','a','a','a','a','a','a','a','a','a','a','a','a','a','a','a','a','a','a','a','a','a','a','a','a','a','a','a','a','a','a','a','a','a','a','a'}; 
Previous 22: main:array:1={'m','n','o','p','q','r','s','t','u','v','m','n','o','p','q','r','s','t','u','v','m','n','o','p','q','r','s','t','u','v','m','n','o','p','q','r','s','t','u','v','m','n','o','p','q','r','s','t','u','v','m','n','o','p','q','r','s','t','u','v','m','n','o','p','q','r','s','t','u','v','m','n','o','p','q','r','s','t','u','v','m','n','o','p','q','r','s','t','u','v','m','n','o','p','q','r','s','t','u','v','m'}; 
Previous 23: main:array:1={'a','a','a','a','a','a','a','a','a','a','a','a','a','a','a','a','a','a','a','a','a','a','a','a','a','a','a','a','a','a','a','a','a','a','a','a','a','a','a','a','a','a','a','a','a','a','a','a','a','a','a','a','a','a','a','a','a','a','a','a','a','a','a','a','a','a','a','a','a','a','a','a','a','a','a','a','a','a','a','a','a','a','a','a','a','a','a','a','a','a','a','a','a','a','a','a','a','a','a','a','b'}; 
Previous 24: main:array:1={'-','-','-','-','-','-','-','-','-','-','-','-','-','-','-','-','-','-','-','-','-','-','-','-','-','-','-','-','-','-','-','-','-','-','-','-','-','-','-','-','-','-','-','-','-','-','-','-','-','-','-','-','-','-','-','-','-','-','-','-','-','-','-','-','-','-','-','-','-','-','-','-','-','-','-','-','-','-','-','-','-','-','-','-','-','-','-','-','-','-','-','-','-','-','-','-','-','-','-','-','-'}; 
Previous 25: main:array:1={'A','B','C','D','E','F','G','H','I','J','K','L','M','N','O','P','Q','R','S','T','U','V','W','X','Y','Z','a','b','c','d','e','f','g','h','i','j','k','l','m','n','o','p','q','r','s','t','u','v','w','x','y','z','0','1','2','3','4','5','6','7','8','9','!','@','#','$','%','^','&','*','(',')','-','=','+','[',']','{',';',';',',','.','<','>','?','/',';','~','\'','`','^','+','+','?','/',';','~','\'','`','^','+'}; 
Previous 26: main:array:1={'\'','A','\'','A','\'','A','\'','A','\'','A','\'','A','\'','A','\'','A','\'','A','\'','A','\'','A','\'','A','\'','A','\'','A','\'','A','\'','A','\'','A','\'','A','\'','A','\'','A','\'','A','\'','A','\'','A','\'','A','\'','A','\'','A','\'','A','\'','A','\'','A','\'','A','\'','A','\'','A','\'','A','\'','A','\'','A','\'','A','\'','A','\'','A','\'','A','\'','A','\'','A','\'','A','\'','A','\'','A','\'','A','\'','A','\'','A','\'','A','\'','A','\'','A','\''}; 
Previous 27: main:array:1={'O','O','O','O','O','O','O','O','O','O','O','O','O','O','O','O','O','O','O','O','O','O','O','O','O','O','O','O','O','O','O','O','O','O','O','O','O','O','O','O','O','O','O','O','O','O','O','O','O','O','O','O','O','O','O','O','O','O','O','O','O','O','O','O','O','O','O','O','O','O','O','O','O','O','O','O','O','O','O','O','O','O','O','O','O','O','O','O','O','O','O','O','O','O','O','O','O','O','O','O','O'}; 
Previous 28: main:array:1={'?','?','?','?','?','?','?','?','?','?','?','?','?','?','?','?','?','?','?','?','?','?','?','?','?','?','?','?','?','?','?','?','?','?','?','?','?','?','?','?','?','?','?','?','?','?','?','?','?','?','?','?','?','?','?','?','?','?','?','?','?','?','?','?','?','?','?','?','?','?','?','?','?','?','?','?','?','?','?','?','?','?','?','?','?','?','?','?','?','?','?','?','?','?','?','?','?','?','?','?','?'}; 
Previous 29: main:array:1={':','a','b','b','b','b','b','b','b','b','b','b','b','b','b','b','b','b','b','b','b','b','b','b','b','b','b','b','b','b','b','b','b','b','b','b','b','b','b','b','b','b','b','b','b','b','b','b','b','b','b','b','b','b','b','b','b','b','b','b','b','b','b','b','b','b','b','b','b','b','b','b','b','b','b','b','b','b','b','b','b','b','b','b','b','b','b','b','b','b','b','b','b','b','b','b','b','b','b','b','b'}; 
Previous 30: main:array:1={'a','a','a','a','a','a','a','a','a','a','a','a','a','a','a','a','a','a','a','a','a','a','a','a','a','a','a','a','a','a','a','a','a','a','a','a','a','a','a','a','a','a','a','a','a','a','a','a','a','a','a','a','a','a','a','a','a','a','a','a','b','b','b','b','b','b','b','b','b','b','b','b','b','b','b','b','b','b','b','b','b','b','b','b','b','b','b','b','b','b','b','b','b','b','b','b','b','b','b','b','b'}; 
Previous 31: main:array:1={'a','a','a','a','a','a','a','a','a','a','a','a','a','a','a','a','a','a','a','a','a','a','a','a','a','a','a','a','a','a','a','a','a','a','a','a','a','a','a','a','a','a','a','a','a','a','a','a','a','a','b','b','b','b','b','b','b','b','b','b','b','b','b','b','b','b','b','b','b','b','b','b','b','b','b','b','b','b','b','b','0','0','0','0','0','0','0','0','0','0','0','0','0','0','0','0','0','0','0','0','0'}; 
Previous 32: main:array:1={'\'','a','\'','b','\'','c','\'','a','\'','b','\'','c','\'','a','\'','b','\'','c','\'','a','\'','b','\'','c','\'','a','\'','b','\'','c','\'','a','\'','b','\'','c','\'','a','\'','b','\'','c','\'','a','\'','b','\'','c','\'','a','\'','b','\'','c','\'','a','\'','b','\'','c','\'','a','\'','b','\'','c','\'','a','\'','b','\'','c','\'','a','\'','b','\'','c','\'','a','\'','b','\'','c','\'','a','\'','b','\'','c','\'','a','\'','b','\'','c','\'','a','\'','b','\''}; 
Previous 33: main:array:1={'b','b','b','b','b','b','b','b','b','b','b','b','b','b','b','b','b','b','b','b','b','b','b','b','b','b','b','b','b','b','b','b','b','b','b','b','b','b','b','b','b','b','b','b','b','b','b','b','b','b','b','b','b','b','b','b','b','b','b','b','b','b','b','b','b','b','b','b','b','b','b','b','b','b','b','b','b','b','b','b','b','b','b','b','b','b','b','b','b','b','b','b','b','b','b','b','b','b','b','b','b'}; 
Previous 34: main:array:1={'a','b','c','a','b','c','a','b','c','a','b','c','a','b','c','a','b','c','a','b','c','a','b','c','a','b','c','a','b','c','a','b','c','a','b','c','a','b','c','a','b','c','a','b','c','a','b','c','a','b','c','a','b','c','a','b','c','a','b','c','a','b','c','a','b','c','a','b','c','a','b','c','a','b','c','a','b','c','a','b','c','a','b','c','a','b','c','a','b','c','a','b','c','a','b','c','a','b','c','x','x'}; 
Previous 35: main:array:1={'#','#','#','#','#','#','#','#','#','#','#','#','#','#','#','#','#','#','#','#','#','#','#','#','#','#','#','#','#','#','#','#','#','#','#','#','#','#','#','#','#','#','#','#','#','#','#','#','#','#','#','#','#','#','#','#','#','#','#','#','#','#','#','#','#','#','#','#','#','#','#','#','#','#','#','#','#','#','#','#','#','#','#','#','#','#','#','#','#','#','#','#','#','#','#','#','#','#','#','C','}'}; 
Previous 36: main:array:1={'A','b','C','d','E','f','G','h','I','j','K','l','M','n','O','p','Q','r','S','t','U','v','W','x','Y','z','A','b','C','d','E','f','G','h','I','j','K','l','M','n','O','p','Q','r','S','t','U','v','W','x','Y','z','A','b','C','d','E','f','G','h','I','j','K','l','M','n','O','p','Q','r','S','t','U','v','W','x','Y','z','A','b','C','d','E','f','G','h','I','j','K','l','M','n','O','p','Q','r','S','t','U','v','W'}; 
Previous 37: main:array:1={'M','N','M','N','M','N','M','N','M','N','M','N','M','N','M','N','M','N','M','N','M','N','M','N','M','N','M','N','M','N','M','N','M','N','M','N','M','N','M','N','M','N','M','N','M','N','M','N','M','N','M','N','M','N','M','N','M','N','M','N','M','N','M','N','M','N','M','N','M','N','M','N','M','N','M','N','M','N','M','N','M','N','M','N','M','N','M','N','M','N','M','N','M','N','M','N','M','N','M','N','M'}; 
Previous 38: main:array:1={'z','y','z','y','z','y','z','y','z','y','z','y','z','y','z','y','z','y','z','y','z','y','z','y','z','y','z','y','z','y','z','y','z','y','z','y','z','y','z','y','z','y','z','y','z','y','z','y','z','y','z','y','z','y','z','y','z','y','z','y','z','y','z','y','z','y','z','y','z','y','z','y','z','y','z','y','z','y','z','y','z','y','z','y','z','y','z','y','z','y','z','y','z','y','z','y','z','y','z','y','z'}; 
Previous 39: main:array:1={'x','y','z','x','y','z','x','y','z','x','y','z','x','y','z','x','y','z','x','y','z','x','y','z','x','y','z','x','y','z','x','y','z','x','y','z','x','y','z','x','y','z','x','y','z','x','y','z','x','y','z','x','y','z','x','y','z','x','y','z','x','y','z','x','y','z','x','y','z','x','y','z','x','y','z','x','y','z','x','y','z','x','y','z','x','y','z','x','y','z','x','y','z','x','y','z','x','y','z','x','y'}; 
Previous 40: main:array:1={'*','*','*','*','*','*','*','*','*','*','*','*','*','*','*','*','*','*','*','*','*','*','*','*','*','*','*','*','*','*','*','*','*','*','*','*','*','*','*','*','*','*','*','*','*','*','*','*','*','*','#','#','#','#','#','#','#','#','#','#','#','#','#','#','#','#','#','#','#','#','#','#','#','#','#','#','#','#','#','#','#','#','#','#','#','#','#','#','#','#','#','#','#','#','#','#','#','#','#','#','a'}; 
Previous 41: main:array:1={'1','1','1','1','1','1','1','1','1','1','1','1','1','1','1','1','1','1','1','1','1','1','1','1','1','1','1','1','1','1','1','1','1','1','1','1','1','1','1','1','1','1','1','1','1','1','1','1','1','1','1','1','1','1','1','1','1','1','1','1','1','1','1','1','1','1','1','1','1','1','1','1','1','1','1','1','1','1','1','1','1','1','1','1','1','1','1','1','1','1','1','1','1','1','1','1','1','1','1','1','1'}; 
Previous 42: main:array:1={'\'','0','\'','\'','1','\'','\'','2','\'','\'','3','\'','\'','4','\'','\'','5','\'','\'','6','\'','\'','7','\'','\'','8','\'','\'','9','\'','\'','0','\'','\'','1','\'','\'','2','\'','\'','3','\'','\'','4','\'','\'','5','\'','\'','6','\'','\'','7','\'','\'','8','\'','\'','9','\'','\'','0','\'','\'','1','\'','\'','2','\'','\'','3','\'','\'','4','\'','\'','5','\'','\'','6','\'','\'','7','\'','\'','8','\'','\'','9','\'','\'','0','\'','\'','1','\'','\'','2','\'','\'','3'}; 

Program:
extern char __VERIFIER_nondet_char(void);
/*
Commit Number: e6801c90311679fc0854af73da95fe58079c59f4
URL: https://github.com/FreeRADIUS/freeradius-server/commit/e6801c90311679fc0854af73da95fe58079c59f4
Project Name: freeradius-serve
License: GPL2
termination: false


*/
int main()
{
    int stop = 0;
    char array[101];
    for( int i = 0 ; i < 100 ; i++ )
        array[i] =  __VERIFIER_nondet_char();
    array[100] = 0;
    char* p = array;
    while( (*p) && (!stop) )
    {
        switch(*p){
        case '}':
            stop = 1;
            break;

        case ':':
            if( *(p+1) && (*(p+1) == '-')){
                p += 2;
                stop = 1;
            }
            break;
        default:
            p++;
        }
    }
    return 0;
}

"
54,NT,"main:array:1={'!','#','$','%','&','\'','(',')','*','+',' ',',','-','.','/','0','1','2','3','4','5','6','7','8','9',':',';','<','=','>','?','@','A','B','C','D','E','F','G','H','I','J','K','L','M','N','O','P','Q','R','S','T','U','V','W','X','Y','Z','[','E','^','_','`','a','b','c','d','e','f','g','h','i','j','k','l','m','n','o','p','q','r','s','t','u','v','w','x','y','z','{','|','~','!','0','1','2','3','4','5','6','7'}
",/home/quasar/Documents/FocusTNT/results_InputGeneration/FSE/loop/Incorrect_Control_Statement_1_NT/input_generator_artifacts/generated_programs/Incorrect_Control_Statement_1_NT_TestCase16.c,TIMEOUT,LIKELY_NT,true,,"You generate concrete values for nondeterministic inputs in a C/C++ program.
Your goal is to produce ONE complete assignment set that is likely to make the program not terminate.

Important rules:
1. Return a value for EVERY listed nondeterministic input ID.
2. Use each ID exactly once.
3. Respect the declared C/C++ type.
4. For an array, return the value as an array containing exactly the required number of elements.
5. For char arrays, each element must be exactly one character. Return the character itself without C single quotes.
6. Prefer small-magnitude values unless larger values are necessary to achieve the requested execution behavior.

Nondeterministic inputs:
- id: main:array:1, type: char, array: true, size: 101, required elements: 101

Previously generated assignment sets are listed below. Generate a materially different set and do not duplicate any of them.
Previous 1: main:array:1={'a','a','a','a','a','a','a','a','a','a','a','a','a','a','a','a','a','a','a','a','a','a','a','a','a','a','a','a','a','a','a','a','a','a','a','a','a','a','a','a','a','a','a','a','a','a','a','a','a','a','a','a','a','a','a','a','a','a','a','a','a','a','a','a','a','a','a','a','a','a','a','a','a','a','a','a','a','a','a','a','a','a','a','a','a','a','a','a','a','a','a','a','a','a','a','a','a','a','a','a','a'}; 
Previous 2: main:array:1={'}','b','b','b','b','b','b','b','b','b','b','b','b','b','b','b','b','b','b','b','b','b','b','b','b','b','b','b','b','b','b','b','b','b','b','b','b','b','b','b','b','b','b','b','b','b','b','b','b','b','b','b','b','b','b','b','b','b','b','b','b','b','b','b','b','b','b','b','b','b','b','b','b','b','b','b','b','b','b','b','b','b','b','b','b','b','b','b','b','b','b','b','b','b','b','b','b','b','b','b','b'}; 
Previous 3: main:array:1={'}','a','a','a','a','a','a','a','a','a','a','a','a','a','a','a','a','a','a','a','a','a','a','a','a','a','a','a','a','a','a','a','a','a','a','a','a','a','a','a','a','a','a','a','a','a','a','a','a','a','a','a','a','a','a','a','a','a','a','a','a','a','a','a','a','a','a','a','a','a','a','a','a','a','a','a','a','a','a','a','a','a','a','a','a','a','a','a','a','a','a','a','a','a','a','a','a','a','a','a','a'}; 
Previous 4: main:array:1={'b','b','b','b','b','b','b','b','b','b','b','b','b','b','b','b','b','b','b','b','b','b','b','b','b','b','b','b','b','b','b','b','b','b','b','b','b','b','b','b','b','b','b','b','b','b','b','b','b','b','}','c','c','c','c','c','c','c','c','c','c','c','c','c','c','c','c','c','c','c','c','c','c','c','c','c','c','c','c','c','c','c','c','c','c','c','c','c','c','c','x','x','x','x','x','x','x','x','x','x','x'}; 
Previous 5: main:array:1={'\'','}','\'','\'','c','\'','\'','c','\'','\'','c','\'','\'','c','\'','\'','c','\'','\'','c','\'','\'','c','\'','\'','c','\'','\'','c','\'','\'','c','\'','\'','c','\'','\'','c','\'','\'','c','\'','\'','c','\'','\'','c','\'','\'','c','\'','\'','c','\'','\'','c','\'','\'','c','\'','\'','c','\'','\'','c','\'','\'','c','\'','\'','c','\'','\'','c','\'','\'','c','\'','\'','c','\'','\'','c','\'','\'','c','\'','\'','c','\'','\'','c','\'','\'','c','\'','\'','c','\'','\'','c'}; 
Previous 6: main:array:1={'\'','\'','\'','\'','\'','\'','\'','\'','\'','\'','\'','\'','\'','\'','\'','\'','\'','\'','\'','\'','\'','\'','\'','\'','\'','\'','\'','\'','\'','\'','\'','\'','\'','\'','\'','\'','\'','\'','\'','\'','\'','\'','\'','\'','\'','\'','\'','\'','\'','\'','\'','\'','\'','\'','\'','\'','\'','\'','\'','\'','\'','\'','\'','\'','\'','\'','\'','\'','\'','\'','\'','\'','\'','\'','\'','\'','\'','\'','\'','\'','\'','\'','\'','\'','\'','\'','\'','\'','\'','\'','\'','\'','\'','\'','\'','\'','\'','\'','\'','\'','\''}; 
Previous 7: main:array:1={'A','B','C','D','E','F','G','H','I','J','K','L','M','N','O','P','Q','R','S','T','U','V','W','X','Y','Z','a','b','c','d','e','f','g','h','i','j','k','l','m','n','o','p','q','r','s','t','u','v','w','x','y','z','0','1','2','3','4','5','6','7','8','9','!','?','.',',','-','_','/','/','|','@','#','$','%','^','&','*','(',')','{','[',']','`','~','>','<',':',';','`','\'',' ','!','?','.',',','%','+','=','/','/'}; 
Previous 8: main:array:1={'0','0','0','0','0','0','0','0','0','0','0','0','0','0','0','0','0','0','0','0','0','0','0','0','0','0','0','0','0','0','0','0','0','0','0','0','0','0','0','0','0','0','0','0','0','0','0','0','0','0','0','0','0','0','0','0','0','0','0','0','0','0','0','0','0','0','0','0','0','0','0','0','0','0','0','0','0','0','0','0','0','0','0','0','0','0','0','0','0','0','0','0','0','0','0','0','0','0','0','0','0'}; 
Previous 9: main:array:1={'a','b','a','b','a','b','a','b','a','b','a','b','a','b','a','b','a','b','a','b','a','b','a','b','a','b','a','b','a','b','a','b','a','b','a','b','a','b','a','b','a','b','a','b','a','b','a','b','a','b','a','b','a','b','a','b','a','b','a','b','a','b','a','b','a','b','a','b','a','b','a','b','a','b','a','b','a','b','a','b','a','b','a','b','a','b','a','b','a','b','a','b','a','b','a','b','a','b','a','b','a'}; 
Previous 10: main:array:1={'\'','A','\'','B','\'','C','\'','D','\'','E','\'','F','\'','G','\'','H','\'','I','\'','J','\'','K','\'','L','\'','M','\'','N','\'','O','\'','P','\'','Q','\'','R','\'','S','\'','T','\'','U','\'','V','\'','W','\'','X','\'','Y','\'','Z','\'','a','\'','b','\'','c','\'','d','\'','e','\'','f','\'','g','\'','h','\'','i','\'','j','\'','k','\'','l','\'','m','\'','n','\'','o','\'','p','\'','q','\'','r','\'','s','\'','t','\'','u','\'','v','\'','w','\'','x','\''}; 
Previous 11: main:array:1={':','-','a','a','a','a','a','a','a','a','a','a','a','a','a','a','a','a','a','a','a','a','a','a','a','a','a','a','a','a','a','a','a','a','a','a','a','a','a','a','a','a','a','a','a','a','a','a','a','a','a','a','a','a','a','a','a','a','a','a','a','a','a','a','a','a','a','a','a','a','a','a','a','a','a','a','a','a','a','a','a','a','a','a','a','a','a','a','a','a','a','a','a','a','a','a','a','a','a','a','a'}; 
Previous 12: main:array:1={'x','x','x','x','x','x','x','x','x','x','x','x','x','x','x','x','x','x','x','x','x','x','x','x','x','x','x','x','x','x','x','x','x','x','x','x','x','x','x','x','x','x','x','x','x','x','x','x','x','x','x','x','x','x','x','x','x','x','x','x','x','x','x','x','x','x','x','x','x','x','x','x','x','x','x','x','x','x','x','x','x','x','x','x','x','x','x','x','x','x','x','x','x','x','x','x','x','x','x','x','x'}; 
Previous 13: main:array:1={':','b','a','a','a','a','a','a','a','a','a','a','a','a','a','a','a','a','a','a','a','a','a','a','a','a','a','a','a','a','a','a','a','a','a','a','a','a','a','a','a','a','a','a','a','a','a','a','a','a','a','a','a','a','a','a','a','a','a','a','a','a','a','a','a','a','a','a','a','a','a','a','a','a','a','a','a','a','a','a','a','a','a','a','a','a','a','a','a','a','a','a','a','a','a','a','a','a','a','a','a'}; 
Previous 14: main:array:1={'\'','\'',':','\'','a','\'','b','\'','b','\'','b','\'','b','\'','b','\'','b','\'','b','\'','b','\'','b','\'','b','\'','b','\'','b','\'','b','\'','b','\'','b','\'','b','\'','b','\'','b','\'','b','\'','b','\'','b','\'','b','\'','b','\'','b','\'','b','\'','b','\'','b','\'','b','\'','b','\'','b','\'','b','\'','b','\'','b','\'','b','\'','b','\'','b','\'','b','\'','b','\'','b','\'','b','\'','b','\'','b','\'','b','\'','b','\'','b','\'','b','\'','b','\'','b'}; 
Previous 15: main:array:1={'a','a','a','a','a','a','a','a','a','a','a','a','a','a','a','a','a','a','a','a','a','a','a','a','a','a','a','a','a','a','a','a','a','a','a','a','a','a','a','a','a','a','a','a','a','a','a','a','a','a','a','a','a','a','a','a','a','a','a','a','a','a','a','a','a','a','a','a','a','a','a','a','a','a','a','a','a','a','a','a','a','a','a','a','a','a','a','a','a','a','a','a','a','a','a','a','a','a',':','0','0'}; 
Previous 16: main:array:1={'z','z','z','z','z','z','z','z','z','z','z','z','z','z','z','z','z','z','z','z','z','z','z','z','z','z','z','z','z','z','z','z','z','z','z','z','z','z','z','z','z','z','z','z','z','z','z','z','z','z','z','z','z','z','z','z','z','z','z','z','z','z','z','z','z','z','z','z','z','z','z','z','z','z','z','z','z','z','z','z','z','z','z','z','z','z','z','z','z','z','z','z','z','z','z','z','z','z','z','z','z'}; 
Previous 17: main:array:1={'!','!','!','!','!','!','!','!','!','!','!','!','!','!','!','!','!','!','!','!','!','!','!','!','!','!','!','!','!','!','!','!','!','!','!','!','!','!','!','!','!','!','!','!','!','!','!','!','!','!','!','!','!','!','!','!','!','!','!','!','!','!','!','!','!','!','!','!','!','!','!','!','!','!','!','!','!','!','!','!','!','!','!','!','!','!','!','!','!','!','!','!','!','!','!','!','!','!','!','!','!'}; 
Previous 18: main:array:1={'a','a','a','a','a','a','a','a','a','a','a','a','a','a','a','a','a','a','a','a','a','a','a','a','a','a','a','a','a','a','a','a','a','a','a','a','a','a','a','a','a','a','a','a','a','a','a','a','a','a','a','a','a','a','a','a','a','a','a','a','a','a','a','a','a','a','a','a','a','a','a','a','a','a','a','a','a','a','a','a','a','a','a','a','a','a','a','a','a','a','a','a','a','a','a','a','a','a','b','b','b'}; 
Previous 19: main:array:1={'A','B','C','D','E','F','G','H','I','J','K','L','M','N','O','P','Q','R','S','T','U','V','W','X','Y','Z','A','B','C','D','E','F','G','H','I','J','K','L','M','N','O','P','Q','R','S','T','U','V','W','X','Y','Z','A','B','C','D','E','F','G','H','I','J','K','L','M','N','O','P','Q','R','S','T','U','V','W','X','Y','Z','A','B','C','D','E','F','G','H','I','J','K','L','M','N','O','P','Q','R','S','T','U','V','W'}; 
Previous 20: main:array:1={'H','e','l','l','o','W','o','r','l','d','H','e','l','l','o','W','o','r','l','d','H','e','l','l','o','W','o','r','l','d','H','e','l','l','o','W','o','r','l','d','H','e','l','l','o','W','o','r','l','d','H','e','l','l','o','W','o','r','l','d','H','e','l','l','o','W','o','r','l','d','H','e','l','l','o','W','o','r','l','d','H','e','l','l','o','W','o','r','l','d','H','e','l','l','o','W','o','r','l','d','H'}; 
Previous 21: main:array:1={':','A','a','a','a','a','a','a','a','a','a','a','a','a','a','a','a','a','a','a','a','a','a','a','a','a','a','a','a','a','a','a','a','a','a','a','a','a','a','a','a','a','a','a','a','a','a','a','a','a','a','a','a','a','a','a','a','a','a','a','a','a','a','a','a','a','a','a','a','a','a','a','a','a','a','a','a','a','a','a','a','a','a','a','a','a','a','a','a','a','a','a','a','a','a','a','a','a','a','a','a'}; 
Previous 22: main:array:1={'m','n','o','p','q','r','s','t','u','v','m','n','o','p','q','r','s','t','u','v','m','n','o','p','q','r','s','t','u','v','m','n','o','p','q','r','s','t','u','v','m','n','o','p','q','r','s','t','u','v','m','n','o','p','q','r','s','t','u','v','m','n','o','p','q','r','s','t','u','v','m','n','o','p','q','r','s','t','u','v','m','n','o','p','q','r','s','t','u','v','m','n','o','p','q','r','s','t','u','v','m'}; 
Previous 23: main:array:1={'a','a','a','a','a','a','a','a','a','a','a','a','a','a','a','a','a','a','a','a','a','a','a','a','a','a','a','a','a','a','a','a','a','a','a','a','a','a','a','a','a','a','a','a','a','a','a','a','a','a','a','a','a','a','a','a','a','a','a','a','a','a','a','a','a','a','a','a','a','a','a','a','a','a','a','a','a','a','a','a','a','a','a','a','a','a','a','a','a','a','a','a','a','a','a','a','a','a','a','a','b'}; 
Previous 24: main:array:1={'-','-','-','-','-','-','-','-','-','-','-','-','-','-','-','-','-','-','-','-','-','-','-','-','-','-','-','-','-','-','-','-','-','-','-','-','-','-','-','-','-','-','-','-','-','-','-','-','-','-','-','-','-','-','-','-','-','-','-','-','-','-','-','-','-','-','-','-','-','-','-','-','-','-','-','-','-','-','-','-','-','-','-','-','-','-','-','-','-','-','-','-','-','-','-','-','-','-','-','-','-'}; 
Previous 25: main:array:1={'A','B','C','D','E','F','G','H','I','J','K','L','M','N','O','P','Q','R','S','T','U','V','W','X','Y','Z','a','b','c','d','e','f','g','h','i','j','k','l','m','n','o','p','q','r','s','t','u','v','w','x','y','z','0','1','2','3','4','5','6','7','8','9','!','@','#','$','%','^','&','*','(',')','-','=','+','[',']','{',';',';',',','.','<','>','?','/',';','~','\'','`','^','+','+','?','/',';','~','\'','`','^','+'}; 
Previous 26: main:array:1={'\'','A','\'','A','\'','A','\'','A','\'','A','\'','A','\'','A','\'','A','\'','A','\'','A','\'','A','\'','A','\'','A','\'','A','\'','A','\'','A','\'','A','\'','A','\'','A','\'','A','\'','A','\'','A','\'','A','\'','A','\'','A','\'','A','\'','A','\'','A','\'','A','\'','A','\'','A','\'','A','\'','A','\'','A','\'','A','\'','A','\'','A','\'','A','\'','A','\'','A','\'','A','\'','A','\'','A','\'','A','\'','A','\'','A','\'','A','\'','A','\'','A','\'','A','\''}; 
Previous 27: main:array:1={'O','O','O','O','O','O','O','O','O','O','O','O','O','O','O','O','O','O','O','O','O','O','O','O','O','O','O','O','O','O','O','O','O','O','O','O','O','O','O','O','O','O','O','O','O','O','O','O','O','O','O','O','O','O','O','O','O','O','O','O','O','O','O','O','O','O','O','O','O','O','O','O','O','O','O','O','O','O','O','O','O','O','O','O','O','O','O','O','O','O','O','O','O','O','O','O','O','O','O','O','O'}; 
Previous 28: main:array:1={'?','?','?','?','?','?','?','?','?','?','?','?','?','?','?','?','?','?','?','?','?','?','?','?','?','?','?','?','?','?','?','?','?','?','?','?','?','?','?','?','?','?','?','?','?','?','?','?','?','?','?','?','?','?','?','?','?','?','?','?','?','?','?','?','?','?','?','?','?','?','?','?','?','?','?','?','?','?','?','?','?','?','?','?','?','?','?','?','?','?','?','?','?','?','?','?','?','?','?','?','?'}; 
Previous 29: main:array:1={':','a','b','b','b','b','b','b','b','b','b','b','b','b','b','b','b','b','b','b','b','b','b','b','b','b','b','b','b','b','b','b','b','b','b','b','b','b','b','b','b','b','b','b','b','b','b','b','b','b','b','b','b','b','b','b','b','b','b','b','b','b','b','b','b','b','b','b','b','b','b','b','b','b','b','b','b','b','b','b','b','b','b','b','b','b','b','b','b','b','b','b','b','b','b','b','b','b','b','b','b'}; 
Previous 30: main:array:1={'a','a','a','a','a','a','a','a','a','a','a','a','a','a','a','a','a','a','a','a','a','a','a','a','a','a','a','a','a','a','a','a','a','a','a','a','a','a','a','a','a','a','a','a','a','a','a','a','a','a','a','a','a','a','a','a','a','a','a','a','b','b','b','b','b','b','b','b','b','b','b','b','b','b','b','b','b','b','b','b','b','b','b','b','b','b','b','b','b','b','b','b','b','b','b','b','b','b','b','b','b'}; 
Previous 31: main:array:1={'a','a','a','a','a','a','a','a','a','a','a','a','a','a','a','a','a','a','a','a','a','a','a','a','a','a','a','a','a','a','a','a','a','a','a','a','a','a','a','a','a','a','a','a','a','a','a','a','a','a','b','b','b','b','b','b','b','b','b','b','b','b','b','b','b','b','b','b','b','b','b','b','b','b','b','b','b','b','b','b','0','0','0','0','0','0','0','0','0','0','0','0','0','0','0','0','0','0','0','0','0'}; 
Previous 32: main:array:1={'\'','a','\'','b','\'','c','\'','a','\'','b','\'','c','\'','a','\'','b','\'','c','\'','a','\'','b','\'','c','\'','a','\'','b','\'','c','\'','a','\'','b','\'','c','\'','a','\'','b','\'','c','\'','a','\'','b','\'','c','\'','a','\'','b','\'','c','\'','a','\'','b','\'','c','\'','a','\'','b','\'','c','\'','a','\'','b','\'','c','\'','a','\'','b','\'','c','\'','a','\'','b','\'','c','\'','a','\'','b','\'','c','\'','a','\'','b','\'','c','\'','a','\'','b','\''}; 
Previous 33: main:array:1={'b','b','b','b','b','b','b','b','b','b','b','b','b','b','b','b','b','b','b','b','b','b','b','b','b','b','b','b','b','b','b','b','b','b','b','b','b','b','b','b','b','b','b','b','b','b','b','b','b','b','b','b','b','b','b','b','b','b','b','b','b','b','b','b','b','b','b','b','b','b','b','b','b','b','b','b','b','b','b','b','b','b','b','b','b','b','b','b','b','b','b','b','b','b','b','b','b','b','b','b','b'}; 
Previous 34: main:array:1={'a','b','c','a','b','c','a','b','c','a','b','c','a','b','c','a','b','c','a','b','c','a','b','c','a','b','c','a','b','c','a','b','c','a','b','c','a','b','c','a','b','c','a','b','c','a','b','c','a','b','c','a','b','c','a','b','c','a','b','c','a','b','c','a','b','c','a','b','c','a','b','c','a','b','c','a','b','c','a','b','c','a','b','c','a','b','c','a','b','c','a','b','c','a','b','c','a','b','c','x','x'}; 
Previous 35: main:array:1={'#','#','#','#','#','#','#','#','#','#','#','#','#','#','#','#','#','#','#','#','#','#','#','#','#','#','#','#','#','#','#','#','#','#','#','#','#','#','#','#','#','#','#','#','#','#','#','#','#','#','#','#','#','#','#','#','#','#','#','#','#','#','#','#','#','#','#','#','#','#','#','#','#','#','#','#','#','#','#','#','#','#','#','#','#','#','#','#','#','#','#','#','#','#','#','#','#','#','#','C','}'}; 
Previous 36: main:array:1={'A','b','C','d','E','f','G','h','I','j','K','l','M','n','O','p','Q','r','S','t','U','v','W','x','Y','z','A','b','C','d','E','f','G','h','I','j','K','l','M','n','O','p','Q','r','S','t','U','v','W','x','Y','z','A','b','C','d','E','f','G','h','I','j','K','l','M','n','O','p','Q','r','S','t','U','v','W','x','Y','z','A','b','C','d','E','f','G','h','I','j','K','l','M','n','O','p','Q','r','S','t','U','v','W'}; 
Previous 37: main:array:1={'M','N','M','N','M','N','M','N','M','N','M','N','M','N','M','N','M','N','M','N','M','N','M','N','M','N','M','N','M','N','M','N','M','N','M','N','M','N','M','N','M','N','M','N','M','N','M','N','M','N','M','N','M','N','M','N','M','N','M','N','M','N','M','N','M','N','M','N','M','N','M','N','M','N','M','N','M','N','M','N','M','N','M','N','M','N','M','N','M','N','M','N','M','N','M','N','M','N','M','N','M'}; 
Previous 38: main:array:1={'z','y','z','y','z','y','z','y','z','y','z','y','z','y','z','y','z','y','z','y','z','y','z','y','z','y','z','y','z','y','z','y','z','y','z','y','z','y','z','y','z','y','z','y','z','y','z','y','z','y','z','y','z','y','z','y','z','y','z','y','z','y','z','y','z','y','z','y','z','y','z','y','z','y','z','y','z','y','z','y','z','y','z','y','z','y','z','y','z','y','z','y','z','y','z','y','z','y','z','y','z'}; 
Previous 39: main:array:1={'x','y','z','x','y','z','x','y','z','x','y','z','x','y','z','x','y','z','x','y','z','x','y','z','x','y','z','x','y','z','x','y','z','x','y','z','x','y','z','x','y','z','x','y','z','x','y','z','x','y','z','x','y','z','x','y','z','x','y','z','x','y','z','x','y','z','x','y','z','x','y','z','x','y','z','x','y','z','x','y','z','x','y','z','x','y','z','x','y','z','x','y','z','x','y','z','x','y','z','x','y'}; 
Previous 40: main:array:1={'*','*','*','*','*','*','*','*','*','*','*','*','*','*','*','*','*','*','*','*','*','*','*','*','*','*','*','*','*','*','*','*','*','*','*','*','*','*','*','*','*','*','*','*','*','*','*','*','*','*','#','#','#','#','#','#','#','#','#','#','#','#','#','#','#','#','#','#','#','#','#','#','#','#','#','#','#','#','#','#','#','#','#','#','#','#','#','#','#','#','#','#','#','#','#','#','#','#','#','#','a'}; 
Previous 41: main:array:1={'1','1','1','1','1','1','1','1','1','1','1','1','1','1','1','1','1','1','1','1','1','1','1','1','1','1','1','1','1','1','1','1','1','1','1','1','1','1','1','1','1','1','1','1','1','1','1','1','1','1','1','1','1','1','1','1','1','1','1','1','1','1','1','1','1','1','1','1','1','1','1','1','1','1','1','1','1','1','1','1','1','1','1','1','1','1','1','1','1','1','1','1','1','1','1','1','1','1','1','1','1'}; 
Previous 42: main:array:1={'\'','0','\'','\'','1','\'','\'','2','\'','\'','3','\'','\'','4','\'','\'','5','\'','\'','6','\'','\'','7','\'','\'','8','\'','\'','9','\'','\'','0','\'','\'','1','\'','\'','2','\'','\'','3','\'','\'','4','\'','\'','5','\'','\'','6','\'','\'','7','\'','\'','8','\'','\'','9','\'','\'','0','\'','\'','1','\'','\'','2','\'','\'','3','\'','\'','4','\'','\'','5','\'','\'','6','\'','\'','7','\'','\'','8','\'','\'','9','\'','\'','0','\'','\'','1','\'','\'','2','\'','\'','3'}; 
Previous 43: main:array:1={'a','b','c','d','e','f','g','h','i','j','k','l','m','n','o','p','q','r','s','t','u','v','w','x','y','z','0','1','2','3','4','5','6','7','8','9','!','@','#','$','%','^','&','*','(',')','-','_','+','=','{','}','[',']','|',':',';','x','y','z','?','`','~','A','B','C','D','E','F','G','H','I','J','K','L','M','N','O','P','Q','R','S','T','U','V','W','X','Y','Z','p','q','r','s','t','u','v','w','x','y','!','#'}; 

Program:
extern char __VERIFIER_nondet_char(void);
/*
Commit Number: e6801c90311679fc0854af73da95fe58079c59f4
URL: https://github.com/FreeRADIUS/freeradius-server/commit/e6801c90311679fc0854af73da95fe58079c59f4
Project Name: freeradius-serve
License: GPL2
termination: false


*/
int main()
{
    int stop = 0;
    char array[101];
    for( int i = 0 ; i < 100 ; i++ )
        array[i] =  __VERIFIER_nondet_char();
    array[100] = 0;
    char* p = array;
    while( (*p) && (!stop) )
    {
        switch(*p){
        case '}':
            stop = 1;
            break;

        case ':':
            if( *(p+1) && (*(p+1) == '-')){
                p += 2;
                stop = 1;
            }
            break;
        default:
            p++;
        }
    }
    return 0;
}

"
55,NT,"main:array:1={'a','b','c','d','e','f','g','h','i','j','k','l','m','n','o','p','q','r','s','t','u','v','w','x','y','z','a','b','c','d','e','f','g','h','i','j','k','l','m','n','o','p','q','r','s','t','u','v','w','x','y','z','a','b','c','d','e','f','g','h','i','j','k','l','m','n','o','p','q','r','s','t','u','v','w','x','y','z','a','b','c','d','e','f','g','h','i','j','k','l','m','n','o','p','q','r','s','t','u','v','w'}
",,COMPLETED,T,false,,"You generate concrete values for nondeterministic inputs in a C/C++ program.
Your goal is to produce ONE complete assignment set that is likely to make the program not terminate.

Important rules:
1. Return a value for EVERY listed nondeterministic input ID.
2. Use each ID exactly once.
3. Respect the declared C/C++ type.
4. For an array, return the value as an array containing exactly the required number of elements.
5. For char arrays, each element must be exactly one character. Return the character itself without C single quotes.
6. Prefer small-magnitude values unless larger values are necessary to achieve the requested execution behavior.

Nondeterministic inputs:
- id: main:array:1, type: char, array: true, size: 101, required elements: 101

Previously generated assignment sets are listed below. Generate a materially different set and do not duplicate any of them.
Previous 1: main:array:1={'a','a','a','a','a','a','a','a','a','a','a','a','a','a','a','a','a','a','a','a','a','a','a','a','a','a','a','a','a','a','a','a','a','a','a','a','a','a','a','a','a','a','a','a','a','a','a','a','a','a','a','a','a','a','a','a','a','a','a','a','a','a','a','a','a','a','a','a','a','a','a','a','a','a','a','a','a','a','a','a','a','a','a','a','a','a','a','a','a','a','a','a','a','a','a','a','a','a','a','a','a'}; 
Previous 2: main:array:1={'}','b','b','b','b','b','b','b','b','b','b','b','b','b','b','b','b','b','b','b','b','b','b','b','b','b','b','b','b','b','b','b','b','b','b','b','b','b','b','b','b','b','b','b','b','b','b','b','b','b','b','b','b','b','b','b','b','b','b','b','b','b','b','b','b','b','b','b','b','b','b','b','b','b','b','b','b','b','b','b','b','b','b','b','b','b','b','b','b','b','b','b','b','b','b','b','b','b','b','b','b'}; 
Previous 3: main:array:1={'}','a','a','a','a','a','a','a','a','a','a','a','a','a','a','a','a','a','a','a','a','a','a','a','a','a','a','a','a','a','a','a','a','a','a','a','a','a','a','a','a','a','a','a','a','a','a','a','a','a','a','a','a','a','a','a','a','a','a','a','a','a','a','a','a','a','a','a','a','a','a','a','a','a','a','a','a','a','a','a','a','a','a','a','a','a','a','a','a','a','a','a','a','a','a','a','a','a','a','a','a'}; 
Previous 4: main:array:1={'b','b','b','b','b','b','b','b','b','b','b','b','b','b','b','b','b','b','b','b','b','b','b','b','b','b','b','b','b','b','b','b','b','b','b','b','b','b','b','b','b','b','b','b','b','b','b','b','b','b','}','c','c','c','c','c','c','c','c','c','c','c','c','c','c','c','c','c','c','c','c','c','c','c','c','c','c','c','c','c','c','c','c','c','c','c','c','c','c','c','x','x','x','x','x','x','x','x','x','x','x'}; 
Previous 5: main:array:1={'\'','}','\'','\'','c','\'','\'','c','\'','\'','c','\'','\'','c','\'','\'','c','\'','\'','c','\'','\'','c','\'','\'','c','\'','\'','c','\'','\'','c','\'','\'','c','\'','\'','c','\'','\'','c','\'','\'','c','\'','\'','c','\'','\'','c','\'','\'','c','\'','\'','c','\'','\'','c','\'','\'','c','\'','\'','c','\'','\'','c','\'','\'','c','\'','\'','c','\'','\'','c','\'','\'','c','\'','\'','c','\'','\'','c','\'','\'','c','\'','\'','c','\'','\'','c','\'','\'','c','\'','\'','c'}; 
Previous 6: main:array:1={'\'','\'','\'','\'','\'','\'','\'','\'','\'','\'','\'','\'','\'','\'','\'','\'','\'','\'','\'','\'','\'','\'','\'','\'','\'','\'','\'','\'','\'','\'','\'','\'','\'','\'','\'','\'','\'','\'','\'','\'','\'','\'','\'','\'','\'','\'','\'','\'','\'','\'','\'','\'','\'','\'','\'','\'','\'','\'','\'','\'','\'','\'','\'','\'','\'','\'','\'','\'','\'','\'','\'','\'','\'','\'','\'','\'','\'','\'','\'','\'','\'','\'','\'','\'','\'','\'','\'','\'','\'','\'','\'','\'','\'','\'','\'','\'','\'','\'','\'','\'','\''}; 
Previous 7: main:array:1={'A','B','C','D','E','F','G','H','I','J','K','L','M','N','O','P','Q','R','S','T','U','V','W','X','Y','Z','a','b','c','d','e','f','g','h','i','j','k','l','m','n','o','p','q','r','s','t','u','v','w','x','y','z','0','1','2','3','4','5','6','7','8','9','!','?','.',',','-','_','/','/','|','@','#','$','%','^','&','*','(',')','{','[',']','`','~','>','<',':',';','`','\'',' ','!','?','.',',','%','+','=','/','/'}; 
Previous 8: main:array:1={'0','0','0','0','0','0','0','0','0','0','0','0','0','0','0','0','0','0','0','0','0','0','0','0','0','0','0','0','0','0','0','0','0','0','0','0','0','0','0','0','0','0','0','0','0','0','0','0','0','0','0','0','0','0','0','0','0','0','0','0','0','0','0','0','0','0','0','0','0','0','0','0','0','0','0','0','0','0','0','0','0','0','0','0','0','0','0','0','0','0','0','0','0','0','0','0','0','0','0','0','0'}; 
Previous 9: main:array:1={'a','b','a','b','a','b','a','b','a','b','a','b','a','b','a','b','a','b','a','b','a','b','a','b','a','b','a','b','a','b','a','b','a','b','a','b','a','b','a','b','a','b','a','b','a','b','a','b','a','b','a','b','a','b','a','b','a','b','a','b','a','b','a','b','a','b','a','b','a','b','a','b','a','b','a','b','a','b','a','b','a','b','a','b','a','b','a','b','a','b','a','b','a','b','a','b','a','b','a','b','a'}; 
Previous 10: main:array:1={'\'','A','\'','B','\'','C','\'','D','\'','E','\'','F','\'','G','\'','H','\'','I','\'','J','\'','K','\'','L','\'','M','\'','N','\'','O','\'','P','\'','Q','\'','R','\'','S','\'','T','\'','U','\'','V','\'','W','\'','X','\'','Y','\'','Z','\'','a','\'','b','\'','c','\'','d','\'','e','\'','f','\'','g','\'','h','\'','i','\'','j','\'','k','\'','l','\'','m','\'','n','\'','o','\'','p','\'','q','\'','r','\'','s','\'','t','\'','u','\'','v','\'','w','\'','x','\''}; 
Previous 11: main:array:1={':','-','a','a','a','a','a','a','a','a','a','a','a','a','a','a','a','a','a','a','a','a','a','a','a','a','a','a','a','a','a','a','a','a','a','a','a','a','a','a','a','a','a','a','a','a','a','a','a','a','a','a','a','a','a','a','a','a','a','a','a','a','a','a','a','a','a','a','a','a','a','a','a','a','a','a','a','a','a','a','a','a','a','a','a','a','a','a','a','a','a','a','a','a','a','a','a','a','a','a','a'}; 
Previous 12: main:array:1={'x','x','x','x','x','x','x','x','x','x','x','x','x','x','x','x','x','x','x','x','x','x','x','x','x','x','x','x','x','x','x','x','x','x','x','x','x','x','x','x','x','x','x','x','x','x','x','x','x','x','x','x','x','x','x','x','x','x','x','x','x','x','x','x','x','x','x','x','x','x','x','x','x','x','x','x','x','x','x','x','x','x','x','x','x','x','x','x','x','x','x','x','x','x','x','x','x','x','x','x','x'}; 
Previous 13: main:array:1={':','b','a','a','a','a','a','a','a','a','a','a','a','a','a','a','a','a','a','a','a','a','a','a','a','a','a','a','a','a','a','a','a','a','a','a','a','a','a','a','a','a','a','a','a','a','a','a','a','a','a','a','a','a','a','a','a','a','a','a','a','a','a','a','a','a','a','a','a','a','a','a','a','a','a','a','a','a','a','a','a','a','a','a','a','a','a','a','a','a','a','a','a','a','a','a','a','a','a','a','a'}; 
Previous 14: main:array:1={'\'','\'',':','\'','a','\'','b','\'','b','\'','b','\'','b','\'','b','\'','b','\'','b','\'','b','\'','b','\'','b','\'','b','\'','b','\'','b','\'','b','\'','b','\'','b','\'','b','\'','b','\'','b','\'','b','\'','b','\'','b','\'','b','\'','b','\'','b','\'','b','\'','b','\'','b','\'','b','\'','b','\'','b','\'','b','\'','b','\'','b','\'','b','\'','b','\'','b','\'','b','\'','b','\'','b','\'','b','\'','b','\'','b','\'','b','\'','b','\'','b','\'','b','\'','b'}; 
Previous 15: main:array:1={'a','a','a','a','a','a','a','a','a','a','a','a','a','a','a','a','a','a','a','a','a','a','a','a','a','a','a','a','a','a','a','a','a','a','a','a','a','a','a','a','a','a','a','a','a','a','a','a','a','a','a','a','a','a','a','a','a','a','a','a','a','a','a','a','a','a','a','a','a','a','a','a','a','a','a','a','a','a','a','a','a','a','a','a','a','a','a','a','a','a','a','a','a','a','a','a','a','a',':','0','0'}; 
Previous 16: main:array:1={'z','z','z','z','z','z','z','z','z','z','z','z','z','z','z','z','z','z','z','z','z','z','z','z','z','z','z','z','z','z','z','z','z','z','z','z','z','z','z','z','z','z','z','z','z','z','z','z','z','z','z','z','z','z','z','z','z','z','z','z','z','z','z','z','z','z','z','z','z','z','z','z','z','z','z','z','z','z','z','z','z','z','z','z','z','z','z','z','z','z','z','z','z','z','z','z','z','z','z','z','z'}; 
Previous 17: main:array:1={'!','!','!','!','!','!','!','!','!','!','!','!','!','!','!','!','!','!','!','!','!','!','!','!','!','!','!','!','!','!','!','!','!','!','!','!','!','!','!','!','!','!','!','!','!','!','!','!','!','!','!','!','!','!','!','!','!','!','!','!','!','!','!','!','!','!','!','!','!','!','!','!','!','!','!','!','!','!','!','!','!','!','!','!','!','!','!','!','!','!','!','!','!','!','!','!','!','!','!','!','!'}; 
Previous 18: main:array:1={'a','a','a','a','a','a','a','a','a','a','a','a','a','a','a','a','a','a','a','a','a','a','a','a','a','a','a','a','a','a','a','a','a','a','a','a','a','a','a','a','a','a','a','a','a','a','a','a','a','a','a','a','a','a','a','a','a','a','a','a','a','a','a','a','a','a','a','a','a','a','a','a','a','a','a','a','a','a','a','a','a','a','a','a','a','a','a','a','a','a','a','a','a','a','a','a','a','a','b','b','b'}; 
Previous 19: main:array:1={'A','B','C','D','E','F','G','H','I','J','K','L','M','N','O','P','Q','R','S','T','U','V','W','X','Y','Z','A','B','C','D','E','F','G','H','I','J','K','L','M','N','O','P','Q','R','S','T','U','V','W','X','Y','Z','A','B','C','D','E','F','G','H','I','J','K','L','M','N','O','P','Q','R','S','T','U','V','W','X','Y','Z','A','B','C','D','E','F','G','H','I','J','K','L','M','N','O','P','Q','R','S','T','U','V','W'}; 
Previous 20: main:array:1={'H','e','l','l','o','W','o','r','l','d','H','e','l','l','o','W','o','r','l','d','H','e','l','l','o','W','o','r','l','d','H','e','l','l','o','W','o','r','l','d','H','e','l','l','o','W','o','r','l','d','H','e','l','l','o','W','o','r','l','d','H','e','l','l','o','W','o','r','l','d','H','e','l','l','o','W','o','r','l','d','H','e','l','l','o','W','o','r','l','d','H','e','l','l','o','W','o','r','l','d','H'}; 
Previous 21: main:array:1={':','A','a','a','a','a','a','a','a','a','a','a','a','a','a','a','a','a','a','a','a','a','a','a','a','a','a','a','a','a','a','a','a','a','a','a','a','a','a','a','a','a','a','a','a','a','a','a','a','a','a','a','a','a','a','a','a','a','a','a','a','a','a','a','a','a','a','a','a','a','a','a','a','a','a','a','a','a','a','a','a','a','a','a','a','a','a','a','a','a','a','a','a','a','a','a','a','a','a','a','a'}; 
Previous 22: main:array:1={'m','n','o','p','q','r','s','t','u','v','m','n','o','p','q','r','s','t','u','v','m','n','o','p','q','r','s','t','u','v','m','n','o','p','q','r','s','t','u','v','m','n','o','p','q','r','s','t','u','v','m','n','o','p','q','r','s','t','u','v','m','n','o','p','q','r','s','t','u','v','m','n','o','p','q','r','s','t','u','v','m','n','o','p','q','r','s','t','u','v','m','n','o','p','q','r','s','t','u','v','m'}; 
Previous 23: main:array:1={'a','a','a','a','a','a','a','a','a','a','a','a','a','a','a','a','a','a','a','a','a','a','a','a','a','a','a','a','a','a','a','a','a','a','a','a','a','a','a','a','a','a','a','a','a','a','a','a','a','a','a','a','a','a','a','a','a','a','a','a','a','a','a','a','a','a','a','a','a','a','a','a','a','a','a','a','a','a','a','a','a','a','a','a','a','a','a','a','a','a','a','a','a','a','a','a','a','a','a','a','b'}; 
Previous 24: main:array:1={'-','-','-','-','-','-','-','-','-','-','-','-','-','-','-','-','-','-','-','-','-','-','-','-','-','-','-','-','-','-','-','-','-','-','-','-','-','-','-','-','-','-','-','-','-','-','-','-','-','-','-','-','-','-','-','-','-','-','-','-','-','-','-','-','-','-','-','-','-','-','-','-','-','-','-','-','-','-','-','-','-','-','-','-','-','-','-','-','-','-','-','-','-','-','-','-','-','-','-','-','-'}; 
Previous 25: main:array:1={'A','B','C','D','E','F','G','H','I','J','K','L','M','N','O','P','Q','R','S','T','U','V','W','X','Y','Z','a','b','c','d','e','f','g','h','i','j','k','l','m','n','o','p','q','r','s','t','u','v','w','x','y','z','0','1','2','3','4','5','6','7','8','9','!','@','#','$','%','^','&','*','(',')','-','=','+','[',']','{',';',';',',','.','<','>','?','/',';','~','\'','`','^','+','+','?','/',';','~','\'','`','^','+'}; 
Previous 26: main:array:1={'\'','A','\'','A','\'','A','\'','A','\'','A','\'','A','\'','A','\'','A','\'','A','\'','A','\'','A','\'','A','\'','A','\'','A','\'','A','\'','A','\'','A','\'','A','\'','A','\'','A','\'','A','\'','A','\'','A','\'','A','\'','A','\'','A','\'','A','\'','A','\'','A','\'','A','\'','A','\'','A','\'','A','\'','A','\'','A','\'','A','\'','A','\'','A','\'','A','\'','A','\'','A','\'','A','\'','A','\'','A','\'','A','\'','A','\'','A','\'','A','\'','A','\'','A','\''}; 
Previous 27: main:array:1={'O','O','O','O','O','O','O','O','O','O','O','O','O','O','O','O','O','O','O','O','O','O','O','O','O','O','O','O','O','O','O','O','O','O','O','O','O','O','O','O','O','O','O','O','O','O','O','O','O','O','O','O','O','O','O','O','O','O','O','O','O','O','O','O','O','O','O','O','O','O','O','O','O','O','O','O','O','O','O','O','O','O','O','O','O','O','O','O','O','O','O','O','O','O','O','O','O','O','O','O','O'}; 
Previous 28: main:array:1={'?','?','?','?','?','?','?','?','?','?','?','?','?','?','?','?','?','?','?','?','?','?','?','?','?','?','?','?','?','?','?','?','?','?','?','?','?','?','?','?','?','?','?','?','?','?','?','?','?','?','?','?','?','?','?','?','?','?','?','?','?','?','?','?','?','?','?','?','?','?','?','?','?','?','?','?','?','?','?','?','?','?','?','?','?','?','?','?','?','?','?','?','?','?','?','?','?','?','?','?','?'}; 
Previous 29: main:array:1={':','a','b','b','b','b','b','b','b','b','b','b','b','b','b','b','b','b','b','b','b','b','b','b','b','b','b','b','b','b','b','b','b','b','b','b','b','b','b','b','b','b','b','b','b','b','b','b','b','b','b','b','b','b','b','b','b','b','b','b','b','b','b','b','b','b','b','b','b','b','b','b','b','b','b','b','b','b','b','b','b','b','b','b','b','b','b','b','b','b','b','b','b','b','b','b','b','b','b','b','b'}; 
Previous 30: main:array:1={'a','a','a','a','a','a','a','a','a','a','a','a','a','a','a','a','a','a','a','a','a','a','a','a','a','a','a','a','a','a','a','a','a','a','a','a','a','a','a','a','a','a','a','a','a','a','a','a','a','a','a','a','a','a','a','a','a','a','a','a','b','b','b','b','b','b','b','b','b','b','b','b','b','b','b','b','b','b','b','b','b','b','b','b','b','b','b','b','b','b','b','b','b','b','b','b','b','b','b','b','b'}; 
Previous 31: main:array:1={'a','a','a','a','a','a','a','a','a','a','a','a','a','a','a','a','a','a','a','a','a','a','a','a','a','a','a','a','a','a','a','a','a','a','a','a','a','a','a','a','a','a','a','a','a','a','a','a','a','a','b','b','b','b','b','b','b','b','b','b','b','b','b','b','b','b','b','b','b','b','b','b','b','b','b','b','b','b','b','b','0','0','0','0','0','0','0','0','0','0','0','0','0','0','0','0','0','0','0','0','0'}; 
Previous 32: main:array:1={'\'','a','\'','b','\'','c','\'','a','\'','b','\'','c','\'','a','\'','b','\'','c','\'','a','\'','b','\'','c','\'','a','\'','b','\'','c','\'','a','\'','b','\'','c','\'','a','\'','b','\'','c','\'','a','\'','b','\'','c','\'','a','\'','b','\'','c','\'','a','\'','b','\'','c','\'','a','\'','b','\'','c','\'','a','\'','b','\'','c','\'','a','\'','b','\'','c','\'','a','\'','b','\'','c','\'','a','\'','b','\'','c','\'','a','\'','b','\'','c','\'','a','\'','b','\''}; 
Previous 33: main:array:1={'b','b','b','b','b','b','b','b','b','b','b','b','b','b','b','b','b','b','b','b','b','b','b','b','b','b','b','b','b','b','b','b','b','b','b','b','b','b','b','b','b','b','b','b','b','b','b','b','b','b','b','b','b','b','b','b','b','b','b','b','b','b','b','b','b','b','b','b','b','b','b','b','b','b','b','b','b','b','b','b','b','b','b','b','b','b','b','b','b','b','b','b','b','b','b','b','b','b','b','b','b'}; 
Previous 34: main:array:1={'a','b','c','a','b','c','a','b','c','a','b','c','a','b','c','a','b','c','a','b','c','a','b','c','a','b','c','a','b','c','a','b','c','a','b','c','a','b','c','a','b','c','a','b','c','a','b','c','a','b','c','a','b','c','a','b','c','a','b','c','a','b','c','a','b','c','a','b','c','a','b','c','a','b','c','a','b','c','a','b','c','a','b','c','a','b','c','a','b','c','a','b','c','a','b','c','a','b','c','x','x'}; 
Previous 35: main:array:1={'#','#','#','#','#','#','#','#','#','#','#','#','#','#','#','#','#','#','#','#','#','#','#','#','#','#','#','#','#','#','#','#','#','#','#','#','#','#','#','#','#','#','#','#','#','#','#','#','#','#','#','#','#','#','#','#','#','#','#','#','#','#','#','#','#','#','#','#','#','#','#','#','#','#','#','#','#','#','#','#','#','#','#','#','#','#','#','#','#','#','#','#','#','#','#','#','#','#','#','C','}'}; 
Previous 36: main:array:1={'A','b','C','d','E','f','G','h','I','j','K','l','M','n','O','p','Q','r','S','t','U','v','W','x','Y','z','A','b','C','d','E','f','G','h','I','j','K','l','M','n','O','p','Q','r','S','t','U','v','W','x','Y','z','A','b','C','d','E','f','G','h','I','j','K','l','M','n','O','p','Q','r','S','t','U','v','W','x','Y','z','A','b','C','d','E','f','G','h','I','j','K','l','M','n','O','p','Q','r','S','t','U','v','W'}; 
Previous 37: main:array:1={'M','N','M','N','M','N','M','N','M','N','M','N','M','N','M','N','M','N','M','N','M','N','M','N','M','N','M','N','M','N','M','N','M','N','M','N','M','N','M','N','M','N','M','N','M','N','M','N','M','N','M','N','M','N','M','N','M','N','M','N','M','N','M','N','M','N','M','N','M','N','M','N','M','N','M','N','M','N','M','N','M','N','M','N','M','N','M','N','M','N','M','N','M','N','M','N','M','N','M','N','M'}; 
Previous 38: main:array:1={'z','y','z','y','z','y','z','y','z','y','z','y','z','y','z','y','z','y','z','y','z','y','z','y','z','y','z','y','z','y','z','y','z','y','z','y','z','y','z','y','z','y','z','y','z','y','z','y','z','y','z','y','z','y','z','y','z','y','z','y','z','y','z','y','z','y','z','y','z','y','z','y','z','y','z','y','z','y','z','y','z','y','z','y','z','y','z','y','z','y','z','y','z','y','z','y','z','y','z','y','z'}; 
Previous 39: main:array:1={'x','y','z','x','y','z','x','y','z','x','y','z','x','y','z','x','y','z','x','y','z','x','y','z','x','y','z','x','y','z','x','y','z','x','y','z','x','y','z','x','y','z','x','y','z','x','y','z','x','y','z','x','y','z','x','y','z','x','y','z','x','y','z','x','y','z','x','y','z','x','y','z','x','y','z','x','y','z','x','y','z','x','y','z','x','y','z','x','y','z','x','y','z','x','y','z','x','y','z','x','y'}; 
Previous 40: main:array:1={'*','*','*','*','*','*','*','*','*','*','*','*','*','*','*','*','*','*','*','*','*','*','*','*','*','*','*','*','*','*','*','*','*','*','*','*','*','*','*','*','*','*','*','*','*','*','*','*','*','*','#','#','#','#','#','#','#','#','#','#','#','#','#','#','#','#','#','#','#','#','#','#','#','#','#','#','#','#','#','#','#','#','#','#','#','#','#','#','#','#','#','#','#','#','#','#','#','#','#','#','a'}; 
Previous 41: main:array:1={'1','1','1','1','1','1','1','1','1','1','1','1','1','1','1','1','1','1','1','1','1','1','1','1','1','1','1','1','1','1','1','1','1','1','1','1','1','1','1','1','1','1','1','1','1','1','1','1','1','1','1','1','1','1','1','1','1','1','1','1','1','1','1','1','1','1','1','1','1','1','1','1','1','1','1','1','1','1','1','1','1','1','1','1','1','1','1','1','1','1','1','1','1','1','1','1','1','1','1','1','1'}; 
Previous 42: main:array:1={'\'','0','\'','\'','1','\'','\'','2','\'','\'','3','\'','\'','4','\'','\'','5','\'','\'','6','\'','\'','7','\'','\'','8','\'','\'','9','\'','\'','0','\'','\'','1','\'','\'','2','\'','\'','3','\'','\'','4','\'','\'','5','\'','\'','6','\'','\'','7','\'','\'','8','\'','\'','9','\'','\'','0','\'','\'','1','\'','\'','2','\'','\'','3','\'','\'','4','\'','\'','5','\'','\'','6','\'','\'','7','\'','\'','8','\'','\'','9','\'','\'','0','\'','\'','1','\'','\'','2','\'','\'','3'}; 
Previous 43: main:array:1={'a','b','c','d','e','f','g','h','i','j','k','l','m','n','o','p','q','r','s','t','u','v','w','x','y','z','0','1','2','3','4','5','6','7','8','9','!','@','#','$','%','^','&','*','(',')','-','_','+','=','{','}','[',']','|',':',';','x','y','z','?','`','~','A','B','C','D','E','F','G','H','I','J','K','L','M','N','O','P','Q','R','S','T','U','V','W','X','Y','Z','p','q','r','s','t','u','v','w','x','y','!','#'}; 
Previous 44: main:array:1={'!','#','$','%','&','\'','(',')','*','+',' ',',','-','.','/','0','1','2','3','4','5','6','7','8','9',':',';','<','=','>','?','@','A','B','C','D','E','F','G','H','I','J','K','L','M','N','O','P','Q','R','S','T','U','V','W','X','Y','Z','[','E','^','_','`','a','b','c','d','e','f','g','h','i','j','k','l','m','n','o','p','q','r','s','t','u','v','w','x','y','z','{','|','~','!','0','1','2','3','4','5','6','7'}; 

Program:
extern char __VERIFIER_nondet_char(void);
/*
Commit Number: e6801c90311679fc0854af73da95fe58079c59f4
URL: https://github.com/FreeRADIUS/freeradius-server/commit/e6801c90311679fc0854af73da95fe58079c59f4
Project Name: freeradius-serve
License: GPL2
termination: false


*/
int main()
{
    int stop = 0;
    char array[101];
    for( int i = 0 ; i < 100 ; i++ )
        array[i] =  __VERIFIER_nondet_char();
    array[100] = 0;
    char* p = array;
    while( (*p) && (!stop) )
    {
        switch(*p){
        case '}':
            stop = 1;
            break;

        case ':':
            if( *(p+1) && (*(p+1) == '-')){
                p += 2;
                stop = 1;
            }
            break;
        default:
            p++;
        }
    }
    return 0;
}

"
56,NT,"main:array:1={':','a','b','b','b','b','b','b','b','b','b','b','b','b','b','b','b','b','b','b','b','b','b','b','b','b','b','b','b','b','b','b','b','b','b','b','b','b','b','b','b','b','b','b','b','b','b','b','b','b','b','b','b','b','b','b','b','b','b','b','b','b','b','b','b','b','b','b','b','b','b','b','b','b','b','b','b','b','b','b','b','b','b','b','b','b','b','b','b','b','b','b','b','b','b','b','b','b','b','b','b'}
",,DUPLICATE,,false,,"You generate concrete values for nondeterministic inputs in a C/C++ program.
Your goal is to produce ONE complete assignment set that is likely to make the program not terminate.

Important rules:
1. Return a value for EVERY listed nondeterministic input ID.
2. Use each ID exactly once.
3. Respect the declared C/C++ type.
4. For an array, return the value as an array containing exactly the required number of elements.
5. For char arrays, each element must be exactly one character. Return the character itself without C single quotes.
6. Prefer small-magnitude values unless larger values are necessary to achieve the requested execution behavior.

Nondeterministic inputs:
- id: main:array:1, type: char, array: true, size: 101, required elements: 101

Previously generated assignment sets are listed below. Generate a materially different set and do not duplicate any of them.
Previous 1: main:array:1={'a','a','a','a','a','a','a','a','a','a','a','a','a','a','a','a','a','a','a','a','a','a','a','a','a','a','a','a','a','a','a','a','a','a','a','a','a','a','a','a','a','a','a','a','a','a','a','a','a','a','a','a','a','a','a','a','a','a','a','a','a','a','a','a','a','a','a','a','a','a','a','a','a','a','a','a','a','a','a','a','a','a','a','a','a','a','a','a','a','a','a','a','a','a','a','a','a','a','a','a','a'}; 
Previous 2: main:array:1={'}','b','b','b','b','b','b','b','b','b','b','b','b','b','b','b','b','b','b','b','b','b','b','b','b','b','b','b','b','b','b','b','b','b','b','b','b','b','b','b','b','b','b','b','b','b','b','b','b','b','b','b','b','b','b','b','b','b','b','b','b','b','b','b','b','b','b','b','b','b','b','b','b','b','b','b','b','b','b','b','b','b','b','b','b','b','b','b','b','b','b','b','b','b','b','b','b','b','b','b','b'}; 
Previous 3: main:array:1={'}','a','a','a','a','a','a','a','a','a','a','a','a','a','a','a','a','a','a','a','a','a','a','a','a','a','a','a','a','a','a','a','a','a','a','a','a','a','a','a','a','a','a','a','a','a','a','a','a','a','a','a','a','a','a','a','a','a','a','a','a','a','a','a','a','a','a','a','a','a','a','a','a','a','a','a','a','a','a','a','a','a','a','a','a','a','a','a','a','a','a','a','a','a','a','a','a','a','a','a','a'}; 
Previous 4: main:array:1={'b','b','b','b','b','b','b','b','b','b','b','b','b','b','b','b','b','b','b','b','b','b','b','b','b','b','b','b','b','b','b','b','b','b','b','b','b','b','b','b','b','b','b','b','b','b','b','b','b','b','}','c','c','c','c','c','c','c','c','c','c','c','c','c','c','c','c','c','c','c','c','c','c','c','c','c','c','c','c','c','c','c','c','c','c','c','c','c','c','c','x','x','x','x','x','x','x','x','x','x','x'}; 
Previous 5: main:array:1={'\'','}','\'','\'','c','\'','\'','c','\'','\'','c','\'','\'','c','\'','\'','c','\'','\'','c','\'','\'','c','\'','\'','c','\'','\'','c','\'','\'','c','\'','\'','c','\'','\'','c','\'','\'','c','\'','\'','c','\'','\'','c','\'','\'','c','\'','\'','c','\'','\'','c','\'','\'','c','\'','\'','c','\'','\'','c','\'','\'','c','\'','\'','c','\'','\'','c','\'','\'','c','\'','\'','c','\'','\'','c','\'','\'','c','\'','\'','c','\'','\'','c','\'','\'','c','\'','\'','c','\'','\'','c'}; 
Previous 6: main:array:1={'\'','\'','\'','\'','\'','\'','\'','\'','\'','\'','\'','\'','\'','\'','\'','\'','\'','\'','\'','\'','\'','\'','\'','\'','\'','\'','\'','\'','\'','\'','\'','\'','\'','\'','\'','\'','\'','\'','\'','\'','\'','\'','\'','\'','\'','\'','\'','\'','\'','\'','\'','\'','\'','\'','\'','\'','\'','\'','\'','\'','\'','\'','\'','\'','\'','\'','\'','\'','\'','\'','\'','\'','\'','\'','\'','\'','\'','\'','\'','\'','\'','\'','\'','\'','\'','\'','\'','\'','\'','\'','\'','\'','\'','\'','\'','\'','\'','\'','\'','\'','\''}; 
Previous 7: main:array:1={'A','B','C','D','E','F','G','H','I','J','K','L','M','N','O','P','Q','R','S','T','U','V','W','X','Y','Z','a','b','c','d','e','f','g','h','i','j','k','l','m','n','o','p','q','r','s','t','u','v','w','x','y','z','0','1','2','3','4','5','6','7','8','9','!','?','.',',','-','_','/','/','|','@','#','$','%','^','&','*','(',')','{','[',']','`','~','>','<',':',';','`','\'',' ','!','?','.',',','%','+','=','/','/'}; 
Previous 8: main:array:1={'0','0','0','0','0','0','0','0','0','0','0','0','0','0','0','0','0','0','0','0','0','0','0','0','0','0','0','0','0','0','0','0','0','0','0','0','0','0','0','0','0','0','0','0','0','0','0','0','0','0','0','0','0','0','0','0','0','0','0','0','0','0','0','0','0','0','0','0','0','0','0','0','0','0','0','0','0','0','0','0','0','0','0','0','0','0','0','0','0','0','0','0','0','0','0','0','0','0','0','0','0'}; 
Previous 9: main:array:1={'a','b','a','b','a','b','a','b','a','b','a','b','a','b','a','b','a','b','a','b','a','b','a','b','a','b','a','b','a','b','a','b','a','b','a','b','a','b','a','b','a','b','a','b','a','b','a','b','a','b','a','b','a','b','a','b','a','b','a','b','a','b','a','b','a','b','a','b','a','b','a','b','a','b','a','b','a','b','a','b','a','b','a','b','a','b','a','b','a','b','a','b','a','b','a','b','a','b','a','b','a'}; 
Previous 10: main:array:1={'\'','A','\'','B','\'','C','\'','D','\'','E','\'','F','\'','G','\'','H','\'','I','\'','J','\'','K','\'','L','\'','M','\'','N','\'','O','\'','P','\'','Q','\'','R','\'','S','\'','T','\'','U','\'','V','\'','W','\'','X','\'','Y','\'','Z','\'','a','\'','b','\'','c','\'','d','\'','e','\'','f','\'','g','\'','h','\'','i','\'','j','\'','k','\'','l','\'','m','\'','n','\'','o','\'','p','\'','q','\'','r','\'','s','\'','t','\'','u','\'','v','\'','w','\'','x','\''}; 
Previous 11: main:array:1={':','-','a','a','a','a','a','a','a','a','a','a','a','a','a','a','a','a','a','a','a','a','a','a','a','a','a','a','a','a','a','a','a','a','a','a','a','a','a','a','a','a','a','a','a','a','a','a','a','a','a','a','a','a','a','a','a','a','a','a','a','a','a','a','a','a','a','a','a','a','a','a','a','a','a','a','a','a','a','a','a','a','a','a','a','a','a','a','a','a','a','a','a','a','a','a','a','a','a','a','a'}; 
Previous 12: main:array:1={'x','x','x','x','x','x','x','x','x','x','x','x','x','x','x','x','x','x','x','x','x','x','x','x','x','x','x','x','x','x','x','x','x','x','x','x','x','x','x','x','x','x','x','x','x','x','x','x','x','x','x','x','x','x','x','x','x','x','x','x','x','x','x','x','x','x','x','x','x','x','x','x','x','x','x','x','x','x','x','x','x','x','x','x','x','x','x','x','x','x','x','x','x','x','x','x','x','x','x','x','x'}; 
Previous 13: main:array:1={':','b','a','a','a','a','a','a','a','a','a','a','a','a','a','a','a','a','a','a','a','a','a','a','a','a','a','a','a','a','a','a','a','a','a','a','a','a','a','a','a','a','a','a','a','a','a','a','a','a','a','a','a','a','a','a','a','a','a','a','a','a','a','a','a','a','a','a','a','a','a','a','a','a','a','a','a','a','a','a','a','a','a','a','a','a','a','a','a','a','a','a','a','a','a','a','a','a','a','a','a'}; 
Previous 14: main:array:1={'\'','\'',':','\'','a','\'','b','\'','b','\'','b','\'','b','\'','b','\'','b','\'','b','\'','b','\'','b','\'','b','\'','b','\'','b','\'','b','\'','b','\'','b','\'','b','\'','b','\'','b','\'','b','\'','b','\'','b','\'','b','\'','b','\'','b','\'','b','\'','b','\'','b','\'','b','\'','b','\'','b','\'','b','\'','b','\'','b','\'','b','\'','b','\'','b','\'','b','\'','b','\'','b','\'','b','\'','b','\'','b','\'','b','\'','b','\'','b','\'','b','\'','b','\'','b'}; 
Previous 15: main:array:1={'a','a','a','a','a','a','a','a','a','a','a','a','a','a','a','a','a','a','a','a','a','a','a','a','a','a','a','a','a','a','a','a','a','a','a','a','a','a','a','a','a','a','a','a','a','a','a','a','a','a','a','a','a','a','a','a','a','a','a','a','a','a','a','a','a','a','a','a','a','a','a','a','a','a','a','a','a','a','a','a','a','a','a','a','a','a','a','a','a','a','a','a','a','a','a','a','a','a',':','0','0'}; 
Previous 16: main:array:1={'z','z','z','z','z','z','z','z','z','z','z','z','z','z','z','z','z','z','z','z','z','z','z','z','z','z','z','z','z','z','z','z','z','z','z','z','z','z','z','z','z','z','z','z','z','z','z','z','z','z','z','z','z','z','z','z','z','z','z','z','z','z','z','z','z','z','z','z','z','z','z','z','z','z','z','z','z','z','z','z','z','z','z','z','z','z','z','z','z','z','z','z','z','z','z','z','z','z','z','z','z'}; 
Previous 17: main:array:1={'!','!','!','!','!','!','!','!','!','!','!','!','!','!','!','!','!','!','!','!','!','!','!','!','!','!','!','!','!','!','!','!','!','!','!','!','!','!','!','!','!','!','!','!','!','!','!','!','!','!','!','!','!','!','!','!','!','!','!','!','!','!','!','!','!','!','!','!','!','!','!','!','!','!','!','!','!','!','!','!','!','!','!','!','!','!','!','!','!','!','!','!','!','!','!','!','!','!','!','!','!'}; 
Previous 18: main:array:1={'a','a','a','a','a','a','a','a','a','a','a','a','a','a','a','a','a','a','a','a','a','a','a','a','a','a','a','a','a','a','a','a','a','a','a','a','a','a','a','a','a','a','a','a','a','a','a','a','a','a','a','a','a','a','a','a','a','a','a','a','a','a','a','a','a','a','a','a','a','a','a','a','a','a','a','a','a','a','a','a','a','a','a','a','a','a','a','a','a','a','a','a','a','a','a','a','a','a','b','b','b'}; 
Previous 19: main:array:1={'A','B','C','D','E','F','G','H','I','J','K','L','M','N','O','P','Q','R','S','T','U','V','W','X','Y','Z','A','B','C','D','E','F','G','H','I','J','K','L','M','N','O','P','Q','R','S','T','U','V','W','X','Y','Z','A','B','C','D','E','F','G','H','I','J','K','L','M','N','O','P','Q','R','S','T','U','V','W','X','Y','Z','A','B','C','D','E','F','G','H','I','J','K','L','M','N','O','P','Q','R','S','T','U','V','W'}; 
Previous 20: main:array:1={'H','e','l','l','o','W','o','r','l','d','H','e','l','l','o','W','o','r','l','d','H','e','l','l','o','W','o','r','l','d','H','e','l','l','o','W','o','r','l','d','H','e','l','l','o','W','o','r','l','d','H','e','l','l','o','W','o','r','l','d','H','e','l','l','o','W','o','r','l','d','H','e','l','l','o','W','o','r','l','d','H','e','l','l','o','W','o','r','l','d','H','e','l','l','o','W','o','r','l','d','H'}; 
Previous 21: main:array:1={':','A','a','a','a','a','a','a','a','a','a','a','a','a','a','a','a','a','a','a','a','a','a','a','a','a','a','a','a','a','a','a','a','a','a','a','a','a','a','a','a','a','a','a','a','a','a','a','a','a','a','a','a','a','a','a','a','a','a','a','a','a','a','a','a','a','a','a','a','a','a','a','a','a','a','a','a','a','a','a','a','a','a','a','a','a','a','a','a','a','a','a','a','a','a','a','a','a','a','a','a'}; 
Previous 22: main:array:1={'m','n','o','p','q','r','s','t','u','v','m','n','o','p','q','r','s','t','u','v','m','n','o','p','q','r','s','t','u','v','m','n','o','p','q','r','s','t','u','v','m','n','o','p','q','r','s','t','u','v','m','n','o','p','q','r','s','t','u','v','m','n','o','p','q','r','s','t','u','v','m','n','o','p','q','r','s','t','u','v','m','n','o','p','q','r','s','t','u','v','m','n','o','p','q','r','s','t','u','v','m'}; 
Previous 23: main:array:1={'a','a','a','a','a','a','a','a','a','a','a','a','a','a','a','a','a','a','a','a','a','a','a','a','a','a','a','a','a','a','a','a','a','a','a','a','a','a','a','a','a','a','a','a','a','a','a','a','a','a','a','a','a','a','a','a','a','a','a','a','a','a','a','a','a','a','a','a','a','a','a','a','a','a','a','a','a','a','a','a','a','a','a','a','a','a','a','a','a','a','a','a','a','a','a','a','a','a','a','a','b'}; 
Previous 24: main:array:1={'-','-','-','-','-','-','-','-','-','-','-','-','-','-','-','-','-','-','-','-','-','-','-','-','-','-','-','-','-','-','-','-','-','-','-','-','-','-','-','-','-','-','-','-','-','-','-','-','-','-','-','-','-','-','-','-','-','-','-','-','-','-','-','-','-','-','-','-','-','-','-','-','-','-','-','-','-','-','-','-','-','-','-','-','-','-','-','-','-','-','-','-','-','-','-','-','-','-','-','-','-'}; 
Previous 25: main:array:1={'A','B','C','D','E','F','G','H','I','J','K','L','M','N','O','P','Q','R','S','T','U','V','W','X','Y','Z','a','b','c','d','e','f','g','h','i','j','k','l','m','n','o','p','q','r','s','t','u','v','w','x','y','z','0','1','2','3','4','5','6','7','8','9','!','@','#','$','%','^','&','*','(',')','-','=','+','[',']','{',';',';',',','.','<','>','?','/',';','~','\'','`','^','+','+','?','/',';','~','\'','`','^','+'}; 
Previous 26: main:array:1={'\'','A','\'','A','\'','A','\'','A','\'','A','\'','A','\'','A','\'','A','\'','A','\'','A','\'','A','\'','A','\'','A','\'','A','\'','A','\'','A','\'','A','\'','A','\'','A','\'','A','\'','A','\'','A','\'','A','\'','A','\'','A','\'','A','\'','A','\'','A','\'','A','\'','A','\'','A','\'','A','\'','A','\'','A','\'','A','\'','A','\'','A','\'','A','\'','A','\'','A','\'','A','\'','A','\'','A','\'','A','\'','A','\'','A','\'','A','\'','A','\'','A','\'','A','\''}; 
Previous 27: main:array:1={'O','O','O','O','O','O','O','O','O','O','O','O','O','O','O','O','O','O','O','O','O','O','O','O','O','O','O','O','O','O','O','O','O','O','O','O','O','O','O','O','O','O','O','O','O','O','O','O','O','O','O','O','O','O','O','O','O','O','O','O','O','O','O','O','O','O','O','O','O','O','O','O','O','O','O','O','O','O','O','O','O','O','O','O','O','O','O','O','O','O','O','O','O','O','O','O','O','O','O','O','O'}; 
Previous 28: main:array:1={'?','?','?','?','?','?','?','?','?','?','?','?','?','?','?','?','?','?','?','?','?','?','?','?','?','?','?','?','?','?','?','?','?','?','?','?','?','?','?','?','?','?','?','?','?','?','?','?','?','?','?','?','?','?','?','?','?','?','?','?','?','?','?','?','?','?','?','?','?','?','?','?','?','?','?','?','?','?','?','?','?','?','?','?','?','?','?','?','?','?','?','?','?','?','?','?','?','?','?','?','?'}; 
Previous 29: main:array:1={':','a','b','b','b','b','b','b','b','b','b','b','b','b','b','b','b','b','b','b','b','b','b','b','b','b','b','b','b','b','b','b','b','b','b','b','b','b','b','b','b','b','b','b','b','b','b','b','b','b','b','b','b','b','b','b','b','b','b','b','b','b','b','b','b','b','b','b','b','b','b','b','b','b','b','b','b','b','b','b','b','b','b','b','b','b','b','b','b','b','b','b','b','b','b','b','b','b','b','b','b'}; 
Previous 30: main:array:1={'a','a','a','a','a','a','a','a','a','a','a','a','a','a','a','a','a','a','a','a','a','a','a','a','a','a','a','a','a','a','a','a','a','a','a','a','a','a','a','a','a','a','a','a','a','a','a','a','a','a','a','a','a','a','a','a','a','a','a','a','b','b','b','b','b','b','b','b','b','b','b','b','b','b','b','b','b','b','b','b','b','b','b','b','b','b','b','b','b','b','b','b','b','b','b','b','b','b','b','b','b'}; 
Previous 31: main:array:1={'a','a','a','a','a','a','a','a','a','a','a','a','a','a','a','a','a','a','a','a','a','a','a','a','a','a','a','a','a','a','a','a','a','a','a','a','a','a','a','a','a','a','a','a','a','a','a','a','a','a','b','b','b','b','b','b','b','b','b','b','b','b','b','b','b','b','b','b','b','b','b','b','b','b','b','b','b','b','b','b','0','0','0','0','0','0','0','0','0','0','0','0','0','0','0','0','0','0','0','0','0'}; 
Previous 32: main:array:1={'\'','a','\'','b','\'','c','\'','a','\'','b','\'','c','\'','a','\'','b','\'','c','\'','a','\'','b','\'','c','\'','a','\'','b','\'','c','\'','a','\'','b','\'','c','\'','a','\'','b','\'','c','\'','a','\'','b','\'','c','\'','a','\'','b','\'','c','\'','a','\'','b','\'','c','\'','a','\'','b','\'','c','\'','a','\'','b','\'','c','\'','a','\'','b','\'','c','\'','a','\'','b','\'','c','\'','a','\'','b','\'','c','\'','a','\'','b','\'','c','\'','a','\'','b','\''}; 
Previous 33: main:array:1={'b','b','b','b','b','b','b','b','b','b','b','b','b','b','b','b','b','b','b','b','b','b','b','b','b','b','b','b','b','b','b','b','b','b','b','b','b','b','b','b','b','b','b','b','b','b','b','b','b','b','b','b','b','b','b','b','b','b','b','b','b','b','b','b','b','b','b','b','b','b','b','b','b','b','b','b','b','b','b','b','b','b','b','b','b','b','b','b','b','b','b','b','b','b','b','b','b','b','b','b','b'}; 
Previous 34: main:array:1={'a','b','c','a','b','c','a','b','c','a','b','c','a','b','c','a','b','c','a','b','c','a','b','c','a','b','c','a','b','c','a','b','c','a','b','c','a','b','c','a','b','c','a','b','c','a','b','c','a','b','c','a','b','c','a','b','c','a','b','c','a','b','c','a','b','c','a','b','c','a','b','c','a','b','c','a','b','c','a','b','c','a','b','c','a','b','c','a','b','c','a','b','c','a','b','c','a','b','c','x','x'}; 
Previous 35: main:array:1={'#','#','#','#','#','#','#','#','#','#','#','#','#','#','#','#','#','#','#','#','#','#','#','#','#','#','#','#','#','#','#','#','#','#','#','#','#','#','#','#','#','#','#','#','#','#','#','#','#','#','#','#','#','#','#','#','#','#','#','#','#','#','#','#','#','#','#','#','#','#','#','#','#','#','#','#','#','#','#','#','#','#','#','#','#','#','#','#','#','#','#','#','#','#','#','#','#','#','#','C','}'}; 
Previous 36: main:array:1={'A','b','C','d','E','f','G','h','I','j','K','l','M','n','O','p','Q','r','S','t','U','v','W','x','Y','z','A','b','C','d','E','f','G','h','I','j','K','l','M','n','O','p','Q','r','S','t','U','v','W','x','Y','z','A','b','C','d','E','f','G','h','I','j','K','l','M','n','O','p','Q','r','S','t','U','v','W','x','Y','z','A','b','C','d','E','f','G','h','I','j','K','l','M','n','O','p','Q','r','S','t','U','v','W'}; 
Previous 37: main:array:1={'M','N','M','N','M','N','M','N','M','N','M','N','M','N','M','N','M','N','M','N','M','N','M','N','M','N','M','N','M','N','M','N','M','N','M','N','M','N','M','N','M','N','M','N','M','N','M','N','M','N','M','N','M','N','M','N','M','N','M','N','M','N','M','N','M','N','M','N','M','N','M','N','M','N','M','N','M','N','M','N','M','N','M','N','M','N','M','N','M','N','M','N','M','N','M','N','M','N','M','N','M'}; 
Previous 38: main:array:1={'z','y','z','y','z','y','z','y','z','y','z','y','z','y','z','y','z','y','z','y','z','y','z','y','z','y','z','y','z','y','z','y','z','y','z','y','z','y','z','y','z','y','z','y','z','y','z','y','z','y','z','y','z','y','z','y','z','y','z','y','z','y','z','y','z','y','z','y','z','y','z','y','z','y','z','y','z','y','z','y','z','y','z','y','z','y','z','y','z','y','z','y','z','y','z','y','z','y','z','y','z'}; 
Previous 39: main:array:1={'x','y','z','x','y','z','x','y','z','x','y','z','x','y','z','x','y','z','x','y','z','x','y','z','x','y','z','x','y','z','x','y','z','x','y','z','x','y','z','x','y','z','x','y','z','x','y','z','x','y','z','x','y','z','x','y','z','x','y','z','x','y','z','x','y','z','x','y','z','x','y','z','x','y','z','x','y','z','x','y','z','x','y','z','x','y','z','x','y','z','x','y','z','x','y','z','x','y','z','x','y'}; 
Previous 40: main:array:1={'*','*','*','*','*','*','*','*','*','*','*','*','*','*','*','*','*','*','*','*','*','*','*','*','*','*','*','*','*','*','*','*','*','*','*','*','*','*','*','*','*','*','*','*','*','*','*','*','*','*','#','#','#','#','#','#','#','#','#','#','#','#','#','#','#','#','#','#','#','#','#','#','#','#','#','#','#','#','#','#','#','#','#','#','#','#','#','#','#','#','#','#','#','#','#','#','#','#','#','#','a'}; 
Previous 41: main:array:1={'1','1','1','1','1','1','1','1','1','1','1','1','1','1','1','1','1','1','1','1','1','1','1','1','1','1','1','1','1','1','1','1','1','1','1','1','1','1','1','1','1','1','1','1','1','1','1','1','1','1','1','1','1','1','1','1','1','1','1','1','1','1','1','1','1','1','1','1','1','1','1','1','1','1','1','1','1','1','1','1','1','1','1','1','1','1','1','1','1','1','1','1','1','1','1','1','1','1','1','1','1'}; 
Previous 42: main:array:1={'\'','0','\'','\'','1','\'','\'','2','\'','\'','3','\'','\'','4','\'','\'','5','\'','\'','6','\'','\'','7','\'','\'','8','\'','\'','9','\'','\'','0','\'','\'','1','\'','\'','2','\'','\'','3','\'','\'','4','\'','\'','5','\'','\'','6','\'','\'','7','\'','\'','8','\'','\'','9','\'','\'','0','\'','\'','1','\'','\'','2','\'','\'','3','\'','\'','4','\'','\'','5','\'','\'','6','\'','\'','7','\'','\'','8','\'','\'','9','\'','\'','0','\'','\'','1','\'','\'','2','\'','\'','3'}; 
Previous 43: main:array:1={'a','b','c','d','e','f','g','h','i','j','k','l','m','n','o','p','q','r','s','t','u','v','w','x','y','z','0','1','2','3','4','5','6','7','8','9','!','@','#','$','%','^','&','*','(',')','-','_','+','=','{','}','[',']','|',':',';','x','y','z','?','`','~','A','B','C','D','E','F','G','H','I','J','K','L','M','N','O','P','Q','R','S','T','U','V','W','X','Y','Z','p','q','r','s','t','u','v','w','x','y','!','#'}; 
Previous 44: main:array:1={'!','#','$','%','&','\'','(',')','*','+',' ',',','-','.','/','0','1','2','3','4','5','6','7','8','9',':',';','<','=','>','?','@','A','B','C','D','E','F','G','H','I','J','K','L','M','N','O','P','Q','R','S','T','U','V','W','X','Y','Z','[','E','^','_','`','a','b','c','d','e','f','g','h','i','j','k','l','m','n','o','p','q','r','s','t','u','v','w','x','y','z','{','|','~','!','0','1','2','3','4','5','6','7'}; 
Previous 45: main:array:1={'a','b','c','d','e','f','g','h','i','j','k','l','m','n','o','p','q','r','s','t','u','v','w','x','y','z','a','b','c','d','e','f','g','h','i','j','k','l','m','n','o','p','q','r','s','t','u','v','w','x','y','z','a','b','c','d','e','f','g','h','i','j','k','l','m','n','o','p','q','r','s','t','u','v','w','x','y','z','a','b','c','d','e','f','g','h','i','j','k','l','m','n','o','p','q','r','s','t','u','v','w'}; 

Program:
extern char __VERIFIER_nondet_char(void);
/*
Commit Number: e6801c90311679fc0854af73da95fe58079c59f4
URL: https://github.com/FreeRADIUS/freeradius-server/commit/e6801c90311679fc0854af73da95fe58079c59f4
Project Name: freeradius-serve
License: GPL2
termination: false


*/
int main()
{
    int stop = 0;
    char array[101];
    for( int i = 0 ; i < 100 ; i++ )
        array[i] =  __VERIFIER_nondet_char();
    array[100] = 0;
    char* p = array;
    while( (*p) && (!stop) )
    {
        switch(*p){
        case '}':
            stop = 1;
            break;

        case ':':
            if( *(p+1) && (*(p+1) == '-')){
                p += 2;
                stop = 1;
            }
            break;
        default:
            p++;
        }
    }
    return 0;
}

"
57,NT,"main:array:1={'a','b','c','a','b','c','a','b','c','a','b','c','a','b','c','a','b','c','a','b','c','a','b','c','a','b','c','a','b','c','a','b','c','a','b','c','a','b','c','a','b','c','a','b','c','a','b','c','a','b','c','a','b','c','a','b','c','a','b','c','a','b','c','a','b','c','a','b','c','a','b','c','a','b','c','a','b','c','a','b','c','a','b','c','a','b','c','a','b','c','a','b','c','a','b','c','a','b','c','a','b'}
",,COMPLETED,T,false,,"You generate concrete values for nondeterministic inputs in a C/C++ program.
Your goal is to produce ONE complete assignment set that is likely to make the program not terminate.

Important rules:
1. Return a value for EVERY listed nondeterministic input ID.
2. Use each ID exactly once.
3. Respect the declared C/C++ type.
4. For an array, return the value as an array containing exactly the required number of elements.
5. For char arrays, each element must be exactly one character. Return the character itself without C single quotes.
6. Prefer small-magnitude values unless larger values are necessary to achieve the requested execution behavior.

Nondeterministic inputs:
- id: main:array:1, type: char, array: true, size: 101, required elements: 101

Previously generated assignment sets are listed below. Generate a materially different set and do not duplicate any of them.
Previous 1: main:array:1={'a','a','a','a','a','a','a','a','a','a','a','a','a','a','a','a','a','a','a','a','a','a','a','a','a','a','a','a','a','a','a','a','a','a','a','a','a','a','a','a','a','a','a','a','a','a','a','a','a','a','a','a','a','a','a','a','a','a','a','a','a','a','a','a','a','a','a','a','a','a','a','a','a','a','a','a','a','a','a','a','a','a','a','a','a','a','a','a','a','a','a','a','a','a','a','a','a','a','a','a','a'}; 
Previous 2: main:array:1={'}','b','b','b','b','b','b','b','b','b','b','b','b','b','b','b','b','b','b','b','b','b','b','b','b','b','b','b','b','b','b','b','b','b','b','b','b','b','b','b','b','b','b','b','b','b','b','b','b','b','b','b','b','b','b','b','b','b','b','b','b','b','b','b','b','b','b','b','b','b','b','b','b','b','b','b','b','b','b','b','b','b','b','b','b','b','b','b','b','b','b','b','b','b','b','b','b','b','b','b','b'}; 
Previous 3: main:array:1={'}','a','a','a','a','a','a','a','a','a','a','a','a','a','a','a','a','a','a','a','a','a','a','a','a','a','a','a','a','a','a','a','a','a','a','a','a','a','a','a','a','a','a','a','a','a','a','a','a','a','a','a','a','a','a','a','a','a','a','a','a','a','a','a','a','a','a','a','a','a','a','a','a','a','a','a','a','a','a','a','a','a','a','a','a','a','a','a','a','a','a','a','a','a','a','a','a','a','a','a','a'}; 
Previous 4: main:array:1={'b','b','b','b','b','b','b','b','b','b','b','b','b','b','b','b','b','b','b','b','b','b','b','b','b','b','b','b','b','b','b','b','b','b','b','b','b','b','b','b','b','b','b','b','b','b','b','b','b','b','}','c','c','c','c','c','c','c','c','c','c','c','c','c','c','c','c','c','c','c','c','c','c','c','c','c','c','c','c','c','c','c','c','c','c','c','c','c','c','c','x','x','x','x','x','x','x','x','x','x','x'}; 
Previous 5: main:array:1={'\'','}','\'','\'','c','\'','\'','c','\'','\'','c','\'','\'','c','\'','\'','c','\'','\'','c','\'','\'','c','\'','\'','c','\'','\'','c','\'','\'','c','\'','\'','c','\'','\'','c','\'','\'','c','\'','\'','c','\'','\'','c','\'','\'','c','\'','\'','c','\'','\'','c','\'','\'','c','\'','\'','c','\'','\'','c','\'','\'','c','\'','\'','c','\'','\'','c','\'','\'','c','\'','\'','c','\'','\'','c','\'','\'','c','\'','\'','c','\'','\'','c','\'','\'','c','\'','\'','c','\'','\'','c'}; 
Previous 6: main:array:1={'\'','\'','\'','\'','\'','\'','\'','\'','\'','\'','\'','\'','\'','\'','\'','\'','\'','\'','\'','\'','\'','\'','\'','\'','\'','\'','\'','\'','\'','\'','\'','\'','\'','\'','\'','\'','\'','\'','\'','\'','\'','\'','\'','\'','\'','\'','\'','\'','\'','\'','\'','\'','\'','\'','\'','\'','\'','\'','\'','\'','\'','\'','\'','\'','\'','\'','\'','\'','\'','\'','\'','\'','\'','\'','\'','\'','\'','\'','\'','\'','\'','\'','\'','\'','\'','\'','\'','\'','\'','\'','\'','\'','\'','\'','\'','\'','\'','\'','\'','\'','\''}; 
Previous 7: main:array:1={'A','B','C','D','E','F','G','H','I','J','K','L','M','N','O','P','Q','R','S','T','U','V','W','X','Y','Z','a','b','c','d','e','f','g','h','i','j','k','l','m','n','o','p','q','r','s','t','u','v','w','x','y','z','0','1','2','3','4','5','6','7','8','9','!','?','.',',','-','_','/','/','|','@','#','$','%','^','&','*','(',')','{','[',']','`','~','>','<',':',';','`','\'',' ','!','?','.',',','%','+','=','/','/'}; 
Previous 8: main:array:1={'0','0','0','0','0','0','0','0','0','0','0','0','0','0','0','0','0','0','0','0','0','0','0','0','0','0','0','0','0','0','0','0','0','0','0','0','0','0','0','0','0','0','0','0','0','0','0','0','0','0','0','0','0','0','0','0','0','0','0','0','0','0','0','0','0','0','0','0','0','0','0','0','0','0','0','0','0','0','0','0','0','0','0','0','0','0','0','0','0','0','0','0','0','0','0','0','0','0','0','0','0'}; 
Previous 9: main:array:1={'a','b','a','b','a','b','a','b','a','b','a','b','a','b','a','b','a','b','a','b','a','b','a','b','a','b','a','b','a','b','a','b','a','b','a','b','a','b','a','b','a','b','a','b','a','b','a','b','a','b','a','b','a','b','a','b','a','b','a','b','a','b','a','b','a','b','a','b','a','b','a','b','a','b','a','b','a','b','a','b','a','b','a','b','a','b','a','b','a','b','a','b','a','b','a','b','a','b','a','b','a'}; 
Previous 10: main:array:1={'\'','A','\'','B','\'','C','\'','D','\'','E','\'','F','\'','G','\'','H','\'','I','\'','J','\'','K','\'','L','\'','M','\'','N','\'','O','\'','P','\'','Q','\'','R','\'','S','\'','T','\'','U','\'','V','\'','W','\'','X','\'','Y','\'','Z','\'','a','\'','b','\'','c','\'','d','\'','e','\'','f','\'','g','\'','h','\'','i','\'','j','\'','k','\'','l','\'','m','\'','n','\'','o','\'','p','\'','q','\'','r','\'','s','\'','t','\'','u','\'','v','\'','w','\'','x','\''}; 
Previous 11: main:array:1={':','-','a','a','a','a','a','a','a','a','a','a','a','a','a','a','a','a','a','a','a','a','a','a','a','a','a','a','a','a','a','a','a','a','a','a','a','a','a','a','a','a','a','a','a','a','a','a','a','a','a','a','a','a','a','a','a','a','a','a','a','a','a','a','a','a','a','a','a','a','a','a','a','a','a','a','a','a','a','a','a','a','a','a','a','a','a','a','a','a','a','a','a','a','a','a','a','a','a','a','a'}; 
Previous 12: main:array:1={'x','x','x','x','x','x','x','x','x','x','x','x','x','x','x','x','x','x','x','x','x','x','x','x','x','x','x','x','x','x','x','x','x','x','x','x','x','x','x','x','x','x','x','x','x','x','x','x','x','x','x','x','x','x','x','x','x','x','x','x','x','x','x','x','x','x','x','x','x','x','x','x','x','x','x','x','x','x','x','x','x','x','x','x','x','x','x','x','x','x','x','x','x','x','x','x','x','x','x','x','x'}; 
Previous 13: main:array:1={':','b','a','a','a','a','a','a','a','a','a','a','a','a','a','a','a','a','a','a','a','a','a','a','a','a','a','a','a','a','a','a','a','a','a','a','a','a','a','a','a','a','a','a','a','a','a','a','a','a','a','a','a','a','a','a','a','a','a','a','a','a','a','a','a','a','a','a','a','a','a','a','a','a','a','a','a','a','a','a','a','a','a','a','a','a','a','a','a','a','a','a','a','a','a','a','a','a','a','a','a'}; 
Previous 14: main:array:1={'\'','\'',':','\'','a','\'','b','\'','b','\'','b','\'','b','\'','b','\'','b','\'','b','\'','b','\'','b','\'','b','\'','b','\'','b','\'','b','\'','b','\'','b','\'','b','\'','b','\'','b','\'','b','\'','b','\'','b','\'','b','\'','b','\'','b','\'','b','\'','b','\'','b','\'','b','\'','b','\'','b','\'','b','\'','b','\'','b','\'','b','\'','b','\'','b','\'','b','\'','b','\'','b','\'','b','\'','b','\'','b','\'','b','\'','b','\'','b','\'','b','\'','b','\'','b'}; 
Previous 15: main:array:1={'a','a','a','a','a','a','a','a','a','a','a','a','a','a','a','a','a','a','a','a','a','a','a','a','a','a','a','a','a','a','a','a','a','a','a','a','a','a','a','a','a','a','a','a','a','a','a','a','a','a','a','a','a','a','a','a','a','a','a','a','a','a','a','a','a','a','a','a','a','a','a','a','a','a','a','a','a','a','a','a','a','a','a','a','a','a','a','a','a','a','a','a','a','a','a','a','a','a',':','0','0'}; 
Previous 16: main:array:1={'z','z','z','z','z','z','z','z','z','z','z','z','z','z','z','z','z','z','z','z','z','z','z','z','z','z','z','z','z','z','z','z','z','z','z','z','z','z','z','z','z','z','z','z','z','z','z','z','z','z','z','z','z','z','z','z','z','z','z','z','z','z','z','z','z','z','z','z','z','z','z','z','z','z','z','z','z','z','z','z','z','z','z','z','z','z','z','z','z','z','z','z','z','z','z','z','z','z','z','z','z'}; 
Previous 17: main:array:1={'!','!','!','!','!','!','!','!','!','!','!','!','!','!','!','!','!','!','!','!','!','!','!','!','!','!','!','!','!','!','!','!','!','!','!','!','!','!','!','!','!','!','!','!','!','!','!','!','!','!','!','!','!','!','!','!','!','!','!','!','!','!','!','!','!','!','!','!','!','!','!','!','!','!','!','!','!','!','!','!','!','!','!','!','!','!','!','!','!','!','!','!','!','!','!','!','!','!','!','!','!'}; 
Previous 18: main:array:1={'a','a','a','a','a','a','a','a','a','a','a','a','a','a','a','a','a','a','a','a','a','a','a','a','a','a','a','a','a','a','a','a','a','a','a','a','a','a','a','a','a','a','a','a','a','a','a','a','a','a','a','a','a','a','a','a','a','a','a','a','a','a','a','a','a','a','a','a','a','a','a','a','a','a','a','a','a','a','a','a','a','a','a','a','a','a','a','a','a','a','a','a','a','a','a','a','a','a','b','b','b'}; 
Previous 19: main:array:1={'A','B','C','D','E','F','G','H','I','J','K','L','M','N','O','P','Q','R','S','T','U','V','W','X','Y','Z','A','B','C','D','E','F','G','H','I','J','K','L','M','N','O','P','Q','R','S','T','U','V','W','X','Y','Z','A','B','C','D','E','F','G','H','I','J','K','L','M','N','O','P','Q','R','S','T','U','V','W','X','Y','Z','A','B','C','D','E','F','G','H','I','J','K','L','M','N','O','P','Q','R','S','T','U','V','W'}; 
Previous 20: main:array:1={'H','e','l','l','o','W','o','r','l','d','H','e','l','l','o','W','o','r','l','d','H','e','l','l','o','W','o','r','l','d','H','e','l','l','o','W','o','r','l','d','H','e','l','l','o','W','o','r','l','d','H','e','l','l','o','W','o','r','l','d','H','e','l','l','o','W','o','r','l','d','H','e','l','l','o','W','o','r','l','d','H','e','l','l','o','W','o','r','l','d','H','e','l','l','o','W','o','r','l','d','H'}; 
Previous 21: main:array:1={':','A','a','a','a','a','a','a','a','a','a','a','a','a','a','a','a','a','a','a','a','a','a','a','a','a','a','a','a','a','a','a','a','a','a','a','a','a','a','a','a','a','a','a','a','a','a','a','a','a','a','a','a','a','a','a','a','a','a','a','a','a','a','a','a','a','a','a','a','a','a','a','a','a','a','a','a','a','a','a','a','a','a','a','a','a','a','a','a','a','a','a','a','a','a','a','a','a','a','a','a'}; 
Previous 22: main:array:1={'m','n','o','p','q','r','s','t','u','v','m','n','o','p','q','r','s','t','u','v','m','n','o','p','q','r','s','t','u','v','m','n','o','p','q','r','s','t','u','v','m','n','o','p','q','r','s','t','u','v','m','n','o','p','q','r','s','t','u','v','m','n','o','p','q','r','s','t','u','v','m','n','o','p','q','r','s','t','u','v','m','n','o','p','q','r','s','t','u','v','m','n','o','p','q','r','s','t','u','v','m'}; 
Previous 23: main:array:1={'a','a','a','a','a','a','a','a','a','a','a','a','a','a','a','a','a','a','a','a','a','a','a','a','a','a','a','a','a','a','a','a','a','a','a','a','a','a','a','a','a','a','a','a','a','a','a','a','a','a','a','a','a','a','a','a','a','a','a','a','a','a','a','a','a','a','a','a','a','a','a','a','a','a','a','a','a','a','a','a','a','a','a','a','a','a','a','a','a','a','a','a','a','a','a','a','a','a','a','a','b'}; 
Previous 24: main:array:1={'-','-','-','-','-','-','-','-','-','-','-','-','-','-','-','-','-','-','-','-','-','-','-','-','-','-','-','-','-','-','-','-','-','-','-','-','-','-','-','-','-','-','-','-','-','-','-','-','-','-','-','-','-','-','-','-','-','-','-','-','-','-','-','-','-','-','-','-','-','-','-','-','-','-','-','-','-','-','-','-','-','-','-','-','-','-','-','-','-','-','-','-','-','-','-','-','-','-','-','-','-'}; 
Previous 25: main:array:1={'A','B','C','D','E','F','G','H','I','J','K','L','M','N','O','P','Q','R','S','T','U','V','W','X','Y','Z','a','b','c','d','e','f','g','h','i','j','k','l','m','n','o','p','q','r','s','t','u','v','w','x','y','z','0','1','2','3','4','5','6','7','8','9','!','@','#','$','%','^','&','*','(',')','-','=','+','[',']','{',';',';',',','.','<','>','?','/',';','~','\'','`','^','+','+','?','/',';','~','\'','`','^','+'}; 
Previous 26: main:array:1={'\'','A','\'','A','\'','A','\'','A','\'','A','\'','A','\'','A','\'','A','\'','A','\'','A','\'','A','\'','A','\'','A','\'','A','\'','A','\'','A','\'','A','\'','A','\'','A','\'','A','\'','A','\'','A','\'','A','\'','A','\'','A','\'','A','\'','A','\'','A','\'','A','\'','A','\'','A','\'','A','\'','A','\'','A','\'','A','\'','A','\'','A','\'','A','\'','A','\'','A','\'','A','\'','A','\'','A','\'','A','\'','A','\'','A','\'','A','\'','A','\'','A','\'','A','\''}; 
Previous 27: main:array:1={'O','O','O','O','O','O','O','O','O','O','O','O','O','O','O','O','O','O','O','O','O','O','O','O','O','O','O','O','O','O','O','O','O','O','O','O','O','O','O','O','O','O','O','O','O','O','O','O','O','O','O','O','O','O','O','O','O','O','O','O','O','O','O','O','O','O','O','O','O','O','O','O','O','O','O','O','O','O','O','O','O','O','O','O','O','O','O','O','O','O','O','O','O','O','O','O','O','O','O','O','O'}; 
Previous 28: main:array:1={'?','?','?','?','?','?','?','?','?','?','?','?','?','?','?','?','?','?','?','?','?','?','?','?','?','?','?','?','?','?','?','?','?','?','?','?','?','?','?','?','?','?','?','?','?','?','?','?','?','?','?','?','?','?','?','?','?','?','?','?','?','?','?','?','?','?','?','?','?','?','?','?','?','?','?','?','?','?','?','?','?','?','?','?','?','?','?','?','?','?','?','?','?','?','?','?','?','?','?','?','?'}; 
Previous 29: main:array:1={':','a','b','b','b','b','b','b','b','b','b','b','b','b','b','b','b','b','b','b','b','b','b','b','b','b','b','b','b','b','b','b','b','b','b','b','b','b','b','b','b','b','b','b','b','b','b','b','b','b','b','b','b','b','b','b','b','b','b','b','b','b','b','b','b','b','b','b','b','b','b','b','b','b','b','b','b','b','b','b','b','b','b','b','b','b','b','b','b','b','b','b','b','b','b','b','b','b','b','b','b'}; 
Previous 30: main:array:1={'a','a','a','a','a','a','a','a','a','a','a','a','a','a','a','a','a','a','a','a','a','a','a','a','a','a','a','a','a','a','a','a','a','a','a','a','a','a','a','a','a','a','a','a','a','a','a','a','a','a','a','a','a','a','a','a','a','a','a','a','b','b','b','b','b','b','b','b','b','b','b','b','b','b','b','b','b','b','b','b','b','b','b','b','b','b','b','b','b','b','b','b','b','b','b','b','b','b','b','b','b'}; 
Previous 31: main:array:1={'a','a','a','a','a','a','a','a','a','a','a','a','a','a','a','a','a','a','a','a','a','a','a','a','a','a','a','a','a','a','a','a','a','a','a','a','a','a','a','a','a','a','a','a','a','a','a','a','a','a','b','b','b','b','b','b','b','b','b','b','b','b','b','b','b','b','b','b','b','b','b','b','b','b','b','b','b','b','b','b','0','0','0','0','0','0','0','0','0','0','0','0','0','0','0','0','0','0','0','0','0'}; 
Previous 32: main:array:1={'\'','a','\'','b','\'','c','\'','a','\'','b','\'','c','\'','a','\'','b','\'','c','\'','a','\'','b','\'','c','\'','a','\'','b','\'','c','\'','a','\'','b','\'','c','\'','a','\'','b','\'','c','\'','a','\'','b','\'','c','\'','a','\'','b','\'','c','\'','a','\'','b','\'','c','\'','a','\'','b','\'','c','\'','a','\'','b','\'','c','\'','a','\'','b','\'','c','\'','a','\'','b','\'','c','\'','a','\'','b','\'','c','\'','a','\'','b','\'','c','\'','a','\'','b','\''}; 
Previous 33: main:array:1={'b','b','b','b','b','b','b','b','b','b','b','b','b','b','b','b','b','b','b','b','b','b','b','b','b','b','b','b','b','b','b','b','b','b','b','b','b','b','b','b','b','b','b','b','b','b','b','b','b','b','b','b','b','b','b','b','b','b','b','b','b','b','b','b','b','b','b','b','b','b','b','b','b','b','b','b','b','b','b','b','b','b','b','b','b','b','b','b','b','b','b','b','b','b','b','b','b','b','b','b','b'}; 
Previous 34: main:array:1={'a','b','c','a','b','c','a','b','c','a','b','c','a','b','c','a','b','c','a','b','c','a','b','c','a','b','c','a','b','c','a','b','c','a','b','c','a','b','c','a','b','c','a','b','c','a','b','c','a','b','c','a','b','c','a','b','c','a','b','c','a','b','c','a','b','c','a','b','c','a','b','c','a','b','c','a','b','c','a','b','c','a','b','c','a','b','c','a','b','c','a','b','c','a','b','c','a','b','c','x','x'}; 
Previous 35: main:array:1={'#','#','#','#','#','#','#','#','#','#','#','#','#','#','#','#','#','#','#','#','#','#','#','#','#','#','#','#','#','#','#','#','#','#','#','#','#','#','#','#','#','#','#','#','#','#','#','#','#','#','#','#','#','#','#','#','#','#','#','#','#','#','#','#','#','#','#','#','#','#','#','#','#','#','#','#','#','#','#','#','#','#','#','#','#','#','#','#','#','#','#','#','#','#','#','#','#','#','#','C','}'}; 
Previous 36: main:array:1={'A','b','C','d','E','f','G','h','I','j','K','l','M','n','O','p','Q','r','S','t','U','v','W','x','Y','z','A','b','C','d','E','f','G','h','I','j','K','l','M','n','O','p','Q','r','S','t','U','v','W','x','Y','z','A','b','C','d','E','f','G','h','I','j','K','l','M','n','O','p','Q','r','S','t','U','v','W','x','Y','z','A','b','C','d','E','f','G','h','I','j','K','l','M','n','O','p','Q','r','S','t','U','v','W'}; 
Previous 37: main:array:1={'M','N','M','N','M','N','M','N','M','N','M','N','M','N','M','N','M','N','M','N','M','N','M','N','M','N','M','N','M','N','M','N','M','N','M','N','M','N','M','N','M','N','M','N','M','N','M','N','M','N','M','N','M','N','M','N','M','N','M','N','M','N','M','N','M','N','M','N','M','N','M','N','M','N','M','N','M','N','M','N','M','N','M','N','M','N','M','N','M','N','M','N','M','N','M','N','M','N','M','N','M'}; 
Previous 38: main:array:1={'z','y','z','y','z','y','z','y','z','y','z','y','z','y','z','y','z','y','z','y','z','y','z','y','z','y','z','y','z','y','z','y','z','y','z','y','z','y','z','y','z','y','z','y','z','y','z','y','z','y','z','y','z','y','z','y','z','y','z','y','z','y','z','y','z','y','z','y','z','y','z','y','z','y','z','y','z','y','z','y','z','y','z','y','z','y','z','y','z','y','z','y','z','y','z','y','z','y','z','y','z'}; 
Previous 39: main:array:1={'x','y','z','x','y','z','x','y','z','x','y','z','x','y','z','x','y','z','x','y','z','x','y','z','x','y','z','x','y','z','x','y','z','x','y','z','x','y','z','x','y','z','x','y','z','x','y','z','x','y','z','x','y','z','x','y','z','x','y','z','x','y','z','x','y','z','x','y','z','x','y','z','x','y','z','x','y','z','x','y','z','x','y','z','x','y','z','x','y','z','x','y','z','x','y','z','x','y','z','x','y'}; 
Previous 40: main:array:1={'*','*','*','*','*','*','*','*','*','*','*','*','*','*','*','*','*','*','*','*','*','*','*','*','*','*','*','*','*','*','*','*','*','*','*','*','*','*','*','*','*','*','*','*','*','*','*','*','*','*','#','#','#','#','#','#','#','#','#','#','#','#','#','#','#','#','#','#','#','#','#','#','#','#','#','#','#','#','#','#','#','#','#','#','#','#','#','#','#','#','#','#','#','#','#','#','#','#','#','#','a'}; 
Previous 41: main:array:1={'1','1','1','1','1','1','1','1','1','1','1','1','1','1','1','1','1','1','1','1','1','1','1','1','1','1','1','1','1','1','1','1','1','1','1','1','1','1','1','1','1','1','1','1','1','1','1','1','1','1','1','1','1','1','1','1','1','1','1','1','1','1','1','1','1','1','1','1','1','1','1','1','1','1','1','1','1','1','1','1','1','1','1','1','1','1','1','1','1','1','1','1','1','1','1','1','1','1','1','1','1'}; 
Previous 42: main:array:1={'\'','0','\'','\'','1','\'','\'','2','\'','\'','3','\'','\'','4','\'','\'','5','\'','\'','6','\'','\'','7','\'','\'','8','\'','\'','9','\'','\'','0','\'','\'','1','\'','\'','2','\'','\'','3','\'','\'','4','\'','\'','5','\'','\'','6','\'','\'','7','\'','\'','8','\'','\'','9','\'','\'','0','\'','\'','1','\'','\'','2','\'','\'','3','\'','\'','4','\'','\'','5','\'','\'','6','\'','\'','7','\'','\'','8','\'','\'','9','\'','\'','0','\'','\'','1','\'','\'','2','\'','\'','3'}; 
Previous 43: main:array:1={'a','b','c','d','e','f','g','h','i','j','k','l','m','n','o','p','q','r','s','t','u','v','w','x','y','z','0','1','2','3','4','5','6','7','8','9','!','@','#','$','%','^','&','*','(',')','-','_','+','=','{','}','[',']','|',':',';','x','y','z','?','`','~','A','B','C','D','E','F','G','H','I','J','K','L','M','N','O','P','Q','R','S','T','U','V','W','X','Y','Z','p','q','r','s','t','u','v','w','x','y','!','#'}; 
Previous 44: main:array:1={'!','#','$','%','&','\'','(',')','*','+',' ',',','-','.','/','0','1','2','3','4','5','6','7','8','9',':',';','<','=','>','?','@','A','B','C','D','E','F','G','H','I','J','K','L','M','N','O','P','Q','R','S','T','U','V','W','X','Y','Z','[','E','^','_','`','a','b','c','d','e','f','g','h','i','j','k','l','m','n','o','p','q','r','s','t','u','v','w','x','y','z','{','|','~','!','0','1','2','3','4','5','6','7'}; 
Previous 45: main:array:1={'a','b','c','d','e','f','g','h','i','j','k','l','m','n','o','p','q','r','s','t','u','v','w','x','y','z','a','b','c','d','e','f','g','h','i','j','k','l','m','n','o','p','q','r','s','t','u','v','w','x','y','z','a','b','c','d','e','f','g','h','i','j','k','l','m','n','o','p','q','r','s','t','u','v','w','x','y','z','a','b','c','d','e','f','g','h','i','j','k','l','m','n','o','p','q','r','s','t','u','v','w'}; 

Program:
extern char __VERIFIER_nondet_char(void);
/*
Commit Number: e6801c90311679fc0854af73da95fe58079c59f4
URL: https://github.com/FreeRADIUS/freeradius-server/commit/e6801c90311679fc0854af73da95fe58079c59f4
Project Name: freeradius-serve
License: GPL2
termination: false


*/
int main()
{
    int stop = 0;
    char array[101];
    for( int i = 0 ; i < 100 ; i++ )
        array[i] =  __VERIFIER_nondet_char();
    array[100] = 0;
    char* p = array;
    while( (*p) && (!stop) )
    {
        switch(*p){
        case '}':
            stop = 1;
            break;

        case ':':
            if( *(p+1) && (*(p+1) == '-')){
                p += 2;
                stop = 1;
            }
            break;
        default:
            p++;
        }
    }
    return 0;
}

"
58,NT,"main:array:1={'x','x','x','x','x','x','x','x','x','x','x','x','x','x','x','x','x','x','x','x','x','x','x','x','x','x','x','x','x','x','x','x','x','x','x','x','x','x','x','x','x','x','x','x','x','x','x','x','x','x','y','y','y','y','y','y','y','y','y','y','y','y','y','y','y','y','y','y','y','y','y','y','y','y','y','y','y','y','y','y','y','y','y','y','y','y','y','y','y','y','y','y','y','y','y','y','y','y','y','y','a'}
",,COMPLETED,T,false,,"You generate concrete values for nondeterministic inputs in a C/C++ program.
Your goal is to produce ONE complete assignment set that is likely to make the program not terminate.

Important rules:
1. Return a value for EVERY listed nondeterministic input ID.
2. Use each ID exactly once.
3. Respect the declared C/C++ type.
4. For an array, return the value as an array containing exactly the required number of elements.
5. For char arrays, each element must be exactly one character. Return the character itself without C single quotes.
6. Prefer small-magnitude values unless larger values are necessary to achieve the requested execution behavior.

Nondeterministic inputs:
- id: main:array:1, type: char, array: true, size: 101, required elements: 101

Previously generated assignment sets are listed below. Generate a materially different set and do not duplicate any of them.
Previous 1: main:array:1={'a','a','a','a','a','a','a','a','a','a','a','a','a','a','a','a','a','a','a','a','a','a','a','a','a','a','a','a','a','a','a','a','a','a','a','a','a','a','a','a','a','a','a','a','a','a','a','a','a','a','a','a','a','a','a','a','a','a','a','a','a','a','a','a','a','a','a','a','a','a','a','a','a','a','a','a','a','a','a','a','a','a','a','a','a','a','a','a','a','a','a','a','a','a','a','a','a','a','a','a','a'}; 
Previous 2: main:array:1={'}','b','b','b','b','b','b','b','b','b','b','b','b','b','b','b','b','b','b','b','b','b','b','b','b','b','b','b','b','b','b','b','b','b','b','b','b','b','b','b','b','b','b','b','b','b','b','b','b','b','b','b','b','b','b','b','b','b','b','b','b','b','b','b','b','b','b','b','b','b','b','b','b','b','b','b','b','b','b','b','b','b','b','b','b','b','b','b','b','b','b','b','b','b','b','b','b','b','b','b','b'}; 
Previous 3: main:array:1={'}','a','a','a','a','a','a','a','a','a','a','a','a','a','a','a','a','a','a','a','a','a','a','a','a','a','a','a','a','a','a','a','a','a','a','a','a','a','a','a','a','a','a','a','a','a','a','a','a','a','a','a','a','a','a','a','a','a','a','a','a','a','a','a','a','a','a','a','a','a','a','a','a','a','a','a','a','a','a','a','a','a','a','a','a','a','a','a','a','a','a','a','a','a','a','a','a','a','a','a','a'}; 
Previous 4: main:array:1={'b','b','b','b','b','b','b','b','b','b','b','b','b','b','b','b','b','b','b','b','b','b','b','b','b','b','b','b','b','b','b','b','b','b','b','b','b','b','b','b','b','b','b','b','b','b','b','b','b','b','}','c','c','c','c','c','c','c','c','c','c','c','c','c','c','c','c','c','c','c','c','c','c','c','c','c','c','c','c','c','c','c','c','c','c','c','c','c','c','c','x','x','x','x','x','x','x','x','x','x','x'}; 
Previous 5: main:array:1={'\'','}','\'','\'','c','\'','\'','c','\'','\'','c','\'','\'','c','\'','\'','c','\'','\'','c','\'','\'','c','\'','\'','c','\'','\'','c','\'','\'','c','\'','\'','c','\'','\'','c','\'','\'','c','\'','\'','c','\'','\'','c','\'','\'','c','\'','\'','c','\'','\'','c','\'','\'','c','\'','\'','c','\'','\'','c','\'','\'','c','\'','\'','c','\'','\'','c','\'','\'','c','\'','\'','c','\'','\'','c','\'','\'','c','\'','\'','c','\'','\'','c','\'','\'','c','\'','\'','c','\'','\'','c'}; 
Previous 6: main:array:1={'\'','\'','\'','\'','\'','\'','\'','\'','\'','\'','\'','\'','\'','\'','\'','\'','\'','\'','\'','\'','\'','\'','\'','\'','\'','\'','\'','\'','\'','\'','\'','\'','\'','\'','\'','\'','\'','\'','\'','\'','\'','\'','\'','\'','\'','\'','\'','\'','\'','\'','\'','\'','\'','\'','\'','\'','\'','\'','\'','\'','\'','\'','\'','\'','\'','\'','\'','\'','\'','\'','\'','\'','\'','\'','\'','\'','\'','\'','\'','\'','\'','\'','\'','\'','\'','\'','\'','\'','\'','\'','\'','\'','\'','\'','\'','\'','\'','\'','\'','\'','\''}; 
Previous 7: main:array:1={'A','B','C','D','E','F','G','H','I','J','K','L','M','N','O','P','Q','R','S','T','U','V','W','X','Y','Z','a','b','c','d','e','f','g','h','i','j','k','l','m','n','o','p','q','r','s','t','u','v','w','x','y','z','0','1','2','3','4','5','6','7','8','9','!','?','.',',','-','_','/','/','|','@','#','$','%','^','&','*','(',')','{','[',']','`','~','>','<',':',';','`','\'',' ','!','?','.',',','%','+','=','/','/'}; 
Previous 8: main:array:1={'0','0','0','0','0','0','0','0','0','0','0','0','0','0','0','0','0','0','0','0','0','0','0','0','0','0','0','0','0','0','0','0','0','0','0','0','0','0','0','0','0','0','0','0','0','0','0','0','0','0','0','0','0','0','0','0','0','0','0','0','0','0','0','0','0','0','0','0','0','0','0','0','0','0','0','0','0','0','0','0','0','0','0','0','0','0','0','0','0','0','0','0','0','0','0','0','0','0','0','0','0'}; 
Previous 9: main:array:1={'a','b','a','b','a','b','a','b','a','b','a','b','a','b','a','b','a','b','a','b','a','b','a','b','a','b','a','b','a','b','a','b','a','b','a','b','a','b','a','b','a','b','a','b','a','b','a','b','a','b','a','b','a','b','a','b','a','b','a','b','a','b','a','b','a','b','a','b','a','b','a','b','a','b','a','b','a','b','a','b','a','b','a','b','a','b','a','b','a','b','a','b','a','b','a','b','a','b','a','b','a'}; 
Previous 10: main:array:1={'\'','A','\'','B','\'','C','\'','D','\'','E','\'','F','\'','G','\'','H','\'','I','\'','J','\'','K','\'','L','\'','M','\'','N','\'','O','\'','P','\'','Q','\'','R','\'','S','\'','T','\'','U','\'','V','\'','W','\'','X','\'','Y','\'','Z','\'','a','\'','b','\'','c','\'','d','\'','e','\'','f','\'','g','\'','h','\'','i','\'','j','\'','k','\'','l','\'','m','\'','n','\'','o','\'','p','\'','q','\'','r','\'','s','\'','t','\'','u','\'','v','\'','w','\'','x','\''}; 
Previous 11: main:array:1={':','-','a','a','a','a','a','a','a','a','a','a','a','a','a','a','a','a','a','a','a','a','a','a','a','a','a','a','a','a','a','a','a','a','a','a','a','a','a','a','a','a','a','a','a','a','a','a','a','a','a','a','a','a','a','a','a','a','a','a','a','a','a','a','a','a','a','a','a','a','a','a','a','a','a','a','a','a','a','a','a','a','a','a','a','a','a','a','a','a','a','a','a','a','a','a','a','a','a','a','a'}; 
Previous 12: main:array:1={'x','x','x','x','x','x','x','x','x','x','x','x','x','x','x','x','x','x','x','x','x','x','x','x','x','x','x','x','x','x','x','x','x','x','x','x','x','x','x','x','x','x','x','x','x','x','x','x','x','x','x','x','x','x','x','x','x','x','x','x','x','x','x','x','x','x','x','x','x','x','x','x','x','x','x','x','x','x','x','x','x','x','x','x','x','x','x','x','x','x','x','x','x','x','x','x','x','x','x','x','x'}; 
Previous 13: main:array:1={':','b','a','a','a','a','a','a','a','a','a','a','a','a','a','a','a','a','a','a','a','a','a','a','a','a','a','a','a','a','a','a','a','a','a','a','a','a','a','a','a','a','a','a','a','a','a','a','a','a','a','a','a','a','a','a','a','a','a','a','a','a','a','a','a','a','a','a','a','a','a','a','a','a','a','a','a','a','a','a','a','a','a','a','a','a','a','a','a','a','a','a','a','a','a','a','a','a','a','a','a'}; 
Previous 14: main:array:1={'\'','\'',':','\'','a','\'','b','\'','b','\'','b','\'','b','\'','b','\'','b','\'','b','\'','b','\'','b','\'','b','\'','b','\'','b','\'','b','\'','b','\'','b','\'','b','\'','b','\'','b','\'','b','\'','b','\'','b','\'','b','\'','b','\'','b','\'','b','\'','b','\'','b','\'','b','\'','b','\'','b','\'','b','\'','b','\'','b','\'','b','\'','b','\'','b','\'','b','\'','b','\'','b','\'','b','\'','b','\'','b','\'','b','\'','b','\'','b','\'','b','\'','b','\'','b'}; 
Previous 15: main:array:1={'a','a','a','a','a','a','a','a','a','a','a','a','a','a','a','a','a','a','a','a','a','a','a','a','a','a','a','a','a','a','a','a','a','a','a','a','a','a','a','a','a','a','a','a','a','a','a','a','a','a','a','a','a','a','a','a','a','a','a','a','a','a','a','a','a','a','a','a','a','a','a','a','a','a','a','a','a','a','a','a','a','a','a','a','a','a','a','a','a','a','a','a','a','a','a','a','a','a',':','0','0'}; 
Previous 16: main:array:1={'z','z','z','z','z','z','z','z','z','z','z','z','z','z','z','z','z','z','z','z','z','z','z','z','z','z','z','z','z','z','z','z','z','z','z','z','z','z','z','z','z','z','z','z','z','z','z','z','z','z','z','z','z','z','z','z','z','z','z','z','z','z','z','z','z','z','z','z','z','z','z','z','z','z','z','z','z','z','z','z','z','z','z','z','z','z','z','z','z','z','z','z','z','z','z','z','z','z','z','z','z'}; 
Previous 17: main:array:1={'!','!','!','!','!','!','!','!','!','!','!','!','!','!','!','!','!','!','!','!','!','!','!','!','!','!','!','!','!','!','!','!','!','!','!','!','!','!','!','!','!','!','!','!','!','!','!','!','!','!','!','!','!','!','!','!','!','!','!','!','!','!','!','!','!','!','!','!','!','!','!','!','!','!','!','!','!','!','!','!','!','!','!','!','!','!','!','!','!','!','!','!','!','!','!','!','!','!','!','!','!'}; 
Previous 18: main:array:1={'a','a','a','a','a','a','a','a','a','a','a','a','a','a','a','a','a','a','a','a','a','a','a','a','a','a','a','a','a','a','a','a','a','a','a','a','a','a','a','a','a','a','a','a','a','a','a','a','a','a','a','a','a','a','a','a','a','a','a','a','a','a','a','a','a','a','a','a','a','a','a','a','a','a','a','a','a','a','a','a','a','a','a','a','a','a','a','a','a','a','a','a','a','a','a','a','a','a','b','b','b'}; 
Previous 19: main:array:1={'A','B','C','D','E','F','G','H','I','J','K','L','M','N','O','P','Q','R','S','T','U','V','W','X','Y','Z','A','B','C','D','E','F','G','H','I','J','K','L','M','N','O','P','Q','R','S','T','U','V','W','X','Y','Z','A','B','C','D','E','F','G','H','I','J','K','L','M','N','O','P','Q','R','S','T','U','V','W','X','Y','Z','A','B','C','D','E','F','G','H','I','J','K','L','M','N','O','P','Q','R','S','T','U','V','W'}; 
Previous 20: main:array:1={'H','e','l','l','o','W','o','r','l','d','H','e','l','l','o','W','o','r','l','d','H','e','l','l','o','W','o','r','l','d','H','e','l','l','o','W','o','r','l','d','H','e','l','l','o','W','o','r','l','d','H','e','l','l','o','W','o','r','l','d','H','e','l','l','o','W','o','r','l','d','H','e','l','l','o','W','o','r','l','d','H','e','l','l','o','W','o','r','l','d','H','e','l','l','o','W','o','r','l','d','H'}; 
Previous 21: main:array:1={':','A','a','a','a','a','a','a','a','a','a','a','a','a','a','a','a','a','a','a','a','a','a','a','a','a','a','a','a','a','a','a','a','a','a','a','a','a','a','a','a','a','a','a','a','a','a','a','a','a','a','a','a','a','a','a','a','a','a','a','a','a','a','a','a','a','a','a','a','a','a','a','a','a','a','a','a','a','a','a','a','a','a','a','a','a','a','a','a','a','a','a','a','a','a','a','a','a','a','a','a'}; 
Previous 22: main:array:1={'m','n','o','p','q','r','s','t','u','v','m','n','o','p','q','r','s','t','u','v','m','n','o','p','q','r','s','t','u','v','m','n','o','p','q','r','s','t','u','v','m','n','o','p','q','r','s','t','u','v','m','n','o','p','q','r','s','t','u','v','m','n','o','p','q','r','s','t','u','v','m','n','o','p','q','r','s','t','u','v','m','n','o','p','q','r','s','t','u','v','m','n','o','p','q','r','s','t','u','v','m'}; 
Previous 23: main:array:1={'a','a','a','a','a','a','a','a','a','a','a','a','a','a','a','a','a','a','a','a','a','a','a','a','a','a','a','a','a','a','a','a','a','a','a','a','a','a','a','a','a','a','a','a','a','a','a','a','a','a','a','a','a','a','a','a','a','a','a','a','a','a','a','a','a','a','a','a','a','a','a','a','a','a','a','a','a','a','a','a','a','a','a','a','a','a','a','a','a','a','a','a','a','a','a','a','a','a','a','a','b'}; 
Previous 24: main:array:1={'-','-','-','-','-','-','-','-','-','-','-','-','-','-','-','-','-','-','-','-','-','-','-','-','-','-','-','-','-','-','-','-','-','-','-','-','-','-','-','-','-','-','-','-','-','-','-','-','-','-','-','-','-','-','-','-','-','-','-','-','-','-','-','-','-','-','-','-','-','-','-','-','-','-','-','-','-','-','-','-','-','-','-','-','-','-','-','-','-','-','-','-','-','-','-','-','-','-','-','-','-'}; 
Previous 25: main:array:1={'A','B','C','D','E','F','G','H','I','J','K','L','M','N','O','P','Q','R','S','T','U','V','W','X','Y','Z','a','b','c','d','e','f','g','h','i','j','k','l','m','n','o','p','q','r','s','t','u','v','w','x','y','z','0','1','2','3','4','5','6','7','8','9','!','@','#','$','%','^','&','*','(',')','-','=','+','[',']','{',';',';',',','.','<','>','?','/',';','~','\'','`','^','+','+','?','/',';','~','\'','`','^','+'}; 
Previous 26: main:array:1={'\'','A','\'','A','\'','A','\'','A','\'','A','\'','A','\'','A','\'','A','\'','A','\'','A','\'','A','\'','A','\'','A','\'','A','\'','A','\'','A','\'','A','\'','A','\'','A','\'','A','\'','A','\'','A','\'','A','\'','A','\'','A','\'','A','\'','A','\'','A','\'','A','\'','A','\'','A','\'','A','\'','A','\'','A','\'','A','\'','A','\'','A','\'','A','\'','A','\'','A','\'','A','\'','A','\'','A','\'','A','\'','A','\'','A','\'','A','\'','A','\'','A','\'','A','\''}; 
Previous 27: main:array:1={'O','O','O','O','O','O','O','O','O','O','O','O','O','O','O','O','O','O','O','O','O','O','O','O','O','O','O','O','O','O','O','O','O','O','O','O','O','O','O','O','O','O','O','O','O','O','O','O','O','O','O','O','O','O','O','O','O','O','O','O','O','O','O','O','O','O','O','O','O','O','O','O','O','O','O','O','O','O','O','O','O','O','O','O','O','O','O','O','O','O','O','O','O','O','O','O','O','O','O','O','O'}; 
Previous 28: main:array:1={'?','?','?','?','?','?','?','?','?','?','?','?','?','?','?','?','?','?','?','?','?','?','?','?','?','?','?','?','?','?','?','?','?','?','?','?','?','?','?','?','?','?','?','?','?','?','?','?','?','?','?','?','?','?','?','?','?','?','?','?','?','?','?','?','?','?','?','?','?','?','?','?','?','?','?','?','?','?','?','?','?','?','?','?','?','?','?','?','?','?','?','?','?','?','?','?','?','?','?','?','?'}; 
Previous 29: main:array:1={':','a','b','b','b','b','b','b','b','b','b','b','b','b','b','b','b','b','b','b','b','b','b','b','b','b','b','b','b','b','b','b','b','b','b','b','b','b','b','b','b','b','b','b','b','b','b','b','b','b','b','b','b','b','b','b','b','b','b','b','b','b','b','b','b','b','b','b','b','b','b','b','b','b','b','b','b','b','b','b','b','b','b','b','b','b','b','b','b','b','b','b','b','b','b','b','b','b','b','b','b'}; 
Previous 30: main:array:1={'a','a','a','a','a','a','a','a','a','a','a','a','a','a','a','a','a','a','a','a','a','a','a','a','a','a','a','a','a','a','a','a','a','a','a','a','a','a','a','a','a','a','a','a','a','a','a','a','a','a','a','a','a','a','a','a','a','a','a','a','b','b','b','b','b','b','b','b','b','b','b','b','b','b','b','b','b','b','b','b','b','b','b','b','b','b','b','b','b','b','b','b','b','b','b','b','b','b','b','b','b'}; 
Previous 31: main:array:1={'a','a','a','a','a','a','a','a','a','a','a','a','a','a','a','a','a','a','a','a','a','a','a','a','a','a','a','a','a','a','a','a','a','a','a','a','a','a','a','a','a','a','a','a','a','a','a','a','a','a','b','b','b','b','b','b','b','b','b','b','b','b','b','b','b','b','b','b','b','b','b','b','b','b','b','b','b','b','b','b','0','0','0','0','0','0','0','0','0','0','0','0','0','0','0','0','0','0','0','0','0'}; 
Previous 32: main:array:1={'\'','a','\'','b','\'','c','\'','a','\'','b','\'','c','\'','a','\'','b','\'','c','\'','a','\'','b','\'','c','\'','a','\'','b','\'','c','\'','a','\'','b','\'','c','\'','a','\'','b','\'','c','\'','a','\'','b','\'','c','\'','a','\'','b','\'','c','\'','a','\'','b','\'','c','\'','a','\'','b','\'','c','\'','a','\'','b','\'','c','\'','a','\'','b','\'','c','\'','a','\'','b','\'','c','\'','a','\'','b','\'','c','\'','a','\'','b','\'','c','\'','a','\'','b','\''}; 
Previous 33: main:array:1={'b','b','b','b','b','b','b','b','b','b','b','b','b','b','b','b','b','b','b','b','b','b','b','b','b','b','b','b','b','b','b','b','b','b','b','b','b','b','b','b','b','b','b','b','b','b','b','b','b','b','b','b','b','b','b','b','b','b','b','b','b','b','b','b','b','b','b','b','b','b','b','b','b','b','b','b','b','b','b','b','b','b','b','b','b','b','b','b','b','b','b','b','b','b','b','b','b','b','b','b','b'}; 
Previous 34: main:array:1={'a','b','c','a','b','c','a','b','c','a','b','c','a','b','c','a','b','c','a','b','c','a','b','c','a','b','c','a','b','c','a','b','c','a','b','c','a','b','c','a','b','c','a','b','c','a','b','c','a','b','c','a','b','c','a','b','c','a','b','c','a','b','c','a','b','c','a','b','c','a','b','c','a','b','c','a','b','c','a','b','c','a','b','c','a','b','c','a','b','c','a','b','c','a','b','c','a','b','c','x','x'}; 
Previous 35: main:array:1={'#','#','#','#','#','#','#','#','#','#','#','#','#','#','#','#','#','#','#','#','#','#','#','#','#','#','#','#','#','#','#','#','#','#','#','#','#','#','#','#','#','#','#','#','#','#','#','#','#','#','#','#','#','#','#','#','#','#','#','#','#','#','#','#','#','#','#','#','#','#','#','#','#','#','#','#','#','#','#','#','#','#','#','#','#','#','#','#','#','#','#','#','#','#','#','#','#','#','#','C','}'}; 
Previous 36: main:array:1={'A','b','C','d','E','f','G','h','I','j','K','l','M','n','O','p','Q','r','S','t','U','v','W','x','Y','z','A','b','C','d','E','f','G','h','I','j','K','l','M','n','O','p','Q','r','S','t','U','v','W','x','Y','z','A','b','C','d','E','f','G','h','I','j','K','l','M','n','O','p','Q','r','S','t','U','v','W','x','Y','z','A','b','C','d','E','f','G','h','I','j','K','l','M','n','O','p','Q','r','S','t','U','v','W'}; 
Previous 37: main:array:1={'M','N','M','N','M','N','M','N','M','N','M','N','M','N','M','N','M','N','M','N','M','N','M','N','M','N','M','N','M','N','M','N','M','N','M','N','M','N','M','N','M','N','M','N','M','N','M','N','M','N','M','N','M','N','M','N','M','N','M','N','M','N','M','N','M','N','M','N','M','N','M','N','M','N','M','N','M','N','M','N','M','N','M','N','M','N','M','N','M','N','M','N','M','N','M','N','M','N','M','N','M'}; 
Previous 38: main:array:1={'z','y','z','y','z','y','z','y','z','y','z','y','z','y','z','y','z','y','z','y','z','y','z','y','z','y','z','y','z','y','z','y','z','y','z','y','z','y','z','y','z','y','z','y','z','y','z','y','z','y','z','y','z','y','z','y','z','y','z','y','z','y','z','y','z','y','z','y','z','y','z','y','z','y','z','y','z','y','z','y','z','y','z','y','z','y','z','y','z','y','z','y','z','y','z','y','z','y','z','y','z'}; 
Previous 39: main:array:1={'x','y','z','x','y','z','x','y','z','x','y','z','x','y','z','x','y','z','x','y','z','x','y','z','x','y','z','x','y','z','x','y','z','x','y','z','x','y','z','x','y','z','x','y','z','x','y','z','x','y','z','x','y','z','x','y','z','x','y','z','x','y','z','x','y','z','x','y','z','x','y','z','x','y','z','x','y','z','x','y','z','x','y','z','x','y','z','x','y','z','x','y','z','x','y','z','x','y','z','x','y'}; 
Previous 40: main:array:1={'*','*','*','*','*','*','*','*','*','*','*','*','*','*','*','*','*','*','*','*','*','*','*','*','*','*','*','*','*','*','*','*','*','*','*','*','*','*','*','*','*','*','*','*','*','*','*','*','*','*','#','#','#','#','#','#','#','#','#','#','#','#','#','#','#','#','#','#','#','#','#','#','#','#','#','#','#','#','#','#','#','#','#','#','#','#','#','#','#','#','#','#','#','#','#','#','#','#','#','#','a'}; 
Previous 41: main:array:1={'1','1','1','1','1','1','1','1','1','1','1','1','1','1','1','1','1','1','1','1','1','1','1','1','1','1','1','1','1','1','1','1','1','1','1','1','1','1','1','1','1','1','1','1','1','1','1','1','1','1','1','1','1','1','1','1','1','1','1','1','1','1','1','1','1','1','1','1','1','1','1','1','1','1','1','1','1','1','1','1','1','1','1','1','1','1','1','1','1','1','1','1','1','1','1','1','1','1','1','1','1'}; 
Previous 42: main:array:1={'\'','0','\'','\'','1','\'','\'','2','\'','\'','3','\'','\'','4','\'','\'','5','\'','\'','6','\'','\'','7','\'','\'','8','\'','\'','9','\'','\'','0','\'','\'','1','\'','\'','2','\'','\'','3','\'','\'','4','\'','\'','5','\'','\'','6','\'','\'','7','\'','\'','8','\'','\'','9','\'','\'','0','\'','\'','1','\'','\'','2','\'','\'','3','\'','\'','4','\'','\'','5','\'','\'','6','\'','\'','7','\'','\'','8','\'','\'','9','\'','\'','0','\'','\'','1','\'','\'','2','\'','\'','3'}; 
Previous 43: main:array:1={'a','b','c','d','e','f','g','h','i','j','k','l','m','n','o','p','q','r','s','t','u','v','w','x','y','z','0','1','2','3','4','5','6','7','8','9','!','@','#','$','%','^','&','*','(',')','-','_','+','=','{','}','[',']','|',':',';','x','y','z','?','`','~','A','B','C','D','E','F','G','H','I','J','K','L','M','N','O','P','Q','R','S','T','U','V','W','X','Y','Z','p','q','r','s','t','u','v','w','x','y','!','#'}; 
Previous 44: main:array:1={'!','#','$','%','&','\'','(',')','*','+',' ',',','-','.','/','0','1','2','3','4','5','6','7','8','9',':',';','<','=','>','?','@','A','B','C','D','E','F','G','H','I','J','K','L','M','N','O','P','Q','R','S','T','U','V','W','X','Y','Z','[','E','^','_','`','a','b','c','d','e','f','g','h','i','j','k','l','m','n','o','p','q','r','s','t','u','v','w','x','y','z','{','|','~','!','0','1','2','3','4','5','6','7'}; 
Previous 45: main:array:1={'a','b','c','d','e','f','g','h','i','j','k','l','m','n','o','p','q','r','s','t','u','v','w','x','y','z','a','b','c','d','e','f','g','h','i','j','k','l','m','n','o','p','q','r','s','t','u','v','w','x','y','z','a','b','c','d','e','f','g','h','i','j','k','l','m','n','o','p','q','r','s','t','u','v','w','x','y','z','a','b','c','d','e','f','g','h','i','j','k','l','m','n','o','p','q','r','s','t','u','v','w'}; 
Previous 46: main:array:1={'a','b','c','a','b','c','a','b','c','a','b','c','a','b','c','a','b','c','a','b','c','a','b','c','a','b','c','a','b','c','a','b','c','a','b','c','a','b','c','a','b','c','a','b','c','a','b','c','a','b','c','a','b','c','a','b','c','a','b','c','a','b','c','a','b','c','a','b','c','a','b','c','a','b','c','a','b','c','a','b','c','a','b','c','a','b','c','a','b','c','a','b','c','a','b','c','a','b','c','a','b'}; 

Program:
extern char __VERIFIER_nondet_char(void);
/*
Commit Number: e6801c90311679fc0854af73da95fe58079c59f4
URL: https://github.com/FreeRADIUS/freeradius-server/commit/e6801c90311679fc0854af73da95fe58079c59f4
Project Name: freeradius-serve
License: GPL2
termination: false


*/
int main()
{
    int stop = 0;
    char array[101];
    for( int i = 0 ; i < 100 ; i++ )
        array[i] =  __VERIFIER_nondet_char();
    array[100] = 0;
    char* p = array;
    while( (*p) && (!stop) )
    {
        switch(*p){
        case '}':
            stop = 1;
            break;

        case ':':
            if( *(p+1) && (*(p+1) == '-')){
                p += 2;
                stop = 1;
            }
            break;
        default:
            p++;
        }
    }
    return 0;
}

"
59,NT,"main:array:1={'q','q','q','q','q','q','q','q','q','q','q','q','q','q','q','q','q','q','q','q','q','q','q','q','q','q','q','q','q','q','q','q','q','q','q','q','q','q','q','q','q','q','q','q','q','q','q','q','q','q','q','q','q','q','q','q','q','q','q','q','q','q','q','q','q','q','q','q','q','q','q','q','q','q','q','q','q','q','q','q','q','q','q','q','q','q','q','q','q','q','q','q','q','q','q','q','q','q','q','q','q'}
",,COMPLETED,T,false,,"You generate concrete values for nondeterministic inputs in a C/C++ program.
Your goal is to produce ONE complete assignment set that is likely to make the program not terminate.

Important rules:
1. Return a value for EVERY listed nondeterministic input ID.
2. Use each ID exactly once.
3. Respect the declared C/C++ type.
4. For an array, return the value as an array containing exactly the required number of elements.
5. For char arrays, each element must be exactly one character. Return the character itself without C single quotes.
6. Prefer small-magnitude values unless larger values are necessary to achieve the requested execution behavior.

Nondeterministic inputs:
- id: main:array:1, type: char, array: true, size: 101, required elements: 101

Previously generated assignment sets are listed below. Generate a materially different set and do not duplicate any of them.
Previous 1: main:array:1={'a','a','a','a','a','a','a','a','a','a','a','a','a','a','a','a','a','a','a','a','a','a','a','a','a','a','a','a','a','a','a','a','a','a','a','a','a','a','a','a','a','a','a','a','a','a','a','a','a','a','a','a','a','a','a','a','a','a','a','a','a','a','a','a','a','a','a','a','a','a','a','a','a','a','a','a','a','a','a','a','a','a','a','a','a','a','a','a','a','a','a','a','a','a','a','a','a','a','a','a','a'}; 
Previous 2: main:array:1={'}','b','b','b','b','b','b','b','b','b','b','b','b','b','b','b','b','b','b','b','b','b','b','b','b','b','b','b','b','b','b','b','b','b','b','b','b','b','b','b','b','b','b','b','b','b','b','b','b','b','b','b','b','b','b','b','b','b','b','b','b','b','b','b','b','b','b','b','b','b','b','b','b','b','b','b','b','b','b','b','b','b','b','b','b','b','b','b','b','b','b','b','b','b','b','b','b','b','b','b','b'}; 
Previous 3: main:array:1={'}','a','a','a','a','a','a','a','a','a','a','a','a','a','a','a','a','a','a','a','a','a','a','a','a','a','a','a','a','a','a','a','a','a','a','a','a','a','a','a','a','a','a','a','a','a','a','a','a','a','a','a','a','a','a','a','a','a','a','a','a','a','a','a','a','a','a','a','a','a','a','a','a','a','a','a','a','a','a','a','a','a','a','a','a','a','a','a','a','a','a','a','a','a','a','a','a','a','a','a','a'}; 
Previous 4: main:array:1={'b','b','b','b','b','b','b','b','b','b','b','b','b','b','b','b','b','b','b','b','b','b','b','b','b','b','b','b','b','b','b','b','b','b','b','b','b','b','b','b','b','b','b','b','b','b','b','b','b','b','}','c','c','c','c','c','c','c','c','c','c','c','c','c','c','c','c','c','c','c','c','c','c','c','c','c','c','c','c','c','c','c','c','c','c','c','c','c','c','c','x','x','x','x','x','x','x','x','x','x','x'}; 
Previous 5: main:array:1={'\'','}','\'','\'','c','\'','\'','c','\'','\'','c','\'','\'','c','\'','\'','c','\'','\'','c','\'','\'','c','\'','\'','c','\'','\'','c','\'','\'','c','\'','\'','c','\'','\'','c','\'','\'','c','\'','\'','c','\'','\'','c','\'','\'','c','\'','\'','c','\'','\'','c','\'','\'','c','\'','\'','c','\'','\'','c','\'','\'','c','\'','\'','c','\'','\'','c','\'','\'','c','\'','\'','c','\'','\'','c','\'','\'','c','\'','\'','c','\'','\'','c','\'','\'','c','\'','\'','c','\'','\'','c'}; 
Previous 6: main:array:1={'\'','\'','\'','\'','\'','\'','\'','\'','\'','\'','\'','\'','\'','\'','\'','\'','\'','\'','\'','\'','\'','\'','\'','\'','\'','\'','\'','\'','\'','\'','\'','\'','\'','\'','\'','\'','\'','\'','\'','\'','\'','\'','\'','\'','\'','\'','\'','\'','\'','\'','\'','\'','\'','\'','\'','\'','\'','\'','\'','\'','\'','\'','\'','\'','\'','\'','\'','\'','\'','\'','\'','\'','\'','\'','\'','\'','\'','\'','\'','\'','\'','\'','\'','\'','\'','\'','\'','\'','\'','\'','\'','\'','\'','\'','\'','\'','\'','\'','\'','\'','\''}; 
Previous 7: main:array:1={'A','B','C','D','E','F','G','H','I','J','K','L','M','N','O','P','Q','R','S','T','U','V','W','X','Y','Z','a','b','c','d','e','f','g','h','i','j','k','l','m','n','o','p','q','r','s','t','u','v','w','x','y','z','0','1','2','3','4','5','6','7','8','9','!','?','.',',','-','_','/','/','|','@','#','$','%','^','&','*','(',')','{','[',']','`','~','>','<',':',';','`','\'',' ','!','?','.',',','%','+','=','/','/'}; 
Previous 8: main:array:1={'0','0','0','0','0','0','0','0','0','0','0','0','0','0','0','0','0','0','0','0','0','0','0','0','0','0','0','0','0','0','0','0','0','0','0','0','0','0','0','0','0','0','0','0','0','0','0','0','0','0','0','0','0','0','0','0','0','0','0','0','0','0','0','0','0','0','0','0','0','0','0','0','0','0','0','0','0','0','0','0','0','0','0','0','0','0','0','0','0','0','0','0','0','0','0','0','0','0','0','0','0'}; 
Previous 9: main:array:1={'a','b','a','b','a','b','a','b','a','b','a','b','a','b','a','b','a','b','a','b','a','b','a','b','a','b','a','b','a','b','a','b','a','b','a','b','a','b','a','b','a','b','a','b','a','b','a','b','a','b','a','b','a','b','a','b','a','b','a','b','a','b','a','b','a','b','a','b','a','b','a','b','a','b','a','b','a','b','a','b','a','b','a','b','a','b','a','b','a','b','a','b','a','b','a','b','a','b','a','b','a'}; 
Previous 10: main:array:1={'\'','A','\'','B','\'','C','\'','D','\'','E','\'','F','\'','G','\'','H','\'','I','\'','J','\'','K','\'','L','\'','M','\'','N','\'','O','\'','P','\'','Q','\'','R','\'','S','\'','T','\'','U','\'','V','\'','W','\'','X','\'','Y','\'','Z','\'','a','\'','b','\'','c','\'','d','\'','e','\'','f','\'','g','\'','h','\'','i','\'','j','\'','k','\'','l','\'','m','\'','n','\'','o','\'','p','\'','q','\'','r','\'','s','\'','t','\'','u','\'','v','\'','w','\'','x','\''}; 
Previous 11: main:array:1={':','-','a','a','a','a','a','a','a','a','a','a','a','a','a','a','a','a','a','a','a','a','a','a','a','a','a','a','a','a','a','a','a','a','a','a','a','a','a','a','a','a','a','a','a','a','a','a','a','a','a','a','a','a','a','a','a','a','a','a','a','a','a','a','a','a','a','a','a','a','a','a','a','a','a','a','a','a','a','a','a','a','a','a','a','a','a','a','a','a','a','a','a','a','a','a','a','a','a','a','a'}; 
Previous 12: main:array:1={'x','x','x','x','x','x','x','x','x','x','x','x','x','x','x','x','x','x','x','x','x','x','x','x','x','x','x','x','x','x','x','x','x','x','x','x','x','x','x','x','x','x','x','x','x','x','x','x','x','x','x','x','x','x','x','x','x','x','x','x','x','x','x','x','x','x','x','x','x','x','x','x','x','x','x','x','x','x','x','x','x','x','x','x','x','x','x','x','x','x','x','x','x','x','x','x','x','x','x','x','x'}; 
Previous 13: main:array:1={':','b','a','a','a','a','a','a','a','a','a','a','a','a','a','a','a','a','a','a','a','a','a','a','a','a','a','a','a','a','a','a','a','a','a','a','a','a','a','a','a','a','a','a','a','a','a','a','a','a','a','a','a','a','a','a','a','a','a','a','a','a','a','a','a','a','a','a','a','a','a','a','a','a','a','a','a','a','a','a','a','a','a','a','a','a','a','a','a','a','a','a','a','a','a','a','a','a','a','a','a'}; 
Previous 14: main:array:1={'\'','\'',':','\'','a','\'','b','\'','b','\'','b','\'','b','\'','b','\'','b','\'','b','\'','b','\'','b','\'','b','\'','b','\'','b','\'','b','\'','b','\'','b','\'','b','\'','b','\'','b','\'','b','\'','b','\'','b','\'','b','\'','b','\'','b','\'','b','\'','b','\'','b','\'','b','\'','b','\'','b','\'','b','\'','b','\'','b','\'','b','\'','b','\'','b','\'','b','\'','b','\'','b','\'','b','\'','b','\'','b','\'','b','\'','b','\'','b','\'','b','\'','b','\'','b'}; 
Previous 15: main:array:1={'a','a','a','a','a','a','a','a','a','a','a','a','a','a','a','a','a','a','a','a','a','a','a','a','a','a','a','a','a','a','a','a','a','a','a','a','a','a','a','a','a','a','a','a','a','a','a','a','a','a','a','a','a','a','a','a','a','a','a','a','a','a','a','a','a','a','a','a','a','a','a','a','a','a','a','a','a','a','a','a','a','a','a','a','a','a','a','a','a','a','a','a','a','a','a','a','a','a',':','0','0'}; 
Previous 16: main:array:1={'z','z','z','z','z','z','z','z','z','z','z','z','z','z','z','z','z','z','z','z','z','z','z','z','z','z','z','z','z','z','z','z','z','z','z','z','z','z','z','z','z','z','z','z','z','z','z','z','z','z','z','z','z','z','z','z','z','z','z','z','z','z','z','z','z','z','z','z','z','z','z','z','z','z','z','z','z','z','z','z','z','z','z','z','z','z','z','z','z','z','z','z','z','z','z','z','z','z','z','z','z'}; 
Previous 17: main:array:1={'!','!','!','!','!','!','!','!','!','!','!','!','!','!','!','!','!','!','!','!','!','!','!','!','!','!','!','!','!','!','!','!','!','!','!','!','!','!','!','!','!','!','!','!','!','!','!','!','!','!','!','!','!','!','!','!','!','!','!','!','!','!','!','!','!','!','!','!','!','!','!','!','!','!','!','!','!','!','!','!','!','!','!','!','!','!','!','!','!','!','!','!','!','!','!','!','!','!','!','!','!'}; 
Previous 18: main:array:1={'a','a','a','a','a','a','a','a','a','a','a','a','a','a','a','a','a','a','a','a','a','a','a','a','a','a','a','a','a','a','a','a','a','a','a','a','a','a','a','a','a','a','a','a','a','a','a','a','a','a','a','a','a','a','a','a','a','a','a','a','a','a','a','a','a','a','a','a','a','a','a','a','a','a','a','a','a','a','a','a','a','a','a','a','a','a','a','a','a','a','a','a','a','a','a','a','a','a','b','b','b'}; 
Previous 19: main:array:1={'A','B','C','D','E','F','G','H','I','J','K','L','M','N','O','P','Q','R','S','T','U','V','W','X','Y','Z','A','B','C','D','E','F','G','H','I','J','K','L','M','N','O','P','Q','R','S','T','U','V','W','X','Y','Z','A','B','C','D','E','F','G','H','I','J','K','L','M','N','O','P','Q','R','S','T','U','V','W','X','Y','Z','A','B','C','D','E','F','G','H','I','J','K','L','M','N','O','P','Q','R','S','T','U','V','W'}; 
Previous 20: main:array:1={'H','e','l','l','o','W','o','r','l','d','H','e','l','l','o','W','o','r','l','d','H','e','l','l','o','W','o','r','l','d','H','e','l','l','o','W','o','r','l','d','H','e','l','l','o','W','o','r','l','d','H','e','l','l','o','W','o','r','l','d','H','e','l','l','o','W','o','r','l','d','H','e','l','l','o','W','o','r','l','d','H','e','l','l','o','W','o','r','l','d','H','e','l','l','o','W','o','r','l','d','H'}; 
Previous 21: main:array:1={':','A','a','a','a','a','a','a','a','a','a','a','a','a','a','a','a','a','a','a','a','a','a','a','a','a','a','a','a','a','a','a','a','a','a','a','a','a','a','a','a','a','a','a','a','a','a','a','a','a','a','a','a','a','a','a','a','a','a','a','a','a','a','a','a','a','a','a','a','a','a','a','a','a','a','a','a','a','a','a','a','a','a','a','a','a','a','a','a','a','a','a','a','a','a','a','a','a','a','a','a'}; 
Previous 22: main:array:1={'m','n','o','p','q','r','s','t','u','v','m','n','o','p','q','r','s','t','u','v','m','n','o','p','q','r','s','t','u','v','m','n','o','p','q','r','s','t','u','v','m','n','o','p','q','r','s','t','u','v','m','n','o','p','q','r','s','t','u','v','m','n','o','p','q','r','s','t','u','v','m','n','o','p','q','r','s','t','u','v','m','n','o','p','q','r','s','t','u','v','m','n','o','p','q','r','s','t','u','v','m'}; 
Previous 23: main:array:1={'a','a','a','a','a','a','a','a','a','a','a','a','a','a','a','a','a','a','a','a','a','a','a','a','a','a','a','a','a','a','a','a','a','a','a','a','a','a','a','a','a','a','a','a','a','a','a','a','a','a','a','a','a','a','a','a','a','a','a','a','a','a','a','a','a','a','a','a','a','a','a','a','a','a','a','a','a','a','a','a','a','a','a','a','a','a','a','a','a','a','a','a','a','a','a','a','a','a','a','a','b'}; 
Previous 24: main:array:1={'-','-','-','-','-','-','-','-','-','-','-','-','-','-','-','-','-','-','-','-','-','-','-','-','-','-','-','-','-','-','-','-','-','-','-','-','-','-','-','-','-','-','-','-','-','-','-','-','-','-','-','-','-','-','-','-','-','-','-','-','-','-','-','-','-','-','-','-','-','-','-','-','-','-','-','-','-','-','-','-','-','-','-','-','-','-','-','-','-','-','-','-','-','-','-','-','-','-','-','-','-'}; 
Previous 25: main:array:1={'A','B','C','D','E','F','G','H','I','J','K','L','M','N','O','P','Q','R','S','T','U','V','W','X','Y','Z','a','b','c','d','e','f','g','h','i','j','k','l','m','n','o','p','q','r','s','t','u','v','w','x','y','z','0','1','2','3','4','5','6','7','8','9','!','@','#','$','%','^','&','*','(',')','-','=','+','[',']','{',';',';',',','.','<','>','?','/',';','~','\'','`','^','+','+','?','/',';','~','\'','`','^','+'}; 
Previous 26: main:array:1={'\'','A','\'','A','\'','A','\'','A','\'','A','\'','A','\'','A','\'','A','\'','A','\'','A','\'','A','\'','A','\'','A','\'','A','\'','A','\'','A','\'','A','\'','A','\'','A','\'','A','\'','A','\'','A','\'','A','\'','A','\'','A','\'','A','\'','A','\'','A','\'','A','\'','A','\'','A','\'','A','\'','A','\'','A','\'','A','\'','A','\'','A','\'','A','\'','A','\'','A','\'','A','\'','A','\'','A','\'','A','\'','A','\'','A','\'','A','\'','A','\'','A','\'','A','\''}; 
Previous 27: main:array:1={'O','O','O','O','O','O','O','O','O','O','O','O','O','O','O','O','O','O','O','O','O','O','O','O','O','O','O','O','O','O','O','O','O','O','O','O','O','O','O','O','O','O','O','O','O','O','O','O','O','O','O','O','O','O','O','O','O','O','O','O','O','O','O','O','O','O','O','O','O','O','O','O','O','O','O','O','O','O','O','O','O','O','O','O','O','O','O','O','O','O','O','O','O','O','O','O','O','O','O','O','O'}; 
Previous 28: main:array:1={'?','?','?','?','?','?','?','?','?','?','?','?','?','?','?','?','?','?','?','?','?','?','?','?','?','?','?','?','?','?','?','?','?','?','?','?','?','?','?','?','?','?','?','?','?','?','?','?','?','?','?','?','?','?','?','?','?','?','?','?','?','?','?','?','?','?','?','?','?','?','?','?','?','?','?','?','?','?','?','?','?','?','?','?','?','?','?','?','?','?','?','?','?','?','?','?','?','?','?','?','?'}; 
Previous 29: main:array:1={':','a','b','b','b','b','b','b','b','b','b','b','b','b','b','b','b','b','b','b','b','b','b','b','b','b','b','b','b','b','b','b','b','b','b','b','b','b','b','b','b','b','b','b','b','b','b','b','b','b','b','b','b','b','b','b','b','b','b','b','b','b','b','b','b','b','b','b','b','b','b','b','b','b','b','b','b','b','b','b','b','b','b','b','b','b','b','b','b','b','b','b','b','b','b','b','b','b','b','b','b'}; 
Previous 30: main:array:1={'a','a','a','a','a','a','a','a','a','a','a','a','a','a','a','a','a','a','a','a','a','a','a','a','a','a','a','a','a','a','a','a','a','a','a','a','a','a','a','a','a','a','a','a','a','a','a','a','a','a','a','a','a','a','a','a','a','a','a','a','b','b','b','b','b','b','b','b','b','b','b','b','b','b','b','b','b','b','b','b','b','b','b','b','b','b','b','b','b','b','b','b','b','b','b','b','b','b','b','b','b'}; 
Previous 31: main:array:1={'a','a','a','a','a','a','a','a','a','a','a','a','a','a','a','a','a','a','a','a','a','a','a','a','a','a','a','a','a','a','a','a','a','a','a','a','a','a','a','a','a','a','a','a','a','a','a','a','a','a','b','b','b','b','b','b','b','b','b','b','b','b','b','b','b','b','b','b','b','b','b','b','b','b','b','b','b','b','b','b','0','0','0','0','0','0','0','0','0','0','0','0','0','0','0','0','0','0','0','0','0'}; 
Previous 32: main:array:1={'\'','a','\'','b','\'','c','\'','a','\'','b','\'','c','\'','a','\'','b','\'','c','\'','a','\'','b','\'','c','\'','a','\'','b','\'','c','\'','a','\'','b','\'','c','\'','a','\'','b','\'','c','\'','a','\'','b','\'','c','\'','a','\'','b','\'','c','\'','a','\'','b','\'','c','\'','a','\'','b','\'','c','\'','a','\'','b','\'','c','\'','a','\'','b','\'','c','\'','a','\'','b','\'','c','\'','a','\'','b','\'','c','\'','a','\'','b','\'','c','\'','a','\'','b','\''}; 
Previous 33: main:array:1={'b','b','b','b','b','b','b','b','b','b','b','b','b','b','b','b','b','b','b','b','b','b','b','b','b','b','b','b','b','b','b','b','b','b','b','b','b','b','b','b','b','b','b','b','b','b','b','b','b','b','b','b','b','b','b','b','b','b','b','b','b','b','b','b','b','b','b','b','b','b','b','b','b','b','b','b','b','b','b','b','b','b','b','b','b','b','b','b','b','b','b','b','b','b','b','b','b','b','b','b','b'}; 
Previous 34: main:array:1={'a','b','c','a','b','c','a','b','c','a','b','c','a','b','c','a','b','c','a','b','c','a','b','c','a','b','c','a','b','c','a','b','c','a','b','c','a','b','c','a','b','c','a','b','c','a','b','c','a','b','c','a','b','c','a','b','c','a','b','c','a','b','c','a','b','c','a','b','c','a','b','c','a','b','c','a','b','c','a','b','c','a','b','c','a','b','c','a','b','c','a','b','c','a','b','c','a','b','c','x','x'}; 
Previous 35: main:array:1={'#','#','#','#','#','#','#','#','#','#','#','#','#','#','#','#','#','#','#','#','#','#','#','#','#','#','#','#','#','#','#','#','#','#','#','#','#','#','#','#','#','#','#','#','#','#','#','#','#','#','#','#','#','#','#','#','#','#','#','#','#','#','#','#','#','#','#','#','#','#','#','#','#','#','#','#','#','#','#','#','#','#','#','#','#','#','#','#','#','#','#','#','#','#','#','#','#','#','#','C','}'}; 
Previous 36: main:array:1={'A','b','C','d','E','f','G','h','I','j','K','l','M','n','O','p','Q','r','S','t','U','v','W','x','Y','z','A','b','C','d','E','f','G','h','I','j','K','l','M','n','O','p','Q','r','S','t','U','v','W','x','Y','z','A','b','C','d','E','f','G','h','I','j','K','l','M','n','O','p','Q','r','S','t','U','v','W','x','Y','z','A','b','C','d','E','f','G','h','I','j','K','l','M','n','O','p','Q','r','S','t','U','v','W'}; 
Previous 37: main:array:1={'M','N','M','N','M','N','M','N','M','N','M','N','M','N','M','N','M','N','M','N','M','N','M','N','M','N','M','N','M','N','M','N','M','N','M','N','M','N','M','N','M','N','M','N','M','N','M','N','M','N','M','N','M','N','M','N','M','N','M','N','M','N','M','N','M','N','M','N','M','N','M','N','M','N','M','N','M','N','M','N','M','N','M','N','M','N','M','N','M','N','M','N','M','N','M','N','M','N','M','N','M'}; 
Previous 38: main:array:1={'z','y','z','y','z','y','z','y','z','y','z','y','z','y','z','y','z','y','z','y','z','y','z','y','z','y','z','y','z','y','z','y','z','y','z','y','z','y','z','y','z','y','z','y','z','y','z','y','z','y','z','y','z','y','z','y','z','y','z','y','z','y','z','y','z','y','z','y','z','y','z','y','z','y','z','y','z','y','z','y','z','y','z','y','z','y','z','y','z','y','z','y','z','y','z','y','z','y','z','y','z'}; 
Previous 39: main:array:1={'x','y','z','x','y','z','x','y','z','x','y','z','x','y','z','x','y','z','x','y','z','x','y','z','x','y','z','x','y','z','x','y','z','x','y','z','x','y','z','x','y','z','x','y','z','x','y','z','x','y','z','x','y','z','x','y','z','x','y','z','x','y','z','x','y','z','x','y','z','x','y','z','x','y','z','x','y','z','x','y','z','x','y','z','x','y','z','x','y','z','x','y','z','x','y','z','x','y','z','x','y'}; 
Previous 40: main:array:1={'*','*','*','*','*','*','*','*','*','*','*','*','*','*','*','*','*','*','*','*','*','*','*','*','*','*','*','*','*','*','*','*','*','*','*','*','*','*','*','*','*','*','*','*','*','*','*','*','*','*','#','#','#','#','#','#','#','#','#','#','#','#','#','#','#','#','#','#','#','#','#','#','#','#','#','#','#','#','#','#','#','#','#','#','#','#','#','#','#','#','#','#','#','#','#','#','#','#','#','#','a'}; 
Previous 41: main:array:1={'1','1','1','1','1','1','1','1','1','1','1','1','1','1','1','1','1','1','1','1','1','1','1','1','1','1','1','1','1','1','1','1','1','1','1','1','1','1','1','1','1','1','1','1','1','1','1','1','1','1','1','1','1','1','1','1','1','1','1','1','1','1','1','1','1','1','1','1','1','1','1','1','1','1','1','1','1','1','1','1','1','1','1','1','1','1','1','1','1','1','1','1','1','1','1','1','1','1','1','1','1'}; 
Previous 42: main:array:1={'\'','0','\'','\'','1','\'','\'','2','\'','\'','3','\'','\'','4','\'','\'','5','\'','\'','6','\'','\'','7','\'','\'','8','\'','\'','9','\'','\'','0','\'','\'','1','\'','\'','2','\'','\'','3','\'','\'','4','\'','\'','5','\'','\'','6','\'','\'','7','\'','\'','8','\'','\'','9','\'','\'','0','\'','\'','1','\'','\'','2','\'','\'','3','\'','\'','4','\'','\'','5','\'','\'','6','\'','\'','7','\'','\'','8','\'','\'','9','\'','\'','0','\'','\'','1','\'','\'','2','\'','\'','3'}; 
Previous 43: main:array:1={'a','b','c','d','e','f','g','h','i','j','k','l','m','n','o','p','q','r','s','t','u','v','w','x','y','z','0','1','2','3','4','5','6','7','8','9','!','@','#','$','%','^','&','*','(',')','-','_','+','=','{','}','[',']','|',':',';','x','y','z','?','`','~','A','B','C','D','E','F','G','H','I','J','K','L','M','N','O','P','Q','R','S','T','U','V','W','X','Y','Z','p','q','r','s','t','u','v','w','x','y','!','#'}; 
Previous 44: main:array:1={'!','#','$','%','&','\'','(',')','*','+',' ',',','-','.','/','0','1','2','3','4','5','6','7','8','9',':',';','<','=','>','?','@','A','B','C','D','E','F','G','H','I','J','K','L','M','N','O','P','Q','R','S','T','U','V','W','X','Y','Z','[','E','^','_','`','a','b','c','d','e','f','g','h','i','j','k','l','m','n','o','p','q','r','s','t','u','v','w','x','y','z','{','|','~','!','0','1','2','3','4','5','6','7'}; 
Previous 45: main:array:1={'a','b','c','d','e','f','g','h','i','j','k','l','m','n','o','p','q','r','s','t','u','v','w','x','y','z','a','b','c','d','e','f','g','h','i','j','k','l','m','n','o','p','q','r','s','t','u','v','w','x','y','z','a','b','c','d','e','f','g','h','i','j','k','l','m','n','o','p','q','r','s','t','u','v','w','x','y','z','a','b','c','d','e','f','g','h','i','j','k','l','m','n','o','p','q','r','s','t','u','v','w'}; 
Previous 46: main:array:1={'a','b','c','a','b','c','a','b','c','a','b','c','a','b','c','a','b','c','a','b','c','a','b','c','a','b','c','a','b','c','a','b','c','a','b','c','a','b','c','a','b','c','a','b','c','a','b','c','a','b','c','a','b','c','a','b','c','a','b','c','a','b','c','a','b','c','a','b','c','a','b','c','a','b','c','a','b','c','a','b','c','a','b','c','a','b','c','a','b','c','a','b','c','a','b','c','a','b','c','a','b'}; 
Previous 47: main:array:1={'x','x','x','x','x','x','x','x','x','x','x','x','x','x','x','x','x','x','x','x','x','x','x','x','x','x','x','x','x','x','x','x','x','x','x','x','x','x','x','x','x','x','x','x','x','x','x','x','x','x','y','y','y','y','y','y','y','y','y','y','y','y','y','y','y','y','y','y','y','y','y','y','y','y','y','y','y','y','y','y','y','y','y','y','y','y','y','y','y','y','y','y','y','y','y','y','y','y','y','y','a'}; 

Program:
extern char __VERIFIER_nondet_char(void);
/*
Commit Number: e6801c90311679fc0854af73da95fe58079c59f4
URL: https://github.com/FreeRADIUS/freeradius-server/commit/e6801c90311679fc0854af73da95fe58079c59f4
Project Name: freeradius-serve
License: GPL2
termination: false


*/
int main()
{
    int stop = 0;
    char array[101];
    for( int i = 0 ; i < 100 ; i++ )
        array[i] =  __VERIFIER_nondet_char();
    array[100] = 0;
    char* p = array;
    while( (*p) && (!stop) )
    {
        switch(*p){
        case '}':
            stop = 1;
            break;

        case ':':
            if( *(p+1) && (*(p+1) == '-')){
                p += 2;
                stop = 1;
            }
            break;
        default:
            p++;
        }
    }
    return 0;
}

"
60,NT,"main:array:1={'a','b','c','d','a','b','c','d','a','b','c','d','a','b','c','d','a','b','c','d','a','b','c','d','a','b','c','d','a','b','c','d','a','b','c','d','a','b','c','d','a','b','c','d','a','b','c','d','a','b','c','d','a','b','c','d','a','b','c','d','a','b','c','d','a','b','c','d','a','b','c','d','a','b','c','d','a','b','c','d','a','b','c','d','a','b','c','d','a','b','c','d','a','b','c','d','a','b','c','d','a'}
",,COMPLETED,T,false,,"You generate concrete values for nondeterministic inputs in a C/C++ program.
Your goal is to produce ONE complete assignment set that is likely to make the program not terminate.

Important rules:
1. Return a value for EVERY listed nondeterministic input ID.
2. Use each ID exactly once.
3. Respect the declared C/C++ type.
4. For an array, return the value as an array containing exactly the required number of elements.
5. For char arrays, each element must be exactly one character. Return the character itself without C single quotes.
6. Prefer small-magnitude values unless larger values are necessary to achieve the requested execution behavior.

Nondeterministic inputs:
- id: main:array:1, type: char, array: true, size: 101, required elements: 101

Previously generated assignment sets are listed below. Generate a materially different set and do not duplicate any of them.
Previous 1: main:array:1={'a','a','a','a','a','a','a','a','a','a','a','a','a','a','a','a','a','a','a','a','a','a','a','a','a','a','a','a','a','a','a','a','a','a','a','a','a','a','a','a','a','a','a','a','a','a','a','a','a','a','a','a','a','a','a','a','a','a','a','a','a','a','a','a','a','a','a','a','a','a','a','a','a','a','a','a','a','a','a','a','a','a','a','a','a','a','a','a','a','a','a','a','a','a','a','a','a','a','a','a','a'}; 
Previous 2: main:array:1={'}','b','b','b','b','b','b','b','b','b','b','b','b','b','b','b','b','b','b','b','b','b','b','b','b','b','b','b','b','b','b','b','b','b','b','b','b','b','b','b','b','b','b','b','b','b','b','b','b','b','b','b','b','b','b','b','b','b','b','b','b','b','b','b','b','b','b','b','b','b','b','b','b','b','b','b','b','b','b','b','b','b','b','b','b','b','b','b','b','b','b','b','b','b','b','b','b','b','b','b','b'}; 
Previous 3: main:array:1={'}','a','a','a','a','a','a','a','a','a','a','a','a','a','a','a','a','a','a','a','a','a','a','a','a','a','a','a','a','a','a','a','a','a','a','a','a','a','a','a','a','a','a','a','a','a','a','a','a','a','a','a','a','a','a','a','a','a','a','a','a','a','a','a','a','a','a','a','a','a','a','a','a','a','a','a','a','a','a','a','a','a','a','a','a','a','a','a','a','a','a','a','a','a','a','a','a','a','a','a','a'}; 
Previous 4: main:array:1={'b','b','b','b','b','b','b','b','b','b','b','b','b','b','b','b','b','b','b','b','b','b','b','b','b','b','b','b','b','b','b','b','b','b','b','b','b','b','b','b','b','b','b','b','b','b','b','b','b','b','}','c','c','c','c','c','c','c','c','c','c','c','c','c','c','c','c','c','c','c','c','c','c','c','c','c','c','c','c','c','c','c','c','c','c','c','c','c','c','c','x','x','x','x','x','x','x','x','x','x','x'}; 
Previous 5: main:array:1={'\'','}','\'','\'','c','\'','\'','c','\'','\'','c','\'','\'','c','\'','\'','c','\'','\'','c','\'','\'','c','\'','\'','c','\'','\'','c','\'','\'','c','\'','\'','c','\'','\'','c','\'','\'','c','\'','\'','c','\'','\'','c','\'','\'','c','\'','\'','c','\'','\'','c','\'','\'','c','\'','\'','c','\'','\'','c','\'','\'','c','\'','\'','c','\'','\'','c','\'','\'','c','\'','\'','c','\'','\'','c','\'','\'','c','\'','\'','c','\'','\'','c','\'','\'','c','\'','\'','c','\'','\'','c'}; 
Previous 6: main:array:1={'\'','\'','\'','\'','\'','\'','\'','\'','\'','\'','\'','\'','\'','\'','\'','\'','\'','\'','\'','\'','\'','\'','\'','\'','\'','\'','\'','\'','\'','\'','\'','\'','\'','\'','\'','\'','\'','\'','\'','\'','\'','\'','\'','\'','\'','\'','\'','\'','\'','\'','\'','\'','\'','\'','\'','\'','\'','\'','\'','\'','\'','\'','\'','\'','\'','\'','\'','\'','\'','\'','\'','\'','\'','\'','\'','\'','\'','\'','\'','\'','\'','\'','\'','\'','\'','\'','\'','\'','\'','\'','\'','\'','\'','\'','\'','\'','\'','\'','\'','\'','\''}; 
Previous 7: main:array:1={'A','B','C','D','E','F','G','H','I','J','K','L','M','N','O','P','Q','R','S','T','U','V','W','X','Y','Z','a','b','c','d','e','f','g','h','i','j','k','l','m','n','o','p','q','r','s','t','u','v','w','x','y','z','0','1','2','3','4','5','6','7','8','9','!','?','.',',','-','_','/','/','|','@','#','$','%','^','&','*','(',')','{','[',']','`','~','>','<',':',';','`','\'',' ','!','?','.',',','%','+','=','/','/'}; 
Previous 8: main:array:1={'0','0','0','0','0','0','0','0','0','0','0','0','0','0','0','0','0','0','0','0','0','0','0','0','0','0','0','0','0','0','0','0','0','0','0','0','0','0','0','0','0','0','0','0','0','0','0','0','0','0','0','0','0','0','0','0','0','0','0','0','0','0','0','0','0','0','0','0','0','0','0','0','0','0','0','0','0','0','0','0','0','0','0','0','0','0','0','0','0','0','0','0','0','0','0','0','0','0','0','0','0'}; 
Previous 9: main:array:1={'a','b','a','b','a','b','a','b','a','b','a','b','a','b','a','b','a','b','a','b','a','b','a','b','a','b','a','b','a','b','a','b','a','b','a','b','a','b','a','b','a','b','a','b','a','b','a','b','a','b','a','b','a','b','a','b','a','b','a','b','a','b','a','b','a','b','a','b','a','b','a','b','a','b','a','b','a','b','a','b','a','b','a','b','a','b','a','b','a','b','a','b','a','b','a','b','a','b','a','b','a'}; 
Previous 10: main:array:1={'\'','A','\'','B','\'','C','\'','D','\'','E','\'','F','\'','G','\'','H','\'','I','\'','J','\'','K','\'','L','\'','M','\'','N','\'','O','\'','P','\'','Q','\'','R','\'','S','\'','T','\'','U','\'','V','\'','W','\'','X','\'','Y','\'','Z','\'','a','\'','b','\'','c','\'','d','\'','e','\'','f','\'','g','\'','h','\'','i','\'','j','\'','k','\'','l','\'','m','\'','n','\'','o','\'','p','\'','q','\'','r','\'','s','\'','t','\'','u','\'','v','\'','w','\'','x','\''}; 
Previous 11: main:array:1={':','-','a','a','a','a','a','a','a','a','a','a','a','a','a','a','a','a','a','a','a','a','a','a','a','a','a','a','a','a','a','a','a','a','a','a','a','a','a','a','a','a','a','a','a','a','a','a','a','a','a','a','a','a','a','a','a','a','a','a','a','a','a','a','a','a','a','a','a','a','a','a','a','a','a','a','a','a','a','a','a','a','a','a','a','a','a','a','a','a','a','a','a','a','a','a','a','a','a','a','a'}; 
Previous 12: main:array:1={'x','x','x','x','x','x','x','x','x','x','x','x','x','x','x','x','x','x','x','x','x','x','x','x','x','x','x','x','x','x','x','x','x','x','x','x','x','x','x','x','x','x','x','x','x','x','x','x','x','x','x','x','x','x','x','x','x','x','x','x','x','x','x','x','x','x','x','x','x','x','x','x','x','x','x','x','x','x','x','x','x','x','x','x','x','x','x','x','x','x','x','x','x','x','x','x','x','x','x','x','x'}; 
Previous 13: main:array:1={':','b','a','a','a','a','a','a','a','a','a','a','a','a','a','a','a','a','a','a','a','a','a','a','a','a','a','a','a','a','a','a','a','a','a','a','a','a','a','a','a','a','a','a','a','a','a','a','a','a','a','a','a','a','a','a','a','a','a','a','a','a','a','a','a','a','a','a','a','a','a','a','a','a','a','a','a','a','a','a','a','a','a','a','a','a','a','a','a','a','a','a','a','a','a','a','a','a','a','a','a'}; 
Previous 14: main:array:1={'\'','\'',':','\'','a','\'','b','\'','b','\'','b','\'','b','\'','b','\'','b','\'','b','\'','b','\'','b','\'','b','\'','b','\'','b','\'','b','\'','b','\'','b','\'','b','\'','b','\'','b','\'','b','\'','b','\'','b','\'','b','\'','b','\'','b','\'','b','\'','b','\'','b','\'','b','\'','b','\'','b','\'','b','\'','b','\'','b','\'','b','\'','b','\'','b','\'','b','\'','b','\'','b','\'','b','\'','b','\'','b','\'','b','\'','b','\'','b','\'','b','\'','b','\'','b'}; 
Previous 15: main:array:1={'a','a','a','a','a','a','a','a','a','a','a','a','a','a','a','a','a','a','a','a','a','a','a','a','a','a','a','a','a','a','a','a','a','a','a','a','a','a','a','a','a','a','a','a','a','a','a','a','a','a','a','a','a','a','a','a','a','a','a','a','a','a','a','a','a','a','a','a','a','a','a','a','a','a','a','a','a','a','a','a','a','a','a','a','a','a','a','a','a','a','a','a','a','a','a','a','a','a',':','0','0'}; 
Previous 16: main:array:1={'z','z','z','z','z','z','z','z','z','z','z','z','z','z','z','z','z','z','z','z','z','z','z','z','z','z','z','z','z','z','z','z','z','z','z','z','z','z','z','z','z','z','z','z','z','z','z','z','z','z','z','z','z','z','z','z','z','z','z','z','z','z','z','z','z','z','z','z','z','z','z','z','z','z','z','z','z','z','z','z','z','z','z','z','z','z','z','z','z','z','z','z','z','z','z','z','z','z','z','z','z'}; 
Previous 17: main:array:1={'!','!','!','!','!','!','!','!','!','!','!','!','!','!','!','!','!','!','!','!','!','!','!','!','!','!','!','!','!','!','!','!','!','!','!','!','!','!','!','!','!','!','!','!','!','!','!','!','!','!','!','!','!','!','!','!','!','!','!','!','!','!','!','!','!','!','!','!','!','!','!','!','!','!','!','!','!','!','!','!','!','!','!','!','!','!','!','!','!','!','!','!','!','!','!','!','!','!','!','!','!'}; 
Previous 18: main:array:1={'a','a','a','a','a','a','a','a','a','a','a','a','a','a','a','a','a','a','a','a','a','a','a','a','a','a','a','a','a','a','a','a','a','a','a','a','a','a','a','a','a','a','a','a','a','a','a','a','a','a','a','a','a','a','a','a','a','a','a','a','a','a','a','a','a','a','a','a','a','a','a','a','a','a','a','a','a','a','a','a','a','a','a','a','a','a','a','a','a','a','a','a','a','a','a','a','a','a','b','b','b'}; 
Previous 19: main:array:1={'A','B','C','D','E','F','G','H','I','J','K','L','M','N','O','P','Q','R','S','T','U','V','W','X','Y','Z','A','B','C','D','E','F','G','H','I','J','K','L','M','N','O','P','Q','R','S','T','U','V','W','X','Y','Z','A','B','C','D','E','F','G','H','I','J','K','L','M','N','O','P','Q','R','S','T','U','V','W','X','Y','Z','A','B','C','D','E','F','G','H','I','J','K','L','M','N','O','P','Q','R','S','T','U','V','W'}; 
Previous 20: main:array:1={'H','e','l','l','o','W','o','r','l','d','H','e','l','l','o','W','o','r','l','d','H','e','l','l','o','W','o','r','l','d','H','e','l','l','o','W','o','r','l','d','H','e','l','l','o','W','o','r','l','d','H','e','l','l','o','W','o','r','l','d','H','e','l','l','o','W','o','r','l','d','H','e','l','l','o','W','o','r','l','d','H','e','l','l','o','W','o','r','l','d','H','e','l','l','o','W','o','r','l','d','H'}; 
Previous 21: main:array:1={':','A','a','a','a','a','a','a','a','a','a','a','a','a','a','a','a','a','a','a','a','a','a','a','a','a','a','a','a','a','a','a','a','a','a','a','a','a','a','a','a','a','a','a','a','a','a','a','a','a','a','a','a','a','a','a','a','a','a','a','a','a','a','a','a','a','a','a','a','a','a','a','a','a','a','a','a','a','a','a','a','a','a','a','a','a','a','a','a','a','a','a','a','a','a','a','a','a','a','a','a'}; 
Previous 22: main:array:1={'m','n','o','p','q','r','s','t','u','v','m','n','o','p','q','r','s','t','u','v','m','n','o','p','q','r','s','t','u','v','m','n','o','p','q','r','s','t','u','v','m','n','o','p','q','r','s','t','u','v','m','n','o','p','q','r','s','t','u','v','m','n','o','p','q','r','s','t','u','v','m','n','o','p','q','r','s','t','u','v','m','n','o','p','q','r','s','t','u','v','m','n','o','p','q','r','s','t','u','v','m'}; 
Previous 23: main:array:1={'a','a','a','a','a','a','a','a','a','a','a','a','a','a','a','a','a','a','a','a','a','a','a','a','a','a','a','a','a','a','a','a','a','a','a','a','a','a','a','a','a','a','a','a','a','a','a','a','a','a','a','a','a','a','a','a','a','a','a','a','a','a','a','a','a','a','a','a','a','a','a','a','a','a','a','a','a','a','a','a','a','a','a','a','a','a','a','a','a','a','a','a','a','a','a','a','a','a','a','a','b'}; 
Previous 24: main:array:1={'-','-','-','-','-','-','-','-','-','-','-','-','-','-','-','-','-','-','-','-','-','-','-','-','-','-','-','-','-','-','-','-','-','-','-','-','-','-','-','-','-','-','-','-','-','-','-','-','-','-','-','-','-','-','-','-','-','-','-','-','-','-','-','-','-','-','-','-','-','-','-','-','-','-','-','-','-','-','-','-','-','-','-','-','-','-','-','-','-','-','-','-','-','-','-','-','-','-','-','-','-'}; 
Previous 25: main:array:1={'A','B','C','D','E','F','G','H','I','J','K','L','M','N','O','P','Q','R','S','T','U','V','W','X','Y','Z','a','b','c','d','e','f','g','h','i','j','k','l','m','n','o','p','q','r','s','t','u','v','w','x','y','z','0','1','2','3','4','5','6','7','8','9','!','@','#','$','%','^','&','*','(',')','-','=','+','[',']','{',';',';',',','.','<','>','?','/',';','~','\'','`','^','+','+','?','/',';','~','\'','`','^','+'}; 
Previous 26: main:array:1={'\'','A','\'','A','\'','A','\'','A','\'','A','\'','A','\'','A','\'','A','\'','A','\'','A','\'','A','\'','A','\'','A','\'','A','\'','A','\'','A','\'','A','\'','A','\'','A','\'','A','\'','A','\'','A','\'','A','\'','A','\'','A','\'','A','\'','A','\'','A','\'','A','\'','A','\'','A','\'','A','\'','A','\'','A','\'','A','\'','A','\'','A','\'','A','\'','A','\'','A','\'','A','\'','A','\'','A','\'','A','\'','A','\'','A','\'','A','\'','A','\'','A','\'','A','\''}; 
Previous 27: main:array:1={'O','O','O','O','O','O','O','O','O','O','O','O','O','O','O','O','O','O','O','O','O','O','O','O','O','O','O','O','O','O','O','O','O','O','O','O','O','O','O','O','O','O','O','O','O','O','O','O','O','O','O','O','O','O','O','O','O','O','O','O','O','O','O','O','O','O','O','O','O','O','O','O','O','O','O','O','O','O','O','O','O','O','O','O','O','O','O','O','O','O','O','O','O','O','O','O','O','O','O','O','O'}; 
Previous 28: main:array:1={'?','?','?','?','?','?','?','?','?','?','?','?','?','?','?','?','?','?','?','?','?','?','?','?','?','?','?','?','?','?','?','?','?','?','?','?','?','?','?','?','?','?','?','?','?','?','?','?','?','?','?','?','?','?','?','?','?','?','?','?','?','?','?','?','?','?','?','?','?','?','?','?','?','?','?','?','?','?','?','?','?','?','?','?','?','?','?','?','?','?','?','?','?','?','?','?','?','?','?','?','?'}; 
Previous 29: main:array:1={':','a','b','b','b','b','b','b','b','b','b','b','b','b','b','b','b','b','b','b','b','b','b','b','b','b','b','b','b','b','b','b','b','b','b','b','b','b','b','b','b','b','b','b','b','b','b','b','b','b','b','b','b','b','b','b','b','b','b','b','b','b','b','b','b','b','b','b','b','b','b','b','b','b','b','b','b','b','b','b','b','b','b','b','b','b','b','b','b','b','b','b','b','b','b','b','b','b','b','b','b'}; 
Previous 30: main:array:1={'a','a','a','a','a','a','a','a','a','a','a','a','a','a','a','a','a','a','a','a','a','a','a','a','a','a','a','a','a','a','a','a','a','a','a','a','a','a','a','a','a','a','a','a','a','a','a','a','a','a','a','a','a','a','a','a','a','a','a','a','b','b','b','b','b','b','b','b','b','b','b','b','b','b','b','b','b','b','b','b','b','b','b','b','b','b','b','b','b','b','b','b','b','b','b','b','b','b','b','b','b'}; 
Previous 31: main:array:1={'a','a','a','a','a','a','a','a','a','a','a','a','a','a','a','a','a','a','a','a','a','a','a','a','a','a','a','a','a','a','a','a','a','a','a','a','a','a','a','a','a','a','a','a','a','a','a','a','a','a','b','b','b','b','b','b','b','b','b','b','b','b','b','b','b','b','b','b','b','b','b','b','b','b','b','b','b','b','b','b','0','0','0','0','0','0','0','0','0','0','0','0','0','0','0','0','0','0','0','0','0'}; 
Previous 32: main:array:1={'\'','a','\'','b','\'','c','\'','a','\'','b','\'','c','\'','a','\'','b','\'','c','\'','a','\'','b','\'','c','\'','a','\'','b','\'','c','\'','a','\'','b','\'','c','\'','a','\'','b','\'','c','\'','a','\'','b','\'','c','\'','a','\'','b','\'','c','\'','a','\'','b','\'','c','\'','a','\'','b','\'','c','\'','a','\'','b','\'','c','\'','a','\'','b','\'','c','\'','a','\'','b','\'','c','\'','a','\'','b','\'','c','\'','a','\'','b','\'','c','\'','a','\'','b','\''}; 
Previous 33: main:array:1={'b','b','b','b','b','b','b','b','b','b','b','b','b','b','b','b','b','b','b','b','b','b','b','b','b','b','b','b','b','b','b','b','b','b','b','b','b','b','b','b','b','b','b','b','b','b','b','b','b','b','b','b','b','b','b','b','b','b','b','b','b','b','b','b','b','b','b','b','b','b','b','b','b','b','b','b','b','b','b','b','b','b','b','b','b','b','b','b','b','b','b','b','b','b','b','b','b','b','b','b','b'}; 
Previous 34: main:array:1={'a','b','c','a','b','c','a','b','c','a','b','c','a','b','c','a','b','c','a','b','c','a','b','c','a','b','c','a','b','c','a','b','c','a','b','c','a','b','c','a','b','c','a','b','c','a','b','c','a','b','c','a','b','c','a','b','c','a','b','c','a','b','c','a','b','c','a','b','c','a','b','c','a','b','c','a','b','c','a','b','c','a','b','c','a','b','c','a','b','c','a','b','c','a','b','c','a','b','c','x','x'}; 
Previous 35: main:array:1={'#','#','#','#','#','#','#','#','#','#','#','#','#','#','#','#','#','#','#','#','#','#','#','#','#','#','#','#','#','#','#','#','#','#','#','#','#','#','#','#','#','#','#','#','#','#','#','#','#','#','#','#','#','#','#','#','#','#','#','#','#','#','#','#','#','#','#','#','#','#','#','#','#','#','#','#','#','#','#','#','#','#','#','#','#','#','#','#','#','#','#','#','#','#','#','#','#','#','#','C','}'}; 
Previous 36: main:array:1={'A','b','C','d','E','f','G','h','I','j','K','l','M','n','O','p','Q','r','S','t','U','v','W','x','Y','z','A','b','C','d','E','f','G','h','I','j','K','l','M','n','O','p','Q','r','S','t','U','v','W','x','Y','z','A','b','C','d','E','f','G','h','I','j','K','l','M','n','O','p','Q','r','S','t','U','v','W','x','Y','z','A','b','C','d','E','f','G','h','I','j','K','l','M','n','O','p','Q','r','S','t','U','v','W'}; 
Previous 37: main:array:1={'M','N','M','N','M','N','M','N','M','N','M','N','M','N','M','N','M','N','M','N','M','N','M','N','M','N','M','N','M','N','M','N','M','N','M','N','M','N','M','N','M','N','M','N','M','N','M','N','M','N','M','N','M','N','M','N','M','N','M','N','M','N','M','N','M','N','M','N','M','N','M','N','M','N','M','N','M','N','M','N','M','N','M','N','M','N','M','N','M','N','M','N','M','N','M','N','M','N','M','N','M'}; 
Previous 38: main:array:1={'z','y','z','y','z','y','z','y','z','y','z','y','z','y','z','y','z','y','z','y','z','y','z','y','z','y','z','y','z','y','z','y','z','y','z','y','z','y','z','y','z','y','z','y','z','y','z','y','z','y','z','y','z','y','z','y','z','y','z','y','z','y','z','y','z','y','z','y','z','y','z','y','z','y','z','y','z','y','z','y','z','y','z','y','z','y','z','y','z','y','z','y','z','y','z','y','z','y','z','y','z'}; 
Previous 39: main:array:1={'x','y','z','x','y','z','x','y','z','x','y','z','x','y','z','x','y','z','x','y','z','x','y','z','x','y','z','x','y','z','x','y','z','x','y','z','x','y','z','x','y','z','x','y','z','x','y','z','x','y','z','x','y','z','x','y','z','x','y','z','x','y','z','x','y','z','x','y','z','x','y','z','x','y','z','x','y','z','x','y','z','x','y','z','x','y','z','x','y','z','x','y','z','x','y','z','x','y','z','x','y'}; 
Previous 40: main:array:1={'*','*','*','*','*','*','*','*','*','*','*','*','*','*','*','*','*','*','*','*','*','*','*','*','*','*','*','*','*','*','*','*','*','*','*','*','*','*','*','*','*','*','*','*','*','*','*','*','*','*','#','#','#','#','#','#','#','#','#','#','#','#','#','#','#','#','#','#','#','#','#','#','#','#','#','#','#','#','#','#','#','#','#','#','#','#','#','#','#','#','#','#','#','#','#','#','#','#','#','#','a'}; 
Previous 41: main:array:1={'1','1','1','1','1','1','1','1','1','1','1','1','1','1','1','1','1','1','1','1','1','1','1','1','1','1','1','1','1','1','1','1','1','1','1','1','1','1','1','1','1','1','1','1','1','1','1','1','1','1','1','1','1','1','1','1','1','1','1','1','1','1','1','1','1','1','1','1','1','1','1','1','1','1','1','1','1','1','1','1','1','1','1','1','1','1','1','1','1','1','1','1','1','1','1','1','1','1','1','1','1'}; 
Previous 42: main:array:1={'\'','0','\'','\'','1','\'','\'','2','\'','\'','3','\'','\'','4','\'','\'','5','\'','\'','6','\'','\'','7','\'','\'','8','\'','\'','9','\'','\'','0','\'','\'','1','\'','\'','2','\'','\'','3','\'','\'','4','\'','\'','5','\'','\'','6','\'','\'','7','\'','\'','8','\'','\'','9','\'','\'','0','\'','\'','1','\'','\'','2','\'','\'','3','\'','\'','4','\'','\'','5','\'','\'','6','\'','\'','7','\'','\'','8','\'','\'','9','\'','\'','0','\'','\'','1','\'','\'','2','\'','\'','3'}; 
Previous 43: main:array:1={'a','b','c','d','e','f','g','h','i','j','k','l','m','n','o','p','q','r','s','t','u','v','w','x','y','z','0','1','2','3','4','5','6','7','8','9','!','@','#','$','%','^','&','*','(',')','-','_','+','=','{','}','[',']','|',':',';','x','y','z','?','`','~','A','B','C','D','E','F','G','H','I','J','K','L','M','N','O','P','Q','R','S','T','U','V','W','X','Y','Z','p','q','r','s','t','u','v','w','x','y','!','#'}; 
Previous 44: main:array:1={'!','#','$','%','&','\'','(',')','*','+',' ',',','-','.','/','0','1','2','3','4','5','6','7','8','9',':',';','<','=','>','?','@','A','B','C','D','E','F','G','H','I','J','K','L','M','N','O','P','Q','R','S','T','U','V','W','X','Y','Z','[','E','^','_','`','a','b','c','d','e','f','g','h','i','j','k','l','m','n','o','p','q','r','s','t','u','v','w','x','y','z','{','|','~','!','0','1','2','3','4','5','6','7'}; 
Previous 45: main:array:1={'a','b','c','d','e','f','g','h','i','j','k','l','m','n','o','p','q','r','s','t','u','v','w','x','y','z','a','b','c','d','e','f','g','h','i','j','k','l','m','n','o','p','q','r','s','t','u','v','w','x','y','z','a','b','c','d','e','f','g','h','i','j','k','l','m','n','o','p','q','r','s','t','u','v','w','x','y','z','a','b','c','d','e','f','g','h','i','j','k','l','m','n','o','p','q','r','s','t','u','v','w'}; 
Previous 46: main:array:1={'a','b','c','a','b','c','a','b','c','a','b','c','a','b','c','a','b','c','a','b','c','a','b','c','a','b','c','a','b','c','a','b','c','a','b','c','a','b','c','a','b','c','a','b','c','a','b','c','a','b','c','a','b','c','a','b','c','a','b','c','a','b','c','a','b','c','a','b','c','a','b','c','a','b','c','a','b','c','a','b','c','a','b','c','a','b','c','a','b','c','a','b','c','a','b','c','a','b','c','a','b'}; 
Previous 47: main:array:1={'x','x','x','x','x','x','x','x','x','x','x','x','x','x','x','x','x','x','x','x','x','x','x','x','x','x','x','x','x','x','x','x','x','x','x','x','x','x','x','x','x','x','x','x','x','x','x','x','x','x','y','y','y','y','y','y','y','y','y','y','y','y','y','y','y','y','y','y','y','y','y','y','y','y','y','y','y','y','y','y','y','y','y','y','y','y','y','y','y','y','y','y','y','y','y','y','y','y','y','y','a'}; 
Previous 48: main:array:1={'q','q','q','q','q','q','q','q','q','q','q','q','q','q','q','q','q','q','q','q','q','q','q','q','q','q','q','q','q','q','q','q','q','q','q','q','q','q','q','q','q','q','q','q','q','q','q','q','q','q','q','q','q','q','q','q','q','q','q','q','q','q','q','q','q','q','q','q','q','q','q','q','q','q','q','q','q','q','q','q','q','q','q','q','q','q','q','q','q','q','q','q','q','q','q','q','q','q','q','q','q'}; 

Program:
extern char __VERIFIER_nondet_char(void);
/*
Commit Number: e6801c90311679fc0854af73da95fe58079c59f4
URL: https://github.com/FreeRADIUS/freeradius-server/commit/e6801c90311679fc0854af73da95fe58079c59f4
Project Name: freeradius-serve
License: GPL2
termination: false


*/
int main()
{
    int stop = 0;
    char array[101];
    for( int i = 0 ; i < 100 ; i++ )
        array[i] =  __VERIFIER_nondet_char();
    array[100] = 0;
    char* p = array;
    while( (*p) && (!stop) )
    {
        switch(*p){
        case '}':
            stop = 1;
            break;

        case ':':
            if( *(p+1) && (*(p+1) == '-')){
                p += 2;
                stop = 1;
            }
            break;
        default:
            p++;
        }
    }
    return 0;
}

"
61,NT,"main:array:1={'b','b','b','b','b','b','b','b','b','b','b','b','b','b','b','b','b','b','b','b','b','b','b','b','b','b','b','b','b','b','b','b','b','b','b','b','b','b','b','b','b','b','b','b','b','b','b','b','b','b','b','b','b','b','b','b','b','b','b','b','b','b','b','b','b','b','b','b','b','b','b','b','b','b','b','b','b','b','b','b','b','b','b','b','b','b','b','b','b','b','b','b','b','b','b','b','b','b','b','b','b'}
",,DUPLICATE,,false,,"You generate concrete values for nondeterministic inputs in a C/C++ program.
Your goal is to produce ONE complete assignment set that is likely to make the program not terminate.

Important rules:
1. Return a value for EVERY listed nondeterministic input ID.
2. Use each ID exactly once.
3. Respect the declared C/C++ type.
4. For an array, return the value as an array containing exactly the required number of elements.
5. For char arrays, each element must be exactly one character. Return the character itself without C single quotes.
6. Prefer small-magnitude values unless larger values are necessary to achieve the requested execution behavior.

Nondeterministic inputs:
- id: main:array:1, type: char, array: true, size: 101, required elements: 101

Previously generated assignment sets are listed below. Generate a materially different set and do not duplicate any of them.
Previous 1: main:array:1={'a','a','a','a','a','a','a','a','a','a','a','a','a','a','a','a','a','a','a','a','a','a','a','a','a','a','a','a','a','a','a','a','a','a','a','a','a','a','a','a','a','a','a','a','a','a','a','a','a','a','a','a','a','a','a','a','a','a','a','a','a','a','a','a','a','a','a','a','a','a','a','a','a','a','a','a','a','a','a','a','a','a','a','a','a','a','a','a','a','a','a','a','a','a','a','a','a','a','a','a','a'}; 
Previous 2: main:array:1={'}','b','b','b','b','b','b','b','b','b','b','b','b','b','b','b','b','b','b','b','b','b','b','b','b','b','b','b','b','b','b','b','b','b','b','b','b','b','b','b','b','b','b','b','b','b','b','b','b','b','b','b','b','b','b','b','b','b','b','b','b','b','b','b','b','b','b','b','b','b','b','b','b','b','b','b','b','b','b','b','b','b','b','b','b','b','b','b','b','b','b','b','b','b','b','b','b','b','b','b','b'}; 
Previous 3: main:array:1={'}','a','a','a','a','a','a','a','a','a','a','a','a','a','a','a','a','a','a','a','a','a','a','a','a','a','a','a','a','a','a','a','a','a','a','a','a','a','a','a','a','a','a','a','a','a','a','a','a','a','a','a','a','a','a','a','a','a','a','a','a','a','a','a','a','a','a','a','a','a','a','a','a','a','a','a','a','a','a','a','a','a','a','a','a','a','a','a','a','a','a','a','a','a','a','a','a','a','a','a','a'}; 
Previous 4: main:array:1={'b','b','b','b','b','b','b','b','b','b','b','b','b','b','b','b','b','b','b','b','b','b','b','b','b','b','b','b','b','b','b','b','b','b','b','b','b','b','b','b','b','b','b','b','b','b','b','b','b','b','}','c','c','c','c','c','c','c','c','c','c','c','c','c','c','c','c','c','c','c','c','c','c','c','c','c','c','c','c','c','c','c','c','c','c','c','c','c','c','c','x','x','x','x','x','x','x','x','x','x','x'}; 
Previous 5: main:array:1={'\'','}','\'','\'','c','\'','\'','c','\'','\'','c','\'','\'','c','\'','\'','c','\'','\'','c','\'','\'','c','\'','\'','c','\'','\'','c','\'','\'','c','\'','\'','c','\'','\'','c','\'','\'','c','\'','\'','c','\'','\'','c','\'','\'','c','\'','\'','c','\'','\'','c','\'','\'','c','\'','\'','c','\'','\'','c','\'','\'','c','\'','\'','c','\'','\'','c','\'','\'','c','\'','\'','c','\'','\'','c','\'','\'','c','\'','\'','c','\'','\'','c','\'','\'','c','\'','\'','c','\'','\'','c'}; 
Previous 6: main:array:1={'\'','\'','\'','\'','\'','\'','\'','\'','\'','\'','\'','\'','\'','\'','\'','\'','\'','\'','\'','\'','\'','\'','\'','\'','\'','\'','\'','\'','\'','\'','\'','\'','\'','\'','\'','\'','\'','\'','\'','\'','\'','\'','\'','\'','\'','\'','\'','\'','\'','\'','\'','\'','\'','\'','\'','\'','\'','\'','\'','\'','\'','\'','\'','\'','\'','\'','\'','\'','\'','\'','\'','\'','\'','\'','\'','\'','\'','\'','\'','\'','\'','\'','\'','\'','\'','\'','\'','\'','\'','\'','\'','\'','\'','\'','\'','\'','\'','\'','\'','\'','\''}; 
Previous 7: main:array:1={'A','B','C','D','E','F','G','H','I','J','K','L','M','N','O','P','Q','R','S','T','U','V','W','X','Y','Z','a','b','c','d','e','f','g','h','i','j','k','l','m','n','o','p','q','r','s','t','u','v','w','x','y','z','0','1','2','3','4','5','6','7','8','9','!','?','.',',','-','_','/','/','|','@','#','$','%','^','&','*','(',')','{','[',']','`','~','>','<',':',';','`','\'',' ','!','?','.',',','%','+','=','/','/'}; 
Previous 8: main:array:1={'0','0','0','0','0','0','0','0','0','0','0','0','0','0','0','0','0','0','0','0','0','0','0','0','0','0','0','0','0','0','0','0','0','0','0','0','0','0','0','0','0','0','0','0','0','0','0','0','0','0','0','0','0','0','0','0','0','0','0','0','0','0','0','0','0','0','0','0','0','0','0','0','0','0','0','0','0','0','0','0','0','0','0','0','0','0','0','0','0','0','0','0','0','0','0','0','0','0','0','0','0'}; 
Previous 9: main:array:1={'a','b','a','b','a','b','a','b','a','b','a','b','a','b','a','b','a','b','a','b','a','b','a','b','a','b','a','b','a','b','a','b','a','b','a','b','a','b','a','b','a','b','a','b','a','b','a','b','a','b','a','b','a','b','a','b','a','b','a','b','a','b','a','b','a','b','a','b','a','b','a','b','a','b','a','b','a','b','a','b','a','b','a','b','a','b','a','b','a','b','a','b','a','b','a','b','a','b','a','b','a'}; 
Previous 10: main:array:1={'\'','A','\'','B','\'','C','\'','D','\'','E','\'','F','\'','G','\'','H','\'','I','\'','J','\'','K','\'','L','\'','M','\'','N','\'','O','\'','P','\'','Q','\'','R','\'','S','\'','T','\'','U','\'','V','\'','W','\'','X','\'','Y','\'','Z','\'','a','\'','b','\'','c','\'','d','\'','e','\'','f','\'','g','\'','h','\'','i','\'','j','\'','k','\'','l','\'','m','\'','n','\'','o','\'','p','\'','q','\'','r','\'','s','\'','t','\'','u','\'','v','\'','w','\'','x','\''}; 
Previous 11: main:array:1={':','-','a','a','a','a','a','a','a','a','a','a','a','a','a','a','a','a','a','a','a','a','a','a','a','a','a','a','a','a','a','a','a','a','a','a','a','a','a','a','a','a','a','a','a','a','a','a','a','a','a','a','a','a','a','a','a','a','a','a','a','a','a','a','a','a','a','a','a','a','a','a','a','a','a','a','a','a','a','a','a','a','a','a','a','a','a','a','a','a','a','a','a','a','a','a','a','a','a','a','a'}; 
Previous 12: main:array:1={'x','x','x','x','x','x','x','x','x','x','x','x','x','x','x','x','x','x','x','x','x','x','x','x','x','x','x','x','x','x','x','x','x','x','x','x','x','x','x','x','x','x','x','x','x','x','x','x','x','x','x','x','x','x','x','x','x','x','x','x','x','x','x','x','x','x','x','x','x','x','x','x','x','x','x','x','x','x','x','x','x','x','x','x','x','x','x','x','x','x','x','x','x','x','x','x','x','x','x','x','x'}; 
Previous 13: main:array:1={':','b','a','a','a','a','a','a','a','a','a','a','a','a','a','a','a','a','a','a','a','a','a','a','a','a','a','a','a','a','a','a','a','a','a','a','a','a','a','a','a','a','a','a','a','a','a','a','a','a','a','a','a','a','a','a','a','a','a','a','a','a','a','a','a','a','a','a','a','a','a','a','a','a','a','a','a','a','a','a','a','a','a','a','a','a','a','a','a','a','a','a','a','a','a','a','a','a','a','a','a'}; 
Previous 14: main:array:1={'\'','\'',':','\'','a','\'','b','\'','b','\'','b','\'','b','\'','b','\'','b','\'','b','\'','b','\'','b','\'','b','\'','b','\'','b','\'','b','\'','b','\'','b','\'','b','\'','b','\'','b','\'','b','\'','b','\'','b','\'','b','\'','b','\'','b','\'','b','\'','b','\'','b','\'','b','\'','b','\'','b','\'','b','\'','b','\'','b','\'','b','\'','b','\'','b','\'','b','\'','b','\'','b','\'','b','\'','b','\'','b','\'','b','\'','b','\'','b','\'','b','\'','b','\'','b'}; 
Previous 15: main:array:1={'a','a','a','a','a','a','a','a','a','a','a','a','a','a','a','a','a','a','a','a','a','a','a','a','a','a','a','a','a','a','a','a','a','a','a','a','a','a','a','a','a','a','a','a','a','a','a','a','a','a','a','a','a','a','a','a','a','a','a','a','a','a','a','a','a','a','a','a','a','a','a','a','a','a','a','a','a','a','a','a','a','a','a','a','a','a','a','a','a','a','a','a','a','a','a','a','a','a',':','0','0'}; 
Previous 16: main:array:1={'z','z','z','z','z','z','z','z','z','z','z','z','z','z','z','z','z','z','z','z','z','z','z','z','z','z','z','z','z','z','z','z','z','z','z','z','z','z','z','z','z','z','z','z','z','z','z','z','z','z','z','z','z','z','z','z','z','z','z','z','z','z','z','z','z','z','z','z','z','z','z','z','z','z','z','z','z','z','z','z','z','z','z','z','z','z','z','z','z','z','z','z','z','z','z','z','z','z','z','z','z'}; 
Previous 17: main:array:1={'!','!','!','!','!','!','!','!','!','!','!','!','!','!','!','!','!','!','!','!','!','!','!','!','!','!','!','!','!','!','!','!','!','!','!','!','!','!','!','!','!','!','!','!','!','!','!','!','!','!','!','!','!','!','!','!','!','!','!','!','!','!','!','!','!','!','!','!','!','!','!','!','!','!','!','!','!','!','!','!','!','!','!','!','!','!','!','!','!','!','!','!','!','!','!','!','!','!','!','!','!'}; 
Previous 18: main:array:1={'a','a','a','a','a','a','a','a','a','a','a','a','a','a','a','a','a','a','a','a','a','a','a','a','a','a','a','a','a','a','a','a','a','a','a','a','a','a','a','a','a','a','a','a','a','a','a','a','a','a','a','a','a','a','a','a','a','a','a','a','a','a','a','a','a','a','a','a','a','a','a','a','a','a','a','a','a','a','a','a','a','a','a','a','a','a','a','a','a','a','a','a','a','a','a','a','a','a','b','b','b'}; 
Previous 19: main:array:1={'A','B','C','D','E','F','G','H','I','J','K','L','M','N','O','P','Q','R','S','T','U','V','W','X','Y','Z','A','B','C','D','E','F','G','H','I','J','K','L','M','N','O','P','Q','R','S','T','U','V','W','X','Y','Z','A','B','C','D','E','F','G','H','I','J','K','L','M','N','O','P','Q','R','S','T','U','V','W','X','Y','Z','A','B','C','D','E','F','G','H','I','J','K','L','M','N','O','P','Q','R','S','T','U','V','W'}; 
Previous 20: main:array:1={'H','e','l','l','o','W','o','r','l','d','H','e','l','l','o','W','o','r','l','d','H','e','l','l','o','W','o','r','l','d','H','e','l','l','o','W','o','r','l','d','H','e','l','l','o','W','o','r','l','d','H','e','l','l','o','W','o','r','l','d','H','e','l','l','o','W','o','r','l','d','H','e','l','l','o','W','o','r','l','d','H','e','l','l','o','W','o','r','l','d','H','e','l','l','o','W','o','r','l','d','H'}; 
Previous 21: main:array:1={':','A','a','a','a','a','a','a','a','a','a','a','a','a','a','a','a','a','a','a','a','a','a','a','a','a','a','a','a','a','a','a','a','a','a','a','a','a','a','a','a','a','a','a','a','a','a','a','a','a','a','a','a','a','a','a','a','a','a','a','a','a','a','a','a','a','a','a','a','a','a','a','a','a','a','a','a','a','a','a','a','a','a','a','a','a','a','a','a','a','a','a','a','a','a','a','a','a','a','a','a'}; 
Previous 22: main:array:1={'m','n','o','p','q','r','s','t','u','v','m','n','o','p','q','r','s','t','u','v','m','n','o','p','q','r','s','t','u','v','m','n','o','p','q','r','s','t','u','v','m','n','o','p','q','r','s','t','u','v','m','n','o','p','q','r','s','t','u','v','m','n','o','p','q','r','s','t','u','v','m','n','o','p','q','r','s','t','u','v','m','n','o','p','q','r','s','t','u','v','m','n','o','p','q','r','s','t','u','v','m'}; 
Previous 23: main:array:1={'a','a','a','a','a','a','a','a','a','a','a','a','a','a','a','a','a','a','a','a','a','a','a','a','a','a','a','a','a','a','a','a','a','a','a','a','a','a','a','a','a','a','a','a','a','a','a','a','a','a','a','a','a','a','a','a','a','a','a','a','a','a','a','a','a','a','a','a','a','a','a','a','a','a','a','a','a','a','a','a','a','a','a','a','a','a','a','a','a','a','a','a','a','a','a','a','a','a','a','a','b'}; 
Previous 24: main:array:1={'-','-','-','-','-','-','-','-','-','-','-','-','-','-','-','-','-','-','-','-','-','-','-','-','-','-','-','-','-','-','-','-','-','-','-','-','-','-','-','-','-','-','-','-','-','-','-','-','-','-','-','-','-','-','-','-','-','-','-','-','-','-','-','-','-','-','-','-','-','-','-','-','-','-','-','-','-','-','-','-','-','-','-','-','-','-','-','-','-','-','-','-','-','-','-','-','-','-','-','-','-'}; 
Previous 25: main:array:1={'A','B','C','D','E','F','G','H','I','J','K','L','M','N','O','P','Q','R','S','T','U','V','W','X','Y','Z','a','b','c','d','e','f','g','h','i','j','k','l','m','n','o','p','q','r','s','t','u','v','w','x','y','z','0','1','2','3','4','5','6','7','8','9','!','@','#','$','%','^','&','*','(',')','-','=','+','[',']','{',';',';',',','.','<','>','?','/',';','~','\'','`','^','+','+','?','/',';','~','\'','`','^','+'}; 
Previous 26: main:array:1={'\'','A','\'','A','\'','A','\'','A','\'','A','\'','A','\'','A','\'','A','\'','A','\'','A','\'','A','\'','A','\'','A','\'','A','\'','A','\'','A','\'','A','\'','A','\'','A','\'','A','\'','A','\'','A','\'','A','\'','A','\'','A','\'','A','\'','A','\'','A','\'','A','\'','A','\'','A','\'','A','\'','A','\'','A','\'','A','\'','A','\'','A','\'','A','\'','A','\'','A','\'','A','\'','A','\'','A','\'','A','\'','A','\'','A','\'','A','\'','A','\'','A','\'','A','\''}; 
Previous 27: main:array:1={'O','O','O','O','O','O','O','O','O','O','O','O','O','O','O','O','O','O','O','O','O','O','O','O','O','O','O','O','O','O','O','O','O','O','O','O','O','O','O','O','O','O','O','O','O','O','O','O','O','O','O','O','O','O','O','O','O','O','O','O','O','O','O','O','O','O','O','O','O','O','O','O','O','O','O','O','O','O','O','O','O','O','O','O','O','O','O','O','O','O','O','O','O','O','O','O','O','O','O','O','O'}; 
Previous 28: main:array:1={'?','?','?','?','?','?','?','?','?','?','?','?','?','?','?','?','?','?','?','?','?','?','?','?','?','?','?','?','?','?','?','?','?','?','?','?','?','?','?','?','?','?','?','?','?','?','?','?','?','?','?','?','?','?','?','?','?','?','?','?','?','?','?','?','?','?','?','?','?','?','?','?','?','?','?','?','?','?','?','?','?','?','?','?','?','?','?','?','?','?','?','?','?','?','?','?','?','?','?','?','?'}; 
Previous 29: main:array:1={':','a','b','b','b','b','b','b','b','b','b','b','b','b','b','b','b','b','b','b','b','b','b','b','b','b','b','b','b','b','b','b','b','b','b','b','b','b','b','b','b','b','b','b','b','b','b','b','b','b','b','b','b','b','b','b','b','b','b','b','b','b','b','b','b','b','b','b','b','b','b','b','b','b','b','b','b','b','b','b','b','b','b','b','b','b','b','b','b','b','b','b','b','b','b','b','b','b','b','b','b'}; 
Previous 30: main:array:1={'a','a','a','a','a','a','a','a','a','a','a','a','a','a','a','a','a','a','a','a','a','a','a','a','a','a','a','a','a','a','a','a','a','a','a','a','a','a','a','a','a','a','a','a','a','a','a','a','a','a','a','a','a','a','a','a','a','a','a','a','b','b','b','b','b','b','b','b','b','b','b','b','b','b','b','b','b','b','b','b','b','b','b','b','b','b','b','b','b','b','b','b','b','b','b','b','b','b','b','b','b'}; 
Previous 31: main:array:1={'a','a','a','a','a','a','a','a','a','a','a','a','a','a','a','a','a','a','a','a','a','a','a','a','a','a','a','a','a','a','a','a','a','a','a','a','a','a','a','a','a','a','a','a','a','a','a','a','a','a','b','b','b','b','b','b','b','b','b','b','b','b','b','b','b','b','b','b','b','b','b','b','b','b','b','b','b','b','b','b','0','0','0','0','0','0','0','0','0','0','0','0','0','0','0','0','0','0','0','0','0'}; 
Previous 32: main:array:1={'\'','a','\'','b','\'','c','\'','a','\'','b','\'','c','\'','a','\'','b','\'','c','\'','a','\'','b','\'','c','\'','a','\'','b','\'','c','\'','a','\'','b','\'','c','\'','a','\'','b','\'','c','\'','a','\'','b','\'','c','\'','a','\'','b','\'','c','\'','a','\'','b','\'','c','\'','a','\'','b','\'','c','\'','a','\'','b','\'','c','\'','a','\'','b','\'','c','\'','a','\'','b','\'','c','\'','a','\'','b','\'','c','\'','a','\'','b','\'','c','\'','a','\'','b','\''}; 
Previous 33: main:array:1={'b','b','b','b','b','b','b','b','b','b','b','b','b','b','b','b','b','b','b','b','b','b','b','b','b','b','b','b','b','b','b','b','b','b','b','b','b','b','b','b','b','b','b','b','b','b','b','b','b','b','b','b','b','b','b','b','b','b','b','b','b','b','b','b','b','b','b','b','b','b','b','b','b','b','b','b','b','b','b','b','b','b','b','b','b','b','b','b','b','b','b','b','b','b','b','b','b','b','b','b','b'}; 
Previous 34: main:array:1={'a','b','c','a','b','c','a','b','c','a','b','c','a','b','c','a','b','c','a','b','c','a','b','c','a','b','c','a','b','c','a','b','c','a','b','c','a','b','c','a','b','c','a','b','c','a','b','c','a','b','c','a','b','c','a','b','c','a','b','c','a','b','c','a','b','c','a','b','c','a','b','c','a','b','c','a','b','c','a','b','c','a','b','c','a','b','c','a','b','c','a','b','c','a','b','c','a','b','c','x','x'}; 
Previous 35: main:array:1={'#','#','#','#','#','#','#','#','#','#','#','#','#','#','#','#','#','#','#','#','#','#','#','#','#','#','#','#','#','#','#','#','#','#','#','#','#','#','#','#','#','#','#','#','#','#','#','#','#','#','#','#','#','#','#','#','#','#','#','#','#','#','#','#','#','#','#','#','#','#','#','#','#','#','#','#','#','#','#','#','#','#','#','#','#','#','#','#','#','#','#','#','#','#','#','#','#','#','#','C','}'}; 
Previous 36: main:array:1={'A','b','C','d','E','f','G','h','I','j','K','l','M','n','O','p','Q','r','S','t','U','v','W','x','Y','z','A','b','C','d','E','f','G','h','I','j','K','l','M','n','O','p','Q','r','S','t','U','v','W','x','Y','z','A','b','C','d','E','f','G','h','I','j','K','l','M','n','O','p','Q','r','S','t','U','v','W','x','Y','z','A','b','C','d','E','f','G','h','I','j','K','l','M','n','O','p','Q','r','S','t','U','v','W'}; 
Previous 37: main:array:1={'M','N','M','N','M','N','M','N','M','N','M','N','M','N','M','N','M','N','M','N','M','N','M','N','M','N','M','N','M','N','M','N','M','N','M','N','M','N','M','N','M','N','M','N','M','N','M','N','M','N','M','N','M','N','M','N','M','N','M','N','M','N','M','N','M','N','M','N','M','N','M','N','M','N','M','N','M','N','M','N','M','N','M','N','M','N','M','N','M','N','M','N','M','N','M','N','M','N','M','N','M'}; 
Previous 38: main:array:1={'z','y','z','y','z','y','z','y','z','y','z','y','z','y','z','y','z','y','z','y','z','y','z','y','z','y','z','y','z','y','z','y','z','y','z','y','z','y','z','y','z','y','z','y','z','y','z','y','z','y','z','y','z','y','z','y','z','y','z','y','z','y','z','y','z','y','z','y','z','y','z','y','z','y','z','y','z','y','z','y','z','y','z','y','z','y','z','y','z','y','z','y','z','y','z','y','z','y','z','y','z'}; 
Previous 39: main:array:1={'x','y','z','x','y','z','x','y','z','x','y','z','x','y','z','x','y','z','x','y','z','x','y','z','x','y','z','x','y','z','x','y','z','x','y','z','x','y','z','x','y','z','x','y','z','x','y','z','x','y','z','x','y','z','x','y','z','x','y','z','x','y','z','x','y','z','x','y','z','x','y','z','x','y','z','x','y','z','x','y','z','x','y','z','x','y','z','x','y','z','x','y','z','x','y','z','x','y','z','x','y'}; 
Previous 40: main:array:1={'*','*','*','*','*','*','*','*','*','*','*','*','*','*','*','*','*','*','*','*','*','*','*','*','*','*','*','*','*','*','*','*','*','*','*','*','*','*','*','*','*','*','*','*','*','*','*','*','*','*','#','#','#','#','#','#','#','#','#','#','#','#','#','#','#','#','#','#','#','#','#','#','#','#','#','#','#','#','#','#','#','#','#','#','#','#','#','#','#','#','#','#','#','#','#','#','#','#','#','#','a'}; 
Previous 41: main:array:1={'1','1','1','1','1','1','1','1','1','1','1','1','1','1','1','1','1','1','1','1','1','1','1','1','1','1','1','1','1','1','1','1','1','1','1','1','1','1','1','1','1','1','1','1','1','1','1','1','1','1','1','1','1','1','1','1','1','1','1','1','1','1','1','1','1','1','1','1','1','1','1','1','1','1','1','1','1','1','1','1','1','1','1','1','1','1','1','1','1','1','1','1','1','1','1','1','1','1','1','1','1'}; 
Previous 42: main:array:1={'\'','0','\'','\'','1','\'','\'','2','\'','\'','3','\'','\'','4','\'','\'','5','\'','\'','6','\'','\'','7','\'','\'','8','\'','\'','9','\'','\'','0','\'','\'','1','\'','\'','2','\'','\'','3','\'','\'','4','\'','\'','5','\'','\'','6','\'','\'','7','\'','\'','8','\'','\'','9','\'','\'','0','\'','\'','1','\'','\'','2','\'','\'','3','\'','\'','4','\'','\'','5','\'','\'','6','\'','\'','7','\'','\'','8','\'','\'','9','\'','\'','0','\'','\'','1','\'','\'','2','\'','\'','3'}; 
Previous 43: main:array:1={'a','b','c','d','e','f','g','h','i','j','k','l','m','n','o','p','q','r','s','t','u','v','w','x','y','z','0','1','2','3','4','5','6','7','8','9','!','@','#','$','%','^','&','*','(',')','-','_','+','=','{','}','[',']','|',':',';','x','y','z','?','`','~','A','B','C','D','E','F','G','H','I','J','K','L','M','N','O','P','Q','R','S','T','U','V','W','X','Y','Z','p','q','r','s','t','u','v','w','x','y','!','#'}; 
Previous 44: main:array:1={'!','#','$','%','&','\'','(',')','*','+',' ',',','-','.','/','0','1','2','3','4','5','6','7','8','9',':',';','<','=','>','?','@','A','B','C','D','E','F','G','H','I','J','K','L','M','N','O','P','Q','R','S','T','U','V','W','X','Y','Z','[','E','^','_','`','a','b','c','d','e','f','g','h','i','j','k','l','m','n','o','p','q','r','s','t','u','v','w','x','y','z','{','|','~','!','0','1','2','3','4','5','6','7'}; 
Previous 45: main:array:1={'a','b','c','d','e','f','g','h','i','j','k','l','m','n','o','p','q','r','s','t','u','v','w','x','y','z','a','b','c','d','e','f','g','h','i','j','k','l','m','n','o','p','q','r','s','t','u','v','w','x','y','z','a','b','c','d','e','f','g','h','i','j','k','l','m','n','o','p','q','r','s','t','u','v','w','x','y','z','a','b','c','d','e','f','g','h','i','j','k','l','m','n','o','p','q','r','s','t','u','v','w'}; 
Previous 46: main:array:1={'a','b','c','a','b','c','a','b','c','a','b','c','a','b','c','a','b','c','a','b','c','a','b','c','a','b','c','a','b','c','a','b','c','a','b','c','a','b','c','a','b','c','a','b','c','a','b','c','a','b','c','a','b','c','a','b','c','a','b','c','a','b','c','a','b','c','a','b','c','a','b','c','a','b','c','a','b','c','a','b','c','a','b','c','a','b','c','a','b','c','a','b','c','a','b','c','a','b','c','a','b'}; 
Previous 47: main:array:1={'x','x','x','x','x','x','x','x','x','x','x','x','x','x','x','x','x','x','x','x','x','x','x','x','x','x','x','x','x','x','x','x','x','x','x','x','x','x','x','x','x','x','x','x','x','x','x','x','x','x','y','y','y','y','y','y','y','y','y','y','y','y','y','y','y','y','y','y','y','y','y','y','y','y','y','y','y','y','y','y','y','y','y','y','y','y','y','y','y','y','y','y','y','y','y','y','y','y','y','y','a'}; 
Previous 48: main:array:1={'q','q','q','q','q','q','q','q','q','q','q','q','q','q','q','q','q','q','q','q','q','q','q','q','q','q','q','q','q','q','q','q','q','q','q','q','q','q','q','q','q','q','q','q','q','q','q','q','q','q','q','q','q','q','q','q','q','q','q','q','q','q','q','q','q','q','q','q','q','q','q','q','q','q','q','q','q','q','q','q','q','q','q','q','q','q','q','q','q','q','q','q','q','q','q','q','q','q','q','q','q'}; 
Previous 49: main:array:1={'a','b','c','d','a','b','c','d','a','b','c','d','a','b','c','d','a','b','c','d','a','b','c','d','a','b','c','d','a','b','c','d','a','b','c','d','a','b','c','d','a','b','c','d','a','b','c','d','a','b','c','d','a','b','c','d','a','b','c','d','a','b','c','d','a','b','c','d','a','b','c','d','a','b','c','d','a','b','c','d','a','b','c','d','a','b','c','d','a','b','c','d','a','b','c','d','a','b','c','d','a'}; 

Program:
extern char __VERIFIER_nondet_char(void);
/*
Commit Number: e6801c90311679fc0854af73da95fe58079c59f4
URL: https://github.com/FreeRADIUS/freeradius-server/commit/e6801c90311679fc0854af73da95fe58079c59f4
Project Name: freeradius-serve
License: GPL2
termination: false


*/
int main()
{
    int stop = 0;
    char array[101];
    for( int i = 0 ; i < 100 ; i++ )
        array[i] =  __VERIFIER_nondet_char();
    array[100] = 0;
    char* p = array;
    while( (*p) && (!stop) )
    {
        switch(*p){
        case '}':
            stop = 1;
            break;

        case ':':
            if( *(p+1) && (*(p+1) == '-')){
                p += 2;
                stop = 1;
            }
            break;
        default:
            p++;
        }
    }
    return 0;
}

"
62,NT,"main:array:1={'+',';','-','.','/','0','1','2','3','4','5','6','7','8','9',':',';','<',':','>','?','@','A','B','C','D','E','F','G','H','I','J','K','L','M','N','O','P','Q','R','S','T','U','V','W','X','Y','Z','[',' ','+',';','-','.','/','0','1','2','3','4','5','6','7','8','9',':',';','<',':','>','?','@','A','B','C','D','E','F','G','H','I','J','K','L','M','N','O','P','Q','R','S','T','U','V','W','X','Y','Z','[',' ','0'}
",/home/quasar/Documents/FocusTNT/results_InputGeneration/FSE/loop/Incorrect_Control_Statement_1_NT/input_generator_artifacts/generated_programs/Incorrect_Control_Statement_1_NT_TestCase17.c,TIMEOUT,LIKELY_NT,true,,"You generate concrete values for nondeterministic inputs in a C/C++ program.
Your goal is to produce ONE complete assignment set that is likely to make the program not terminate.

Important rules:
1. Return a value for EVERY listed nondeterministic input ID.
2. Use each ID exactly once.
3. Respect the declared C/C++ type.
4. For an array, return the value as an array containing exactly the required number of elements.
5. For char arrays, each element must be exactly one character. Return the character itself without C single quotes.
6. Prefer small-magnitude values unless larger values are necessary to achieve the requested execution behavior.

Nondeterministic inputs:
- id: main:array:1, type: char, array: true, size: 101, required elements: 101

Previously generated assignment sets are listed below. Generate a materially different set and do not duplicate any of them.
Previous 1: main:array:1={'a','a','a','a','a','a','a','a','a','a','a','a','a','a','a','a','a','a','a','a','a','a','a','a','a','a','a','a','a','a','a','a','a','a','a','a','a','a','a','a','a','a','a','a','a','a','a','a','a','a','a','a','a','a','a','a','a','a','a','a','a','a','a','a','a','a','a','a','a','a','a','a','a','a','a','a','a','a','a','a','a','a','a','a','a','a','a','a','a','a','a','a','a','a','a','a','a','a','a','a','a'}; 
Previous 2: main:array:1={'}','b','b','b','b','b','b','b','b','b','b','b','b','b','b','b','b','b','b','b','b','b','b','b','b','b','b','b','b','b','b','b','b','b','b','b','b','b','b','b','b','b','b','b','b','b','b','b','b','b','b','b','b','b','b','b','b','b','b','b','b','b','b','b','b','b','b','b','b','b','b','b','b','b','b','b','b','b','b','b','b','b','b','b','b','b','b','b','b','b','b','b','b','b','b','b','b','b','b','b','b'}; 
Previous 3: main:array:1={'}','a','a','a','a','a','a','a','a','a','a','a','a','a','a','a','a','a','a','a','a','a','a','a','a','a','a','a','a','a','a','a','a','a','a','a','a','a','a','a','a','a','a','a','a','a','a','a','a','a','a','a','a','a','a','a','a','a','a','a','a','a','a','a','a','a','a','a','a','a','a','a','a','a','a','a','a','a','a','a','a','a','a','a','a','a','a','a','a','a','a','a','a','a','a','a','a','a','a','a','a'}; 
Previous 4: main:array:1={'b','b','b','b','b','b','b','b','b','b','b','b','b','b','b','b','b','b','b','b','b','b','b','b','b','b','b','b','b','b','b','b','b','b','b','b','b','b','b','b','b','b','b','b','b','b','b','b','b','b','}','c','c','c','c','c','c','c','c','c','c','c','c','c','c','c','c','c','c','c','c','c','c','c','c','c','c','c','c','c','c','c','c','c','c','c','c','c','c','c','x','x','x','x','x','x','x','x','x','x','x'}; 
Previous 5: main:array:1={'\'','}','\'','\'','c','\'','\'','c','\'','\'','c','\'','\'','c','\'','\'','c','\'','\'','c','\'','\'','c','\'','\'','c','\'','\'','c','\'','\'','c','\'','\'','c','\'','\'','c','\'','\'','c','\'','\'','c','\'','\'','c','\'','\'','c','\'','\'','c','\'','\'','c','\'','\'','c','\'','\'','c','\'','\'','c','\'','\'','c','\'','\'','c','\'','\'','c','\'','\'','c','\'','\'','c','\'','\'','c','\'','\'','c','\'','\'','c','\'','\'','c','\'','\'','c','\'','\'','c','\'','\'','c'}; 
Previous 6: main:array:1={'\'','\'','\'','\'','\'','\'','\'','\'','\'','\'','\'','\'','\'','\'','\'','\'','\'','\'','\'','\'','\'','\'','\'','\'','\'','\'','\'','\'','\'','\'','\'','\'','\'','\'','\'','\'','\'','\'','\'','\'','\'','\'','\'','\'','\'','\'','\'','\'','\'','\'','\'','\'','\'','\'','\'','\'','\'','\'','\'','\'','\'','\'','\'','\'','\'','\'','\'','\'','\'','\'','\'','\'','\'','\'','\'','\'','\'','\'','\'','\'','\'','\'','\'','\'','\'','\'','\'','\'','\'','\'','\'','\'','\'','\'','\'','\'','\'','\'','\'','\'','\''}; 
Previous 7: main:array:1={'A','B','C','D','E','F','G','H','I','J','K','L','M','N','O','P','Q','R','S','T','U','V','W','X','Y','Z','a','b','c','d','e','f','g','h','i','j','k','l','m','n','o','p','q','r','s','t','u','v','w','x','y','z','0','1','2','3','4','5','6','7','8','9','!','?','.',',','-','_','/','/','|','@','#','$','%','^','&','*','(',')','{','[',']','`','~','>','<',':',';','`','\'',' ','!','?','.',',','%','+','=','/','/'}; 
Previous 8: main:array:1={'0','0','0','0','0','0','0','0','0','0','0','0','0','0','0','0','0','0','0','0','0','0','0','0','0','0','0','0','0','0','0','0','0','0','0','0','0','0','0','0','0','0','0','0','0','0','0','0','0','0','0','0','0','0','0','0','0','0','0','0','0','0','0','0','0','0','0','0','0','0','0','0','0','0','0','0','0','0','0','0','0','0','0','0','0','0','0','0','0','0','0','0','0','0','0','0','0','0','0','0','0'}; 
Previous 9: main:array:1={'a','b','a','b','a','b','a','b','a','b','a','b','a','b','a','b','a','b','a','b','a','b','a','b','a','b','a','b','a','b','a','b','a','b','a','b','a','b','a','b','a','b','a','b','a','b','a','b','a','b','a','b','a','b','a','b','a','b','a','b','a','b','a','b','a','b','a','b','a','b','a','b','a','b','a','b','a','b','a','b','a','b','a','b','a','b','a','b','a','b','a','b','a','b','a','b','a','b','a','b','a'}; 
Previous 10: main:array:1={'\'','A','\'','B','\'','C','\'','D','\'','E','\'','F','\'','G','\'','H','\'','I','\'','J','\'','K','\'','L','\'','M','\'','N','\'','O','\'','P','\'','Q','\'','R','\'','S','\'','T','\'','U','\'','V','\'','W','\'','X','\'','Y','\'','Z','\'','a','\'','b','\'','c','\'','d','\'','e','\'','f','\'','g','\'','h','\'','i','\'','j','\'','k','\'','l','\'','m','\'','n','\'','o','\'','p','\'','q','\'','r','\'','s','\'','t','\'','u','\'','v','\'','w','\'','x','\''}; 
Previous 11: main:array:1={':','-','a','a','a','a','a','a','a','a','a','a','a','a','a','a','a','a','a','a','a','a','a','a','a','a','a','a','a','a','a','a','a','a','a','a','a','a','a','a','a','a','a','a','a','a','a','a','a','a','a','a','a','a','a','a','a','a','a','a','a','a','a','a','a','a','a','a','a','a','a','a','a','a','a','a','a','a','a','a','a','a','a','a','a','a','a','a','a','a','a','a','a','a','a','a','a','a','a','a','a'}; 
Previous 12: main:array:1={'x','x','x','x','x','x','x','x','x','x','x','x','x','x','x','x','x','x','x','x','x','x','x','x','x','x','x','x','x','x','x','x','x','x','x','x','x','x','x','x','x','x','x','x','x','x','x','x','x','x','x','x','x','x','x','x','x','x','x','x','x','x','x','x','x','x','x','x','x','x','x','x','x','x','x','x','x','x','x','x','x','x','x','x','x','x','x','x','x','x','x','x','x','x','x','x','x','x','x','x','x'}; 
Previous 13: main:array:1={':','b','a','a','a','a','a','a','a','a','a','a','a','a','a','a','a','a','a','a','a','a','a','a','a','a','a','a','a','a','a','a','a','a','a','a','a','a','a','a','a','a','a','a','a','a','a','a','a','a','a','a','a','a','a','a','a','a','a','a','a','a','a','a','a','a','a','a','a','a','a','a','a','a','a','a','a','a','a','a','a','a','a','a','a','a','a','a','a','a','a','a','a','a','a','a','a','a','a','a','a'}; 
Previous 14: main:array:1={'\'','\'',':','\'','a','\'','b','\'','b','\'','b','\'','b','\'','b','\'','b','\'','b','\'','b','\'','b','\'','b','\'','b','\'','b','\'','b','\'','b','\'','b','\'','b','\'','b','\'','b','\'','b','\'','b','\'','b','\'','b','\'','b','\'','b','\'','b','\'','b','\'','b','\'','b','\'','b','\'','b','\'','b','\'','b','\'','b','\'','b','\'','b','\'','b','\'','b','\'','b','\'','b','\'','b','\'','b','\'','b','\'','b','\'','b','\'','b','\'','b','\'','b','\'','b'}; 
Previous 15: main:array:1={'a','a','a','a','a','a','a','a','a','a','a','a','a','a','a','a','a','a','a','a','a','a','a','a','a','a','a','a','a','a','a','a','a','a','a','a','a','a','a','a','a','a','a','a','a','a','a','a','a','a','a','a','a','a','a','a','a','a','a','a','a','a','a','a','a','a','a','a','a','a','a','a','a','a','a','a','a','a','a','a','a','a','a','a','a','a','a','a','a','a','a','a','a','a','a','a','a','a',':','0','0'}; 
Previous 16: main:array:1={'z','z','z','z','z','z','z','z','z','z','z','z','z','z','z','z','z','z','z','z','z','z','z','z','z','z','z','z','z','z','z','z','z','z','z','z','z','z','z','z','z','z','z','z','z','z','z','z','z','z','z','z','z','z','z','z','z','z','z','z','z','z','z','z','z','z','z','z','z','z','z','z','z','z','z','z','z','z','z','z','z','z','z','z','z','z','z','z','z','z','z','z','z','z','z','z','z','z','z','z','z'}; 
Previous 17: main:array:1={'!','!','!','!','!','!','!','!','!','!','!','!','!','!','!','!','!','!','!','!','!','!','!','!','!','!','!','!','!','!','!','!','!','!','!','!','!','!','!','!','!','!','!','!','!','!','!','!','!','!','!','!','!','!','!','!','!','!','!','!','!','!','!','!','!','!','!','!','!','!','!','!','!','!','!','!','!','!','!','!','!','!','!','!','!','!','!','!','!','!','!','!','!','!','!','!','!','!','!','!','!'}; 
Previous 18: main:array:1={'a','a','a','a','a','a','a','a','a','a','a','a','a','a','a','a','a','a','a','a','a','a','a','a','a','a','a','a','a','a','a','a','a','a','a','a','a','a','a','a','a','a','a','a','a','a','a','a','a','a','a','a','a','a','a','a','a','a','a','a','a','a','a','a','a','a','a','a','a','a','a','a','a','a','a','a','a','a','a','a','a','a','a','a','a','a','a','a','a','a','a','a','a','a','a','a','a','a','b','b','b'}; 
Previous 19: main:array:1={'A','B','C','D','E','F','G','H','I','J','K','L','M','N','O','P','Q','R','S','T','U','V','W','X','Y','Z','A','B','C','D','E','F','G','H','I','J','K','L','M','N','O','P','Q','R','S','T','U','V','W','X','Y','Z','A','B','C','D','E','F','G','H','I','J','K','L','M','N','O','P','Q','R','S','T','U','V','W','X','Y','Z','A','B','C','D','E','F','G','H','I','J','K','L','M','N','O','P','Q','R','S','T','U','V','W'}; 
Previous 20: main:array:1={'H','e','l','l','o','W','o','r','l','d','H','e','l','l','o','W','o','r','l','d','H','e','l','l','o','W','o','r','l','d','H','e','l','l','o','W','o','r','l','d','H','e','l','l','o','W','o','r','l','d','H','e','l','l','o','W','o','r','l','d','H','e','l','l','o','W','o','r','l','d','H','e','l','l','o','W','o','r','l','d','H','e','l','l','o','W','o','r','l','d','H','e','l','l','o','W','o','r','l','d','H'}; 
Previous 21: main:array:1={':','A','a','a','a','a','a','a','a','a','a','a','a','a','a','a','a','a','a','a','a','a','a','a','a','a','a','a','a','a','a','a','a','a','a','a','a','a','a','a','a','a','a','a','a','a','a','a','a','a','a','a','a','a','a','a','a','a','a','a','a','a','a','a','a','a','a','a','a','a','a','a','a','a','a','a','a','a','a','a','a','a','a','a','a','a','a','a','a','a','a','a','a','a','a','a','a','a','a','a','a'}; 
Previous 22: main:array:1={'m','n','o','p','q','r','s','t','u','v','m','n','o','p','q','r','s','t','u','v','m','n','o','p','q','r','s','t','u','v','m','n','o','p','q','r','s','t','u','v','m','n','o','p','q','r','s','t','u','v','m','n','o','p','q','r','s','t','u','v','m','n','o','p','q','r','s','t','u','v','m','n','o','p','q','r','s','t','u','v','m','n','o','p','q','r','s','t','u','v','m','n','o','p','q','r','s','t','u','v','m'}; 
Previous 23: main:array:1={'a','a','a','a','a','a','a','a','a','a','a','a','a','a','a','a','a','a','a','a','a','a','a','a','a','a','a','a','a','a','a','a','a','a','a','a','a','a','a','a','a','a','a','a','a','a','a','a','a','a','a','a','a','a','a','a','a','a','a','a','a','a','a','a','a','a','a','a','a','a','a','a','a','a','a','a','a','a','a','a','a','a','a','a','a','a','a','a','a','a','a','a','a','a','a','a','a','a','a','a','b'}; 
Previous 24: main:array:1={'-','-','-','-','-','-','-','-','-','-','-','-','-','-','-','-','-','-','-','-','-','-','-','-','-','-','-','-','-','-','-','-','-','-','-','-','-','-','-','-','-','-','-','-','-','-','-','-','-','-','-','-','-','-','-','-','-','-','-','-','-','-','-','-','-','-','-','-','-','-','-','-','-','-','-','-','-','-','-','-','-','-','-','-','-','-','-','-','-','-','-','-','-','-','-','-','-','-','-','-','-'}; 
Previous 25: main:array:1={'A','B','C','D','E','F','G','H','I','J','K','L','M','N','O','P','Q','R','S','T','U','V','W','X','Y','Z','a','b','c','d','e','f','g','h','i','j','k','l','m','n','o','p','q','r','s','t','u','v','w','x','y','z','0','1','2','3','4','5','6','7','8','9','!','@','#','$','%','^','&','*','(',')','-','=','+','[',']','{',';',';',',','.','<','>','?','/',';','~','\'','`','^','+','+','?','/',';','~','\'','`','^','+'}; 
Previous 26: main:array:1={'\'','A','\'','A','\'','A','\'','A','\'','A','\'','A','\'','A','\'','A','\'','A','\'','A','\'','A','\'','A','\'','A','\'','A','\'','A','\'','A','\'','A','\'','A','\'','A','\'','A','\'','A','\'','A','\'','A','\'','A','\'','A','\'','A','\'','A','\'','A','\'','A','\'','A','\'','A','\'','A','\'','A','\'','A','\'','A','\'','A','\'','A','\'','A','\'','A','\'','A','\'','A','\'','A','\'','A','\'','A','\'','A','\'','A','\'','A','\'','A','\'','A','\'','A','\''}; 
Previous 27: main:array:1={'O','O','O','O','O','O','O','O','O','O','O','O','O','O','O','O','O','O','O','O','O','O','O','O','O','O','O','O','O','O','O','O','O','O','O','O','O','O','O','O','O','O','O','O','O','O','O','O','O','O','O','O','O','O','O','O','O','O','O','O','O','O','O','O','O','O','O','O','O','O','O','O','O','O','O','O','O','O','O','O','O','O','O','O','O','O','O','O','O','O','O','O','O','O','O','O','O','O','O','O','O'}; 
Previous 28: main:array:1={'?','?','?','?','?','?','?','?','?','?','?','?','?','?','?','?','?','?','?','?','?','?','?','?','?','?','?','?','?','?','?','?','?','?','?','?','?','?','?','?','?','?','?','?','?','?','?','?','?','?','?','?','?','?','?','?','?','?','?','?','?','?','?','?','?','?','?','?','?','?','?','?','?','?','?','?','?','?','?','?','?','?','?','?','?','?','?','?','?','?','?','?','?','?','?','?','?','?','?','?','?'}; 
Previous 29: main:array:1={':','a','b','b','b','b','b','b','b','b','b','b','b','b','b','b','b','b','b','b','b','b','b','b','b','b','b','b','b','b','b','b','b','b','b','b','b','b','b','b','b','b','b','b','b','b','b','b','b','b','b','b','b','b','b','b','b','b','b','b','b','b','b','b','b','b','b','b','b','b','b','b','b','b','b','b','b','b','b','b','b','b','b','b','b','b','b','b','b','b','b','b','b','b','b','b','b','b','b','b','b'}; 
Previous 30: main:array:1={'a','a','a','a','a','a','a','a','a','a','a','a','a','a','a','a','a','a','a','a','a','a','a','a','a','a','a','a','a','a','a','a','a','a','a','a','a','a','a','a','a','a','a','a','a','a','a','a','a','a','a','a','a','a','a','a','a','a','a','a','b','b','b','b','b','b','b','b','b','b','b','b','b','b','b','b','b','b','b','b','b','b','b','b','b','b','b','b','b','b','b','b','b','b','b','b','b','b','b','b','b'}; 
Previous 31: main:array:1={'a','a','a','a','a','a','a','a','a','a','a','a','a','a','a','a','a','a','a','a','a','a','a','a','a','a','a','a','a','a','a','a','a','a','a','a','a','a','a','a','a','a','a','a','a','a','a','a','a','a','b','b','b','b','b','b','b','b','b','b','b','b','b','b','b','b','b','b','b','b','b','b','b','b','b','b','b','b','b','b','0','0','0','0','0','0','0','0','0','0','0','0','0','0','0','0','0','0','0','0','0'}; 
Previous 32: main:array:1={'\'','a','\'','b','\'','c','\'','a','\'','b','\'','c','\'','a','\'','b','\'','c','\'','a','\'','b','\'','c','\'','a','\'','b','\'','c','\'','a','\'','b','\'','c','\'','a','\'','b','\'','c','\'','a','\'','b','\'','c','\'','a','\'','b','\'','c','\'','a','\'','b','\'','c','\'','a','\'','b','\'','c','\'','a','\'','b','\'','c','\'','a','\'','b','\'','c','\'','a','\'','b','\'','c','\'','a','\'','b','\'','c','\'','a','\'','b','\'','c','\'','a','\'','b','\''}; 
Previous 33: main:array:1={'b','b','b','b','b','b','b','b','b','b','b','b','b','b','b','b','b','b','b','b','b','b','b','b','b','b','b','b','b','b','b','b','b','b','b','b','b','b','b','b','b','b','b','b','b','b','b','b','b','b','b','b','b','b','b','b','b','b','b','b','b','b','b','b','b','b','b','b','b','b','b','b','b','b','b','b','b','b','b','b','b','b','b','b','b','b','b','b','b','b','b','b','b','b','b','b','b','b','b','b','b'}; 
Previous 34: main:array:1={'a','b','c','a','b','c','a','b','c','a','b','c','a','b','c','a','b','c','a','b','c','a','b','c','a','b','c','a','b','c','a','b','c','a','b','c','a','b','c','a','b','c','a','b','c','a','b','c','a','b','c','a','b','c','a','b','c','a','b','c','a','b','c','a','b','c','a','b','c','a','b','c','a','b','c','a','b','c','a','b','c','a','b','c','a','b','c','a','b','c','a','b','c','a','b','c','a','b','c','x','x'}; 
Previous 35: main:array:1={'#','#','#','#','#','#','#','#','#','#','#','#','#','#','#','#','#','#','#','#','#','#','#','#','#','#','#','#','#','#','#','#','#','#','#','#','#','#','#','#','#','#','#','#','#','#','#','#','#','#','#','#','#','#','#','#','#','#','#','#','#','#','#','#','#','#','#','#','#','#','#','#','#','#','#','#','#','#','#','#','#','#','#','#','#','#','#','#','#','#','#','#','#','#','#','#','#','#','#','C','}'}; 
Previous 36: main:array:1={'A','b','C','d','E','f','G','h','I','j','K','l','M','n','O','p','Q','r','S','t','U','v','W','x','Y','z','A','b','C','d','E','f','G','h','I','j','K','l','M','n','O','p','Q','r','S','t','U','v','W','x','Y','z','A','b','C','d','E','f','G','h','I','j','K','l','M','n','O','p','Q','r','S','t','U','v','W','x','Y','z','A','b','C','d','E','f','G','h','I','j','K','l','M','n','O','p','Q','r','S','t','U','v','W'}; 
Previous 37: main:array:1={'M','N','M','N','M','N','M','N','M','N','M','N','M','N','M','N','M','N','M','N','M','N','M','N','M','N','M','N','M','N','M','N','M','N','M','N','M','N','M','N','M','N','M','N','M','N','M','N','M','N','M','N','M','N','M','N','M','N','M','N','M','N','M','N','M','N','M','N','M','N','M','N','M','N','M','N','M','N','M','N','M','N','M','N','M','N','M','N','M','N','M','N','M','N','M','N','M','N','M','N','M'}; 
Previous 38: main:array:1={'z','y','z','y','z','y','z','y','z','y','z','y','z','y','z','y','z','y','z','y','z','y','z','y','z','y','z','y','z','y','z','y','z','y','z','y','z','y','z','y','z','y','z','y','z','y','z','y','z','y','z','y','z','y','z','y','z','y','z','y','z','y','z','y','z','y','z','y','z','y','z','y','z','y','z','y','z','y','z','y','z','y','z','y','z','y','z','y','z','y','z','y','z','y','z','y','z','y','z','y','z'}; 
Previous 39: main:array:1={'x','y','z','x','y','z','x','y','z','x','y','z','x','y','z','x','y','z','x','y','z','x','y','z','x','y','z','x','y','z','x','y','z','x','y','z','x','y','z','x','y','z','x','y','z','x','y','z','x','y','z','x','y','z','x','y','z','x','y','z','x','y','z','x','y','z','x','y','z','x','y','z','x','y','z','x','y','z','x','y','z','x','y','z','x','y','z','x','y','z','x','y','z','x','y','z','x','y','z','x','y'}; 
Previous 40: main:array:1={'*','*','*','*','*','*','*','*','*','*','*','*','*','*','*','*','*','*','*','*','*','*','*','*','*','*','*','*','*','*','*','*','*','*','*','*','*','*','*','*','*','*','*','*','*','*','*','*','*','*','#','#','#','#','#','#','#','#','#','#','#','#','#','#','#','#','#','#','#','#','#','#','#','#','#','#','#','#','#','#','#','#','#','#','#','#','#','#','#','#','#','#','#','#','#','#','#','#','#','#','a'}; 
Previous 41: main:array:1={'1','1','1','1','1','1','1','1','1','1','1','1','1','1','1','1','1','1','1','1','1','1','1','1','1','1','1','1','1','1','1','1','1','1','1','1','1','1','1','1','1','1','1','1','1','1','1','1','1','1','1','1','1','1','1','1','1','1','1','1','1','1','1','1','1','1','1','1','1','1','1','1','1','1','1','1','1','1','1','1','1','1','1','1','1','1','1','1','1','1','1','1','1','1','1','1','1','1','1','1','1'}; 
Previous 42: main:array:1={'\'','0','\'','\'','1','\'','\'','2','\'','\'','3','\'','\'','4','\'','\'','5','\'','\'','6','\'','\'','7','\'','\'','8','\'','\'','9','\'','\'','0','\'','\'','1','\'','\'','2','\'','\'','3','\'','\'','4','\'','\'','5','\'','\'','6','\'','\'','7','\'','\'','8','\'','\'','9','\'','\'','0','\'','\'','1','\'','\'','2','\'','\'','3','\'','\'','4','\'','\'','5','\'','\'','6','\'','\'','7','\'','\'','8','\'','\'','9','\'','\'','0','\'','\'','1','\'','\'','2','\'','\'','3'}; 
Previous 43: main:array:1={'a','b','c','d','e','f','g','h','i','j','k','l','m','n','o','p','q','r','s','t','u','v','w','x','y','z','0','1','2','3','4','5','6','7','8','9','!','@','#','$','%','^','&','*','(',')','-','_','+','=','{','}','[',']','|',':',';','x','y','z','?','`','~','A','B','C','D','E','F','G','H','I','J','K','L','M','N','O','P','Q','R','S','T','U','V','W','X','Y','Z','p','q','r','s','t','u','v','w','x','y','!','#'}; 
Previous 44: main:array:1={'!','#','$','%','&','\'','(',')','*','+',' ',',','-','.','/','0','1','2','3','4','5','6','7','8','9',':',';','<','=','>','?','@','A','B','C','D','E','F','G','H','I','J','K','L','M','N','O','P','Q','R','S','T','U','V','W','X','Y','Z','[','E','^','_','`','a','b','c','d','e','f','g','h','i','j','k','l','m','n','o','p','q','r','s','t','u','v','w','x','y','z','{','|','~','!','0','1','2','3','4','5','6','7'}; 
Previous 45: main:array:1={'a','b','c','d','e','f','g','h','i','j','k','l','m','n','o','p','q','r','s','t','u','v','w','x','y','z','a','b','c','d','e','f','g','h','i','j','k','l','m','n','o','p','q','r','s','t','u','v','w','x','y','z','a','b','c','d','e','f','g','h','i','j','k','l','m','n','o','p','q','r','s','t','u','v','w','x','y','z','a','b','c','d','e','f','g','h','i','j','k','l','m','n','o','p','q','r','s','t','u','v','w'}; 
Previous 46: main:array:1={'a','b','c','a','b','c','a','b','c','a','b','c','a','b','c','a','b','c','a','b','c','a','b','c','a','b','c','a','b','c','a','b','c','a','b','c','a','b','c','a','b','c','a','b','c','a','b','c','a','b','c','a','b','c','a','b','c','a','b','c','a','b','c','a','b','c','a','b','c','a','b','c','a','b','c','a','b','c','a','b','c','a','b','c','a','b','c','a','b','c','a','b','c','a','b','c','a','b','c','a','b'}; 
Previous 47: main:array:1={'x','x','x','x','x','x','x','x','x','x','x','x','x','x','x','x','x','x','x','x','x','x','x','x','x','x','x','x','x','x','x','x','x','x','x','x','x','x','x','x','x','x','x','x','x','x','x','x','x','x','y','y','y','y','y','y','y','y','y','y','y','y','y','y','y','y','y','y','y','y','y','y','y','y','y','y','y','y','y','y','y','y','y','y','y','y','y','y','y','y','y','y','y','y','y','y','y','y','y','y','a'}; 
Previous 48: main:array:1={'q','q','q','q','q','q','q','q','q','q','q','q','q','q','q','q','q','q','q','q','q','q','q','q','q','q','q','q','q','q','q','q','q','q','q','q','q','q','q','q','q','q','q','q','q','q','q','q','q','q','q','q','q','q','q','q','q','q','q','q','q','q','q','q','q','q','q','q','q','q','q','q','q','q','q','q','q','q','q','q','q','q','q','q','q','q','q','q','q','q','q','q','q','q','q','q','q','q','q','q','q'}; 
Previous 49: main:array:1={'a','b','c','d','a','b','c','d','a','b','c','d','a','b','c','d','a','b','c','d','a','b','c','d','a','b','c','d','a','b','c','d','a','b','c','d','a','b','c','d','a','b','c','d','a','b','c','d','a','b','c','d','a','b','c','d','a','b','c','d','a','b','c','d','a','b','c','d','a','b','c','d','a','b','c','d','a','b','c','d','a','b','c','d','a','b','c','d','a','b','c','d','a','b','c','d','a','b','c','d','a'}; 

Program:
extern char __VERIFIER_nondet_char(void);
/*
Commit Number: e6801c90311679fc0854af73da95fe58079c59f4
URL: https://github.com/FreeRADIUS/freeradius-server/commit/e6801c90311679fc0854af73da95fe58079c59f4
Project Name: freeradius-serve
License: GPL2
termination: false


*/
int main()
{
    int stop = 0;
    char array[101];
    for( int i = 0 ; i < 100 ; i++ )
        array[i] =  __VERIFIER_nondet_char();
    array[100] = 0;
    char* p = array;
    while( (*p) && (!stop) )
    {
        switch(*p){
        case '}':
            stop = 1;
            break;

        case ':':
            if( *(p+1) && (*(p+1) == '-')){
                p += 2;
                stop = 1;
            }
            break;
        default:
            p++;
        }
    }
    return 0;
}

"
