Candidate,Target,Assignments,ProgramPath,ExecutionResult,Label,Accepted,Error,Prompt
1,T,"main:slots_used:1={0,1,1,1,1,1,1,1,1,1}
main:ereg:1={0,0,0,0,0,0,0,0,0,0}
",/home/quasar/Documents/FocusTNT/results_InputGeneration/FSE/loop/Incorrect_Control_Statement_2_NT/input_generator_artifacts/generated_programs/Incorrect_Control_Statement_2_NT_TestCase1.c,COMPLETED,T,true,,"You generate concrete values for nondeterministic inputs in a C/C++ program.
Your goal is to produce ONE complete assignment set that is likely to make the program terminate.

Important rules:
1. Return a value for EVERY listed nondeterministic input ID.
2. Use each ID exactly once.
3. Respect the declared C/C++ type.
4. For an array, return the value as an array containing exactly the required number of elements.
5. For char arrays, each element must be exactly one character. Return the character itself without C single quotes.
6. Prefer small-magnitude values unless larger values are necessary to achieve the requested execution behavior.

Nondeterministic inputs:
- id: main:slots_used:1, type: int, array: true, size: 10, required elements: 10
- id: main:ereg:1, type: int, array: true, size: 10, required elements: 10

Program:
extern int __VERIFIER_nondet_int(void);
/*
Commit Number: 8030f9c0f092170ceb50cedf59b9c330022825b7
URL: https://github.com/aatmdev/glusterfs/commit/8030f9c0f092170ceb50cedf59b9c330022825b7
Project Name: glusterfs
License: GPL2
termination: FALSE
*/
#define EVEBT_EPOLL_SLOTS 2
int main()
{
    int EVENT_EPOLL_TABLES = 10;
    int slots_used[10];
    int ereg[10];
    int table;
    for( int i = 0 ; i < 10 ; i++ )
    {
        slots_used[i] = __VERIFIER_nondet_int();
        ereg[i] = __VERIFIER_nondet_int();
    }
    int i = 0;
    while( i < EVENT_EPOLL_TABLES )
    {
        switch( slots_used[i] )
        {
            case EVEBT_EPOLL_SLOTS:
                continue;
            case 0:
                if( !ereg[i] )
                    return 0;
                else
                    table = ereg[i];
                break;
            default:
                table = ereg[i];
                break;
        }
        if( table )
            break;
        i++;
    }
    return 0;
}

"
2,T,"main:slots_used:1={50940690666980291208524,2000,6869,3,9,12,47,3,20,8}
main:ereg:1={5,0,1,2,3,2,3,4,5,6}
",,COMPILE_ERROR,,false,Compiler returned nonzero status,"You generate concrete values for nondeterministic inputs in a C/C++ program.
Your goal is to produce ONE complete assignment set that is likely to make the program terminate.

Important rules:
1. Return a value for EVERY listed nondeterministic input ID.
2. Use each ID exactly once.
3. Respect the declared C/C++ type.
4. For an array, return the value as an array containing exactly the required number of elements.
5. For char arrays, each element must be exactly one character. Return the character itself without C single quotes.
6. Prefer small-magnitude values unless larger values are necessary to achieve the requested execution behavior.

Nondeterministic inputs:
- id: main:slots_used:1, type: int, array: true, size: 10, required elements: 10
- id: main:ereg:1, type: int, array: true, size: 10, required elements: 10

Previously generated assignment sets are listed below. Generate a materially different set and do not duplicate any of them.
Previous 1: main:slots_used:1={0,1,1,1,1,1,1,1,1,1}; main:ereg:1={0,0,0,0,0,0,0,0,0,0}; 

Program:
extern int __VERIFIER_nondet_int(void);
/*
Commit Number: 8030f9c0f092170ceb50cedf59b9c330022825b7
URL: https://github.com/aatmdev/glusterfs/commit/8030f9c0f092170ceb50cedf59b9c330022825b7
Project Name: glusterfs
License: GPL2
termination: FALSE
*/
#define EVEBT_EPOLL_SLOTS 2
int main()
{
    int EVENT_EPOLL_TABLES = 10;
    int slots_used[10];
    int ereg[10];
    int table;
    for( int i = 0 ; i < 10 ; i++ )
    {
        slots_used[i] = __VERIFIER_nondet_int();
        ereg[i] = __VERIFIER_nondet_int();
    }
    int i = 0;
    while( i < EVENT_EPOLL_TABLES )
    {
        switch( slots_used[i] )
        {
            case EVEBT_EPOLL_SLOTS:
                continue;
            case 0:
                if( !ereg[i] )
                    return 0;
                else
                    table = ereg[i];
                break;
            default:
                table = ereg[i];
                break;
        }
        if( table )
            break;
        i++;
    }
    return 0;
}

"
3,T,"main:slots_used:1={0,0,0,0,0,0,0,0,0,0}
main:ereg:1={0,0,0,0,0,0,0,0,0,0}
",/home/quasar/Documents/FocusTNT/results_InputGeneration/FSE/loop/Incorrect_Control_Statement_2_NT/input_generator_artifacts/generated_programs/Incorrect_Control_Statement_2_NT_TestCase2.c,COMPLETED,T,true,,"You generate concrete values for nondeterministic inputs in a C/C++ program.
Your goal is to produce ONE complete assignment set that is likely to make the program terminate.

Important rules:
1. Return a value for EVERY listed nondeterministic input ID.
2. Use each ID exactly once.
3. Respect the declared C/C++ type.
4. For an array, return the value as an array containing exactly the required number of elements.
5. For char arrays, each element must be exactly one character. Return the character itself without C single quotes.
6. Prefer small-magnitude values unless larger values are necessary to achieve the requested execution behavior.

Nondeterministic inputs:
- id: main:slots_used:1, type: int, array: true, size: 10, required elements: 10
- id: main:ereg:1, type: int, array: true, size: 10, required elements: 10

Previously generated assignment sets are listed below. Generate a materially different set and do not duplicate any of them.
Previous 1: main:slots_used:1={0,1,1,1,1,1,1,1,1,1}; main:ereg:1={0,0,0,0,0,0,0,0,0,0}; 

Program:
extern int __VERIFIER_nondet_int(void);
/*
Commit Number: 8030f9c0f092170ceb50cedf59b9c330022825b7
URL: https://github.com/aatmdev/glusterfs/commit/8030f9c0f092170ceb50cedf59b9c330022825b7
Project Name: glusterfs
License: GPL2
termination: FALSE
*/
#define EVEBT_EPOLL_SLOTS 2
int main()
{
    int EVENT_EPOLL_TABLES = 10;
    int slots_used[10];
    int ereg[10];
    int table;
    for( int i = 0 ; i < 10 ; i++ )
    {
        slots_used[i] = __VERIFIER_nondet_int();
        ereg[i] = __VERIFIER_nondet_int();
    }
    int i = 0;
    while( i < EVENT_EPOLL_TABLES )
    {
        switch( slots_used[i] )
        {
            case EVEBT_EPOLL_SLOTS:
                continue;
            case 0:
                if( !ereg[i] )
                    return 0;
                else
                    table = ereg[i];
                break;
            default:
                table = ereg[i];
                break;
        }
        if( table )
            break;
        i++;
    }
    return 0;
}

"
4,T,"main:slots_used:1={3,7,0,0,4,0,0,5,1,0}
main:ereg:1={2,1,0,2,0,1,2,1,0,3}
",/home/quasar/Documents/FocusTNT/results_InputGeneration/FSE/loop/Incorrect_Control_Statement_2_NT/input_generator_artifacts/generated_programs/Incorrect_Control_Statement_2_NT_TestCase3.c,COMPLETED,T,true,,"You generate concrete values for nondeterministic inputs in a C/C++ program.
Your goal is to produce ONE complete assignment set that is likely to make the program terminate.

Important rules:
1. Return a value for EVERY listed nondeterministic input ID.
2. Use each ID exactly once.
3. Respect the declared C/C++ type.
4. For an array, return the value as an array containing exactly the required number of elements.
5. For char arrays, each element must be exactly one character. Return the character itself without C single quotes.
6. Prefer small-magnitude values unless larger values are necessary to achieve the requested execution behavior.

Nondeterministic inputs:
- id: main:slots_used:1, type: int, array: true, size: 10, required elements: 10
- id: main:ereg:1, type: int, array: true, size: 10, required elements: 10

Previously generated assignment sets are listed below. Generate a materially different set and do not duplicate any of them.
Previous 1: main:slots_used:1={0,1,1,1,1,1,1,1,1,1}; main:ereg:1={0,0,0,0,0,0,0,0,0,0}; 
Previous 2: main:slots_used:1={0,0,0,0,0,0,0,0,0,0}; main:ereg:1={0,0,0,0,0,0,0,0,0,0}; 

Program:
extern int __VERIFIER_nondet_int(void);
/*
Commit Number: 8030f9c0f092170ceb50cedf59b9c330022825b7
URL: https://github.com/aatmdev/glusterfs/commit/8030f9c0f092170ceb50cedf59b9c330022825b7
Project Name: glusterfs
License: GPL2
termination: FALSE
*/
#define EVEBT_EPOLL_SLOTS 2
int main()
{
    int EVENT_EPOLL_TABLES = 10;
    int slots_used[10];
    int ereg[10];
    int table;
    for( int i = 0 ; i < 10 ; i++ )
    {
        slots_used[i] = __VERIFIER_nondet_int();
        ereg[i] = __VERIFIER_nondet_int();
    }
    int i = 0;
    while( i < EVENT_EPOLL_TABLES )
    {
        switch( slots_used[i] )
        {
            case EVEBT_EPOLL_SLOTS:
                continue;
            case 0:
                if( !ereg[i] )
                    return 0;
                else
                    table = ereg[i];
                break;
            default:
                table = ereg[i];
                break;
        }
        if( table )
            break;
        i++;
    }
    return 0;
}

"
5,T,"main:slots_used:1={1,0,0,0,0,0,0,0,0,0}
main:ereg:1={5,1,1,1,1,1,1,1,1,1}
",/home/quasar/Documents/FocusTNT/results_InputGeneration/FSE/loop/Incorrect_Control_Statement_2_NT/input_generator_artifacts/generated_programs/Incorrect_Control_Statement_2_NT_TestCase4.c,COMPLETED,T,true,,"You generate concrete values for nondeterministic inputs in a C/C++ program.
Your goal is to produce ONE complete assignment set that is likely to make the program terminate.

Important rules:
1. Return a value for EVERY listed nondeterministic input ID.
2. Use each ID exactly once.
3. Respect the declared C/C++ type.
4. For an array, return the value as an array containing exactly the required number of elements.
5. For char arrays, each element must be exactly one character. Return the character itself without C single quotes.
6. Prefer small-magnitude values unless larger values are necessary to achieve the requested execution behavior.

Nondeterministic inputs:
- id: main:slots_used:1, type: int, array: true, size: 10, required elements: 10
- id: main:ereg:1, type: int, array: true, size: 10, required elements: 10

Previously generated assignment sets are listed below. Generate a materially different set and do not duplicate any of them.
Previous 1: main:slots_used:1={0,1,1,1,1,1,1,1,1,1}; main:ereg:1={0,0,0,0,0,0,0,0,0,0}; 
Previous 2: main:slots_used:1={0,0,0,0,0,0,0,0,0,0}; main:ereg:1={0,0,0,0,0,0,0,0,0,0}; 
Previous 3: main:slots_used:1={3,7,0,0,4,0,0,5,1,0}; main:ereg:1={2,1,0,2,0,1,2,1,0,3}; 

Program:
extern int __VERIFIER_nondet_int(void);
/*
Commit Number: 8030f9c0f092170ceb50cedf59b9c330022825b7
URL: https://github.com/aatmdev/glusterfs/commit/8030f9c0f092170ceb50cedf59b9c330022825b7
Project Name: glusterfs
License: GPL2
termination: FALSE
*/
#define EVEBT_EPOLL_SLOTS 2
int main()
{
    int EVENT_EPOLL_TABLES = 10;
    int slots_used[10];
    int ereg[10];
    int table;
    for( int i = 0 ; i < 10 ; i++ )
    {
        slots_used[i] = __VERIFIER_nondet_int();
        ereg[i] = __VERIFIER_nondet_int();
    }
    int i = 0;
    while( i < EVENT_EPOLL_TABLES )
    {
        switch( slots_used[i] )
        {
            case EVEBT_EPOLL_SLOTS:
                continue;
            case 0:
                if( !ereg[i] )
                    return 0;
                else
                    table = ereg[i];
                break;
            default:
                table = ereg[i];
                break;
        }
        if( table )
            break;
        i++;
    }
    return 0;
}

"
6,T,"main:slots_used:1={0,3,4,5,6,7,8,9,10,11}
main:ereg:1={1,2,3,4,5,6,7,8,9,10}
",/home/quasar/Documents/FocusTNT/results_InputGeneration/FSE/loop/Incorrect_Control_Statement_2_NT/input_generator_artifacts/generated_programs/Incorrect_Control_Statement_2_NT_TestCase5.c,COMPLETED,T,true,,"You generate concrete values for nondeterministic inputs in a C/C++ program.
Your goal is to produce ONE complete assignment set that is likely to make the program terminate.

Important rules:
1. Return a value for EVERY listed nondeterministic input ID.
2. Use each ID exactly once.
3. Respect the declared C/C++ type.
4. For an array, return the value as an array containing exactly the required number of elements.
5. For char arrays, each element must be exactly one character. Return the character itself without C single quotes.
6. Prefer small-magnitude values unless larger values are necessary to achieve the requested execution behavior.

Nondeterministic inputs:
- id: main:slots_used:1, type: int, array: true, size: 10, required elements: 10
- id: main:ereg:1, type: int, array: true, size: 10, required elements: 10

Previously generated assignment sets are listed below. Generate a materially different set and do not duplicate any of them.
Previous 1: main:slots_used:1={0,1,1,1,1,1,1,1,1,1}; main:ereg:1={0,0,0,0,0,0,0,0,0,0}; 
Previous 2: main:slots_used:1={0,0,0,0,0,0,0,0,0,0}; main:ereg:1={0,0,0,0,0,0,0,0,0,0}; 
Previous 3: main:slots_used:1={3,7,0,0,4,0,0,5,1,0}; main:ereg:1={2,1,0,2,0,1,2,1,0,3}; 
Previous 4: main:slots_used:1={1,0,0,0,0,0,0,0,0,0}; main:ereg:1={5,1,1,1,1,1,1,1,1,1}; 

Program:
extern int __VERIFIER_nondet_int(void);
/*
Commit Number: 8030f9c0f092170ceb50cedf59b9c330022825b7
URL: https://github.com/aatmdev/glusterfs/commit/8030f9c0f092170ceb50cedf59b9c330022825b7
Project Name: glusterfs
License: GPL2
termination: FALSE
*/
#define EVEBT_EPOLL_SLOTS 2
int main()
{
    int EVENT_EPOLL_TABLES = 10;
    int slots_used[10];
    int ereg[10];
    int table;
    for( int i = 0 ; i < 10 ; i++ )
    {
        slots_used[i] = __VERIFIER_nondet_int();
        ereg[i] = __VERIFIER_nondet_int();
    }
    int i = 0;
    while( i < EVENT_EPOLL_TABLES )
    {
        switch( slots_used[i] )
        {
            case EVEBT_EPOLL_SLOTS:
                continue;
            case 0:
                if( !ereg[i] )
                    return 0;
                else
                    table = ereg[i];
                break;
            default:
                table = ereg[i];
                break;
        }
        if( table )
            break;
        i++;
    }
    return 0;
}

"
7,T,"main:slots_used:1={0,1,1,1,1,1,1,1,1,1}
main:ereg:1={1,0,0,0,0,0,0,0,0,0}
",/home/quasar/Documents/FocusTNT/results_InputGeneration/FSE/loop/Incorrect_Control_Statement_2_NT/input_generator_artifacts/generated_programs/Incorrect_Control_Statement_2_NT_TestCase6.c,COMPLETED,T,true,,"You generate concrete values for nondeterministic inputs in a C/C++ program.
Your goal is to produce ONE complete assignment set that is likely to make the program terminate.

Important rules:
1. Return a value for EVERY listed nondeterministic input ID.
2. Use each ID exactly once.
3. Respect the declared C/C++ type.
4. For an array, return the value as an array containing exactly the required number of elements.
5. For char arrays, each element must be exactly one character. Return the character itself without C single quotes.
6. Prefer small-magnitude values unless larger values are necessary to achieve the requested execution behavior.

Nondeterministic inputs:
- id: main:slots_used:1, type: int, array: true, size: 10, required elements: 10
- id: main:ereg:1, type: int, array: true, size: 10, required elements: 10

Previously generated assignment sets are listed below. Generate a materially different set and do not duplicate any of them.
Previous 1: main:slots_used:1={0,1,1,1,1,1,1,1,1,1}; main:ereg:1={0,0,0,0,0,0,0,0,0,0}; 
Previous 2: main:slots_used:1={0,0,0,0,0,0,0,0,0,0}; main:ereg:1={0,0,0,0,0,0,0,0,0,0}; 
Previous 3: main:slots_used:1={3,7,0,0,4,0,0,5,1,0}; main:ereg:1={2,1,0,2,0,1,2,1,0,3}; 
Previous 4: main:slots_used:1={1,0,0,0,0,0,0,0,0,0}; main:ereg:1={5,1,1,1,1,1,1,1,1,1}; 
Previous 5: main:slots_used:1={0,3,4,5,6,7,8,9,10,11}; main:ereg:1={1,2,3,4,5,6,7,8,9,10}; 

Program:
extern int __VERIFIER_nondet_int(void);
/*
Commit Number: 8030f9c0f092170ceb50cedf59b9c330022825b7
URL: https://github.com/aatmdev/glusterfs/commit/8030f9c0f092170ceb50cedf59b9c330022825b7
Project Name: glusterfs
License: GPL2
termination: FALSE
*/
#define EVEBT_EPOLL_SLOTS 2
int main()
{
    int EVENT_EPOLL_TABLES = 10;
    int slots_used[10];
    int ereg[10];
    int table;
    for( int i = 0 ; i < 10 ; i++ )
    {
        slots_used[i] = __VERIFIER_nondet_int();
        ereg[i] = __VERIFIER_nondet_int();
    }
    int i = 0;
    while( i < EVENT_EPOLL_TABLES )
    {
        switch( slots_used[i] )
        {
            case EVEBT_EPOLL_SLOTS:
                continue;
            case 0:
                if( !ereg[i] )
                    return 0;
                else
                    table = ereg[i];
                break;
            default:
                table = ereg[i];
                break;
        }
        if( table )
            break;
        i++;
    }
    return 0;
}

"
8,T,"main:slots_used:1={3,3,3,3,3,3,3,3,3,4}
main:ereg:1={1,0,0,0,0,0,0,0,0,0}
",/home/quasar/Documents/FocusTNT/results_InputGeneration/FSE/loop/Incorrect_Control_Statement_2_NT/input_generator_artifacts/generated_programs/Incorrect_Control_Statement_2_NT_TestCase7.c,COMPLETED,T,true,,"You generate concrete values for nondeterministic inputs in a C/C++ program.
Your goal is to produce ONE complete assignment set that is likely to make the program terminate.

Important rules:
1. Return a value for EVERY listed nondeterministic input ID.
2. Use each ID exactly once.
3. Respect the declared C/C++ type.
4. For an array, return the value as an array containing exactly the required number of elements.
5. For char arrays, each element must be exactly one character. Return the character itself without C single quotes.
6. Prefer small-magnitude values unless larger values are necessary to achieve the requested execution behavior.

Nondeterministic inputs:
- id: main:slots_used:1, type: int, array: true, size: 10, required elements: 10
- id: main:ereg:1, type: int, array: true, size: 10, required elements: 10

Previously generated assignment sets are listed below. Generate a materially different set and do not duplicate any of them.
Previous 1: main:slots_used:1={0,1,1,1,1,1,1,1,1,1}; main:ereg:1={0,0,0,0,0,0,0,0,0,0}; 
Previous 2: main:slots_used:1={0,0,0,0,0,0,0,0,0,0}; main:ereg:1={0,0,0,0,0,0,0,0,0,0}; 
Previous 3: main:slots_used:1={3,7,0,0,4,0,0,5,1,0}; main:ereg:1={2,1,0,2,0,1,2,1,0,3}; 
Previous 4: main:slots_used:1={1,0,0,0,0,0,0,0,0,0}; main:ereg:1={5,1,1,1,1,1,1,1,1,1}; 
Previous 5: main:slots_used:1={0,3,4,5,6,7,8,9,10,11}; main:ereg:1={1,2,3,4,5,6,7,8,9,10}; 
Previous 6: main:slots_used:1={0,1,1,1,1,1,1,1,1,1}; main:ereg:1={1,0,0,0,0,0,0,0,0,0}; 

Program:
extern int __VERIFIER_nondet_int(void);
/*
Commit Number: 8030f9c0f092170ceb50cedf59b9c330022825b7
URL: https://github.com/aatmdev/glusterfs/commit/8030f9c0f092170ceb50cedf59b9c330022825b7
Project Name: glusterfs
License: GPL2
termination: FALSE
*/
#define EVEBT_EPOLL_SLOTS 2
int main()
{
    int EVENT_EPOLL_TABLES = 10;
    int slots_used[10];
    int ereg[10];
    int table;
    for( int i = 0 ; i < 10 ; i++ )
    {
        slots_used[i] = __VERIFIER_nondet_int();
        ereg[i] = __VERIFIER_nondet_int();
    }
    int i = 0;
    while( i < EVENT_EPOLL_TABLES )
    {
        switch( slots_used[i] )
        {
            case EVEBT_EPOLL_SLOTS:
                continue;
            case 0:
                if( !ereg[i] )
                    return 0;
                else
                    table = ereg[i];
                break;
            default:
                table = ereg[i];
                break;
        }
        if( table )
            break;
        i++;
    }
    return 0;
}

"
9,T,"main:slots_used:1={0,0,0,0,0,0,0,0,0,0}
main:ereg:1={0,1,2,3,4,5,6,7,8,9}
",/home/quasar/Documents/FocusTNT/results_InputGeneration/FSE/loop/Incorrect_Control_Statement_2_NT/input_generator_artifacts/generated_programs/Incorrect_Control_Statement_2_NT_TestCase8.c,COMPLETED,T,true,,"You generate concrete values for nondeterministic inputs in a C/C++ program.
Your goal is to produce ONE complete assignment set that is likely to make the program terminate.

Important rules:
1. Return a value for EVERY listed nondeterministic input ID.
2. Use each ID exactly once.
3. Respect the declared C/C++ type.
4. For an array, return the value as an array containing exactly the required number of elements.
5. For char arrays, each element must be exactly one character. Return the character itself without C single quotes.
6. Prefer small-magnitude values unless larger values are necessary to achieve the requested execution behavior.

Nondeterministic inputs:
- id: main:slots_used:1, type: int, array: true, size: 10, required elements: 10
- id: main:ereg:1, type: int, array: true, size: 10, required elements: 10

Previously generated assignment sets are listed below. Generate a materially different set and do not duplicate any of them.
Previous 1: main:slots_used:1={0,1,1,1,1,1,1,1,1,1}; main:ereg:1={0,0,0,0,0,0,0,0,0,0}; 
Previous 2: main:slots_used:1={0,0,0,0,0,0,0,0,0,0}; main:ereg:1={0,0,0,0,0,0,0,0,0,0}; 
Previous 3: main:slots_used:1={3,7,0,0,4,0,0,5,1,0}; main:ereg:1={2,1,0,2,0,1,2,1,0,3}; 
Previous 4: main:slots_used:1={1,0,0,0,0,0,0,0,0,0}; main:ereg:1={5,1,1,1,1,1,1,1,1,1}; 
Previous 5: main:slots_used:1={0,3,4,5,6,7,8,9,10,11}; main:ereg:1={1,2,3,4,5,6,7,8,9,10}; 
Previous 6: main:slots_used:1={0,1,1,1,1,1,1,1,1,1}; main:ereg:1={1,0,0,0,0,0,0,0,0,0}; 
Previous 7: main:slots_used:1={3,3,3,3,3,3,3,3,3,4}; main:ereg:1={1,0,0,0,0,0,0,0,0,0}; 

Program:
extern int __VERIFIER_nondet_int(void);
/*
Commit Number: 8030f9c0f092170ceb50cedf59b9c330022825b7
URL: https://github.com/aatmdev/glusterfs/commit/8030f9c0f092170ceb50cedf59b9c330022825b7
Project Name: glusterfs
License: GPL2
termination: FALSE
*/
#define EVEBT_EPOLL_SLOTS 2
int main()
{
    int EVENT_EPOLL_TABLES = 10;
    int slots_used[10];
    int ereg[10];
    int table;
    for( int i = 0 ; i < 10 ; i++ )
    {
        slots_used[i] = __VERIFIER_nondet_int();
        ereg[i] = __VERIFIER_nondet_int();
    }
    int i = 0;
    while( i < EVENT_EPOLL_TABLES )
    {
        switch( slots_used[i] )
        {
            case EVEBT_EPOLL_SLOTS:
                continue;
            case 0:
                if( !ereg[i] )
                    return 0;
                else
                    table = ereg[i];
                break;
            default:
                table = ereg[i];
                break;
        }
        if( table )
            break;
        i++;
    }
    return 0;
}

"
10,T,"main:slots_used:1={0,1,4,5,6,7,8,9,10,11}
main:ereg:1={0,0,0,0,0,0,0,0,0,0}
",/home/quasar/Documents/FocusTNT/results_InputGeneration/FSE/loop/Incorrect_Control_Statement_2_NT/input_generator_artifacts/generated_programs/Incorrect_Control_Statement_2_NT_TestCase9.c,COMPLETED,T,true,,"You generate concrete values for nondeterministic inputs in a C/C++ program.
Your goal is to produce ONE complete assignment set that is likely to make the program terminate.

Important rules:
1. Return a value for EVERY listed nondeterministic input ID.
2. Use each ID exactly once.
3. Respect the declared C/C++ type.
4. For an array, return the value as an array containing exactly the required number of elements.
5. For char arrays, each element must be exactly one character. Return the character itself without C single quotes.
6. Prefer small-magnitude values unless larger values are necessary to achieve the requested execution behavior.

Nondeterministic inputs:
- id: main:slots_used:1, type: int, array: true, size: 10, required elements: 10
- id: main:ereg:1, type: int, array: true, size: 10, required elements: 10

Previously generated assignment sets are listed below. Generate a materially different set and do not duplicate any of them.
Previous 1: main:slots_used:1={0,1,1,1,1,1,1,1,1,1}; main:ereg:1={0,0,0,0,0,0,0,0,0,0}; 
Previous 2: main:slots_used:1={0,0,0,0,0,0,0,0,0,0}; main:ereg:1={0,0,0,0,0,0,0,0,0,0}; 
Previous 3: main:slots_used:1={3,7,0,0,4,0,0,5,1,0}; main:ereg:1={2,1,0,2,0,1,2,1,0,3}; 
Previous 4: main:slots_used:1={1,0,0,0,0,0,0,0,0,0}; main:ereg:1={5,1,1,1,1,1,1,1,1,1}; 
Previous 5: main:slots_used:1={0,3,4,5,6,7,8,9,10,11}; main:ereg:1={1,2,3,4,5,6,7,8,9,10}; 
Previous 6: main:slots_used:1={0,1,1,1,1,1,1,1,1,1}; main:ereg:1={1,0,0,0,0,0,0,0,0,0}; 
Previous 7: main:slots_used:1={3,3,3,3,3,3,3,3,3,4}; main:ereg:1={1,0,0,0,0,0,0,0,0,0}; 
Previous 8: main:slots_used:1={0,0,0,0,0,0,0,0,0,0}; main:ereg:1={0,1,2,3,4,5,6,7,8,9}; 

Program:
extern int __VERIFIER_nondet_int(void);
/*
Commit Number: 8030f9c0f092170ceb50cedf59b9c330022825b7
URL: https://github.com/aatmdev/glusterfs/commit/8030f9c0f092170ceb50cedf59b9c330022825b7
Project Name: glusterfs
License: GPL2
termination: FALSE
*/
#define EVEBT_EPOLL_SLOTS 2
int main()
{
    int EVENT_EPOLL_TABLES = 10;
    int slots_used[10];
    int ereg[10];
    int table;
    for( int i = 0 ; i < 10 ; i++ )
    {
        slots_used[i] = __VERIFIER_nondet_int();
        ereg[i] = __VERIFIER_nondet_int();
    }
    int i = 0;
    while( i < EVENT_EPOLL_TABLES )
    {
        switch( slots_used[i] )
        {
            case EVEBT_EPOLL_SLOTS:
                continue;
            case 0:
                if( !ereg[i] )
                    return 0;
                else
                    table = ereg[i];
                break;
            default:
                table = ereg[i];
                break;
        }
        if( table )
            break;
        i++;
    }
    return 0;
}

"
11,T,"main:slots_used:1={1,1,1,1,1,1,1,1,1,1}
main:ereg:1={1,1,1,1,1,1,1,1,1,1}
",/home/quasar/Documents/FocusTNT/results_InputGeneration/FSE/loop/Incorrect_Control_Statement_2_NT/input_generator_artifacts/generated_programs/Incorrect_Control_Statement_2_NT_TestCase10.c,COMPLETED,T,true,,"You generate concrete values for nondeterministic inputs in a C/C++ program.
Your goal is to produce ONE complete assignment set that is likely to make the program terminate.

Important rules:
1. Return a value for EVERY listed nondeterministic input ID.
2. Use each ID exactly once.
3. Respect the declared C/C++ type.
4. For an array, return the value as an array containing exactly the required number of elements.
5. For char arrays, each element must be exactly one character. Return the character itself without C single quotes.
6. Prefer small-magnitude values unless larger values are necessary to achieve the requested execution behavior.

Nondeterministic inputs:
- id: main:slots_used:1, type: int, array: true, size: 10, required elements: 10
- id: main:ereg:1, type: int, array: true, size: 10, required elements: 10

Previously generated assignment sets are listed below. Generate a materially different set and do not duplicate any of them.
Previous 1: main:slots_used:1={0,1,1,1,1,1,1,1,1,1}; main:ereg:1={0,0,0,0,0,0,0,0,0,0}; 
Previous 2: main:slots_used:1={0,0,0,0,0,0,0,0,0,0}; main:ereg:1={0,0,0,0,0,0,0,0,0,0}; 
Previous 3: main:slots_used:1={3,7,0,0,4,0,0,5,1,0}; main:ereg:1={2,1,0,2,0,1,2,1,0,3}; 
Previous 4: main:slots_used:1={1,0,0,0,0,0,0,0,0,0}; main:ereg:1={5,1,1,1,1,1,1,1,1,1}; 
Previous 5: main:slots_used:1={0,3,4,5,6,7,8,9,10,11}; main:ereg:1={1,2,3,4,5,6,7,8,9,10}; 
Previous 6: main:slots_used:1={0,1,1,1,1,1,1,1,1,1}; main:ereg:1={1,0,0,0,0,0,0,0,0,0}; 
Previous 7: main:slots_used:1={3,3,3,3,3,3,3,3,3,4}; main:ereg:1={1,0,0,0,0,0,0,0,0,0}; 
Previous 8: main:slots_used:1={0,0,0,0,0,0,0,0,0,0}; main:ereg:1={0,1,2,3,4,5,6,7,8,9}; 
Previous 9: main:slots_used:1={0,1,4,5,6,7,8,9,10,11}; main:ereg:1={0,0,0,0,0,0,0,0,0,0}; 

Program:
extern int __VERIFIER_nondet_int(void);
/*
Commit Number: 8030f9c0f092170ceb50cedf59b9c330022825b7
URL: https://github.com/aatmdev/glusterfs/commit/8030f9c0f092170ceb50cedf59b9c330022825b7
Project Name: glusterfs
License: GPL2
termination: FALSE
*/
#define EVEBT_EPOLL_SLOTS 2
int main()
{
    int EVENT_EPOLL_TABLES = 10;
    int slots_used[10];
    int ereg[10];
    int table;
    for( int i = 0 ; i < 10 ; i++ )
    {
        slots_used[i] = __VERIFIER_nondet_int();
        ereg[i] = __VERIFIER_nondet_int();
    }
    int i = 0;
    while( i < EVENT_EPOLL_TABLES )
    {
        switch( slots_used[i] )
        {
            case EVEBT_EPOLL_SLOTS:
                continue;
            case 0:
                if( !ereg[i] )
                    return 0;
                else
                    table = ereg[i];
                break;
            default:
                table = ereg[i];
                break;
        }
        if( table )
            break;
        i++;
    }
    return 0;
}

"
12,NT,"main:slots_used:1={0,0,0,0,0,0,0,0,0,0}
main:ereg:1={0,0,0,0,0,0,0,0,0,0}
",,DUPLICATE,,false,,"You generate concrete values for nondeterministic inputs in a C/C++ program.
Your goal is to produce ONE complete assignment set that is likely to make the program not terminate.

Important rules:
1. Return a value for EVERY listed nondeterministic input ID.
2. Use each ID exactly once.
3. Respect the declared C/C++ type.
4. For an array, return the value as an array containing exactly the required number of elements.
5. For char arrays, each element must be exactly one character. Return the character itself without C single quotes.
6. Prefer small-magnitude values unless larger values are necessary to achieve the requested execution behavior.

Nondeterministic inputs:
- id: main:slots_used:1, type: int, array: true, size: 10, required elements: 10
- id: main:ereg:1, type: int, array: true, size: 10, required elements: 10

Previously generated assignment sets are listed below. Generate a materially different set and do not duplicate any of them.
Previous 1: main:slots_used:1={0,1,1,1,1,1,1,1,1,1}; main:ereg:1={0,0,0,0,0,0,0,0,0,0}; 
Previous 2: main:slots_used:1={0,0,0,0,0,0,0,0,0,0}; main:ereg:1={0,0,0,0,0,0,0,0,0,0}; 
Previous 3: main:slots_used:1={3,7,0,0,4,0,0,5,1,0}; main:ereg:1={2,1,0,2,0,1,2,1,0,3}; 
Previous 4: main:slots_used:1={1,0,0,0,0,0,0,0,0,0}; main:ereg:1={5,1,1,1,1,1,1,1,1,1}; 
Previous 5: main:slots_used:1={0,3,4,5,6,7,8,9,10,11}; main:ereg:1={1,2,3,4,5,6,7,8,9,10}; 
Previous 6: main:slots_used:1={0,1,1,1,1,1,1,1,1,1}; main:ereg:1={1,0,0,0,0,0,0,0,0,0}; 
Previous 7: main:slots_used:1={3,3,3,3,3,3,3,3,3,4}; main:ereg:1={1,0,0,0,0,0,0,0,0,0}; 
Previous 8: main:slots_used:1={0,0,0,0,0,0,0,0,0,0}; main:ereg:1={0,1,2,3,4,5,6,7,8,9}; 
Previous 9: main:slots_used:1={0,1,4,5,6,7,8,9,10,11}; main:ereg:1={0,0,0,0,0,0,0,0,0,0}; 
Previous 10: main:slots_used:1={1,1,1,1,1,1,1,1,1,1}; main:ereg:1={1,1,1,1,1,1,1,1,1,1}; 

Program:
extern int __VERIFIER_nondet_int(void);
/*
Commit Number: 8030f9c0f092170ceb50cedf59b9c330022825b7
URL: https://github.com/aatmdev/glusterfs/commit/8030f9c0f092170ceb50cedf59b9c330022825b7
Project Name: glusterfs
License: GPL2
termination: FALSE
*/
#define EVEBT_EPOLL_SLOTS 2
int main()
{
    int EVENT_EPOLL_TABLES = 10;
    int slots_used[10];
    int ereg[10];
    int table;
    for( int i = 0 ; i < 10 ; i++ )
    {
        slots_used[i] = __VERIFIER_nondet_int();
        ereg[i] = __VERIFIER_nondet_int();
    }
    int i = 0;
    while( i < EVENT_EPOLL_TABLES )
    {
        switch( slots_used[i] )
        {
            case EVEBT_EPOLL_SLOTS:
                continue;
            case 0:
                if( !ereg[i] )
                    return 0;
                else
                    table = ereg[i];
                break;
            default:
                table = ereg[i];
                break;
        }
        if( table )
            break;
        i++;
    }
    return 0;
}

"
13,NT,"main:slots_used:1={2023,2023,2023,2023,2023,2023,2023,2023,2023,2023}
main:ereg:1={2023,2023,2023,2023,2023,2023,2023,2023,2023,2023}
",,COMPLETED,T,false,,"You generate concrete values for nondeterministic inputs in a C/C++ program.
Your goal is to produce ONE complete assignment set that is likely to make the program not terminate.

Important rules:
1. Return a value for EVERY listed nondeterministic input ID.
2. Use each ID exactly once.
3. Respect the declared C/C++ type.
4. For an array, return the value as an array containing exactly the required number of elements.
5. For char arrays, each element must be exactly one character. Return the character itself without C single quotes.
6. Prefer small-magnitude values unless larger values are necessary to achieve the requested execution behavior.

Nondeterministic inputs:
- id: main:slots_used:1, type: int, array: true, size: 10, required elements: 10
- id: main:ereg:1, type: int, array: true, size: 10, required elements: 10

Previously generated assignment sets are listed below. Generate a materially different set and do not duplicate any of them.
Previous 1: main:slots_used:1={0,1,1,1,1,1,1,1,1,1}; main:ereg:1={0,0,0,0,0,0,0,0,0,0}; 
Previous 2: main:slots_used:1={0,0,0,0,0,0,0,0,0,0}; main:ereg:1={0,0,0,0,0,0,0,0,0,0}; 
Previous 3: main:slots_used:1={3,7,0,0,4,0,0,5,1,0}; main:ereg:1={2,1,0,2,0,1,2,1,0,3}; 
Previous 4: main:slots_used:1={1,0,0,0,0,0,0,0,0,0}; main:ereg:1={5,1,1,1,1,1,1,1,1,1}; 
Previous 5: main:slots_used:1={0,3,4,5,6,7,8,9,10,11}; main:ereg:1={1,2,3,4,5,6,7,8,9,10}; 
Previous 6: main:slots_used:1={0,1,1,1,1,1,1,1,1,1}; main:ereg:1={1,0,0,0,0,0,0,0,0,0}; 
Previous 7: main:slots_used:1={3,3,3,3,3,3,3,3,3,4}; main:ereg:1={1,0,0,0,0,0,0,0,0,0}; 
Previous 8: main:slots_used:1={0,0,0,0,0,0,0,0,0,0}; main:ereg:1={0,1,2,3,4,5,6,7,8,9}; 
Previous 9: main:slots_used:1={0,1,4,5,6,7,8,9,10,11}; main:ereg:1={0,0,0,0,0,0,0,0,0,0}; 
Previous 10: main:slots_used:1={1,1,1,1,1,1,1,1,1,1}; main:ereg:1={1,1,1,1,1,1,1,1,1,1}; 

Program:
extern int __VERIFIER_nondet_int(void);
/*
Commit Number: 8030f9c0f092170ceb50cedf59b9c330022825b7
URL: https://github.com/aatmdev/glusterfs/commit/8030f9c0f092170ceb50cedf59b9c330022825b7
Project Name: glusterfs
License: GPL2
termination: FALSE
*/
#define EVEBT_EPOLL_SLOTS 2
int main()
{
    int EVENT_EPOLL_TABLES = 10;
    int slots_used[10];
    int ereg[10];
    int table;
    for( int i = 0 ; i < 10 ; i++ )
    {
        slots_used[i] = __VERIFIER_nondet_int();
        ereg[i] = __VERIFIER_nondet_int();
    }
    int i = 0;
    while( i < EVENT_EPOLL_TABLES )
    {
        switch( slots_used[i] )
        {
            case EVEBT_EPOLL_SLOTS:
                continue;
            case 0:
                if( !ereg[i] )
                    return 0;
                else
                    table = ereg[i];
                break;
            default:
                table = ereg[i];
                break;
        }
        if( table )
            break;
        i++;
    }
    return 0;
}

"
14,NT,"main:slots_used:1={4017,2203,6443,8753,9905,2003,5614,3841,6000,4947}
main:ereg:1={7140,2278,4832,9046,4700,7770,5509,5347,1819,7223}
",,COMPLETED,T,false,,"You generate concrete values for nondeterministic inputs in a C/C++ program.
Your goal is to produce ONE complete assignment set that is likely to make the program not terminate.

Important rules:
1. Return a value for EVERY listed nondeterministic input ID.
2. Use each ID exactly once.
3. Respect the declared C/C++ type.
4. For an array, return the value as an array containing exactly the required number of elements.
5. For char arrays, each element must be exactly one character. Return the character itself without C single quotes.
6. Prefer small-magnitude values unless larger values are necessary to achieve the requested execution behavior.

Nondeterministic inputs:
- id: main:slots_used:1, type: int, array: true, size: 10, required elements: 10
- id: main:ereg:1, type: int, array: true, size: 10, required elements: 10

Previously generated assignment sets are listed below. Generate a materially different set and do not duplicate any of them.
Previous 1: main:slots_used:1={0,1,1,1,1,1,1,1,1,1}; main:ereg:1={0,0,0,0,0,0,0,0,0,0}; 
Previous 2: main:slots_used:1={0,0,0,0,0,0,0,0,0,0}; main:ereg:1={0,0,0,0,0,0,0,0,0,0}; 
Previous 3: main:slots_used:1={3,7,0,0,4,0,0,5,1,0}; main:ereg:1={2,1,0,2,0,1,2,1,0,3}; 
Previous 4: main:slots_used:1={1,0,0,0,0,0,0,0,0,0}; main:ereg:1={5,1,1,1,1,1,1,1,1,1}; 
Previous 5: main:slots_used:1={0,3,4,5,6,7,8,9,10,11}; main:ereg:1={1,2,3,4,5,6,7,8,9,10}; 
Previous 6: main:slots_used:1={0,1,1,1,1,1,1,1,1,1}; main:ereg:1={1,0,0,0,0,0,0,0,0,0}; 
Previous 7: main:slots_used:1={3,3,3,3,3,3,3,3,3,4}; main:ereg:1={1,0,0,0,0,0,0,0,0,0}; 
Previous 8: main:slots_used:1={0,0,0,0,0,0,0,0,0,0}; main:ereg:1={0,1,2,3,4,5,6,7,8,9}; 
Previous 9: main:slots_used:1={0,1,4,5,6,7,8,9,10,11}; main:ereg:1={0,0,0,0,0,0,0,0,0,0}; 
Previous 10: main:slots_used:1={1,1,1,1,1,1,1,1,1,1}; main:ereg:1={1,1,1,1,1,1,1,1,1,1}; 
Previous 11: main:slots_used:1={2023,2023,2023,2023,2023,2023,2023,2023,2023,2023}; main:ereg:1={2023,2023,2023,2023,2023,2023,2023,2023,2023,2023}; 

Program:
extern int __VERIFIER_nondet_int(void);
/*
Commit Number: 8030f9c0f092170ceb50cedf59b9c330022825b7
URL: https://github.com/aatmdev/glusterfs/commit/8030f9c0f092170ceb50cedf59b9c330022825b7
Project Name: glusterfs
License: GPL2
termination: FALSE
*/
#define EVEBT_EPOLL_SLOTS 2
int main()
{
    int EVENT_EPOLL_TABLES = 10;
    int slots_used[10];
    int ereg[10];
    int table;
    for( int i = 0 ; i < 10 ; i++ )
    {
        slots_used[i] = __VERIFIER_nondet_int();
        ereg[i] = __VERIFIER_nondet_int();
    }
    int i = 0;
    while( i < EVENT_EPOLL_TABLES )
    {
        switch( slots_used[i] )
        {
            case EVEBT_EPOLL_SLOTS:
                continue;
            case 0:
                if( !ereg[i] )
                    return 0;
                else
                    table = ereg[i];
                break;
            default:
                table = ereg[i];
                break;
        }
        if( table )
            break;
        i++;
    }
    return 0;
}

"
15,NT,"main:slots_used:1={1,2,2,1,2,1,0,0,0,0}
main:ereg:1={0,0,0,0,0,0,0,0,0,0}
",/home/quasar/Documents/FocusTNT/results_InputGeneration/FSE/loop/Incorrect_Control_Statement_2_NT/input_generator_artifacts/generated_programs/Incorrect_Control_Statement_2_NT_TestCase11.c,TIMEOUT,LIKELY_NT,true,,"You generate concrete values for nondeterministic inputs in a C/C++ program.
Your goal is to produce ONE complete assignment set that is likely to make the program not terminate.

Important rules:
1. Return a value for EVERY listed nondeterministic input ID.
2. Use each ID exactly once.
3. Respect the declared C/C++ type.
4. For an array, return the value as an array containing exactly the required number of elements.
5. For char arrays, each element must be exactly one character. Return the character itself without C single quotes.
6. Prefer small-magnitude values unless larger values are necessary to achieve the requested execution behavior.

Nondeterministic inputs:
- id: main:slots_used:1, type: int, array: true, size: 10, required elements: 10
- id: main:ereg:1, type: int, array: true, size: 10, required elements: 10

Previously generated assignment sets are listed below. Generate a materially different set and do not duplicate any of them.
Previous 1: main:slots_used:1={0,1,1,1,1,1,1,1,1,1}; main:ereg:1={0,0,0,0,0,0,0,0,0,0}; 
Previous 2: main:slots_used:1={0,0,0,0,0,0,0,0,0,0}; main:ereg:1={0,0,0,0,0,0,0,0,0,0}; 
Previous 3: main:slots_used:1={3,7,0,0,4,0,0,5,1,0}; main:ereg:1={2,1,0,2,0,1,2,1,0,3}; 
Previous 4: main:slots_used:1={1,0,0,0,0,0,0,0,0,0}; main:ereg:1={5,1,1,1,1,1,1,1,1,1}; 
Previous 5: main:slots_used:1={0,3,4,5,6,7,8,9,10,11}; main:ereg:1={1,2,3,4,5,6,7,8,9,10}; 
Previous 6: main:slots_used:1={0,1,1,1,1,1,1,1,1,1}; main:ereg:1={1,0,0,0,0,0,0,0,0,0}; 
Previous 7: main:slots_used:1={3,3,3,3,3,3,3,3,3,4}; main:ereg:1={1,0,0,0,0,0,0,0,0,0}; 
Previous 8: main:slots_used:1={0,0,0,0,0,0,0,0,0,0}; main:ereg:1={0,1,2,3,4,5,6,7,8,9}; 
Previous 9: main:slots_used:1={0,1,4,5,6,7,8,9,10,11}; main:ereg:1={0,0,0,0,0,0,0,0,0,0}; 
Previous 10: main:slots_used:1={1,1,1,1,1,1,1,1,1,1}; main:ereg:1={1,1,1,1,1,1,1,1,1,1}; 
Previous 11: main:slots_used:1={2023,2023,2023,2023,2023,2023,2023,2023,2023,2023}; main:ereg:1={2023,2023,2023,2023,2023,2023,2023,2023,2023,2023}; 
Previous 12: main:slots_used:1={4017,2203,6443,8753,9905,2003,5614,3841,6000,4947}; main:ereg:1={7140,2278,4832,9046,4700,7770,5509,5347,1819,7223}; 

Program:
extern int __VERIFIER_nondet_int(void);
/*
Commit Number: 8030f9c0f092170ceb50cedf59b9c330022825b7
URL: https://github.com/aatmdev/glusterfs/commit/8030f9c0f092170ceb50cedf59b9c330022825b7
Project Name: glusterfs
License: GPL2
termination: FALSE
*/
#define EVEBT_EPOLL_SLOTS 2
int main()
{
    int EVENT_EPOLL_TABLES = 10;
    int slots_used[10];
    int ereg[10];
    int table;
    for( int i = 0 ; i < 10 ; i++ )
    {
        slots_used[i] = __VERIFIER_nondet_int();
        ereg[i] = __VERIFIER_nondet_int();
    }
    int i = 0;
    while( i < EVENT_EPOLL_TABLES )
    {
        switch( slots_used[i] )
        {
            case EVEBT_EPOLL_SLOTS:
                continue;
            case 0:
                if( !ereg[i] )
                    return 0;
                else
                    table = ereg[i];
                break;
            default:
                table = ereg[i];
                break;
        }
        if( table )
            break;
        i++;
    }
    return 0;
}

"
16,NT,"main:slots_used:1={2,0,0,0,0,0,0,0,0,0}
main:ereg:1={0,0,0,0,0,0,0,0,0,0}
",/home/quasar/Documents/FocusTNT/results_InputGeneration/FSE/loop/Incorrect_Control_Statement_2_NT/input_generator_artifacts/generated_programs/Incorrect_Control_Statement_2_NT_TestCase12.c,TIMEOUT,LIKELY_NT,true,,"You generate concrete values for nondeterministic inputs in a C/C++ program.
Your goal is to produce ONE complete assignment set that is likely to make the program not terminate.

Important rules:
1. Return a value for EVERY listed nondeterministic input ID.
2. Use each ID exactly once.
3. Respect the declared C/C++ type.
4. For an array, return the value as an array containing exactly the required number of elements.
5. For char arrays, each element must be exactly one character. Return the character itself without C single quotes.
6. Prefer small-magnitude values unless larger values are necessary to achieve the requested execution behavior.

Nondeterministic inputs:
- id: main:slots_used:1, type: int, array: true, size: 10, required elements: 10
- id: main:ereg:1, type: int, array: true, size: 10, required elements: 10

Previously generated assignment sets are listed below. Generate a materially different set and do not duplicate any of them.
Previous 1: main:slots_used:1={0,1,1,1,1,1,1,1,1,1}; main:ereg:1={0,0,0,0,0,0,0,0,0,0}; 
Previous 2: main:slots_used:1={0,0,0,0,0,0,0,0,0,0}; main:ereg:1={0,0,0,0,0,0,0,0,0,0}; 
Previous 3: main:slots_used:1={3,7,0,0,4,0,0,5,1,0}; main:ereg:1={2,1,0,2,0,1,2,1,0,3}; 
Previous 4: main:slots_used:1={1,0,0,0,0,0,0,0,0,0}; main:ereg:1={5,1,1,1,1,1,1,1,1,1}; 
Previous 5: main:slots_used:1={0,3,4,5,6,7,8,9,10,11}; main:ereg:1={1,2,3,4,5,6,7,8,9,10}; 
Previous 6: main:slots_used:1={0,1,1,1,1,1,1,1,1,1}; main:ereg:1={1,0,0,0,0,0,0,0,0,0}; 
Previous 7: main:slots_used:1={3,3,3,3,3,3,3,3,3,4}; main:ereg:1={1,0,0,0,0,0,0,0,0,0}; 
Previous 8: main:slots_used:1={0,0,0,0,0,0,0,0,0,0}; main:ereg:1={0,1,2,3,4,5,6,7,8,9}; 
Previous 9: main:slots_used:1={0,1,4,5,6,7,8,9,10,11}; main:ereg:1={0,0,0,0,0,0,0,0,0,0}; 
Previous 10: main:slots_used:1={1,1,1,1,1,1,1,1,1,1}; main:ereg:1={1,1,1,1,1,1,1,1,1,1}; 
Previous 11: main:slots_used:1={2023,2023,2023,2023,2023,2023,2023,2023,2023,2023}; main:ereg:1={2023,2023,2023,2023,2023,2023,2023,2023,2023,2023}; 
Previous 12: main:slots_used:1={4017,2203,6443,8753,9905,2003,5614,3841,6000,4947}; main:ereg:1={7140,2278,4832,9046,4700,7770,5509,5347,1819,7223}; 
Previous 13: main:slots_used:1={1,2,2,1,2,1,0,0,0,0}; main:ereg:1={0,0,0,0,0,0,0,0,0,0}; 

Program:
extern int __VERIFIER_nondet_int(void);
/*
Commit Number: 8030f9c0f092170ceb50cedf59b9c330022825b7
URL: https://github.com/aatmdev/glusterfs/commit/8030f9c0f092170ceb50cedf59b9c330022825b7
Project Name: glusterfs
License: GPL2
termination: FALSE
*/
#define EVEBT_EPOLL_SLOTS 2
int main()
{
    int EVENT_EPOLL_TABLES = 10;
    int slots_used[10];
    int ereg[10];
    int table;
    for( int i = 0 ; i < 10 ; i++ )
    {
        slots_used[i] = __VERIFIER_nondet_int();
        ereg[i] = __VERIFIER_nondet_int();
    }
    int i = 0;
    while( i < EVENT_EPOLL_TABLES )
    {
        switch( slots_used[i] )
        {
            case EVEBT_EPOLL_SLOTS:
                continue;
            case 0:
                if( !ereg[i] )
                    return 0;
                else
                    table = ereg[i];
                break;
            default:
                table = ereg[i];
                break;
        }
        if( table )
            break;
        i++;
    }
    return 0;
}

"
17,NT,"main:slots_used:1={2,3,4,5,6,7,8,9,10,11}
main:ereg:1={10,9,8,7,6,5,4,3,2,1}
",/home/quasar/Documents/FocusTNT/results_InputGeneration/FSE/loop/Incorrect_Control_Statement_2_NT/input_generator_artifacts/generated_programs/Incorrect_Control_Statement_2_NT_TestCase13.c,TIMEOUT,LIKELY_NT,true,,"You generate concrete values for nondeterministic inputs in a C/C++ program.
Your goal is to produce ONE complete assignment set that is likely to make the program not terminate.

Important rules:
1. Return a value for EVERY listed nondeterministic input ID.
2. Use each ID exactly once.
3. Respect the declared C/C++ type.
4. For an array, return the value as an array containing exactly the required number of elements.
5. For char arrays, each element must be exactly one character. Return the character itself without C single quotes.
6. Prefer small-magnitude values unless larger values are necessary to achieve the requested execution behavior.

Nondeterministic inputs:
- id: main:slots_used:1, type: int, array: true, size: 10, required elements: 10
- id: main:ereg:1, type: int, array: true, size: 10, required elements: 10

Previously generated assignment sets are listed below. Generate a materially different set and do not duplicate any of them.
Previous 1: main:slots_used:1={0,1,1,1,1,1,1,1,1,1}; main:ereg:1={0,0,0,0,0,0,0,0,0,0}; 
Previous 2: main:slots_used:1={0,0,0,0,0,0,0,0,0,0}; main:ereg:1={0,0,0,0,0,0,0,0,0,0}; 
Previous 3: main:slots_used:1={3,7,0,0,4,0,0,5,1,0}; main:ereg:1={2,1,0,2,0,1,2,1,0,3}; 
Previous 4: main:slots_used:1={1,0,0,0,0,0,0,0,0,0}; main:ereg:1={5,1,1,1,1,1,1,1,1,1}; 
Previous 5: main:slots_used:1={0,3,4,5,6,7,8,9,10,11}; main:ereg:1={1,2,3,4,5,6,7,8,9,10}; 
Previous 6: main:slots_used:1={0,1,1,1,1,1,1,1,1,1}; main:ereg:1={1,0,0,0,0,0,0,0,0,0}; 
Previous 7: main:slots_used:1={3,3,3,3,3,3,3,3,3,4}; main:ereg:1={1,0,0,0,0,0,0,0,0,0}; 
Previous 8: main:slots_used:1={0,0,0,0,0,0,0,0,0,0}; main:ereg:1={0,1,2,3,4,5,6,7,8,9}; 
Previous 9: main:slots_used:1={0,1,4,5,6,7,8,9,10,11}; main:ereg:1={0,0,0,0,0,0,0,0,0,0}; 
Previous 10: main:slots_used:1={1,1,1,1,1,1,1,1,1,1}; main:ereg:1={1,1,1,1,1,1,1,1,1,1}; 
Previous 11: main:slots_used:1={2023,2023,2023,2023,2023,2023,2023,2023,2023,2023}; main:ereg:1={2023,2023,2023,2023,2023,2023,2023,2023,2023,2023}; 
Previous 12: main:slots_used:1={4017,2203,6443,8753,9905,2003,5614,3841,6000,4947}; main:ereg:1={7140,2278,4832,9046,4700,7770,5509,5347,1819,7223}; 
Previous 13: main:slots_used:1={1,2,2,1,2,1,0,0,0,0}; main:ereg:1={0,0,0,0,0,0,0,0,0,0}; 
Previous 14: main:slots_used:1={2,0,0,0,0,0,0,0,0,0}; main:ereg:1={0,0,0,0,0,0,0,0,0,0}; 

Program:
extern int __VERIFIER_nondet_int(void);
/*
Commit Number: 8030f9c0f092170ceb50cedf59b9c330022825b7
URL: https://github.com/aatmdev/glusterfs/commit/8030f9c0f092170ceb50cedf59b9c330022825b7
Project Name: glusterfs
License: GPL2
termination: FALSE
*/
#define EVEBT_EPOLL_SLOTS 2
int main()
{
    int EVENT_EPOLL_TABLES = 10;
    int slots_used[10];
    int ereg[10];
    int table;
    for( int i = 0 ; i < 10 ; i++ )
    {
        slots_used[i] = __VERIFIER_nondet_int();
        ereg[i] = __VERIFIER_nondet_int();
    }
    int i = 0;
    while( i < EVENT_EPOLL_TABLES )
    {
        switch( slots_used[i] )
        {
            case EVEBT_EPOLL_SLOTS:
                continue;
            case 0:
                if( !ereg[i] )
                    return 0;
                else
                    table = ereg[i];
                break;
            default:
                table = ereg[i];
                break;
        }
        if( table )
            break;
        i++;
    }
    return 0;
}

"
18,NT,"main:slots_used:1={2042,3238,6051,9175,1724,2399,4960,7084,8643,9111}
main:ereg:1={0,0,0,0,0,0,0,0,0,0}
",,COMPLETED,T,false,,"You generate concrete values for nondeterministic inputs in a C/C++ program.
Your goal is to produce ONE complete assignment set that is likely to make the program not terminate.

Important rules:
1. Return a value for EVERY listed nondeterministic input ID.
2. Use each ID exactly once.
3. Respect the declared C/C++ type.
4. For an array, return the value as an array containing exactly the required number of elements.
5. For char arrays, each element must be exactly one character. Return the character itself without C single quotes.
6. Prefer small-magnitude values unless larger values are necessary to achieve the requested execution behavior.

Nondeterministic inputs:
- id: main:slots_used:1, type: int, array: true, size: 10, required elements: 10
- id: main:ereg:1, type: int, array: true, size: 10, required elements: 10

Previously generated assignment sets are listed below. Generate a materially different set and do not duplicate any of them.
Previous 1: main:slots_used:1={0,1,1,1,1,1,1,1,1,1}; main:ereg:1={0,0,0,0,0,0,0,0,0,0}; 
Previous 2: main:slots_used:1={0,0,0,0,0,0,0,0,0,0}; main:ereg:1={0,0,0,0,0,0,0,0,0,0}; 
Previous 3: main:slots_used:1={3,7,0,0,4,0,0,5,1,0}; main:ereg:1={2,1,0,2,0,1,2,1,0,3}; 
Previous 4: main:slots_used:1={1,0,0,0,0,0,0,0,0,0}; main:ereg:1={5,1,1,1,1,1,1,1,1,1}; 
Previous 5: main:slots_used:1={0,3,4,5,6,7,8,9,10,11}; main:ereg:1={1,2,3,4,5,6,7,8,9,10}; 
Previous 6: main:slots_used:1={0,1,1,1,1,1,1,1,1,1}; main:ereg:1={1,0,0,0,0,0,0,0,0,0}; 
Previous 7: main:slots_used:1={3,3,3,3,3,3,3,3,3,4}; main:ereg:1={1,0,0,0,0,0,0,0,0,0}; 
Previous 8: main:slots_used:1={0,0,0,0,0,0,0,0,0,0}; main:ereg:1={0,1,2,3,4,5,6,7,8,9}; 
Previous 9: main:slots_used:1={0,1,4,5,6,7,8,9,10,11}; main:ereg:1={0,0,0,0,0,0,0,0,0,0}; 
Previous 10: main:slots_used:1={1,1,1,1,1,1,1,1,1,1}; main:ereg:1={1,1,1,1,1,1,1,1,1,1}; 
Previous 11: main:slots_used:1={2023,2023,2023,2023,2023,2023,2023,2023,2023,2023}; main:ereg:1={2023,2023,2023,2023,2023,2023,2023,2023,2023,2023}; 
Previous 12: main:slots_used:1={4017,2203,6443,8753,9905,2003,5614,3841,6000,4947}; main:ereg:1={7140,2278,4832,9046,4700,7770,5509,5347,1819,7223}; 
Previous 13: main:slots_used:1={1,2,2,1,2,1,0,0,0,0}; main:ereg:1={0,0,0,0,0,0,0,0,0,0}; 
Previous 14: main:slots_used:1={2,0,0,0,0,0,0,0,0,0}; main:ereg:1={0,0,0,0,0,0,0,0,0,0}; 
Previous 15: main:slots_used:1={2,3,4,5,6,7,8,9,10,11}; main:ereg:1={10,9,8,7,6,5,4,3,2,1}; 

Program:
extern int __VERIFIER_nondet_int(void);
/*
Commit Number: 8030f9c0f092170ceb50cedf59b9c330022825b7
URL: https://github.com/aatmdev/glusterfs/commit/8030f9c0f092170ceb50cedf59b9c330022825b7
Project Name: glusterfs
License: GPL2
termination: FALSE
*/
#define EVEBT_EPOLL_SLOTS 2
int main()
{
    int EVENT_EPOLL_TABLES = 10;
    int slots_used[10];
    int ereg[10];
    int table;
    for( int i = 0 ; i < 10 ; i++ )
    {
        slots_used[i] = __VERIFIER_nondet_int();
        ereg[i] = __VERIFIER_nondet_int();
    }
    int i = 0;
    while( i < EVENT_EPOLL_TABLES )
    {
        switch( slots_used[i] )
        {
            case EVEBT_EPOLL_SLOTS:
                continue;
            case 0:
                if( !ereg[i] )
                    return 0;
                else
                    table = ereg[i];
                break;
            default:
                table = ereg[i];
                break;
        }
        if( table )
            break;
        i++;
    }
    return 0;
}

"
19,NT,"main:slots_used:1={2,0,0,0,0,0,0,0,0,0}
main:ereg:1={0,0,0,0,0,0,0,0,0,0}
",,DUPLICATE,,false,,"You generate concrete values for nondeterministic inputs in a C/C++ program.
Your goal is to produce ONE complete assignment set that is likely to make the program not terminate.

Important rules:
1. Return a value for EVERY listed nondeterministic input ID.
2. Use each ID exactly once.
3. Respect the declared C/C++ type.
4. For an array, return the value as an array containing exactly the required number of elements.
5. For char arrays, each element must be exactly one character. Return the character itself without C single quotes.
6. Prefer small-magnitude values unless larger values are necessary to achieve the requested execution behavior.

Nondeterministic inputs:
- id: main:slots_used:1, type: int, array: true, size: 10, required elements: 10
- id: main:ereg:1, type: int, array: true, size: 10, required elements: 10

Previously generated assignment sets are listed below. Generate a materially different set and do not duplicate any of them.
Previous 1: main:slots_used:1={0,1,1,1,1,1,1,1,1,1}; main:ereg:1={0,0,0,0,0,0,0,0,0,0}; 
Previous 2: main:slots_used:1={0,0,0,0,0,0,0,0,0,0}; main:ereg:1={0,0,0,0,0,0,0,0,0,0}; 
Previous 3: main:slots_used:1={3,7,0,0,4,0,0,5,1,0}; main:ereg:1={2,1,0,2,0,1,2,1,0,3}; 
Previous 4: main:slots_used:1={1,0,0,0,0,0,0,0,0,0}; main:ereg:1={5,1,1,1,1,1,1,1,1,1}; 
Previous 5: main:slots_used:1={0,3,4,5,6,7,8,9,10,11}; main:ereg:1={1,2,3,4,5,6,7,8,9,10}; 
Previous 6: main:slots_used:1={0,1,1,1,1,1,1,1,1,1}; main:ereg:1={1,0,0,0,0,0,0,0,0,0}; 
Previous 7: main:slots_used:1={3,3,3,3,3,3,3,3,3,4}; main:ereg:1={1,0,0,0,0,0,0,0,0,0}; 
Previous 8: main:slots_used:1={0,0,0,0,0,0,0,0,0,0}; main:ereg:1={0,1,2,3,4,5,6,7,8,9}; 
Previous 9: main:slots_used:1={0,1,4,5,6,7,8,9,10,11}; main:ereg:1={0,0,0,0,0,0,0,0,0,0}; 
Previous 10: main:slots_used:1={1,1,1,1,1,1,1,1,1,1}; main:ereg:1={1,1,1,1,1,1,1,1,1,1}; 
Previous 11: main:slots_used:1={2023,2023,2023,2023,2023,2023,2023,2023,2023,2023}; main:ereg:1={2023,2023,2023,2023,2023,2023,2023,2023,2023,2023}; 
Previous 12: main:slots_used:1={4017,2203,6443,8753,9905,2003,5614,3841,6000,4947}; main:ereg:1={7140,2278,4832,9046,4700,7770,5509,5347,1819,7223}; 
Previous 13: main:slots_used:1={1,2,2,1,2,1,0,0,0,0}; main:ereg:1={0,0,0,0,0,0,0,0,0,0}; 
Previous 14: main:slots_used:1={2,0,0,0,0,0,0,0,0,0}; main:ereg:1={0,0,0,0,0,0,0,0,0,0}; 
Previous 15: main:slots_used:1={2,3,4,5,6,7,8,9,10,11}; main:ereg:1={10,9,8,7,6,5,4,3,2,1}; 
Previous 16: main:slots_used:1={2042,3238,6051,9175,1724,2399,4960,7084,8643,9111}; main:ereg:1={0,0,0,0,0,0,0,0,0,0}; 

Program:
extern int __VERIFIER_nondet_int(void);
/*
Commit Number: 8030f9c0f092170ceb50cedf59b9c330022825b7
URL: https://github.com/aatmdev/glusterfs/commit/8030f9c0f092170ceb50cedf59b9c330022825b7
Project Name: glusterfs
License: GPL2
termination: FALSE
*/
#define EVEBT_EPOLL_SLOTS 2
int main()
{
    int EVENT_EPOLL_TABLES = 10;
    int slots_used[10];
    int ereg[10];
    int table;
    for( int i = 0 ; i < 10 ; i++ )
    {
        slots_used[i] = __VERIFIER_nondet_int();
        ereg[i] = __VERIFIER_nondet_int();
    }
    int i = 0;
    while( i < EVENT_EPOLL_TABLES )
    {
        switch( slots_used[i] )
        {
            case EVEBT_EPOLL_SLOTS:
                continue;
            case 0:
                if( !ereg[i] )
                    return 0;
                else
                    table = ereg[i];
                break;
            default:
                table = ereg[i];
                break;
        }
        if( table )
            break;
        i++;
    }
    return 0;
}

"
20,NT,"main:slots_used:1={1977,3549,0,0,12598,123,5,12,2,4110}
main:ereg:1={0,0,0,0,0,0,0,0,0,0}
",,COMPLETED,T,false,,"You generate concrete values for nondeterministic inputs in a C/C++ program.
Your goal is to produce ONE complete assignment set that is likely to make the program not terminate.

Important rules:
1. Return a value for EVERY listed nondeterministic input ID.
2. Use each ID exactly once.
3. Respect the declared C/C++ type.
4. For an array, return the value as an array containing exactly the required number of elements.
5. For char arrays, each element must be exactly one character. Return the character itself without C single quotes.
6. Prefer small-magnitude values unless larger values are necessary to achieve the requested execution behavior.

Nondeterministic inputs:
- id: main:slots_used:1, type: int, array: true, size: 10, required elements: 10
- id: main:ereg:1, type: int, array: true, size: 10, required elements: 10

Previously generated assignment sets are listed below. Generate a materially different set and do not duplicate any of them.
Previous 1: main:slots_used:1={0,1,1,1,1,1,1,1,1,1}; main:ereg:1={0,0,0,0,0,0,0,0,0,0}; 
Previous 2: main:slots_used:1={0,0,0,0,0,0,0,0,0,0}; main:ereg:1={0,0,0,0,0,0,0,0,0,0}; 
Previous 3: main:slots_used:1={3,7,0,0,4,0,0,5,1,0}; main:ereg:1={2,1,0,2,0,1,2,1,0,3}; 
Previous 4: main:slots_used:1={1,0,0,0,0,0,0,0,0,0}; main:ereg:1={5,1,1,1,1,1,1,1,1,1}; 
Previous 5: main:slots_used:1={0,3,4,5,6,7,8,9,10,11}; main:ereg:1={1,2,3,4,5,6,7,8,9,10}; 
Previous 6: main:slots_used:1={0,1,1,1,1,1,1,1,1,1}; main:ereg:1={1,0,0,0,0,0,0,0,0,0}; 
Previous 7: main:slots_used:1={3,3,3,3,3,3,3,3,3,4}; main:ereg:1={1,0,0,0,0,0,0,0,0,0}; 
Previous 8: main:slots_used:1={0,0,0,0,0,0,0,0,0,0}; main:ereg:1={0,1,2,3,4,5,6,7,8,9}; 
Previous 9: main:slots_used:1={0,1,4,5,6,7,8,9,10,11}; main:ereg:1={0,0,0,0,0,0,0,0,0,0}; 
Previous 10: main:slots_used:1={1,1,1,1,1,1,1,1,1,1}; main:ereg:1={1,1,1,1,1,1,1,1,1,1}; 
Previous 11: main:slots_used:1={2023,2023,2023,2023,2023,2023,2023,2023,2023,2023}; main:ereg:1={2023,2023,2023,2023,2023,2023,2023,2023,2023,2023}; 
Previous 12: main:slots_used:1={4017,2203,6443,8753,9905,2003,5614,3841,6000,4947}; main:ereg:1={7140,2278,4832,9046,4700,7770,5509,5347,1819,7223}; 
Previous 13: main:slots_used:1={1,2,2,1,2,1,0,0,0,0}; main:ereg:1={0,0,0,0,0,0,0,0,0,0}; 
Previous 14: main:slots_used:1={2,0,0,0,0,0,0,0,0,0}; main:ereg:1={0,0,0,0,0,0,0,0,0,0}; 
Previous 15: main:slots_used:1={2,3,4,5,6,7,8,9,10,11}; main:ereg:1={10,9,8,7,6,5,4,3,2,1}; 
Previous 16: main:slots_used:1={2042,3238,6051,9175,1724,2399,4960,7084,8643,9111}; main:ereg:1={0,0,0,0,0,0,0,0,0,0}; 

Program:
extern int __VERIFIER_nondet_int(void);
/*
Commit Number: 8030f9c0f092170ceb50cedf59b9c330022825b7
URL: https://github.com/aatmdev/glusterfs/commit/8030f9c0f092170ceb50cedf59b9c330022825b7
Project Name: glusterfs
License: GPL2
termination: FALSE
*/
#define EVEBT_EPOLL_SLOTS 2
int main()
{
    int EVENT_EPOLL_TABLES = 10;
    int slots_used[10];
    int ereg[10];
    int table;
    for( int i = 0 ; i < 10 ; i++ )
    {
        slots_used[i] = __VERIFIER_nondet_int();
        ereg[i] = __VERIFIER_nondet_int();
    }
    int i = 0;
    while( i < EVENT_EPOLL_TABLES )
    {
        switch( slots_used[i] )
        {
            case EVEBT_EPOLL_SLOTS:
                continue;
            case 0:
                if( !ereg[i] )
                    return 0;
                else
                    table = ereg[i];
                break;
            default:
                table = ereg[i];
                break;
        }
        if( table )
            break;
        i++;
    }
    return 0;
}

"
21,NT,"main:slots_used:1={2,2,2,2,2,2,2,2,2,2}
main:ereg:1={0,0,0,0,0,0,0,0,0,0}
",/home/quasar/Documents/FocusTNT/results_InputGeneration/FSE/loop/Incorrect_Control_Statement_2_NT/input_generator_artifacts/generated_programs/Incorrect_Control_Statement_2_NT_TestCase14.c,TIMEOUT,LIKELY_NT,true,,"You generate concrete values for nondeterministic inputs in a C/C++ program.
Your goal is to produce ONE complete assignment set that is likely to make the program not terminate.

Important rules:
1. Return a value for EVERY listed nondeterministic input ID.
2. Use each ID exactly once.
3. Respect the declared C/C++ type.
4. For an array, return the value as an array containing exactly the required number of elements.
5. For char arrays, each element must be exactly one character. Return the character itself without C single quotes.
6. Prefer small-magnitude values unless larger values are necessary to achieve the requested execution behavior.

Nondeterministic inputs:
- id: main:slots_used:1, type: int, array: true, size: 10, required elements: 10
- id: main:ereg:1, type: int, array: true, size: 10, required elements: 10

Previously generated assignment sets are listed below. Generate a materially different set and do not duplicate any of them.
Previous 1: main:slots_used:1={0,1,1,1,1,1,1,1,1,1}; main:ereg:1={0,0,0,0,0,0,0,0,0,0}; 
Previous 2: main:slots_used:1={0,0,0,0,0,0,0,0,0,0}; main:ereg:1={0,0,0,0,0,0,0,0,0,0}; 
Previous 3: main:slots_used:1={3,7,0,0,4,0,0,5,1,0}; main:ereg:1={2,1,0,2,0,1,2,1,0,3}; 
Previous 4: main:slots_used:1={1,0,0,0,0,0,0,0,0,0}; main:ereg:1={5,1,1,1,1,1,1,1,1,1}; 
Previous 5: main:slots_used:1={0,3,4,5,6,7,8,9,10,11}; main:ereg:1={1,2,3,4,5,6,7,8,9,10}; 
Previous 6: main:slots_used:1={0,1,1,1,1,1,1,1,1,1}; main:ereg:1={1,0,0,0,0,0,0,0,0,0}; 
Previous 7: main:slots_used:1={3,3,3,3,3,3,3,3,3,4}; main:ereg:1={1,0,0,0,0,0,0,0,0,0}; 
Previous 8: main:slots_used:1={0,0,0,0,0,0,0,0,0,0}; main:ereg:1={0,1,2,3,4,5,6,7,8,9}; 
Previous 9: main:slots_used:1={0,1,4,5,6,7,8,9,10,11}; main:ereg:1={0,0,0,0,0,0,0,0,0,0}; 
Previous 10: main:slots_used:1={1,1,1,1,1,1,1,1,1,1}; main:ereg:1={1,1,1,1,1,1,1,1,1,1}; 
Previous 11: main:slots_used:1={2023,2023,2023,2023,2023,2023,2023,2023,2023,2023}; main:ereg:1={2023,2023,2023,2023,2023,2023,2023,2023,2023,2023}; 
Previous 12: main:slots_used:1={4017,2203,6443,8753,9905,2003,5614,3841,6000,4947}; main:ereg:1={7140,2278,4832,9046,4700,7770,5509,5347,1819,7223}; 
Previous 13: main:slots_used:1={1,2,2,1,2,1,0,0,0,0}; main:ereg:1={0,0,0,0,0,0,0,0,0,0}; 
Previous 14: main:slots_used:1={2,0,0,0,0,0,0,0,0,0}; main:ereg:1={0,0,0,0,0,0,0,0,0,0}; 
Previous 15: main:slots_used:1={2,3,4,5,6,7,8,9,10,11}; main:ereg:1={10,9,8,7,6,5,4,3,2,1}; 
Previous 16: main:slots_used:1={2042,3238,6051,9175,1724,2399,4960,7084,8643,9111}; main:ereg:1={0,0,0,0,0,0,0,0,0,0}; 
Previous 17: main:slots_used:1={1977,3549,0,0,12598,123,5,12,2,4110}; main:ereg:1={0,0,0,0,0,0,0,0,0,0}; 

Program:
extern int __VERIFIER_nondet_int(void);
/*
Commit Number: 8030f9c0f092170ceb50cedf59b9c330022825b7
URL: https://github.com/aatmdev/glusterfs/commit/8030f9c0f092170ceb50cedf59b9c330022825b7
Project Name: glusterfs
License: GPL2
termination: FALSE
*/
#define EVEBT_EPOLL_SLOTS 2
int main()
{
    int EVENT_EPOLL_TABLES = 10;
    int slots_used[10];
    int ereg[10];
    int table;
    for( int i = 0 ; i < 10 ; i++ )
    {
        slots_used[i] = __VERIFIER_nondet_int();
        ereg[i] = __VERIFIER_nondet_int();
    }
    int i = 0;
    while( i < EVENT_EPOLL_TABLES )
    {
        switch( slots_used[i] )
        {
            case EVEBT_EPOLL_SLOTS:
                continue;
            case 0:
                if( !ereg[i] )
                    return 0;
                else
                    table = ereg[i];
                break;
            default:
                table = ereg[i];
                break;
        }
        if( table )
            break;
        i++;
    }
    return 0;
}

"
22,NT,,,GENERATION_ERROR,,false,HTTP request failed: Timeout was reached,"You generate concrete values for nondeterministic inputs in a C/C++ program.
Your goal is to produce ONE complete assignment set that is likely to make the program not terminate.

Important rules:
1. Return a value for EVERY listed nondeterministic input ID.
2. Use each ID exactly once.
3. Respect the declared C/C++ type.
4. For an array, return the value as an array containing exactly the required number of elements.
5. For char arrays, each element must be exactly one character. Return the character itself without C single quotes.
6. Prefer small-magnitude values unless larger values are necessary to achieve the requested execution behavior.

Nondeterministic inputs:
- id: main:slots_used:1, type: int, array: true, size: 10, required elements: 10
- id: main:ereg:1, type: int, array: true, size: 10, required elements: 10

Previously generated assignment sets are listed below. Generate a materially different set and do not duplicate any of them.
Previous 1: main:slots_used:1={0,1,1,1,1,1,1,1,1,1}; main:ereg:1={0,0,0,0,0,0,0,0,0,0}; 
Previous 2: main:slots_used:1={0,0,0,0,0,0,0,0,0,0}; main:ereg:1={0,0,0,0,0,0,0,0,0,0}; 
Previous 3: main:slots_used:1={3,7,0,0,4,0,0,5,1,0}; main:ereg:1={2,1,0,2,0,1,2,1,0,3}; 
Previous 4: main:slots_used:1={1,0,0,0,0,0,0,0,0,0}; main:ereg:1={5,1,1,1,1,1,1,1,1,1}; 
Previous 5: main:slots_used:1={0,3,4,5,6,7,8,9,10,11}; main:ereg:1={1,2,3,4,5,6,7,8,9,10}; 
Previous 6: main:slots_used:1={0,1,1,1,1,1,1,1,1,1}; main:ereg:1={1,0,0,0,0,0,0,0,0,0}; 
Previous 7: main:slots_used:1={3,3,3,3,3,3,3,3,3,4}; main:ereg:1={1,0,0,0,0,0,0,0,0,0}; 
Previous 8: main:slots_used:1={0,0,0,0,0,0,0,0,0,0}; main:ereg:1={0,1,2,3,4,5,6,7,8,9}; 
Previous 9: main:slots_used:1={0,1,4,5,6,7,8,9,10,11}; main:ereg:1={0,0,0,0,0,0,0,0,0,0}; 
Previous 10: main:slots_used:1={1,1,1,1,1,1,1,1,1,1}; main:ereg:1={1,1,1,1,1,1,1,1,1,1}; 
Previous 11: main:slots_used:1={2023,2023,2023,2023,2023,2023,2023,2023,2023,2023}; main:ereg:1={2023,2023,2023,2023,2023,2023,2023,2023,2023,2023}; 
Previous 12: main:slots_used:1={4017,2203,6443,8753,9905,2003,5614,3841,6000,4947}; main:ereg:1={7140,2278,4832,9046,4700,7770,5509,5347,1819,7223}; 
Previous 13: main:slots_used:1={1,2,2,1,2,1,0,0,0,0}; main:ereg:1={0,0,0,0,0,0,0,0,0,0}; 
Previous 14: main:slots_used:1={2,0,0,0,0,0,0,0,0,0}; main:ereg:1={0,0,0,0,0,0,0,0,0,0}; 
Previous 15: main:slots_used:1={2,3,4,5,6,7,8,9,10,11}; main:ereg:1={10,9,8,7,6,5,4,3,2,1}; 
Previous 16: main:slots_used:1={2042,3238,6051,9175,1724,2399,4960,7084,8643,9111}; main:ereg:1={0,0,0,0,0,0,0,0,0,0}; 
Previous 17: main:slots_used:1={1977,3549,0,0,12598,123,5,12,2,4110}; main:ereg:1={0,0,0,0,0,0,0,0,0,0}; 
Previous 18: main:slots_used:1={2,2,2,2,2,2,2,2,2,2}; main:ereg:1={0,0,0,0,0,0,0,0,0,0}; 

Program:
extern int __VERIFIER_nondet_int(void);
/*
Commit Number: 8030f9c0f092170ceb50cedf59b9c330022825b7
URL: https://github.com/aatmdev/glusterfs/commit/8030f9c0f092170ceb50cedf59b9c330022825b7
Project Name: glusterfs
License: GPL2
termination: FALSE
*/
#define EVEBT_EPOLL_SLOTS 2
int main()
{
    int EVENT_EPOLL_TABLES = 10;
    int slots_used[10];
    int ereg[10];
    int table;
    for( int i = 0 ; i < 10 ; i++ )
    {
        slots_used[i] = __VERIFIER_nondet_int();
        ereg[i] = __VERIFIER_nondet_int();
    }
    int i = 0;
    while( i < EVENT_EPOLL_TABLES )
    {
        switch( slots_used[i] )
        {
            case EVEBT_EPOLL_SLOTS:
                continue;
            case 0:
                if( !ereg[i] )
                    return 0;
                else
                    table = ereg[i];
                break;
            default:
                table = ereg[i];
                break;
        }
        if( table )
            break;
        i++;
    }
    return 0;
}

"
23,NT,"main:slots_used:1={2023,2023,2023,2023,2023,2023,2023,2023,2023,2023}
main:ereg:1={5,0,0,0,0,0,0,0,0,0}
",,COMPLETED,T,false,,"You generate concrete values for nondeterministic inputs in a C/C++ program.
Your goal is to produce ONE complete assignment set that is likely to make the program not terminate.

Important rules:
1. Return a value for EVERY listed nondeterministic input ID.
2. Use each ID exactly once.
3. Respect the declared C/C++ type.
4. For an array, return the value as an array containing exactly the required number of elements.
5. For char arrays, each element must be exactly one character. Return the character itself without C single quotes.
6. Prefer small-magnitude values unless larger values are necessary to achieve the requested execution behavior.

Nondeterministic inputs:
- id: main:slots_used:1, type: int, array: true, size: 10, required elements: 10
- id: main:ereg:1, type: int, array: true, size: 10, required elements: 10

Previously generated assignment sets are listed below. Generate a materially different set and do not duplicate any of them.
Previous 1: main:slots_used:1={0,1,1,1,1,1,1,1,1,1}; main:ereg:1={0,0,0,0,0,0,0,0,0,0}; 
Previous 2: main:slots_used:1={0,0,0,0,0,0,0,0,0,0}; main:ereg:1={0,0,0,0,0,0,0,0,0,0}; 
Previous 3: main:slots_used:1={3,7,0,0,4,0,0,5,1,0}; main:ereg:1={2,1,0,2,0,1,2,1,0,3}; 
Previous 4: main:slots_used:1={1,0,0,0,0,0,0,0,0,0}; main:ereg:1={5,1,1,1,1,1,1,1,1,1}; 
Previous 5: main:slots_used:1={0,3,4,5,6,7,8,9,10,11}; main:ereg:1={1,2,3,4,5,6,7,8,9,10}; 
Previous 6: main:slots_used:1={0,1,1,1,1,1,1,1,1,1}; main:ereg:1={1,0,0,0,0,0,0,0,0,0}; 
Previous 7: main:slots_used:1={3,3,3,3,3,3,3,3,3,4}; main:ereg:1={1,0,0,0,0,0,0,0,0,0}; 
Previous 8: main:slots_used:1={0,0,0,0,0,0,0,0,0,0}; main:ereg:1={0,1,2,3,4,5,6,7,8,9}; 
Previous 9: main:slots_used:1={0,1,4,5,6,7,8,9,10,11}; main:ereg:1={0,0,0,0,0,0,0,0,0,0}; 
Previous 10: main:slots_used:1={1,1,1,1,1,1,1,1,1,1}; main:ereg:1={1,1,1,1,1,1,1,1,1,1}; 
Previous 11: main:slots_used:1={2023,2023,2023,2023,2023,2023,2023,2023,2023,2023}; main:ereg:1={2023,2023,2023,2023,2023,2023,2023,2023,2023,2023}; 
Previous 12: main:slots_used:1={4017,2203,6443,8753,9905,2003,5614,3841,6000,4947}; main:ereg:1={7140,2278,4832,9046,4700,7770,5509,5347,1819,7223}; 
Previous 13: main:slots_used:1={1,2,2,1,2,1,0,0,0,0}; main:ereg:1={0,0,0,0,0,0,0,0,0,0}; 
Previous 14: main:slots_used:1={2,0,0,0,0,0,0,0,0,0}; main:ereg:1={0,0,0,0,0,0,0,0,0,0}; 
Previous 15: main:slots_used:1={2,3,4,5,6,7,8,9,10,11}; main:ereg:1={10,9,8,7,6,5,4,3,2,1}; 
Previous 16: main:slots_used:1={2042,3238,6051,9175,1724,2399,4960,7084,8643,9111}; main:ereg:1={0,0,0,0,0,0,0,0,0,0}; 
Previous 17: main:slots_used:1={1977,3549,0,0,12598,123,5,12,2,4110}; main:ereg:1={0,0,0,0,0,0,0,0,0,0}; 
Previous 18: main:slots_used:1={2,2,2,2,2,2,2,2,2,2}; main:ereg:1={0,0,0,0,0,0,0,0,0,0}; 

Program:
extern int __VERIFIER_nondet_int(void);
/*
Commit Number: 8030f9c0f092170ceb50cedf59b9c330022825b7
URL: https://github.com/aatmdev/glusterfs/commit/8030f9c0f092170ceb50cedf59b9c330022825b7
Project Name: glusterfs
License: GPL2
termination: FALSE
*/
#define EVEBT_EPOLL_SLOTS 2
int main()
{
    int EVENT_EPOLL_TABLES = 10;
    int slots_used[10];
    int ereg[10];
    int table;
    for( int i = 0 ; i < 10 ; i++ )
    {
        slots_used[i] = __VERIFIER_nondet_int();
        ereg[i] = __VERIFIER_nondet_int();
    }
    int i = 0;
    while( i < EVENT_EPOLL_TABLES )
    {
        switch( slots_used[i] )
        {
            case EVEBT_EPOLL_SLOTS:
                continue;
            case 0:
                if( !ereg[i] )
                    return 0;
                else
                    table = ereg[i];
                break;
            default:
                table = ereg[i];
                break;
        }
        if( table )
            break;
        i++;
    }
    return 0;
}

"
24,NT,"main:slots_used:1={35970999,17098008055121985272495816099159164,70,1925721233,20237583559652689253,99,0,5,987,69365805926106666487274}
main:ereg:1={0,0,0,0,0,0,0,0,0,0}
",,COMPILE_ERROR,,false,Compiler returned nonzero status,"You generate concrete values for nondeterministic inputs in a C/C++ program.
Your goal is to produce ONE complete assignment set that is likely to make the program not terminate.

Important rules:
1. Return a value for EVERY listed nondeterministic input ID.
2. Use each ID exactly once.
3. Respect the declared C/C++ type.
4. For an array, return the value as an array containing exactly the required number of elements.
5. For char arrays, each element must be exactly one character. Return the character itself without C single quotes.
6. Prefer small-magnitude values unless larger values are necessary to achieve the requested execution behavior.

Nondeterministic inputs:
- id: main:slots_used:1, type: int, array: true, size: 10, required elements: 10
- id: main:ereg:1, type: int, array: true, size: 10, required elements: 10

Previously generated assignment sets are listed below. Generate a materially different set and do not duplicate any of them.
Previous 1: main:slots_used:1={0,1,1,1,1,1,1,1,1,1}; main:ereg:1={0,0,0,0,0,0,0,0,0,0}; 
Previous 2: main:slots_used:1={0,0,0,0,0,0,0,0,0,0}; main:ereg:1={0,0,0,0,0,0,0,0,0,0}; 
Previous 3: main:slots_used:1={3,7,0,0,4,0,0,5,1,0}; main:ereg:1={2,1,0,2,0,1,2,1,0,3}; 
Previous 4: main:slots_used:1={1,0,0,0,0,0,0,0,0,0}; main:ereg:1={5,1,1,1,1,1,1,1,1,1}; 
Previous 5: main:slots_used:1={0,3,4,5,6,7,8,9,10,11}; main:ereg:1={1,2,3,4,5,6,7,8,9,10}; 
Previous 6: main:slots_used:1={0,1,1,1,1,1,1,1,1,1}; main:ereg:1={1,0,0,0,0,0,0,0,0,0}; 
Previous 7: main:slots_used:1={3,3,3,3,3,3,3,3,3,4}; main:ereg:1={1,0,0,0,0,0,0,0,0,0}; 
Previous 8: main:slots_used:1={0,0,0,0,0,0,0,0,0,0}; main:ereg:1={0,1,2,3,4,5,6,7,8,9}; 
Previous 9: main:slots_used:1={0,1,4,5,6,7,8,9,10,11}; main:ereg:1={0,0,0,0,0,0,0,0,0,0}; 
Previous 10: main:slots_used:1={1,1,1,1,1,1,1,1,1,1}; main:ereg:1={1,1,1,1,1,1,1,1,1,1}; 
Previous 11: main:slots_used:1={2023,2023,2023,2023,2023,2023,2023,2023,2023,2023}; main:ereg:1={2023,2023,2023,2023,2023,2023,2023,2023,2023,2023}; 
Previous 12: main:slots_used:1={4017,2203,6443,8753,9905,2003,5614,3841,6000,4947}; main:ereg:1={7140,2278,4832,9046,4700,7770,5509,5347,1819,7223}; 
Previous 13: main:slots_used:1={1,2,2,1,2,1,0,0,0,0}; main:ereg:1={0,0,0,0,0,0,0,0,0,0}; 
Previous 14: main:slots_used:1={2,0,0,0,0,0,0,0,0,0}; main:ereg:1={0,0,0,0,0,0,0,0,0,0}; 
Previous 15: main:slots_used:1={2,3,4,5,6,7,8,9,10,11}; main:ereg:1={10,9,8,7,6,5,4,3,2,1}; 
Previous 16: main:slots_used:1={2042,3238,6051,9175,1724,2399,4960,7084,8643,9111}; main:ereg:1={0,0,0,0,0,0,0,0,0,0}; 
Previous 17: main:slots_used:1={1977,3549,0,0,12598,123,5,12,2,4110}; main:ereg:1={0,0,0,0,0,0,0,0,0,0}; 
Previous 18: main:slots_used:1={2,2,2,2,2,2,2,2,2,2}; main:ereg:1={0,0,0,0,0,0,0,0,0,0}; 
Previous 19: main:slots_used:1={2023,2023,2023,2023,2023,2023,2023,2023,2023,2023}; main:ereg:1={5,0,0,0,0,0,0,0,0,0}; 

Program:
extern int __VERIFIER_nondet_int(void);
/*
Commit Number: 8030f9c0f092170ceb50cedf59b9c330022825b7
URL: https://github.com/aatmdev/glusterfs/commit/8030f9c0f092170ceb50cedf59b9c330022825b7
Project Name: glusterfs
License: GPL2
termination: FALSE
*/
#define EVEBT_EPOLL_SLOTS 2
int main()
{
    int EVENT_EPOLL_TABLES = 10;
    int slots_used[10];
    int ereg[10];
    int table;
    for( int i = 0 ; i < 10 ; i++ )
    {
        slots_used[i] = __VERIFIER_nondet_int();
        ereg[i] = __VERIFIER_nondet_int();
    }
    int i = 0;
    while( i < EVENT_EPOLL_TABLES )
    {
        switch( slots_used[i] )
        {
            case EVEBT_EPOLL_SLOTS:
                continue;
            case 0:
                if( !ereg[i] )
                    return 0;
                else
                    table = ereg[i];
                break;
            default:
                table = ereg[i];
                break;
        }
        if( table )
            break;
        i++;
    }
    return 0;
}

"
25,NT,"main:slots_used:1={2,1,0,0,0,0,0,0,0,0}
main:ereg:1={0,0,0,0,0,0,0,0,0,0}
",/home/quasar/Documents/FocusTNT/results_InputGeneration/FSE/loop/Incorrect_Control_Statement_2_NT/input_generator_artifacts/generated_programs/Incorrect_Control_Statement_2_NT_TestCase15.c,TIMEOUT,LIKELY_NT,true,,"You generate concrete values for nondeterministic inputs in a C/C++ program.
Your goal is to produce ONE complete assignment set that is likely to make the program not terminate.

Important rules:
1. Return a value for EVERY listed nondeterministic input ID.
2. Use each ID exactly once.
3. Respect the declared C/C++ type.
4. For an array, return the value as an array containing exactly the required number of elements.
5. For char arrays, each element must be exactly one character. Return the character itself without C single quotes.
6. Prefer small-magnitude values unless larger values are necessary to achieve the requested execution behavior.

Nondeterministic inputs:
- id: main:slots_used:1, type: int, array: true, size: 10, required elements: 10
- id: main:ereg:1, type: int, array: true, size: 10, required elements: 10

Previously generated assignment sets are listed below. Generate a materially different set and do not duplicate any of them.
Previous 1: main:slots_used:1={0,1,1,1,1,1,1,1,1,1}; main:ereg:1={0,0,0,0,0,0,0,0,0,0}; 
Previous 2: main:slots_used:1={0,0,0,0,0,0,0,0,0,0}; main:ereg:1={0,0,0,0,0,0,0,0,0,0}; 
Previous 3: main:slots_used:1={3,7,0,0,4,0,0,5,1,0}; main:ereg:1={2,1,0,2,0,1,2,1,0,3}; 
Previous 4: main:slots_used:1={1,0,0,0,0,0,0,0,0,0}; main:ereg:1={5,1,1,1,1,1,1,1,1,1}; 
Previous 5: main:slots_used:1={0,3,4,5,6,7,8,9,10,11}; main:ereg:1={1,2,3,4,5,6,7,8,9,10}; 
Previous 6: main:slots_used:1={0,1,1,1,1,1,1,1,1,1}; main:ereg:1={1,0,0,0,0,0,0,0,0,0}; 
Previous 7: main:slots_used:1={3,3,3,3,3,3,3,3,3,4}; main:ereg:1={1,0,0,0,0,0,0,0,0,0}; 
Previous 8: main:slots_used:1={0,0,0,0,0,0,0,0,0,0}; main:ereg:1={0,1,2,3,4,5,6,7,8,9}; 
Previous 9: main:slots_used:1={0,1,4,5,6,7,8,9,10,11}; main:ereg:1={0,0,0,0,0,0,0,0,0,0}; 
Previous 10: main:slots_used:1={1,1,1,1,1,1,1,1,1,1}; main:ereg:1={1,1,1,1,1,1,1,1,1,1}; 
Previous 11: main:slots_used:1={2023,2023,2023,2023,2023,2023,2023,2023,2023,2023}; main:ereg:1={2023,2023,2023,2023,2023,2023,2023,2023,2023,2023}; 
Previous 12: main:slots_used:1={4017,2203,6443,8753,9905,2003,5614,3841,6000,4947}; main:ereg:1={7140,2278,4832,9046,4700,7770,5509,5347,1819,7223}; 
Previous 13: main:slots_used:1={1,2,2,1,2,1,0,0,0,0}; main:ereg:1={0,0,0,0,0,0,0,0,0,0}; 
Previous 14: main:slots_used:1={2,0,0,0,0,0,0,0,0,0}; main:ereg:1={0,0,0,0,0,0,0,0,0,0}; 
Previous 15: main:slots_used:1={2,3,4,5,6,7,8,9,10,11}; main:ereg:1={10,9,8,7,6,5,4,3,2,1}; 
Previous 16: main:slots_used:1={2042,3238,6051,9175,1724,2399,4960,7084,8643,9111}; main:ereg:1={0,0,0,0,0,0,0,0,0,0}; 
Previous 17: main:slots_used:1={1977,3549,0,0,12598,123,5,12,2,4110}; main:ereg:1={0,0,0,0,0,0,0,0,0,0}; 
Previous 18: main:slots_used:1={2,2,2,2,2,2,2,2,2,2}; main:ereg:1={0,0,0,0,0,0,0,0,0,0}; 
Previous 19: main:slots_used:1={2023,2023,2023,2023,2023,2023,2023,2023,2023,2023}; main:ereg:1={5,0,0,0,0,0,0,0,0,0}; 

Program:
extern int __VERIFIER_nondet_int(void);
/*
Commit Number: 8030f9c0f092170ceb50cedf59b9c330022825b7
URL: https://github.com/aatmdev/glusterfs/commit/8030f9c0f092170ceb50cedf59b9c330022825b7
Project Name: glusterfs
License: GPL2
termination: FALSE
*/
#define EVEBT_EPOLL_SLOTS 2
int main()
{
    int EVENT_EPOLL_TABLES = 10;
    int slots_used[10];
    int ereg[10];
    int table;
    for( int i = 0 ; i < 10 ; i++ )
    {
        slots_used[i] = __VERIFIER_nondet_int();
        ereg[i] = __VERIFIER_nondet_int();
    }
    int i = 0;
    while( i < EVENT_EPOLL_TABLES )
    {
        switch( slots_used[i] )
        {
            case EVEBT_EPOLL_SLOTS:
                continue;
            case 0:
                if( !ereg[i] )
                    return 0;
                else
                    table = ereg[i];
                break;
            default:
                table = ereg[i];
                break;
        }
        if( table )
            break;
        i++;
    }
    return 0;
}

"
26,NT,"main:slots_used:1={2,1,2,1,2,1,2,1,2,1}
main:ereg:1={0,0,0,0,0,0,0,0,0,0}
",/home/quasar/Documents/FocusTNT/results_InputGeneration/FSE/loop/Incorrect_Control_Statement_2_NT/input_generator_artifacts/generated_programs/Incorrect_Control_Statement_2_NT_TestCase16.c,TIMEOUT,LIKELY_NT,true,,"You generate concrete values for nondeterministic inputs in a C/C++ program.
Your goal is to produce ONE complete assignment set that is likely to make the program not terminate.

Important rules:
1. Return a value for EVERY listed nondeterministic input ID.
2. Use each ID exactly once.
3. Respect the declared C/C++ type.
4. For an array, return the value as an array containing exactly the required number of elements.
5. For char arrays, each element must be exactly one character. Return the character itself without C single quotes.
6. Prefer small-magnitude values unless larger values are necessary to achieve the requested execution behavior.

Nondeterministic inputs:
- id: main:slots_used:1, type: int, array: true, size: 10, required elements: 10
- id: main:ereg:1, type: int, array: true, size: 10, required elements: 10

Previously generated assignment sets are listed below. Generate a materially different set and do not duplicate any of them.
Previous 1: main:slots_used:1={0,1,1,1,1,1,1,1,1,1}; main:ereg:1={0,0,0,0,0,0,0,0,0,0}; 
Previous 2: main:slots_used:1={0,0,0,0,0,0,0,0,0,0}; main:ereg:1={0,0,0,0,0,0,0,0,0,0}; 
Previous 3: main:slots_used:1={3,7,0,0,4,0,0,5,1,0}; main:ereg:1={2,1,0,2,0,1,2,1,0,3}; 
Previous 4: main:slots_used:1={1,0,0,0,0,0,0,0,0,0}; main:ereg:1={5,1,1,1,1,1,1,1,1,1}; 
Previous 5: main:slots_used:1={0,3,4,5,6,7,8,9,10,11}; main:ereg:1={1,2,3,4,5,6,7,8,9,10}; 
Previous 6: main:slots_used:1={0,1,1,1,1,1,1,1,1,1}; main:ereg:1={1,0,0,0,0,0,0,0,0,0}; 
Previous 7: main:slots_used:1={3,3,3,3,3,3,3,3,3,4}; main:ereg:1={1,0,0,0,0,0,0,0,0,0}; 
Previous 8: main:slots_used:1={0,0,0,0,0,0,0,0,0,0}; main:ereg:1={0,1,2,3,4,5,6,7,8,9}; 
Previous 9: main:slots_used:1={0,1,4,5,6,7,8,9,10,11}; main:ereg:1={0,0,0,0,0,0,0,0,0,0}; 
Previous 10: main:slots_used:1={1,1,1,1,1,1,1,1,1,1}; main:ereg:1={1,1,1,1,1,1,1,1,1,1}; 
Previous 11: main:slots_used:1={2023,2023,2023,2023,2023,2023,2023,2023,2023,2023}; main:ereg:1={2023,2023,2023,2023,2023,2023,2023,2023,2023,2023}; 
Previous 12: main:slots_used:1={4017,2203,6443,8753,9905,2003,5614,3841,6000,4947}; main:ereg:1={7140,2278,4832,9046,4700,7770,5509,5347,1819,7223}; 
Previous 13: main:slots_used:1={1,2,2,1,2,1,0,0,0,0}; main:ereg:1={0,0,0,0,0,0,0,0,0,0}; 
Previous 14: main:slots_used:1={2,0,0,0,0,0,0,0,0,0}; main:ereg:1={0,0,0,0,0,0,0,0,0,0}; 
Previous 15: main:slots_used:1={2,3,4,5,6,7,8,9,10,11}; main:ereg:1={10,9,8,7,6,5,4,3,2,1}; 
Previous 16: main:slots_used:1={2042,3238,6051,9175,1724,2399,4960,7084,8643,9111}; main:ereg:1={0,0,0,0,0,0,0,0,0,0}; 
Previous 17: main:slots_used:1={1977,3549,0,0,12598,123,5,12,2,4110}; main:ereg:1={0,0,0,0,0,0,0,0,0,0}; 
Previous 18: main:slots_used:1={2,2,2,2,2,2,2,2,2,2}; main:ereg:1={0,0,0,0,0,0,0,0,0,0}; 
Previous 19: main:slots_used:1={2023,2023,2023,2023,2023,2023,2023,2023,2023,2023}; main:ereg:1={5,0,0,0,0,0,0,0,0,0}; 
Previous 20: main:slots_used:1={2,1,0,0,0,0,0,0,0,0}; main:ereg:1={0,0,0,0,0,0,0,0,0,0}; 

Program:
extern int __VERIFIER_nondet_int(void);
/*
Commit Number: 8030f9c0f092170ceb50cedf59b9c330022825b7
URL: https://github.com/aatmdev/glusterfs/commit/8030f9c0f092170ceb50cedf59b9c330022825b7
Project Name: glusterfs
License: GPL2
termination: FALSE
*/
#define EVEBT_EPOLL_SLOTS 2
int main()
{
    int EVENT_EPOLL_TABLES = 10;
    int slots_used[10];
    int ereg[10];
    int table;
    for( int i = 0 ; i < 10 ; i++ )
    {
        slots_used[i] = __VERIFIER_nondet_int();
        ereg[i] = __VERIFIER_nondet_int();
    }
    int i = 0;
    while( i < EVENT_EPOLL_TABLES )
    {
        switch( slots_used[i] )
        {
            case EVEBT_EPOLL_SLOTS:
                continue;
            case 0:
                if( !ereg[i] )
                    return 0;
                else
                    table = ereg[i];
                break;
            default:
                table = ereg[i];
                break;
        }
        if( table )
            break;
        i++;
    }
    return 0;
}

"
27,NT,"main:slots_used:1={2,2,2,2,2,2,2,2,2,2}
main:ereg:1={0,0,0,0,0,0,0,0,0,0}
",,DUPLICATE,,false,,"You generate concrete values for nondeterministic inputs in a C/C++ program.
Your goal is to produce ONE complete assignment set that is likely to make the program not terminate.

Important rules:
1. Return a value for EVERY listed nondeterministic input ID.
2. Use each ID exactly once.
3. Respect the declared C/C++ type.
4. For an array, return the value as an array containing exactly the required number of elements.
5. For char arrays, each element must be exactly one character. Return the character itself without C single quotes.
6. Prefer small-magnitude values unless larger values are necessary to achieve the requested execution behavior.

Nondeterministic inputs:
- id: main:slots_used:1, type: int, array: true, size: 10, required elements: 10
- id: main:ereg:1, type: int, array: true, size: 10, required elements: 10

Previously generated assignment sets are listed below. Generate a materially different set and do not duplicate any of them.
Previous 1: main:slots_used:1={0,1,1,1,1,1,1,1,1,1}; main:ereg:1={0,0,0,0,0,0,0,0,0,0}; 
Previous 2: main:slots_used:1={0,0,0,0,0,0,0,0,0,0}; main:ereg:1={0,0,0,0,0,0,0,0,0,0}; 
Previous 3: main:slots_used:1={3,7,0,0,4,0,0,5,1,0}; main:ereg:1={2,1,0,2,0,1,2,1,0,3}; 
Previous 4: main:slots_used:1={1,0,0,0,0,0,0,0,0,0}; main:ereg:1={5,1,1,1,1,1,1,1,1,1}; 
Previous 5: main:slots_used:1={0,3,4,5,6,7,8,9,10,11}; main:ereg:1={1,2,3,4,5,6,7,8,9,10}; 
Previous 6: main:slots_used:1={0,1,1,1,1,1,1,1,1,1}; main:ereg:1={1,0,0,0,0,0,0,0,0,0}; 
Previous 7: main:slots_used:1={3,3,3,3,3,3,3,3,3,4}; main:ereg:1={1,0,0,0,0,0,0,0,0,0}; 
Previous 8: main:slots_used:1={0,0,0,0,0,0,0,0,0,0}; main:ereg:1={0,1,2,3,4,5,6,7,8,9}; 
Previous 9: main:slots_used:1={0,1,4,5,6,7,8,9,10,11}; main:ereg:1={0,0,0,0,0,0,0,0,0,0}; 
Previous 10: main:slots_used:1={1,1,1,1,1,1,1,1,1,1}; main:ereg:1={1,1,1,1,1,1,1,1,1,1}; 
Previous 11: main:slots_used:1={2023,2023,2023,2023,2023,2023,2023,2023,2023,2023}; main:ereg:1={2023,2023,2023,2023,2023,2023,2023,2023,2023,2023}; 
Previous 12: main:slots_used:1={4017,2203,6443,8753,9905,2003,5614,3841,6000,4947}; main:ereg:1={7140,2278,4832,9046,4700,7770,5509,5347,1819,7223}; 
Previous 13: main:slots_used:1={1,2,2,1,2,1,0,0,0,0}; main:ereg:1={0,0,0,0,0,0,0,0,0,0}; 
Previous 14: main:slots_used:1={2,0,0,0,0,0,0,0,0,0}; main:ereg:1={0,0,0,0,0,0,0,0,0,0}; 
Previous 15: main:slots_used:1={2,3,4,5,6,7,8,9,10,11}; main:ereg:1={10,9,8,7,6,5,4,3,2,1}; 
Previous 16: main:slots_used:1={2042,3238,6051,9175,1724,2399,4960,7084,8643,9111}; main:ereg:1={0,0,0,0,0,0,0,0,0,0}; 
Previous 17: main:slots_used:1={1977,3549,0,0,12598,123,5,12,2,4110}; main:ereg:1={0,0,0,0,0,0,0,0,0,0}; 
Previous 18: main:slots_used:1={2,2,2,2,2,2,2,2,2,2}; main:ereg:1={0,0,0,0,0,0,0,0,0,0}; 
Previous 19: main:slots_used:1={2023,2023,2023,2023,2023,2023,2023,2023,2023,2023}; main:ereg:1={5,0,0,0,0,0,0,0,0,0}; 
Previous 20: main:slots_used:1={2,1,0,0,0,0,0,0,0,0}; main:ereg:1={0,0,0,0,0,0,0,0,0,0}; 
Previous 21: main:slots_used:1={2,1,2,1,2,1,2,1,2,1}; main:ereg:1={0,0,0,0,0,0,0,0,0,0}; 

Program:
extern int __VERIFIER_nondet_int(void);
/*
Commit Number: 8030f9c0f092170ceb50cedf59b9c330022825b7
URL: https://github.com/aatmdev/glusterfs/commit/8030f9c0f092170ceb50cedf59b9c330022825b7
Project Name: glusterfs
License: GPL2
termination: FALSE
*/
#define EVEBT_EPOLL_SLOTS 2
int main()
{
    int EVENT_EPOLL_TABLES = 10;
    int slots_used[10];
    int ereg[10];
    int table;
    for( int i = 0 ; i < 10 ; i++ )
    {
        slots_used[i] = __VERIFIER_nondet_int();
        ereg[i] = __VERIFIER_nondet_int();
    }
    int i = 0;
    while( i < EVENT_EPOLL_TABLES )
    {
        switch( slots_used[i] )
        {
            case EVEBT_EPOLL_SLOTS:
                continue;
            case 0:
                if( !ereg[i] )
                    return 0;
                else
                    table = ereg[i];
                break;
            default:
                table = ereg[i];
                break;
        }
        if( table )
            break;
        i++;
    }
    return 0;
}

"
28,NT,"main:slots_used:1={1277729106,2,0,0,0,0,0,0,0,0}
main:ereg:1={0,0,0,0,0,0,0,0,0,0}
",/home/quasar/Documents/FocusTNT/results_InputGeneration/FSE/loop/Incorrect_Control_Statement_2_NT/input_generator_artifacts/generated_programs/Incorrect_Control_Statement_2_NT_TestCase17.c,TIMEOUT,LIKELY_NT,true,,"You generate concrete values for nondeterministic inputs in a C/C++ program.
Your goal is to produce ONE complete assignment set that is likely to make the program not terminate.

Important rules:
1. Return a value for EVERY listed nondeterministic input ID.
2. Use each ID exactly once.
3. Respect the declared C/C++ type.
4. For an array, return the value as an array containing exactly the required number of elements.
5. For char arrays, each element must be exactly one character. Return the character itself without C single quotes.
6. Prefer small-magnitude values unless larger values are necessary to achieve the requested execution behavior.

Nondeterministic inputs:
- id: main:slots_used:1, type: int, array: true, size: 10, required elements: 10
- id: main:ereg:1, type: int, array: true, size: 10, required elements: 10

Previously generated assignment sets are listed below. Generate a materially different set and do not duplicate any of them.
Previous 1: main:slots_used:1={0,1,1,1,1,1,1,1,1,1}; main:ereg:1={0,0,0,0,0,0,0,0,0,0}; 
Previous 2: main:slots_used:1={0,0,0,0,0,0,0,0,0,0}; main:ereg:1={0,0,0,0,0,0,0,0,0,0}; 
Previous 3: main:slots_used:1={3,7,0,0,4,0,0,5,1,0}; main:ereg:1={2,1,0,2,0,1,2,1,0,3}; 
Previous 4: main:slots_used:1={1,0,0,0,0,0,0,0,0,0}; main:ereg:1={5,1,1,1,1,1,1,1,1,1}; 
Previous 5: main:slots_used:1={0,3,4,5,6,7,8,9,10,11}; main:ereg:1={1,2,3,4,5,6,7,8,9,10}; 
Previous 6: main:slots_used:1={0,1,1,1,1,1,1,1,1,1}; main:ereg:1={1,0,0,0,0,0,0,0,0,0}; 
Previous 7: main:slots_used:1={3,3,3,3,3,3,3,3,3,4}; main:ereg:1={1,0,0,0,0,0,0,0,0,0}; 
Previous 8: main:slots_used:1={0,0,0,0,0,0,0,0,0,0}; main:ereg:1={0,1,2,3,4,5,6,7,8,9}; 
Previous 9: main:slots_used:1={0,1,4,5,6,7,8,9,10,11}; main:ereg:1={0,0,0,0,0,0,0,0,0,0}; 
Previous 10: main:slots_used:1={1,1,1,1,1,1,1,1,1,1}; main:ereg:1={1,1,1,1,1,1,1,1,1,1}; 
Previous 11: main:slots_used:1={2023,2023,2023,2023,2023,2023,2023,2023,2023,2023}; main:ereg:1={2023,2023,2023,2023,2023,2023,2023,2023,2023,2023}; 
Previous 12: main:slots_used:1={4017,2203,6443,8753,9905,2003,5614,3841,6000,4947}; main:ereg:1={7140,2278,4832,9046,4700,7770,5509,5347,1819,7223}; 
Previous 13: main:slots_used:1={1,2,2,1,2,1,0,0,0,0}; main:ereg:1={0,0,0,0,0,0,0,0,0,0}; 
Previous 14: main:slots_used:1={2,0,0,0,0,0,0,0,0,0}; main:ereg:1={0,0,0,0,0,0,0,0,0,0}; 
Previous 15: main:slots_used:1={2,3,4,5,6,7,8,9,10,11}; main:ereg:1={10,9,8,7,6,5,4,3,2,1}; 
Previous 16: main:slots_used:1={2042,3238,6051,9175,1724,2399,4960,7084,8643,9111}; main:ereg:1={0,0,0,0,0,0,0,0,0,0}; 
Previous 17: main:slots_used:1={1977,3549,0,0,12598,123,5,12,2,4110}; main:ereg:1={0,0,0,0,0,0,0,0,0,0}; 
Previous 18: main:slots_used:1={2,2,2,2,2,2,2,2,2,2}; main:ereg:1={0,0,0,0,0,0,0,0,0,0}; 
Previous 19: main:slots_used:1={2023,2023,2023,2023,2023,2023,2023,2023,2023,2023}; main:ereg:1={5,0,0,0,0,0,0,0,0,0}; 
Previous 20: main:slots_used:1={2,1,0,0,0,0,0,0,0,0}; main:ereg:1={0,0,0,0,0,0,0,0,0,0}; 
Previous 21: main:slots_used:1={2,1,2,1,2,1,2,1,2,1}; main:ereg:1={0,0,0,0,0,0,0,0,0,0}; 

Program:
extern int __VERIFIER_nondet_int(void);
/*
Commit Number: 8030f9c0f092170ceb50cedf59b9c330022825b7
URL: https://github.com/aatmdev/glusterfs/commit/8030f9c0f092170ceb50cedf59b9c330022825b7
Project Name: glusterfs
License: GPL2
termination: FALSE
*/
#define EVEBT_EPOLL_SLOTS 2
int main()
{
    int EVENT_EPOLL_TABLES = 10;
    int slots_used[10];
    int ereg[10];
    int table;
    for( int i = 0 ; i < 10 ; i++ )
    {
        slots_used[i] = __VERIFIER_nondet_int();
        ereg[i] = __VERIFIER_nondet_int();
    }
    int i = 0;
    while( i < EVENT_EPOLL_TABLES )
    {
        switch( slots_used[i] )
        {
            case EVEBT_EPOLL_SLOTS:
                continue;
            case 0:
                if( !ereg[i] )
                    return 0;
                else
                    table = ereg[i];
                break;
            default:
                table = ereg[i];
                break;
        }
        if( table )
            break;
        i++;
    }
    return 0;
}

"
29,NT,"main:slots_used:1={1748,1757,1986,1987,1755,1756,1364,1311,1344,8694}
main:ereg:1={1729987863,1259485344,3097,3098,3099,3100,3101,3102,3103,3104}
",,COMPLETED,T,false,,"You generate concrete values for nondeterministic inputs in a C/C++ program.
Your goal is to produce ONE complete assignment set that is likely to make the program not terminate.

Important rules:
1. Return a value for EVERY listed nondeterministic input ID.
2. Use each ID exactly once.
3. Respect the declared C/C++ type.
4. For an array, return the value as an array containing exactly the required number of elements.
5. For char arrays, each element must be exactly one character. Return the character itself without C single quotes.
6. Prefer small-magnitude values unless larger values are necessary to achieve the requested execution behavior.

Nondeterministic inputs:
- id: main:slots_used:1, type: int, array: true, size: 10, required elements: 10
- id: main:ereg:1, type: int, array: true, size: 10, required elements: 10

Previously generated assignment sets are listed below. Generate a materially different set and do not duplicate any of them.
Previous 1: main:slots_used:1={0,1,1,1,1,1,1,1,1,1}; main:ereg:1={0,0,0,0,0,0,0,0,0,0}; 
Previous 2: main:slots_used:1={0,0,0,0,0,0,0,0,0,0}; main:ereg:1={0,0,0,0,0,0,0,0,0,0}; 
Previous 3: main:slots_used:1={3,7,0,0,4,0,0,5,1,0}; main:ereg:1={2,1,0,2,0,1,2,1,0,3}; 
Previous 4: main:slots_used:1={1,0,0,0,0,0,0,0,0,0}; main:ereg:1={5,1,1,1,1,1,1,1,1,1}; 
Previous 5: main:slots_used:1={0,3,4,5,6,7,8,9,10,11}; main:ereg:1={1,2,3,4,5,6,7,8,9,10}; 
Previous 6: main:slots_used:1={0,1,1,1,1,1,1,1,1,1}; main:ereg:1={1,0,0,0,0,0,0,0,0,0}; 
Previous 7: main:slots_used:1={3,3,3,3,3,3,3,3,3,4}; main:ereg:1={1,0,0,0,0,0,0,0,0,0}; 
Previous 8: main:slots_used:1={0,0,0,0,0,0,0,0,0,0}; main:ereg:1={0,1,2,3,4,5,6,7,8,9}; 
Previous 9: main:slots_used:1={0,1,4,5,6,7,8,9,10,11}; main:ereg:1={0,0,0,0,0,0,0,0,0,0}; 
Previous 10: main:slots_used:1={1,1,1,1,1,1,1,1,1,1}; main:ereg:1={1,1,1,1,1,1,1,1,1,1}; 
Previous 11: main:slots_used:1={2023,2023,2023,2023,2023,2023,2023,2023,2023,2023}; main:ereg:1={2023,2023,2023,2023,2023,2023,2023,2023,2023,2023}; 
Previous 12: main:slots_used:1={4017,2203,6443,8753,9905,2003,5614,3841,6000,4947}; main:ereg:1={7140,2278,4832,9046,4700,7770,5509,5347,1819,7223}; 
Previous 13: main:slots_used:1={1,2,2,1,2,1,0,0,0,0}; main:ereg:1={0,0,0,0,0,0,0,0,0,0}; 
Previous 14: main:slots_used:1={2,0,0,0,0,0,0,0,0,0}; main:ereg:1={0,0,0,0,0,0,0,0,0,0}; 
Previous 15: main:slots_used:1={2,3,4,5,6,7,8,9,10,11}; main:ereg:1={10,9,8,7,6,5,4,3,2,1}; 
Previous 16: main:slots_used:1={2042,3238,6051,9175,1724,2399,4960,7084,8643,9111}; main:ereg:1={0,0,0,0,0,0,0,0,0,0}; 
Previous 17: main:slots_used:1={1977,3549,0,0,12598,123,5,12,2,4110}; main:ereg:1={0,0,0,0,0,0,0,0,0,0}; 
Previous 18: main:slots_used:1={2,2,2,2,2,2,2,2,2,2}; main:ereg:1={0,0,0,0,0,0,0,0,0,0}; 
Previous 19: main:slots_used:1={2023,2023,2023,2023,2023,2023,2023,2023,2023,2023}; main:ereg:1={5,0,0,0,0,0,0,0,0,0}; 
Previous 20: main:slots_used:1={2,1,0,0,0,0,0,0,0,0}; main:ereg:1={0,0,0,0,0,0,0,0,0,0}; 
Previous 21: main:slots_used:1={2,1,2,1,2,1,2,1,2,1}; main:ereg:1={0,0,0,0,0,0,0,0,0,0}; 
Previous 22: main:slots_used:1={1277729106,2,0,0,0,0,0,0,0,0}; main:ereg:1={0,0,0,0,0,0,0,0,0,0}; 

Program:
extern int __VERIFIER_nondet_int(void);
/*
Commit Number: 8030f9c0f092170ceb50cedf59b9c330022825b7
URL: https://github.com/aatmdev/glusterfs/commit/8030f9c0f092170ceb50cedf59b9c330022825b7
Project Name: glusterfs
License: GPL2
termination: FALSE
*/
#define EVEBT_EPOLL_SLOTS 2
int main()
{
    int EVENT_EPOLL_TABLES = 10;
    int slots_used[10];
    int ereg[10];
    int table;
    for( int i = 0 ; i < 10 ; i++ )
    {
        slots_used[i] = __VERIFIER_nondet_int();
        ereg[i] = __VERIFIER_nondet_int();
    }
    int i = 0;
    while( i < EVENT_EPOLL_TABLES )
    {
        switch( slots_used[i] )
        {
            case EVEBT_EPOLL_SLOTS:
                continue;
            case 0:
                if( !ereg[i] )
                    return 0;
                else
                    table = ereg[i];
                break;
            default:
                table = ereg[i];
                break;
        }
        if( table )
            break;
        i++;
    }
    return 0;
}

"
30,NT,"main:slots_used:1={2,1,1,1,1,1,1,1,1,1}
main:ereg:1={0,0,0,0,0,0,0,0,0,0}
",/home/quasar/Documents/FocusTNT/results_InputGeneration/FSE/loop/Incorrect_Control_Statement_2_NT/input_generator_artifacts/generated_programs/Incorrect_Control_Statement_2_NT_TestCase18.c,TIMEOUT,LIKELY_NT,true,,"You generate concrete values for nondeterministic inputs in a C/C++ program.
Your goal is to produce ONE complete assignment set that is likely to make the program not terminate.

Important rules:
1. Return a value for EVERY listed nondeterministic input ID.
2. Use each ID exactly once.
3. Respect the declared C/C++ type.
4. For an array, return the value as an array containing exactly the required number of elements.
5. For char arrays, each element must be exactly one character. Return the character itself without C single quotes.
6. Prefer small-magnitude values unless larger values are necessary to achieve the requested execution behavior.

Nondeterministic inputs:
- id: main:slots_used:1, type: int, array: true, size: 10, required elements: 10
- id: main:ereg:1, type: int, array: true, size: 10, required elements: 10

Previously generated assignment sets are listed below. Generate a materially different set and do not duplicate any of them.
Previous 1: main:slots_used:1={0,1,1,1,1,1,1,1,1,1}; main:ereg:1={0,0,0,0,0,0,0,0,0,0}; 
Previous 2: main:slots_used:1={0,0,0,0,0,0,0,0,0,0}; main:ereg:1={0,0,0,0,0,0,0,0,0,0}; 
Previous 3: main:slots_used:1={3,7,0,0,4,0,0,5,1,0}; main:ereg:1={2,1,0,2,0,1,2,1,0,3}; 
Previous 4: main:slots_used:1={1,0,0,0,0,0,0,0,0,0}; main:ereg:1={5,1,1,1,1,1,1,1,1,1}; 
Previous 5: main:slots_used:1={0,3,4,5,6,7,8,9,10,11}; main:ereg:1={1,2,3,4,5,6,7,8,9,10}; 
Previous 6: main:slots_used:1={0,1,1,1,1,1,1,1,1,1}; main:ereg:1={1,0,0,0,0,0,0,0,0,0}; 
Previous 7: main:slots_used:1={3,3,3,3,3,3,3,3,3,4}; main:ereg:1={1,0,0,0,0,0,0,0,0,0}; 
Previous 8: main:slots_used:1={0,0,0,0,0,0,0,0,0,0}; main:ereg:1={0,1,2,3,4,5,6,7,8,9}; 
Previous 9: main:slots_used:1={0,1,4,5,6,7,8,9,10,11}; main:ereg:1={0,0,0,0,0,0,0,0,0,0}; 
Previous 10: main:slots_used:1={1,1,1,1,1,1,1,1,1,1}; main:ereg:1={1,1,1,1,1,1,1,1,1,1}; 
Previous 11: main:slots_used:1={2023,2023,2023,2023,2023,2023,2023,2023,2023,2023}; main:ereg:1={2023,2023,2023,2023,2023,2023,2023,2023,2023,2023}; 
Previous 12: main:slots_used:1={4017,2203,6443,8753,9905,2003,5614,3841,6000,4947}; main:ereg:1={7140,2278,4832,9046,4700,7770,5509,5347,1819,7223}; 
Previous 13: main:slots_used:1={1,2,2,1,2,1,0,0,0,0}; main:ereg:1={0,0,0,0,0,0,0,0,0,0}; 
Previous 14: main:slots_used:1={2,0,0,0,0,0,0,0,0,0}; main:ereg:1={0,0,0,0,0,0,0,0,0,0}; 
Previous 15: main:slots_used:1={2,3,4,5,6,7,8,9,10,11}; main:ereg:1={10,9,8,7,6,5,4,3,2,1}; 
Previous 16: main:slots_used:1={2042,3238,6051,9175,1724,2399,4960,7084,8643,9111}; main:ereg:1={0,0,0,0,0,0,0,0,0,0}; 
Previous 17: main:slots_used:1={1977,3549,0,0,12598,123,5,12,2,4110}; main:ereg:1={0,0,0,0,0,0,0,0,0,0}; 
Previous 18: main:slots_used:1={2,2,2,2,2,2,2,2,2,2}; main:ereg:1={0,0,0,0,0,0,0,0,0,0}; 
Previous 19: main:slots_used:1={2023,2023,2023,2023,2023,2023,2023,2023,2023,2023}; main:ereg:1={5,0,0,0,0,0,0,0,0,0}; 
Previous 20: main:slots_used:1={2,1,0,0,0,0,0,0,0,0}; main:ereg:1={0,0,0,0,0,0,0,0,0,0}; 
Previous 21: main:slots_used:1={2,1,2,1,2,1,2,1,2,1}; main:ereg:1={0,0,0,0,0,0,0,0,0,0}; 
Previous 22: main:slots_used:1={1277729106,2,0,0,0,0,0,0,0,0}; main:ereg:1={0,0,0,0,0,0,0,0,0,0}; 
Previous 23: main:slots_used:1={1748,1757,1986,1987,1755,1756,1364,1311,1344,8694}; main:ereg:1={1729987863,1259485344,3097,3098,3099,3100,3101,3102,3103,3104}; 

Program:
extern int __VERIFIER_nondet_int(void);
/*
Commit Number: 8030f9c0f092170ceb50cedf59b9c330022825b7
URL: https://github.com/aatmdev/glusterfs/commit/8030f9c0f092170ceb50cedf59b9c330022825b7
Project Name: glusterfs
License: GPL2
termination: FALSE
*/
#define EVEBT_EPOLL_SLOTS 2
int main()
{
    int EVENT_EPOLL_TABLES = 10;
    int slots_used[10];
    int ereg[10];
    int table;
    for( int i = 0 ; i < 10 ; i++ )
    {
        slots_used[i] = __VERIFIER_nondet_int();
        ereg[i] = __VERIFIER_nondet_int();
    }
    int i = 0;
    while( i < EVENT_EPOLL_TABLES )
    {
        switch( slots_used[i] )
        {
            case EVEBT_EPOLL_SLOTS:
                continue;
            case 0:
                if( !ereg[i] )
                    return 0;
                else
                    table = ereg[i];
                break;
            default:
                table = ereg[i];
                break;
        }
        if( table )
            break;
        i++;
    }
    return 0;
}

"
31,NT,"main:slots_used:1={2,1,1,1,1,1,1,1,1,1}
main:ereg:1={0,0,0,0,0,0,0,0,0,0}
",,DUPLICATE,,false,,"You generate concrete values for nondeterministic inputs in a C/C++ program.
Your goal is to produce ONE complete assignment set that is likely to make the program not terminate.

Important rules:
1. Return a value for EVERY listed nondeterministic input ID.
2. Use each ID exactly once.
3. Respect the declared C/C++ type.
4. For an array, return the value as an array containing exactly the required number of elements.
5. For char arrays, each element must be exactly one character. Return the character itself without C single quotes.
6. Prefer small-magnitude values unless larger values are necessary to achieve the requested execution behavior.

Nondeterministic inputs:
- id: main:slots_used:1, type: int, array: true, size: 10, required elements: 10
- id: main:ereg:1, type: int, array: true, size: 10, required elements: 10

Previously generated assignment sets are listed below. Generate a materially different set and do not duplicate any of them.
Previous 1: main:slots_used:1={0,1,1,1,1,1,1,1,1,1}; main:ereg:1={0,0,0,0,0,0,0,0,0,0}; 
Previous 2: main:slots_used:1={0,0,0,0,0,0,0,0,0,0}; main:ereg:1={0,0,0,0,0,0,0,0,0,0}; 
Previous 3: main:slots_used:1={3,7,0,0,4,0,0,5,1,0}; main:ereg:1={2,1,0,2,0,1,2,1,0,3}; 
Previous 4: main:slots_used:1={1,0,0,0,0,0,0,0,0,0}; main:ereg:1={5,1,1,1,1,1,1,1,1,1}; 
Previous 5: main:slots_used:1={0,3,4,5,6,7,8,9,10,11}; main:ereg:1={1,2,3,4,5,6,7,8,9,10}; 
Previous 6: main:slots_used:1={0,1,1,1,1,1,1,1,1,1}; main:ereg:1={1,0,0,0,0,0,0,0,0,0}; 
Previous 7: main:slots_used:1={3,3,3,3,3,3,3,3,3,4}; main:ereg:1={1,0,0,0,0,0,0,0,0,0}; 
Previous 8: main:slots_used:1={0,0,0,0,0,0,0,0,0,0}; main:ereg:1={0,1,2,3,4,5,6,7,8,9}; 
Previous 9: main:slots_used:1={0,1,4,5,6,7,8,9,10,11}; main:ereg:1={0,0,0,0,0,0,0,0,0,0}; 
Previous 10: main:slots_used:1={1,1,1,1,1,1,1,1,1,1}; main:ereg:1={1,1,1,1,1,1,1,1,1,1}; 
Previous 11: main:slots_used:1={2023,2023,2023,2023,2023,2023,2023,2023,2023,2023}; main:ereg:1={2023,2023,2023,2023,2023,2023,2023,2023,2023,2023}; 
Previous 12: main:slots_used:1={4017,2203,6443,8753,9905,2003,5614,3841,6000,4947}; main:ereg:1={7140,2278,4832,9046,4700,7770,5509,5347,1819,7223}; 
Previous 13: main:slots_used:1={1,2,2,1,2,1,0,0,0,0}; main:ereg:1={0,0,0,0,0,0,0,0,0,0}; 
Previous 14: main:slots_used:1={2,0,0,0,0,0,0,0,0,0}; main:ereg:1={0,0,0,0,0,0,0,0,0,0}; 
Previous 15: main:slots_used:1={2,3,4,5,6,7,8,9,10,11}; main:ereg:1={10,9,8,7,6,5,4,3,2,1}; 
Previous 16: main:slots_used:1={2042,3238,6051,9175,1724,2399,4960,7084,8643,9111}; main:ereg:1={0,0,0,0,0,0,0,0,0,0}; 
Previous 17: main:slots_used:1={1977,3549,0,0,12598,123,5,12,2,4110}; main:ereg:1={0,0,0,0,0,0,0,0,0,0}; 
Previous 18: main:slots_used:1={2,2,2,2,2,2,2,2,2,2}; main:ereg:1={0,0,0,0,0,0,0,0,0,0}; 
Previous 19: main:slots_used:1={2023,2023,2023,2023,2023,2023,2023,2023,2023,2023}; main:ereg:1={5,0,0,0,0,0,0,0,0,0}; 
Previous 20: main:slots_used:1={2,1,0,0,0,0,0,0,0,0}; main:ereg:1={0,0,0,0,0,0,0,0,0,0}; 
Previous 21: main:slots_used:1={2,1,2,1,2,1,2,1,2,1}; main:ereg:1={0,0,0,0,0,0,0,0,0,0}; 
Previous 22: main:slots_used:1={1277729106,2,0,0,0,0,0,0,0,0}; main:ereg:1={0,0,0,0,0,0,0,0,0,0}; 
Previous 23: main:slots_used:1={1748,1757,1986,1987,1755,1756,1364,1311,1344,8694}; main:ereg:1={1729987863,1259485344,3097,3098,3099,3100,3101,3102,3103,3104}; 
Previous 24: main:slots_used:1={2,1,1,1,1,1,1,1,1,1}; main:ereg:1={0,0,0,0,0,0,0,0,0,0}; 

Program:
extern int __VERIFIER_nondet_int(void);
/*
Commit Number: 8030f9c0f092170ceb50cedf59b9c330022825b7
URL: https://github.com/aatmdev/glusterfs/commit/8030f9c0f092170ceb50cedf59b9c330022825b7
Project Name: glusterfs
License: GPL2
termination: FALSE
*/
#define EVEBT_EPOLL_SLOTS 2
int main()
{
    int EVENT_EPOLL_TABLES = 10;
    int slots_used[10];
    int ereg[10];
    int table;
    for( int i = 0 ; i < 10 ; i++ )
    {
        slots_used[i] = __VERIFIER_nondet_int();
        ereg[i] = __VERIFIER_nondet_int();
    }
    int i = 0;
    while( i < EVENT_EPOLL_TABLES )
    {
        switch( slots_used[i] )
        {
            case EVEBT_EPOLL_SLOTS:
                continue;
            case 0:
                if( !ereg[i] )
                    return 0;
                else
                    table = ereg[i];
                break;
            default:
                table = ereg[i];
                break;
        }
        if( table )
            break;
        i++;
    }
    return 0;
}

"
32,NT,"main:slots_used:1={0,0,0,0,0,1,0,1,0,0}
main:ereg:1={81178,17548,10,9093,1228,57978,18,5068,0,0}
",,COMPLETED,T,false,,"You generate concrete values for nondeterministic inputs in a C/C++ program.
Your goal is to produce ONE complete assignment set that is likely to make the program not terminate.

Important rules:
1. Return a value for EVERY listed nondeterministic input ID.
2. Use each ID exactly once.
3. Respect the declared C/C++ type.
4. For an array, return the value as an array containing exactly the required number of elements.
5. For char arrays, each element must be exactly one character. Return the character itself without C single quotes.
6. Prefer small-magnitude values unless larger values are necessary to achieve the requested execution behavior.

Nondeterministic inputs:
- id: main:slots_used:1, type: int, array: true, size: 10, required elements: 10
- id: main:ereg:1, type: int, array: true, size: 10, required elements: 10

Previously generated assignment sets are listed below. Generate a materially different set and do not duplicate any of them.
Previous 1: main:slots_used:1={0,1,1,1,1,1,1,1,1,1}; main:ereg:1={0,0,0,0,0,0,0,0,0,0}; 
Previous 2: main:slots_used:1={0,0,0,0,0,0,0,0,0,0}; main:ereg:1={0,0,0,0,0,0,0,0,0,0}; 
Previous 3: main:slots_used:1={3,7,0,0,4,0,0,5,1,0}; main:ereg:1={2,1,0,2,0,1,2,1,0,3}; 
Previous 4: main:slots_used:1={1,0,0,0,0,0,0,0,0,0}; main:ereg:1={5,1,1,1,1,1,1,1,1,1}; 
Previous 5: main:slots_used:1={0,3,4,5,6,7,8,9,10,11}; main:ereg:1={1,2,3,4,5,6,7,8,9,10}; 
Previous 6: main:slots_used:1={0,1,1,1,1,1,1,1,1,1}; main:ereg:1={1,0,0,0,0,0,0,0,0,0}; 
Previous 7: main:slots_used:1={3,3,3,3,3,3,3,3,3,4}; main:ereg:1={1,0,0,0,0,0,0,0,0,0}; 
Previous 8: main:slots_used:1={0,0,0,0,0,0,0,0,0,0}; main:ereg:1={0,1,2,3,4,5,6,7,8,9}; 
Previous 9: main:slots_used:1={0,1,4,5,6,7,8,9,10,11}; main:ereg:1={0,0,0,0,0,0,0,0,0,0}; 
Previous 10: main:slots_used:1={1,1,1,1,1,1,1,1,1,1}; main:ereg:1={1,1,1,1,1,1,1,1,1,1}; 
Previous 11: main:slots_used:1={2023,2023,2023,2023,2023,2023,2023,2023,2023,2023}; main:ereg:1={2023,2023,2023,2023,2023,2023,2023,2023,2023,2023}; 
Previous 12: main:slots_used:1={4017,2203,6443,8753,9905,2003,5614,3841,6000,4947}; main:ereg:1={7140,2278,4832,9046,4700,7770,5509,5347,1819,7223}; 
Previous 13: main:slots_used:1={1,2,2,1,2,1,0,0,0,0}; main:ereg:1={0,0,0,0,0,0,0,0,0,0}; 
Previous 14: main:slots_used:1={2,0,0,0,0,0,0,0,0,0}; main:ereg:1={0,0,0,0,0,0,0,0,0,0}; 
Previous 15: main:slots_used:1={2,3,4,5,6,7,8,9,10,11}; main:ereg:1={10,9,8,7,6,5,4,3,2,1}; 
Previous 16: main:slots_used:1={2042,3238,6051,9175,1724,2399,4960,7084,8643,9111}; main:ereg:1={0,0,0,0,0,0,0,0,0,0}; 
Previous 17: main:slots_used:1={1977,3549,0,0,12598,123,5,12,2,4110}; main:ereg:1={0,0,0,0,0,0,0,0,0,0}; 
Previous 18: main:slots_used:1={2,2,2,2,2,2,2,2,2,2}; main:ereg:1={0,0,0,0,0,0,0,0,0,0}; 
Previous 19: main:slots_used:1={2023,2023,2023,2023,2023,2023,2023,2023,2023,2023}; main:ereg:1={5,0,0,0,0,0,0,0,0,0}; 
Previous 20: main:slots_used:1={2,1,0,0,0,0,0,0,0,0}; main:ereg:1={0,0,0,0,0,0,0,0,0,0}; 
Previous 21: main:slots_used:1={2,1,2,1,2,1,2,1,2,1}; main:ereg:1={0,0,0,0,0,0,0,0,0,0}; 
Previous 22: main:slots_used:1={1277729106,2,0,0,0,0,0,0,0,0}; main:ereg:1={0,0,0,0,0,0,0,0,0,0}; 
Previous 23: main:slots_used:1={1748,1757,1986,1987,1755,1756,1364,1311,1344,8694}; main:ereg:1={1729987863,1259485344,3097,3098,3099,3100,3101,3102,3103,3104}; 
Previous 24: main:slots_used:1={2,1,1,1,1,1,1,1,1,1}; main:ereg:1={0,0,0,0,0,0,0,0,0,0}; 

Program:
extern int __VERIFIER_nondet_int(void);
/*
Commit Number: 8030f9c0f092170ceb50cedf59b9c330022825b7
URL: https://github.com/aatmdev/glusterfs/commit/8030f9c0f092170ceb50cedf59b9c330022825b7
Project Name: glusterfs
License: GPL2
termination: FALSE
*/
#define EVEBT_EPOLL_SLOTS 2
int main()
{
    int EVENT_EPOLL_TABLES = 10;
    int slots_used[10];
    int ereg[10];
    int table;
    for( int i = 0 ; i < 10 ; i++ )
    {
        slots_used[i] = __VERIFIER_nondet_int();
        ereg[i] = __VERIFIER_nondet_int();
    }
    int i = 0;
    while( i < EVENT_EPOLL_TABLES )
    {
        switch( slots_used[i] )
        {
            case EVEBT_EPOLL_SLOTS:
                continue;
            case 0:
                if( !ereg[i] )
                    return 0;
                else
                    table = ereg[i];
                break;
            default:
                table = ereg[i];
                break;
        }
        if( table )
            break;
        i++;
    }
    return 0;
}

"
33,NT,"main:slots_used:1={2,2,2,2,2,2,2,2,2,2}
main:ereg:1={0,0,0,0,0,0,0,0,0,0}
",,DUPLICATE,,false,,"You generate concrete values for nondeterministic inputs in a C/C++ program.
Your goal is to produce ONE complete assignment set that is likely to make the program not terminate.

Important rules:
1. Return a value for EVERY listed nondeterministic input ID.
2. Use each ID exactly once.
3. Respect the declared C/C++ type.
4. For an array, return the value as an array containing exactly the required number of elements.
5. For char arrays, each element must be exactly one character. Return the character itself without C single quotes.
6. Prefer small-magnitude values unless larger values are necessary to achieve the requested execution behavior.

Nondeterministic inputs:
- id: main:slots_used:1, type: int, array: true, size: 10, required elements: 10
- id: main:ereg:1, type: int, array: true, size: 10, required elements: 10

Previously generated assignment sets are listed below. Generate a materially different set and do not duplicate any of them.
Previous 1: main:slots_used:1={0,1,1,1,1,1,1,1,1,1}; main:ereg:1={0,0,0,0,0,0,0,0,0,0}; 
Previous 2: main:slots_used:1={0,0,0,0,0,0,0,0,0,0}; main:ereg:1={0,0,0,0,0,0,0,0,0,0}; 
Previous 3: main:slots_used:1={3,7,0,0,4,0,0,5,1,0}; main:ereg:1={2,1,0,2,0,1,2,1,0,3}; 
Previous 4: main:slots_used:1={1,0,0,0,0,0,0,0,0,0}; main:ereg:1={5,1,1,1,1,1,1,1,1,1}; 
Previous 5: main:slots_used:1={0,3,4,5,6,7,8,9,10,11}; main:ereg:1={1,2,3,4,5,6,7,8,9,10}; 
Previous 6: main:slots_used:1={0,1,1,1,1,1,1,1,1,1}; main:ereg:1={1,0,0,0,0,0,0,0,0,0}; 
Previous 7: main:slots_used:1={3,3,3,3,3,3,3,3,3,4}; main:ereg:1={1,0,0,0,0,0,0,0,0,0}; 
Previous 8: main:slots_used:1={0,0,0,0,0,0,0,0,0,0}; main:ereg:1={0,1,2,3,4,5,6,7,8,9}; 
Previous 9: main:slots_used:1={0,1,4,5,6,7,8,9,10,11}; main:ereg:1={0,0,0,0,0,0,0,0,0,0}; 
Previous 10: main:slots_used:1={1,1,1,1,1,1,1,1,1,1}; main:ereg:1={1,1,1,1,1,1,1,1,1,1}; 
Previous 11: main:slots_used:1={2023,2023,2023,2023,2023,2023,2023,2023,2023,2023}; main:ereg:1={2023,2023,2023,2023,2023,2023,2023,2023,2023,2023}; 
Previous 12: main:slots_used:1={4017,2203,6443,8753,9905,2003,5614,3841,6000,4947}; main:ereg:1={7140,2278,4832,9046,4700,7770,5509,5347,1819,7223}; 
Previous 13: main:slots_used:1={1,2,2,1,2,1,0,0,0,0}; main:ereg:1={0,0,0,0,0,0,0,0,0,0}; 
Previous 14: main:slots_used:1={2,0,0,0,0,0,0,0,0,0}; main:ereg:1={0,0,0,0,0,0,0,0,0,0}; 
Previous 15: main:slots_used:1={2,3,4,5,6,7,8,9,10,11}; main:ereg:1={10,9,8,7,6,5,4,3,2,1}; 
Previous 16: main:slots_used:1={2042,3238,6051,9175,1724,2399,4960,7084,8643,9111}; main:ereg:1={0,0,0,0,0,0,0,0,0,0}; 
Previous 17: main:slots_used:1={1977,3549,0,0,12598,123,5,12,2,4110}; main:ereg:1={0,0,0,0,0,0,0,0,0,0}; 
Previous 18: main:slots_used:1={2,2,2,2,2,2,2,2,2,2}; main:ereg:1={0,0,0,0,0,0,0,0,0,0}; 
Previous 19: main:slots_used:1={2023,2023,2023,2023,2023,2023,2023,2023,2023,2023}; main:ereg:1={5,0,0,0,0,0,0,0,0,0}; 
Previous 20: main:slots_used:1={2,1,0,0,0,0,0,0,0,0}; main:ereg:1={0,0,0,0,0,0,0,0,0,0}; 
Previous 21: main:slots_used:1={2,1,2,1,2,1,2,1,2,1}; main:ereg:1={0,0,0,0,0,0,0,0,0,0}; 
Previous 22: main:slots_used:1={1277729106,2,0,0,0,0,0,0,0,0}; main:ereg:1={0,0,0,0,0,0,0,0,0,0}; 
Previous 23: main:slots_used:1={1748,1757,1986,1987,1755,1756,1364,1311,1344,8694}; main:ereg:1={1729987863,1259485344,3097,3098,3099,3100,3101,3102,3103,3104}; 
Previous 24: main:slots_used:1={2,1,1,1,1,1,1,1,1,1}; main:ereg:1={0,0,0,0,0,0,0,0,0,0}; 
Previous 25: main:slots_used:1={0,0,0,0,0,1,0,1,0,0}; main:ereg:1={81178,17548,10,9093,1228,57978,18,5068,0,0}; 

Program:
extern int __VERIFIER_nondet_int(void);
/*
Commit Number: 8030f9c0f092170ceb50cedf59b9c330022825b7
URL: https://github.com/aatmdev/glusterfs/commit/8030f9c0f092170ceb50cedf59b9c330022825b7
Project Name: glusterfs
License: GPL2
termination: FALSE
*/
#define EVEBT_EPOLL_SLOTS 2
int main()
{
    int EVENT_EPOLL_TABLES = 10;
    int slots_used[10];
    int ereg[10];
    int table;
    for( int i = 0 ; i < 10 ; i++ )
    {
        slots_used[i] = __VERIFIER_nondet_int();
        ereg[i] = __VERIFIER_nondet_int();
    }
    int i = 0;
    while( i < EVENT_EPOLL_TABLES )
    {
        switch( slots_used[i] )
        {
            case EVEBT_EPOLL_SLOTS:
                continue;
            case 0:
                if( !ereg[i] )
                    return 0;
                else
                    table = ereg[i];
                break;
            default:
                table = ereg[i];
                break;
        }
        if( table )
            break;
        i++;
    }
    return 0;
}

"
34,NT,"main:slots_used:1={20,20,20,20,20,20,20,20,20,20}
main:ereg:1={0,0,0,0,0,0,0,0,0,0}
",,COMPLETED,T,false,,"You generate concrete values for nondeterministic inputs in a C/C++ program.
Your goal is to produce ONE complete assignment set that is likely to make the program not terminate.

Important rules:
1. Return a value for EVERY listed nondeterministic input ID.
2. Use each ID exactly once.
3. Respect the declared C/C++ type.
4. For an array, return the value as an array containing exactly the required number of elements.
5. For char arrays, each element must be exactly one character. Return the character itself without C single quotes.
6. Prefer small-magnitude values unless larger values are necessary to achieve the requested execution behavior.

Nondeterministic inputs:
- id: main:slots_used:1, type: int, array: true, size: 10, required elements: 10
- id: main:ereg:1, type: int, array: true, size: 10, required elements: 10

Previously generated assignment sets are listed below. Generate a materially different set and do not duplicate any of them.
Previous 1: main:slots_used:1={0,1,1,1,1,1,1,1,1,1}; main:ereg:1={0,0,0,0,0,0,0,0,0,0}; 
Previous 2: main:slots_used:1={0,0,0,0,0,0,0,0,0,0}; main:ereg:1={0,0,0,0,0,0,0,0,0,0}; 
Previous 3: main:slots_used:1={3,7,0,0,4,0,0,5,1,0}; main:ereg:1={2,1,0,2,0,1,2,1,0,3}; 
Previous 4: main:slots_used:1={1,0,0,0,0,0,0,0,0,0}; main:ereg:1={5,1,1,1,1,1,1,1,1,1}; 
Previous 5: main:slots_used:1={0,3,4,5,6,7,8,9,10,11}; main:ereg:1={1,2,3,4,5,6,7,8,9,10}; 
Previous 6: main:slots_used:1={0,1,1,1,1,1,1,1,1,1}; main:ereg:1={1,0,0,0,0,0,0,0,0,0}; 
Previous 7: main:slots_used:1={3,3,3,3,3,3,3,3,3,4}; main:ereg:1={1,0,0,0,0,0,0,0,0,0}; 
Previous 8: main:slots_used:1={0,0,0,0,0,0,0,0,0,0}; main:ereg:1={0,1,2,3,4,5,6,7,8,9}; 
Previous 9: main:slots_used:1={0,1,4,5,6,7,8,9,10,11}; main:ereg:1={0,0,0,0,0,0,0,0,0,0}; 
Previous 10: main:slots_used:1={1,1,1,1,1,1,1,1,1,1}; main:ereg:1={1,1,1,1,1,1,1,1,1,1}; 
Previous 11: main:slots_used:1={2023,2023,2023,2023,2023,2023,2023,2023,2023,2023}; main:ereg:1={2023,2023,2023,2023,2023,2023,2023,2023,2023,2023}; 
Previous 12: main:slots_used:1={4017,2203,6443,8753,9905,2003,5614,3841,6000,4947}; main:ereg:1={7140,2278,4832,9046,4700,7770,5509,5347,1819,7223}; 
Previous 13: main:slots_used:1={1,2,2,1,2,1,0,0,0,0}; main:ereg:1={0,0,0,0,0,0,0,0,0,0}; 
Previous 14: main:slots_used:1={2,0,0,0,0,0,0,0,0,0}; main:ereg:1={0,0,0,0,0,0,0,0,0,0}; 
Previous 15: main:slots_used:1={2,3,4,5,6,7,8,9,10,11}; main:ereg:1={10,9,8,7,6,5,4,3,2,1}; 
Previous 16: main:slots_used:1={2042,3238,6051,9175,1724,2399,4960,7084,8643,9111}; main:ereg:1={0,0,0,0,0,0,0,0,0,0}; 
Previous 17: main:slots_used:1={1977,3549,0,0,12598,123,5,12,2,4110}; main:ereg:1={0,0,0,0,0,0,0,0,0,0}; 
Previous 18: main:slots_used:1={2,2,2,2,2,2,2,2,2,2}; main:ereg:1={0,0,0,0,0,0,0,0,0,0}; 
Previous 19: main:slots_used:1={2023,2023,2023,2023,2023,2023,2023,2023,2023,2023}; main:ereg:1={5,0,0,0,0,0,0,0,0,0}; 
Previous 20: main:slots_used:1={2,1,0,0,0,0,0,0,0,0}; main:ereg:1={0,0,0,0,0,0,0,0,0,0}; 
Previous 21: main:slots_used:1={2,1,2,1,2,1,2,1,2,1}; main:ereg:1={0,0,0,0,0,0,0,0,0,0}; 
Previous 22: main:slots_used:1={1277729106,2,0,0,0,0,0,0,0,0}; main:ereg:1={0,0,0,0,0,0,0,0,0,0}; 
Previous 23: main:slots_used:1={1748,1757,1986,1987,1755,1756,1364,1311,1344,8694}; main:ereg:1={1729987863,1259485344,3097,3098,3099,3100,3101,3102,3103,3104}; 
Previous 24: main:slots_used:1={2,1,1,1,1,1,1,1,1,1}; main:ereg:1={0,0,0,0,0,0,0,0,0,0}; 
Previous 25: main:slots_used:1={0,0,0,0,0,1,0,1,0,0}; main:ereg:1={81178,17548,10,9093,1228,57978,18,5068,0,0}; 

Program:
extern int __VERIFIER_nondet_int(void);
/*
Commit Number: 8030f9c0f092170ceb50cedf59b9c330022825b7
URL: https://github.com/aatmdev/glusterfs/commit/8030f9c0f092170ceb50cedf59b9c330022825b7
Project Name: glusterfs
License: GPL2
termination: FALSE
*/
#define EVEBT_EPOLL_SLOTS 2
int main()
{
    int EVENT_EPOLL_TABLES = 10;
    int slots_used[10];
    int ereg[10];
    int table;
    for( int i = 0 ; i < 10 ; i++ )
    {
        slots_used[i] = __VERIFIER_nondet_int();
        ereg[i] = __VERIFIER_nondet_int();
    }
    int i = 0;
    while( i < EVENT_EPOLL_TABLES )
    {
        switch( slots_used[i] )
        {
            case EVEBT_EPOLL_SLOTS:
                continue;
            case 0:
                if( !ereg[i] )
                    return 0;
                else
                    table = ereg[i];
                break;
            default:
                table = ereg[i];
                break;
        }
        if( table )
            break;
        i++;
    }
    return 0;
}

"
35,NT,"main:slots_used:1={192,94,102,250,55,84,253,246,184,155}
main:ereg:1={0,0,0,0,0,0,0,0,0,0}
",,COMPLETED,T,false,,"You generate concrete values for nondeterministic inputs in a C/C++ program.
Your goal is to produce ONE complete assignment set that is likely to make the program not terminate.

Important rules:
1. Return a value for EVERY listed nondeterministic input ID.
2. Use each ID exactly once.
3. Respect the declared C/C++ type.
4. For an array, return the value as an array containing exactly the required number of elements.
5. For char arrays, each element must be exactly one character. Return the character itself without C single quotes.
6. Prefer small-magnitude values unless larger values are necessary to achieve the requested execution behavior.

Nondeterministic inputs:
- id: main:slots_used:1, type: int, array: true, size: 10, required elements: 10
- id: main:ereg:1, type: int, array: true, size: 10, required elements: 10

Previously generated assignment sets are listed below. Generate a materially different set and do not duplicate any of them.
Previous 1: main:slots_used:1={0,1,1,1,1,1,1,1,1,1}; main:ereg:1={0,0,0,0,0,0,0,0,0,0}; 
Previous 2: main:slots_used:1={0,0,0,0,0,0,0,0,0,0}; main:ereg:1={0,0,0,0,0,0,0,0,0,0}; 
Previous 3: main:slots_used:1={3,7,0,0,4,0,0,5,1,0}; main:ereg:1={2,1,0,2,0,1,2,1,0,3}; 
Previous 4: main:slots_used:1={1,0,0,0,0,0,0,0,0,0}; main:ereg:1={5,1,1,1,1,1,1,1,1,1}; 
Previous 5: main:slots_used:1={0,3,4,5,6,7,8,9,10,11}; main:ereg:1={1,2,3,4,5,6,7,8,9,10}; 
Previous 6: main:slots_used:1={0,1,1,1,1,1,1,1,1,1}; main:ereg:1={1,0,0,0,0,0,0,0,0,0}; 
Previous 7: main:slots_used:1={3,3,3,3,3,3,3,3,3,4}; main:ereg:1={1,0,0,0,0,0,0,0,0,0}; 
Previous 8: main:slots_used:1={0,0,0,0,0,0,0,0,0,0}; main:ereg:1={0,1,2,3,4,5,6,7,8,9}; 
Previous 9: main:slots_used:1={0,1,4,5,6,7,8,9,10,11}; main:ereg:1={0,0,0,0,0,0,0,0,0,0}; 
Previous 10: main:slots_used:1={1,1,1,1,1,1,1,1,1,1}; main:ereg:1={1,1,1,1,1,1,1,1,1,1}; 
Previous 11: main:slots_used:1={2023,2023,2023,2023,2023,2023,2023,2023,2023,2023}; main:ereg:1={2023,2023,2023,2023,2023,2023,2023,2023,2023,2023}; 
Previous 12: main:slots_used:1={4017,2203,6443,8753,9905,2003,5614,3841,6000,4947}; main:ereg:1={7140,2278,4832,9046,4700,7770,5509,5347,1819,7223}; 
Previous 13: main:slots_used:1={1,2,2,1,2,1,0,0,0,0}; main:ereg:1={0,0,0,0,0,0,0,0,0,0}; 
Previous 14: main:slots_used:1={2,0,0,0,0,0,0,0,0,0}; main:ereg:1={0,0,0,0,0,0,0,0,0,0}; 
Previous 15: main:slots_used:1={2,3,4,5,6,7,8,9,10,11}; main:ereg:1={10,9,8,7,6,5,4,3,2,1}; 
Previous 16: main:slots_used:1={2042,3238,6051,9175,1724,2399,4960,7084,8643,9111}; main:ereg:1={0,0,0,0,0,0,0,0,0,0}; 
Previous 17: main:slots_used:1={1977,3549,0,0,12598,123,5,12,2,4110}; main:ereg:1={0,0,0,0,0,0,0,0,0,0}; 
Previous 18: main:slots_used:1={2,2,2,2,2,2,2,2,2,2}; main:ereg:1={0,0,0,0,0,0,0,0,0,0}; 
Previous 19: main:slots_used:1={2023,2023,2023,2023,2023,2023,2023,2023,2023,2023}; main:ereg:1={5,0,0,0,0,0,0,0,0,0}; 
Previous 20: main:slots_used:1={2,1,0,0,0,0,0,0,0,0}; main:ereg:1={0,0,0,0,0,0,0,0,0,0}; 
Previous 21: main:slots_used:1={2,1,2,1,2,1,2,1,2,1}; main:ereg:1={0,0,0,0,0,0,0,0,0,0}; 
Previous 22: main:slots_used:1={1277729106,2,0,0,0,0,0,0,0,0}; main:ereg:1={0,0,0,0,0,0,0,0,0,0}; 
Previous 23: main:slots_used:1={1748,1757,1986,1987,1755,1756,1364,1311,1344,8694}; main:ereg:1={1729987863,1259485344,3097,3098,3099,3100,3101,3102,3103,3104}; 
Previous 24: main:slots_used:1={2,1,1,1,1,1,1,1,1,1}; main:ereg:1={0,0,0,0,0,0,0,0,0,0}; 
Previous 25: main:slots_used:1={0,0,0,0,0,1,0,1,0,0}; main:ereg:1={81178,17548,10,9093,1228,57978,18,5068,0,0}; 
Previous 26: main:slots_used:1={20,20,20,20,20,20,20,20,20,20}; main:ereg:1={0,0,0,0,0,0,0,0,0,0}; 

Program:
extern int __VERIFIER_nondet_int(void);
/*
Commit Number: 8030f9c0f092170ceb50cedf59b9c330022825b7
URL: https://github.com/aatmdev/glusterfs/commit/8030f9c0f092170ceb50cedf59b9c330022825b7
Project Name: glusterfs
License: GPL2
termination: FALSE
*/
#define EVEBT_EPOLL_SLOTS 2
int main()
{
    int EVENT_EPOLL_TABLES = 10;
    int slots_used[10];
    int ereg[10];
    int table;
    for( int i = 0 ; i < 10 ; i++ )
    {
        slots_used[i] = __VERIFIER_nondet_int();
        ereg[i] = __VERIFIER_nondet_int();
    }
    int i = 0;
    while( i < EVENT_EPOLL_TABLES )
    {
        switch( slots_used[i] )
        {
            case EVEBT_EPOLL_SLOTS:
                continue;
            case 0:
                if( !ereg[i] )
                    return 0;
                else
                    table = ereg[i];
                break;
            default:
                table = ereg[i];
                break;
        }
        if( table )
            break;
        i++;
    }
    return 0;
}

"
36,NT,"main:slots_used:1={1,1,1,1,1,1,1,1,1,1}
main:ereg:1={1,1,1,1,1,1,1,1,1,1}
",,DUPLICATE,,false,,"You generate concrete values for nondeterministic inputs in a C/C++ program.
Your goal is to produce ONE complete assignment set that is likely to make the program not terminate.

Important rules:
1. Return a value for EVERY listed nondeterministic input ID.
2. Use each ID exactly once.
3. Respect the declared C/C++ type.
4. For an array, return the value as an array containing exactly the required number of elements.
5. For char arrays, each element must be exactly one character. Return the character itself without C single quotes.
6. Prefer small-magnitude values unless larger values are necessary to achieve the requested execution behavior.

Nondeterministic inputs:
- id: main:slots_used:1, type: int, array: true, size: 10, required elements: 10
- id: main:ereg:1, type: int, array: true, size: 10, required elements: 10

Previously generated assignment sets are listed below. Generate a materially different set and do not duplicate any of them.
Previous 1: main:slots_used:1={0,1,1,1,1,1,1,1,1,1}; main:ereg:1={0,0,0,0,0,0,0,0,0,0}; 
Previous 2: main:slots_used:1={0,0,0,0,0,0,0,0,0,0}; main:ereg:1={0,0,0,0,0,0,0,0,0,0}; 
Previous 3: main:slots_used:1={3,7,0,0,4,0,0,5,1,0}; main:ereg:1={2,1,0,2,0,1,2,1,0,3}; 
Previous 4: main:slots_used:1={1,0,0,0,0,0,0,0,0,0}; main:ereg:1={5,1,1,1,1,1,1,1,1,1}; 
Previous 5: main:slots_used:1={0,3,4,5,6,7,8,9,10,11}; main:ereg:1={1,2,3,4,5,6,7,8,9,10}; 
Previous 6: main:slots_used:1={0,1,1,1,1,1,1,1,1,1}; main:ereg:1={1,0,0,0,0,0,0,0,0,0}; 
Previous 7: main:slots_used:1={3,3,3,3,3,3,3,3,3,4}; main:ereg:1={1,0,0,0,0,0,0,0,0,0}; 
Previous 8: main:slots_used:1={0,0,0,0,0,0,0,0,0,0}; main:ereg:1={0,1,2,3,4,5,6,7,8,9}; 
Previous 9: main:slots_used:1={0,1,4,5,6,7,8,9,10,11}; main:ereg:1={0,0,0,0,0,0,0,0,0,0}; 
Previous 10: main:slots_used:1={1,1,1,1,1,1,1,1,1,1}; main:ereg:1={1,1,1,1,1,1,1,1,1,1}; 
Previous 11: main:slots_used:1={2023,2023,2023,2023,2023,2023,2023,2023,2023,2023}; main:ereg:1={2023,2023,2023,2023,2023,2023,2023,2023,2023,2023}; 
Previous 12: main:slots_used:1={4017,2203,6443,8753,9905,2003,5614,3841,6000,4947}; main:ereg:1={7140,2278,4832,9046,4700,7770,5509,5347,1819,7223}; 
Previous 13: main:slots_used:1={1,2,2,1,2,1,0,0,0,0}; main:ereg:1={0,0,0,0,0,0,0,0,0,0}; 
Previous 14: main:slots_used:1={2,0,0,0,0,0,0,0,0,0}; main:ereg:1={0,0,0,0,0,0,0,0,0,0}; 
Previous 15: main:slots_used:1={2,3,4,5,6,7,8,9,10,11}; main:ereg:1={10,9,8,7,6,5,4,3,2,1}; 
Previous 16: main:slots_used:1={2042,3238,6051,9175,1724,2399,4960,7084,8643,9111}; main:ereg:1={0,0,0,0,0,0,0,0,0,0}; 
Previous 17: main:slots_used:1={1977,3549,0,0,12598,123,5,12,2,4110}; main:ereg:1={0,0,0,0,0,0,0,0,0,0}; 
Previous 18: main:slots_used:1={2,2,2,2,2,2,2,2,2,2}; main:ereg:1={0,0,0,0,0,0,0,0,0,0}; 
Previous 19: main:slots_used:1={2023,2023,2023,2023,2023,2023,2023,2023,2023,2023}; main:ereg:1={5,0,0,0,0,0,0,0,0,0}; 
Previous 20: main:slots_used:1={2,1,0,0,0,0,0,0,0,0}; main:ereg:1={0,0,0,0,0,0,0,0,0,0}; 
Previous 21: main:slots_used:1={2,1,2,1,2,1,2,1,2,1}; main:ereg:1={0,0,0,0,0,0,0,0,0,0}; 
Previous 22: main:slots_used:1={1277729106,2,0,0,0,0,0,0,0,0}; main:ereg:1={0,0,0,0,0,0,0,0,0,0}; 
Previous 23: main:slots_used:1={1748,1757,1986,1987,1755,1756,1364,1311,1344,8694}; main:ereg:1={1729987863,1259485344,3097,3098,3099,3100,3101,3102,3103,3104}; 
Previous 24: main:slots_used:1={2,1,1,1,1,1,1,1,1,1}; main:ereg:1={0,0,0,0,0,0,0,0,0,0}; 
Previous 25: main:slots_used:1={0,0,0,0,0,1,0,1,0,0}; main:ereg:1={81178,17548,10,9093,1228,57978,18,5068,0,0}; 
Previous 26: main:slots_used:1={20,20,20,20,20,20,20,20,20,20}; main:ereg:1={0,0,0,0,0,0,0,0,0,0}; 
Previous 27: main:slots_used:1={192,94,102,250,55,84,253,246,184,155}; main:ereg:1={0,0,0,0,0,0,0,0,0,0}; 

Program:
extern int __VERIFIER_nondet_int(void);
/*
Commit Number: 8030f9c0f092170ceb50cedf59b9c330022825b7
URL: https://github.com/aatmdev/glusterfs/commit/8030f9c0f092170ceb50cedf59b9c330022825b7
Project Name: glusterfs
License: GPL2
termination: FALSE
*/
#define EVEBT_EPOLL_SLOTS 2
int main()
{
    int EVENT_EPOLL_TABLES = 10;
    int slots_used[10];
    int ereg[10];
    int table;
    for( int i = 0 ; i < 10 ; i++ )
    {
        slots_used[i] = __VERIFIER_nondet_int();
        ereg[i] = __VERIFIER_nondet_int();
    }
    int i = 0;
    while( i < EVENT_EPOLL_TABLES )
    {
        switch( slots_used[i] )
        {
            case EVEBT_EPOLL_SLOTS:
                continue;
            case 0:
                if( !ereg[i] )
                    return 0;
                else
                    table = ereg[i];
                break;
            default:
                table = ereg[i];
                break;
        }
        if( table )
            break;
        i++;
    }
    return 0;
}

"
37,NT,"main:slots_used:1={0,1,3,4,5,6,7,8,9,10}
main:ereg:1={0,0,0,0,0,0,0,0,0,0}
",,COMPLETED,T,false,,"You generate concrete values for nondeterministic inputs in a C/C++ program.
Your goal is to produce ONE complete assignment set that is likely to make the program not terminate.

Important rules:
1. Return a value for EVERY listed nondeterministic input ID.
2. Use each ID exactly once.
3. Respect the declared C/C++ type.
4. For an array, return the value as an array containing exactly the required number of elements.
5. For char arrays, each element must be exactly one character. Return the character itself without C single quotes.
6. Prefer small-magnitude values unless larger values are necessary to achieve the requested execution behavior.

Nondeterministic inputs:
- id: main:slots_used:1, type: int, array: true, size: 10, required elements: 10
- id: main:ereg:1, type: int, array: true, size: 10, required elements: 10

Previously generated assignment sets are listed below. Generate a materially different set and do not duplicate any of them.
Previous 1: main:slots_used:1={0,1,1,1,1,1,1,1,1,1}; main:ereg:1={0,0,0,0,0,0,0,0,0,0}; 
Previous 2: main:slots_used:1={0,0,0,0,0,0,0,0,0,0}; main:ereg:1={0,0,0,0,0,0,0,0,0,0}; 
Previous 3: main:slots_used:1={3,7,0,0,4,0,0,5,1,0}; main:ereg:1={2,1,0,2,0,1,2,1,0,3}; 
Previous 4: main:slots_used:1={1,0,0,0,0,0,0,0,0,0}; main:ereg:1={5,1,1,1,1,1,1,1,1,1}; 
Previous 5: main:slots_used:1={0,3,4,5,6,7,8,9,10,11}; main:ereg:1={1,2,3,4,5,6,7,8,9,10}; 
Previous 6: main:slots_used:1={0,1,1,1,1,1,1,1,1,1}; main:ereg:1={1,0,0,0,0,0,0,0,0,0}; 
Previous 7: main:slots_used:1={3,3,3,3,3,3,3,3,3,4}; main:ereg:1={1,0,0,0,0,0,0,0,0,0}; 
Previous 8: main:slots_used:1={0,0,0,0,0,0,0,0,0,0}; main:ereg:1={0,1,2,3,4,5,6,7,8,9}; 
Previous 9: main:slots_used:1={0,1,4,5,6,7,8,9,10,11}; main:ereg:1={0,0,0,0,0,0,0,0,0,0}; 
Previous 10: main:slots_used:1={1,1,1,1,1,1,1,1,1,1}; main:ereg:1={1,1,1,1,1,1,1,1,1,1}; 
Previous 11: main:slots_used:1={2023,2023,2023,2023,2023,2023,2023,2023,2023,2023}; main:ereg:1={2023,2023,2023,2023,2023,2023,2023,2023,2023,2023}; 
Previous 12: main:slots_used:1={4017,2203,6443,8753,9905,2003,5614,3841,6000,4947}; main:ereg:1={7140,2278,4832,9046,4700,7770,5509,5347,1819,7223}; 
Previous 13: main:slots_used:1={1,2,2,1,2,1,0,0,0,0}; main:ereg:1={0,0,0,0,0,0,0,0,0,0}; 
Previous 14: main:slots_used:1={2,0,0,0,0,0,0,0,0,0}; main:ereg:1={0,0,0,0,0,0,0,0,0,0}; 
Previous 15: main:slots_used:1={2,3,4,5,6,7,8,9,10,11}; main:ereg:1={10,9,8,7,6,5,4,3,2,1}; 
Previous 16: main:slots_used:1={2042,3238,6051,9175,1724,2399,4960,7084,8643,9111}; main:ereg:1={0,0,0,0,0,0,0,0,0,0}; 
Previous 17: main:slots_used:1={1977,3549,0,0,12598,123,5,12,2,4110}; main:ereg:1={0,0,0,0,0,0,0,0,0,0}; 
Previous 18: main:slots_used:1={2,2,2,2,2,2,2,2,2,2}; main:ereg:1={0,0,0,0,0,0,0,0,0,0}; 
Previous 19: main:slots_used:1={2023,2023,2023,2023,2023,2023,2023,2023,2023,2023}; main:ereg:1={5,0,0,0,0,0,0,0,0,0}; 
Previous 20: main:slots_used:1={2,1,0,0,0,0,0,0,0,0}; main:ereg:1={0,0,0,0,0,0,0,0,0,0}; 
Previous 21: main:slots_used:1={2,1,2,1,2,1,2,1,2,1}; main:ereg:1={0,0,0,0,0,0,0,0,0,0}; 
Previous 22: main:slots_used:1={1277729106,2,0,0,0,0,0,0,0,0}; main:ereg:1={0,0,0,0,0,0,0,0,0,0}; 
Previous 23: main:slots_used:1={1748,1757,1986,1987,1755,1756,1364,1311,1344,8694}; main:ereg:1={1729987863,1259485344,3097,3098,3099,3100,3101,3102,3103,3104}; 
Previous 24: main:slots_used:1={2,1,1,1,1,1,1,1,1,1}; main:ereg:1={0,0,0,0,0,0,0,0,0,0}; 
Previous 25: main:slots_used:1={0,0,0,0,0,1,0,1,0,0}; main:ereg:1={81178,17548,10,9093,1228,57978,18,5068,0,0}; 
Previous 26: main:slots_used:1={20,20,20,20,20,20,20,20,20,20}; main:ereg:1={0,0,0,0,0,0,0,0,0,0}; 
Previous 27: main:slots_used:1={192,94,102,250,55,84,253,246,184,155}; main:ereg:1={0,0,0,0,0,0,0,0,0,0}; 

Program:
extern int __VERIFIER_nondet_int(void);
/*
Commit Number: 8030f9c0f092170ceb50cedf59b9c330022825b7
URL: https://github.com/aatmdev/glusterfs/commit/8030f9c0f092170ceb50cedf59b9c330022825b7
Project Name: glusterfs
License: GPL2
termination: FALSE
*/
#define EVEBT_EPOLL_SLOTS 2
int main()
{
    int EVENT_EPOLL_TABLES = 10;
    int slots_used[10];
    int ereg[10];
    int table;
    for( int i = 0 ; i < 10 ; i++ )
    {
        slots_used[i] = __VERIFIER_nondet_int();
        ereg[i] = __VERIFIER_nondet_int();
    }
    int i = 0;
    while( i < EVENT_EPOLL_TABLES )
    {
        switch( slots_used[i] )
        {
            case EVEBT_EPOLL_SLOTS:
                continue;
            case 0:
                if( !ereg[i] )
                    return 0;
                else
                    table = ereg[i];
                break;
            default:
                table = ereg[i];
                break;
        }
        if( table )
            break;
        i++;
    }
    return 0;
}

"
38,NT,"main:slots_used:1={2,4,6,8,10,12,14,16,18,20}
main:ereg:1={0,0,0,0,0,0,0,0,0,0}
",/home/quasar/Documents/FocusTNT/results_InputGeneration/FSE/loop/Incorrect_Control_Statement_2_NT/input_generator_artifacts/generated_programs/Incorrect_Control_Statement_2_NT_TestCase19.c,TIMEOUT,LIKELY_NT,true,,"You generate concrete values for nondeterministic inputs in a C/C++ program.
Your goal is to produce ONE complete assignment set that is likely to make the program not terminate.

Important rules:
1. Return a value for EVERY listed nondeterministic input ID.
2. Use each ID exactly once.
3. Respect the declared C/C++ type.
4. For an array, return the value as an array containing exactly the required number of elements.
5. For char arrays, each element must be exactly one character. Return the character itself without C single quotes.
6. Prefer small-magnitude values unless larger values are necessary to achieve the requested execution behavior.

Nondeterministic inputs:
- id: main:slots_used:1, type: int, array: true, size: 10, required elements: 10
- id: main:ereg:1, type: int, array: true, size: 10, required elements: 10

Previously generated assignment sets are listed below. Generate a materially different set and do not duplicate any of them.
Previous 1: main:slots_used:1={0,1,1,1,1,1,1,1,1,1}; main:ereg:1={0,0,0,0,0,0,0,0,0,0}; 
Previous 2: main:slots_used:1={0,0,0,0,0,0,0,0,0,0}; main:ereg:1={0,0,0,0,0,0,0,0,0,0}; 
Previous 3: main:slots_used:1={3,7,0,0,4,0,0,5,1,0}; main:ereg:1={2,1,0,2,0,1,2,1,0,3}; 
Previous 4: main:slots_used:1={1,0,0,0,0,0,0,0,0,0}; main:ereg:1={5,1,1,1,1,1,1,1,1,1}; 
Previous 5: main:slots_used:1={0,3,4,5,6,7,8,9,10,11}; main:ereg:1={1,2,3,4,5,6,7,8,9,10}; 
Previous 6: main:slots_used:1={0,1,1,1,1,1,1,1,1,1}; main:ereg:1={1,0,0,0,0,0,0,0,0,0}; 
Previous 7: main:slots_used:1={3,3,3,3,3,3,3,3,3,4}; main:ereg:1={1,0,0,0,0,0,0,0,0,0}; 
Previous 8: main:slots_used:1={0,0,0,0,0,0,0,0,0,0}; main:ereg:1={0,1,2,3,4,5,6,7,8,9}; 
Previous 9: main:slots_used:1={0,1,4,5,6,7,8,9,10,11}; main:ereg:1={0,0,0,0,0,0,0,0,0,0}; 
Previous 10: main:slots_used:1={1,1,1,1,1,1,1,1,1,1}; main:ereg:1={1,1,1,1,1,1,1,1,1,1}; 
Previous 11: main:slots_used:1={2023,2023,2023,2023,2023,2023,2023,2023,2023,2023}; main:ereg:1={2023,2023,2023,2023,2023,2023,2023,2023,2023,2023}; 
Previous 12: main:slots_used:1={4017,2203,6443,8753,9905,2003,5614,3841,6000,4947}; main:ereg:1={7140,2278,4832,9046,4700,7770,5509,5347,1819,7223}; 
Previous 13: main:slots_used:1={1,2,2,1,2,1,0,0,0,0}; main:ereg:1={0,0,0,0,0,0,0,0,0,0}; 
Previous 14: main:slots_used:1={2,0,0,0,0,0,0,0,0,0}; main:ereg:1={0,0,0,0,0,0,0,0,0,0}; 
Previous 15: main:slots_used:1={2,3,4,5,6,7,8,9,10,11}; main:ereg:1={10,9,8,7,6,5,4,3,2,1}; 
Previous 16: main:slots_used:1={2042,3238,6051,9175,1724,2399,4960,7084,8643,9111}; main:ereg:1={0,0,0,0,0,0,0,0,0,0}; 
Previous 17: main:slots_used:1={1977,3549,0,0,12598,123,5,12,2,4110}; main:ereg:1={0,0,0,0,0,0,0,0,0,0}; 
Previous 18: main:slots_used:1={2,2,2,2,2,2,2,2,2,2}; main:ereg:1={0,0,0,0,0,0,0,0,0,0}; 
Previous 19: main:slots_used:1={2023,2023,2023,2023,2023,2023,2023,2023,2023,2023}; main:ereg:1={5,0,0,0,0,0,0,0,0,0}; 
Previous 20: main:slots_used:1={2,1,0,0,0,0,0,0,0,0}; main:ereg:1={0,0,0,0,0,0,0,0,0,0}; 
Previous 21: main:slots_used:1={2,1,2,1,2,1,2,1,2,1}; main:ereg:1={0,0,0,0,0,0,0,0,0,0}; 
Previous 22: main:slots_used:1={1277729106,2,0,0,0,0,0,0,0,0}; main:ereg:1={0,0,0,0,0,0,0,0,0,0}; 
Previous 23: main:slots_used:1={1748,1757,1986,1987,1755,1756,1364,1311,1344,8694}; main:ereg:1={1729987863,1259485344,3097,3098,3099,3100,3101,3102,3103,3104}; 
Previous 24: main:slots_used:1={2,1,1,1,1,1,1,1,1,1}; main:ereg:1={0,0,0,0,0,0,0,0,0,0}; 
Previous 25: main:slots_used:1={0,0,0,0,0,1,0,1,0,0}; main:ereg:1={81178,17548,10,9093,1228,57978,18,5068,0,0}; 
Previous 26: main:slots_used:1={20,20,20,20,20,20,20,20,20,20}; main:ereg:1={0,0,0,0,0,0,0,0,0,0}; 
Previous 27: main:slots_used:1={192,94,102,250,55,84,253,246,184,155}; main:ereg:1={0,0,0,0,0,0,0,0,0,0}; 
Previous 28: main:slots_used:1={0,1,3,4,5,6,7,8,9,10}; main:ereg:1={0,0,0,0,0,0,0,0,0,0}; 

Program:
extern int __VERIFIER_nondet_int(void);
/*
Commit Number: 8030f9c0f092170ceb50cedf59b9c330022825b7
URL: https://github.com/aatmdev/glusterfs/commit/8030f9c0f092170ceb50cedf59b9c330022825b7
Project Name: glusterfs
License: GPL2
termination: FALSE
*/
#define EVEBT_EPOLL_SLOTS 2
int main()
{
    int EVENT_EPOLL_TABLES = 10;
    int slots_used[10];
    int ereg[10];
    int table;
    for( int i = 0 ; i < 10 ; i++ )
    {
        slots_used[i] = __VERIFIER_nondet_int();
        ereg[i] = __VERIFIER_nondet_int();
    }
    int i = 0;
    while( i < EVENT_EPOLL_TABLES )
    {
        switch( slots_used[i] )
        {
            case EVEBT_EPOLL_SLOTS:
                continue;
            case 0:
                if( !ereg[i] )
                    return 0;
                else
                    table = ereg[i];
                break;
            default:
                table = ereg[i];
                break;
        }
        if( table )
            break;
        i++;
    }
    return 0;
}

"
39,NT,"main:slots_used:1={10,10,10,10,10,10,10,10,10,10}
main:ereg:1={10,10,10,10,10,10,10,10,10,10}
",,COMPLETED,T,false,,"You generate concrete values for nondeterministic inputs in a C/C++ program.
Your goal is to produce ONE complete assignment set that is likely to make the program not terminate.

Important rules:
1. Return a value for EVERY listed nondeterministic input ID.
2. Use each ID exactly once.
3. Respect the declared C/C++ type.
4. For an array, return the value as an array containing exactly the required number of elements.
5. For char arrays, each element must be exactly one character. Return the character itself without C single quotes.
6. Prefer small-magnitude values unless larger values are necessary to achieve the requested execution behavior.

Nondeterministic inputs:
- id: main:slots_used:1, type: int, array: true, size: 10, required elements: 10
- id: main:ereg:1, type: int, array: true, size: 10, required elements: 10

Previously generated assignment sets are listed below. Generate a materially different set and do not duplicate any of them.
Previous 1: main:slots_used:1={0,1,1,1,1,1,1,1,1,1}; main:ereg:1={0,0,0,0,0,0,0,0,0,0}; 
Previous 2: main:slots_used:1={0,0,0,0,0,0,0,0,0,0}; main:ereg:1={0,0,0,0,0,0,0,0,0,0}; 
Previous 3: main:slots_used:1={3,7,0,0,4,0,0,5,1,0}; main:ereg:1={2,1,0,2,0,1,2,1,0,3}; 
Previous 4: main:slots_used:1={1,0,0,0,0,0,0,0,0,0}; main:ereg:1={5,1,1,1,1,1,1,1,1,1}; 
Previous 5: main:slots_used:1={0,3,4,5,6,7,8,9,10,11}; main:ereg:1={1,2,3,4,5,6,7,8,9,10}; 
Previous 6: main:slots_used:1={0,1,1,1,1,1,1,1,1,1}; main:ereg:1={1,0,0,0,0,0,0,0,0,0}; 
Previous 7: main:slots_used:1={3,3,3,3,3,3,3,3,3,4}; main:ereg:1={1,0,0,0,0,0,0,0,0,0}; 
Previous 8: main:slots_used:1={0,0,0,0,0,0,0,0,0,0}; main:ereg:1={0,1,2,3,4,5,6,7,8,9}; 
Previous 9: main:slots_used:1={0,1,4,5,6,7,8,9,10,11}; main:ereg:1={0,0,0,0,0,0,0,0,0,0}; 
Previous 10: main:slots_used:1={1,1,1,1,1,1,1,1,1,1}; main:ereg:1={1,1,1,1,1,1,1,1,1,1}; 
Previous 11: main:slots_used:1={2023,2023,2023,2023,2023,2023,2023,2023,2023,2023}; main:ereg:1={2023,2023,2023,2023,2023,2023,2023,2023,2023,2023}; 
Previous 12: main:slots_used:1={4017,2203,6443,8753,9905,2003,5614,3841,6000,4947}; main:ereg:1={7140,2278,4832,9046,4700,7770,5509,5347,1819,7223}; 
Previous 13: main:slots_used:1={1,2,2,1,2,1,0,0,0,0}; main:ereg:1={0,0,0,0,0,0,0,0,0,0}; 
Previous 14: main:slots_used:1={2,0,0,0,0,0,0,0,0,0}; main:ereg:1={0,0,0,0,0,0,0,0,0,0}; 
Previous 15: main:slots_used:1={2,3,4,5,6,7,8,9,10,11}; main:ereg:1={10,9,8,7,6,5,4,3,2,1}; 
Previous 16: main:slots_used:1={2042,3238,6051,9175,1724,2399,4960,7084,8643,9111}; main:ereg:1={0,0,0,0,0,0,0,0,0,0}; 
Previous 17: main:slots_used:1={1977,3549,0,0,12598,123,5,12,2,4110}; main:ereg:1={0,0,0,0,0,0,0,0,0,0}; 
Previous 18: main:slots_used:1={2,2,2,2,2,2,2,2,2,2}; main:ereg:1={0,0,0,0,0,0,0,0,0,0}; 
Previous 19: main:slots_used:1={2023,2023,2023,2023,2023,2023,2023,2023,2023,2023}; main:ereg:1={5,0,0,0,0,0,0,0,0,0}; 
Previous 20: main:slots_used:1={2,1,0,0,0,0,0,0,0,0}; main:ereg:1={0,0,0,0,0,0,0,0,0,0}; 
Previous 21: main:slots_used:1={2,1,2,1,2,1,2,1,2,1}; main:ereg:1={0,0,0,0,0,0,0,0,0,0}; 
Previous 22: main:slots_used:1={1277729106,2,0,0,0,0,0,0,0,0}; main:ereg:1={0,0,0,0,0,0,0,0,0,0}; 
Previous 23: main:slots_used:1={1748,1757,1986,1987,1755,1756,1364,1311,1344,8694}; main:ereg:1={1729987863,1259485344,3097,3098,3099,3100,3101,3102,3103,3104}; 
Previous 24: main:slots_used:1={2,1,1,1,1,1,1,1,1,1}; main:ereg:1={0,0,0,0,0,0,0,0,0,0}; 
Previous 25: main:slots_used:1={0,0,0,0,0,1,0,1,0,0}; main:ereg:1={81178,17548,10,9093,1228,57978,18,5068,0,0}; 
Previous 26: main:slots_used:1={20,20,20,20,20,20,20,20,20,20}; main:ereg:1={0,0,0,0,0,0,0,0,0,0}; 
Previous 27: main:slots_used:1={192,94,102,250,55,84,253,246,184,155}; main:ereg:1={0,0,0,0,0,0,0,0,0,0}; 
Previous 28: main:slots_used:1={0,1,3,4,5,6,7,8,9,10}; main:ereg:1={0,0,0,0,0,0,0,0,0,0}; 
Previous 29: main:slots_used:1={2,4,6,8,10,12,14,16,18,20}; main:ereg:1={0,0,0,0,0,0,0,0,0,0}; 

Program:
extern int __VERIFIER_nondet_int(void);
/*
Commit Number: 8030f9c0f092170ceb50cedf59b9c330022825b7
URL: https://github.com/aatmdev/glusterfs/commit/8030f9c0f092170ceb50cedf59b9c330022825b7
Project Name: glusterfs
License: GPL2
termination: FALSE
*/
#define EVEBT_EPOLL_SLOTS 2
int main()
{
    int EVENT_EPOLL_TABLES = 10;
    int slots_used[10];
    int ereg[10];
    int table;
    for( int i = 0 ; i < 10 ; i++ )
    {
        slots_used[i] = __VERIFIER_nondet_int();
        ereg[i] = __VERIFIER_nondet_int();
    }
    int i = 0;
    while( i < EVENT_EPOLL_TABLES )
    {
        switch( slots_used[i] )
        {
            case EVEBT_EPOLL_SLOTS:
                continue;
            case 0:
                if( !ereg[i] )
                    return 0;
                else
                    table = ereg[i];
                break;
            default:
                table = ereg[i];
                break;
        }
        if( table )
            break;
        i++;
    }
    return 0;
}

"
40,NT,"main:slots_used:1={2,3,0,0,0,0,0,0,0,0}
main:ereg:1={1,2,3,4,5,6,7,8,9,10}
",/home/quasar/Documents/FocusTNT/results_InputGeneration/FSE/loop/Incorrect_Control_Statement_2_NT/input_generator_artifacts/generated_programs/Incorrect_Control_Statement_2_NT_TestCase20.c,TIMEOUT,LIKELY_NT,true,,"You generate concrete values for nondeterministic inputs in a C/C++ program.
Your goal is to produce ONE complete assignment set that is likely to make the program not terminate.

Important rules:
1. Return a value for EVERY listed nondeterministic input ID.
2. Use each ID exactly once.
3. Respect the declared C/C++ type.
4. For an array, return the value as an array containing exactly the required number of elements.
5. For char arrays, each element must be exactly one character. Return the character itself without C single quotes.
6. Prefer small-magnitude values unless larger values are necessary to achieve the requested execution behavior.

Nondeterministic inputs:
- id: main:slots_used:1, type: int, array: true, size: 10, required elements: 10
- id: main:ereg:1, type: int, array: true, size: 10, required elements: 10

Previously generated assignment sets are listed below. Generate a materially different set and do not duplicate any of them.
Previous 1: main:slots_used:1={0,1,1,1,1,1,1,1,1,1}; main:ereg:1={0,0,0,0,0,0,0,0,0,0}; 
Previous 2: main:slots_used:1={0,0,0,0,0,0,0,0,0,0}; main:ereg:1={0,0,0,0,0,0,0,0,0,0}; 
Previous 3: main:slots_used:1={3,7,0,0,4,0,0,5,1,0}; main:ereg:1={2,1,0,2,0,1,2,1,0,3}; 
Previous 4: main:slots_used:1={1,0,0,0,0,0,0,0,0,0}; main:ereg:1={5,1,1,1,1,1,1,1,1,1}; 
Previous 5: main:slots_used:1={0,3,4,5,6,7,8,9,10,11}; main:ereg:1={1,2,3,4,5,6,7,8,9,10}; 
Previous 6: main:slots_used:1={0,1,1,1,1,1,1,1,1,1}; main:ereg:1={1,0,0,0,0,0,0,0,0,0}; 
Previous 7: main:slots_used:1={3,3,3,3,3,3,3,3,3,4}; main:ereg:1={1,0,0,0,0,0,0,0,0,0}; 
Previous 8: main:slots_used:1={0,0,0,0,0,0,0,0,0,0}; main:ereg:1={0,1,2,3,4,5,6,7,8,9}; 
Previous 9: main:slots_used:1={0,1,4,5,6,7,8,9,10,11}; main:ereg:1={0,0,0,0,0,0,0,0,0,0}; 
Previous 10: main:slots_used:1={1,1,1,1,1,1,1,1,1,1}; main:ereg:1={1,1,1,1,1,1,1,1,1,1}; 
Previous 11: main:slots_used:1={2023,2023,2023,2023,2023,2023,2023,2023,2023,2023}; main:ereg:1={2023,2023,2023,2023,2023,2023,2023,2023,2023,2023}; 
Previous 12: main:slots_used:1={4017,2203,6443,8753,9905,2003,5614,3841,6000,4947}; main:ereg:1={7140,2278,4832,9046,4700,7770,5509,5347,1819,7223}; 
Previous 13: main:slots_used:1={1,2,2,1,2,1,0,0,0,0}; main:ereg:1={0,0,0,0,0,0,0,0,0,0}; 
Previous 14: main:slots_used:1={2,0,0,0,0,0,0,0,0,0}; main:ereg:1={0,0,0,0,0,0,0,0,0,0}; 
Previous 15: main:slots_used:1={2,3,4,5,6,7,8,9,10,11}; main:ereg:1={10,9,8,7,6,5,4,3,2,1}; 
Previous 16: main:slots_used:1={2042,3238,6051,9175,1724,2399,4960,7084,8643,9111}; main:ereg:1={0,0,0,0,0,0,0,0,0,0}; 
Previous 17: main:slots_used:1={1977,3549,0,0,12598,123,5,12,2,4110}; main:ereg:1={0,0,0,0,0,0,0,0,0,0}; 
Previous 18: main:slots_used:1={2,2,2,2,2,2,2,2,2,2}; main:ereg:1={0,0,0,0,0,0,0,0,0,0}; 
Previous 19: main:slots_used:1={2023,2023,2023,2023,2023,2023,2023,2023,2023,2023}; main:ereg:1={5,0,0,0,0,0,0,0,0,0}; 
Previous 20: main:slots_used:1={2,1,0,0,0,0,0,0,0,0}; main:ereg:1={0,0,0,0,0,0,0,0,0,0}; 
Previous 21: main:slots_used:1={2,1,2,1,2,1,2,1,2,1}; main:ereg:1={0,0,0,0,0,0,0,0,0,0}; 
Previous 22: main:slots_used:1={1277729106,2,0,0,0,0,0,0,0,0}; main:ereg:1={0,0,0,0,0,0,0,0,0,0}; 
Previous 23: main:slots_used:1={1748,1757,1986,1987,1755,1756,1364,1311,1344,8694}; main:ereg:1={1729987863,1259485344,3097,3098,3099,3100,3101,3102,3103,3104}; 
Previous 24: main:slots_used:1={2,1,1,1,1,1,1,1,1,1}; main:ereg:1={0,0,0,0,0,0,0,0,0,0}; 
Previous 25: main:slots_used:1={0,0,0,0,0,1,0,1,0,0}; main:ereg:1={81178,17548,10,9093,1228,57978,18,5068,0,0}; 
Previous 26: main:slots_used:1={20,20,20,20,20,20,20,20,20,20}; main:ereg:1={0,0,0,0,0,0,0,0,0,0}; 
Previous 27: main:slots_used:1={192,94,102,250,55,84,253,246,184,155}; main:ereg:1={0,0,0,0,0,0,0,0,0,0}; 
Previous 28: main:slots_used:1={0,1,3,4,5,6,7,8,9,10}; main:ereg:1={0,0,0,0,0,0,0,0,0,0}; 
Previous 29: main:slots_used:1={2,4,6,8,10,12,14,16,18,20}; main:ereg:1={0,0,0,0,0,0,0,0,0,0}; 
Previous 30: main:slots_used:1={10,10,10,10,10,10,10,10,10,10}; main:ereg:1={10,10,10,10,10,10,10,10,10,10}; 

Program:
extern int __VERIFIER_nondet_int(void);
/*
Commit Number: 8030f9c0f092170ceb50cedf59b9c330022825b7
URL: https://github.com/aatmdev/glusterfs/commit/8030f9c0f092170ceb50cedf59b9c330022825b7
Project Name: glusterfs
License: GPL2
termination: FALSE
*/
#define EVEBT_EPOLL_SLOTS 2
int main()
{
    int EVENT_EPOLL_TABLES = 10;
    int slots_used[10];
    int ereg[10];
    int table;
    for( int i = 0 ; i < 10 ; i++ )
    {
        slots_used[i] = __VERIFIER_nondet_int();
        ereg[i] = __VERIFIER_nondet_int();
    }
    int i = 0;
    while( i < EVENT_EPOLL_TABLES )
    {
        switch( slots_used[i] )
        {
            case EVEBT_EPOLL_SLOTS:
                continue;
            case 0:
                if( !ereg[i] )
                    return 0;
                else
                    table = ereg[i];
                break;
            default:
                table = ereg[i];
                break;
        }
        if( table )
            break;
        i++;
    }
    return 0;
}

"
