Candidate,Target,Assignments,ProgramPath,ExecutionResult,Label,Accepted,Error,Prompt
1,T,"main:h:1=5
main:hash:1=7
main:rehash:1=3
",/home/quasar/Documents/FocusTNT/results_InputGeneration/FSE/loop/Incorrect_Initialization_4_NT/input_generator_artifacts/generated_programs/Incorrect_Initialization_4_NT_TestCase1.c,COMPLETED,T,true,,"You generate concrete values for nondeterministic inputs in a C/C++ program.
Your goal is to produce ONE complete assignment set that is likely to make the program terminate.

Important rules:
1. Return a value for EVERY listed nondeterministic input ID.
2. Use each ID exactly once.
3. Respect the declared C/C++ type.
4. For an array, return the value as an array containing exactly the required number of elements.
5. For char arrays, each element must be exactly one character. Return the character itself without C single quotes.
6. Prefer small-magnitude values unless larger values are necessary to achieve the requested execution behavior.

Nondeterministic inputs:
- id: main:h:1, type: int
- id: main:hash:1, type: int
- id: main:rehash:1, type: int

Program:
extern int __VERIFIER_nondet_int(void);
/*
Commit Number: fa741cd4fffbbaa5d4ba9a15f53550ac7817cc92
URL: https://github.com/behdad/fontconfig/commit/fa741cd4fffbbaa5d4ba9a15f53550ac7817cc92
Project Name: fontconfig
License: MIT
termination: FALSE
*/
int main()
{
    int h = __VERIFIER_nondet_int();
    int hash = __VERIFIER_nondet_int();
    int rehash = __VERIFIER_nondet_int();
    if( h < 0 || hash <= 0 || rehash <= 0 || rehash > hash)
        return 0;
    int i = h % hash;
    int r;
    while( i < hash )
    {
        if( !r ) r = h % rehash;
        i += r;
    }
    return 0;
}

"
2,T,"main:h:1=6
main:hash:1=10
main:rehash:1=4
",/home/quasar/Documents/FocusTNT/results_InputGeneration/FSE/loop/Incorrect_Initialization_4_NT/input_generator_artifacts/generated_programs/Incorrect_Initialization_4_NT_TestCase2.c,COMPLETED,T,true,,"You generate concrete values for nondeterministic inputs in a C/C++ program.
Your goal is to produce ONE complete assignment set that is likely to make the program terminate.

Important rules:
1. Return a value for EVERY listed nondeterministic input ID.
2. Use each ID exactly once.
3. Respect the declared C/C++ type.
4. For an array, return the value as an array containing exactly the required number of elements.
5. For char arrays, each element must be exactly one character. Return the character itself without C single quotes.
6. Prefer small-magnitude values unless larger values are necessary to achieve the requested execution behavior.

Nondeterministic inputs:
- id: main:h:1, type: int
- id: main:hash:1, type: int
- id: main:rehash:1, type: int

Previously generated assignment sets are listed below. Generate a materially different set and do not duplicate any of them.
Previous 1: main:h:1=5; main:hash:1=7; main:rehash:1=3; 

Program:
extern int __VERIFIER_nondet_int(void);
/*
Commit Number: fa741cd4fffbbaa5d4ba9a15f53550ac7817cc92
URL: https://github.com/behdad/fontconfig/commit/fa741cd4fffbbaa5d4ba9a15f53550ac7817cc92
Project Name: fontconfig
License: MIT
termination: FALSE
*/
int main()
{
    int h = __VERIFIER_nondet_int();
    int hash = __VERIFIER_nondet_int();
    int rehash = __VERIFIER_nondet_int();
    if( h < 0 || hash <= 0 || rehash <= 0 || rehash > hash)
        return 0;
    int i = h % hash;
    int r;
    while( i < hash )
    {
        if( !r ) r = h % rehash;
        i += r;
    }
    return 0;
}

"
3,T,"main:h:1=1
main:hash:1=3
main:rehash:1=2
",/home/quasar/Documents/FocusTNT/results_InputGeneration/FSE/loop/Incorrect_Initialization_4_NT/input_generator_artifacts/generated_programs/Incorrect_Initialization_4_NT_TestCase3.c,COMPLETED,T,true,,"You generate concrete values for nondeterministic inputs in a C/C++ program.
Your goal is to produce ONE complete assignment set that is likely to make the program terminate.

Important rules:
1. Return a value for EVERY listed nondeterministic input ID.
2. Use each ID exactly once.
3. Respect the declared C/C++ type.
4. For an array, return the value as an array containing exactly the required number of elements.
5. For char arrays, each element must be exactly one character. Return the character itself without C single quotes.
6. Prefer small-magnitude values unless larger values are necessary to achieve the requested execution behavior.

Nondeterministic inputs:
- id: main:h:1, type: int
- id: main:hash:1, type: int
- id: main:rehash:1, type: int

Previously generated assignment sets are listed below. Generate a materially different set and do not duplicate any of them.
Previous 1: main:h:1=5; main:hash:1=7; main:rehash:1=3; 
Previous 2: main:h:1=6; main:hash:1=10; main:rehash:1=4; 

Program:
extern int __VERIFIER_nondet_int(void);
/*
Commit Number: fa741cd4fffbbaa5d4ba9a15f53550ac7817cc92
URL: https://github.com/behdad/fontconfig/commit/fa741cd4fffbbaa5d4ba9a15f53550ac7817cc92
Project Name: fontconfig
License: MIT
termination: FALSE
*/
int main()
{
    int h = __VERIFIER_nondet_int();
    int hash = __VERIFIER_nondet_int();
    int rehash = __VERIFIER_nondet_int();
    if( h < 0 || hash <= 0 || rehash <= 0 || rehash > hash)
        return 0;
    int i = h % hash;
    int r;
    while( i < hash )
    {
        if( !r ) r = h % rehash;
        i += r;
    }
    return 0;
}

"
4,T,"main:h:1=2
main:hash:1=4
main:rehash:1=3
",/home/quasar/Documents/FocusTNT/results_InputGeneration/FSE/loop/Incorrect_Initialization_4_NT/input_generator_artifacts/generated_programs/Incorrect_Initialization_4_NT_TestCase4.c,COMPLETED,T,true,,"You generate concrete values for nondeterministic inputs in a C/C++ program.
Your goal is to produce ONE complete assignment set that is likely to make the program terminate.

Important rules:
1. Return a value for EVERY listed nondeterministic input ID.
2. Use each ID exactly once.
3. Respect the declared C/C++ type.
4. For an array, return the value as an array containing exactly the required number of elements.
5. For char arrays, each element must be exactly one character. Return the character itself without C single quotes.
6. Prefer small-magnitude values unless larger values are necessary to achieve the requested execution behavior.

Nondeterministic inputs:
- id: main:h:1, type: int
- id: main:hash:1, type: int
- id: main:rehash:1, type: int

Previously generated assignment sets are listed below. Generate a materially different set and do not duplicate any of them.
Previous 1: main:h:1=5; main:hash:1=7; main:rehash:1=3; 
Previous 2: main:h:1=6; main:hash:1=10; main:rehash:1=4; 
Previous 3: main:h:1=1; main:hash:1=3; main:rehash:1=2; 

Program:
extern int __VERIFIER_nondet_int(void);
/*
Commit Number: fa741cd4fffbbaa5d4ba9a15f53550ac7817cc92
URL: https://github.com/behdad/fontconfig/commit/fa741cd4fffbbaa5d4ba9a15f53550ac7817cc92
Project Name: fontconfig
License: MIT
termination: FALSE
*/
int main()
{
    int h = __VERIFIER_nondet_int();
    int hash = __VERIFIER_nondet_int();
    int rehash = __VERIFIER_nondet_int();
    if( h < 0 || hash <= 0 || rehash <= 0 || rehash > hash)
        return 0;
    int i = h % hash;
    int r;
    while( i < hash )
    {
        if( !r ) r = h % rehash;
        i += r;
    }
    return 0;
}

"
5,T,"main:h:1=6
main:hash:1=5
main:rehash:1=4
",/home/quasar/Documents/FocusTNT/results_InputGeneration/FSE/loop/Incorrect_Initialization_4_NT/input_generator_artifacts/generated_programs/Incorrect_Initialization_4_NT_TestCase5.c,COMPLETED,T,true,,"You generate concrete values for nondeterministic inputs in a C/C++ program.
Your goal is to produce ONE complete assignment set that is likely to make the program terminate.

Important rules:
1. Return a value for EVERY listed nondeterministic input ID.
2. Use each ID exactly once.
3. Respect the declared C/C++ type.
4. For an array, return the value as an array containing exactly the required number of elements.
5. For char arrays, each element must be exactly one character. Return the character itself without C single quotes.
6. Prefer small-magnitude values unless larger values are necessary to achieve the requested execution behavior.

Nondeterministic inputs:
- id: main:h:1, type: int
- id: main:hash:1, type: int
- id: main:rehash:1, type: int

Previously generated assignment sets are listed below. Generate a materially different set and do not duplicate any of them.
Previous 1: main:h:1=5; main:hash:1=7; main:rehash:1=3; 
Previous 2: main:h:1=6; main:hash:1=10; main:rehash:1=4; 
Previous 3: main:h:1=1; main:hash:1=3; main:rehash:1=2; 
Previous 4: main:h:1=2; main:hash:1=4; main:rehash:1=3; 

Program:
extern int __VERIFIER_nondet_int(void);
/*
Commit Number: fa741cd4fffbbaa5d4ba9a15f53550ac7817cc92
URL: https://github.com/behdad/fontconfig/commit/fa741cd4fffbbaa5d4ba9a15f53550ac7817cc92
Project Name: fontconfig
License: MIT
termination: FALSE
*/
int main()
{
    int h = __VERIFIER_nondet_int();
    int hash = __VERIFIER_nondet_int();
    int rehash = __VERIFIER_nondet_int();
    if( h < 0 || hash <= 0 || rehash <= 0 || rehash > hash)
        return 0;
    int i = h % hash;
    int r;
    while( i < hash )
    {
        if( !r ) r = h % rehash;
        i += r;
    }
    return 0;
}

"
6,T,"main:h:1=3
main:hash:1=5
main:rehash:1=4
",/home/quasar/Documents/FocusTNT/results_InputGeneration/FSE/loop/Incorrect_Initialization_4_NT/input_generator_artifacts/generated_programs/Incorrect_Initialization_4_NT_TestCase6.c,COMPLETED,T,true,,"You generate concrete values for nondeterministic inputs in a C/C++ program.
Your goal is to produce ONE complete assignment set that is likely to make the program terminate.

Important rules:
1. Return a value for EVERY listed nondeterministic input ID.
2. Use each ID exactly once.
3. Respect the declared C/C++ type.
4. For an array, return the value as an array containing exactly the required number of elements.
5. For char arrays, each element must be exactly one character. Return the character itself without C single quotes.
6. Prefer small-magnitude values unless larger values are necessary to achieve the requested execution behavior.

Nondeterministic inputs:
- id: main:h:1, type: int
- id: main:hash:1, type: int
- id: main:rehash:1, type: int

Previously generated assignment sets are listed below. Generate a materially different set and do not duplicate any of them.
Previous 1: main:h:1=5; main:hash:1=7; main:rehash:1=3; 
Previous 2: main:h:1=6; main:hash:1=10; main:rehash:1=4; 
Previous 3: main:h:1=1; main:hash:1=3; main:rehash:1=2; 
Previous 4: main:h:1=2; main:hash:1=4; main:rehash:1=3; 
Previous 5: main:h:1=6; main:hash:1=5; main:rehash:1=4; 

Program:
extern int __VERIFIER_nondet_int(void);
/*
Commit Number: fa741cd4fffbbaa5d4ba9a15f53550ac7817cc92
URL: https://github.com/behdad/fontconfig/commit/fa741cd4fffbbaa5d4ba9a15f53550ac7817cc92
Project Name: fontconfig
License: MIT
termination: FALSE
*/
int main()
{
    int h = __VERIFIER_nondet_int();
    int hash = __VERIFIER_nondet_int();
    int rehash = __VERIFIER_nondet_int();
    if( h < 0 || hash <= 0 || rehash <= 0 || rehash > hash)
        return 0;
    int i = h % hash;
    int r;
    while( i < hash )
    {
        if( !r ) r = h % rehash;
        i += r;
    }
    return 0;
}

"
7,T,"main:h:1=4
main:hash:1=9
main:rehash:1=5
",/home/quasar/Documents/FocusTNT/results_InputGeneration/FSE/loop/Incorrect_Initialization_4_NT/input_generator_artifacts/generated_programs/Incorrect_Initialization_4_NT_TestCase7.c,COMPLETED,T,true,,"You generate concrete values for nondeterministic inputs in a C/C++ program.
Your goal is to produce ONE complete assignment set that is likely to make the program terminate.

Important rules:
1. Return a value for EVERY listed nondeterministic input ID.
2. Use each ID exactly once.
3. Respect the declared C/C++ type.
4. For an array, return the value as an array containing exactly the required number of elements.
5. For char arrays, each element must be exactly one character. Return the character itself without C single quotes.
6. Prefer small-magnitude values unless larger values are necessary to achieve the requested execution behavior.

Nondeterministic inputs:
- id: main:h:1, type: int
- id: main:hash:1, type: int
- id: main:rehash:1, type: int

Previously generated assignment sets are listed below. Generate a materially different set and do not duplicate any of them.
Previous 1: main:h:1=5; main:hash:1=7; main:rehash:1=3; 
Previous 2: main:h:1=6; main:hash:1=10; main:rehash:1=4; 
Previous 3: main:h:1=1; main:hash:1=3; main:rehash:1=2; 
Previous 4: main:h:1=2; main:hash:1=4; main:rehash:1=3; 
Previous 5: main:h:1=6; main:hash:1=5; main:rehash:1=4; 
Previous 6: main:h:1=3; main:hash:1=5; main:rehash:1=4; 

Program:
extern int __VERIFIER_nondet_int(void);
/*
Commit Number: fa741cd4fffbbaa5d4ba9a15f53550ac7817cc92
URL: https://github.com/behdad/fontconfig/commit/fa741cd4fffbbaa5d4ba9a15f53550ac7817cc92
Project Name: fontconfig
License: MIT
termination: FALSE
*/
int main()
{
    int h = __VERIFIER_nondet_int();
    int hash = __VERIFIER_nondet_int();
    int rehash = __VERIFIER_nondet_int();
    if( h < 0 || hash <= 0 || rehash <= 0 || rehash > hash)
        return 0;
    int i = h % hash;
    int r;
    while( i < hash )
    {
        if( !r ) r = h % rehash;
        i += r;
    }
    return 0;
}

"
8,T,"main:h:1=4
main:hash:1=7
main:rehash:1=3
",/home/quasar/Documents/FocusTNT/results_InputGeneration/FSE/loop/Incorrect_Initialization_4_NT/input_generator_artifacts/generated_programs/Incorrect_Initialization_4_NT_TestCase8.c,COMPLETED,T,true,,"You generate concrete values for nondeterministic inputs in a C/C++ program.
Your goal is to produce ONE complete assignment set that is likely to make the program terminate.

Important rules:
1. Return a value for EVERY listed nondeterministic input ID.
2. Use each ID exactly once.
3. Respect the declared C/C++ type.
4. For an array, return the value as an array containing exactly the required number of elements.
5. For char arrays, each element must be exactly one character. Return the character itself without C single quotes.
6. Prefer small-magnitude values unless larger values are necessary to achieve the requested execution behavior.

Nondeterministic inputs:
- id: main:h:1, type: int
- id: main:hash:1, type: int
- id: main:rehash:1, type: int

Previously generated assignment sets are listed below. Generate a materially different set and do not duplicate any of them.
Previous 1: main:h:1=5; main:hash:1=7; main:rehash:1=3; 
Previous 2: main:h:1=6; main:hash:1=10; main:rehash:1=4; 
Previous 3: main:h:1=1; main:hash:1=3; main:rehash:1=2; 
Previous 4: main:h:1=2; main:hash:1=4; main:rehash:1=3; 
Previous 5: main:h:1=6; main:hash:1=5; main:rehash:1=4; 
Previous 6: main:h:1=3; main:hash:1=5; main:rehash:1=4; 
Previous 7: main:h:1=4; main:hash:1=9; main:rehash:1=5; 

Program:
extern int __VERIFIER_nondet_int(void);
/*
Commit Number: fa741cd4fffbbaa5d4ba9a15f53550ac7817cc92
URL: https://github.com/behdad/fontconfig/commit/fa741cd4fffbbaa5d4ba9a15f53550ac7817cc92
Project Name: fontconfig
License: MIT
termination: FALSE
*/
int main()
{
    int h = __VERIFIER_nondet_int();
    int hash = __VERIFIER_nondet_int();
    int rehash = __VERIFIER_nondet_int();
    if( h < 0 || hash <= 0 || rehash <= 0 || rehash > hash)
        return 0;
    int i = h % hash;
    int r;
    while( i < hash )
    {
        if( !r ) r = h % rehash;
        i += r;
    }
    return 0;
}

"
9,T,"main:h:1=7
main:hash:1=10
main:rehash:1=3
",/home/quasar/Documents/FocusTNT/results_InputGeneration/FSE/loop/Incorrect_Initialization_4_NT/input_generator_artifacts/generated_programs/Incorrect_Initialization_4_NT_TestCase9.c,COMPLETED,T,true,,"You generate concrete values for nondeterministic inputs in a C/C++ program.
Your goal is to produce ONE complete assignment set that is likely to make the program terminate.

Important rules:
1. Return a value for EVERY listed nondeterministic input ID.
2. Use each ID exactly once.
3. Respect the declared C/C++ type.
4. For an array, return the value as an array containing exactly the required number of elements.
5. For char arrays, each element must be exactly one character. Return the character itself without C single quotes.
6. Prefer small-magnitude values unless larger values are necessary to achieve the requested execution behavior.

Nondeterministic inputs:
- id: main:h:1, type: int
- id: main:hash:1, type: int
- id: main:rehash:1, type: int

Previously generated assignment sets are listed below. Generate a materially different set and do not duplicate any of them.
Previous 1: main:h:1=5; main:hash:1=7; main:rehash:1=3; 
Previous 2: main:h:1=6; main:hash:1=10; main:rehash:1=4; 
Previous 3: main:h:1=1; main:hash:1=3; main:rehash:1=2; 
Previous 4: main:h:1=2; main:hash:1=4; main:rehash:1=3; 
Previous 5: main:h:1=6; main:hash:1=5; main:rehash:1=4; 
Previous 6: main:h:1=3; main:hash:1=5; main:rehash:1=4; 
Previous 7: main:h:1=4; main:hash:1=9; main:rehash:1=5; 
Previous 8: main:h:1=4; main:hash:1=7; main:rehash:1=3; 

Program:
extern int __VERIFIER_nondet_int(void);
/*
Commit Number: fa741cd4fffbbaa5d4ba9a15f53550ac7817cc92
URL: https://github.com/behdad/fontconfig/commit/fa741cd4fffbbaa5d4ba9a15f53550ac7817cc92
Project Name: fontconfig
License: MIT
termination: FALSE
*/
int main()
{
    int h = __VERIFIER_nondet_int();
    int hash = __VERIFIER_nondet_int();
    int rehash = __VERIFIER_nondet_int();
    if( h < 0 || hash <= 0 || rehash <= 0 || rehash > hash)
        return 0;
    int i = h % hash;
    int r;
    while( i < hash )
    {
        if( !r ) r = h % rehash;
        i += r;
    }
    return 0;
}

"
10,T,"main:h:1=2
main:hash:1=5
main:rehash:1=3
",/home/quasar/Documents/FocusTNT/results_InputGeneration/FSE/loop/Incorrect_Initialization_4_NT/input_generator_artifacts/generated_programs/Incorrect_Initialization_4_NT_TestCase10.c,COMPLETED,T,true,,"You generate concrete values for nondeterministic inputs in a C/C++ program.
Your goal is to produce ONE complete assignment set that is likely to make the program terminate.

Important rules:
1. Return a value for EVERY listed nondeterministic input ID.
2. Use each ID exactly once.
3. Respect the declared C/C++ type.
4. For an array, return the value as an array containing exactly the required number of elements.
5. For char arrays, each element must be exactly one character. Return the character itself without C single quotes.
6. Prefer small-magnitude values unless larger values are necessary to achieve the requested execution behavior.

Nondeterministic inputs:
- id: main:h:1, type: int
- id: main:hash:1, type: int
- id: main:rehash:1, type: int

Previously generated assignment sets are listed below. Generate a materially different set and do not duplicate any of them.
Previous 1: main:h:1=5; main:hash:1=7; main:rehash:1=3; 
Previous 2: main:h:1=6; main:hash:1=10; main:rehash:1=4; 
Previous 3: main:h:1=1; main:hash:1=3; main:rehash:1=2; 
Previous 4: main:h:1=2; main:hash:1=4; main:rehash:1=3; 
Previous 5: main:h:1=6; main:hash:1=5; main:rehash:1=4; 
Previous 6: main:h:1=3; main:hash:1=5; main:rehash:1=4; 
Previous 7: main:h:1=4; main:hash:1=9; main:rehash:1=5; 
Previous 8: main:h:1=4; main:hash:1=7; main:rehash:1=3; 
Previous 9: main:h:1=7; main:hash:1=10; main:rehash:1=3; 

Program:
extern int __VERIFIER_nondet_int(void);
/*
Commit Number: fa741cd4fffbbaa5d4ba9a15f53550ac7817cc92
URL: https://github.com/behdad/fontconfig/commit/fa741cd4fffbbaa5d4ba9a15f53550ac7817cc92
Project Name: fontconfig
License: MIT
termination: FALSE
*/
int main()
{
    int h = __VERIFIER_nondet_int();
    int hash = __VERIFIER_nondet_int();
    int rehash = __VERIFIER_nondet_int();
    if( h < 0 || hash <= 0 || rehash <= 0 || rehash > hash)
        return 0;
    int i = h % hash;
    int r;
    while( i < hash )
    {
        if( !r ) r = h % rehash;
        i += r;
    }
    return 0;
}

"
11,NT,"main:h:1=100
main:hash:1=25
main:rehash:1=5
",,COMPLETED,T,false,,"You generate concrete values for nondeterministic inputs in a C/C++ program.
Your goal is to produce ONE complete assignment set that is likely to make the program not terminate.

Important rules:
1. Return a value for EVERY listed nondeterministic input ID.
2. Use each ID exactly once.
3. Respect the declared C/C++ type.
4. For an array, return the value as an array containing exactly the required number of elements.
5. For char arrays, each element must be exactly one character. Return the character itself without C single quotes.
6. Prefer small-magnitude values unless larger values are necessary to achieve the requested execution behavior.

Nondeterministic inputs:
- id: main:h:1, type: int
- id: main:hash:1, type: int
- id: main:rehash:1, type: int

Previously generated assignment sets are listed below. Generate a materially different set and do not duplicate any of them.
Previous 1: main:h:1=5; main:hash:1=7; main:rehash:1=3; 
Previous 2: main:h:1=6; main:hash:1=10; main:rehash:1=4; 
Previous 3: main:h:1=1; main:hash:1=3; main:rehash:1=2; 
Previous 4: main:h:1=2; main:hash:1=4; main:rehash:1=3; 
Previous 5: main:h:1=6; main:hash:1=5; main:rehash:1=4; 
Previous 6: main:h:1=3; main:hash:1=5; main:rehash:1=4; 
Previous 7: main:h:1=4; main:hash:1=9; main:rehash:1=5; 
Previous 8: main:h:1=4; main:hash:1=7; main:rehash:1=3; 
Previous 9: main:h:1=7; main:hash:1=10; main:rehash:1=3; 
Previous 10: main:h:1=2; main:hash:1=5; main:rehash:1=3; 

Program:
extern int __VERIFIER_nondet_int(void);
/*
Commit Number: fa741cd4fffbbaa5d4ba9a15f53550ac7817cc92
URL: https://github.com/behdad/fontconfig/commit/fa741cd4fffbbaa5d4ba9a15f53550ac7817cc92
Project Name: fontconfig
License: MIT
termination: FALSE
*/
int main()
{
    int h = __VERIFIER_nondet_int();
    int hash = __VERIFIER_nondet_int();
    int rehash = __VERIFIER_nondet_int();
    if( h < 0 || hash <= 0 || rehash <= 0 || rehash > hash)
        return 0;
    int i = h % hash;
    int r;
    while( i < hash )
    {
        if( !r ) r = h % rehash;
        i += r;
    }
    return 0;
}

"
12,NT,"main:h:1=0
main:hash:1=2
main:rehash:1=1
",,COMPLETED,T,false,,"You generate concrete values for nondeterministic inputs in a C/C++ program.
Your goal is to produce ONE complete assignment set that is likely to make the program not terminate.

Important rules:
1. Return a value for EVERY listed nondeterministic input ID.
2. Use each ID exactly once.
3. Respect the declared C/C++ type.
4. For an array, return the value as an array containing exactly the required number of elements.
5. For char arrays, each element must be exactly one character. Return the character itself without C single quotes.
6. Prefer small-magnitude values unless larger values are necessary to achieve the requested execution behavior.

Nondeterministic inputs:
- id: main:h:1, type: int
- id: main:hash:1, type: int
- id: main:rehash:1, type: int

Previously generated assignment sets are listed below. Generate a materially different set and do not duplicate any of them.
Previous 1: main:h:1=5; main:hash:1=7; main:rehash:1=3; 
Previous 2: main:h:1=6; main:hash:1=10; main:rehash:1=4; 
Previous 3: main:h:1=1; main:hash:1=3; main:rehash:1=2; 
Previous 4: main:h:1=2; main:hash:1=4; main:rehash:1=3; 
Previous 5: main:h:1=6; main:hash:1=5; main:rehash:1=4; 
Previous 6: main:h:1=3; main:hash:1=5; main:rehash:1=4; 
Previous 7: main:h:1=4; main:hash:1=9; main:rehash:1=5; 
Previous 8: main:h:1=4; main:hash:1=7; main:rehash:1=3; 
Previous 9: main:h:1=7; main:hash:1=10; main:rehash:1=3; 
Previous 10: main:h:1=2; main:hash:1=5; main:rehash:1=3; 
Previous 11: main:h:1=100; main:hash:1=25; main:rehash:1=5; 

Program:
extern int __VERIFIER_nondet_int(void);
/*
Commit Number: fa741cd4fffbbaa5d4ba9a15f53550ac7817cc92
URL: https://github.com/behdad/fontconfig/commit/fa741cd4fffbbaa5d4ba9a15f53550ac7817cc92
Project Name: fontconfig
License: MIT
termination: FALSE
*/
int main()
{
    int h = __VERIFIER_nondet_int();
    int hash = __VERIFIER_nondet_int();
    int rehash = __VERIFIER_nondet_int();
    if( h < 0 || hash <= 0 || rehash <= 0 || rehash > hash)
        return 0;
    int i = h % hash;
    int r;
    while( i < hash )
    {
        if( !r ) r = h % rehash;
        i += r;
    }
    return 0;
}

"
13,NT,"main:h:1=0
main:hash:1=5
main:rehash:1=1
",,COMPLETED,T,false,,"You generate concrete values for nondeterministic inputs in a C/C++ program.
Your goal is to produce ONE complete assignment set that is likely to make the program not terminate.

Important rules:
1. Return a value for EVERY listed nondeterministic input ID.
2. Use each ID exactly once.
3. Respect the declared C/C++ type.
4. For an array, return the value as an array containing exactly the required number of elements.
5. For char arrays, each element must be exactly one character. Return the character itself without C single quotes.
6. Prefer small-magnitude values unless larger values are necessary to achieve the requested execution behavior.

Nondeterministic inputs:
- id: main:h:1, type: int
- id: main:hash:1, type: int
- id: main:rehash:1, type: int

Previously generated assignment sets are listed below. Generate a materially different set and do not duplicate any of them.
Previous 1: main:h:1=5; main:hash:1=7; main:rehash:1=3; 
Previous 2: main:h:1=6; main:hash:1=10; main:rehash:1=4; 
Previous 3: main:h:1=1; main:hash:1=3; main:rehash:1=2; 
Previous 4: main:h:1=2; main:hash:1=4; main:rehash:1=3; 
Previous 5: main:h:1=6; main:hash:1=5; main:rehash:1=4; 
Previous 6: main:h:1=3; main:hash:1=5; main:rehash:1=4; 
Previous 7: main:h:1=4; main:hash:1=9; main:rehash:1=5; 
Previous 8: main:h:1=4; main:hash:1=7; main:rehash:1=3; 
Previous 9: main:h:1=7; main:hash:1=10; main:rehash:1=3; 
Previous 10: main:h:1=2; main:hash:1=5; main:rehash:1=3; 
Previous 11: main:h:1=100; main:hash:1=25; main:rehash:1=5; 
Previous 12: main:h:1=0; main:hash:1=2; main:rehash:1=1; 

Program:
extern int __VERIFIER_nondet_int(void);
/*
Commit Number: fa741cd4fffbbaa5d4ba9a15f53550ac7817cc92
URL: https://github.com/behdad/fontconfig/commit/fa741cd4fffbbaa5d4ba9a15f53550ac7817cc92
Project Name: fontconfig
License: MIT
termination: FALSE
*/
int main()
{
    int h = __VERIFIER_nondet_int();
    int hash = __VERIFIER_nondet_int();
    int rehash = __VERIFIER_nondet_int();
    if( h < 0 || hash <= 0 || rehash <= 0 || rehash > hash)
        return 0;
    int i = h % hash;
    int r;
    while( i < hash )
    {
        if( !r ) r = h % rehash;
        i += r;
    }
    return 0;
}

"
14,NT,"main:h:1=0
main:hash:1=1
main:rehash:1=1
",,COMPLETED,T,false,,"You generate concrete values for nondeterministic inputs in a C/C++ program.
Your goal is to produce ONE complete assignment set that is likely to make the program not terminate.

Important rules:
1. Return a value for EVERY listed nondeterministic input ID.
2. Use each ID exactly once.
3. Respect the declared C/C++ type.
4. For an array, return the value as an array containing exactly the required number of elements.
5. For char arrays, each element must be exactly one character. Return the character itself without C single quotes.
6. Prefer small-magnitude values unless larger values are necessary to achieve the requested execution behavior.

Nondeterministic inputs:
- id: main:h:1, type: int
- id: main:hash:1, type: int
- id: main:rehash:1, type: int

Previously generated assignment sets are listed below. Generate a materially different set and do not duplicate any of them.
Previous 1: main:h:1=5; main:hash:1=7; main:rehash:1=3; 
Previous 2: main:h:1=6; main:hash:1=10; main:rehash:1=4; 
Previous 3: main:h:1=1; main:hash:1=3; main:rehash:1=2; 
Previous 4: main:h:1=2; main:hash:1=4; main:rehash:1=3; 
Previous 5: main:h:1=6; main:hash:1=5; main:rehash:1=4; 
Previous 6: main:h:1=3; main:hash:1=5; main:rehash:1=4; 
Previous 7: main:h:1=4; main:hash:1=9; main:rehash:1=5; 
Previous 8: main:h:1=4; main:hash:1=7; main:rehash:1=3; 
Previous 9: main:h:1=7; main:hash:1=10; main:rehash:1=3; 
Previous 10: main:h:1=2; main:hash:1=5; main:rehash:1=3; 
Previous 11: main:h:1=100; main:hash:1=25; main:rehash:1=5; 
Previous 12: main:h:1=0; main:hash:1=2; main:rehash:1=1; 
Previous 13: main:h:1=0; main:hash:1=5; main:rehash:1=1; 

Program:
extern int __VERIFIER_nondet_int(void);
/*
Commit Number: fa741cd4fffbbaa5d4ba9a15f53550ac7817cc92
URL: https://github.com/behdad/fontconfig/commit/fa741cd4fffbbaa5d4ba9a15f53550ac7817cc92
Project Name: fontconfig
License: MIT
termination: FALSE
*/
int main()
{
    int h = __VERIFIER_nondet_int();
    int hash = __VERIFIER_nondet_int();
    int rehash = __VERIFIER_nondet_int();
    if( h < 0 || hash <= 0 || rehash <= 0 || rehash > hash)
        return 0;
    int i = h % hash;
    int r;
    while( i < hash )
    {
        if( !r ) r = h % rehash;
        i += r;
    }
    return 0;
}

"
15,NT,"main:h:1=1
main:hash:1=5
main:rehash:1=5
",,COMPLETED,T,false,,"You generate concrete values for nondeterministic inputs in a C/C++ program.
Your goal is to produce ONE complete assignment set that is likely to make the program not terminate.

Important rules:
1. Return a value for EVERY listed nondeterministic input ID.
2. Use each ID exactly once.
3. Respect the declared C/C++ type.
4. For an array, return the value as an array containing exactly the required number of elements.
5. For char arrays, each element must be exactly one character. Return the character itself without C single quotes.
6. Prefer small-magnitude values unless larger values are necessary to achieve the requested execution behavior.

Nondeterministic inputs:
- id: main:h:1, type: int
- id: main:hash:1, type: int
- id: main:rehash:1, type: int

Previously generated assignment sets are listed below. Generate a materially different set and do not duplicate any of them.
Previous 1: main:h:1=5; main:hash:1=7; main:rehash:1=3; 
Previous 2: main:h:1=6; main:hash:1=10; main:rehash:1=4; 
Previous 3: main:h:1=1; main:hash:1=3; main:rehash:1=2; 
Previous 4: main:h:1=2; main:hash:1=4; main:rehash:1=3; 
Previous 5: main:h:1=6; main:hash:1=5; main:rehash:1=4; 
Previous 6: main:h:1=3; main:hash:1=5; main:rehash:1=4; 
Previous 7: main:h:1=4; main:hash:1=9; main:rehash:1=5; 
Previous 8: main:h:1=4; main:hash:1=7; main:rehash:1=3; 
Previous 9: main:h:1=7; main:hash:1=10; main:rehash:1=3; 
Previous 10: main:h:1=2; main:hash:1=5; main:rehash:1=3; 
Previous 11: main:h:1=100; main:hash:1=25; main:rehash:1=5; 
Previous 12: main:h:1=0; main:hash:1=2; main:rehash:1=1; 
Previous 13: main:h:1=0; main:hash:1=5; main:rehash:1=1; 
Previous 14: main:h:1=0; main:hash:1=1; main:rehash:1=1; 

Program:
extern int __VERIFIER_nondet_int(void);
/*
Commit Number: fa741cd4fffbbaa5d4ba9a15f53550ac7817cc92
URL: https://github.com/behdad/fontconfig/commit/fa741cd4fffbbaa5d4ba9a15f53550ac7817cc92
Project Name: fontconfig
License: MIT
termination: FALSE
*/
int main()
{
    int h = __VERIFIER_nondet_int();
    int hash = __VERIFIER_nondet_int();
    int rehash = __VERIFIER_nondet_int();
    if( h < 0 || hash <= 0 || rehash <= 0 || rehash > hash)
        return 0;
    int i = h % hash;
    int r;
    while( i < hash )
    {
        if( !r ) r = h % rehash;
        i += r;
    }
    return 0;
}

"
16,NT,"main:h:1=12
main:hash:1=3
main:rehash:1=3
",,COMPLETED,T,false,,"You generate concrete values for nondeterministic inputs in a C/C++ program.
Your goal is to produce ONE complete assignment set that is likely to make the program not terminate.

Important rules:
1. Return a value for EVERY listed nondeterministic input ID.
2. Use each ID exactly once.
3. Respect the declared C/C++ type.
4. For an array, return the value as an array containing exactly the required number of elements.
5. For char arrays, each element must be exactly one character. Return the character itself without C single quotes.
6. Prefer small-magnitude values unless larger values are necessary to achieve the requested execution behavior.

Nondeterministic inputs:
- id: main:h:1, type: int
- id: main:hash:1, type: int
- id: main:rehash:1, type: int

Previously generated assignment sets are listed below. Generate a materially different set and do not duplicate any of them.
Previous 1: main:h:1=5; main:hash:1=7; main:rehash:1=3; 
Previous 2: main:h:1=6; main:hash:1=10; main:rehash:1=4; 
Previous 3: main:h:1=1; main:hash:1=3; main:rehash:1=2; 
Previous 4: main:h:1=2; main:hash:1=4; main:rehash:1=3; 
Previous 5: main:h:1=6; main:hash:1=5; main:rehash:1=4; 
Previous 6: main:h:1=3; main:hash:1=5; main:rehash:1=4; 
Previous 7: main:h:1=4; main:hash:1=9; main:rehash:1=5; 
Previous 8: main:h:1=4; main:hash:1=7; main:rehash:1=3; 
Previous 9: main:h:1=7; main:hash:1=10; main:rehash:1=3; 
Previous 10: main:h:1=2; main:hash:1=5; main:rehash:1=3; 
Previous 11: main:h:1=100; main:hash:1=25; main:rehash:1=5; 
Previous 12: main:h:1=0; main:hash:1=2; main:rehash:1=1; 
Previous 13: main:h:1=0; main:hash:1=5; main:rehash:1=1; 
Previous 14: main:h:1=0; main:hash:1=1; main:rehash:1=1; 
Previous 15: main:h:1=1; main:hash:1=5; main:rehash:1=5; 

Program:
extern int __VERIFIER_nondet_int(void);
/*
Commit Number: fa741cd4fffbbaa5d4ba9a15f53550ac7817cc92
URL: https://github.com/behdad/fontconfig/commit/fa741cd4fffbbaa5d4ba9a15f53550ac7817cc92
Project Name: fontconfig
License: MIT
termination: FALSE
*/
int main()
{
    int h = __VERIFIER_nondet_int();
    int hash = __VERIFIER_nondet_int();
    int rehash = __VERIFIER_nondet_int();
    if( h < 0 || hash <= 0 || rehash <= 0 || rehash > hash)
        return 0;
    int i = h % hash;
    int r;
    while( i < hash )
    {
        if( !r ) r = h % rehash;
        i += r;
    }
    return 0;
}

"
17,NT,"main:h:1=0
main:hash:1=3
main:rehash:1=1
",,COMPLETED,T,false,,"You generate concrete values for nondeterministic inputs in a C/C++ program.
Your goal is to produce ONE complete assignment set that is likely to make the program not terminate.

Important rules:
1. Return a value for EVERY listed nondeterministic input ID.
2. Use each ID exactly once.
3. Respect the declared C/C++ type.
4. For an array, return the value as an array containing exactly the required number of elements.
5. For char arrays, each element must be exactly one character. Return the character itself without C single quotes.
6. Prefer small-magnitude values unless larger values are necessary to achieve the requested execution behavior.

Nondeterministic inputs:
- id: main:h:1, type: int
- id: main:hash:1, type: int
- id: main:rehash:1, type: int

Previously generated assignment sets are listed below. Generate a materially different set and do not duplicate any of them.
Previous 1: main:h:1=5; main:hash:1=7; main:rehash:1=3; 
Previous 2: main:h:1=6; main:hash:1=10; main:rehash:1=4; 
Previous 3: main:h:1=1; main:hash:1=3; main:rehash:1=2; 
Previous 4: main:h:1=2; main:hash:1=4; main:rehash:1=3; 
Previous 5: main:h:1=6; main:hash:1=5; main:rehash:1=4; 
Previous 6: main:h:1=3; main:hash:1=5; main:rehash:1=4; 
Previous 7: main:h:1=4; main:hash:1=9; main:rehash:1=5; 
Previous 8: main:h:1=4; main:hash:1=7; main:rehash:1=3; 
Previous 9: main:h:1=7; main:hash:1=10; main:rehash:1=3; 
Previous 10: main:h:1=2; main:hash:1=5; main:rehash:1=3; 
Previous 11: main:h:1=100; main:hash:1=25; main:rehash:1=5; 
Previous 12: main:h:1=0; main:hash:1=2; main:rehash:1=1; 
Previous 13: main:h:1=0; main:hash:1=5; main:rehash:1=1; 
Previous 14: main:h:1=0; main:hash:1=1; main:rehash:1=1; 
Previous 15: main:h:1=1; main:hash:1=5; main:rehash:1=5; 
Previous 16: main:h:1=12; main:hash:1=3; main:rehash:1=3; 

Program:
extern int __VERIFIER_nondet_int(void);
/*
Commit Number: fa741cd4fffbbaa5d4ba9a15f53550ac7817cc92
URL: https://github.com/behdad/fontconfig/commit/fa741cd4fffbbaa5d4ba9a15f53550ac7817cc92
Project Name: fontconfig
License: MIT
termination: FALSE
*/
int main()
{
    int h = __VERIFIER_nondet_int();
    int hash = __VERIFIER_nondet_int();
    int rehash = __VERIFIER_nondet_int();
    if( h < 0 || hash <= 0 || rehash <= 0 || rehash > hash)
        return 0;
    int i = h % hash;
    int r;
    while( i < hash )
    {
        if( !r ) r = h % rehash;
        i += r;
    }
    return 0;
}

"
18,NT,"main:h:1=0
main:hash:1=1
main:rehash:1=1
",,DUPLICATE,,false,,"You generate concrete values for nondeterministic inputs in a C/C++ program.
Your goal is to produce ONE complete assignment set that is likely to make the program not terminate.

Important rules:
1. Return a value for EVERY listed nondeterministic input ID.
2. Use each ID exactly once.
3. Respect the declared C/C++ type.
4. For an array, return the value as an array containing exactly the required number of elements.
5. For char arrays, each element must be exactly one character. Return the character itself without C single quotes.
6. Prefer small-magnitude values unless larger values are necessary to achieve the requested execution behavior.

Nondeterministic inputs:
- id: main:h:1, type: int
- id: main:hash:1, type: int
- id: main:rehash:1, type: int

Previously generated assignment sets are listed below. Generate a materially different set and do not duplicate any of them.
Previous 1: main:h:1=5; main:hash:1=7; main:rehash:1=3; 
Previous 2: main:h:1=6; main:hash:1=10; main:rehash:1=4; 
Previous 3: main:h:1=1; main:hash:1=3; main:rehash:1=2; 
Previous 4: main:h:1=2; main:hash:1=4; main:rehash:1=3; 
Previous 5: main:h:1=6; main:hash:1=5; main:rehash:1=4; 
Previous 6: main:h:1=3; main:hash:1=5; main:rehash:1=4; 
Previous 7: main:h:1=4; main:hash:1=9; main:rehash:1=5; 
Previous 8: main:h:1=4; main:hash:1=7; main:rehash:1=3; 
Previous 9: main:h:1=7; main:hash:1=10; main:rehash:1=3; 
Previous 10: main:h:1=2; main:hash:1=5; main:rehash:1=3; 
Previous 11: main:h:1=100; main:hash:1=25; main:rehash:1=5; 
Previous 12: main:h:1=0; main:hash:1=2; main:rehash:1=1; 
Previous 13: main:h:1=0; main:hash:1=5; main:rehash:1=1; 
Previous 14: main:h:1=0; main:hash:1=1; main:rehash:1=1; 
Previous 15: main:h:1=1; main:hash:1=5; main:rehash:1=5; 
Previous 16: main:h:1=12; main:hash:1=3; main:rehash:1=3; 
Previous 17: main:h:1=0; main:hash:1=3; main:rehash:1=1; 

Program:
extern int __VERIFIER_nondet_int(void);
/*
Commit Number: fa741cd4fffbbaa5d4ba9a15f53550ac7817cc92
URL: https://github.com/behdad/fontconfig/commit/fa741cd4fffbbaa5d4ba9a15f53550ac7817cc92
Project Name: fontconfig
License: MIT
termination: FALSE
*/
int main()
{
    int h = __VERIFIER_nondet_int();
    int hash = __VERIFIER_nondet_int();
    int rehash = __VERIFIER_nondet_int();
    if( h < 0 || hash <= 0 || rehash <= 0 || rehash > hash)
        return 0;
    int i = h % hash;
    int r;
    while( i < hash )
    {
        if( !r ) r = h % rehash;
        i += r;
    }
    return 0;
}

"
19,NT,"main:h:1=5
main:hash:1=5
main:rehash:1=1
",,COMPLETED,T,false,,"You generate concrete values for nondeterministic inputs in a C/C++ program.
Your goal is to produce ONE complete assignment set that is likely to make the program not terminate.

Important rules:
1. Return a value for EVERY listed nondeterministic input ID.
2. Use each ID exactly once.
3. Respect the declared C/C++ type.
4. For an array, return the value as an array containing exactly the required number of elements.
5. For char arrays, each element must be exactly one character. Return the character itself without C single quotes.
6. Prefer small-magnitude values unless larger values are necessary to achieve the requested execution behavior.

Nondeterministic inputs:
- id: main:h:1, type: int
- id: main:hash:1, type: int
- id: main:rehash:1, type: int

Previously generated assignment sets are listed below. Generate a materially different set and do not duplicate any of them.
Previous 1: main:h:1=5; main:hash:1=7; main:rehash:1=3; 
Previous 2: main:h:1=6; main:hash:1=10; main:rehash:1=4; 
Previous 3: main:h:1=1; main:hash:1=3; main:rehash:1=2; 
Previous 4: main:h:1=2; main:hash:1=4; main:rehash:1=3; 
Previous 5: main:h:1=6; main:hash:1=5; main:rehash:1=4; 
Previous 6: main:h:1=3; main:hash:1=5; main:rehash:1=4; 
Previous 7: main:h:1=4; main:hash:1=9; main:rehash:1=5; 
Previous 8: main:h:1=4; main:hash:1=7; main:rehash:1=3; 
Previous 9: main:h:1=7; main:hash:1=10; main:rehash:1=3; 
Previous 10: main:h:1=2; main:hash:1=5; main:rehash:1=3; 
Previous 11: main:h:1=100; main:hash:1=25; main:rehash:1=5; 
Previous 12: main:h:1=0; main:hash:1=2; main:rehash:1=1; 
Previous 13: main:h:1=0; main:hash:1=5; main:rehash:1=1; 
Previous 14: main:h:1=0; main:hash:1=1; main:rehash:1=1; 
Previous 15: main:h:1=1; main:hash:1=5; main:rehash:1=5; 
Previous 16: main:h:1=12; main:hash:1=3; main:rehash:1=3; 
Previous 17: main:h:1=0; main:hash:1=3; main:rehash:1=1; 

Program:
extern int __VERIFIER_nondet_int(void);
/*
Commit Number: fa741cd4fffbbaa5d4ba9a15f53550ac7817cc92
URL: https://github.com/behdad/fontconfig/commit/fa741cd4fffbbaa5d4ba9a15f53550ac7817cc92
Project Name: fontconfig
License: MIT
termination: FALSE
*/
int main()
{
    int h = __VERIFIER_nondet_int();
    int hash = __VERIFIER_nondet_int();
    int rehash = __VERIFIER_nondet_int();
    if( h < 0 || hash <= 0 || rehash <= 0 || rehash > hash)
        return 0;
    int i = h % hash;
    int r;
    while( i < hash )
    {
        if( !r ) r = h % rehash;
        i += r;
    }
    return 0;
}

"
20,NT,"main:h:1=10
main:hash:1=10
main:rehash:1=5
",,COMPLETED,T,false,,"You generate concrete values for nondeterministic inputs in a C/C++ program.
Your goal is to produce ONE complete assignment set that is likely to make the program not terminate.

Important rules:
1. Return a value for EVERY listed nondeterministic input ID.
2. Use each ID exactly once.
3. Respect the declared C/C++ type.
4. For an array, return the value as an array containing exactly the required number of elements.
5. For char arrays, each element must be exactly one character. Return the character itself without C single quotes.
6. Prefer small-magnitude values unless larger values are necessary to achieve the requested execution behavior.

Nondeterministic inputs:
- id: main:h:1, type: int
- id: main:hash:1, type: int
- id: main:rehash:1, type: int

Previously generated assignment sets are listed below. Generate a materially different set and do not duplicate any of them.
Previous 1: main:h:1=5; main:hash:1=7; main:rehash:1=3; 
Previous 2: main:h:1=6; main:hash:1=10; main:rehash:1=4; 
Previous 3: main:h:1=1; main:hash:1=3; main:rehash:1=2; 
Previous 4: main:h:1=2; main:hash:1=4; main:rehash:1=3; 
Previous 5: main:h:1=6; main:hash:1=5; main:rehash:1=4; 
Previous 6: main:h:1=3; main:hash:1=5; main:rehash:1=4; 
Previous 7: main:h:1=4; main:hash:1=9; main:rehash:1=5; 
Previous 8: main:h:1=4; main:hash:1=7; main:rehash:1=3; 
Previous 9: main:h:1=7; main:hash:1=10; main:rehash:1=3; 
Previous 10: main:h:1=2; main:hash:1=5; main:rehash:1=3; 
Previous 11: main:h:1=100; main:hash:1=25; main:rehash:1=5; 
Previous 12: main:h:1=0; main:hash:1=2; main:rehash:1=1; 
Previous 13: main:h:1=0; main:hash:1=5; main:rehash:1=1; 
Previous 14: main:h:1=0; main:hash:1=1; main:rehash:1=1; 
Previous 15: main:h:1=1; main:hash:1=5; main:rehash:1=5; 
Previous 16: main:h:1=12; main:hash:1=3; main:rehash:1=3; 
Previous 17: main:h:1=0; main:hash:1=3; main:rehash:1=1; 
Previous 18: main:h:1=5; main:hash:1=5; main:rehash:1=1; 

Program:
extern int __VERIFIER_nondet_int(void);
/*
Commit Number: fa741cd4fffbbaa5d4ba9a15f53550ac7817cc92
URL: https://github.com/behdad/fontconfig/commit/fa741cd4fffbbaa5d4ba9a15f53550ac7817cc92
Project Name: fontconfig
License: MIT
termination: FALSE
*/
int main()
{
    int h = __VERIFIER_nondet_int();
    int hash = __VERIFIER_nondet_int();
    int rehash = __VERIFIER_nondet_int();
    if( h < 0 || hash <= 0 || rehash <= 0 || rehash > hash)
        return 0;
    int i = h % hash;
    int r;
    while( i < hash )
    {
        if( !r ) r = h % rehash;
        i += r;
    }
    return 0;
}

"
21,NT,"main:h:1=8
main:hash:1=9
main:rehash:1=4
",,COMPLETED,T,false,,"You generate concrete values for nondeterministic inputs in a C/C++ program.
Your goal is to produce ONE complete assignment set that is likely to make the program not terminate.

Important rules:
1. Return a value for EVERY listed nondeterministic input ID.
2. Use each ID exactly once.
3. Respect the declared C/C++ type.
4. For an array, return the value as an array containing exactly the required number of elements.
5. For char arrays, each element must be exactly one character. Return the character itself without C single quotes.
6. Prefer small-magnitude values unless larger values are necessary to achieve the requested execution behavior.

Nondeterministic inputs:
- id: main:h:1, type: int
- id: main:hash:1, type: int
- id: main:rehash:1, type: int

Previously generated assignment sets are listed below. Generate a materially different set and do not duplicate any of them.
Previous 1: main:h:1=5; main:hash:1=7; main:rehash:1=3; 
Previous 2: main:h:1=6; main:hash:1=10; main:rehash:1=4; 
Previous 3: main:h:1=1; main:hash:1=3; main:rehash:1=2; 
Previous 4: main:h:1=2; main:hash:1=4; main:rehash:1=3; 
Previous 5: main:h:1=6; main:hash:1=5; main:rehash:1=4; 
Previous 6: main:h:1=3; main:hash:1=5; main:rehash:1=4; 
Previous 7: main:h:1=4; main:hash:1=9; main:rehash:1=5; 
Previous 8: main:h:1=4; main:hash:1=7; main:rehash:1=3; 
Previous 9: main:h:1=7; main:hash:1=10; main:rehash:1=3; 
Previous 10: main:h:1=2; main:hash:1=5; main:rehash:1=3; 
Previous 11: main:h:1=100; main:hash:1=25; main:rehash:1=5; 
Previous 12: main:h:1=0; main:hash:1=2; main:rehash:1=1; 
Previous 13: main:h:1=0; main:hash:1=5; main:rehash:1=1; 
Previous 14: main:h:1=0; main:hash:1=1; main:rehash:1=1; 
Previous 15: main:h:1=1; main:hash:1=5; main:rehash:1=5; 
Previous 16: main:h:1=12; main:hash:1=3; main:rehash:1=3; 
Previous 17: main:h:1=0; main:hash:1=3; main:rehash:1=1; 
Previous 18: main:h:1=5; main:hash:1=5; main:rehash:1=1; 
Previous 19: main:h:1=10; main:hash:1=10; main:rehash:1=5; 

Program:
extern int __VERIFIER_nondet_int(void);
/*
Commit Number: fa741cd4fffbbaa5d4ba9a15f53550ac7817cc92
URL: https://github.com/behdad/fontconfig/commit/fa741cd4fffbbaa5d4ba9a15f53550ac7817cc92
Project Name: fontconfig
License: MIT
termination: FALSE
*/
int main()
{
    int h = __VERIFIER_nondet_int();
    int hash = __VERIFIER_nondet_int();
    int rehash = __VERIFIER_nondet_int();
    if( h < 0 || hash <= 0 || rehash <= 0 || rehash > hash)
        return 0;
    int i = h % hash;
    int r;
    while( i < hash )
    {
        if( !r ) r = h % rehash;
        i += r;
    }
    return 0;
}

"
22,NT,"main:h:1=4
main:hash:1=4
main:rehash:1=2
",,COMPLETED,T,false,,"You generate concrete values for nondeterministic inputs in a C/C++ program.
Your goal is to produce ONE complete assignment set that is likely to make the program not terminate.

Important rules:
1. Return a value for EVERY listed nondeterministic input ID.
2. Use each ID exactly once.
3. Respect the declared C/C++ type.
4. For an array, return the value as an array containing exactly the required number of elements.
5. For char arrays, each element must be exactly one character. Return the character itself without C single quotes.
6. Prefer small-magnitude values unless larger values are necessary to achieve the requested execution behavior.

Nondeterministic inputs:
- id: main:h:1, type: int
- id: main:hash:1, type: int
- id: main:rehash:1, type: int

Previously generated assignment sets are listed below. Generate a materially different set and do not duplicate any of them.
Previous 1: main:h:1=5; main:hash:1=7; main:rehash:1=3; 
Previous 2: main:h:1=6; main:hash:1=10; main:rehash:1=4; 
Previous 3: main:h:1=1; main:hash:1=3; main:rehash:1=2; 
Previous 4: main:h:1=2; main:hash:1=4; main:rehash:1=3; 
Previous 5: main:h:1=6; main:hash:1=5; main:rehash:1=4; 
Previous 6: main:h:1=3; main:hash:1=5; main:rehash:1=4; 
Previous 7: main:h:1=4; main:hash:1=9; main:rehash:1=5; 
Previous 8: main:h:1=4; main:hash:1=7; main:rehash:1=3; 
Previous 9: main:h:1=7; main:hash:1=10; main:rehash:1=3; 
Previous 10: main:h:1=2; main:hash:1=5; main:rehash:1=3; 
Previous 11: main:h:1=100; main:hash:1=25; main:rehash:1=5; 
Previous 12: main:h:1=0; main:hash:1=2; main:rehash:1=1; 
Previous 13: main:h:1=0; main:hash:1=5; main:rehash:1=1; 
Previous 14: main:h:1=0; main:hash:1=1; main:rehash:1=1; 
Previous 15: main:h:1=1; main:hash:1=5; main:rehash:1=5; 
Previous 16: main:h:1=12; main:hash:1=3; main:rehash:1=3; 
Previous 17: main:h:1=0; main:hash:1=3; main:rehash:1=1; 
Previous 18: main:h:1=5; main:hash:1=5; main:rehash:1=1; 
Previous 19: main:h:1=10; main:hash:1=10; main:rehash:1=5; 
Previous 20: main:h:1=8; main:hash:1=9; main:rehash:1=4; 

Program:
extern int __VERIFIER_nondet_int(void);
/*
Commit Number: fa741cd4fffbbaa5d4ba9a15f53550ac7817cc92
URL: https://github.com/behdad/fontconfig/commit/fa741cd4fffbbaa5d4ba9a15f53550ac7817cc92
Project Name: fontconfig
License: MIT
termination: FALSE
*/
int main()
{
    int h = __VERIFIER_nondet_int();
    int hash = __VERIFIER_nondet_int();
    int rehash = __VERIFIER_nondet_int();
    if( h < 0 || hash <= 0 || rehash <= 0 || rehash > hash)
        return 0;
    int i = h % hash;
    int r;
    while( i < hash )
    {
        if( !r ) r = h % rehash;
        i += r;
    }
    return 0;
}

"
23,NT,"main:h:1=10
main:hash:1=10
main:rehash:1=2
",,COMPLETED,T,false,,"You generate concrete values for nondeterministic inputs in a C/C++ program.
Your goal is to produce ONE complete assignment set that is likely to make the program not terminate.

Important rules:
1. Return a value for EVERY listed nondeterministic input ID.
2. Use each ID exactly once.
3. Respect the declared C/C++ type.
4. For an array, return the value as an array containing exactly the required number of elements.
5. For char arrays, each element must be exactly one character. Return the character itself without C single quotes.
6. Prefer small-magnitude values unless larger values are necessary to achieve the requested execution behavior.

Nondeterministic inputs:
- id: main:h:1, type: int
- id: main:hash:1, type: int
- id: main:rehash:1, type: int

Previously generated assignment sets are listed below. Generate a materially different set and do not duplicate any of them.
Previous 1: main:h:1=5; main:hash:1=7; main:rehash:1=3; 
Previous 2: main:h:1=6; main:hash:1=10; main:rehash:1=4; 
Previous 3: main:h:1=1; main:hash:1=3; main:rehash:1=2; 
Previous 4: main:h:1=2; main:hash:1=4; main:rehash:1=3; 
Previous 5: main:h:1=6; main:hash:1=5; main:rehash:1=4; 
Previous 6: main:h:1=3; main:hash:1=5; main:rehash:1=4; 
Previous 7: main:h:1=4; main:hash:1=9; main:rehash:1=5; 
Previous 8: main:h:1=4; main:hash:1=7; main:rehash:1=3; 
Previous 9: main:h:1=7; main:hash:1=10; main:rehash:1=3; 
Previous 10: main:h:1=2; main:hash:1=5; main:rehash:1=3; 
Previous 11: main:h:1=100; main:hash:1=25; main:rehash:1=5; 
Previous 12: main:h:1=0; main:hash:1=2; main:rehash:1=1; 
Previous 13: main:h:1=0; main:hash:1=5; main:rehash:1=1; 
Previous 14: main:h:1=0; main:hash:1=1; main:rehash:1=1; 
Previous 15: main:h:1=1; main:hash:1=5; main:rehash:1=5; 
Previous 16: main:h:1=12; main:hash:1=3; main:rehash:1=3; 
Previous 17: main:h:1=0; main:hash:1=3; main:rehash:1=1; 
Previous 18: main:h:1=5; main:hash:1=5; main:rehash:1=1; 
Previous 19: main:h:1=10; main:hash:1=10; main:rehash:1=5; 
Previous 20: main:h:1=8; main:hash:1=9; main:rehash:1=4; 
Previous 21: main:h:1=4; main:hash:1=4; main:rehash:1=2; 

Program:
extern int __VERIFIER_nondet_int(void);
/*
Commit Number: fa741cd4fffbbaa5d4ba9a15f53550ac7817cc92
URL: https://github.com/behdad/fontconfig/commit/fa741cd4fffbbaa5d4ba9a15f53550ac7817cc92
Project Name: fontconfig
License: MIT
termination: FALSE
*/
int main()
{
    int h = __VERIFIER_nondet_int();
    int hash = __VERIFIER_nondet_int();
    int rehash = __VERIFIER_nondet_int();
    if( h < 0 || hash <= 0 || rehash <= 0 || rehash > hash)
        return 0;
    int i = h % hash;
    int r;
    while( i < hash )
    {
        if( !r ) r = h % rehash;
        i += r;
    }
    return 0;
}

"
24,NT,"main:h:1=20
main:hash:1=10
main:rehash:1=10
",,COMPLETED,T,false,,"You generate concrete values for nondeterministic inputs in a C/C++ program.
Your goal is to produce ONE complete assignment set that is likely to make the program not terminate.

Important rules:
1. Return a value for EVERY listed nondeterministic input ID.
2. Use each ID exactly once.
3. Respect the declared C/C++ type.
4. For an array, return the value as an array containing exactly the required number of elements.
5. For char arrays, each element must be exactly one character. Return the character itself without C single quotes.
6. Prefer small-magnitude values unless larger values are necessary to achieve the requested execution behavior.

Nondeterministic inputs:
- id: main:h:1, type: int
- id: main:hash:1, type: int
- id: main:rehash:1, type: int

Previously generated assignment sets are listed below. Generate a materially different set and do not duplicate any of them.
Previous 1: main:h:1=5; main:hash:1=7; main:rehash:1=3; 
Previous 2: main:h:1=6; main:hash:1=10; main:rehash:1=4; 
Previous 3: main:h:1=1; main:hash:1=3; main:rehash:1=2; 
Previous 4: main:h:1=2; main:hash:1=4; main:rehash:1=3; 
Previous 5: main:h:1=6; main:hash:1=5; main:rehash:1=4; 
Previous 6: main:h:1=3; main:hash:1=5; main:rehash:1=4; 
Previous 7: main:h:1=4; main:hash:1=9; main:rehash:1=5; 
Previous 8: main:h:1=4; main:hash:1=7; main:rehash:1=3; 
Previous 9: main:h:1=7; main:hash:1=10; main:rehash:1=3; 
Previous 10: main:h:1=2; main:hash:1=5; main:rehash:1=3; 
Previous 11: main:h:1=100; main:hash:1=25; main:rehash:1=5; 
Previous 12: main:h:1=0; main:hash:1=2; main:rehash:1=1; 
Previous 13: main:h:1=0; main:hash:1=5; main:rehash:1=1; 
Previous 14: main:h:1=0; main:hash:1=1; main:rehash:1=1; 
Previous 15: main:h:1=1; main:hash:1=5; main:rehash:1=5; 
Previous 16: main:h:1=12; main:hash:1=3; main:rehash:1=3; 
Previous 17: main:h:1=0; main:hash:1=3; main:rehash:1=1; 
Previous 18: main:h:1=5; main:hash:1=5; main:rehash:1=1; 
Previous 19: main:h:1=10; main:hash:1=10; main:rehash:1=5; 
Previous 20: main:h:1=8; main:hash:1=9; main:rehash:1=4; 
Previous 21: main:h:1=4; main:hash:1=4; main:rehash:1=2; 
Previous 22: main:h:1=10; main:hash:1=10; main:rehash:1=2; 

Program:
extern int __VERIFIER_nondet_int(void);
/*
Commit Number: fa741cd4fffbbaa5d4ba9a15f53550ac7817cc92
URL: https://github.com/behdad/fontconfig/commit/fa741cd4fffbbaa5d4ba9a15f53550ac7817cc92
Project Name: fontconfig
License: MIT
termination: FALSE
*/
int main()
{
    int h = __VERIFIER_nondet_int();
    int hash = __VERIFIER_nondet_int();
    int rehash = __VERIFIER_nondet_int();
    if( h < 0 || hash <= 0 || rehash <= 0 || rehash > hash)
        return 0;
    int i = h % hash;
    int r;
    while( i < hash )
    {
        if( !r ) r = h % rehash;
        i += r;
    }
    return 0;
}

"
25,NT,"main:h:1=4
main:hash:1=5
main:rehash:1=2
",,COMPLETED,T,false,,"You generate concrete values for nondeterministic inputs in a C/C++ program.
Your goal is to produce ONE complete assignment set that is likely to make the program not terminate.

Important rules:
1. Return a value for EVERY listed nondeterministic input ID.
2. Use each ID exactly once.
3. Respect the declared C/C++ type.
4. For an array, return the value as an array containing exactly the required number of elements.
5. For char arrays, each element must be exactly one character. Return the character itself without C single quotes.
6. Prefer small-magnitude values unless larger values are necessary to achieve the requested execution behavior.

Nondeterministic inputs:
- id: main:h:1, type: int
- id: main:hash:1, type: int
- id: main:rehash:1, type: int

Previously generated assignment sets are listed below. Generate a materially different set and do not duplicate any of them.
Previous 1: main:h:1=5; main:hash:1=7; main:rehash:1=3; 
Previous 2: main:h:1=6; main:hash:1=10; main:rehash:1=4; 
Previous 3: main:h:1=1; main:hash:1=3; main:rehash:1=2; 
Previous 4: main:h:1=2; main:hash:1=4; main:rehash:1=3; 
Previous 5: main:h:1=6; main:hash:1=5; main:rehash:1=4; 
Previous 6: main:h:1=3; main:hash:1=5; main:rehash:1=4; 
Previous 7: main:h:1=4; main:hash:1=9; main:rehash:1=5; 
Previous 8: main:h:1=4; main:hash:1=7; main:rehash:1=3; 
Previous 9: main:h:1=7; main:hash:1=10; main:rehash:1=3; 
Previous 10: main:h:1=2; main:hash:1=5; main:rehash:1=3; 
Previous 11: main:h:1=100; main:hash:1=25; main:rehash:1=5; 
Previous 12: main:h:1=0; main:hash:1=2; main:rehash:1=1; 
Previous 13: main:h:1=0; main:hash:1=5; main:rehash:1=1; 
Previous 14: main:h:1=0; main:hash:1=1; main:rehash:1=1; 
Previous 15: main:h:1=1; main:hash:1=5; main:rehash:1=5; 
Previous 16: main:h:1=12; main:hash:1=3; main:rehash:1=3; 
Previous 17: main:h:1=0; main:hash:1=3; main:rehash:1=1; 
Previous 18: main:h:1=5; main:hash:1=5; main:rehash:1=1; 
Previous 19: main:h:1=10; main:hash:1=10; main:rehash:1=5; 
Previous 20: main:h:1=8; main:hash:1=9; main:rehash:1=4; 
Previous 21: main:h:1=4; main:hash:1=4; main:rehash:1=2; 
Previous 22: main:h:1=10; main:hash:1=10; main:rehash:1=2; 
Previous 23: main:h:1=20; main:hash:1=10; main:rehash:1=10; 

Program:
extern int __VERIFIER_nondet_int(void);
/*
Commit Number: fa741cd4fffbbaa5d4ba9a15f53550ac7817cc92
URL: https://github.com/behdad/fontconfig/commit/fa741cd4fffbbaa5d4ba9a15f53550ac7817cc92
Project Name: fontconfig
License: MIT
termination: FALSE
*/
int main()
{
    int h = __VERIFIER_nondet_int();
    int hash = __VERIFIER_nondet_int();
    int rehash = __VERIFIER_nondet_int();
    if( h < 0 || hash <= 0 || rehash <= 0 || rehash > hash)
        return 0;
    int i = h % hash;
    int r;
    while( i < hash )
    {
        if( !r ) r = h % rehash;
        i += r;
    }
    return 0;
}

"
26,NT,"main:h:1=7
main:hash:1=4
main:rehash:1=1
",,COMPLETED,T,false,,"You generate concrete values for nondeterministic inputs in a C/C++ program.
Your goal is to produce ONE complete assignment set that is likely to make the program not terminate.

Important rules:
1. Return a value for EVERY listed nondeterministic input ID.
2. Use each ID exactly once.
3. Respect the declared C/C++ type.
4. For an array, return the value as an array containing exactly the required number of elements.
5. For char arrays, each element must be exactly one character. Return the character itself without C single quotes.
6. Prefer small-magnitude values unless larger values are necessary to achieve the requested execution behavior.

Nondeterministic inputs:
- id: main:h:1, type: int
- id: main:hash:1, type: int
- id: main:rehash:1, type: int

Previously generated assignment sets are listed below. Generate a materially different set and do not duplicate any of them.
Previous 1: main:h:1=5; main:hash:1=7; main:rehash:1=3; 
Previous 2: main:h:1=6; main:hash:1=10; main:rehash:1=4; 
Previous 3: main:h:1=1; main:hash:1=3; main:rehash:1=2; 
Previous 4: main:h:1=2; main:hash:1=4; main:rehash:1=3; 
Previous 5: main:h:1=6; main:hash:1=5; main:rehash:1=4; 
Previous 6: main:h:1=3; main:hash:1=5; main:rehash:1=4; 
Previous 7: main:h:1=4; main:hash:1=9; main:rehash:1=5; 
Previous 8: main:h:1=4; main:hash:1=7; main:rehash:1=3; 
Previous 9: main:h:1=7; main:hash:1=10; main:rehash:1=3; 
Previous 10: main:h:1=2; main:hash:1=5; main:rehash:1=3; 
Previous 11: main:h:1=100; main:hash:1=25; main:rehash:1=5; 
Previous 12: main:h:1=0; main:hash:1=2; main:rehash:1=1; 
Previous 13: main:h:1=0; main:hash:1=5; main:rehash:1=1; 
Previous 14: main:h:1=0; main:hash:1=1; main:rehash:1=1; 
Previous 15: main:h:1=1; main:hash:1=5; main:rehash:1=5; 
Previous 16: main:h:1=12; main:hash:1=3; main:rehash:1=3; 
Previous 17: main:h:1=0; main:hash:1=3; main:rehash:1=1; 
Previous 18: main:h:1=5; main:hash:1=5; main:rehash:1=1; 
Previous 19: main:h:1=10; main:hash:1=10; main:rehash:1=5; 
Previous 20: main:h:1=8; main:hash:1=9; main:rehash:1=4; 
Previous 21: main:h:1=4; main:hash:1=4; main:rehash:1=2; 
Previous 22: main:h:1=10; main:hash:1=10; main:rehash:1=2; 
Previous 23: main:h:1=20; main:hash:1=10; main:rehash:1=10; 
Previous 24: main:h:1=4; main:hash:1=5; main:rehash:1=2; 

Program:
extern int __VERIFIER_nondet_int(void);
/*
Commit Number: fa741cd4fffbbaa5d4ba9a15f53550ac7817cc92
URL: https://github.com/behdad/fontconfig/commit/fa741cd4fffbbaa5d4ba9a15f53550ac7817cc92
Project Name: fontconfig
License: MIT
termination: FALSE
*/
int main()
{
    int h = __VERIFIER_nondet_int();
    int hash = __VERIFIER_nondet_int();
    int rehash = __VERIFIER_nondet_int();
    if( h < 0 || hash <= 0 || rehash <= 0 || rehash > hash)
        return 0;
    int i = h % hash;
    int r;
    while( i < hash )
    {
        if( !r ) r = h % rehash;
        i += r;
    }
    return 0;
}

"
27,NT,"main:h:1=2
main:hash:1=3
main:rehash:1=1
",,COMPLETED,T,false,,"You generate concrete values for nondeterministic inputs in a C/C++ program.
Your goal is to produce ONE complete assignment set that is likely to make the program not terminate.

Important rules:
1. Return a value for EVERY listed nondeterministic input ID.
2. Use each ID exactly once.
3. Respect the declared C/C++ type.
4. For an array, return the value as an array containing exactly the required number of elements.
5. For char arrays, each element must be exactly one character. Return the character itself without C single quotes.
6. Prefer small-magnitude values unless larger values are necessary to achieve the requested execution behavior.

Nondeterministic inputs:
- id: main:h:1, type: int
- id: main:hash:1, type: int
- id: main:rehash:1, type: int

Previously generated assignment sets are listed below. Generate a materially different set and do not duplicate any of them.
Previous 1: main:h:1=5; main:hash:1=7; main:rehash:1=3; 
Previous 2: main:h:1=6; main:hash:1=10; main:rehash:1=4; 
Previous 3: main:h:1=1; main:hash:1=3; main:rehash:1=2; 
Previous 4: main:h:1=2; main:hash:1=4; main:rehash:1=3; 
Previous 5: main:h:1=6; main:hash:1=5; main:rehash:1=4; 
Previous 6: main:h:1=3; main:hash:1=5; main:rehash:1=4; 
Previous 7: main:h:1=4; main:hash:1=9; main:rehash:1=5; 
Previous 8: main:h:1=4; main:hash:1=7; main:rehash:1=3; 
Previous 9: main:h:1=7; main:hash:1=10; main:rehash:1=3; 
Previous 10: main:h:1=2; main:hash:1=5; main:rehash:1=3; 
Previous 11: main:h:1=100; main:hash:1=25; main:rehash:1=5; 
Previous 12: main:h:1=0; main:hash:1=2; main:rehash:1=1; 
Previous 13: main:h:1=0; main:hash:1=5; main:rehash:1=1; 
Previous 14: main:h:1=0; main:hash:1=1; main:rehash:1=1; 
Previous 15: main:h:1=1; main:hash:1=5; main:rehash:1=5; 
Previous 16: main:h:1=12; main:hash:1=3; main:rehash:1=3; 
Previous 17: main:h:1=0; main:hash:1=3; main:rehash:1=1; 
Previous 18: main:h:1=5; main:hash:1=5; main:rehash:1=1; 
Previous 19: main:h:1=10; main:hash:1=10; main:rehash:1=5; 
Previous 20: main:h:1=8; main:hash:1=9; main:rehash:1=4; 
Previous 21: main:h:1=4; main:hash:1=4; main:rehash:1=2; 
Previous 22: main:h:1=10; main:hash:1=10; main:rehash:1=2; 
Previous 23: main:h:1=20; main:hash:1=10; main:rehash:1=10; 
Previous 24: main:h:1=4; main:hash:1=5; main:rehash:1=2; 
Previous 25: main:h:1=7; main:hash:1=4; main:rehash:1=1; 

Program:
extern int __VERIFIER_nondet_int(void);
/*
Commit Number: fa741cd4fffbbaa5d4ba9a15f53550ac7817cc92
URL: https://github.com/behdad/fontconfig/commit/fa741cd4fffbbaa5d4ba9a15f53550ac7817cc92
Project Name: fontconfig
License: MIT
termination: FALSE
*/
int main()
{
    int h = __VERIFIER_nondet_int();
    int hash = __VERIFIER_nondet_int();
    int rehash = __VERIFIER_nondet_int();
    if( h < 0 || hash <= 0 || rehash <= 0 || rehash > hash)
        return 0;
    int i = h % hash;
    int r;
    while( i < hash )
    {
        if( !r ) r = h % rehash;
        i += r;
    }
    return 0;
}

"
28,NT,"main:h:1=0
main:hash:1=10
main:rehash:1=1
",,COMPLETED,T,false,,"You generate concrete values for nondeterministic inputs in a C/C++ program.
Your goal is to produce ONE complete assignment set that is likely to make the program not terminate.

Important rules:
1. Return a value for EVERY listed nondeterministic input ID.
2. Use each ID exactly once.
3. Respect the declared C/C++ type.
4. For an array, return the value as an array containing exactly the required number of elements.
5. For char arrays, each element must be exactly one character. Return the character itself without C single quotes.
6. Prefer small-magnitude values unless larger values are necessary to achieve the requested execution behavior.

Nondeterministic inputs:
- id: main:h:1, type: int
- id: main:hash:1, type: int
- id: main:rehash:1, type: int

Previously generated assignment sets are listed below. Generate a materially different set and do not duplicate any of them.
Previous 1: main:h:1=5; main:hash:1=7; main:rehash:1=3; 
Previous 2: main:h:1=6; main:hash:1=10; main:rehash:1=4; 
Previous 3: main:h:1=1; main:hash:1=3; main:rehash:1=2; 
Previous 4: main:h:1=2; main:hash:1=4; main:rehash:1=3; 
Previous 5: main:h:1=6; main:hash:1=5; main:rehash:1=4; 
Previous 6: main:h:1=3; main:hash:1=5; main:rehash:1=4; 
Previous 7: main:h:1=4; main:hash:1=9; main:rehash:1=5; 
Previous 8: main:h:1=4; main:hash:1=7; main:rehash:1=3; 
Previous 9: main:h:1=7; main:hash:1=10; main:rehash:1=3; 
Previous 10: main:h:1=2; main:hash:1=5; main:rehash:1=3; 
Previous 11: main:h:1=100; main:hash:1=25; main:rehash:1=5; 
Previous 12: main:h:1=0; main:hash:1=2; main:rehash:1=1; 
Previous 13: main:h:1=0; main:hash:1=5; main:rehash:1=1; 
Previous 14: main:h:1=0; main:hash:1=1; main:rehash:1=1; 
Previous 15: main:h:1=1; main:hash:1=5; main:rehash:1=5; 
Previous 16: main:h:1=12; main:hash:1=3; main:rehash:1=3; 
Previous 17: main:h:1=0; main:hash:1=3; main:rehash:1=1; 
Previous 18: main:h:1=5; main:hash:1=5; main:rehash:1=1; 
Previous 19: main:h:1=10; main:hash:1=10; main:rehash:1=5; 
Previous 20: main:h:1=8; main:hash:1=9; main:rehash:1=4; 
Previous 21: main:h:1=4; main:hash:1=4; main:rehash:1=2; 
Previous 22: main:h:1=10; main:hash:1=10; main:rehash:1=2; 
Previous 23: main:h:1=20; main:hash:1=10; main:rehash:1=10; 
Previous 24: main:h:1=4; main:hash:1=5; main:rehash:1=2; 
Previous 25: main:h:1=7; main:hash:1=4; main:rehash:1=1; 
Previous 26: main:h:1=2; main:hash:1=3; main:rehash:1=1; 

Program:
extern int __VERIFIER_nondet_int(void);
/*
Commit Number: fa741cd4fffbbaa5d4ba9a15f53550ac7817cc92
URL: https://github.com/behdad/fontconfig/commit/fa741cd4fffbbaa5d4ba9a15f53550ac7817cc92
Project Name: fontconfig
License: MIT
termination: FALSE
*/
int main()
{
    int h = __VERIFIER_nondet_int();
    int hash = __VERIFIER_nondet_int();
    int rehash = __VERIFIER_nondet_int();
    if( h < 0 || hash <= 0 || rehash <= 0 || rehash > hash)
        return 0;
    int i = h % hash;
    int r;
    while( i < hash )
    {
        if( !r ) r = h % rehash;
        i += r;
    }
    return 0;
}

"
29,NT,"main:h:1=5
main:hash:1=10
main:rehash:1=5
",,COMPLETED,T,false,,"You generate concrete values for nondeterministic inputs in a C/C++ program.
Your goal is to produce ONE complete assignment set that is likely to make the program not terminate.

Important rules:
1. Return a value for EVERY listed nondeterministic input ID.
2. Use each ID exactly once.
3. Respect the declared C/C++ type.
4. For an array, return the value as an array containing exactly the required number of elements.
5. For char arrays, each element must be exactly one character. Return the character itself without C single quotes.
6. Prefer small-magnitude values unless larger values are necessary to achieve the requested execution behavior.

Nondeterministic inputs:
- id: main:h:1, type: int
- id: main:hash:1, type: int
- id: main:rehash:1, type: int

Previously generated assignment sets are listed below. Generate a materially different set and do not duplicate any of them.
Previous 1: main:h:1=5; main:hash:1=7; main:rehash:1=3; 
Previous 2: main:h:1=6; main:hash:1=10; main:rehash:1=4; 
Previous 3: main:h:1=1; main:hash:1=3; main:rehash:1=2; 
Previous 4: main:h:1=2; main:hash:1=4; main:rehash:1=3; 
Previous 5: main:h:1=6; main:hash:1=5; main:rehash:1=4; 
Previous 6: main:h:1=3; main:hash:1=5; main:rehash:1=4; 
Previous 7: main:h:1=4; main:hash:1=9; main:rehash:1=5; 
Previous 8: main:h:1=4; main:hash:1=7; main:rehash:1=3; 
Previous 9: main:h:1=7; main:hash:1=10; main:rehash:1=3; 
Previous 10: main:h:1=2; main:hash:1=5; main:rehash:1=3; 
Previous 11: main:h:1=100; main:hash:1=25; main:rehash:1=5; 
Previous 12: main:h:1=0; main:hash:1=2; main:rehash:1=1; 
Previous 13: main:h:1=0; main:hash:1=5; main:rehash:1=1; 
Previous 14: main:h:1=0; main:hash:1=1; main:rehash:1=1; 
Previous 15: main:h:1=1; main:hash:1=5; main:rehash:1=5; 
Previous 16: main:h:1=12; main:hash:1=3; main:rehash:1=3; 
Previous 17: main:h:1=0; main:hash:1=3; main:rehash:1=1; 
Previous 18: main:h:1=5; main:hash:1=5; main:rehash:1=1; 
Previous 19: main:h:1=10; main:hash:1=10; main:rehash:1=5; 
Previous 20: main:h:1=8; main:hash:1=9; main:rehash:1=4; 
Previous 21: main:h:1=4; main:hash:1=4; main:rehash:1=2; 
Previous 22: main:h:1=10; main:hash:1=10; main:rehash:1=2; 
Previous 23: main:h:1=20; main:hash:1=10; main:rehash:1=10; 
Previous 24: main:h:1=4; main:hash:1=5; main:rehash:1=2; 
Previous 25: main:h:1=7; main:hash:1=4; main:rehash:1=1; 
Previous 26: main:h:1=2; main:hash:1=3; main:rehash:1=1; 
Previous 27: main:h:1=0; main:hash:1=10; main:rehash:1=1; 

Program:
extern int __VERIFIER_nondet_int(void);
/*
Commit Number: fa741cd4fffbbaa5d4ba9a15f53550ac7817cc92
URL: https://github.com/behdad/fontconfig/commit/fa741cd4fffbbaa5d4ba9a15f53550ac7817cc92
Project Name: fontconfig
License: MIT
termination: FALSE
*/
int main()
{
    int h = __VERIFIER_nondet_int();
    int hash = __VERIFIER_nondet_int();
    int rehash = __VERIFIER_nondet_int();
    if( h < 0 || hash <= 0 || rehash <= 0 || rehash > hash)
        return 0;
    int i = h % hash;
    int r;
    while( i < hash )
    {
        if( !r ) r = h % rehash;
        i += r;
    }
    return 0;
}

"
30,NT,"main:h:1=0
main:hash:1=7
main:rehash:1=1
",,COMPLETED,T,false,,"You generate concrete values for nondeterministic inputs in a C/C++ program.
Your goal is to produce ONE complete assignment set that is likely to make the program not terminate.

Important rules:
1. Return a value for EVERY listed nondeterministic input ID.
2. Use each ID exactly once.
3. Respect the declared C/C++ type.
4. For an array, return the value as an array containing exactly the required number of elements.
5. For char arrays, each element must be exactly one character. Return the character itself without C single quotes.
6. Prefer small-magnitude values unless larger values are necessary to achieve the requested execution behavior.

Nondeterministic inputs:
- id: main:h:1, type: int
- id: main:hash:1, type: int
- id: main:rehash:1, type: int

Previously generated assignment sets are listed below. Generate a materially different set and do not duplicate any of them.
Previous 1: main:h:1=5; main:hash:1=7; main:rehash:1=3; 
Previous 2: main:h:1=6; main:hash:1=10; main:rehash:1=4; 
Previous 3: main:h:1=1; main:hash:1=3; main:rehash:1=2; 
Previous 4: main:h:1=2; main:hash:1=4; main:rehash:1=3; 
Previous 5: main:h:1=6; main:hash:1=5; main:rehash:1=4; 
Previous 6: main:h:1=3; main:hash:1=5; main:rehash:1=4; 
Previous 7: main:h:1=4; main:hash:1=9; main:rehash:1=5; 
Previous 8: main:h:1=4; main:hash:1=7; main:rehash:1=3; 
Previous 9: main:h:1=7; main:hash:1=10; main:rehash:1=3; 
Previous 10: main:h:1=2; main:hash:1=5; main:rehash:1=3; 
Previous 11: main:h:1=100; main:hash:1=25; main:rehash:1=5; 
Previous 12: main:h:1=0; main:hash:1=2; main:rehash:1=1; 
Previous 13: main:h:1=0; main:hash:1=5; main:rehash:1=1; 
Previous 14: main:h:1=0; main:hash:1=1; main:rehash:1=1; 
Previous 15: main:h:1=1; main:hash:1=5; main:rehash:1=5; 
Previous 16: main:h:1=12; main:hash:1=3; main:rehash:1=3; 
Previous 17: main:h:1=0; main:hash:1=3; main:rehash:1=1; 
Previous 18: main:h:1=5; main:hash:1=5; main:rehash:1=1; 
Previous 19: main:h:1=10; main:hash:1=10; main:rehash:1=5; 
Previous 20: main:h:1=8; main:hash:1=9; main:rehash:1=4; 
Previous 21: main:h:1=4; main:hash:1=4; main:rehash:1=2; 
Previous 22: main:h:1=10; main:hash:1=10; main:rehash:1=2; 
Previous 23: main:h:1=20; main:hash:1=10; main:rehash:1=10; 
Previous 24: main:h:1=4; main:hash:1=5; main:rehash:1=2; 
Previous 25: main:h:1=7; main:hash:1=4; main:rehash:1=1; 
Previous 26: main:h:1=2; main:hash:1=3; main:rehash:1=1; 
Previous 27: main:h:1=0; main:hash:1=10; main:rehash:1=1; 
Previous 28: main:h:1=5; main:hash:1=10; main:rehash:1=5; 

Program:
extern int __VERIFIER_nondet_int(void);
/*
Commit Number: fa741cd4fffbbaa5d4ba9a15f53550ac7817cc92
URL: https://github.com/behdad/fontconfig/commit/fa741cd4fffbbaa5d4ba9a15f53550ac7817cc92
Project Name: fontconfig
License: MIT
termination: FALSE
*/
int main()
{
    int h = __VERIFIER_nondet_int();
    int hash = __VERIFIER_nondet_int();
    int rehash = __VERIFIER_nondet_int();
    if( h < 0 || hash <= 0 || rehash <= 0 || rehash > hash)
        return 0;
    int i = h % hash;
    int r;
    while( i < hash )
    {
        if( !r ) r = h % rehash;
        i += r;
    }
    return 0;
}

"
31,NT,"main:h:1=0
main:hash:1=2
main:rehash:1=2
",,COMPLETED,T,false,,"You generate concrete values for nondeterministic inputs in a C/C++ program.
Your goal is to produce ONE complete assignment set that is likely to make the program not terminate.

Important rules:
1. Return a value for EVERY listed nondeterministic input ID.
2. Use each ID exactly once.
3. Respect the declared C/C++ type.
4. For an array, return the value as an array containing exactly the required number of elements.
5. For char arrays, each element must be exactly one character. Return the character itself without C single quotes.
6. Prefer small-magnitude values unless larger values are necessary to achieve the requested execution behavior.

Nondeterministic inputs:
- id: main:h:1, type: int
- id: main:hash:1, type: int
- id: main:rehash:1, type: int

Previously generated assignment sets are listed below. Generate a materially different set and do not duplicate any of them.
Previous 1: main:h:1=5; main:hash:1=7; main:rehash:1=3; 
Previous 2: main:h:1=6; main:hash:1=10; main:rehash:1=4; 
Previous 3: main:h:1=1; main:hash:1=3; main:rehash:1=2; 
Previous 4: main:h:1=2; main:hash:1=4; main:rehash:1=3; 
Previous 5: main:h:1=6; main:hash:1=5; main:rehash:1=4; 
Previous 6: main:h:1=3; main:hash:1=5; main:rehash:1=4; 
Previous 7: main:h:1=4; main:hash:1=9; main:rehash:1=5; 
Previous 8: main:h:1=4; main:hash:1=7; main:rehash:1=3; 
Previous 9: main:h:1=7; main:hash:1=10; main:rehash:1=3; 
Previous 10: main:h:1=2; main:hash:1=5; main:rehash:1=3; 
Previous 11: main:h:1=100; main:hash:1=25; main:rehash:1=5; 
Previous 12: main:h:1=0; main:hash:1=2; main:rehash:1=1; 
Previous 13: main:h:1=0; main:hash:1=5; main:rehash:1=1; 
Previous 14: main:h:1=0; main:hash:1=1; main:rehash:1=1; 
Previous 15: main:h:1=1; main:hash:1=5; main:rehash:1=5; 
Previous 16: main:h:1=12; main:hash:1=3; main:rehash:1=3; 
Previous 17: main:h:1=0; main:hash:1=3; main:rehash:1=1; 
Previous 18: main:h:1=5; main:hash:1=5; main:rehash:1=1; 
Previous 19: main:h:1=10; main:hash:1=10; main:rehash:1=5; 
Previous 20: main:h:1=8; main:hash:1=9; main:rehash:1=4; 
Previous 21: main:h:1=4; main:hash:1=4; main:rehash:1=2; 
Previous 22: main:h:1=10; main:hash:1=10; main:rehash:1=2; 
Previous 23: main:h:1=20; main:hash:1=10; main:rehash:1=10; 
Previous 24: main:h:1=4; main:hash:1=5; main:rehash:1=2; 
Previous 25: main:h:1=7; main:hash:1=4; main:rehash:1=1; 
Previous 26: main:h:1=2; main:hash:1=3; main:rehash:1=1; 
Previous 27: main:h:1=0; main:hash:1=10; main:rehash:1=1; 
Previous 28: main:h:1=5; main:hash:1=10; main:rehash:1=5; 
Previous 29: main:h:1=0; main:hash:1=7; main:rehash:1=1; 

Program:
extern int __VERIFIER_nondet_int(void);
/*
Commit Number: fa741cd4fffbbaa5d4ba9a15f53550ac7817cc92
URL: https://github.com/behdad/fontconfig/commit/fa741cd4fffbbaa5d4ba9a15f53550ac7817cc92
Project Name: fontconfig
License: MIT
termination: FALSE
*/
int main()
{
    int h = __VERIFIER_nondet_int();
    int hash = __VERIFIER_nondet_int();
    int rehash = __VERIFIER_nondet_int();
    if( h < 0 || hash <= 0 || rehash <= 0 || rehash > hash)
        return 0;
    int i = h % hash;
    int r;
    while( i < hash )
    {
        if( !r ) r = h % rehash;
        i += r;
    }
    return 0;
}

"
32,NT,"main:h:1=12
main:hash:1=5
main:rehash:1=3
",,COMPLETED,T,false,,"You generate concrete values for nondeterministic inputs in a C/C++ program.
Your goal is to produce ONE complete assignment set that is likely to make the program not terminate.

Important rules:
1. Return a value for EVERY listed nondeterministic input ID.
2. Use each ID exactly once.
3. Respect the declared C/C++ type.
4. For an array, return the value as an array containing exactly the required number of elements.
5. For char arrays, each element must be exactly one character. Return the character itself without C single quotes.
6. Prefer small-magnitude values unless larger values are necessary to achieve the requested execution behavior.

Nondeterministic inputs:
- id: main:h:1, type: int
- id: main:hash:1, type: int
- id: main:rehash:1, type: int

Previously generated assignment sets are listed below. Generate a materially different set and do not duplicate any of them.
Previous 1: main:h:1=5; main:hash:1=7; main:rehash:1=3; 
Previous 2: main:h:1=6; main:hash:1=10; main:rehash:1=4; 
Previous 3: main:h:1=1; main:hash:1=3; main:rehash:1=2; 
Previous 4: main:h:1=2; main:hash:1=4; main:rehash:1=3; 
Previous 5: main:h:1=6; main:hash:1=5; main:rehash:1=4; 
Previous 6: main:h:1=3; main:hash:1=5; main:rehash:1=4; 
Previous 7: main:h:1=4; main:hash:1=9; main:rehash:1=5; 
Previous 8: main:h:1=4; main:hash:1=7; main:rehash:1=3; 
Previous 9: main:h:1=7; main:hash:1=10; main:rehash:1=3; 
Previous 10: main:h:1=2; main:hash:1=5; main:rehash:1=3; 
Previous 11: main:h:1=100; main:hash:1=25; main:rehash:1=5; 
Previous 12: main:h:1=0; main:hash:1=2; main:rehash:1=1; 
Previous 13: main:h:1=0; main:hash:1=5; main:rehash:1=1; 
Previous 14: main:h:1=0; main:hash:1=1; main:rehash:1=1; 
Previous 15: main:h:1=1; main:hash:1=5; main:rehash:1=5; 
Previous 16: main:h:1=12; main:hash:1=3; main:rehash:1=3; 
Previous 17: main:h:1=0; main:hash:1=3; main:rehash:1=1; 
Previous 18: main:h:1=5; main:hash:1=5; main:rehash:1=1; 
Previous 19: main:h:1=10; main:hash:1=10; main:rehash:1=5; 
Previous 20: main:h:1=8; main:hash:1=9; main:rehash:1=4; 
Previous 21: main:h:1=4; main:hash:1=4; main:rehash:1=2; 
Previous 22: main:h:1=10; main:hash:1=10; main:rehash:1=2; 
Previous 23: main:h:1=20; main:hash:1=10; main:rehash:1=10; 
Previous 24: main:h:1=4; main:hash:1=5; main:rehash:1=2; 
Previous 25: main:h:1=7; main:hash:1=4; main:rehash:1=1; 
Previous 26: main:h:1=2; main:hash:1=3; main:rehash:1=1; 
Previous 27: main:h:1=0; main:hash:1=10; main:rehash:1=1; 
Previous 28: main:h:1=5; main:hash:1=10; main:rehash:1=5; 
Previous 29: main:h:1=0; main:hash:1=7; main:rehash:1=1; 
Previous 30: main:h:1=0; main:hash:1=2; main:rehash:1=2; 

Program:
extern int __VERIFIER_nondet_int(void);
/*
Commit Number: fa741cd4fffbbaa5d4ba9a15f53550ac7817cc92
URL: https://github.com/behdad/fontconfig/commit/fa741cd4fffbbaa5d4ba9a15f53550ac7817cc92
Project Name: fontconfig
License: MIT
termination: FALSE
*/
int main()
{
    int h = __VERIFIER_nondet_int();
    int hash = __VERIFIER_nondet_int();
    int rehash = __VERIFIER_nondet_int();
    if( h < 0 || hash <= 0 || rehash <= 0 || rehash > hash)
        return 0;
    int i = h % hash;
    int r;
    while( i < hash )
    {
        if( !r ) r = h % rehash;
        i += r;
    }
    return 0;
}

"
33,NT,"main:h:1=0
main:hash:1=10
main:rehash:1=5
",,COMPLETED,T,false,,"You generate concrete values for nondeterministic inputs in a C/C++ program.
Your goal is to produce ONE complete assignment set that is likely to make the program not terminate.

Important rules:
1. Return a value for EVERY listed nondeterministic input ID.
2. Use each ID exactly once.
3. Respect the declared C/C++ type.
4. For an array, return the value as an array containing exactly the required number of elements.
5. For char arrays, each element must be exactly one character. Return the character itself without C single quotes.
6. Prefer small-magnitude values unless larger values are necessary to achieve the requested execution behavior.

Nondeterministic inputs:
- id: main:h:1, type: int
- id: main:hash:1, type: int
- id: main:rehash:1, type: int

Previously generated assignment sets are listed below. Generate a materially different set and do not duplicate any of them.
Previous 1: main:h:1=5; main:hash:1=7; main:rehash:1=3; 
Previous 2: main:h:1=6; main:hash:1=10; main:rehash:1=4; 
Previous 3: main:h:1=1; main:hash:1=3; main:rehash:1=2; 
Previous 4: main:h:1=2; main:hash:1=4; main:rehash:1=3; 
Previous 5: main:h:1=6; main:hash:1=5; main:rehash:1=4; 
Previous 6: main:h:1=3; main:hash:1=5; main:rehash:1=4; 
Previous 7: main:h:1=4; main:hash:1=9; main:rehash:1=5; 
Previous 8: main:h:1=4; main:hash:1=7; main:rehash:1=3; 
Previous 9: main:h:1=7; main:hash:1=10; main:rehash:1=3; 
Previous 10: main:h:1=2; main:hash:1=5; main:rehash:1=3; 
Previous 11: main:h:1=100; main:hash:1=25; main:rehash:1=5; 
Previous 12: main:h:1=0; main:hash:1=2; main:rehash:1=1; 
Previous 13: main:h:1=0; main:hash:1=5; main:rehash:1=1; 
Previous 14: main:h:1=0; main:hash:1=1; main:rehash:1=1; 
Previous 15: main:h:1=1; main:hash:1=5; main:rehash:1=5; 
Previous 16: main:h:1=12; main:hash:1=3; main:rehash:1=3; 
Previous 17: main:h:1=0; main:hash:1=3; main:rehash:1=1; 
Previous 18: main:h:1=5; main:hash:1=5; main:rehash:1=1; 
Previous 19: main:h:1=10; main:hash:1=10; main:rehash:1=5; 
Previous 20: main:h:1=8; main:hash:1=9; main:rehash:1=4; 
Previous 21: main:h:1=4; main:hash:1=4; main:rehash:1=2; 
Previous 22: main:h:1=10; main:hash:1=10; main:rehash:1=2; 
Previous 23: main:h:1=20; main:hash:1=10; main:rehash:1=10; 
Previous 24: main:h:1=4; main:hash:1=5; main:rehash:1=2; 
Previous 25: main:h:1=7; main:hash:1=4; main:rehash:1=1; 
Previous 26: main:h:1=2; main:hash:1=3; main:rehash:1=1; 
Previous 27: main:h:1=0; main:hash:1=10; main:rehash:1=1; 
Previous 28: main:h:1=5; main:hash:1=10; main:rehash:1=5; 
Previous 29: main:h:1=0; main:hash:1=7; main:rehash:1=1; 
Previous 30: main:h:1=0; main:hash:1=2; main:rehash:1=2; 
Previous 31: main:h:1=12; main:hash:1=5; main:rehash:1=3; 

Program:
extern int __VERIFIER_nondet_int(void);
/*
Commit Number: fa741cd4fffbbaa5d4ba9a15f53550ac7817cc92
URL: https://github.com/behdad/fontconfig/commit/fa741cd4fffbbaa5d4ba9a15f53550ac7817cc92
Project Name: fontconfig
License: MIT
termination: FALSE
*/
int main()
{
    int h = __VERIFIER_nondet_int();
    int hash = __VERIFIER_nondet_int();
    int rehash = __VERIFIER_nondet_int();
    if( h < 0 || hash <= 0 || rehash <= 0 || rehash > hash)
        return 0;
    int i = h % hash;
    int r;
    while( i < hash )
    {
        if( !r ) r = h % rehash;
        i += r;
    }
    return 0;
}

"
34,NT,"main:h:1=8
main:hash:1=4
main:rehash:1=1
",,COMPLETED,T,false,,"You generate concrete values for nondeterministic inputs in a C/C++ program.
Your goal is to produce ONE complete assignment set that is likely to make the program not terminate.

Important rules:
1. Return a value for EVERY listed nondeterministic input ID.
2. Use each ID exactly once.
3. Respect the declared C/C++ type.
4. For an array, return the value as an array containing exactly the required number of elements.
5. For char arrays, each element must be exactly one character. Return the character itself without C single quotes.
6. Prefer small-magnitude values unless larger values are necessary to achieve the requested execution behavior.

Nondeterministic inputs:
- id: main:h:1, type: int
- id: main:hash:1, type: int
- id: main:rehash:1, type: int

Previously generated assignment sets are listed below. Generate a materially different set and do not duplicate any of them.
Previous 1: main:h:1=5; main:hash:1=7; main:rehash:1=3; 
Previous 2: main:h:1=6; main:hash:1=10; main:rehash:1=4; 
Previous 3: main:h:1=1; main:hash:1=3; main:rehash:1=2; 
Previous 4: main:h:1=2; main:hash:1=4; main:rehash:1=3; 
Previous 5: main:h:1=6; main:hash:1=5; main:rehash:1=4; 
Previous 6: main:h:1=3; main:hash:1=5; main:rehash:1=4; 
Previous 7: main:h:1=4; main:hash:1=9; main:rehash:1=5; 
Previous 8: main:h:1=4; main:hash:1=7; main:rehash:1=3; 
Previous 9: main:h:1=7; main:hash:1=10; main:rehash:1=3; 
Previous 10: main:h:1=2; main:hash:1=5; main:rehash:1=3; 
Previous 11: main:h:1=100; main:hash:1=25; main:rehash:1=5; 
Previous 12: main:h:1=0; main:hash:1=2; main:rehash:1=1; 
Previous 13: main:h:1=0; main:hash:1=5; main:rehash:1=1; 
Previous 14: main:h:1=0; main:hash:1=1; main:rehash:1=1; 
Previous 15: main:h:1=1; main:hash:1=5; main:rehash:1=5; 
Previous 16: main:h:1=12; main:hash:1=3; main:rehash:1=3; 
Previous 17: main:h:1=0; main:hash:1=3; main:rehash:1=1; 
Previous 18: main:h:1=5; main:hash:1=5; main:rehash:1=1; 
Previous 19: main:h:1=10; main:hash:1=10; main:rehash:1=5; 
Previous 20: main:h:1=8; main:hash:1=9; main:rehash:1=4; 
Previous 21: main:h:1=4; main:hash:1=4; main:rehash:1=2; 
Previous 22: main:h:1=10; main:hash:1=10; main:rehash:1=2; 
Previous 23: main:h:1=20; main:hash:1=10; main:rehash:1=10; 
Previous 24: main:h:1=4; main:hash:1=5; main:rehash:1=2; 
Previous 25: main:h:1=7; main:hash:1=4; main:rehash:1=1; 
Previous 26: main:h:1=2; main:hash:1=3; main:rehash:1=1; 
Previous 27: main:h:1=0; main:hash:1=10; main:rehash:1=1; 
Previous 28: main:h:1=5; main:hash:1=10; main:rehash:1=5; 
Previous 29: main:h:1=0; main:hash:1=7; main:rehash:1=1; 
Previous 30: main:h:1=0; main:hash:1=2; main:rehash:1=2; 
Previous 31: main:h:1=12; main:hash:1=5; main:rehash:1=3; 
Previous 32: main:h:1=0; main:hash:1=10; main:rehash:1=5; 

Program:
extern int __VERIFIER_nondet_int(void);
/*
Commit Number: fa741cd4fffbbaa5d4ba9a15f53550ac7817cc92
URL: https://github.com/behdad/fontconfig/commit/fa741cd4fffbbaa5d4ba9a15f53550ac7817cc92
Project Name: fontconfig
License: MIT
termination: FALSE
*/
int main()
{
    int h = __VERIFIER_nondet_int();
    int hash = __VERIFIER_nondet_int();
    int rehash = __VERIFIER_nondet_int();
    if( h < 0 || hash <= 0 || rehash <= 0 || rehash > hash)
        return 0;
    int i = h % hash;
    int r;
    while( i < hash )
    {
        if( !r ) r = h % rehash;
        i += r;
    }
    return 0;
}

"
35,NT,"main:h:1=2
main:hash:1=3
main:rehash:1=5
",,COMPLETED,T,false,,"You generate concrete values for nondeterministic inputs in a C/C++ program.
Your goal is to produce ONE complete assignment set that is likely to make the program not terminate.

Important rules:
1. Return a value for EVERY listed nondeterministic input ID.
2. Use each ID exactly once.
3. Respect the declared C/C++ type.
4. For an array, return the value as an array containing exactly the required number of elements.
5. For char arrays, each element must be exactly one character. Return the character itself without C single quotes.
6. Prefer small-magnitude values unless larger values are necessary to achieve the requested execution behavior.

Nondeterministic inputs:
- id: main:h:1, type: int
- id: main:hash:1, type: int
- id: main:rehash:1, type: int

Previously generated assignment sets are listed below. Generate a materially different set and do not duplicate any of them.
Previous 1: main:h:1=5; main:hash:1=7; main:rehash:1=3; 
Previous 2: main:h:1=6; main:hash:1=10; main:rehash:1=4; 
Previous 3: main:h:1=1; main:hash:1=3; main:rehash:1=2; 
Previous 4: main:h:1=2; main:hash:1=4; main:rehash:1=3; 
Previous 5: main:h:1=6; main:hash:1=5; main:rehash:1=4; 
Previous 6: main:h:1=3; main:hash:1=5; main:rehash:1=4; 
Previous 7: main:h:1=4; main:hash:1=9; main:rehash:1=5; 
Previous 8: main:h:1=4; main:hash:1=7; main:rehash:1=3; 
Previous 9: main:h:1=7; main:hash:1=10; main:rehash:1=3; 
Previous 10: main:h:1=2; main:hash:1=5; main:rehash:1=3; 
Previous 11: main:h:1=100; main:hash:1=25; main:rehash:1=5; 
Previous 12: main:h:1=0; main:hash:1=2; main:rehash:1=1; 
Previous 13: main:h:1=0; main:hash:1=5; main:rehash:1=1; 
Previous 14: main:h:1=0; main:hash:1=1; main:rehash:1=1; 
Previous 15: main:h:1=1; main:hash:1=5; main:rehash:1=5; 
Previous 16: main:h:1=12; main:hash:1=3; main:rehash:1=3; 
Previous 17: main:h:1=0; main:hash:1=3; main:rehash:1=1; 
Previous 18: main:h:1=5; main:hash:1=5; main:rehash:1=1; 
Previous 19: main:h:1=10; main:hash:1=10; main:rehash:1=5; 
Previous 20: main:h:1=8; main:hash:1=9; main:rehash:1=4; 
Previous 21: main:h:1=4; main:hash:1=4; main:rehash:1=2; 
Previous 22: main:h:1=10; main:hash:1=10; main:rehash:1=2; 
Previous 23: main:h:1=20; main:hash:1=10; main:rehash:1=10; 
Previous 24: main:h:1=4; main:hash:1=5; main:rehash:1=2; 
Previous 25: main:h:1=7; main:hash:1=4; main:rehash:1=1; 
Previous 26: main:h:1=2; main:hash:1=3; main:rehash:1=1; 
Previous 27: main:h:1=0; main:hash:1=10; main:rehash:1=1; 
Previous 28: main:h:1=5; main:hash:1=10; main:rehash:1=5; 
Previous 29: main:h:1=0; main:hash:1=7; main:rehash:1=1; 
Previous 30: main:h:1=0; main:hash:1=2; main:rehash:1=2; 
Previous 31: main:h:1=12; main:hash:1=5; main:rehash:1=3; 
Previous 32: main:h:1=0; main:hash:1=10; main:rehash:1=5; 
Previous 33: main:h:1=8; main:hash:1=4; main:rehash:1=1; 

Program:
extern int __VERIFIER_nondet_int(void);
/*
Commit Number: fa741cd4fffbbaa5d4ba9a15f53550ac7817cc92
URL: https://github.com/behdad/fontconfig/commit/fa741cd4fffbbaa5d4ba9a15f53550ac7817cc92
Project Name: fontconfig
License: MIT
termination: FALSE
*/
int main()
{
    int h = __VERIFIER_nondet_int();
    int hash = __VERIFIER_nondet_int();
    int rehash = __VERIFIER_nondet_int();
    if( h < 0 || hash <= 0 || rehash <= 0 || rehash > hash)
        return 0;
    int i = h % hash;
    int r;
    while( i < hash )
    {
        if( !r ) r = h % rehash;
        i += r;
    }
    return 0;
}

"
36,NT,"main:h:1=6
main:hash:1=2
main:rehash:1=2
",,COMPLETED,T,false,,"You generate concrete values for nondeterministic inputs in a C/C++ program.
Your goal is to produce ONE complete assignment set that is likely to make the program not terminate.

Important rules:
1. Return a value for EVERY listed nondeterministic input ID.
2. Use each ID exactly once.
3. Respect the declared C/C++ type.
4. For an array, return the value as an array containing exactly the required number of elements.
5. For char arrays, each element must be exactly one character. Return the character itself without C single quotes.
6. Prefer small-magnitude values unless larger values are necessary to achieve the requested execution behavior.

Nondeterministic inputs:
- id: main:h:1, type: int
- id: main:hash:1, type: int
- id: main:rehash:1, type: int

Previously generated assignment sets are listed below. Generate a materially different set and do not duplicate any of them.
Previous 1: main:h:1=5; main:hash:1=7; main:rehash:1=3; 
Previous 2: main:h:1=6; main:hash:1=10; main:rehash:1=4; 
Previous 3: main:h:1=1; main:hash:1=3; main:rehash:1=2; 
Previous 4: main:h:1=2; main:hash:1=4; main:rehash:1=3; 
Previous 5: main:h:1=6; main:hash:1=5; main:rehash:1=4; 
Previous 6: main:h:1=3; main:hash:1=5; main:rehash:1=4; 
Previous 7: main:h:1=4; main:hash:1=9; main:rehash:1=5; 
Previous 8: main:h:1=4; main:hash:1=7; main:rehash:1=3; 
Previous 9: main:h:1=7; main:hash:1=10; main:rehash:1=3; 
Previous 10: main:h:1=2; main:hash:1=5; main:rehash:1=3; 
Previous 11: main:h:1=100; main:hash:1=25; main:rehash:1=5; 
Previous 12: main:h:1=0; main:hash:1=2; main:rehash:1=1; 
Previous 13: main:h:1=0; main:hash:1=5; main:rehash:1=1; 
Previous 14: main:h:1=0; main:hash:1=1; main:rehash:1=1; 
Previous 15: main:h:1=1; main:hash:1=5; main:rehash:1=5; 
Previous 16: main:h:1=12; main:hash:1=3; main:rehash:1=3; 
Previous 17: main:h:1=0; main:hash:1=3; main:rehash:1=1; 
Previous 18: main:h:1=5; main:hash:1=5; main:rehash:1=1; 
Previous 19: main:h:1=10; main:hash:1=10; main:rehash:1=5; 
Previous 20: main:h:1=8; main:hash:1=9; main:rehash:1=4; 
Previous 21: main:h:1=4; main:hash:1=4; main:rehash:1=2; 
Previous 22: main:h:1=10; main:hash:1=10; main:rehash:1=2; 
Previous 23: main:h:1=20; main:hash:1=10; main:rehash:1=10; 
Previous 24: main:h:1=4; main:hash:1=5; main:rehash:1=2; 
Previous 25: main:h:1=7; main:hash:1=4; main:rehash:1=1; 
Previous 26: main:h:1=2; main:hash:1=3; main:rehash:1=1; 
Previous 27: main:h:1=0; main:hash:1=10; main:rehash:1=1; 
Previous 28: main:h:1=5; main:hash:1=10; main:rehash:1=5; 
Previous 29: main:h:1=0; main:hash:1=7; main:rehash:1=1; 
Previous 30: main:h:1=0; main:hash:1=2; main:rehash:1=2; 
Previous 31: main:h:1=12; main:hash:1=5; main:rehash:1=3; 
Previous 32: main:h:1=0; main:hash:1=10; main:rehash:1=5; 
Previous 33: main:h:1=8; main:hash:1=4; main:rehash:1=1; 
Previous 34: main:h:1=2; main:hash:1=3; main:rehash:1=5; 

Program:
extern int __VERIFIER_nondet_int(void);
/*
Commit Number: fa741cd4fffbbaa5d4ba9a15f53550ac7817cc92
URL: https://github.com/behdad/fontconfig/commit/fa741cd4fffbbaa5d4ba9a15f53550ac7817cc92
Project Name: fontconfig
License: MIT
termination: FALSE
*/
int main()
{
    int h = __VERIFIER_nondet_int();
    int hash = __VERIFIER_nondet_int();
    int rehash = __VERIFIER_nondet_int();
    if( h < 0 || hash <= 0 || rehash <= 0 || rehash > hash)
        return 0;
    int i = h % hash;
    int r;
    while( i < hash )
    {
        if( !r ) r = h % rehash;
        i += r;
    }
    return 0;
}

"
37,NT,"main:h:1=1
main:hash:1=2
main:rehash:1=1
",,COMPLETED,T,false,,"You generate concrete values for nondeterministic inputs in a C/C++ program.
Your goal is to produce ONE complete assignment set that is likely to make the program not terminate.

Important rules:
1. Return a value for EVERY listed nondeterministic input ID.
2. Use each ID exactly once.
3. Respect the declared C/C++ type.
4. For an array, return the value as an array containing exactly the required number of elements.
5. For char arrays, each element must be exactly one character. Return the character itself without C single quotes.
6. Prefer small-magnitude values unless larger values are necessary to achieve the requested execution behavior.

Nondeterministic inputs:
- id: main:h:1, type: int
- id: main:hash:1, type: int
- id: main:rehash:1, type: int

Previously generated assignment sets are listed below. Generate a materially different set and do not duplicate any of them.
Previous 1: main:h:1=5; main:hash:1=7; main:rehash:1=3; 
Previous 2: main:h:1=6; main:hash:1=10; main:rehash:1=4; 
Previous 3: main:h:1=1; main:hash:1=3; main:rehash:1=2; 
Previous 4: main:h:1=2; main:hash:1=4; main:rehash:1=3; 
Previous 5: main:h:1=6; main:hash:1=5; main:rehash:1=4; 
Previous 6: main:h:1=3; main:hash:1=5; main:rehash:1=4; 
Previous 7: main:h:1=4; main:hash:1=9; main:rehash:1=5; 
Previous 8: main:h:1=4; main:hash:1=7; main:rehash:1=3; 
Previous 9: main:h:1=7; main:hash:1=10; main:rehash:1=3; 
Previous 10: main:h:1=2; main:hash:1=5; main:rehash:1=3; 
Previous 11: main:h:1=100; main:hash:1=25; main:rehash:1=5; 
Previous 12: main:h:1=0; main:hash:1=2; main:rehash:1=1; 
Previous 13: main:h:1=0; main:hash:1=5; main:rehash:1=1; 
Previous 14: main:h:1=0; main:hash:1=1; main:rehash:1=1; 
Previous 15: main:h:1=1; main:hash:1=5; main:rehash:1=5; 
Previous 16: main:h:1=12; main:hash:1=3; main:rehash:1=3; 
Previous 17: main:h:1=0; main:hash:1=3; main:rehash:1=1; 
Previous 18: main:h:1=5; main:hash:1=5; main:rehash:1=1; 
Previous 19: main:h:1=10; main:hash:1=10; main:rehash:1=5; 
Previous 20: main:h:1=8; main:hash:1=9; main:rehash:1=4; 
Previous 21: main:h:1=4; main:hash:1=4; main:rehash:1=2; 
Previous 22: main:h:1=10; main:hash:1=10; main:rehash:1=2; 
Previous 23: main:h:1=20; main:hash:1=10; main:rehash:1=10; 
Previous 24: main:h:1=4; main:hash:1=5; main:rehash:1=2; 
Previous 25: main:h:1=7; main:hash:1=4; main:rehash:1=1; 
Previous 26: main:h:1=2; main:hash:1=3; main:rehash:1=1; 
Previous 27: main:h:1=0; main:hash:1=10; main:rehash:1=1; 
Previous 28: main:h:1=5; main:hash:1=10; main:rehash:1=5; 
Previous 29: main:h:1=0; main:hash:1=7; main:rehash:1=1; 
Previous 30: main:h:1=0; main:hash:1=2; main:rehash:1=2; 
Previous 31: main:h:1=12; main:hash:1=5; main:rehash:1=3; 
Previous 32: main:h:1=0; main:hash:1=10; main:rehash:1=5; 
Previous 33: main:h:1=8; main:hash:1=4; main:rehash:1=1; 
Previous 34: main:h:1=2; main:hash:1=3; main:rehash:1=5; 
Previous 35: main:h:1=6; main:hash:1=2; main:rehash:1=2; 

Program:
extern int __VERIFIER_nondet_int(void);
/*
Commit Number: fa741cd4fffbbaa5d4ba9a15f53550ac7817cc92
URL: https://github.com/behdad/fontconfig/commit/fa741cd4fffbbaa5d4ba9a15f53550ac7817cc92
Project Name: fontconfig
License: MIT
termination: FALSE
*/
int main()
{
    int h = __VERIFIER_nondet_int();
    int hash = __VERIFIER_nondet_int();
    int rehash = __VERIFIER_nondet_int();
    if( h < 0 || hash <= 0 || rehash <= 0 || rehash > hash)
        return 0;
    int i = h % hash;
    int r;
    while( i < hash )
    {
        if( !r ) r = h % rehash;
        i += r;
    }
    return 0;
}

"
38,NT,"main:h:1=6
main:hash:1=3
main:rehash:1=3
",,COMPLETED,T,false,,"You generate concrete values for nondeterministic inputs in a C/C++ program.
Your goal is to produce ONE complete assignment set that is likely to make the program not terminate.

Important rules:
1. Return a value for EVERY listed nondeterministic input ID.
2. Use each ID exactly once.
3. Respect the declared C/C++ type.
4. For an array, return the value as an array containing exactly the required number of elements.
5. For char arrays, each element must be exactly one character. Return the character itself without C single quotes.
6. Prefer small-magnitude values unless larger values are necessary to achieve the requested execution behavior.

Nondeterministic inputs:
- id: main:h:1, type: int
- id: main:hash:1, type: int
- id: main:rehash:1, type: int

Previously generated assignment sets are listed below. Generate a materially different set and do not duplicate any of them.
Previous 1: main:h:1=5; main:hash:1=7; main:rehash:1=3; 
Previous 2: main:h:1=6; main:hash:1=10; main:rehash:1=4; 
Previous 3: main:h:1=1; main:hash:1=3; main:rehash:1=2; 
Previous 4: main:h:1=2; main:hash:1=4; main:rehash:1=3; 
Previous 5: main:h:1=6; main:hash:1=5; main:rehash:1=4; 
Previous 6: main:h:1=3; main:hash:1=5; main:rehash:1=4; 
Previous 7: main:h:1=4; main:hash:1=9; main:rehash:1=5; 
Previous 8: main:h:1=4; main:hash:1=7; main:rehash:1=3; 
Previous 9: main:h:1=7; main:hash:1=10; main:rehash:1=3; 
Previous 10: main:h:1=2; main:hash:1=5; main:rehash:1=3; 
Previous 11: main:h:1=100; main:hash:1=25; main:rehash:1=5; 
Previous 12: main:h:1=0; main:hash:1=2; main:rehash:1=1; 
Previous 13: main:h:1=0; main:hash:1=5; main:rehash:1=1; 
Previous 14: main:h:1=0; main:hash:1=1; main:rehash:1=1; 
Previous 15: main:h:1=1; main:hash:1=5; main:rehash:1=5; 
Previous 16: main:h:1=12; main:hash:1=3; main:rehash:1=3; 
Previous 17: main:h:1=0; main:hash:1=3; main:rehash:1=1; 
Previous 18: main:h:1=5; main:hash:1=5; main:rehash:1=1; 
Previous 19: main:h:1=10; main:hash:1=10; main:rehash:1=5; 
Previous 20: main:h:1=8; main:hash:1=9; main:rehash:1=4; 
Previous 21: main:h:1=4; main:hash:1=4; main:rehash:1=2; 
Previous 22: main:h:1=10; main:hash:1=10; main:rehash:1=2; 
Previous 23: main:h:1=20; main:hash:1=10; main:rehash:1=10; 
Previous 24: main:h:1=4; main:hash:1=5; main:rehash:1=2; 
Previous 25: main:h:1=7; main:hash:1=4; main:rehash:1=1; 
Previous 26: main:h:1=2; main:hash:1=3; main:rehash:1=1; 
Previous 27: main:h:1=0; main:hash:1=10; main:rehash:1=1; 
Previous 28: main:h:1=5; main:hash:1=10; main:rehash:1=5; 
Previous 29: main:h:1=0; main:hash:1=7; main:rehash:1=1; 
Previous 30: main:h:1=0; main:hash:1=2; main:rehash:1=2; 
Previous 31: main:h:1=12; main:hash:1=5; main:rehash:1=3; 
Previous 32: main:h:1=0; main:hash:1=10; main:rehash:1=5; 
Previous 33: main:h:1=8; main:hash:1=4; main:rehash:1=1; 
Previous 34: main:h:1=2; main:hash:1=3; main:rehash:1=5; 
Previous 35: main:h:1=6; main:hash:1=2; main:rehash:1=2; 
Previous 36: main:h:1=1; main:hash:1=2; main:rehash:1=1; 

Program:
extern int __VERIFIER_nondet_int(void);
/*
Commit Number: fa741cd4fffbbaa5d4ba9a15f53550ac7817cc92
URL: https://github.com/behdad/fontconfig/commit/fa741cd4fffbbaa5d4ba9a15f53550ac7817cc92
Project Name: fontconfig
License: MIT
termination: FALSE
*/
int main()
{
    int h = __VERIFIER_nondet_int();
    int hash = __VERIFIER_nondet_int();
    int rehash = __VERIFIER_nondet_int();
    if( h < 0 || hash <= 0 || rehash <= 0 || rehash > hash)
        return 0;
    int i = h % hash;
    int r;
    while( i < hash )
    {
        if( !r ) r = h % rehash;
        i += r;
    }
    return 0;
}

"
39,NT,"main:h:1=10
main:hash:1=5
main:rehash:1=5
",,COMPLETED,T,false,,"You generate concrete values for nondeterministic inputs in a C/C++ program.
Your goal is to produce ONE complete assignment set that is likely to make the program not terminate.

Important rules:
1. Return a value for EVERY listed nondeterministic input ID.
2. Use each ID exactly once.
3. Respect the declared C/C++ type.
4. For an array, return the value as an array containing exactly the required number of elements.
5. For char arrays, each element must be exactly one character. Return the character itself without C single quotes.
6. Prefer small-magnitude values unless larger values are necessary to achieve the requested execution behavior.

Nondeterministic inputs:
- id: main:h:1, type: int
- id: main:hash:1, type: int
- id: main:rehash:1, type: int

Previously generated assignment sets are listed below. Generate a materially different set and do not duplicate any of them.
Previous 1: main:h:1=5; main:hash:1=7; main:rehash:1=3; 
Previous 2: main:h:1=6; main:hash:1=10; main:rehash:1=4; 
Previous 3: main:h:1=1; main:hash:1=3; main:rehash:1=2; 
Previous 4: main:h:1=2; main:hash:1=4; main:rehash:1=3; 
Previous 5: main:h:1=6; main:hash:1=5; main:rehash:1=4; 
Previous 6: main:h:1=3; main:hash:1=5; main:rehash:1=4; 
Previous 7: main:h:1=4; main:hash:1=9; main:rehash:1=5; 
Previous 8: main:h:1=4; main:hash:1=7; main:rehash:1=3; 
Previous 9: main:h:1=7; main:hash:1=10; main:rehash:1=3; 
Previous 10: main:h:1=2; main:hash:1=5; main:rehash:1=3; 
Previous 11: main:h:1=100; main:hash:1=25; main:rehash:1=5; 
Previous 12: main:h:1=0; main:hash:1=2; main:rehash:1=1; 
Previous 13: main:h:1=0; main:hash:1=5; main:rehash:1=1; 
Previous 14: main:h:1=0; main:hash:1=1; main:rehash:1=1; 
Previous 15: main:h:1=1; main:hash:1=5; main:rehash:1=5; 
Previous 16: main:h:1=12; main:hash:1=3; main:rehash:1=3; 
Previous 17: main:h:1=0; main:hash:1=3; main:rehash:1=1; 
Previous 18: main:h:1=5; main:hash:1=5; main:rehash:1=1; 
Previous 19: main:h:1=10; main:hash:1=10; main:rehash:1=5; 
Previous 20: main:h:1=8; main:hash:1=9; main:rehash:1=4; 
Previous 21: main:h:1=4; main:hash:1=4; main:rehash:1=2; 
Previous 22: main:h:1=10; main:hash:1=10; main:rehash:1=2; 
Previous 23: main:h:1=20; main:hash:1=10; main:rehash:1=10; 
Previous 24: main:h:1=4; main:hash:1=5; main:rehash:1=2; 
Previous 25: main:h:1=7; main:hash:1=4; main:rehash:1=1; 
Previous 26: main:h:1=2; main:hash:1=3; main:rehash:1=1; 
Previous 27: main:h:1=0; main:hash:1=10; main:rehash:1=1; 
Previous 28: main:h:1=5; main:hash:1=10; main:rehash:1=5; 
Previous 29: main:h:1=0; main:hash:1=7; main:rehash:1=1; 
Previous 30: main:h:1=0; main:hash:1=2; main:rehash:1=2; 
Previous 31: main:h:1=12; main:hash:1=5; main:rehash:1=3; 
Previous 32: main:h:1=0; main:hash:1=10; main:rehash:1=5; 
Previous 33: main:h:1=8; main:hash:1=4; main:rehash:1=1; 
Previous 34: main:h:1=2; main:hash:1=3; main:rehash:1=5; 
Previous 35: main:h:1=6; main:hash:1=2; main:rehash:1=2; 
Previous 36: main:h:1=1; main:hash:1=2; main:rehash:1=1; 
Previous 37: main:h:1=6; main:hash:1=3; main:rehash:1=3; 

Program:
extern int __VERIFIER_nondet_int(void);
/*
Commit Number: fa741cd4fffbbaa5d4ba9a15f53550ac7817cc92
URL: https://github.com/behdad/fontconfig/commit/fa741cd4fffbbaa5d4ba9a15f53550ac7817cc92
Project Name: fontconfig
License: MIT
termination: FALSE
*/
int main()
{
    int h = __VERIFIER_nondet_int();
    int hash = __VERIFIER_nondet_int();
    int rehash = __VERIFIER_nondet_int();
    if( h < 0 || hash <= 0 || rehash <= 0 || rehash > hash)
        return 0;
    int i = h % hash;
    int r;
    while( i < hash )
    {
        if( !r ) r = h % rehash;
        i += r;
    }
    return 0;
}

"
40,NT,"main:h:1=1
main:hash:1=2
main:rehash:1=1
",,DUPLICATE,,false,,"You generate concrete values for nondeterministic inputs in a C/C++ program.
Your goal is to produce ONE complete assignment set that is likely to make the program not terminate.

Important rules:
1. Return a value for EVERY listed nondeterministic input ID.
2. Use each ID exactly once.
3. Respect the declared C/C++ type.
4. For an array, return the value as an array containing exactly the required number of elements.
5. For char arrays, each element must be exactly one character. Return the character itself without C single quotes.
6. Prefer small-magnitude values unless larger values are necessary to achieve the requested execution behavior.

Nondeterministic inputs:
- id: main:h:1, type: int
- id: main:hash:1, type: int
- id: main:rehash:1, type: int

Previously generated assignment sets are listed below. Generate a materially different set and do not duplicate any of them.
Previous 1: main:h:1=5; main:hash:1=7; main:rehash:1=3; 
Previous 2: main:h:1=6; main:hash:1=10; main:rehash:1=4; 
Previous 3: main:h:1=1; main:hash:1=3; main:rehash:1=2; 
Previous 4: main:h:1=2; main:hash:1=4; main:rehash:1=3; 
Previous 5: main:h:1=6; main:hash:1=5; main:rehash:1=4; 
Previous 6: main:h:1=3; main:hash:1=5; main:rehash:1=4; 
Previous 7: main:h:1=4; main:hash:1=9; main:rehash:1=5; 
Previous 8: main:h:1=4; main:hash:1=7; main:rehash:1=3; 
Previous 9: main:h:1=7; main:hash:1=10; main:rehash:1=3; 
Previous 10: main:h:1=2; main:hash:1=5; main:rehash:1=3; 
Previous 11: main:h:1=100; main:hash:1=25; main:rehash:1=5; 
Previous 12: main:h:1=0; main:hash:1=2; main:rehash:1=1; 
Previous 13: main:h:1=0; main:hash:1=5; main:rehash:1=1; 
Previous 14: main:h:1=0; main:hash:1=1; main:rehash:1=1; 
Previous 15: main:h:1=1; main:hash:1=5; main:rehash:1=5; 
Previous 16: main:h:1=12; main:hash:1=3; main:rehash:1=3; 
Previous 17: main:h:1=0; main:hash:1=3; main:rehash:1=1; 
Previous 18: main:h:1=5; main:hash:1=5; main:rehash:1=1; 
Previous 19: main:h:1=10; main:hash:1=10; main:rehash:1=5; 
Previous 20: main:h:1=8; main:hash:1=9; main:rehash:1=4; 
Previous 21: main:h:1=4; main:hash:1=4; main:rehash:1=2; 
Previous 22: main:h:1=10; main:hash:1=10; main:rehash:1=2; 
Previous 23: main:h:1=20; main:hash:1=10; main:rehash:1=10; 
Previous 24: main:h:1=4; main:hash:1=5; main:rehash:1=2; 
Previous 25: main:h:1=7; main:hash:1=4; main:rehash:1=1; 
Previous 26: main:h:1=2; main:hash:1=3; main:rehash:1=1; 
Previous 27: main:h:1=0; main:hash:1=10; main:rehash:1=1; 
Previous 28: main:h:1=5; main:hash:1=10; main:rehash:1=5; 
Previous 29: main:h:1=0; main:hash:1=7; main:rehash:1=1; 
Previous 30: main:h:1=0; main:hash:1=2; main:rehash:1=2; 
Previous 31: main:h:1=12; main:hash:1=5; main:rehash:1=3; 
Previous 32: main:h:1=0; main:hash:1=10; main:rehash:1=5; 
Previous 33: main:h:1=8; main:hash:1=4; main:rehash:1=1; 
Previous 34: main:h:1=2; main:hash:1=3; main:rehash:1=5; 
Previous 35: main:h:1=6; main:hash:1=2; main:rehash:1=2; 
Previous 36: main:h:1=1; main:hash:1=2; main:rehash:1=1; 
Previous 37: main:h:1=6; main:hash:1=3; main:rehash:1=3; 
Previous 38: main:h:1=10; main:hash:1=5; main:rehash:1=5; 

Program:
extern int __VERIFIER_nondet_int(void);
/*
Commit Number: fa741cd4fffbbaa5d4ba9a15f53550ac7817cc92
URL: https://github.com/behdad/fontconfig/commit/fa741cd4fffbbaa5d4ba9a15f53550ac7817cc92
Project Name: fontconfig
License: MIT
termination: FALSE
*/
int main()
{
    int h = __VERIFIER_nondet_int();
    int hash = __VERIFIER_nondet_int();
    int rehash = __VERIFIER_nondet_int();
    if( h < 0 || hash <= 0 || rehash <= 0 || rehash > hash)
        return 0;
    int i = h % hash;
    int r;
    while( i < hash )
    {
        if( !r ) r = h % rehash;
        i += r;
    }
    return 0;
}

"
41,NT,"main:h:1=0
main:hash:1=5
main:rehash:1=1
",,DUPLICATE,,false,,"You generate concrete values for nondeterministic inputs in a C/C++ program.
Your goal is to produce ONE complete assignment set that is likely to make the program not terminate.

Important rules:
1. Return a value for EVERY listed nondeterministic input ID.
2. Use each ID exactly once.
3. Respect the declared C/C++ type.
4. For an array, return the value as an array containing exactly the required number of elements.
5. For char arrays, each element must be exactly one character. Return the character itself without C single quotes.
6. Prefer small-magnitude values unless larger values are necessary to achieve the requested execution behavior.

Nondeterministic inputs:
- id: main:h:1, type: int
- id: main:hash:1, type: int
- id: main:rehash:1, type: int

Previously generated assignment sets are listed below. Generate a materially different set and do not duplicate any of them.
Previous 1: main:h:1=5; main:hash:1=7; main:rehash:1=3; 
Previous 2: main:h:1=6; main:hash:1=10; main:rehash:1=4; 
Previous 3: main:h:1=1; main:hash:1=3; main:rehash:1=2; 
Previous 4: main:h:1=2; main:hash:1=4; main:rehash:1=3; 
Previous 5: main:h:1=6; main:hash:1=5; main:rehash:1=4; 
Previous 6: main:h:1=3; main:hash:1=5; main:rehash:1=4; 
Previous 7: main:h:1=4; main:hash:1=9; main:rehash:1=5; 
Previous 8: main:h:1=4; main:hash:1=7; main:rehash:1=3; 
Previous 9: main:h:1=7; main:hash:1=10; main:rehash:1=3; 
Previous 10: main:h:1=2; main:hash:1=5; main:rehash:1=3; 
Previous 11: main:h:1=100; main:hash:1=25; main:rehash:1=5; 
Previous 12: main:h:1=0; main:hash:1=2; main:rehash:1=1; 
Previous 13: main:h:1=0; main:hash:1=5; main:rehash:1=1; 
Previous 14: main:h:1=0; main:hash:1=1; main:rehash:1=1; 
Previous 15: main:h:1=1; main:hash:1=5; main:rehash:1=5; 
Previous 16: main:h:1=12; main:hash:1=3; main:rehash:1=3; 
Previous 17: main:h:1=0; main:hash:1=3; main:rehash:1=1; 
Previous 18: main:h:1=5; main:hash:1=5; main:rehash:1=1; 
Previous 19: main:h:1=10; main:hash:1=10; main:rehash:1=5; 
Previous 20: main:h:1=8; main:hash:1=9; main:rehash:1=4; 
Previous 21: main:h:1=4; main:hash:1=4; main:rehash:1=2; 
Previous 22: main:h:1=10; main:hash:1=10; main:rehash:1=2; 
Previous 23: main:h:1=20; main:hash:1=10; main:rehash:1=10; 
Previous 24: main:h:1=4; main:hash:1=5; main:rehash:1=2; 
Previous 25: main:h:1=7; main:hash:1=4; main:rehash:1=1; 
Previous 26: main:h:1=2; main:hash:1=3; main:rehash:1=1; 
Previous 27: main:h:1=0; main:hash:1=10; main:rehash:1=1; 
Previous 28: main:h:1=5; main:hash:1=10; main:rehash:1=5; 
Previous 29: main:h:1=0; main:hash:1=7; main:rehash:1=1; 
Previous 30: main:h:1=0; main:hash:1=2; main:rehash:1=2; 
Previous 31: main:h:1=12; main:hash:1=5; main:rehash:1=3; 
Previous 32: main:h:1=0; main:hash:1=10; main:rehash:1=5; 
Previous 33: main:h:1=8; main:hash:1=4; main:rehash:1=1; 
Previous 34: main:h:1=2; main:hash:1=3; main:rehash:1=5; 
Previous 35: main:h:1=6; main:hash:1=2; main:rehash:1=2; 
Previous 36: main:h:1=1; main:hash:1=2; main:rehash:1=1; 
Previous 37: main:h:1=6; main:hash:1=3; main:rehash:1=3; 
Previous 38: main:h:1=10; main:hash:1=5; main:rehash:1=5; 

Program:
extern int __VERIFIER_nondet_int(void);
/*
Commit Number: fa741cd4fffbbaa5d4ba9a15f53550ac7817cc92
URL: https://github.com/behdad/fontconfig/commit/fa741cd4fffbbaa5d4ba9a15f53550ac7817cc92
Project Name: fontconfig
License: MIT
termination: FALSE
*/
int main()
{
    int h = __VERIFIER_nondet_int();
    int hash = __VERIFIER_nondet_int();
    int rehash = __VERIFIER_nondet_int();
    if( h < 0 || hash <= 0 || rehash <= 0 || rehash > hash)
        return 0;
    int i = h % hash;
    int r;
    while( i < hash )
    {
        if( !r ) r = h % rehash;
        i += r;
    }
    return 0;
}

"
42,NT,"main:h:1=-1
main:hash:1=5
main:rehash:1=3
",,COMPLETED,T,false,,"You generate concrete values for nondeterministic inputs in a C/C++ program.
Your goal is to produce ONE complete assignment set that is likely to make the program not terminate.

Important rules:
1. Return a value for EVERY listed nondeterministic input ID.
2. Use each ID exactly once.
3. Respect the declared C/C++ type.
4. For an array, return the value as an array containing exactly the required number of elements.
5. For char arrays, each element must be exactly one character. Return the character itself without C single quotes.
6. Prefer small-magnitude values unless larger values are necessary to achieve the requested execution behavior.

Nondeterministic inputs:
- id: main:h:1, type: int
- id: main:hash:1, type: int
- id: main:rehash:1, type: int

Previously generated assignment sets are listed below. Generate a materially different set and do not duplicate any of them.
Previous 1: main:h:1=5; main:hash:1=7; main:rehash:1=3; 
Previous 2: main:h:1=6; main:hash:1=10; main:rehash:1=4; 
Previous 3: main:h:1=1; main:hash:1=3; main:rehash:1=2; 
Previous 4: main:h:1=2; main:hash:1=4; main:rehash:1=3; 
Previous 5: main:h:1=6; main:hash:1=5; main:rehash:1=4; 
Previous 6: main:h:1=3; main:hash:1=5; main:rehash:1=4; 
Previous 7: main:h:1=4; main:hash:1=9; main:rehash:1=5; 
Previous 8: main:h:1=4; main:hash:1=7; main:rehash:1=3; 
Previous 9: main:h:1=7; main:hash:1=10; main:rehash:1=3; 
Previous 10: main:h:1=2; main:hash:1=5; main:rehash:1=3; 
Previous 11: main:h:1=100; main:hash:1=25; main:rehash:1=5; 
Previous 12: main:h:1=0; main:hash:1=2; main:rehash:1=1; 
Previous 13: main:h:1=0; main:hash:1=5; main:rehash:1=1; 
Previous 14: main:h:1=0; main:hash:1=1; main:rehash:1=1; 
Previous 15: main:h:1=1; main:hash:1=5; main:rehash:1=5; 
Previous 16: main:h:1=12; main:hash:1=3; main:rehash:1=3; 
Previous 17: main:h:1=0; main:hash:1=3; main:rehash:1=1; 
Previous 18: main:h:1=5; main:hash:1=5; main:rehash:1=1; 
Previous 19: main:h:1=10; main:hash:1=10; main:rehash:1=5; 
Previous 20: main:h:1=8; main:hash:1=9; main:rehash:1=4; 
Previous 21: main:h:1=4; main:hash:1=4; main:rehash:1=2; 
Previous 22: main:h:1=10; main:hash:1=10; main:rehash:1=2; 
Previous 23: main:h:1=20; main:hash:1=10; main:rehash:1=10; 
Previous 24: main:h:1=4; main:hash:1=5; main:rehash:1=2; 
Previous 25: main:h:1=7; main:hash:1=4; main:rehash:1=1; 
Previous 26: main:h:1=2; main:hash:1=3; main:rehash:1=1; 
Previous 27: main:h:1=0; main:hash:1=10; main:rehash:1=1; 
Previous 28: main:h:1=5; main:hash:1=10; main:rehash:1=5; 
Previous 29: main:h:1=0; main:hash:1=7; main:rehash:1=1; 
Previous 30: main:h:1=0; main:hash:1=2; main:rehash:1=2; 
Previous 31: main:h:1=12; main:hash:1=5; main:rehash:1=3; 
Previous 32: main:h:1=0; main:hash:1=10; main:rehash:1=5; 
Previous 33: main:h:1=8; main:hash:1=4; main:rehash:1=1; 
Previous 34: main:h:1=2; main:hash:1=3; main:rehash:1=5; 
Previous 35: main:h:1=6; main:hash:1=2; main:rehash:1=2; 
Previous 36: main:h:1=1; main:hash:1=2; main:rehash:1=1; 
Previous 37: main:h:1=6; main:hash:1=3; main:rehash:1=3; 
Previous 38: main:h:1=10; main:hash:1=5; main:rehash:1=5; 

Program:
extern int __VERIFIER_nondet_int(void);
/*
Commit Number: fa741cd4fffbbaa5d4ba9a15f53550ac7817cc92
URL: https://github.com/behdad/fontconfig/commit/fa741cd4fffbbaa5d4ba9a15f53550ac7817cc92
Project Name: fontconfig
License: MIT
termination: FALSE
*/
int main()
{
    int h = __VERIFIER_nondet_int();
    int hash = __VERIFIER_nondet_int();
    int rehash = __VERIFIER_nondet_int();
    if( h < 0 || hash <= 0 || rehash <= 0 || rehash > hash)
        return 0;
    int i = h % hash;
    int r;
    while( i < hash )
    {
        if( !r ) r = h % rehash;
        i += r;
    }
    return 0;
}

"
43,NT,"main:h:1=0
main:hash:1=1
main:rehash:1=1
",,DUPLICATE,,false,,"You generate concrete values for nondeterministic inputs in a C/C++ program.
Your goal is to produce ONE complete assignment set that is likely to make the program not terminate.

Important rules:
1. Return a value for EVERY listed nondeterministic input ID.
2. Use each ID exactly once.
3. Respect the declared C/C++ type.
4. For an array, return the value as an array containing exactly the required number of elements.
5. For char arrays, each element must be exactly one character. Return the character itself without C single quotes.
6. Prefer small-magnitude values unless larger values are necessary to achieve the requested execution behavior.

Nondeterministic inputs:
- id: main:h:1, type: int
- id: main:hash:1, type: int
- id: main:rehash:1, type: int

Previously generated assignment sets are listed below. Generate a materially different set and do not duplicate any of them.
Previous 1: main:h:1=5; main:hash:1=7; main:rehash:1=3; 
Previous 2: main:h:1=6; main:hash:1=10; main:rehash:1=4; 
Previous 3: main:h:1=1; main:hash:1=3; main:rehash:1=2; 
Previous 4: main:h:1=2; main:hash:1=4; main:rehash:1=3; 
Previous 5: main:h:1=6; main:hash:1=5; main:rehash:1=4; 
Previous 6: main:h:1=3; main:hash:1=5; main:rehash:1=4; 
Previous 7: main:h:1=4; main:hash:1=9; main:rehash:1=5; 
Previous 8: main:h:1=4; main:hash:1=7; main:rehash:1=3; 
Previous 9: main:h:1=7; main:hash:1=10; main:rehash:1=3; 
Previous 10: main:h:1=2; main:hash:1=5; main:rehash:1=3; 
Previous 11: main:h:1=100; main:hash:1=25; main:rehash:1=5; 
Previous 12: main:h:1=0; main:hash:1=2; main:rehash:1=1; 
Previous 13: main:h:1=0; main:hash:1=5; main:rehash:1=1; 
Previous 14: main:h:1=0; main:hash:1=1; main:rehash:1=1; 
Previous 15: main:h:1=1; main:hash:1=5; main:rehash:1=5; 
Previous 16: main:h:1=12; main:hash:1=3; main:rehash:1=3; 
Previous 17: main:h:1=0; main:hash:1=3; main:rehash:1=1; 
Previous 18: main:h:1=5; main:hash:1=5; main:rehash:1=1; 
Previous 19: main:h:1=10; main:hash:1=10; main:rehash:1=5; 
Previous 20: main:h:1=8; main:hash:1=9; main:rehash:1=4; 
Previous 21: main:h:1=4; main:hash:1=4; main:rehash:1=2; 
Previous 22: main:h:1=10; main:hash:1=10; main:rehash:1=2; 
Previous 23: main:h:1=20; main:hash:1=10; main:rehash:1=10; 
Previous 24: main:h:1=4; main:hash:1=5; main:rehash:1=2; 
Previous 25: main:h:1=7; main:hash:1=4; main:rehash:1=1; 
Previous 26: main:h:1=2; main:hash:1=3; main:rehash:1=1; 
Previous 27: main:h:1=0; main:hash:1=10; main:rehash:1=1; 
Previous 28: main:h:1=5; main:hash:1=10; main:rehash:1=5; 
Previous 29: main:h:1=0; main:hash:1=7; main:rehash:1=1; 
Previous 30: main:h:1=0; main:hash:1=2; main:rehash:1=2; 
Previous 31: main:h:1=12; main:hash:1=5; main:rehash:1=3; 
Previous 32: main:h:1=0; main:hash:1=10; main:rehash:1=5; 
Previous 33: main:h:1=8; main:hash:1=4; main:rehash:1=1; 
Previous 34: main:h:1=2; main:hash:1=3; main:rehash:1=5; 
Previous 35: main:h:1=6; main:hash:1=2; main:rehash:1=2; 
Previous 36: main:h:1=1; main:hash:1=2; main:rehash:1=1; 
Previous 37: main:h:1=6; main:hash:1=3; main:rehash:1=3; 
Previous 38: main:h:1=10; main:hash:1=5; main:rehash:1=5; 
Previous 39: main:h:1=-1; main:hash:1=5; main:rehash:1=3; 

Program:
extern int __VERIFIER_nondet_int(void);
/*
Commit Number: fa741cd4fffbbaa5d4ba9a15f53550ac7817cc92
URL: https://github.com/behdad/fontconfig/commit/fa741cd4fffbbaa5d4ba9a15f53550ac7817cc92
Project Name: fontconfig
License: MIT
termination: FALSE
*/
int main()
{
    int h = __VERIFIER_nondet_int();
    int hash = __VERIFIER_nondet_int();
    int rehash = __VERIFIER_nondet_int();
    if( h < 0 || hash <= 0 || rehash <= 0 || rehash > hash)
        return 0;
    int i = h % hash;
    int r;
    while( i < hash )
    {
        if( !r ) r = h % rehash;
        i += r;
    }
    return 0;
}

"
44,NT,"main:h:1=0
main:hash:1=2
main:rehash:1=2
",,DUPLICATE,,false,,"You generate concrete values for nondeterministic inputs in a C/C++ program.
Your goal is to produce ONE complete assignment set that is likely to make the program not terminate.

Important rules:
1. Return a value for EVERY listed nondeterministic input ID.
2. Use each ID exactly once.
3. Respect the declared C/C++ type.
4. For an array, return the value as an array containing exactly the required number of elements.
5. For char arrays, each element must be exactly one character. Return the character itself without C single quotes.
6. Prefer small-magnitude values unless larger values are necessary to achieve the requested execution behavior.

Nondeterministic inputs:
- id: main:h:1, type: int
- id: main:hash:1, type: int
- id: main:rehash:1, type: int

Previously generated assignment sets are listed below. Generate a materially different set and do not duplicate any of them.
Previous 1: main:h:1=5; main:hash:1=7; main:rehash:1=3; 
Previous 2: main:h:1=6; main:hash:1=10; main:rehash:1=4; 
Previous 3: main:h:1=1; main:hash:1=3; main:rehash:1=2; 
Previous 4: main:h:1=2; main:hash:1=4; main:rehash:1=3; 
Previous 5: main:h:1=6; main:hash:1=5; main:rehash:1=4; 
Previous 6: main:h:1=3; main:hash:1=5; main:rehash:1=4; 
Previous 7: main:h:1=4; main:hash:1=9; main:rehash:1=5; 
Previous 8: main:h:1=4; main:hash:1=7; main:rehash:1=3; 
Previous 9: main:h:1=7; main:hash:1=10; main:rehash:1=3; 
Previous 10: main:h:1=2; main:hash:1=5; main:rehash:1=3; 
Previous 11: main:h:1=100; main:hash:1=25; main:rehash:1=5; 
Previous 12: main:h:1=0; main:hash:1=2; main:rehash:1=1; 
Previous 13: main:h:1=0; main:hash:1=5; main:rehash:1=1; 
Previous 14: main:h:1=0; main:hash:1=1; main:rehash:1=1; 
Previous 15: main:h:1=1; main:hash:1=5; main:rehash:1=5; 
Previous 16: main:h:1=12; main:hash:1=3; main:rehash:1=3; 
Previous 17: main:h:1=0; main:hash:1=3; main:rehash:1=1; 
Previous 18: main:h:1=5; main:hash:1=5; main:rehash:1=1; 
Previous 19: main:h:1=10; main:hash:1=10; main:rehash:1=5; 
Previous 20: main:h:1=8; main:hash:1=9; main:rehash:1=4; 
Previous 21: main:h:1=4; main:hash:1=4; main:rehash:1=2; 
Previous 22: main:h:1=10; main:hash:1=10; main:rehash:1=2; 
Previous 23: main:h:1=20; main:hash:1=10; main:rehash:1=10; 
Previous 24: main:h:1=4; main:hash:1=5; main:rehash:1=2; 
Previous 25: main:h:1=7; main:hash:1=4; main:rehash:1=1; 
Previous 26: main:h:1=2; main:hash:1=3; main:rehash:1=1; 
Previous 27: main:h:1=0; main:hash:1=10; main:rehash:1=1; 
Previous 28: main:h:1=5; main:hash:1=10; main:rehash:1=5; 
Previous 29: main:h:1=0; main:hash:1=7; main:rehash:1=1; 
Previous 30: main:h:1=0; main:hash:1=2; main:rehash:1=2; 
Previous 31: main:h:1=12; main:hash:1=5; main:rehash:1=3; 
Previous 32: main:h:1=0; main:hash:1=10; main:rehash:1=5; 
Previous 33: main:h:1=8; main:hash:1=4; main:rehash:1=1; 
Previous 34: main:h:1=2; main:hash:1=3; main:rehash:1=5; 
Previous 35: main:h:1=6; main:hash:1=2; main:rehash:1=2; 
Previous 36: main:h:1=1; main:hash:1=2; main:rehash:1=1; 
Previous 37: main:h:1=6; main:hash:1=3; main:rehash:1=3; 
Previous 38: main:h:1=10; main:hash:1=5; main:rehash:1=5; 
Previous 39: main:h:1=-1; main:hash:1=5; main:rehash:1=3; 

Program:
extern int __VERIFIER_nondet_int(void);
/*
Commit Number: fa741cd4fffbbaa5d4ba9a15f53550ac7817cc92
URL: https://github.com/behdad/fontconfig/commit/fa741cd4fffbbaa5d4ba9a15f53550ac7817cc92
Project Name: fontconfig
License: MIT
termination: FALSE
*/
int main()
{
    int h = __VERIFIER_nondet_int();
    int hash = __VERIFIER_nondet_int();
    int rehash = __VERIFIER_nondet_int();
    if( h < 0 || hash <= 0 || rehash <= 0 || rehash > hash)
        return 0;
    int i = h % hash;
    int r;
    while( i < hash )
    {
        if( !r ) r = h % rehash;
        i += r;
    }
    return 0;
}

"
45,NT,"main:h:1=0
main:hash:1=10
main:rehash:1=5
",,DUPLICATE,,false,,"You generate concrete values for nondeterministic inputs in a C/C++ program.
Your goal is to produce ONE complete assignment set that is likely to make the program not terminate.

Important rules:
1. Return a value for EVERY listed nondeterministic input ID.
2. Use each ID exactly once.
3. Respect the declared C/C++ type.
4. For an array, return the value as an array containing exactly the required number of elements.
5. For char arrays, each element must be exactly one character. Return the character itself without C single quotes.
6. Prefer small-magnitude values unless larger values are necessary to achieve the requested execution behavior.

Nondeterministic inputs:
- id: main:h:1, type: int
- id: main:hash:1, type: int
- id: main:rehash:1, type: int

Previously generated assignment sets are listed below. Generate a materially different set and do not duplicate any of them.
Previous 1: main:h:1=5; main:hash:1=7; main:rehash:1=3; 
Previous 2: main:h:1=6; main:hash:1=10; main:rehash:1=4; 
Previous 3: main:h:1=1; main:hash:1=3; main:rehash:1=2; 
Previous 4: main:h:1=2; main:hash:1=4; main:rehash:1=3; 
Previous 5: main:h:1=6; main:hash:1=5; main:rehash:1=4; 
Previous 6: main:h:1=3; main:hash:1=5; main:rehash:1=4; 
Previous 7: main:h:1=4; main:hash:1=9; main:rehash:1=5; 
Previous 8: main:h:1=4; main:hash:1=7; main:rehash:1=3; 
Previous 9: main:h:1=7; main:hash:1=10; main:rehash:1=3; 
Previous 10: main:h:1=2; main:hash:1=5; main:rehash:1=3; 
Previous 11: main:h:1=100; main:hash:1=25; main:rehash:1=5; 
Previous 12: main:h:1=0; main:hash:1=2; main:rehash:1=1; 
Previous 13: main:h:1=0; main:hash:1=5; main:rehash:1=1; 
Previous 14: main:h:1=0; main:hash:1=1; main:rehash:1=1; 
Previous 15: main:h:1=1; main:hash:1=5; main:rehash:1=5; 
Previous 16: main:h:1=12; main:hash:1=3; main:rehash:1=3; 
Previous 17: main:h:1=0; main:hash:1=3; main:rehash:1=1; 
Previous 18: main:h:1=5; main:hash:1=5; main:rehash:1=1; 
Previous 19: main:h:1=10; main:hash:1=10; main:rehash:1=5; 
Previous 20: main:h:1=8; main:hash:1=9; main:rehash:1=4; 
Previous 21: main:h:1=4; main:hash:1=4; main:rehash:1=2; 
Previous 22: main:h:1=10; main:hash:1=10; main:rehash:1=2; 
Previous 23: main:h:1=20; main:hash:1=10; main:rehash:1=10; 
Previous 24: main:h:1=4; main:hash:1=5; main:rehash:1=2; 
Previous 25: main:h:1=7; main:hash:1=4; main:rehash:1=1; 
Previous 26: main:h:1=2; main:hash:1=3; main:rehash:1=1; 
Previous 27: main:h:1=0; main:hash:1=10; main:rehash:1=1; 
Previous 28: main:h:1=5; main:hash:1=10; main:rehash:1=5; 
Previous 29: main:h:1=0; main:hash:1=7; main:rehash:1=1; 
Previous 30: main:h:1=0; main:hash:1=2; main:rehash:1=2; 
Previous 31: main:h:1=12; main:hash:1=5; main:rehash:1=3; 
Previous 32: main:h:1=0; main:hash:1=10; main:rehash:1=5; 
Previous 33: main:h:1=8; main:hash:1=4; main:rehash:1=1; 
Previous 34: main:h:1=2; main:hash:1=3; main:rehash:1=5; 
Previous 35: main:h:1=6; main:hash:1=2; main:rehash:1=2; 
Previous 36: main:h:1=1; main:hash:1=2; main:rehash:1=1; 
Previous 37: main:h:1=6; main:hash:1=3; main:rehash:1=3; 
Previous 38: main:h:1=10; main:hash:1=5; main:rehash:1=5; 
Previous 39: main:h:1=-1; main:hash:1=5; main:rehash:1=3; 

Program:
extern int __VERIFIER_nondet_int(void);
/*
Commit Number: fa741cd4fffbbaa5d4ba9a15f53550ac7817cc92
URL: https://github.com/behdad/fontconfig/commit/fa741cd4fffbbaa5d4ba9a15f53550ac7817cc92
Project Name: fontconfig
License: MIT
termination: FALSE
*/
int main()
{
    int h = __VERIFIER_nondet_int();
    int hash = __VERIFIER_nondet_int();
    int rehash = __VERIFIER_nondet_int();
    if( h < 0 || hash <= 0 || rehash <= 0 || rehash > hash)
        return 0;
    int i = h % hash;
    int r;
    while( i < hash )
    {
        if( !r ) r = h % rehash;
        i += r;
    }
    return 0;
}

"
46,NT,"main:h:1=0
main:hash:1=3
main:rehash:1=3
",,COMPLETED,T,false,,"You generate concrete values for nondeterministic inputs in a C/C++ program.
Your goal is to produce ONE complete assignment set that is likely to make the program not terminate.

Important rules:
1. Return a value for EVERY listed nondeterministic input ID.
2. Use each ID exactly once.
3. Respect the declared C/C++ type.
4. For an array, return the value as an array containing exactly the required number of elements.
5. For char arrays, each element must be exactly one character. Return the character itself without C single quotes.
6. Prefer small-magnitude values unless larger values are necessary to achieve the requested execution behavior.

Nondeterministic inputs:
- id: main:h:1, type: int
- id: main:hash:1, type: int
- id: main:rehash:1, type: int

Previously generated assignment sets are listed below. Generate a materially different set and do not duplicate any of them.
Previous 1: main:h:1=5; main:hash:1=7; main:rehash:1=3; 
Previous 2: main:h:1=6; main:hash:1=10; main:rehash:1=4; 
Previous 3: main:h:1=1; main:hash:1=3; main:rehash:1=2; 
Previous 4: main:h:1=2; main:hash:1=4; main:rehash:1=3; 
Previous 5: main:h:1=6; main:hash:1=5; main:rehash:1=4; 
Previous 6: main:h:1=3; main:hash:1=5; main:rehash:1=4; 
Previous 7: main:h:1=4; main:hash:1=9; main:rehash:1=5; 
Previous 8: main:h:1=4; main:hash:1=7; main:rehash:1=3; 
Previous 9: main:h:1=7; main:hash:1=10; main:rehash:1=3; 
Previous 10: main:h:1=2; main:hash:1=5; main:rehash:1=3; 
Previous 11: main:h:1=100; main:hash:1=25; main:rehash:1=5; 
Previous 12: main:h:1=0; main:hash:1=2; main:rehash:1=1; 
Previous 13: main:h:1=0; main:hash:1=5; main:rehash:1=1; 
Previous 14: main:h:1=0; main:hash:1=1; main:rehash:1=1; 
Previous 15: main:h:1=1; main:hash:1=5; main:rehash:1=5; 
Previous 16: main:h:1=12; main:hash:1=3; main:rehash:1=3; 
Previous 17: main:h:1=0; main:hash:1=3; main:rehash:1=1; 
Previous 18: main:h:1=5; main:hash:1=5; main:rehash:1=1; 
Previous 19: main:h:1=10; main:hash:1=10; main:rehash:1=5; 
Previous 20: main:h:1=8; main:hash:1=9; main:rehash:1=4; 
Previous 21: main:h:1=4; main:hash:1=4; main:rehash:1=2; 
Previous 22: main:h:1=10; main:hash:1=10; main:rehash:1=2; 
Previous 23: main:h:1=20; main:hash:1=10; main:rehash:1=10; 
Previous 24: main:h:1=4; main:hash:1=5; main:rehash:1=2; 
Previous 25: main:h:1=7; main:hash:1=4; main:rehash:1=1; 
Previous 26: main:h:1=2; main:hash:1=3; main:rehash:1=1; 
Previous 27: main:h:1=0; main:hash:1=10; main:rehash:1=1; 
Previous 28: main:h:1=5; main:hash:1=10; main:rehash:1=5; 
Previous 29: main:h:1=0; main:hash:1=7; main:rehash:1=1; 
Previous 30: main:h:1=0; main:hash:1=2; main:rehash:1=2; 
Previous 31: main:h:1=12; main:hash:1=5; main:rehash:1=3; 
Previous 32: main:h:1=0; main:hash:1=10; main:rehash:1=5; 
Previous 33: main:h:1=8; main:hash:1=4; main:rehash:1=1; 
Previous 34: main:h:1=2; main:hash:1=3; main:rehash:1=5; 
Previous 35: main:h:1=6; main:hash:1=2; main:rehash:1=2; 
Previous 36: main:h:1=1; main:hash:1=2; main:rehash:1=1; 
Previous 37: main:h:1=6; main:hash:1=3; main:rehash:1=3; 
Previous 38: main:h:1=10; main:hash:1=5; main:rehash:1=5; 
Previous 39: main:h:1=-1; main:hash:1=5; main:rehash:1=3; 

Program:
extern int __VERIFIER_nondet_int(void);
/*
Commit Number: fa741cd4fffbbaa5d4ba9a15f53550ac7817cc92
URL: https://github.com/behdad/fontconfig/commit/fa741cd4fffbbaa5d4ba9a15f53550ac7817cc92
Project Name: fontconfig
License: MIT
termination: FALSE
*/
int main()
{
    int h = __VERIFIER_nondet_int();
    int hash = __VERIFIER_nondet_int();
    int rehash = __VERIFIER_nondet_int();
    if( h < 0 || hash <= 0 || rehash <= 0 || rehash > hash)
        return 0;
    int i = h % hash;
    int r;
    while( i < hash )
    {
        if( !r ) r = h % rehash;
        i += r;
    }
    return 0;
}

"
47,NT,"main:h:1=0
main:hash:1=1
main:rehash:1=1
",,DUPLICATE,,false,,"You generate concrete values for nondeterministic inputs in a C/C++ program.
Your goal is to produce ONE complete assignment set that is likely to make the program not terminate.

Important rules:
1. Return a value for EVERY listed nondeterministic input ID.
2. Use each ID exactly once.
3. Respect the declared C/C++ type.
4. For an array, return the value as an array containing exactly the required number of elements.
5. For char arrays, each element must be exactly one character. Return the character itself without C single quotes.
6. Prefer small-magnitude values unless larger values are necessary to achieve the requested execution behavior.

Nondeterministic inputs:
- id: main:h:1, type: int
- id: main:hash:1, type: int
- id: main:rehash:1, type: int

Previously generated assignment sets are listed below. Generate a materially different set and do not duplicate any of them.
Previous 1: main:h:1=5; main:hash:1=7; main:rehash:1=3; 
Previous 2: main:h:1=6; main:hash:1=10; main:rehash:1=4; 
Previous 3: main:h:1=1; main:hash:1=3; main:rehash:1=2; 
Previous 4: main:h:1=2; main:hash:1=4; main:rehash:1=3; 
Previous 5: main:h:1=6; main:hash:1=5; main:rehash:1=4; 
Previous 6: main:h:1=3; main:hash:1=5; main:rehash:1=4; 
Previous 7: main:h:1=4; main:hash:1=9; main:rehash:1=5; 
Previous 8: main:h:1=4; main:hash:1=7; main:rehash:1=3; 
Previous 9: main:h:1=7; main:hash:1=10; main:rehash:1=3; 
Previous 10: main:h:1=2; main:hash:1=5; main:rehash:1=3; 
Previous 11: main:h:1=100; main:hash:1=25; main:rehash:1=5; 
Previous 12: main:h:1=0; main:hash:1=2; main:rehash:1=1; 
Previous 13: main:h:1=0; main:hash:1=5; main:rehash:1=1; 
Previous 14: main:h:1=0; main:hash:1=1; main:rehash:1=1; 
Previous 15: main:h:1=1; main:hash:1=5; main:rehash:1=5; 
Previous 16: main:h:1=12; main:hash:1=3; main:rehash:1=3; 
Previous 17: main:h:1=0; main:hash:1=3; main:rehash:1=1; 
Previous 18: main:h:1=5; main:hash:1=5; main:rehash:1=1; 
Previous 19: main:h:1=10; main:hash:1=10; main:rehash:1=5; 
Previous 20: main:h:1=8; main:hash:1=9; main:rehash:1=4; 
Previous 21: main:h:1=4; main:hash:1=4; main:rehash:1=2; 
Previous 22: main:h:1=10; main:hash:1=10; main:rehash:1=2; 
Previous 23: main:h:1=20; main:hash:1=10; main:rehash:1=10; 
Previous 24: main:h:1=4; main:hash:1=5; main:rehash:1=2; 
Previous 25: main:h:1=7; main:hash:1=4; main:rehash:1=1; 
Previous 26: main:h:1=2; main:hash:1=3; main:rehash:1=1; 
Previous 27: main:h:1=0; main:hash:1=10; main:rehash:1=1; 
Previous 28: main:h:1=5; main:hash:1=10; main:rehash:1=5; 
Previous 29: main:h:1=0; main:hash:1=7; main:rehash:1=1; 
Previous 30: main:h:1=0; main:hash:1=2; main:rehash:1=2; 
Previous 31: main:h:1=12; main:hash:1=5; main:rehash:1=3; 
Previous 32: main:h:1=0; main:hash:1=10; main:rehash:1=5; 
Previous 33: main:h:1=8; main:hash:1=4; main:rehash:1=1; 
Previous 34: main:h:1=2; main:hash:1=3; main:rehash:1=5; 
Previous 35: main:h:1=6; main:hash:1=2; main:rehash:1=2; 
Previous 36: main:h:1=1; main:hash:1=2; main:rehash:1=1; 
Previous 37: main:h:1=6; main:hash:1=3; main:rehash:1=3; 
Previous 38: main:h:1=10; main:hash:1=5; main:rehash:1=5; 
Previous 39: main:h:1=-1; main:hash:1=5; main:rehash:1=3; 
Previous 40: main:h:1=0; main:hash:1=3; main:rehash:1=3; 

Program:
extern int __VERIFIER_nondet_int(void);
/*
Commit Number: fa741cd4fffbbaa5d4ba9a15f53550ac7817cc92
URL: https://github.com/behdad/fontconfig/commit/fa741cd4fffbbaa5d4ba9a15f53550ac7817cc92
Project Name: fontconfig
License: MIT
termination: FALSE
*/
int main()
{
    int h = __VERIFIER_nondet_int();
    int hash = __VERIFIER_nondet_int();
    int rehash = __VERIFIER_nondet_int();
    if( h < 0 || hash <= 0 || rehash <= 0 || rehash > hash)
        return 0;
    int i = h % hash;
    int r;
    while( i < hash )
    {
        if( !r ) r = h % rehash;
        i += r;
    }
    return 0;
}

"
48,NT,"main:h:1=0
main:hash:1=5
main:rehash:1=5
",,COMPLETED,T,false,,"You generate concrete values for nondeterministic inputs in a C/C++ program.
Your goal is to produce ONE complete assignment set that is likely to make the program not terminate.

Important rules:
1. Return a value for EVERY listed nondeterministic input ID.
2. Use each ID exactly once.
3. Respect the declared C/C++ type.
4. For an array, return the value as an array containing exactly the required number of elements.
5. For char arrays, each element must be exactly one character. Return the character itself without C single quotes.
6. Prefer small-magnitude values unless larger values are necessary to achieve the requested execution behavior.

Nondeterministic inputs:
- id: main:h:1, type: int
- id: main:hash:1, type: int
- id: main:rehash:1, type: int

Previously generated assignment sets are listed below. Generate a materially different set and do not duplicate any of them.
Previous 1: main:h:1=5; main:hash:1=7; main:rehash:1=3; 
Previous 2: main:h:1=6; main:hash:1=10; main:rehash:1=4; 
Previous 3: main:h:1=1; main:hash:1=3; main:rehash:1=2; 
Previous 4: main:h:1=2; main:hash:1=4; main:rehash:1=3; 
Previous 5: main:h:1=6; main:hash:1=5; main:rehash:1=4; 
Previous 6: main:h:1=3; main:hash:1=5; main:rehash:1=4; 
Previous 7: main:h:1=4; main:hash:1=9; main:rehash:1=5; 
Previous 8: main:h:1=4; main:hash:1=7; main:rehash:1=3; 
Previous 9: main:h:1=7; main:hash:1=10; main:rehash:1=3; 
Previous 10: main:h:1=2; main:hash:1=5; main:rehash:1=3; 
Previous 11: main:h:1=100; main:hash:1=25; main:rehash:1=5; 
Previous 12: main:h:1=0; main:hash:1=2; main:rehash:1=1; 
Previous 13: main:h:1=0; main:hash:1=5; main:rehash:1=1; 
Previous 14: main:h:1=0; main:hash:1=1; main:rehash:1=1; 
Previous 15: main:h:1=1; main:hash:1=5; main:rehash:1=5; 
Previous 16: main:h:1=12; main:hash:1=3; main:rehash:1=3; 
Previous 17: main:h:1=0; main:hash:1=3; main:rehash:1=1; 
Previous 18: main:h:1=5; main:hash:1=5; main:rehash:1=1; 
Previous 19: main:h:1=10; main:hash:1=10; main:rehash:1=5; 
Previous 20: main:h:1=8; main:hash:1=9; main:rehash:1=4; 
Previous 21: main:h:1=4; main:hash:1=4; main:rehash:1=2; 
Previous 22: main:h:1=10; main:hash:1=10; main:rehash:1=2; 
Previous 23: main:h:1=20; main:hash:1=10; main:rehash:1=10; 
Previous 24: main:h:1=4; main:hash:1=5; main:rehash:1=2; 
Previous 25: main:h:1=7; main:hash:1=4; main:rehash:1=1; 
Previous 26: main:h:1=2; main:hash:1=3; main:rehash:1=1; 
Previous 27: main:h:1=0; main:hash:1=10; main:rehash:1=1; 
Previous 28: main:h:1=5; main:hash:1=10; main:rehash:1=5; 
Previous 29: main:h:1=0; main:hash:1=7; main:rehash:1=1; 
Previous 30: main:h:1=0; main:hash:1=2; main:rehash:1=2; 
Previous 31: main:h:1=12; main:hash:1=5; main:rehash:1=3; 
Previous 32: main:h:1=0; main:hash:1=10; main:rehash:1=5; 
Previous 33: main:h:1=8; main:hash:1=4; main:rehash:1=1; 
Previous 34: main:h:1=2; main:hash:1=3; main:rehash:1=5; 
Previous 35: main:h:1=6; main:hash:1=2; main:rehash:1=2; 
Previous 36: main:h:1=1; main:hash:1=2; main:rehash:1=1; 
Previous 37: main:h:1=6; main:hash:1=3; main:rehash:1=3; 
Previous 38: main:h:1=10; main:hash:1=5; main:rehash:1=5; 
Previous 39: main:h:1=-1; main:hash:1=5; main:rehash:1=3; 
Previous 40: main:h:1=0; main:hash:1=3; main:rehash:1=3; 

Program:
extern int __VERIFIER_nondet_int(void);
/*
Commit Number: fa741cd4fffbbaa5d4ba9a15f53550ac7817cc92
URL: https://github.com/behdad/fontconfig/commit/fa741cd4fffbbaa5d4ba9a15f53550ac7817cc92
Project Name: fontconfig
License: MIT
termination: FALSE
*/
int main()
{
    int h = __VERIFIER_nondet_int();
    int hash = __VERIFIER_nondet_int();
    int rehash = __VERIFIER_nondet_int();
    if( h < 0 || hash <= 0 || rehash <= 0 || rehash > hash)
        return 0;
    int i = h % hash;
    int r;
    while( i < hash )
    {
        if( !r ) r = h % rehash;
        i += r;
    }
    return 0;
}

"
49,NT,"main:h:1=10
main:hash:1=10
main:rehash:1=1
",,COMPLETED,T,false,,"You generate concrete values for nondeterministic inputs in a C/C++ program.
Your goal is to produce ONE complete assignment set that is likely to make the program not terminate.

Important rules:
1. Return a value for EVERY listed nondeterministic input ID.
2. Use each ID exactly once.
3. Respect the declared C/C++ type.
4. For an array, return the value as an array containing exactly the required number of elements.
5. For char arrays, each element must be exactly one character. Return the character itself without C single quotes.
6. Prefer small-magnitude values unless larger values are necessary to achieve the requested execution behavior.

Nondeterministic inputs:
- id: main:h:1, type: int
- id: main:hash:1, type: int
- id: main:rehash:1, type: int

Previously generated assignment sets are listed below. Generate a materially different set and do not duplicate any of them.
Previous 1: main:h:1=5; main:hash:1=7; main:rehash:1=3; 
Previous 2: main:h:1=6; main:hash:1=10; main:rehash:1=4; 
Previous 3: main:h:1=1; main:hash:1=3; main:rehash:1=2; 
Previous 4: main:h:1=2; main:hash:1=4; main:rehash:1=3; 
Previous 5: main:h:1=6; main:hash:1=5; main:rehash:1=4; 
Previous 6: main:h:1=3; main:hash:1=5; main:rehash:1=4; 
Previous 7: main:h:1=4; main:hash:1=9; main:rehash:1=5; 
Previous 8: main:h:1=4; main:hash:1=7; main:rehash:1=3; 
Previous 9: main:h:1=7; main:hash:1=10; main:rehash:1=3; 
Previous 10: main:h:1=2; main:hash:1=5; main:rehash:1=3; 
Previous 11: main:h:1=100; main:hash:1=25; main:rehash:1=5; 
Previous 12: main:h:1=0; main:hash:1=2; main:rehash:1=1; 
Previous 13: main:h:1=0; main:hash:1=5; main:rehash:1=1; 
Previous 14: main:h:1=0; main:hash:1=1; main:rehash:1=1; 
Previous 15: main:h:1=1; main:hash:1=5; main:rehash:1=5; 
Previous 16: main:h:1=12; main:hash:1=3; main:rehash:1=3; 
Previous 17: main:h:1=0; main:hash:1=3; main:rehash:1=1; 
Previous 18: main:h:1=5; main:hash:1=5; main:rehash:1=1; 
Previous 19: main:h:1=10; main:hash:1=10; main:rehash:1=5; 
Previous 20: main:h:1=8; main:hash:1=9; main:rehash:1=4; 
Previous 21: main:h:1=4; main:hash:1=4; main:rehash:1=2; 
Previous 22: main:h:1=10; main:hash:1=10; main:rehash:1=2; 
Previous 23: main:h:1=20; main:hash:1=10; main:rehash:1=10; 
Previous 24: main:h:1=4; main:hash:1=5; main:rehash:1=2; 
Previous 25: main:h:1=7; main:hash:1=4; main:rehash:1=1; 
Previous 26: main:h:1=2; main:hash:1=3; main:rehash:1=1; 
Previous 27: main:h:1=0; main:hash:1=10; main:rehash:1=1; 
Previous 28: main:h:1=5; main:hash:1=10; main:rehash:1=5; 
Previous 29: main:h:1=0; main:hash:1=7; main:rehash:1=1; 
Previous 30: main:h:1=0; main:hash:1=2; main:rehash:1=2; 
Previous 31: main:h:1=12; main:hash:1=5; main:rehash:1=3; 
Previous 32: main:h:1=0; main:hash:1=10; main:rehash:1=5; 
Previous 33: main:h:1=8; main:hash:1=4; main:rehash:1=1; 
Previous 34: main:h:1=2; main:hash:1=3; main:rehash:1=5; 
Previous 35: main:h:1=6; main:hash:1=2; main:rehash:1=2; 
Previous 36: main:h:1=1; main:hash:1=2; main:rehash:1=1; 
Previous 37: main:h:1=6; main:hash:1=3; main:rehash:1=3; 
Previous 38: main:h:1=10; main:hash:1=5; main:rehash:1=5; 
Previous 39: main:h:1=-1; main:hash:1=5; main:rehash:1=3; 
Previous 40: main:h:1=0; main:hash:1=3; main:rehash:1=3; 
Previous 41: main:h:1=0; main:hash:1=5; main:rehash:1=5; 

Program:
extern int __VERIFIER_nondet_int(void);
/*
Commit Number: fa741cd4fffbbaa5d4ba9a15f53550ac7817cc92
URL: https://github.com/behdad/fontconfig/commit/fa741cd4fffbbaa5d4ba9a15f53550ac7817cc92
Project Name: fontconfig
License: MIT
termination: FALSE
*/
int main()
{
    int h = __VERIFIER_nondet_int();
    int hash = __VERIFIER_nondet_int();
    int rehash = __VERIFIER_nondet_int();
    if( h < 0 || hash <= 0 || rehash <= 0 || rehash > hash)
        return 0;
    int i = h % hash;
    int r;
    while( i < hash )
    {
        if( !r ) r = h % rehash;
        i += r;
    }
    return 0;
}

"
50,NT,"main:h:1=3
main:hash:1=2
main:rehash:1=1
",,COMPLETED,T,false,,"You generate concrete values for nondeterministic inputs in a C/C++ program.
Your goal is to produce ONE complete assignment set that is likely to make the program not terminate.

Important rules:
1. Return a value for EVERY listed nondeterministic input ID.
2. Use each ID exactly once.
3. Respect the declared C/C++ type.
4. For an array, return the value as an array containing exactly the required number of elements.
5. For char arrays, each element must be exactly one character. Return the character itself without C single quotes.
6. Prefer small-magnitude values unless larger values are necessary to achieve the requested execution behavior.

Nondeterministic inputs:
- id: main:h:1, type: int
- id: main:hash:1, type: int
- id: main:rehash:1, type: int

Previously generated assignment sets are listed below. Generate a materially different set and do not duplicate any of them.
Previous 1: main:h:1=5; main:hash:1=7; main:rehash:1=3; 
Previous 2: main:h:1=6; main:hash:1=10; main:rehash:1=4; 
Previous 3: main:h:1=1; main:hash:1=3; main:rehash:1=2; 
Previous 4: main:h:1=2; main:hash:1=4; main:rehash:1=3; 
Previous 5: main:h:1=6; main:hash:1=5; main:rehash:1=4; 
Previous 6: main:h:1=3; main:hash:1=5; main:rehash:1=4; 
Previous 7: main:h:1=4; main:hash:1=9; main:rehash:1=5; 
Previous 8: main:h:1=4; main:hash:1=7; main:rehash:1=3; 
Previous 9: main:h:1=7; main:hash:1=10; main:rehash:1=3; 
Previous 10: main:h:1=2; main:hash:1=5; main:rehash:1=3; 
Previous 11: main:h:1=100; main:hash:1=25; main:rehash:1=5; 
Previous 12: main:h:1=0; main:hash:1=2; main:rehash:1=1; 
Previous 13: main:h:1=0; main:hash:1=5; main:rehash:1=1; 
Previous 14: main:h:1=0; main:hash:1=1; main:rehash:1=1; 
Previous 15: main:h:1=1; main:hash:1=5; main:rehash:1=5; 
Previous 16: main:h:1=12; main:hash:1=3; main:rehash:1=3; 
Previous 17: main:h:1=0; main:hash:1=3; main:rehash:1=1; 
Previous 18: main:h:1=5; main:hash:1=5; main:rehash:1=1; 
Previous 19: main:h:1=10; main:hash:1=10; main:rehash:1=5; 
Previous 20: main:h:1=8; main:hash:1=9; main:rehash:1=4; 
Previous 21: main:h:1=4; main:hash:1=4; main:rehash:1=2; 
Previous 22: main:h:1=10; main:hash:1=10; main:rehash:1=2; 
Previous 23: main:h:1=20; main:hash:1=10; main:rehash:1=10; 
Previous 24: main:h:1=4; main:hash:1=5; main:rehash:1=2; 
Previous 25: main:h:1=7; main:hash:1=4; main:rehash:1=1; 
Previous 26: main:h:1=2; main:hash:1=3; main:rehash:1=1; 
Previous 27: main:h:1=0; main:hash:1=10; main:rehash:1=1; 
Previous 28: main:h:1=5; main:hash:1=10; main:rehash:1=5; 
Previous 29: main:h:1=0; main:hash:1=7; main:rehash:1=1; 
Previous 30: main:h:1=0; main:hash:1=2; main:rehash:1=2; 
Previous 31: main:h:1=12; main:hash:1=5; main:rehash:1=3; 
Previous 32: main:h:1=0; main:hash:1=10; main:rehash:1=5; 
Previous 33: main:h:1=8; main:hash:1=4; main:rehash:1=1; 
Previous 34: main:h:1=2; main:hash:1=3; main:rehash:1=5; 
Previous 35: main:h:1=6; main:hash:1=2; main:rehash:1=2; 
Previous 36: main:h:1=1; main:hash:1=2; main:rehash:1=1; 
Previous 37: main:h:1=6; main:hash:1=3; main:rehash:1=3; 
Previous 38: main:h:1=10; main:hash:1=5; main:rehash:1=5; 
Previous 39: main:h:1=-1; main:hash:1=5; main:rehash:1=3; 
Previous 40: main:h:1=0; main:hash:1=3; main:rehash:1=3; 
Previous 41: main:h:1=0; main:hash:1=5; main:rehash:1=5; 
Previous 42: main:h:1=10; main:hash:1=10; main:rehash:1=1; 

Program:
extern int __VERIFIER_nondet_int(void);
/*
Commit Number: fa741cd4fffbbaa5d4ba9a15f53550ac7817cc92
URL: https://github.com/behdad/fontconfig/commit/fa741cd4fffbbaa5d4ba9a15f53550ac7817cc92
Project Name: fontconfig
License: MIT
termination: FALSE
*/
int main()
{
    int h = __VERIFIER_nondet_int();
    int hash = __VERIFIER_nondet_int();
    int rehash = __VERIFIER_nondet_int();
    if( h < 0 || hash <= 0 || rehash <= 0 || rehash > hash)
        return 0;
    int i = h % hash;
    int r;
    while( i < hash )
    {
        if( !r ) r = h % rehash;
        i += r;
    }
    return 0;
}

"
51,NT,"main:h:1=1
main:hash:1=2
main:rehash:1=1
",,DUPLICATE,,false,,"You generate concrete values for nondeterministic inputs in a C/C++ program.
Your goal is to produce ONE complete assignment set that is likely to make the program not terminate.

Important rules:
1. Return a value for EVERY listed nondeterministic input ID.
2. Use each ID exactly once.
3. Respect the declared C/C++ type.
4. For an array, return the value as an array containing exactly the required number of elements.
5. For char arrays, each element must be exactly one character. Return the character itself without C single quotes.
6. Prefer small-magnitude values unless larger values are necessary to achieve the requested execution behavior.

Nondeterministic inputs:
- id: main:h:1, type: int
- id: main:hash:1, type: int
- id: main:rehash:1, type: int

Previously generated assignment sets are listed below. Generate a materially different set and do not duplicate any of them.
Previous 1: main:h:1=5; main:hash:1=7; main:rehash:1=3; 
Previous 2: main:h:1=6; main:hash:1=10; main:rehash:1=4; 
Previous 3: main:h:1=1; main:hash:1=3; main:rehash:1=2; 
Previous 4: main:h:1=2; main:hash:1=4; main:rehash:1=3; 
Previous 5: main:h:1=6; main:hash:1=5; main:rehash:1=4; 
Previous 6: main:h:1=3; main:hash:1=5; main:rehash:1=4; 
Previous 7: main:h:1=4; main:hash:1=9; main:rehash:1=5; 
Previous 8: main:h:1=4; main:hash:1=7; main:rehash:1=3; 
Previous 9: main:h:1=7; main:hash:1=10; main:rehash:1=3; 
Previous 10: main:h:1=2; main:hash:1=5; main:rehash:1=3; 
Previous 11: main:h:1=100; main:hash:1=25; main:rehash:1=5; 
Previous 12: main:h:1=0; main:hash:1=2; main:rehash:1=1; 
Previous 13: main:h:1=0; main:hash:1=5; main:rehash:1=1; 
Previous 14: main:h:1=0; main:hash:1=1; main:rehash:1=1; 
Previous 15: main:h:1=1; main:hash:1=5; main:rehash:1=5; 
Previous 16: main:h:1=12; main:hash:1=3; main:rehash:1=3; 
Previous 17: main:h:1=0; main:hash:1=3; main:rehash:1=1; 
Previous 18: main:h:1=5; main:hash:1=5; main:rehash:1=1; 
Previous 19: main:h:1=10; main:hash:1=10; main:rehash:1=5; 
Previous 20: main:h:1=8; main:hash:1=9; main:rehash:1=4; 
Previous 21: main:h:1=4; main:hash:1=4; main:rehash:1=2; 
Previous 22: main:h:1=10; main:hash:1=10; main:rehash:1=2; 
Previous 23: main:h:1=20; main:hash:1=10; main:rehash:1=10; 
Previous 24: main:h:1=4; main:hash:1=5; main:rehash:1=2; 
Previous 25: main:h:1=7; main:hash:1=4; main:rehash:1=1; 
Previous 26: main:h:1=2; main:hash:1=3; main:rehash:1=1; 
Previous 27: main:h:1=0; main:hash:1=10; main:rehash:1=1; 
Previous 28: main:h:1=5; main:hash:1=10; main:rehash:1=5; 
Previous 29: main:h:1=0; main:hash:1=7; main:rehash:1=1; 
Previous 30: main:h:1=0; main:hash:1=2; main:rehash:1=2; 
Previous 31: main:h:1=12; main:hash:1=5; main:rehash:1=3; 
Previous 32: main:h:1=0; main:hash:1=10; main:rehash:1=5; 
Previous 33: main:h:1=8; main:hash:1=4; main:rehash:1=1; 
Previous 34: main:h:1=2; main:hash:1=3; main:rehash:1=5; 
Previous 35: main:h:1=6; main:hash:1=2; main:rehash:1=2; 
Previous 36: main:h:1=1; main:hash:1=2; main:rehash:1=1; 
Previous 37: main:h:1=6; main:hash:1=3; main:rehash:1=3; 
Previous 38: main:h:1=10; main:hash:1=5; main:rehash:1=5; 
Previous 39: main:h:1=-1; main:hash:1=5; main:rehash:1=3; 
Previous 40: main:h:1=0; main:hash:1=3; main:rehash:1=3; 
Previous 41: main:h:1=0; main:hash:1=5; main:rehash:1=5; 
Previous 42: main:h:1=10; main:hash:1=10; main:rehash:1=1; 
Previous 43: main:h:1=3; main:hash:1=2; main:rehash:1=1; 

Program:
extern int __VERIFIER_nondet_int(void);
/*
Commit Number: fa741cd4fffbbaa5d4ba9a15f53550ac7817cc92
URL: https://github.com/behdad/fontconfig/commit/fa741cd4fffbbaa5d4ba9a15f53550ac7817cc92
Project Name: fontconfig
License: MIT
termination: FALSE
*/
int main()
{
    int h = __VERIFIER_nondet_int();
    int hash = __VERIFIER_nondet_int();
    int rehash = __VERIFIER_nondet_int();
    if( h < 0 || hash <= 0 || rehash <= 0 || rehash > hash)
        return 0;
    int i = h % hash;
    int r;
    while( i < hash )
    {
        if( !r ) r = h % rehash;
        i += r;
    }
    return 0;
}

"
52,NT,"main:h:1=0
main:hash:1=3
main:rehash:1=1
",,DUPLICATE,,false,,"You generate concrete values for nondeterministic inputs in a C/C++ program.
Your goal is to produce ONE complete assignment set that is likely to make the program not terminate.

Important rules:
1. Return a value for EVERY listed nondeterministic input ID.
2. Use each ID exactly once.
3. Respect the declared C/C++ type.
4. For an array, return the value as an array containing exactly the required number of elements.
5. For char arrays, each element must be exactly one character. Return the character itself without C single quotes.
6. Prefer small-magnitude values unless larger values are necessary to achieve the requested execution behavior.

Nondeterministic inputs:
- id: main:h:1, type: int
- id: main:hash:1, type: int
- id: main:rehash:1, type: int

Previously generated assignment sets are listed below. Generate a materially different set and do not duplicate any of them.
Previous 1: main:h:1=5; main:hash:1=7; main:rehash:1=3; 
Previous 2: main:h:1=6; main:hash:1=10; main:rehash:1=4; 
Previous 3: main:h:1=1; main:hash:1=3; main:rehash:1=2; 
Previous 4: main:h:1=2; main:hash:1=4; main:rehash:1=3; 
Previous 5: main:h:1=6; main:hash:1=5; main:rehash:1=4; 
Previous 6: main:h:1=3; main:hash:1=5; main:rehash:1=4; 
Previous 7: main:h:1=4; main:hash:1=9; main:rehash:1=5; 
Previous 8: main:h:1=4; main:hash:1=7; main:rehash:1=3; 
Previous 9: main:h:1=7; main:hash:1=10; main:rehash:1=3; 
Previous 10: main:h:1=2; main:hash:1=5; main:rehash:1=3; 
Previous 11: main:h:1=100; main:hash:1=25; main:rehash:1=5; 
Previous 12: main:h:1=0; main:hash:1=2; main:rehash:1=1; 
Previous 13: main:h:1=0; main:hash:1=5; main:rehash:1=1; 
Previous 14: main:h:1=0; main:hash:1=1; main:rehash:1=1; 
Previous 15: main:h:1=1; main:hash:1=5; main:rehash:1=5; 
Previous 16: main:h:1=12; main:hash:1=3; main:rehash:1=3; 
Previous 17: main:h:1=0; main:hash:1=3; main:rehash:1=1; 
Previous 18: main:h:1=5; main:hash:1=5; main:rehash:1=1; 
Previous 19: main:h:1=10; main:hash:1=10; main:rehash:1=5; 
Previous 20: main:h:1=8; main:hash:1=9; main:rehash:1=4; 
Previous 21: main:h:1=4; main:hash:1=4; main:rehash:1=2; 
Previous 22: main:h:1=10; main:hash:1=10; main:rehash:1=2; 
Previous 23: main:h:1=20; main:hash:1=10; main:rehash:1=10; 
Previous 24: main:h:1=4; main:hash:1=5; main:rehash:1=2; 
Previous 25: main:h:1=7; main:hash:1=4; main:rehash:1=1; 
Previous 26: main:h:1=2; main:hash:1=3; main:rehash:1=1; 
Previous 27: main:h:1=0; main:hash:1=10; main:rehash:1=1; 
Previous 28: main:h:1=5; main:hash:1=10; main:rehash:1=5; 
Previous 29: main:h:1=0; main:hash:1=7; main:rehash:1=1; 
Previous 30: main:h:1=0; main:hash:1=2; main:rehash:1=2; 
Previous 31: main:h:1=12; main:hash:1=5; main:rehash:1=3; 
Previous 32: main:h:1=0; main:hash:1=10; main:rehash:1=5; 
Previous 33: main:h:1=8; main:hash:1=4; main:rehash:1=1; 
Previous 34: main:h:1=2; main:hash:1=3; main:rehash:1=5; 
Previous 35: main:h:1=6; main:hash:1=2; main:rehash:1=2; 
Previous 36: main:h:1=1; main:hash:1=2; main:rehash:1=1; 
Previous 37: main:h:1=6; main:hash:1=3; main:rehash:1=3; 
Previous 38: main:h:1=10; main:hash:1=5; main:rehash:1=5; 
Previous 39: main:h:1=-1; main:hash:1=5; main:rehash:1=3; 
Previous 40: main:h:1=0; main:hash:1=3; main:rehash:1=3; 
Previous 41: main:h:1=0; main:hash:1=5; main:rehash:1=5; 
Previous 42: main:h:1=10; main:hash:1=10; main:rehash:1=1; 
Previous 43: main:h:1=3; main:hash:1=2; main:rehash:1=1; 

Program:
extern int __VERIFIER_nondet_int(void);
/*
Commit Number: fa741cd4fffbbaa5d4ba9a15f53550ac7817cc92
URL: https://github.com/behdad/fontconfig/commit/fa741cd4fffbbaa5d4ba9a15f53550ac7817cc92
Project Name: fontconfig
License: MIT
termination: FALSE
*/
int main()
{
    int h = __VERIFIER_nondet_int();
    int hash = __VERIFIER_nondet_int();
    int rehash = __VERIFIER_nondet_int();
    if( h < 0 || hash <= 0 || rehash <= 0 || rehash > hash)
        return 0;
    int i = h % hash;
    int r;
    while( i < hash )
    {
        if( !r ) r = h % rehash;
        i += r;
    }
    return 0;
}

"
53,NT,"main:h:1=6774
main:hash:1=6774
main:rehash:1=6774
",,COMPLETED,T,false,,"You generate concrete values for nondeterministic inputs in a C/C++ program.
Your goal is to produce ONE complete assignment set that is likely to make the program not terminate.

Important rules:
1. Return a value for EVERY listed nondeterministic input ID.
2. Use each ID exactly once.
3. Respect the declared C/C++ type.
4. For an array, return the value as an array containing exactly the required number of elements.
5. For char arrays, each element must be exactly one character. Return the character itself without C single quotes.
6. Prefer small-magnitude values unless larger values are necessary to achieve the requested execution behavior.

Nondeterministic inputs:
- id: main:h:1, type: int
- id: main:hash:1, type: int
- id: main:rehash:1, type: int

Previously generated assignment sets are listed below. Generate a materially different set and do not duplicate any of them.
Previous 1: main:h:1=5; main:hash:1=7; main:rehash:1=3; 
Previous 2: main:h:1=6; main:hash:1=10; main:rehash:1=4; 
Previous 3: main:h:1=1; main:hash:1=3; main:rehash:1=2; 
Previous 4: main:h:1=2; main:hash:1=4; main:rehash:1=3; 
Previous 5: main:h:1=6; main:hash:1=5; main:rehash:1=4; 
Previous 6: main:h:1=3; main:hash:1=5; main:rehash:1=4; 
Previous 7: main:h:1=4; main:hash:1=9; main:rehash:1=5; 
Previous 8: main:h:1=4; main:hash:1=7; main:rehash:1=3; 
Previous 9: main:h:1=7; main:hash:1=10; main:rehash:1=3; 
Previous 10: main:h:1=2; main:hash:1=5; main:rehash:1=3; 
Previous 11: main:h:1=100; main:hash:1=25; main:rehash:1=5; 
Previous 12: main:h:1=0; main:hash:1=2; main:rehash:1=1; 
Previous 13: main:h:1=0; main:hash:1=5; main:rehash:1=1; 
Previous 14: main:h:1=0; main:hash:1=1; main:rehash:1=1; 
Previous 15: main:h:1=1; main:hash:1=5; main:rehash:1=5; 
Previous 16: main:h:1=12; main:hash:1=3; main:rehash:1=3; 
Previous 17: main:h:1=0; main:hash:1=3; main:rehash:1=1; 
Previous 18: main:h:1=5; main:hash:1=5; main:rehash:1=1; 
Previous 19: main:h:1=10; main:hash:1=10; main:rehash:1=5; 
Previous 20: main:h:1=8; main:hash:1=9; main:rehash:1=4; 
Previous 21: main:h:1=4; main:hash:1=4; main:rehash:1=2; 
Previous 22: main:h:1=10; main:hash:1=10; main:rehash:1=2; 
Previous 23: main:h:1=20; main:hash:1=10; main:rehash:1=10; 
Previous 24: main:h:1=4; main:hash:1=5; main:rehash:1=2; 
Previous 25: main:h:1=7; main:hash:1=4; main:rehash:1=1; 
Previous 26: main:h:1=2; main:hash:1=3; main:rehash:1=1; 
Previous 27: main:h:1=0; main:hash:1=10; main:rehash:1=1; 
Previous 28: main:h:1=5; main:hash:1=10; main:rehash:1=5; 
Previous 29: main:h:1=0; main:hash:1=7; main:rehash:1=1; 
Previous 30: main:h:1=0; main:hash:1=2; main:rehash:1=2; 
Previous 31: main:h:1=12; main:hash:1=5; main:rehash:1=3; 
Previous 32: main:h:1=0; main:hash:1=10; main:rehash:1=5; 
Previous 33: main:h:1=8; main:hash:1=4; main:rehash:1=1; 
Previous 34: main:h:1=2; main:hash:1=3; main:rehash:1=5; 
Previous 35: main:h:1=6; main:hash:1=2; main:rehash:1=2; 
Previous 36: main:h:1=1; main:hash:1=2; main:rehash:1=1; 
Previous 37: main:h:1=6; main:hash:1=3; main:rehash:1=3; 
Previous 38: main:h:1=10; main:hash:1=5; main:rehash:1=5; 
Previous 39: main:h:1=-1; main:hash:1=5; main:rehash:1=3; 
Previous 40: main:h:1=0; main:hash:1=3; main:rehash:1=3; 
Previous 41: main:h:1=0; main:hash:1=5; main:rehash:1=5; 
Previous 42: main:h:1=10; main:hash:1=10; main:rehash:1=1; 
Previous 43: main:h:1=3; main:hash:1=2; main:rehash:1=1; 

Program:
extern int __VERIFIER_nondet_int(void);
/*
Commit Number: fa741cd4fffbbaa5d4ba9a15f53550ac7817cc92
URL: https://github.com/behdad/fontconfig/commit/fa741cd4fffbbaa5d4ba9a15f53550ac7817cc92
Project Name: fontconfig
License: MIT
termination: FALSE
*/
int main()
{
    int h = __VERIFIER_nondet_int();
    int hash = __VERIFIER_nondet_int();
    int rehash = __VERIFIER_nondet_int();
    if( h < 0 || hash <= 0 || rehash <= 0 || rehash > hash)
        return 0;
    int i = h % hash;
    int r;
    while( i < hash )
    {
        if( !r ) r = h % rehash;
        i += r;
    }
    return 0;
}

"
54,NT,"main:h:1=20
main:hash:1=10
main:rehash:1=5
",,COMPLETED,T,false,,"You generate concrete values for nondeterministic inputs in a C/C++ program.
Your goal is to produce ONE complete assignment set that is likely to make the program not terminate.

Important rules:
1. Return a value for EVERY listed nondeterministic input ID.
2. Use each ID exactly once.
3. Respect the declared C/C++ type.
4. For an array, return the value as an array containing exactly the required number of elements.
5. For char arrays, each element must be exactly one character. Return the character itself without C single quotes.
6. Prefer small-magnitude values unless larger values are necessary to achieve the requested execution behavior.

Nondeterministic inputs:
- id: main:h:1, type: int
- id: main:hash:1, type: int
- id: main:rehash:1, type: int

Previously generated assignment sets are listed below. Generate a materially different set and do not duplicate any of them.
Previous 1: main:h:1=5; main:hash:1=7; main:rehash:1=3; 
Previous 2: main:h:1=6; main:hash:1=10; main:rehash:1=4; 
Previous 3: main:h:1=1; main:hash:1=3; main:rehash:1=2; 
Previous 4: main:h:1=2; main:hash:1=4; main:rehash:1=3; 
Previous 5: main:h:1=6; main:hash:1=5; main:rehash:1=4; 
Previous 6: main:h:1=3; main:hash:1=5; main:rehash:1=4; 
Previous 7: main:h:1=4; main:hash:1=9; main:rehash:1=5; 
Previous 8: main:h:1=4; main:hash:1=7; main:rehash:1=3; 
Previous 9: main:h:1=7; main:hash:1=10; main:rehash:1=3; 
Previous 10: main:h:1=2; main:hash:1=5; main:rehash:1=3; 
Previous 11: main:h:1=100; main:hash:1=25; main:rehash:1=5; 
Previous 12: main:h:1=0; main:hash:1=2; main:rehash:1=1; 
Previous 13: main:h:1=0; main:hash:1=5; main:rehash:1=1; 
Previous 14: main:h:1=0; main:hash:1=1; main:rehash:1=1; 
Previous 15: main:h:1=1; main:hash:1=5; main:rehash:1=5; 
Previous 16: main:h:1=12; main:hash:1=3; main:rehash:1=3; 
Previous 17: main:h:1=0; main:hash:1=3; main:rehash:1=1; 
Previous 18: main:h:1=5; main:hash:1=5; main:rehash:1=1; 
Previous 19: main:h:1=10; main:hash:1=10; main:rehash:1=5; 
Previous 20: main:h:1=8; main:hash:1=9; main:rehash:1=4; 
Previous 21: main:h:1=4; main:hash:1=4; main:rehash:1=2; 
Previous 22: main:h:1=10; main:hash:1=10; main:rehash:1=2; 
Previous 23: main:h:1=20; main:hash:1=10; main:rehash:1=10; 
Previous 24: main:h:1=4; main:hash:1=5; main:rehash:1=2; 
Previous 25: main:h:1=7; main:hash:1=4; main:rehash:1=1; 
Previous 26: main:h:1=2; main:hash:1=3; main:rehash:1=1; 
Previous 27: main:h:1=0; main:hash:1=10; main:rehash:1=1; 
Previous 28: main:h:1=5; main:hash:1=10; main:rehash:1=5; 
Previous 29: main:h:1=0; main:hash:1=7; main:rehash:1=1; 
Previous 30: main:h:1=0; main:hash:1=2; main:rehash:1=2; 
Previous 31: main:h:1=12; main:hash:1=5; main:rehash:1=3; 
Previous 32: main:h:1=0; main:hash:1=10; main:rehash:1=5; 
Previous 33: main:h:1=8; main:hash:1=4; main:rehash:1=1; 
Previous 34: main:h:1=2; main:hash:1=3; main:rehash:1=5; 
Previous 35: main:h:1=6; main:hash:1=2; main:rehash:1=2; 
Previous 36: main:h:1=1; main:hash:1=2; main:rehash:1=1; 
Previous 37: main:h:1=6; main:hash:1=3; main:rehash:1=3; 
Previous 38: main:h:1=10; main:hash:1=5; main:rehash:1=5; 
Previous 39: main:h:1=-1; main:hash:1=5; main:rehash:1=3; 
Previous 40: main:h:1=0; main:hash:1=3; main:rehash:1=3; 
Previous 41: main:h:1=0; main:hash:1=5; main:rehash:1=5; 
Previous 42: main:h:1=10; main:hash:1=10; main:rehash:1=1; 
Previous 43: main:h:1=3; main:hash:1=2; main:rehash:1=1; 
Previous 44: main:h:1=6774; main:hash:1=6774; main:rehash:1=6774; 

Program:
extern int __VERIFIER_nondet_int(void);
/*
Commit Number: fa741cd4fffbbaa5d4ba9a15f53550ac7817cc92
URL: https://github.com/behdad/fontconfig/commit/fa741cd4fffbbaa5d4ba9a15f53550ac7817cc92
Project Name: fontconfig
License: MIT
termination: FALSE
*/
int main()
{
    int h = __VERIFIER_nondet_int();
    int hash = __VERIFIER_nondet_int();
    int rehash = __VERIFIER_nondet_int();
    if( h < 0 || hash <= 0 || rehash <= 0 || rehash > hash)
        return 0;
    int i = h % hash;
    int r;
    while( i < hash )
    {
        if( !r ) r = h % rehash;
        i += r;
    }
    return 0;
}

"
55,NT,"main:h:1=0
main:hash:1=3
main:rehash:1=3
",,DUPLICATE,,false,,"You generate concrete values for nondeterministic inputs in a C/C++ program.
Your goal is to produce ONE complete assignment set that is likely to make the program not terminate.

Important rules:
1. Return a value for EVERY listed nondeterministic input ID.
2. Use each ID exactly once.
3. Respect the declared C/C++ type.
4. For an array, return the value as an array containing exactly the required number of elements.
5. For char arrays, each element must be exactly one character. Return the character itself without C single quotes.
6. Prefer small-magnitude values unless larger values are necessary to achieve the requested execution behavior.

Nondeterministic inputs:
- id: main:h:1, type: int
- id: main:hash:1, type: int
- id: main:rehash:1, type: int

Previously generated assignment sets are listed below. Generate a materially different set and do not duplicate any of them.
Previous 1: main:h:1=5; main:hash:1=7; main:rehash:1=3; 
Previous 2: main:h:1=6; main:hash:1=10; main:rehash:1=4; 
Previous 3: main:h:1=1; main:hash:1=3; main:rehash:1=2; 
Previous 4: main:h:1=2; main:hash:1=4; main:rehash:1=3; 
Previous 5: main:h:1=6; main:hash:1=5; main:rehash:1=4; 
Previous 6: main:h:1=3; main:hash:1=5; main:rehash:1=4; 
Previous 7: main:h:1=4; main:hash:1=9; main:rehash:1=5; 
Previous 8: main:h:1=4; main:hash:1=7; main:rehash:1=3; 
Previous 9: main:h:1=7; main:hash:1=10; main:rehash:1=3; 
Previous 10: main:h:1=2; main:hash:1=5; main:rehash:1=3; 
Previous 11: main:h:1=100; main:hash:1=25; main:rehash:1=5; 
Previous 12: main:h:1=0; main:hash:1=2; main:rehash:1=1; 
Previous 13: main:h:1=0; main:hash:1=5; main:rehash:1=1; 
Previous 14: main:h:1=0; main:hash:1=1; main:rehash:1=1; 
Previous 15: main:h:1=1; main:hash:1=5; main:rehash:1=5; 
Previous 16: main:h:1=12; main:hash:1=3; main:rehash:1=3; 
Previous 17: main:h:1=0; main:hash:1=3; main:rehash:1=1; 
Previous 18: main:h:1=5; main:hash:1=5; main:rehash:1=1; 
Previous 19: main:h:1=10; main:hash:1=10; main:rehash:1=5; 
Previous 20: main:h:1=8; main:hash:1=9; main:rehash:1=4; 
Previous 21: main:h:1=4; main:hash:1=4; main:rehash:1=2; 
Previous 22: main:h:1=10; main:hash:1=10; main:rehash:1=2; 
Previous 23: main:h:1=20; main:hash:1=10; main:rehash:1=10; 
Previous 24: main:h:1=4; main:hash:1=5; main:rehash:1=2; 
Previous 25: main:h:1=7; main:hash:1=4; main:rehash:1=1; 
Previous 26: main:h:1=2; main:hash:1=3; main:rehash:1=1; 
Previous 27: main:h:1=0; main:hash:1=10; main:rehash:1=1; 
Previous 28: main:h:1=5; main:hash:1=10; main:rehash:1=5; 
Previous 29: main:h:1=0; main:hash:1=7; main:rehash:1=1; 
Previous 30: main:h:1=0; main:hash:1=2; main:rehash:1=2; 
Previous 31: main:h:1=12; main:hash:1=5; main:rehash:1=3; 
Previous 32: main:h:1=0; main:hash:1=10; main:rehash:1=5; 
Previous 33: main:h:1=8; main:hash:1=4; main:rehash:1=1; 
Previous 34: main:h:1=2; main:hash:1=3; main:rehash:1=5; 
Previous 35: main:h:1=6; main:hash:1=2; main:rehash:1=2; 
Previous 36: main:h:1=1; main:hash:1=2; main:rehash:1=1; 
Previous 37: main:h:1=6; main:hash:1=3; main:rehash:1=3; 
Previous 38: main:h:1=10; main:hash:1=5; main:rehash:1=5; 
Previous 39: main:h:1=-1; main:hash:1=5; main:rehash:1=3; 
Previous 40: main:h:1=0; main:hash:1=3; main:rehash:1=3; 
Previous 41: main:h:1=0; main:hash:1=5; main:rehash:1=5; 
Previous 42: main:h:1=10; main:hash:1=10; main:rehash:1=1; 
Previous 43: main:h:1=3; main:hash:1=2; main:rehash:1=1; 
Previous 44: main:h:1=6774; main:hash:1=6774; main:rehash:1=6774; 
Previous 45: main:h:1=20; main:hash:1=10; main:rehash:1=5; 

Program:
extern int __VERIFIER_nondet_int(void);
/*
Commit Number: fa741cd4fffbbaa5d4ba9a15f53550ac7817cc92
URL: https://github.com/behdad/fontconfig/commit/fa741cd4fffbbaa5d4ba9a15f53550ac7817cc92
Project Name: fontconfig
License: MIT
termination: FALSE
*/
int main()
{
    int h = __VERIFIER_nondet_int();
    int hash = __VERIFIER_nondet_int();
    int rehash = __VERIFIER_nondet_int();
    if( h < 0 || hash <= 0 || rehash <= 0 || rehash > hash)
        return 0;
    int i = h % hash;
    int r;
    while( i < hash )
    {
        if( !r ) r = h % rehash;
        i += r;
    }
    return 0;
}

"
56,NT,"main:h:1=9
main:hash:1=5
main:rehash:1=3
",,COMPLETED,T,false,,"You generate concrete values for nondeterministic inputs in a C/C++ program.
Your goal is to produce ONE complete assignment set that is likely to make the program not terminate.

Important rules:
1. Return a value for EVERY listed nondeterministic input ID.
2. Use each ID exactly once.
3. Respect the declared C/C++ type.
4. For an array, return the value as an array containing exactly the required number of elements.
5. For char arrays, each element must be exactly one character. Return the character itself without C single quotes.
6. Prefer small-magnitude values unless larger values are necessary to achieve the requested execution behavior.

Nondeterministic inputs:
- id: main:h:1, type: int
- id: main:hash:1, type: int
- id: main:rehash:1, type: int

Previously generated assignment sets are listed below. Generate a materially different set and do not duplicate any of them.
Previous 1: main:h:1=5; main:hash:1=7; main:rehash:1=3; 
Previous 2: main:h:1=6; main:hash:1=10; main:rehash:1=4; 
Previous 3: main:h:1=1; main:hash:1=3; main:rehash:1=2; 
Previous 4: main:h:1=2; main:hash:1=4; main:rehash:1=3; 
Previous 5: main:h:1=6; main:hash:1=5; main:rehash:1=4; 
Previous 6: main:h:1=3; main:hash:1=5; main:rehash:1=4; 
Previous 7: main:h:1=4; main:hash:1=9; main:rehash:1=5; 
Previous 8: main:h:1=4; main:hash:1=7; main:rehash:1=3; 
Previous 9: main:h:1=7; main:hash:1=10; main:rehash:1=3; 
Previous 10: main:h:1=2; main:hash:1=5; main:rehash:1=3; 
Previous 11: main:h:1=100; main:hash:1=25; main:rehash:1=5; 
Previous 12: main:h:1=0; main:hash:1=2; main:rehash:1=1; 
Previous 13: main:h:1=0; main:hash:1=5; main:rehash:1=1; 
Previous 14: main:h:1=0; main:hash:1=1; main:rehash:1=1; 
Previous 15: main:h:1=1; main:hash:1=5; main:rehash:1=5; 
Previous 16: main:h:1=12; main:hash:1=3; main:rehash:1=3; 
Previous 17: main:h:1=0; main:hash:1=3; main:rehash:1=1; 
Previous 18: main:h:1=5; main:hash:1=5; main:rehash:1=1; 
Previous 19: main:h:1=10; main:hash:1=10; main:rehash:1=5; 
Previous 20: main:h:1=8; main:hash:1=9; main:rehash:1=4; 
Previous 21: main:h:1=4; main:hash:1=4; main:rehash:1=2; 
Previous 22: main:h:1=10; main:hash:1=10; main:rehash:1=2; 
Previous 23: main:h:1=20; main:hash:1=10; main:rehash:1=10; 
Previous 24: main:h:1=4; main:hash:1=5; main:rehash:1=2; 
Previous 25: main:h:1=7; main:hash:1=4; main:rehash:1=1; 
Previous 26: main:h:1=2; main:hash:1=3; main:rehash:1=1; 
Previous 27: main:h:1=0; main:hash:1=10; main:rehash:1=1; 
Previous 28: main:h:1=5; main:hash:1=10; main:rehash:1=5; 
Previous 29: main:h:1=0; main:hash:1=7; main:rehash:1=1; 
Previous 30: main:h:1=0; main:hash:1=2; main:rehash:1=2; 
Previous 31: main:h:1=12; main:hash:1=5; main:rehash:1=3; 
Previous 32: main:h:1=0; main:hash:1=10; main:rehash:1=5; 
Previous 33: main:h:1=8; main:hash:1=4; main:rehash:1=1; 
Previous 34: main:h:1=2; main:hash:1=3; main:rehash:1=5; 
Previous 35: main:h:1=6; main:hash:1=2; main:rehash:1=2; 
Previous 36: main:h:1=1; main:hash:1=2; main:rehash:1=1; 
Previous 37: main:h:1=6; main:hash:1=3; main:rehash:1=3; 
Previous 38: main:h:1=10; main:hash:1=5; main:rehash:1=5; 
Previous 39: main:h:1=-1; main:hash:1=5; main:rehash:1=3; 
Previous 40: main:h:1=0; main:hash:1=3; main:rehash:1=3; 
Previous 41: main:h:1=0; main:hash:1=5; main:rehash:1=5; 
Previous 42: main:h:1=10; main:hash:1=10; main:rehash:1=1; 
Previous 43: main:h:1=3; main:hash:1=2; main:rehash:1=1; 
Previous 44: main:h:1=6774; main:hash:1=6774; main:rehash:1=6774; 
Previous 45: main:h:1=20; main:hash:1=10; main:rehash:1=5; 

Program:
extern int __VERIFIER_nondet_int(void);
/*
Commit Number: fa741cd4fffbbaa5d4ba9a15f53550ac7817cc92
URL: https://github.com/behdad/fontconfig/commit/fa741cd4fffbbaa5d4ba9a15f53550ac7817cc92
Project Name: fontconfig
License: MIT
termination: FALSE
*/
int main()
{
    int h = __VERIFIER_nondet_int();
    int hash = __VERIFIER_nondet_int();
    int rehash = __VERIFIER_nondet_int();
    if( h < 0 || hash <= 0 || rehash <= 0 || rehash > hash)
        return 0;
    int i = h % hash;
    int r;
    while( i < hash )
    {
        if( !r ) r = h % rehash;
        i += r;
    }
    return 0;
}

"
57,NT,"main:h:1=0
main:hash:1=1
main:rehash:1=1
",,DUPLICATE,,false,,"You generate concrete values for nondeterministic inputs in a C/C++ program.
Your goal is to produce ONE complete assignment set that is likely to make the program not terminate.

Important rules:
1. Return a value for EVERY listed nondeterministic input ID.
2. Use each ID exactly once.
3. Respect the declared C/C++ type.
4. For an array, return the value as an array containing exactly the required number of elements.
5. For char arrays, each element must be exactly one character. Return the character itself without C single quotes.
6. Prefer small-magnitude values unless larger values are necessary to achieve the requested execution behavior.

Nondeterministic inputs:
- id: main:h:1, type: int
- id: main:hash:1, type: int
- id: main:rehash:1, type: int

Previously generated assignment sets are listed below. Generate a materially different set and do not duplicate any of them.
Previous 1: main:h:1=5; main:hash:1=7; main:rehash:1=3; 
Previous 2: main:h:1=6; main:hash:1=10; main:rehash:1=4; 
Previous 3: main:h:1=1; main:hash:1=3; main:rehash:1=2; 
Previous 4: main:h:1=2; main:hash:1=4; main:rehash:1=3; 
Previous 5: main:h:1=6; main:hash:1=5; main:rehash:1=4; 
Previous 6: main:h:1=3; main:hash:1=5; main:rehash:1=4; 
Previous 7: main:h:1=4; main:hash:1=9; main:rehash:1=5; 
Previous 8: main:h:1=4; main:hash:1=7; main:rehash:1=3; 
Previous 9: main:h:1=7; main:hash:1=10; main:rehash:1=3; 
Previous 10: main:h:1=2; main:hash:1=5; main:rehash:1=3; 
Previous 11: main:h:1=100; main:hash:1=25; main:rehash:1=5; 
Previous 12: main:h:1=0; main:hash:1=2; main:rehash:1=1; 
Previous 13: main:h:1=0; main:hash:1=5; main:rehash:1=1; 
Previous 14: main:h:1=0; main:hash:1=1; main:rehash:1=1; 
Previous 15: main:h:1=1; main:hash:1=5; main:rehash:1=5; 
Previous 16: main:h:1=12; main:hash:1=3; main:rehash:1=3; 
Previous 17: main:h:1=0; main:hash:1=3; main:rehash:1=1; 
Previous 18: main:h:1=5; main:hash:1=5; main:rehash:1=1; 
Previous 19: main:h:1=10; main:hash:1=10; main:rehash:1=5; 
Previous 20: main:h:1=8; main:hash:1=9; main:rehash:1=4; 
Previous 21: main:h:1=4; main:hash:1=4; main:rehash:1=2; 
Previous 22: main:h:1=10; main:hash:1=10; main:rehash:1=2; 
Previous 23: main:h:1=20; main:hash:1=10; main:rehash:1=10; 
Previous 24: main:h:1=4; main:hash:1=5; main:rehash:1=2; 
Previous 25: main:h:1=7; main:hash:1=4; main:rehash:1=1; 
Previous 26: main:h:1=2; main:hash:1=3; main:rehash:1=1; 
Previous 27: main:h:1=0; main:hash:1=10; main:rehash:1=1; 
Previous 28: main:h:1=5; main:hash:1=10; main:rehash:1=5; 
Previous 29: main:h:1=0; main:hash:1=7; main:rehash:1=1; 
Previous 30: main:h:1=0; main:hash:1=2; main:rehash:1=2; 
Previous 31: main:h:1=12; main:hash:1=5; main:rehash:1=3; 
Previous 32: main:h:1=0; main:hash:1=10; main:rehash:1=5; 
Previous 33: main:h:1=8; main:hash:1=4; main:rehash:1=1; 
Previous 34: main:h:1=2; main:hash:1=3; main:rehash:1=5; 
Previous 35: main:h:1=6; main:hash:1=2; main:rehash:1=2; 
Previous 36: main:h:1=1; main:hash:1=2; main:rehash:1=1; 
Previous 37: main:h:1=6; main:hash:1=3; main:rehash:1=3; 
Previous 38: main:h:1=10; main:hash:1=5; main:rehash:1=5; 
Previous 39: main:h:1=-1; main:hash:1=5; main:rehash:1=3; 
Previous 40: main:h:1=0; main:hash:1=3; main:rehash:1=3; 
Previous 41: main:h:1=0; main:hash:1=5; main:rehash:1=5; 
Previous 42: main:h:1=10; main:hash:1=10; main:rehash:1=1; 
Previous 43: main:h:1=3; main:hash:1=2; main:rehash:1=1; 
Previous 44: main:h:1=6774; main:hash:1=6774; main:rehash:1=6774; 
Previous 45: main:h:1=20; main:hash:1=10; main:rehash:1=5; 
Previous 46: main:h:1=9; main:hash:1=5; main:rehash:1=3; 

Program:
extern int __VERIFIER_nondet_int(void);
/*
Commit Number: fa741cd4fffbbaa5d4ba9a15f53550ac7817cc92
URL: https://github.com/behdad/fontconfig/commit/fa741cd4fffbbaa5d4ba9a15f53550ac7817cc92
Project Name: fontconfig
License: MIT
termination: FALSE
*/
int main()
{
    int h = __VERIFIER_nondet_int();
    int hash = __VERIFIER_nondet_int();
    int rehash = __VERIFIER_nondet_int();
    if( h < 0 || hash <= 0 || rehash <= 0 || rehash > hash)
        return 0;
    int i = h % hash;
    int r;
    while( i < hash )
    {
        if( !r ) r = h % rehash;
        i += r;
    }
    return 0;
}

"
58,NT,"main:h:1=15
main:hash:1=10
main:rehash:1=5
",,COMPLETED,T,false,,"You generate concrete values for nondeterministic inputs in a C/C++ program.
Your goal is to produce ONE complete assignment set that is likely to make the program not terminate.

Important rules:
1. Return a value for EVERY listed nondeterministic input ID.
2. Use each ID exactly once.
3. Respect the declared C/C++ type.
4. For an array, return the value as an array containing exactly the required number of elements.
5. For char arrays, each element must be exactly one character. Return the character itself without C single quotes.
6. Prefer small-magnitude values unless larger values are necessary to achieve the requested execution behavior.

Nondeterministic inputs:
- id: main:h:1, type: int
- id: main:hash:1, type: int
- id: main:rehash:1, type: int

Previously generated assignment sets are listed below. Generate a materially different set and do not duplicate any of them.
Previous 1: main:h:1=5; main:hash:1=7; main:rehash:1=3; 
Previous 2: main:h:1=6; main:hash:1=10; main:rehash:1=4; 
Previous 3: main:h:1=1; main:hash:1=3; main:rehash:1=2; 
Previous 4: main:h:1=2; main:hash:1=4; main:rehash:1=3; 
Previous 5: main:h:1=6; main:hash:1=5; main:rehash:1=4; 
Previous 6: main:h:1=3; main:hash:1=5; main:rehash:1=4; 
Previous 7: main:h:1=4; main:hash:1=9; main:rehash:1=5; 
Previous 8: main:h:1=4; main:hash:1=7; main:rehash:1=3; 
Previous 9: main:h:1=7; main:hash:1=10; main:rehash:1=3; 
Previous 10: main:h:1=2; main:hash:1=5; main:rehash:1=3; 
Previous 11: main:h:1=100; main:hash:1=25; main:rehash:1=5; 
Previous 12: main:h:1=0; main:hash:1=2; main:rehash:1=1; 
Previous 13: main:h:1=0; main:hash:1=5; main:rehash:1=1; 
Previous 14: main:h:1=0; main:hash:1=1; main:rehash:1=1; 
Previous 15: main:h:1=1; main:hash:1=5; main:rehash:1=5; 
Previous 16: main:h:1=12; main:hash:1=3; main:rehash:1=3; 
Previous 17: main:h:1=0; main:hash:1=3; main:rehash:1=1; 
Previous 18: main:h:1=5; main:hash:1=5; main:rehash:1=1; 
Previous 19: main:h:1=10; main:hash:1=10; main:rehash:1=5; 
Previous 20: main:h:1=8; main:hash:1=9; main:rehash:1=4; 
Previous 21: main:h:1=4; main:hash:1=4; main:rehash:1=2; 
Previous 22: main:h:1=10; main:hash:1=10; main:rehash:1=2; 
Previous 23: main:h:1=20; main:hash:1=10; main:rehash:1=10; 
Previous 24: main:h:1=4; main:hash:1=5; main:rehash:1=2; 
Previous 25: main:h:1=7; main:hash:1=4; main:rehash:1=1; 
Previous 26: main:h:1=2; main:hash:1=3; main:rehash:1=1; 
Previous 27: main:h:1=0; main:hash:1=10; main:rehash:1=1; 
Previous 28: main:h:1=5; main:hash:1=10; main:rehash:1=5; 
Previous 29: main:h:1=0; main:hash:1=7; main:rehash:1=1; 
Previous 30: main:h:1=0; main:hash:1=2; main:rehash:1=2; 
Previous 31: main:h:1=12; main:hash:1=5; main:rehash:1=3; 
Previous 32: main:h:1=0; main:hash:1=10; main:rehash:1=5; 
Previous 33: main:h:1=8; main:hash:1=4; main:rehash:1=1; 
Previous 34: main:h:1=2; main:hash:1=3; main:rehash:1=5; 
Previous 35: main:h:1=6; main:hash:1=2; main:rehash:1=2; 
Previous 36: main:h:1=1; main:hash:1=2; main:rehash:1=1; 
Previous 37: main:h:1=6; main:hash:1=3; main:rehash:1=3; 
Previous 38: main:h:1=10; main:hash:1=5; main:rehash:1=5; 
Previous 39: main:h:1=-1; main:hash:1=5; main:rehash:1=3; 
Previous 40: main:h:1=0; main:hash:1=3; main:rehash:1=3; 
Previous 41: main:h:1=0; main:hash:1=5; main:rehash:1=5; 
Previous 42: main:h:1=10; main:hash:1=10; main:rehash:1=1; 
Previous 43: main:h:1=3; main:hash:1=2; main:rehash:1=1; 
Previous 44: main:h:1=6774; main:hash:1=6774; main:rehash:1=6774; 
Previous 45: main:h:1=20; main:hash:1=10; main:rehash:1=5; 
Previous 46: main:h:1=9; main:hash:1=5; main:rehash:1=3; 

Program:
extern int __VERIFIER_nondet_int(void);
/*
Commit Number: fa741cd4fffbbaa5d4ba9a15f53550ac7817cc92
URL: https://github.com/behdad/fontconfig/commit/fa741cd4fffbbaa5d4ba9a15f53550ac7817cc92
Project Name: fontconfig
License: MIT
termination: FALSE
*/
int main()
{
    int h = __VERIFIER_nondet_int();
    int hash = __VERIFIER_nondet_int();
    int rehash = __VERIFIER_nondet_int();
    if( h < 0 || hash <= 0 || rehash <= 0 || rehash > hash)
        return 0;
    int i = h % hash;
    int r;
    while( i < hash )
    {
        if( !r ) r = h % rehash;
        i += r;
    }
    return 0;
}

"
59,NT,"main:h:1=12
main:hash:1=20
main:rehash:1=4
",,COMPLETED,T,false,,"You generate concrete values for nondeterministic inputs in a C/C++ program.
Your goal is to produce ONE complete assignment set that is likely to make the program not terminate.

Important rules:
1. Return a value for EVERY listed nondeterministic input ID.
2. Use each ID exactly once.
3. Respect the declared C/C++ type.
4. For an array, return the value as an array containing exactly the required number of elements.
5. For char arrays, each element must be exactly one character. Return the character itself without C single quotes.
6. Prefer small-magnitude values unless larger values are necessary to achieve the requested execution behavior.

Nondeterministic inputs:
- id: main:h:1, type: int
- id: main:hash:1, type: int
- id: main:rehash:1, type: int

Previously generated assignment sets are listed below. Generate a materially different set and do not duplicate any of them.
Previous 1: main:h:1=5; main:hash:1=7; main:rehash:1=3; 
Previous 2: main:h:1=6; main:hash:1=10; main:rehash:1=4; 
Previous 3: main:h:1=1; main:hash:1=3; main:rehash:1=2; 
Previous 4: main:h:1=2; main:hash:1=4; main:rehash:1=3; 
Previous 5: main:h:1=6; main:hash:1=5; main:rehash:1=4; 
Previous 6: main:h:1=3; main:hash:1=5; main:rehash:1=4; 
Previous 7: main:h:1=4; main:hash:1=9; main:rehash:1=5; 
Previous 8: main:h:1=4; main:hash:1=7; main:rehash:1=3; 
Previous 9: main:h:1=7; main:hash:1=10; main:rehash:1=3; 
Previous 10: main:h:1=2; main:hash:1=5; main:rehash:1=3; 
Previous 11: main:h:1=100; main:hash:1=25; main:rehash:1=5; 
Previous 12: main:h:1=0; main:hash:1=2; main:rehash:1=1; 
Previous 13: main:h:1=0; main:hash:1=5; main:rehash:1=1; 
Previous 14: main:h:1=0; main:hash:1=1; main:rehash:1=1; 
Previous 15: main:h:1=1; main:hash:1=5; main:rehash:1=5; 
Previous 16: main:h:1=12; main:hash:1=3; main:rehash:1=3; 
Previous 17: main:h:1=0; main:hash:1=3; main:rehash:1=1; 
Previous 18: main:h:1=5; main:hash:1=5; main:rehash:1=1; 
Previous 19: main:h:1=10; main:hash:1=10; main:rehash:1=5; 
Previous 20: main:h:1=8; main:hash:1=9; main:rehash:1=4; 
Previous 21: main:h:1=4; main:hash:1=4; main:rehash:1=2; 
Previous 22: main:h:1=10; main:hash:1=10; main:rehash:1=2; 
Previous 23: main:h:1=20; main:hash:1=10; main:rehash:1=10; 
Previous 24: main:h:1=4; main:hash:1=5; main:rehash:1=2; 
Previous 25: main:h:1=7; main:hash:1=4; main:rehash:1=1; 
Previous 26: main:h:1=2; main:hash:1=3; main:rehash:1=1; 
Previous 27: main:h:1=0; main:hash:1=10; main:rehash:1=1; 
Previous 28: main:h:1=5; main:hash:1=10; main:rehash:1=5; 
Previous 29: main:h:1=0; main:hash:1=7; main:rehash:1=1; 
Previous 30: main:h:1=0; main:hash:1=2; main:rehash:1=2; 
Previous 31: main:h:1=12; main:hash:1=5; main:rehash:1=3; 
Previous 32: main:h:1=0; main:hash:1=10; main:rehash:1=5; 
Previous 33: main:h:1=8; main:hash:1=4; main:rehash:1=1; 
Previous 34: main:h:1=2; main:hash:1=3; main:rehash:1=5; 
Previous 35: main:h:1=6; main:hash:1=2; main:rehash:1=2; 
Previous 36: main:h:1=1; main:hash:1=2; main:rehash:1=1; 
Previous 37: main:h:1=6; main:hash:1=3; main:rehash:1=3; 
Previous 38: main:h:1=10; main:hash:1=5; main:rehash:1=5; 
Previous 39: main:h:1=-1; main:hash:1=5; main:rehash:1=3; 
Previous 40: main:h:1=0; main:hash:1=3; main:rehash:1=3; 
Previous 41: main:h:1=0; main:hash:1=5; main:rehash:1=5; 
Previous 42: main:h:1=10; main:hash:1=10; main:rehash:1=1; 
Previous 43: main:h:1=3; main:hash:1=2; main:rehash:1=1; 
Previous 44: main:h:1=6774; main:hash:1=6774; main:rehash:1=6774; 
Previous 45: main:h:1=20; main:hash:1=10; main:rehash:1=5; 
Previous 46: main:h:1=9; main:hash:1=5; main:rehash:1=3; 
Previous 47: main:h:1=15; main:hash:1=10; main:rehash:1=5; 

Program:
extern int __VERIFIER_nondet_int(void);
/*
Commit Number: fa741cd4fffbbaa5d4ba9a15f53550ac7817cc92
URL: https://github.com/behdad/fontconfig/commit/fa741cd4fffbbaa5d4ba9a15f53550ac7817cc92
Project Name: fontconfig
License: MIT
termination: FALSE
*/
int main()
{
    int h = __VERIFIER_nondet_int();
    int hash = __VERIFIER_nondet_int();
    int rehash = __VERIFIER_nondet_int();
    if( h < 0 || hash <= 0 || rehash <= 0 || rehash > hash)
        return 0;
    int i = h % hash;
    int r;
    while( i < hash )
    {
        if( !r ) r = h % rehash;
        i += r;
    }
    return 0;
}

"
60,NT,"main:h:1=1
main:hash:1=2
main:rehash:1=1
",,DUPLICATE,,false,,"You generate concrete values for nondeterministic inputs in a C/C++ program.
Your goal is to produce ONE complete assignment set that is likely to make the program not terminate.

Important rules:
1. Return a value for EVERY listed nondeterministic input ID.
2. Use each ID exactly once.
3. Respect the declared C/C++ type.
4. For an array, return the value as an array containing exactly the required number of elements.
5. For char arrays, each element must be exactly one character. Return the character itself without C single quotes.
6. Prefer small-magnitude values unless larger values are necessary to achieve the requested execution behavior.

Nondeterministic inputs:
- id: main:h:1, type: int
- id: main:hash:1, type: int
- id: main:rehash:1, type: int

Previously generated assignment sets are listed below. Generate a materially different set and do not duplicate any of them.
Previous 1: main:h:1=5; main:hash:1=7; main:rehash:1=3; 
Previous 2: main:h:1=6; main:hash:1=10; main:rehash:1=4; 
Previous 3: main:h:1=1; main:hash:1=3; main:rehash:1=2; 
Previous 4: main:h:1=2; main:hash:1=4; main:rehash:1=3; 
Previous 5: main:h:1=6; main:hash:1=5; main:rehash:1=4; 
Previous 6: main:h:1=3; main:hash:1=5; main:rehash:1=4; 
Previous 7: main:h:1=4; main:hash:1=9; main:rehash:1=5; 
Previous 8: main:h:1=4; main:hash:1=7; main:rehash:1=3; 
Previous 9: main:h:1=7; main:hash:1=10; main:rehash:1=3; 
Previous 10: main:h:1=2; main:hash:1=5; main:rehash:1=3; 
Previous 11: main:h:1=100; main:hash:1=25; main:rehash:1=5; 
Previous 12: main:h:1=0; main:hash:1=2; main:rehash:1=1; 
Previous 13: main:h:1=0; main:hash:1=5; main:rehash:1=1; 
Previous 14: main:h:1=0; main:hash:1=1; main:rehash:1=1; 
Previous 15: main:h:1=1; main:hash:1=5; main:rehash:1=5; 
Previous 16: main:h:1=12; main:hash:1=3; main:rehash:1=3; 
Previous 17: main:h:1=0; main:hash:1=3; main:rehash:1=1; 
Previous 18: main:h:1=5; main:hash:1=5; main:rehash:1=1; 
Previous 19: main:h:1=10; main:hash:1=10; main:rehash:1=5; 
Previous 20: main:h:1=8; main:hash:1=9; main:rehash:1=4; 
Previous 21: main:h:1=4; main:hash:1=4; main:rehash:1=2; 
Previous 22: main:h:1=10; main:hash:1=10; main:rehash:1=2; 
Previous 23: main:h:1=20; main:hash:1=10; main:rehash:1=10; 
Previous 24: main:h:1=4; main:hash:1=5; main:rehash:1=2; 
Previous 25: main:h:1=7; main:hash:1=4; main:rehash:1=1; 
Previous 26: main:h:1=2; main:hash:1=3; main:rehash:1=1; 
Previous 27: main:h:1=0; main:hash:1=10; main:rehash:1=1; 
Previous 28: main:h:1=5; main:hash:1=10; main:rehash:1=5; 
Previous 29: main:h:1=0; main:hash:1=7; main:rehash:1=1; 
Previous 30: main:h:1=0; main:hash:1=2; main:rehash:1=2; 
Previous 31: main:h:1=12; main:hash:1=5; main:rehash:1=3; 
Previous 32: main:h:1=0; main:hash:1=10; main:rehash:1=5; 
Previous 33: main:h:1=8; main:hash:1=4; main:rehash:1=1; 
Previous 34: main:h:1=2; main:hash:1=3; main:rehash:1=5; 
Previous 35: main:h:1=6; main:hash:1=2; main:rehash:1=2; 
Previous 36: main:h:1=1; main:hash:1=2; main:rehash:1=1; 
Previous 37: main:h:1=6; main:hash:1=3; main:rehash:1=3; 
Previous 38: main:h:1=10; main:hash:1=5; main:rehash:1=5; 
Previous 39: main:h:1=-1; main:hash:1=5; main:rehash:1=3; 
Previous 40: main:h:1=0; main:hash:1=3; main:rehash:1=3; 
Previous 41: main:h:1=0; main:hash:1=5; main:rehash:1=5; 
Previous 42: main:h:1=10; main:hash:1=10; main:rehash:1=1; 
Previous 43: main:h:1=3; main:hash:1=2; main:rehash:1=1; 
Previous 44: main:h:1=6774; main:hash:1=6774; main:rehash:1=6774; 
Previous 45: main:h:1=20; main:hash:1=10; main:rehash:1=5; 
Previous 46: main:h:1=9; main:hash:1=5; main:rehash:1=3; 
Previous 47: main:h:1=15; main:hash:1=10; main:rehash:1=5; 
Previous 48: main:h:1=12; main:hash:1=20; main:rehash:1=4; 

Program:
extern int __VERIFIER_nondet_int(void);
/*
Commit Number: fa741cd4fffbbaa5d4ba9a15f53550ac7817cc92
URL: https://github.com/behdad/fontconfig/commit/fa741cd4fffbbaa5d4ba9a15f53550ac7817cc92
Project Name: fontconfig
License: MIT
termination: FALSE
*/
int main()
{
    int h = __VERIFIER_nondet_int();
    int hash = __VERIFIER_nondet_int();
    int rehash = __VERIFIER_nondet_int();
    if( h < 0 || hash <= 0 || rehash <= 0 || rehash > hash)
        return 0;
    int i = h % hash;
    int r;
    while( i < hash )
    {
        if( !r ) r = h % rehash;
        i += r;
    }
    return 0;
}

"
