Candidate,Target,Assignments,ProgramPath,ExecutionResult,Label,Accepted,Error,Prompt
1,T,"main:c1:1=0
main:c2:1='1'
",/home/quasar/Documents/FocusTNT/results_InputGeneration/FSE/loop/Type_Conversion_in_Comparison_2_NT/input_generator_artifacts/generated_programs/Type_Conversion_in_Comparison_2_NT_TestCase1.c,COMPLETED,T,true,,"You generate concrete values for nondeterministic inputs in a C/C++ program.
Your goal is to produce ONE complete assignment set that is likely to make the program terminate.

Important rules:
1. Return a value for EVERY listed nondeterministic input ID.
2. Use each ID exactly once.
3. Respect the declared C/C++ type.
4. For an array, return the value as an array containing exactly the required number of elements.
5. For char arrays, each element must be exactly one character. Return the character itself without C single quotes.
6. Prefer small-magnitude values unless larger values are necessary to achieve the requested execution behavior.

Nondeterministic inputs:
- id: main:c1:1, type: unsigned char
- id: main:c2:1, type: char

Program:
extern unsigned char __VERIFIER_nondet_uchar(void);
extern char __VERIFIER_nondet_char(void);
/*

Commit Number: 34c30c8ad3725e0c4a7242278ff2606f422cff93
URL: https://github.com/asterisk/asterisk/commit/34c30c8ad3725e0c4a7242278ff2606f422cff93
Project Name: asterisk
License: GPL-2.0
termination: FALSE
*/
int main()
{
	unsigned char c1 = __VERIFIER_nondet_uchar();
	char c2 =  __VERIFIER_nondet_char();
	unsigned char ac;
	for( ac = c1 ; ac != c2 ; ac++ )
	{
        //do nothing;
	}
	return 0;
 }

"
2,T,"main:c1:1=5
main:c2:1='A'
",/home/quasar/Documents/FocusTNT/results_InputGeneration/FSE/loop/Type_Conversion_in_Comparison_2_NT/input_generator_artifacts/generated_programs/Type_Conversion_in_Comparison_2_NT_TestCase2.c,COMPLETED,T,true,,"You generate concrete values for nondeterministic inputs in a C/C++ program.
Your goal is to produce ONE complete assignment set that is likely to make the program terminate.

Important rules:
1. Return a value for EVERY listed nondeterministic input ID.
2. Use each ID exactly once.
3. Respect the declared C/C++ type.
4. For an array, return the value as an array containing exactly the required number of elements.
5. For char arrays, each element must be exactly one character. Return the character itself without C single quotes.
6. Prefer small-magnitude values unless larger values are necessary to achieve the requested execution behavior.

Nondeterministic inputs:
- id: main:c1:1, type: unsigned char
- id: main:c2:1, type: char

Previously generated assignment sets are listed below. Generate a materially different set and do not duplicate any of them.
Previous 1: main:c1:1=0; main:c2:1='1'; 

Program:
extern unsigned char __VERIFIER_nondet_uchar(void);
extern char __VERIFIER_nondet_char(void);
/*

Commit Number: 34c30c8ad3725e0c4a7242278ff2606f422cff93
URL: https://github.com/asterisk/asterisk/commit/34c30c8ad3725e0c4a7242278ff2606f422cff93
Project Name: asterisk
License: GPL-2.0
termination: FALSE
*/
int main()
{
	unsigned char c1 = __VERIFIER_nondet_uchar();
	char c2 =  __VERIFIER_nondet_char();
	unsigned char ac;
	for( ac = c1 ; ac != c2 ; ac++ )
	{
        //do nothing;
	}
	return 0;
 }

"
3,T,"main:c1:1=1
main:c2:1='b'
",/home/quasar/Documents/FocusTNT/results_InputGeneration/FSE/loop/Type_Conversion_in_Comparison_2_NT/input_generator_artifacts/generated_programs/Type_Conversion_in_Comparison_2_NT_TestCase3.c,COMPLETED,T,true,,"You generate concrete values for nondeterministic inputs in a C/C++ program.
Your goal is to produce ONE complete assignment set that is likely to make the program terminate.

Important rules:
1. Return a value for EVERY listed nondeterministic input ID.
2. Use each ID exactly once.
3. Respect the declared C/C++ type.
4. For an array, return the value as an array containing exactly the required number of elements.
5. For char arrays, each element must be exactly one character. Return the character itself without C single quotes.
6. Prefer small-magnitude values unless larger values are necessary to achieve the requested execution behavior.

Nondeterministic inputs:
- id: main:c1:1, type: unsigned char
- id: main:c2:1, type: char

Previously generated assignment sets are listed below. Generate a materially different set and do not duplicate any of them.
Previous 1: main:c1:1=0; main:c2:1='1'; 
Previous 2: main:c1:1=5; main:c2:1='A'; 

Program:
extern unsigned char __VERIFIER_nondet_uchar(void);
extern char __VERIFIER_nondet_char(void);
/*

Commit Number: 34c30c8ad3725e0c4a7242278ff2606f422cff93
URL: https://github.com/asterisk/asterisk/commit/34c30c8ad3725e0c4a7242278ff2606f422cff93
Project Name: asterisk
License: GPL-2.0
termination: FALSE
*/
int main()
{
	unsigned char c1 = __VERIFIER_nondet_uchar();
	char c2 =  __VERIFIER_nondet_char();
	unsigned char ac;
	for( ac = c1 ; ac != c2 ; ac++ )
	{
        //do nothing;
	}
	return 0;
 }

"
4,T,"main:c1:1=10
main:c2:1='C'
",/home/quasar/Documents/FocusTNT/results_InputGeneration/FSE/loop/Type_Conversion_in_Comparison_2_NT/input_generator_artifacts/generated_programs/Type_Conversion_in_Comparison_2_NT_TestCase4.c,COMPLETED,T,true,,"You generate concrete values for nondeterministic inputs in a C/C++ program.
Your goal is to produce ONE complete assignment set that is likely to make the program terminate.

Important rules:
1. Return a value for EVERY listed nondeterministic input ID.
2. Use each ID exactly once.
3. Respect the declared C/C++ type.
4. For an array, return the value as an array containing exactly the required number of elements.
5. For char arrays, each element must be exactly one character. Return the character itself without C single quotes.
6. Prefer small-magnitude values unless larger values are necessary to achieve the requested execution behavior.

Nondeterministic inputs:
- id: main:c1:1, type: unsigned char
- id: main:c2:1, type: char

Previously generated assignment sets are listed below. Generate a materially different set and do not duplicate any of them.
Previous 1: main:c1:1=0; main:c2:1='1'; 
Previous 2: main:c1:1=5; main:c2:1='A'; 
Previous 3: main:c1:1=1; main:c2:1='b'; 

Program:
extern unsigned char __VERIFIER_nondet_uchar(void);
extern char __VERIFIER_nondet_char(void);
/*

Commit Number: 34c30c8ad3725e0c4a7242278ff2606f422cff93
URL: https://github.com/asterisk/asterisk/commit/34c30c8ad3725e0c4a7242278ff2606f422cff93
Project Name: asterisk
License: GPL-2.0
termination: FALSE
*/
int main()
{
	unsigned char c1 = __VERIFIER_nondet_uchar();
	char c2 =  __VERIFIER_nondet_char();
	unsigned char ac;
	for( ac = c1 ; ac != c2 ; ac++ )
	{
        //do nothing;
	}
	return 0;
 }

"
5,T,"main:c1:1=8
main:c2:1='a'
",/home/quasar/Documents/FocusTNT/results_InputGeneration/FSE/loop/Type_Conversion_in_Comparison_2_NT/input_generator_artifacts/generated_programs/Type_Conversion_in_Comparison_2_NT_TestCase5.c,COMPLETED,T,true,,"You generate concrete values for nondeterministic inputs in a C/C++ program.
Your goal is to produce ONE complete assignment set that is likely to make the program terminate.

Important rules:
1. Return a value for EVERY listed nondeterministic input ID.
2. Use each ID exactly once.
3. Respect the declared C/C++ type.
4. For an array, return the value as an array containing exactly the required number of elements.
5. For char arrays, each element must be exactly one character. Return the character itself without C single quotes.
6. Prefer small-magnitude values unless larger values are necessary to achieve the requested execution behavior.

Nondeterministic inputs:
- id: main:c1:1, type: unsigned char
- id: main:c2:1, type: char

Previously generated assignment sets are listed below. Generate a materially different set and do not duplicate any of them.
Previous 1: main:c1:1=0; main:c2:1='1'; 
Previous 2: main:c1:1=5; main:c2:1='A'; 
Previous 3: main:c1:1=1; main:c2:1='b'; 
Previous 4: main:c1:1=10; main:c2:1='C'; 

Program:
extern unsigned char __VERIFIER_nondet_uchar(void);
extern char __VERIFIER_nondet_char(void);
/*

Commit Number: 34c30c8ad3725e0c4a7242278ff2606f422cff93
URL: https://github.com/asterisk/asterisk/commit/34c30c8ad3725e0c4a7242278ff2606f422cff93
Project Name: asterisk
License: GPL-2.0
termination: FALSE
*/
int main()
{
	unsigned char c1 = __VERIFIER_nondet_uchar();
	char c2 =  __VERIFIER_nondet_char();
	unsigned char ac;
	for( ac = c1 ; ac != c2 ; ac++ )
	{
        //do nothing;
	}
	return 0;
 }

"
6,T,"main:c1:1=2
main:c2:1='B'
",/home/quasar/Documents/FocusTNT/results_InputGeneration/FSE/loop/Type_Conversion_in_Comparison_2_NT/input_generator_artifacts/generated_programs/Type_Conversion_in_Comparison_2_NT_TestCase6.c,COMPLETED,T,true,,"You generate concrete values for nondeterministic inputs in a C/C++ program.
Your goal is to produce ONE complete assignment set that is likely to make the program terminate.

Important rules:
1. Return a value for EVERY listed nondeterministic input ID.
2. Use each ID exactly once.
3. Respect the declared C/C++ type.
4. For an array, return the value as an array containing exactly the required number of elements.
5. For char arrays, each element must be exactly one character. Return the character itself without C single quotes.
6. Prefer small-magnitude values unless larger values are necessary to achieve the requested execution behavior.

Nondeterministic inputs:
- id: main:c1:1, type: unsigned char
- id: main:c2:1, type: char

Previously generated assignment sets are listed below. Generate a materially different set and do not duplicate any of them.
Previous 1: main:c1:1=0; main:c2:1='1'; 
Previous 2: main:c1:1=5; main:c2:1='A'; 
Previous 3: main:c1:1=1; main:c2:1='b'; 
Previous 4: main:c1:1=10; main:c2:1='C'; 
Previous 5: main:c1:1=8; main:c2:1='a'; 

Program:
extern unsigned char __VERIFIER_nondet_uchar(void);
extern char __VERIFIER_nondet_char(void);
/*

Commit Number: 34c30c8ad3725e0c4a7242278ff2606f422cff93
URL: https://github.com/asterisk/asterisk/commit/34c30c8ad3725e0c4a7242278ff2606f422cff93
Project Name: asterisk
License: GPL-2.0
termination: FALSE
*/
int main()
{
	unsigned char c1 = __VERIFIER_nondet_uchar();
	char c2 =  __VERIFIER_nondet_char();
	unsigned char ac;
	for( ac = c1 ; ac != c2 ; ac++ )
	{
        //do nothing;
	}
	return 0;
 }

"
7,T,"main:c1:1=3
main:c2:1='d'
",/home/quasar/Documents/FocusTNT/results_InputGeneration/FSE/loop/Type_Conversion_in_Comparison_2_NT/input_generator_artifacts/generated_programs/Type_Conversion_in_Comparison_2_NT_TestCase7.c,COMPLETED,T,true,,"You generate concrete values for nondeterministic inputs in a C/C++ program.
Your goal is to produce ONE complete assignment set that is likely to make the program terminate.

Important rules:
1. Return a value for EVERY listed nondeterministic input ID.
2. Use each ID exactly once.
3. Respect the declared C/C++ type.
4. For an array, return the value as an array containing exactly the required number of elements.
5. For char arrays, each element must be exactly one character. Return the character itself without C single quotes.
6. Prefer small-magnitude values unless larger values are necessary to achieve the requested execution behavior.

Nondeterministic inputs:
- id: main:c1:1, type: unsigned char
- id: main:c2:1, type: char

Previously generated assignment sets are listed below. Generate a materially different set and do not duplicate any of them.
Previous 1: main:c1:1=0; main:c2:1='1'; 
Previous 2: main:c1:1=5; main:c2:1='A'; 
Previous 3: main:c1:1=1; main:c2:1='b'; 
Previous 4: main:c1:1=10; main:c2:1='C'; 
Previous 5: main:c1:1=8; main:c2:1='a'; 
Previous 6: main:c1:1=2; main:c2:1='B'; 

Program:
extern unsigned char __VERIFIER_nondet_uchar(void);
extern char __VERIFIER_nondet_char(void);
/*

Commit Number: 34c30c8ad3725e0c4a7242278ff2606f422cff93
URL: https://github.com/asterisk/asterisk/commit/34c30c8ad3725e0c4a7242278ff2606f422cff93
Project Name: asterisk
License: GPL-2.0
termination: FALSE
*/
int main()
{
	unsigned char c1 = __VERIFIER_nondet_uchar();
	char c2 =  __VERIFIER_nondet_char();
	unsigned char ac;
	for( ac = c1 ; ac != c2 ; ac++ )
	{
        //do nothing;
	}
	return 0;
 }

"
8,T,"main:c1:1=4
main:c2:1='6'
",/home/quasar/Documents/FocusTNT/results_InputGeneration/FSE/loop/Type_Conversion_in_Comparison_2_NT/input_generator_artifacts/generated_programs/Type_Conversion_in_Comparison_2_NT_TestCase8.c,COMPLETED,T,true,,"You generate concrete values for nondeterministic inputs in a C/C++ program.
Your goal is to produce ONE complete assignment set that is likely to make the program terminate.

Important rules:
1. Return a value for EVERY listed nondeterministic input ID.
2. Use each ID exactly once.
3. Respect the declared C/C++ type.
4. For an array, return the value as an array containing exactly the required number of elements.
5. For char arrays, each element must be exactly one character. Return the character itself without C single quotes.
6. Prefer small-magnitude values unless larger values are necessary to achieve the requested execution behavior.

Nondeterministic inputs:
- id: main:c1:1, type: unsigned char
- id: main:c2:1, type: char

Previously generated assignment sets are listed below. Generate a materially different set and do not duplicate any of them.
Previous 1: main:c1:1=0; main:c2:1='1'; 
Previous 2: main:c1:1=5; main:c2:1='A'; 
Previous 3: main:c1:1=1; main:c2:1='b'; 
Previous 4: main:c1:1=10; main:c2:1='C'; 
Previous 5: main:c1:1=8; main:c2:1='a'; 
Previous 6: main:c1:1=2; main:c2:1='B'; 
Previous 7: main:c1:1=3; main:c2:1='d'; 

Program:
extern unsigned char __VERIFIER_nondet_uchar(void);
extern char __VERIFIER_nondet_char(void);
/*

Commit Number: 34c30c8ad3725e0c4a7242278ff2606f422cff93
URL: https://github.com/asterisk/asterisk/commit/34c30c8ad3725e0c4a7242278ff2606f422cff93
Project Name: asterisk
License: GPL-2.0
termination: FALSE
*/
int main()
{
	unsigned char c1 = __VERIFIER_nondet_uchar();
	char c2 =  __VERIFIER_nondet_char();
	unsigned char ac;
	for( ac = c1 ; ac != c2 ; ac++ )
	{
        //do nothing;
	}
	return 0;
 }

"
9,T,"main:c1:1=7
main:c2:1='\''
",/home/quasar/Documents/FocusTNT/results_InputGeneration/FSE/loop/Type_Conversion_in_Comparison_2_NT/input_generator_artifacts/generated_programs/Type_Conversion_in_Comparison_2_NT_TestCase9.c,COMPLETED,T,true,,"You generate concrete values for nondeterministic inputs in a C/C++ program.
Your goal is to produce ONE complete assignment set that is likely to make the program terminate.

Important rules:
1. Return a value for EVERY listed nondeterministic input ID.
2. Use each ID exactly once.
3. Respect the declared C/C++ type.
4. For an array, return the value as an array containing exactly the required number of elements.
5. For char arrays, each element must be exactly one character. Return the character itself without C single quotes.
6. Prefer small-magnitude values unless larger values are necessary to achieve the requested execution behavior.

Nondeterministic inputs:
- id: main:c1:1, type: unsigned char
- id: main:c2:1, type: char

Previously generated assignment sets are listed below. Generate a materially different set and do not duplicate any of them.
Previous 1: main:c1:1=0; main:c2:1='1'; 
Previous 2: main:c1:1=5; main:c2:1='A'; 
Previous 3: main:c1:1=1; main:c2:1='b'; 
Previous 4: main:c1:1=10; main:c2:1='C'; 
Previous 5: main:c1:1=8; main:c2:1='a'; 
Previous 6: main:c1:1=2; main:c2:1='B'; 
Previous 7: main:c1:1=3; main:c2:1='d'; 
Previous 8: main:c1:1=4; main:c2:1='6'; 

Program:
extern unsigned char __VERIFIER_nondet_uchar(void);
extern char __VERIFIER_nondet_char(void);
/*

Commit Number: 34c30c8ad3725e0c4a7242278ff2606f422cff93
URL: https://github.com/asterisk/asterisk/commit/34c30c8ad3725e0c4a7242278ff2606f422cff93
Project Name: asterisk
License: GPL-2.0
termination: FALSE
*/
int main()
{
	unsigned char c1 = __VERIFIER_nondet_uchar();
	char c2 =  __VERIFIER_nondet_char();
	unsigned char ac;
	for( ac = c1 ; ac != c2 ; ac++ )
	{
        //do nothing;
	}
	return 0;
 }

"
10,T,"main:c1:1=200
main:c2:1='X'
",/home/quasar/Documents/FocusTNT/results_InputGeneration/FSE/loop/Type_Conversion_in_Comparison_2_NT/input_generator_artifacts/generated_programs/Type_Conversion_in_Comparison_2_NT_TestCase10.c,COMPLETED,T,true,,"You generate concrete values for nondeterministic inputs in a C/C++ program.
Your goal is to produce ONE complete assignment set that is likely to make the program terminate.

Important rules:
1. Return a value for EVERY listed nondeterministic input ID.
2. Use each ID exactly once.
3. Respect the declared C/C++ type.
4. For an array, return the value as an array containing exactly the required number of elements.
5. For char arrays, each element must be exactly one character. Return the character itself without C single quotes.
6. Prefer small-magnitude values unless larger values are necessary to achieve the requested execution behavior.

Nondeterministic inputs:
- id: main:c1:1, type: unsigned char
- id: main:c2:1, type: char

Previously generated assignment sets are listed below. Generate a materially different set and do not duplicate any of them.
Previous 1: main:c1:1=0; main:c2:1='1'; 
Previous 2: main:c1:1=5; main:c2:1='A'; 
Previous 3: main:c1:1=1; main:c2:1='b'; 
Previous 4: main:c1:1=10; main:c2:1='C'; 
Previous 5: main:c1:1=8; main:c2:1='a'; 
Previous 6: main:c1:1=2; main:c2:1='B'; 
Previous 7: main:c1:1=3; main:c2:1='d'; 
Previous 8: main:c1:1=4; main:c2:1='6'; 
Previous 9: main:c1:1=7; main:c2:1='\''; 

Program:
extern unsigned char __VERIFIER_nondet_uchar(void);
extern char __VERIFIER_nondet_char(void);
/*

Commit Number: 34c30c8ad3725e0c4a7242278ff2606f422cff93
URL: https://github.com/asterisk/asterisk/commit/34c30c8ad3725e0c4a7242278ff2606f422cff93
Project Name: asterisk
License: GPL-2.0
termination: FALSE
*/
int main()
{
	unsigned char c1 = __VERIFIER_nondet_uchar();
	char c2 =  __VERIFIER_nondet_char();
	unsigned char ac;
	for( ac = c1 ; ac != c2 ; ac++ )
	{
        //do nothing;
	}
	return 0;
 }

"
11,NT,"main:c1:1=0
main:c2:1='\''
",,COMPLETED,T,false,,"You generate concrete values for nondeterministic inputs in a C/C++ program.
Your goal is to produce ONE complete assignment set that is likely to make the program not terminate.

Important rules:
1. Return a value for EVERY listed nondeterministic input ID.
2. Use each ID exactly once.
3. Respect the declared C/C++ type.
4. For an array, return the value as an array containing exactly the required number of elements.
5. For char arrays, each element must be exactly one character. Return the character itself without C single quotes.
6. Prefer small-magnitude values unless larger values are necessary to achieve the requested execution behavior.

Nondeterministic inputs:
- id: main:c1:1, type: unsigned char
- id: main:c2:1, type: char

Previously generated assignment sets are listed below. Generate a materially different set and do not duplicate any of them.
Previous 1: main:c1:1=0; main:c2:1='1'; 
Previous 2: main:c1:1=5; main:c2:1='A'; 
Previous 3: main:c1:1=1; main:c2:1='b'; 
Previous 4: main:c1:1=10; main:c2:1='C'; 
Previous 5: main:c1:1=8; main:c2:1='a'; 
Previous 6: main:c1:1=2; main:c2:1='B'; 
Previous 7: main:c1:1=3; main:c2:1='d'; 
Previous 8: main:c1:1=4; main:c2:1='6'; 
Previous 9: main:c1:1=7; main:c2:1='\''; 
Previous 10: main:c1:1=200; main:c2:1='X'; 

Program:
extern unsigned char __VERIFIER_nondet_uchar(void);
extern char __VERIFIER_nondet_char(void);
/*

Commit Number: 34c30c8ad3725e0c4a7242278ff2606f422cff93
URL: https://github.com/asterisk/asterisk/commit/34c30c8ad3725e0c4a7242278ff2606f422cff93
Project Name: asterisk
License: GPL-2.0
termination: FALSE
*/
int main()
{
	unsigned char c1 = __VERIFIER_nondet_uchar();
	char c2 =  __VERIFIER_nondet_char();
	unsigned char ac;
	for( ac = c1 ; ac != c2 ; ac++ )
	{
        //do nothing;
	}
	return 0;
 }

"
12,NT,"main:c1:1=123
main:c2:1='\''
",,COMPLETED,T,false,,"You generate concrete values for nondeterministic inputs in a C/C++ program.
Your goal is to produce ONE complete assignment set that is likely to make the program not terminate.

Important rules:
1. Return a value for EVERY listed nondeterministic input ID.
2. Use each ID exactly once.
3. Respect the declared C/C++ type.
4. For an array, return the value as an array containing exactly the required number of elements.
5. For char arrays, each element must be exactly one character. Return the character itself without C single quotes.
6. Prefer small-magnitude values unless larger values are necessary to achieve the requested execution behavior.

Nondeterministic inputs:
- id: main:c1:1, type: unsigned char
- id: main:c2:1, type: char

Previously generated assignment sets are listed below. Generate a materially different set and do not duplicate any of them.
Previous 1: main:c1:1=0; main:c2:1='1'; 
Previous 2: main:c1:1=5; main:c2:1='A'; 
Previous 3: main:c1:1=1; main:c2:1='b'; 
Previous 4: main:c1:1=10; main:c2:1='C'; 
Previous 5: main:c1:1=8; main:c2:1='a'; 
Previous 6: main:c1:1=2; main:c2:1='B'; 
Previous 7: main:c1:1=3; main:c2:1='d'; 
Previous 8: main:c1:1=4; main:c2:1='6'; 
Previous 9: main:c1:1=7; main:c2:1='\''; 
Previous 10: main:c1:1=200; main:c2:1='X'; 
Previous 11: main:c1:1=0; main:c2:1='\''; 

Program:
extern unsigned char __VERIFIER_nondet_uchar(void);
extern char __VERIFIER_nondet_char(void);
/*

Commit Number: 34c30c8ad3725e0c4a7242278ff2606f422cff93
URL: https://github.com/asterisk/asterisk/commit/34c30c8ad3725e0c4a7242278ff2606f422cff93
Project Name: asterisk
License: GPL-2.0
termination: FALSE
*/
int main()
{
	unsigned char c1 = __VERIFIER_nondet_uchar();
	char c2 =  __VERIFIER_nondet_char();
	unsigned char ac;
	for( ac = c1 ; ac != c2 ; ac++ )
	{
        //do nothing;
	}
	return 0;
 }

"
13,NT,"main:c1:1=5
main:c2:1='\''
",,COMPLETED,T,false,,"You generate concrete values for nondeterministic inputs in a C/C++ program.
Your goal is to produce ONE complete assignment set that is likely to make the program not terminate.

Important rules:
1. Return a value for EVERY listed nondeterministic input ID.
2. Use each ID exactly once.
3. Respect the declared C/C++ type.
4. For an array, return the value as an array containing exactly the required number of elements.
5. For char arrays, each element must be exactly one character. Return the character itself without C single quotes.
6. Prefer small-magnitude values unless larger values are necessary to achieve the requested execution behavior.

Nondeterministic inputs:
- id: main:c1:1, type: unsigned char
- id: main:c2:1, type: char

Previously generated assignment sets are listed below. Generate a materially different set and do not duplicate any of them.
Previous 1: main:c1:1=0; main:c2:1='1'; 
Previous 2: main:c1:1=5; main:c2:1='A'; 
Previous 3: main:c1:1=1; main:c2:1='b'; 
Previous 4: main:c1:1=10; main:c2:1='C'; 
Previous 5: main:c1:1=8; main:c2:1='a'; 
Previous 6: main:c1:1=2; main:c2:1='B'; 
Previous 7: main:c1:1=3; main:c2:1='d'; 
Previous 8: main:c1:1=4; main:c2:1='6'; 
Previous 9: main:c1:1=7; main:c2:1='\''; 
Previous 10: main:c1:1=200; main:c2:1='X'; 
Previous 11: main:c1:1=0; main:c2:1='\''; 
Previous 12: main:c1:1=123; main:c2:1='\''; 

Program:
extern unsigned char __VERIFIER_nondet_uchar(void);
extern char __VERIFIER_nondet_char(void);
/*

Commit Number: 34c30c8ad3725e0c4a7242278ff2606f422cff93
URL: https://github.com/asterisk/asterisk/commit/34c30c8ad3725e0c4a7242278ff2606f422cff93
Project Name: asterisk
License: GPL-2.0
termination: FALSE
*/
int main()
{
	unsigned char c1 = __VERIFIER_nondet_uchar();
	char c2 =  __VERIFIER_nondet_char();
	unsigned char ac;
	for( ac = c1 ; ac != c2 ; ac++ )
	{
        //do nothing;
	}
	return 0;
 }

"
14,NT,"main:c1:1=0
main:c2:1=''
",,COMPLETED,T,false,,"You generate concrete values for nondeterministic inputs in a C/C++ program.
Your goal is to produce ONE complete assignment set that is likely to make the program not terminate.

Important rules:
1. Return a value for EVERY listed nondeterministic input ID.
2. Use each ID exactly once.
3. Respect the declared C/C++ type.
4. For an array, return the value as an array containing exactly the required number of elements.
5. For char arrays, each element must be exactly one character. Return the character itself without C single quotes.
6. Prefer small-magnitude values unless larger values are necessary to achieve the requested execution behavior.

Nondeterministic inputs:
- id: main:c1:1, type: unsigned char
- id: main:c2:1, type: char

Previously generated assignment sets are listed below. Generate a materially different set and do not duplicate any of them.
Previous 1: main:c1:1=0; main:c2:1='1'; 
Previous 2: main:c1:1=5; main:c2:1='A'; 
Previous 3: main:c1:1=1; main:c2:1='b'; 
Previous 4: main:c1:1=10; main:c2:1='C'; 
Previous 5: main:c1:1=8; main:c2:1='a'; 
Previous 6: main:c1:1=2; main:c2:1='B'; 
Previous 7: main:c1:1=3; main:c2:1='d'; 
Previous 8: main:c1:1=4; main:c2:1='6'; 
Previous 9: main:c1:1=7; main:c2:1='\''; 
Previous 10: main:c1:1=200; main:c2:1='X'; 
Previous 11: main:c1:1=0; main:c2:1='\''; 
Previous 12: main:c1:1=123; main:c2:1='\''; 
Previous 13: main:c1:1=5; main:c2:1='\''; 

Program:
extern unsigned char __VERIFIER_nondet_uchar(void);
extern char __VERIFIER_nondet_char(void);
/*

Commit Number: 34c30c8ad3725e0c4a7242278ff2606f422cff93
URL: https://github.com/asterisk/asterisk/commit/34c30c8ad3725e0c4a7242278ff2606f422cff93
Project Name: asterisk
License: GPL-2.0
termination: FALSE
*/
int main()
{
	unsigned char c1 = __VERIFIER_nondet_uchar();
	char c2 =  __VERIFIER_nondet_char();
	unsigned char ac;
	for( ac = c1 ; ac != c2 ; ac++ )
	{
        //do nothing;
	}
	return 0;
 }

"
15,NT,"main:c1:1=0
main:c2:1=''
",,DUPLICATE,,false,,"You generate concrete values for nondeterministic inputs in a C/C++ program.
Your goal is to produce ONE complete assignment set that is likely to make the program not terminate.

Important rules:
1. Return a value for EVERY listed nondeterministic input ID.
2. Use each ID exactly once.
3. Respect the declared C/C++ type.
4. For an array, return the value as an array containing exactly the required number of elements.
5. For char arrays, each element must be exactly one character. Return the character itself without C single quotes.
6. Prefer small-magnitude values unless larger values are necessary to achieve the requested execution behavior.

Nondeterministic inputs:
- id: main:c1:1, type: unsigned char
- id: main:c2:1, type: char

Previously generated assignment sets are listed below. Generate a materially different set and do not duplicate any of them.
Previous 1: main:c1:1=0; main:c2:1='1'; 
Previous 2: main:c1:1=5; main:c2:1='A'; 
Previous 3: main:c1:1=1; main:c2:1='b'; 
Previous 4: main:c1:1=10; main:c2:1='C'; 
Previous 5: main:c1:1=8; main:c2:1='a'; 
Previous 6: main:c1:1=2; main:c2:1='B'; 
Previous 7: main:c1:1=3; main:c2:1='d'; 
Previous 8: main:c1:1=4; main:c2:1='6'; 
Previous 9: main:c1:1=7; main:c2:1='\''; 
Previous 10: main:c1:1=200; main:c2:1='X'; 
Previous 11: main:c1:1=0; main:c2:1='\''; 
Previous 12: main:c1:1=123; main:c2:1='\''; 
Previous 13: main:c1:1=5; main:c2:1='\''; 
Previous 14: main:c1:1=0; main:c2:1=''; 

Program:
extern unsigned char __VERIFIER_nondet_uchar(void);
extern char __VERIFIER_nondet_char(void);
/*

Commit Number: 34c30c8ad3725e0c4a7242278ff2606f422cff93
URL: https://github.com/asterisk/asterisk/commit/34c30c8ad3725e0c4a7242278ff2606f422cff93
Project Name: asterisk
License: GPL-2.0
termination: FALSE
*/
int main()
{
	unsigned char c1 = __VERIFIER_nondet_uchar();
	char c2 =  __VERIFIER_nondet_char();
	unsigned char ac;
	for( ac = c1 ; ac != c2 ; ac++ )
	{
        //do nothing;
	}
	return 0;
 }

"
16,NT,"main:c1:1=0
main:c2:1='\''
",,DUPLICATE,,false,,"You generate concrete values for nondeterministic inputs in a C/C++ program.
Your goal is to produce ONE complete assignment set that is likely to make the program not terminate.

Important rules:
1. Return a value for EVERY listed nondeterministic input ID.
2. Use each ID exactly once.
3. Respect the declared C/C++ type.
4. For an array, return the value as an array containing exactly the required number of elements.
5. For char arrays, each element must be exactly one character. Return the character itself without C single quotes.
6. Prefer small-magnitude values unless larger values are necessary to achieve the requested execution behavior.

Nondeterministic inputs:
- id: main:c1:1, type: unsigned char
- id: main:c2:1, type: char

Previously generated assignment sets are listed below. Generate a materially different set and do not duplicate any of them.
Previous 1: main:c1:1=0; main:c2:1='1'; 
Previous 2: main:c1:1=5; main:c2:1='A'; 
Previous 3: main:c1:1=1; main:c2:1='b'; 
Previous 4: main:c1:1=10; main:c2:1='C'; 
Previous 5: main:c1:1=8; main:c2:1='a'; 
Previous 6: main:c1:1=2; main:c2:1='B'; 
Previous 7: main:c1:1=3; main:c2:1='d'; 
Previous 8: main:c1:1=4; main:c2:1='6'; 
Previous 9: main:c1:1=7; main:c2:1='\''; 
Previous 10: main:c1:1=200; main:c2:1='X'; 
Previous 11: main:c1:1=0; main:c2:1='\''; 
Previous 12: main:c1:1=123; main:c2:1='\''; 
Previous 13: main:c1:1=5; main:c2:1='\''; 
Previous 14: main:c1:1=0; main:c2:1=''; 

Program:
extern unsigned char __VERIFIER_nondet_uchar(void);
extern char __VERIFIER_nondet_char(void);
/*

Commit Number: 34c30c8ad3725e0c4a7242278ff2606f422cff93
URL: https://github.com/asterisk/asterisk/commit/34c30c8ad3725e0c4a7242278ff2606f422cff93
Project Name: asterisk
License: GPL-2.0
termination: FALSE
*/
int main()
{
	unsigned char c1 = __VERIFIER_nondet_uchar();
	char c2 =  __VERIFIER_nondet_char();
	unsigned char ac;
	for( ac = c1 ; ac != c2 ; ac++ )
	{
        //do nothing;
	}
	return 0;
 }

"
17,NT,"main:c1:1=0
main:c2:1=''
",,DUPLICATE,,false,,"You generate concrete values for nondeterministic inputs in a C/C++ program.
Your goal is to produce ONE complete assignment set that is likely to make the program not terminate.

Important rules:
1. Return a value for EVERY listed nondeterministic input ID.
2. Use each ID exactly once.
3. Respect the declared C/C++ type.
4. For an array, return the value as an array containing exactly the required number of elements.
5. For char arrays, each element must be exactly one character. Return the character itself without C single quotes.
6. Prefer small-magnitude values unless larger values are necessary to achieve the requested execution behavior.

Nondeterministic inputs:
- id: main:c1:1, type: unsigned char
- id: main:c2:1, type: char

Previously generated assignment sets are listed below. Generate a materially different set and do not duplicate any of them.
Previous 1: main:c1:1=0; main:c2:1='1'; 
Previous 2: main:c1:1=5; main:c2:1='A'; 
Previous 3: main:c1:1=1; main:c2:1='b'; 
Previous 4: main:c1:1=10; main:c2:1='C'; 
Previous 5: main:c1:1=8; main:c2:1='a'; 
Previous 6: main:c1:1=2; main:c2:1='B'; 
Previous 7: main:c1:1=3; main:c2:1='d'; 
Previous 8: main:c1:1=4; main:c2:1='6'; 
Previous 9: main:c1:1=7; main:c2:1='\''; 
Previous 10: main:c1:1=200; main:c2:1='X'; 
Previous 11: main:c1:1=0; main:c2:1='\''; 
Previous 12: main:c1:1=123; main:c2:1='\''; 
Previous 13: main:c1:1=5; main:c2:1='\''; 
Previous 14: main:c1:1=0; main:c2:1=''; 

Program:
extern unsigned char __VERIFIER_nondet_uchar(void);
extern char __VERIFIER_nondet_char(void);
/*

Commit Number: 34c30c8ad3725e0c4a7242278ff2606f422cff93
URL: https://github.com/asterisk/asterisk/commit/34c30c8ad3725e0c4a7242278ff2606f422cff93
Project Name: asterisk
License: GPL-2.0
termination: FALSE
*/
int main()
{
	unsigned char c1 = __VERIFIER_nondet_uchar();
	char c2 =  __VERIFIER_nondet_char();
	unsigned char ac;
	for( ac = c1 ; ac != c2 ; ac++ )
	{
        //do nothing;
	}
	return 0;
 }

"
18,NT,"main:c1:1=0
main:c2:1='\''
",,DUPLICATE,,false,,"You generate concrete values for nondeterministic inputs in a C/C++ program.
Your goal is to produce ONE complete assignment set that is likely to make the program not terminate.

Important rules:
1. Return a value for EVERY listed nondeterministic input ID.
2. Use each ID exactly once.
3. Respect the declared C/C++ type.
4. For an array, return the value as an array containing exactly the required number of elements.
5. For char arrays, each element must be exactly one character. Return the character itself without C single quotes.
6. Prefer small-magnitude values unless larger values are necessary to achieve the requested execution behavior.

Nondeterministic inputs:
- id: main:c1:1, type: unsigned char
- id: main:c2:1, type: char

Previously generated assignment sets are listed below. Generate a materially different set and do not duplicate any of them.
Previous 1: main:c1:1=0; main:c2:1='1'; 
Previous 2: main:c1:1=5; main:c2:1='A'; 
Previous 3: main:c1:1=1; main:c2:1='b'; 
Previous 4: main:c1:1=10; main:c2:1='C'; 
Previous 5: main:c1:1=8; main:c2:1='a'; 
Previous 6: main:c1:1=2; main:c2:1='B'; 
Previous 7: main:c1:1=3; main:c2:1='d'; 
Previous 8: main:c1:1=4; main:c2:1='6'; 
Previous 9: main:c1:1=7; main:c2:1='\''; 
Previous 10: main:c1:1=200; main:c2:1='X'; 
Previous 11: main:c1:1=0; main:c2:1='\''; 
Previous 12: main:c1:1=123; main:c2:1='\''; 
Previous 13: main:c1:1=5; main:c2:1='\''; 
Previous 14: main:c1:1=0; main:c2:1=''; 

Program:
extern unsigned char __VERIFIER_nondet_uchar(void);
extern char __VERIFIER_nondet_char(void);
/*

Commit Number: 34c30c8ad3725e0c4a7242278ff2606f422cff93
URL: https://github.com/asterisk/asterisk/commit/34c30c8ad3725e0c4a7242278ff2606f422cff93
Project Name: asterisk
License: GPL-2.0
termination: FALSE
*/
int main()
{
	unsigned char c1 = __VERIFIER_nondet_uchar();
	char c2 =  __VERIFIER_nondet_char();
	unsigned char ac;
	for( ac = c1 ; ac != c2 ; ac++ )
	{
        //do nothing;
	}
	return 0;
 }

"
19,NT,"main:c1:1=10
main:c2:1=''
",,COMPLETED,T,false,,"You generate concrete values for nondeterministic inputs in a C/C++ program.
Your goal is to produce ONE complete assignment set that is likely to make the program not terminate.

Important rules:
1. Return a value for EVERY listed nondeterministic input ID.
2. Use each ID exactly once.
3. Respect the declared C/C++ type.
4. For an array, return the value as an array containing exactly the required number of elements.
5. For char arrays, each element must be exactly one character. Return the character itself without C single quotes.
6. Prefer small-magnitude values unless larger values are necessary to achieve the requested execution behavior.

Nondeterministic inputs:
- id: main:c1:1, type: unsigned char
- id: main:c2:1, type: char

Previously generated assignment sets are listed below. Generate a materially different set and do not duplicate any of them.
Previous 1: main:c1:1=0; main:c2:1='1'; 
Previous 2: main:c1:1=5; main:c2:1='A'; 
Previous 3: main:c1:1=1; main:c2:1='b'; 
Previous 4: main:c1:1=10; main:c2:1='C'; 
Previous 5: main:c1:1=8; main:c2:1='a'; 
Previous 6: main:c1:1=2; main:c2:1='B'; 
Previous 7: main:c1:1=3; main:c2:1='d'; 
Previous 8: main:c1:1=4; main:c2:1='6'; 
Previous 9: main:c1:1=7; main:c2:1='\''; 
Previous 10: main:c1:1=200; main:c2:1='X'; 
Previous 11: main:c1:1=0; main:c2:1='\''; 
Previous 12: main:c1:1=123; main:c2:1='\''; 
Previous 13: main:c1:1=5; main:c2:1='\''; 
Previous 14: main:c1:1=0; main:c2:1=''; 

Program:
extern unsigned char __VERIFIER_nondet_uchar(void);
extern char __VERIFIER_nondet_char(void);
/*

Commit Number: 34c30c8ad3725e0c4a7242278ff2606f422cff93
URL: https://github.com/asterisk/asterisk/commit/34c30c8ad3725e0c4a7242278ff2606f422cff93
Project Name: asterisk
License: GPL-2.0
termination: FALSE
*/
int main()
{
	unsigned char c1 = __VERIFIER_nondet_uchar();
	char c2 =  __VERIFIER_nondet_char();
	unsigned char ac;
	for( ac = c1 ; ac != c2 ; ac++ )
	{
        //do nothing;
	}
	return 0;
 }

"
20,NT,"main:c1:1=0
main:c2:1='\''
",,DUPLICATE,,false,,"You generate concrete values for nondeterministic inputs in a C/C++ program.
Your goal is to produce ONE complete assignment set that is likely to make the program not terminate.

Important rules:
1. Return a value for EVERY listed nondeterministic input ID.
2. Use each ID exactly once.
3. Respect the declared C/C++ type.
4. For an array, return the value as an array containing exactly the required number of elements.
5. For char arrays, each element must be exactly one character. Return the character itself without C single quotes.
6. Prefer small-magnitude values unless larger values are necessary to achieve the requested execution behavior.

Nondeterministic inputs:
- id: main:c1:1, type: unsigned char
- id: main:c2:1, type: char

Previously generated assignment sets are listed below. Generate a materially different set and do not duplicate any of them.
Previous 1: main:c1:1=0; main:c2:1='1'; 
Previous 2: main:c1:1=5; main:c2:1='A'; 
Previous 3: main:c1:1=1; main:c2:1='b'; 
Previous 4: main:c1:1=10; main:c2:1='C'; 
Previous 5: main:c1:1=8; main:c2:1='a'; 
Previous 6: main:c1:1=2; main:c2:1='B'; 
Previous 7: main:c1:1=3; main:c2:1='d'; 
Previous 8: main:c1:1=4; main:c2:1='6'; 
Previous 9: main:c1:1=7; main:c2:1='\''; 
Previous 10: main:c1:1=200; main:c2:1='X'; 
Previous 11: main:c1:1=0; main:c2:1='\''; 
Previous 12: main:c1:1=123; main:c2:1='\''; 
Previous 13: main:c1:1=5; main:c2:1='\''; 
Previous 14: main:c1:1=0; main:c2:1=''; 
Previous 15: main:c1:1=10; main:c2:1=''; 

Program:
extern unsigned char __VERIFIER_nondet_uchar(void);
extern char __VERIFIER_nondet_char(void);
/*

Commit Number: 34c30c8ad3725e0c4a7242278ff2606f422cff93
URL: https://github.com/asterisk/asterisk/commit/34c30c8ad3725e0c4a7242278ff2606f422cff93
Project Name: asterisk
License: GPL-2.0
termination: FALSE
*/
int main()
{
	unsigned char c1 = __VERIFIER_nondet_uchar();
	char c2 =  __VERIFIER_nondet_char();
	unsigned char ac;
	for( ac = c1 ; ac != c2 ; ac++ )
	{
        //do nothing;
	}
	return 0;
 }

"
21,NT,"main:c1:1=9
main:c2:1='\''
",,COMPLETED,T,false,,"You generate concrete values for nondeterministic inputs in a C/C++ program.
Your goal is to produce ONE complete assignment set that is likely to make the program not terminate.

Important rules:
1. Return a value for EVERY listed nondeterministic input ID.
2. Use each ID exactly once.
3. Respect the declared C/C++ type.
4. For an array, return the value as an array containing exactly the required number of elements.
5. For char arrays, each element must be exactly one character. Return the character itself without C single quotes.
6. Prefer small-magnitude values unless larger values are necessary to achieve the requested execution behavior.

Nondeterministic inputs:
- id: main:c1:1, type: unsigned char
- id: main:c2:1, type: char

Previously generated assignment sets are listed below. Generate a materially different set and do not duplicate any of them.
Previous 1: main:c1:1=0; main:c2:1='1'; 
Previous 2: main:c1:1=5; main:c2:1='A'; 
Previous 3: main:c1:1=1; main:c2:1='b'; 
Previous 4: main:c1:1=10; main:c2:1='C'; 
Previous 5: main:c1:1=8; main:c2:1='a'; 
Previous 6: main:c1:1=2; main:c2:1='B'; 
Previous 7: main:c1:1=3; main:c2:1='d'; 
Previous 8: main:c1:1=4; main:c2:1='6'; 
Previous 9: main:c1:1=7; main:c2:1='\''; 
Previous 10: main:c1:1=200; main:c2:1='X'; 
Previous 11: main:c1:1=0; main:c2:1='\''; 
Previous 12: main:c1:1=123; main:c2:1='\''; 
Previous 13: main:c1:1=5; main:c2:1='\''; 
Previous 14: main:c1:1=0; main:c2:1=''; 
Previous 15: main:c1:1=10; main:c2:1=''; 

Program:
extern unsigned char __VERIFIER_nondet_uchar(void);
extern char __VERIFIER_nondet_char(void);
/*

Commit Number: 34c30c8ad3725e0c4a7242278ff2606f422cff93
URL: https://github.com/asterisk/asterisk/commit/34c30c8ad3725e0c4a7242278ff2606f422cff93
Project Name: asterisk
License: GPL-2.0
termination: FALSE
*/
int main()
{
	unsigned char c1 = __VERIFIER_nondet_uchar();
	char c2 =  __VERIFIER_nondet_char();
	unsigned char ac;
	for( ac = c1 ; ac != c2 ; ac++ )
	{
        //do nothing;
	}
	return 0;
 }

"
22,NT,"main:c1:1=10
main:c2:1='\''
",,COMPLETED,T,false,,"You generate concrete values for nondeterministic inputs in a C/C++ program.
Your goal is to produce ONE complete assignment set that is likely to make the program not terminate.

Important rules:
1. Return a value for EVERY listed nondeterministic input ID.
2. Use each ID exactly once.
3. Respect the declared C/C++ type.
4. For an array, return the value as an array containing exactly the required number of elements.
5. For char arrays, each element must be exactly one character. Return the character itself without C single quotes.
6. Prefer small-magnitude values unless larger values are necessary to achieve the requested execution behavior.

Nondeterministic inputs:
- id: main:c1:1, type: unsigned char
- id: main:c2:1, type: char

Previously generated assignment sets are listed below. Generate a materially different set and do not duplicate any of them.
Previous 1: main:c1:1=0; main:c2:1='1'; 
Previous 2: main:c1:1=5; main:c2:1='A'; 
Previous 3: main:c1:1=1; main:c2:1='b'; 
Previous 4: main:c1:1=10; main:c2:1='C'; 
Previous 5: main:c1:1=8; main:c2:1='a'; 
Previous 6: main:c1:1=2; main:c2:1='B'; 
Previous 7: main:c1:1=3; main:c2:1='d'; 
Previous 8: main:c1:1=4; main:c2:1='6'; 
Previous 9: main:c1:1=7; main:c2:1='\''; 
Previous 10: main:c1:1=200; main:c2:1='X'; 
Previous 11: main:c1:1=0; main:c2:1='\''; 
Previous 12: main:c1:1=123; main:c2:1='\''; 
Previous 13: main:c1:1=5; main:c2:1='\''; 
Previous 14: main:c1:1=0; main:c2:1=''; 
Previous 15: main:c1:1=10; main:c2:1=''; 
Previous 16: main:c1:1=9; main:c2:1='\''; 

Program:
extern unsigned char __VERIFIER_nondet_uchar(void);
extern char __VERIFIER_nondet_char(void);
/*

Commit Number: 34c30c8ad3725e0c4a7242278ff2606f422cff93
URL: https://github.com/asterisk/asterisk/commit/34c30c8ad3725e0c4a7242278ff2606f422cff93
Project Name: asterisk
License: GPL-2.0
termination: FALSE
*/
int main()
{
	unsigned char c1 = __VERIFIER_nondet_uchar();
	char c2 =  __VERIFIER_nondet_char();
	unsigned char ac;
	for( ac = c1 ; ac != c2 ; ac++ )
	{
        //do nothing;
	}
	return 0;
 }

"
23,NT,"main:c1:1=55
main:c2:1=''
",,COMPLETED,T,false,,"You generate concrete values for nondeterministic inputs in a C/C++ program.
Your goal is to produce ONE complete assignment set that is likely to make the program not terminate.

Important rules:
1. Return a value for EVERY listed nondeterministic input ID.
2. Use each ID exactly once.
3. Respect the declared C/C++ type.
4. For an array, return the value as an array containing exactly the required number of elements.
5. For char arrays, each element must be exactly one character. Return the character itself without C single quotes.
6. Prefer small-magnitude values unless larger values are necessary to achieve the requested execution behavior.

Nondeterministic inputs:
- id: main:c1:1, type: unsigned char
- id: main:c2:1, type: char

Previously generated assignment sets are listed below. Generate a materially different set and do not duplicate any of them.
Previous 1: main:c1:1=0; main:c2:1='1'; 
Previous 2: main:c1:1=5; main:c2:1='A'; 
Previous 3: main:c1:1=1; main:c2:1='b'; 
Previous 4: main:c1:1=10; main:c2:1='C'; 
Previous 5: main:c1:1=8; main:c2:1='a'; 
Previous 6: main:c1:1=2; main:c2:1='B'; 
Previous 7: main:c1:1=3; main:c2:1='d'; 
Previous 8: main:c1:1=4; main:c2:1='6'; 
Previous 9: main:c1:1=7; main:c2:1='\''; 
Previous 10: main:c1:1=200; main:c2:1='X'; 
Previous 11: main:c1:1=0; main:c2:1='\''; 
Previous 12: main:c1:1=123; main:c2:1='\''; 
Previous 13: main:c1:1=5; main:c2:1='\''; 
Previous 14: main:c1:1=0; main:c2:1=''; 
Previous 15: main:c1:1=10; main:c2:1=''; 
Previous 16: main:c1:1=9; main:c2:1='\''; 
Previous 17: main:c1:1=10; main:c2:1='\''; 

Program:
extern unsigned char __VERIFIER_nondet_uchar(void);
extern char __VERIFIER_nondet_char(void);
/*

Commit Number: 34c30c8ad3725e0c4a7242278ff2606f422cff93
URL: https://github.com/asterisk/asterisk/commit/34c30c8ad3725e0c4a7242278ff2606f422cff93
Project Name: asterisk
License: GPL-2.0
termination: FALSE
*/
int main()
{
	unsigned char c1 = __VERIFIER_nondet_uchar();
	char c2 =  __VERIFIER_nondet_char();
	unsigned char ac;
	for( ac = c1 ; ac != c2 ; ac++ )
	{
        //do nothing;
	}
	return 0;
 }

"
24,NT,"main:c1:1=42
main:c2:1='\''
",,COMPLETED,T,false,,"You generate concrete values for nondeterministic inputs in a C/C++ program.
Your goal is to produce ONE complete assignment set that is likely to make the program not terminate.

Important rules:
1. Return a value for EVERY listed nondeterministic input ID.
2. Use each ID exactly once.
3. Respect the declared C/C++ type.
4. For an array, return the value as an array containing exactly the required number of elements.
5. For char arrays, each element must be exactly one character. Return the character itself without C single quotes.
6. Prefer small-magnitude values unless larger values are necessary to achieve the requested execution behavior.

Nondeterministic inputs:
- id: main:c1:1, type: unsigned char
- id: main:c2:1, type: char

Previously generated assignment sets are listed below. Generate a materially different set and do not duplicate any of them.
Previous 1: main:c1:1=0; main:c2:1='1'; 
Previous 2: main:c1:1=5; main:c2:1='A'; 
Previous 3: main:c1:1=1; main:c2:1='b'; 
Previous 4: main:c1:1=10; main:c2:1='C'; 
Previous 5: main:c1:1=8; main:c2:1='a'; 
Previous 6: main:c1:1=2; main:c2:1='B'; 
Previous 7: main:c1:1=3; main:c2:1='d'; 
Previous 8: main:c1:1=4; main:c2:1='6'; 
Previous 9: main:c1:1=7; main:c2:1='\''; 
Previous 10: main:c1:1=200; main:c2:1='X'; 
Previous 11: main:c1:1=0; main:c2:1='\''; 
Previous 12: main:c1:1=123; main:c2:1='\''; 
Previous 13: main:c1:1=5; main:c2:1='\''; 
Previous 14: main:c1:1=0; main:c2:1=''; 
Previous 15: main:c1:1=10; main:c2:1=''; 
Previous 16: main:c1:1=9; main:c2:1='\''; 
Previous 17: main:c1:1=10; main:c2:1='\''; 
Previous 18: main:c1:1=55; main:c2:1=''; 

Program:
extern unsigned char __VERIFIER_nondet_uchar(void);
extern char __VERIFIER_nondet_char(void);
/*

Commit Number: 34c30c8ad3725e0c4a7242278ff2606f422cff93
URL: https://github.com/asterisk/asterisk/commit/34c30c8ad3725e0c4a7242278ff2606f422cff93
Project Name: asterisk
License: GPL-2.0
termination: FALSE
*/
int main()
{
	unsigned char c1 = __VERIFIER_nondet_uchar();
	char c2 =  __VERIFIER_nondet_char();
	unsigned char ac;
	for( ac = c1 ; ac != c2 ; ac++ )
	{
        //do nothing;
	}
	return 0;
 }

"
25,NT,"main:c1:1=0
main:c2:1='\''
",,DUPLICATE,,false,,"You generate concrete values for nondeterministic inputs in a C/C++ program.
Your goal is to produce ONE complete assignment set that is likely to make the program not terminate.

Important rules:
1. Return a value for EVERY listed nondeterministic input ID.
2. Use each ID exactly once.
3. Respect the declared C/C++ type.
4. For an array, return the value as an array containing exactly the required number of elements.
5. For char arrays, each element must be exactly one character. Return the character itself without C single quotes.
6. Prefer small-magnitude values unless larger values are necessary to achieve the requested execution behavior.

Nondeterministic inputs:
- id: main:c1:1, type: unsigned char
- id: main:c2:1, type: char

Previously generated assignment sets are listed below. Generate a materially different set and do not duplicate any of them.
Previous 1: main:c1:1=0; main:c2:1='1'; 
Previous 2: main:c1:1=5; main:c2:1='A'; 
Previous 3: main:c1:1=1; main:c2:1='b'; 
Previous 4: main:c1:1=10; main:c2:1='C'; 
Previous 5: main:c1:1=8; main:c2:1='a'; 
Previous 6: main:c1:1=2; main:c2:1='B'; 
Previous 7: main:c1:1=3; main:c2:1='d'; 
Previous 8: main:c1:1=4; main:c2:1='6'; 
Previous 9: main:c1:1=7; main:c2:1='\''; 
Previous 10: main:c1:1=200; main:c2:1='X'; 
Previous 11: main:c1:1=0; main:c2:1='\''; 
Previous 12: main:c1:1=123; main:c2:1='\''; 
Previous 13: main:c1:1=5; main:c2:1='\''; 
Previous 14: main:c1:1=0; main:c2:1=''; 
Previous 15: main:c1:1=10; main:c2:1=''; 
Previous 16: main:c1:1=9; main:c2:1='\''; 
Previous 17: main:c1:1=10; main:c2:1='\''; 
Previous 18: main:c1:1=55; main:c2:1=''; 
Previous 19: main:c1:1=42; main:c2:1='\''; 

Program:
extern unsigned char __VERIFIER_nondet_uchar(void);
extern char __VERIFIER_nondet_char(void);
/*

Commit Number: 34c30c8ad3725e0c4a7242278ff2606f422cff93
URL: https://github.com/asterisk/asterisk/commit/34c30c8ad3725e0c4a7242278ff2606f422cff93
Project Name: asterisk
License: GPL-2.0
termination: FALSE
*/
int main()
{
	unsigned char c1 = __VERIFIER_nondet_uchar();
	char c2 =  __VERIFIER_nondet_char();
	unsigned char ac;
	for( ac = c1 ; ac != c2 ; ac++ )
	{
        //do nothing;
	}
	return 0;
 }

"
26,NT,"main:c1:1=12
main:c2:1=''
",,COMPLETED,T,false,,"You generate concrete values for nondeterministic inputs in a C/C++ program.
Your goal is to produce ONE complete assignment set that is likely to make the program not terminate.

Important rules:
1. Return a value for EVERY listed nondeterministic input ID.
2. Use each ID exactly once.
3. Respect the declared C/C++ type.
4. For an array, return the value as an array containing exactly the required number of elements.
5. For char arrays, each element must be exactly one character. Return the character itself without C single quotes.
6. Prefer small-magnitude values unless larger values are necessary to achieve the requested execution behavior.

Nondeterministic inputs:
- id: main:c1:1, type: unsigned char
- id: main:c2:1, type: char

Previously generated assignment sets are listed below. Generate a materially different set and do not duplicate any of them.
Previous 1: main:c1:1=0; main:c2:1='1'; 
Previous 2: main:c1:1=5; main:c2:1='A'; 
Previous 3: main:c1:1=1; main:c2:1='b'; 
Previous 4: main:c1:1=10; main:c2:1='C'; 
Previous 5: main:c1:1=8; main:c2:1='a'; 
Previous 6: main:c1:1=2; main:c2:1='B'; 
Previous 7: main:c1:1=3; main:c2:1='d'; 
Previous 8: main:c1:1=4; main:c2:1='6'; 
Previous 9: main:c1:1=7; main:c2:1='\''; 
Previous 10: main:c1:1=200; main:c2:1='X'; 
Previous 11: main:c1:1=0; main:c2:1='\''; 
Previous 12: main:c1:1=123; main:c2:1='\''; 
Previous 13: main:c1:1=5; main:c2:1='\''; 
Previous 14: main:c1:1=0; main:c2:1=''; 
Previous 15: main:c1:1=10; main:c2:1=''; 
Previous 16: main:c1:1=9; main:c2:1='\''; 
Previous 17: main:c1:1=10; main:c2:1='\''; 
Previous 18: main:c1:1=55; main:c2:1=''; 
Previous 19: main:c1:1=42; main:c2:1='\''; 

Program:
extern unsigned char __VERIFIER_nondet_uchar(void);
extern char __VERIFIER_nondet_char(void);
/*

Commit Number: 34c30c8ad3725e0c4a7242278ff2606f422cff93
URL: https://github.com/asterisk/asterisk/commit/34c30c8ad3725e0c4a7242278ff2606f422cff93
Project Name: asterisk
License: GPL-2.0
termination: FALSE
*/
int main()
{
	unsigned char c1 = __VERIFIER_nondet_uchar();
	char c2 =  __VERIFIER_nondet_char();
	unsigned char ac;
	for( ac = c1 ; ac != c2 ; ac++ )
	{
        //do nothing;
	}
	return 0;
 }

"
27,NT,"main:c1:1=5
main:c2:1='\''
",,DUPLICATE,,false,,"You generate concrete values for nondeterministic inputs in a C/C++ program.
Your goal is to produce ONE complete assignment set that is likely to make the program not terminate.

Important rules:
1. Return a value for EVERY listed nondeterministic input ID.
2. Use each ID exactly once.
3. Respect the declared C/C++ type.
4. For an array, return the value as an array containing exactly the required number of elements.
5. For char arrays, each element must be exactly one character. Return the character itself without C single quotes.
6. Prefer small-magnitude values unless larger values are necessary to achieve the requested execution behavior.

Nondeterministic inputs:
- id: main:c1:1, type: unsigned char
- id: main:c2:1, type: char

Previously generated assignment sets are listed below. Generate a materially different set and do not duplicate any of them.
Previous 1: main:c1:1=0; main:c2:1='1'; 
Previous 2: main:c1:1=5; main:c2:1='A'; 
Previous 3: main:c1:1=1; main:c2:1='b'; 
Previous 4: main:c1:1=10; main:c2:1='C'; 
Previous 5: main:c1:1=8; main:c2:1='a'; 
Previous 6: main:c1:1=2; main:c2:1='B'; 
Previous 7: main:c1:1=3; main:c2:1='d'; 
Previous 8: main:c1:1=4; main:c2:1='6'; 
Previous 9: main:c1:1=7; main:c2:1='\''; 
Previous 10: main:c1:1=200; main:c2:1='X'; 
Previous 11: main:c1:1=0; main:c2:1='\''; 
Previous 12: main:c1:1=123; main:c2:1='\''; 
Previous 13: main:c1:1=5; main:c2:1='\''; 
Previous 14: main:c1:1=0; main:c2:1=''; 
Previous 15: main:c1:1=10; main:c2:1=''; 
Previous 16: main:c1:1=9; main:c2:1='\''; 
Previous 17: main:c1:1=10; main:c2:1='\''; 
Previous 18: main:c1:1=55; main:c2:1=''; 
Previous 19: main:c1:1=42; main:c2:1='\''; 
Previous 20: main:c1:1=12; main:c2:1=''; 

Program:
extern unsigned char __VERIFIER_nondet_uchar(void);
extern char __VERIFIER_nondet_char(void);
/*

Commit Number: 34c30c8ad3725e0c4a7242278ff2606f422cff93
URL: https://github.com/asterisk/asterisk/commit/34c30c8ad3725e0c4a7242278ff2606f422cff93
Project Name: asterisk
License: GPL-2.0
termination: FALSE
*/
int main()
{
	unsigned char c1 = __VERIFIER_nondet_uchar();
	char c2 =  __VERIFIER_nondet_char();
	unsigned char ac;
	for( ac = c1 ; ac != c2 ; ac++ )
	{
        //do nothing;
	}
	return 0;
 }

"
28,NT,"main:c1:1=0
main:c2:1='\''
",,DUPLICATE,,false,,"You generate concrete values for nondeterministic inputs in a C/C++ program.
Your goal is to produce ONE complete assignment set that is likely to make the program not terminate.

Important rules:
1. Return a value for EVERY listed nondeterministic input ID.
2. Use each ID exactly once.
3. Respect the declared C/C++ type.
4. For an array, return the value as an array containing exactly the required number of elements.
5. For char arrays, each element must be exactly one character. Return the character itself without C single quotes.
6. Prefer small-magnitude values unless larger values are necessary to achieve the requested execution behavior.

Nondeterministic inputs:
- id: main:c1:1, type: unsigned char
- id: main:c2:1, type: char

Previously generated assignment sets are listed below. Generate a materially different set and do not duplicate any of them.
Previous 1: main:c1:1=0; main:c2:1='1'; 
Previous 2: main:c1:1=5; main:c2:1='A'; 
Previous 3: main:c1:1=1; main:c2:1='b'; 
Previous 4: main:c1:1=10; main:c2:1='C'; 
Previous 5: main:c1:1=8; main:c2:1='a'; 
Previous 6: main:c1:1=2; main:c2:1='B'; 
Previous 7: main:c1:1=3; main:c2:1='d'; 
Previous 8: main:c1:1=4; main:c2:1='6'; 
Previous 9: main:c1:1=7; main:c2:1='\''; 
Previous 10: main:c1:1=200; main:c2:1='X'; 
Previous 11: main:c1:1=0; main:c2:1='\''; 
Previous 12: main:c1:1=123; main:c2:1='\''; 
Previous 13: main:c1:1=5; main:c2:1='\''; 
Previous 14: main:c1:1=0; main:c2:1=''; 
Previous 15: main:c1:1=10; main:c2:1=''; 
Previous 16: main:c1:1=9; main:c2:1='\''; 
Previous 17: main:c1:1=10; main:c2:1='\''; 
Previous 18: main:c1:1=55; main:c2:1=''; 
Previous 19: main:c1:1=42; main:c2:1='\''; 
Previous 20: main:c1:1=12; main:c2:1=''; 

Program:
extern unsigned char __VERIFIER_nondet_uchar(void);
extern char __VERIFIER_nondet_char(void);
/*

Commit Number: 34c30c8ad3725e0c4a7242278ff2606f422cff93
URL: https://github.com/asterisk/asterisk/commit/34c30c8ad3725e0c4a7242278ff2606f422cff93
Project Name: asterisk
License: GPL-2.0
termination: FALSE
*/
int main()
{
	unsigned char c1 = __VERIFIER_nondet_uchar();
	char c2 =  __VERIFIER_nondet_char();
	unsigned char ac;
	for( ac = c1 ; ac != c2 ; ac++ )
	{
        //do nothing;
	}
	return 0;
 }

"
29,NT,"main:c1:1=0
main:c2:1='\''
",,DUPLICATE,,false,,"You generate concrete values for nondeterministic inputs in a C/C++ program.
Your goal is to produce ONE complete assignment set that is likely to make the program not terminate.

Important rules:
1. Return a value for EVERY listed nondeterministic input ID.
2. Use each ID exactly once.
3. Respect the declared C/C++ type.
4. For an array, return the value as an array containing exactly the required number of elements.
5. For char arrays, each element must be exactly one character. Return the character itself without C single quotes.
6. Prefer small-magnitude values unless larger values are necessary to achieve the requested execution behavior.

Nondeterministic inputs:
- id: main:c1:1, type: unsigned char
- id: main:c2:1, type: char

Previously generated assignment sets are listed below. Generate a materially different set and do not duplicate any of them.
Previous 1: main:c1:1=0; main:c2:1='1'; 
Previous 2: main:c1:1=5; main:c2:1='A'; 
Previous 3: main:c1:1=1; main:c2:1='b'; 
Previous 4: main:c1:1=10; main:c2:1='C'; 
Previous 5: main:c1:1=8; main:c2:1='a'; 
Previous 6: main:c1:1=2; main:c2:1='B'; 
Previous 7: main:c1:1=3; main:c2:1='d'; 
Previous 8: main:c1:1=4; main:c2:1='6'; 
Previous 9: main:c1:1=7; main:c2:1='\''; 
Previous 10: main:c1:1=200; main:c2:1='X'; 
Previous 11: main:c1:1=0; main:c2:1='\''; 
Previous 12: main:c1:1=123; main:c2:1='\''; 
Previous 13: main:c1:1=5; main:c2:1='\''; 
Previous 14: main:c1:1=0; main:c2:1=''; 
Previous 15: main:c1:1=10; main:c2:1=''; 
Previous 16: main:c1:1=9; main:c2:1='\''; 
Previous 17: main:c1:1=10; main:c2:1='\''; 
Previous 18: main:c1:1=55; main:c2:1=''; 
Previous 19: main:c1:1=42; main:c2:1='\''; 
Previous 20: main:c1:1=12; main:c2:1=''; 

Program:
extern unsigned char __VERIFIER_nondet_uchar(void);
extern char __VERIFIER_nondet_char(void);
/*

Commit Number: 34c30c8ad3725e0c4a7242278ff2606f422cff93
URL: https://github.com/asterisk/asterisk/commit/34c30c8ad3725e0c4a7242278ff2606f422cff93
Project Name: asterisk
License: GPL-2.0
termination: FALSE
*/
int main()
{
	unsigned char c1 = __VERIFIER_nondet_uchar();
	char c2 =  __VERIFIER_nondet_char();
	unsigned char ac;
	for( ac = c1 ; ac != c2 ; ac++ )
	{
        //do nothing;
	}
	return 0;
 }

"
30,NT,"main:c1:1=0
main:c2:1='\''
",,DUPLICATE,,false,,"You generate concrete values for nondeterministic inputs in a C/C++ program.
Your goal is to produce ONE complete assignment set that is likely to make the program not terminate.

Important rules:
1. Return a value for EVERY listed nondeterministic input ID.
2. Use each ID exactly once.
3. Respect the declared C/C++ type.
4. For an array, return the value as an array containing exactly the required number of elements.
5. For char arrays, each element must be exactly one character. Return the character itself without C single quotes.
6. Prefer small-magnitude values unless larger values are necessary to achieve the requested execution behavior.

Nondeterministic inputs:
- id: main:c1:1, type: unsigned char
- id: main:c2:1, type: char

Previously generated assignment sets are listed below. Generate a materially different set and do not duplicate any of them.
Previous 1: main:c1:1=0; main:c2:1='1'; 
Previous 2: main:c1:1=5; main:c2:1='A'; 
Previous 3: main:c1:1=1; main:c2:1='b'; 
Previous 4: main:c1:1=10; main:c2:1='C'; 
Previous 5: main:c1:1=8; main:c2:1='a'; 
Previous 6: main:c1:1=2; main:c2:1='B'; 
Previous 7: main:c1:1=3; main:c2:1='d'; 
Previous 8: main:c1:1=4; main:c2:1='6'; 
Previous 9: main:c1:1=7; main:c2:1='\''; 
Previous 10: main:c1:1=200; main:c2:1='X'; 
Previous 11: main:c1:1=0; main:c2:1='\''; 
Previous 12: main:c1:1=123; main:c2:1='\''; 
Previous 13: main:c1:1=5; main:c2:1='\''; 
Previous 14: main:c1:1=0; main:c2:1=''; 
Previous 15: main:c1:1=10; main:c2:1=''; 
Previous 16: main:c1:1=9; main:c2:1='\''; 
Previous 17: main:c1:1=10; main:c2:1='\''; 
Previous 18: main:c1:1=55; main:c2:1=''; 
Previous 19: main:c1:1=42; main:c2:1='\''; 
Previous 20: main:c1:1=12; main:c2:1=''; 

Program:
extern unsigned char __VERIFIER_nondet_uchar(void);
extern char __VERIFIER_nondet_char(void);
/*

Commit Number: 34c30c8ad3725e0c4a7242278ff2606f422cff93
URL: https://github.com/asterisk/asterisk/commit/34c30c8ad3725e0c4a7242278ff2606f422cff93
Project Name: asterisk
License: GPL-2.0
termination: FALSE
*/
int main()
{
	unsigned char c1 = __VERIFIER_nondet_uchar();
	char c2 =  __VERIFIER_nondet_char();
	unsigned char ac;
	for( ac = c1 ; ac != c2 ; ac++ )
	{
        //do nothing;
	}
	return 0;
 }

"
31,NT,"main:c1:1=0
main:c2:1='\''
",,DUPLICATE,,false,,"You generate concrete values for nondeterministic inputs in a C/C++ program.
Your goal is to produce ONE complete assignment set that is likely to make the program not terminate.

Important rules:
1. Return a value for EVERY listed nondeterministic input ID.
2. Use each ID exactly once.
3. Respect the declared C/C++ type.
4. For an array, return the value as an array containing exactly the required number of elements.
5. For char arrays, each element must be exactly one character. Return the character itself without C single quotes.
6. Prefer small-magnitude values unless larger values are necessary to achieve the requested execution behavior.

Nondeterministic inputs:
- id: main:c1:1, type: unsigned char
- id: main:c2:1, type: char

Previously generated assignment sets are listed below. Generate a materially different set and do not duplicate any of them.
Previous 1: main:c1:1=0; main:c2:1='1'; 
Previous 2: main:c1:1=5; main:c2:1='A'; 
Previous 3: main:c1:1=1; main:c2:1='b'; 
Previous 4: main:c1:1=10; main:c2:1='C'; 
Previous 5: main:c1:1=8; main:c2:1='a'; 
Previous 6: main:c1:1=2; main:c2:1='B'; 
Previous 7: main:c1:1=3; main:c2:1='d'; 
Previous 8: main:c1:1=4; main:c2:1='6'; 
Previous 9: main:c1:1=7; main:c2:1='\''; 
Previous 10: main:c1:1=200; main:c2:1='X'; 
Previous 11: main:c1:1=0; main:c2:1='\''; 
Previous 12: main:c1:1=123; main:c2:1='\''; 
Previous 13: main:c1:1=5; main:c2:1='\''; 
Previous 14: main:c1:1=0; main:c2:1=''; 
Previous 15: main:c1:1=10; main:c2:1=''; 
Previous 16: main:c1:1=9; main:c2:1='\''; 
Previous 17: main:c1:1=10; main:c2:1='\''; 
Previous 18: main:c1:1=55; main:c2:1=''; 
Previous 19: main:c1:1=42; main:c2:1='\''; 
Previous 20: main:c1:1=12; main:c2:1=''; 

Program:
extern unsigned char __VERIFIER_nondet_uchar(void);
extern char __VERIFIER_nondet_char(void);
/*

Commit Number: 34c30c8ad3725e0c4a7242278ff2606f422cff93
URL: https://github.com/asterisk/asterisk/commit/34c30c8ad3725e0c4a7242278ff2606f422cff93
Project Name: asterisk
License: GPL-2.0
termination: FALSE
*/
int main()
{
	unsigned char c1 = __VERIFIER_nondet_uchar();
	char c2 =  __VERIFIER_nondet_char();
	unsigned char ac;
	for( ac = c1 ; ac != c2 ; ac++ )
	{
        //do nothing;
	}
	return 0;
 }

"
32,NT,"main:c1:1=1
main:c2:1='\''
",,COMPLETED,T,false,,"You generate concrete values for nondeterministic inputs in a C/C++ program.
Your goal is to produce ONE complete assignment set that is likely to make the program not terminate.

Important rules:
1. Return a value for EVERY listed nondeterministic input ID.
2. Use each ID exactly once.
3. Respect the declared C/C++ type.
4. For an array, return the value as an array containing exactly the required number of elements.
5. For char arrays, each element must be exactly one character. Return the character itself without C single quotes.
6. Prefer small-magnitude values unless larger values are necessary to achieve the requested execution behavior.

Nondeterministic inputs:
- id: main:c1:1, type: unsigned char
- id: main:c2:1, type: char

Previously generated assignment sets are listed below. Generate a materially different set and do not duplicate any of them.
Previous 1: main:c1:1=0; main:c2:1='1'; 
Previous 2: main:c1:1=5; main:c2:1='A'; 
Previous 3: main:c1:1=1; main:c2:1='b'; 
Previous 4: main:c1:1=10; main:c2:1='C'; 
Previous 5: main:c1:1=8; main:c2:1='a'; 
Previous 6: main:c1:1=2; main:c2:1='B'; 
Previous 7: main:c1:1=3; main:c2:1='d'; 
Previous 8: main:c1:1=4; main:c2:1='6'; 
Previous 9: main:c1:1=7; main:c2:1='\''; 
Previous 10: main:c1:1=200; main:c2:1='X'; 
Previous 11: main:c1:1=0; main:c2:1='\''; 
Previous 12: main:c1:1=123; main:c2:1='\''; 
Previous 13: main:c1:1=5; main:c2:1='\''; 
Previous 14: main:c1:1=0; main:c2:1=''; 
Previous 15: main:c1:1=10; main:c2:1=''; 
Previous 16: main:c1:1=9; main:c2:1='\''; 
Previous 17: main:c1:1=10; main:c2:1='\''; 
Previous 18: main:c1:1=55; main:c2:1=''; 
Previous 19: main:c1:1=42; main:c2:1='\''; 
Previous 20: main:c1:1=12; main:c2:1=''; 

Program:
extern unsigned char __VERIFIER_nondet_uchar(void);
extern char __VERIFIER_nondet_char(void);
/*

Commit Number: 34c30c8ad3725e0c4a7242278ff2606f422cff93
URL: https://github.com/asterisk/asterisk/commit/34c30c8ad3725e0c4a7242278ff2606f422cff93
Project Name: asterisk
License: GPL-2.0
termination: FALSE
*/
int main()
{
	unsigned char c1 = __VERIFIER_nondet_uchar();
	char c2 =  __VERIFIER_nondet_char();
	unsigned char ac;
	for( ac = c1 ; ac != c2 ; ac++ )
	{
        //do nothing;
	}
	return 0;
 }

"
33,NT,"main:c1:1=0
main:c2:1='\''
",,DUPLICATE,,false,,"You generate concrete values for nondeterministic inputs in a C/C++ program.
Your goal is to produce ONE complete assignment set that is likely to make the program not terminate.

Important rules:
1. Return a value for EVERY listed nondeterministic input ID.
2. Use each ID exactly once.
3. Respect the declared C/C++ type.
4. For an array, return the value as an array containing exactly the required number of elements.
5. For char arrays, each element must be exactly one character. Return the character itself without C single quotes.
6. Prefer small-magnitude values unless larger values are necessary to achieve the requested execution behavior.

Nondeterministic inputs:
- id: main:c1:1, type: unsigned char
- id: main:c2:1, type: char

Previously generated assignment sets are listed below. Generate a materially different set and do not duplicate any of them.
Previous 1: main:c1:1=0; main:c2:1='1'; 
Previous 2: main:c1:1=5; main:c2:1='A'; 
Previous 3: main:c1:1=1; main:c2:1='b'; 
Previous 4: main:c1:1=10; main:c2:1='C'; 
Previous 5: main:c1:1=8; main:c2:1='a'; 
Previous 6: main:c1:1=2; main:c2:1='B'; 
Previous 7: main:c1:1=3; main:c2:1='d'; 
Previous 8: main:c1:1=4; main:c2:1='6'; 
Previous 9: main:c1:1=7; main:c2:1='\''; 
Previous 10: main:c1:1=200; main:c2:1='X'; 
Previous 11: main:c1:1=0; main:c2:1='\''; 
Previous 12: main:c1:1=123; main:c2:1='\''; 
Previous 13: main:c1:1=5; main:c2:1='\''; 
Previous 14: main:c1:1=0; main:c2:1=''; 
Previous 15: main:c1:1=10; main:c2:1=''; 
Previous 16: main:c1:1=9; main:c2:1='\''; 
Previous 17: main:c1:1=10; main:c2:1='\''; 
Previous 18: main:c1:1=55; main:c2:1=''; 
Previous 19: main:c1:1=42; main:c2:1='\''; 
Previous 20: main:c1:1=12; main:c2:1=''; 
Previous 21: main:c1:1=1; main:c2:1='\''; 

Program:
extern unsigned char __VERIFIER_nondet_uchar(void);
extern char __VERIFIER_nondet_char(void);
/*

Commit Number: 34c30c8ad3725e0c4a7242278ff2606f422cff93
URL: https://github.com/asterisk/asterisk/commit/34c30c8ad3725e0c4a7242278ff2606f422cff93
Project Name: asterisk
License: GPL-2.0
termination: FALSE
*/
int main()
{
	unsigned char c1 = __VERIFIER_nondet_uchar();
	char c2 =  __VERIFIER_nondet_char();
	unsigned char ac;
	for( ac = c1 ; ac != c2 ; ac++ )
	{
        //do nothing;
	}
	return 0;
 }

"
34,NT,"main:c1:1=6
main:c2:1='\''
",,COMPLETED,T,false,,"You generate concrete values for nondeterministic inputs in a C/C++ program.
Your goal is to produce ONE complete assignment set that is likely to make the program not terminate.

Important rules:
1. Return a value for EVERY listed nondeterministic input ID.
2. Use each ID exactly once.
3. Respect the declared C/C++ type.
4. For an array, return the value as an array containing exactly the required number of elements.
5. For char arrays, each element must be exactly one character. Return the character itself without C single quotes.
6. Prefer small-magnitude values unless larger values are necessary to achieve the requested execution behavior.

Nondeterministic inputs:
- id: main:c1:1, type: unsigned char
- id: main:c2:1, type: char

Previously generated assignment sets are listed below. Generate a materially different set and do not duplicate any of them.
Previous 1: main:c1:1=0; main:c2:1='1'; 
Previous 2: main:c1:1=5; main:c2:1='A'; 
Previous 3: main:c1:1=1; main:c2:1='b'; 
Previous 4: main:c1:1=10; main:c2:1='C'; 
Previous 5: main:c1:1=8; main:c2:1='a'; 
Previous 6: main:c1:1=2; main:c2:1='B'; 
Previous 7: main:c1:1=3; main:c2:1='d'; 
Previous 8: main:c1:1=4; main:c2:1='6'; 
Previous 9: main:c1:1=7; main:c2:1='\''; 
Previous 10: main:c1:1=200; main:c2:1='X'; 
Previous 11: main:c1:1=0; main:c2:1='\''; 
Previous 12: main:c1:1=123; main:c2:1='\''; 
Previous 13: main:c1:1=5; main:c2:1='\''; 
Previous 14: main:c1:1=0; main:c2:1=''; 
Previous 15: main:c1:1=10; main:c2:1=''; 
Previous 16: main:c1:1=9; main:c2:1='\''; 
Previous 17: main:c1:1=10; main:c2:1='\''; 
Previous 18: main:c1:1=55; main:c2:1=''; 
Previous 19: main:c1:1=42; main:c2:1='\''; 
Previous 20: main:c1:1=12; main:c2:1=''; 
Previous 21: main:c1:1=1; main:c2:1='\''; 

Program:
extern unsigned char __VERIFIER_nondet_uchar(void);
extern char __VERIFIER_nondet_char(void);
/*

Commit Number: 34c30c8ad3725e0c4a7242278ff2606f422cff93
URL: https://github.com/asterisk/asterisk/commit/34c30c8ad3725e0c4a7242278ff2606f422cff93
Project Name: asterisk
License: GPL-2.0
termination: FALSE
*/
int main()
{
	unsigned char c1 = __VERIFIER_nondet_uchar();
	char c2 =  __VERIFIER_nondet_char();
	unsigned char ac;
	for( ac = c1 ; ac != c2 ; ac++ )
	{
        //do nothing;
	}
	return 0;
 }

"
35,NT,"main:c1:1=0
main:c2:1='\''
",,DUPLICATE,,false,,"You generate concrete values for nondeterministic inputs in a C/C++ program.
Your goal is to produce ONE complete assignment set that is likely to make the program not terminate.

Important rules:
1. Return a value for EVERY listed nondeterministic input ID.
2. Use each ID exactly once.
3. Respect the declared C/C++ type.
4. For an array, return the value as an array containing exactly the required number of elements.
5. For char arrays, each element must be exactly one character. Return the character itself without C single quotes.
6. Prefer small-magnitude values unless larger values are necessary to achieve the requested execution behavior.

Nondeterministic inputs:
- id: main:c1:1, type: unsigned char
- id: main:c2:1, type: char

Previously generated assignment sets are listed below. Generate a materially different set and do not duplicate any of them.
Previous 1: main:c1:1=0; main:c2:1='1'; 
Previous 2: main:c1:1=5; main:c2:1='A'; 
Previous 3: main:c1:1=1; main:c2:1='b'; 
Previous 4: main:c1:1=10; main:c2:1='C'; 
Previous 5: main:c1:1=8; main:c2:1='a'; 
Previous 6: main:c1:1=2; main:c2:1='B'; 
Previous 7: main:c1:1=3; main:c2:1='d'; 
Previous 8: main:c1:1=4; main:c2:1='6'; 
Previous 9: main:c1:1=7; main:c2:1='\''; 
Previous 10: main:c1:1=200; main:c2:1='X'; 
Previous 11: main:c1:1=0; main:c2:1='\''; 
Previous 12: main:c1:1=123; main:c2:1='\''; 
Previous 13: main:c1:1=5; main:c2:1='\''; 
Previous 14: main:c1:1=0; main:c2:1=''; 
Previous 15: main:c1:1=10; main:c2:1=''; 
Previous 16: main:c1:1=9; main:c2:1='\''; 
Previous 17: main:c1:1=10; main:c2:1='\''; 
Previous 18: main:c1:1=55; main:c2:1=''; 
Previous 19: main:c1:1=42; main:c2:1='\''; 
Previous 20: main:c1:1=12; main:c2:1=''; 
Previous 21: main:c1:1=1; main:c2:1='\''; 
Previous 22: main:c1:1=6; main:c2:1='\''; 

Program:
extern unsigned char __VERIFIER_nondet_uchar(void);
extern char __VERIFIER_nondet_char(void);
/*

Commit Number: 34c30c8ad3725e0c4a7242278ff2606f422cff93
URL: https://github.com/asterisk/asterisk/commit/34c30c8ad3725e0c4a7242278ff2606f422cff93
Project Name: asterisk
License: GPL-2.0
termination: FALSE
*/
int main()
{
	unsigned char c1 = __VERIFIER_nondet_uchar();
	char c2 =  __VERIFIER_nondet_char();
	unsigned char ac;
	for( ac = c1 ; ac != c2 ; ac++ )
	{
        //do nothing;
	}
	return 0;
 }

"
36,NT,"main:c1:1=30
main:c2:1='\''
",,COMPLETED,T,false,,"You generate concrete values for nondeterministic inputs in a C/C++ program.
Your goal is to produce ONE complete assignment set that is likely to make the program not terminate.

Important rules:
1. Return a value for EVERY listed nondeterministic input ID.
2. Use each ID exactly once.
3. Respect the declared C/C++ type.
4. For an array, return the value as an array containing exactly the required number of elements.
5. For char arrays, each element must be exactly one character. Return the character itself without C single quotes.
6. Prefer small-magnitude values unless larger values are necessary to achieve the requested execution behavior.

Nondeterministic inputs:
- id: main:c1:1, type: unsigned char
- id: main:c2:1, type: char

Previously generated assignment sets are listed below. Generate a materially different set and do not duplicate any of them.
Previous 1: main:c1:1=0; main:c2:1='1'; 
Previous 2: main:c1:1=5; main:c2:1='A'; 
Previous 3: main:c1:1=1; main:c2:1='b'; 
Previous 4: main:c1:1=10; main:c2:1='C'; 
Previous 5: main:c1:1=8; main:c2:1='a'; 
Previous 6: main:c1:1=2; main:c2:1='B'; 
Previous 7: main:c1:1=3; main:c2:1='d'; 
Previous 8: main:c1:1=4; main:c2:1='6'; 
Previous 9: main:c1:1=7; main:c2:1='\''; 
Previous 10: main:c1:1=200; main:c2:1='X'; 
Previous 11: main:c1:1=0; main:c2:1='\''; 
Previous 12: main:c1:1=123; main:c2:1='\''; 
Previous 13: main:c1:1=5; main:c2:1='\''; 
Previous 14: main:c1:1=0; main:c2:1=''; 
Previous 15: main:c1:1=10; main:c2:1=''; 
Previous 16: main:c1:1=9; main:c2:1='\''; 
Previous 17: main:c1:1=10; main:c2:1='\''; 
Previous 18: main:c1:1=55; main:c2:1=''; 
Previous 19: main:c1:1=42; main:c2:1='\''; 
Previous 20: main:c1:1=12; main:c2:1=''; 
Previous 21: main:c1:1=1; main:c2:1='\''; 
Previous 22: main:c1:1=6; main:c2:1='\''; 

Program:
extern unsigned char __VERIFIER_nondet_uchar(void);
extern char __VERIFIER_nondet_char(void);
/*

Commit Number: 34c30c8ad3725e0c4a7242278ff2606f422cff93
URL: https://github.com/asterisk/asterisk/commit/34c30c8ad3725e0c4a7242278ff2606f422cff93
Project Name: asterisk
License: GPL-2.0
termination: FALSE
*/
int main()
{
	unsigned char c1 = __VERIFIER_nondet_uchar();
	char c2 =  __VERIFIER_nondet_char();
	unsigned char ac;
	for( ac = c1 ; ac != c2 ; ac++ )
	{
        //do nothing;
	}
	return 0;
 }

"
37,NT,"main:c1:1=255
main:c2:1='\''
",,COMPLETED,T,false,,"You generate concrete values for nondeterministic inputs in a C/C++ program.
Your goal is to produce ONE complete assignment set that is likely to make the program not terminate.

Important rules:
1. Return a value for EVERY listed nondeterministic input ID.
2. Use each ID exactly once.
3. Respect the declared C/C++ type.
4. For an array, return the value as an array containing exactly the required number of elements.
5. For char arrays, each element must be exactly one character. Return the character itself without C single quotes.
6. Prefer small-magnitude values unless larger values are necessary to achieve the requested execution behavior.

Nondeterministic inputs:
- id: main:c1:1, type: unsigned char
- id: main:c2:1, type: char

Previously generated assignment sets are listed below. Generate a materially different set and do not duplicate any of them.
Previous 1: main:c1:1=0; main:c2:1='1'; 
Previous 2: main:c1:1=5; main:c2:1='A'; 
Previous 3: main:c1:1=1; main:c2:1='b'; 
Previous 4: main:c1:1=10; main:c2:1='C'; 
Previous 5: main:c1:1=8; main:c2:1='a'; 
Previous 6: main:c1:1=2; main:c2:1='B'; 
Previous 7: main:c1:1=3; main:c2:1='d'; 
Previous 8: main:c1:1=4; main:c2:1='6'; 
Previous 9: main:c1:1=7; main:c2:1='\''; 
Previous 10: main:c1:1=200; main:c2:1='X'; 
Previous 11: main:c1:1=0; main:c2:1='\''; 
Previous 12: main:c1:1=123; main:c2:1='\''; 
Previous 13: main:c1:1=5; main:c2:1='\''; 
Previous 14: main:c1:1=0; main:c2:1=''; 
Previous 15: main:c1:1=10; main:c2:1=''; 
Previous 16: main:c1:1=9; main:c2:1='\''; 
Previous 17: main:c1:1=10; main:c2:1='\''; 
Previous 18: main:c1:1=55; main:c2:1=''; 
Previous 19: main:c1:1=42; main:c2:1='\''; 
Previous 20: main:c1:1=12; main:c2:1=''; 
Previous 21: main:c1:1=1; main:c2:1='\''; 
Previous 22: main:c1:1=6; main:c2:1='\''; 
Previous 23: main:c1:1=30; main:c2:1='\''; 

Program:
extern unsigned char __VERIFIER_nondet_uchar(void);
extern char __VERIFIER_nondet_char(void);
/*

Commit Number: 34c30c8ad3725e0c4a7242278ff2606f422cff93
URL: https://github.com/asterisk/asterisk/commit/34c30c8ad3725e0c4a7242278ff2606f422cff93
Project Name: asterisk
License: GPL-2.0
termination: FALSE
*/
int main()
{
	unsigned char c1 = __VERIFIER_nondet_uchar();
	char c2 =  __VERIFIER_nondet_char();
	unsigned char ac;
	for( ac = c1 ; ac != c2 ; ac++ )
	{
        //do nothing;
	}
	return 0;
 }

"
38,NT,"main:c1:1=0
main:c2:1='#'
",,COMPLETED,T,false,,"You generate concrete values for nondeterministic inputs in a C/C++ program.
Your goal is to produce ONE complete assignment set that is likely to make the program not terminate.

Important rules:
1. Return a value for EVERY listed nondeterministic input ID.
2. Use each ID exactly once.
3. Respect the declared C/C++ type.
4. For an array, return the value as an array containing exactly the required number of elements.
5. For char arrays, each element must be exactly one character. Return the character itself without C single quotes.
6. Prefer small-magnitude values unless larger values are necessary to achieve the requested execution behavior.

Nondeterministic inputs:
- id: main:c1:1, type: unsigned char
- id: main:c2:1, type: char

Previously generated assignment sets are listed below. Generate a materially different set and do not duplicate any of them.
Previous 1: main:c1:1=0; main:c2:1='1'; 
Previous 2: main:c1:1=5; main:c2:1='A'; 
Previous 3: main:c1:1=1; main:c2:1='b'; 
Previous 4: main:c1:1=10; main:c2:1='C'; 
Previous 5: main:c1:1=8; main:c2:1='a'; 
Previous 6: main:c1:1=2; main:c2:1='B'; 
Previous 7: main:c1:1=3; main:c2:1='d'; 
Previous 8: main:c1:1=4; main:c2:1='6'; 
Previous 9: main:c1:1=7; main:c2:1='\''; 
Previous 10: main:c1:1=200; main:c2:1='X'; 
Previous 11: main:c1:1=0; main:c2:1='\''; 
Previous 12: main:c1:1=123; main:c2:1='\''; 
Previous 13: main:c1:1=5; main:c2:1='\''; 
Previous 14: main:c1:1=0; main:c2:1=''; 
Previous 15: main:c1:1=10; main:c2:1=''; 
Previous 16: main:c1:1=9; main:c2:1='\''; 
Previous 17: main:c1:1=10; main:c2:1='\''; 
Previous 18: main:c1:1=55; main:c2:1=''; 
Previous 19: main:c1:1=42; main:c2:1='\''; 
Previous 20: main:c1:1=12; main:c2:1=''; 
Previous 21: main:c1:1=1; main:c2:1='\''; 
Previous 22: main:c1:1=6; main:c2:1='\''; 
Previous 23: main:c1:1=30; main:c2:1='\''; 
Previous 24: main:c1:1=255; main:c2:1='\''; 

Program:
extern unsigned char __VERIFIER_nondet_uchar(void);
extern char __VERIFIER_nondet_char(void);
/*

Commit Number: 34c30c8ad3725e0c4a7242278ff2606f422cff93
URL: https://github.com/asterisk/asterisk/commit/34c30c8ad3725e0c4a7242278ff2606f422cff93
Project Name: asterisk
License: GPL-2.0
termination: FALSE
*/
int main()
{
	unsigned char c1 = __VERIFIER_nondet_uchar();
	char c2 =  __VERIFIER_nondet_char();
	unsigned char ac;
	for( ac = c1 ; ac != c2 ; ac++ )
	{
        //do nothing;
	}
	return 0;
 }

"
39,NT,"main:c1:1=5
main:c2:1=''
",,COMPLETED,T,false,,"You generate concrete values for nondeterministic inputs in a C/C++ program.
Your goal is to produce ONE complete assignment set that is likely to make the program not terminate.

Important rules:
1. Return a value for EVERY listed nondeterministic input ID.
2. Use each ID exactly once.
3. Respect the declared C/C++ type.
4. For an array, return the value as an array containing exactly the required number of elements.
5. For char arrays, each element must be exactly one character. Return the character itself without C single quotes.
6. Prefer small-magnitude values unless larger values are necessary to achieve the requested execution behavior.

Nondeterministic inputs:
- id: main:c1:1, type: unsigned char
- id: main:c2:1, type: char

Previously generated assignment sets are listed below. Generate a materially different set and do not duplicate any of them.
Previous 1: main:c1:1=0; main:c2:1='1'; 
Previous 2: main:c1:1=5; main:c2:1='A'; 
Previous 3: main:c1:1=1; main:c2:1='b'; 
Previous 4: main:c1:1=10; main:c2:1='C'; 
Previous 5: main:c1:1=8; main:c2:1='a'; 
Previous 6: main:c1:1=2; main:c2:1='B'; 
Previous 7: main:c1:1=3; main:c2:1='d'; 
Previous 8: main:c1:1=4; main:c2:1='6'; 
Previous 9: main:c1:1=7; main:c2:1='\''; 
Previous 10: main:c1:1=200; main:c2:1='X'; 
Previous 11: main:c1:1=0; main:c2:1='\''; 
Previous 12: main:c1:1=123; main:c2:1='\''; 
Previous 13: main:c1:1=5; main:c2:1='\''; 
Previous 14: main:c1:1=0; main:c2:1=''; 
Previous 15: main:c1:1=10; main:c2:1=''; 
Previous 16: main:c1:1=9; main:c2:1='\''; 
Previous 17: main:c1:1=10; main:c2:1='\''; 
Previous 18: main:c1:1=55; main:c2:1=''; 
Previous 19: main:c1:1=42; main:c2:1='\''; 
Previous 20: main:c1:1=12; main:c2:1=''; 
Previous 21: main:c1:1=1; main:c2:1='\''; 
Previous 22: main:c1:1=6; main:c2:1='\''; 
Previous 23: main:c1:1=30; main:c2:1='\''; 
Previous 24: main:c1:1=255; main:c2:1='\''; 
Previous 25: main:c1:1=0; main:c2:1='#'; 

Program:
extern unsigned char __VERIFIER_nondet_uchar(void);
extern char __VERIFIER_nondet_char(void);
/*

Commit Number: 34c30c8ad3725e0c4a7242278ff2606f422cff93
URL: https://github.com/asterisk/asterisk/commit/34c30c8ad3725e0c4a7242278ff2606f422cff93
Project Name: asterisk
License: GPL-2.0
termination: FALSE
*/
int main()
{
	unsigned char c1 = __VERIFIER_nondet_uchar();
	char c2 =  __VERIFIER_nondet_char();
	unsigned char ac;
	for( ac = c1 ; ac != c2 ; ac++ )
	{
        //do nothing;
	}
	return 0;
 }

"
40,NT,"main:c1:1=0
main:c2:1='\''
",,DUPLICATE,,false,,"You generate concrete values for nondeterministic inputs in a C/C++ program.
Your goal is to produce ONE complete assignment set that is likely to make the program not terminate.

Important rules:
1. Return a value for EVERY listed nondeterministic input ID.
2. Use each ID exactly once.
3. Respect the declared C/C++ type.
4. For an array, return the value as an array containing exactly the required number of elements.
5. For char arrays, each element must be exactly one character. Return the character itself without C single quotes.
6. Prefer small-magnitude values unless larger values are necessary to achieve the requested execution behavior.

Nondeterministic inputs:
- id: main:c1:1, type: unsigned char
- id: main:c2:1, type: char

Previously generated assignment sets are listed below. Generate a materially different set and do not duplicate any of them.
Previous 1: main:c1:1=0; main:c2:1='1'; 
Previous 2: main:c1:1=5; main:c2:1='A'; 
Previous 3: main:c1:1=1; main:c2:1='b'; 
Previous 4: main:c1:1=10; main:c2:1='C'; 
Previous 5: main:c1:1=8; main:c2:1='a'; 
Previous 6: main:c1:1=2; main:c2:1='B'; 
Previous 7: main:c1:1=3; main:c2:1='d'; 
Previous 8: main:c1:1=4; main:c2:1='6'; 
Previous 9: main:c1:1=7; main:c2:1='\''; 
Previous 10: main:c1:1=200; main:c2:1='X'; 
Previous 11: main:c1:1=0; main:c2:1='\''; 
Previous 12: main:c1:1=123; main:c2:1='\''; 
Previous 13: main:c1:1=5; main:c2:1='\''; 
Previous 14: main:c1:1=0; main:c2:1=''; 
Previous 15: main:c1:1=10; main:c2:1=''; 
Previous 16: main:c1:1=9; main:c2:1='\''; 
Previous 17: main:c1:1=10; main:c2:1='\''; 
Previous 18: main:c1:1=55; main:c2:1=''; 
Previous 19: main:c1:1=42; main:c2:1='\''; 
Previous 20: main:c1:1=12; main:c2:1=''; 
Previous 21: main:c1:1=1; main:c2:1='\''; 
Previous 22: main:c1:1=6; main:c2:1='\''; 
Previous 23: main:c1:1=30; main:c2:1='\''; 
Previous 24: main:c1:1=255; main:c2:1='\''; 
Previous 25: main:c1:1=0; main:c2:1='#'; 
Previous 26: main:c1:1=5; main:c2:1=''; 

Program:
extern unsigned char __VERIFIER_nondet_uchar(void);
extern char __VERIFIER_nondet_char(void);
/*

Commit Number: 34c30c8ad3725e0c4a7242278ff2606f422cff93
URL: https://github.com/asterisk/asterisk/commit/34c30c8ad3725e0c4a7242278ff2606f422cff93
Project Name: asterisk
License: GPL-2.0
termination: FALSE
*/
int main()
{
	unsigned char c1 = __VERIFIER_nondet_uchar();
	char c2 =  __VERIFIER_nondet_char();
	unsigned char ac;
	for( ac = c1 ; ac != c2 ; ac++ )
	{
        //do nothing;
	}
	return 0;
 }

"
41,NT,"main:c1:1=100
main:c2:1='\''
",,COMPLETED,T,false,,"You generate concrete values for nondeterministic inputs in a C/C++ program.
Your goal is to produce ONE complete assignment set that is likely to make the program not terminate.

Important rules:
1. Return a value for EVERY listed nondeterministic input ID.
2. Use each ID exactly once.
3. Respect the declared C/C++ type.
4. For an array, return the value as an array containing exactly the required number of elements.
5. For char arrays, each element must be exactly one character. Return the character itself without C single quotes.
6. Prefer small-magnitude values unless larger values are necessary to achieve the requested execution behavior.

Nondeterministic inputs:
- id: main:c1:1, type: unsigned char
- id: main:c2:1, type: char

Previously generated assignment sets are listed below. Generate a materially different set and do not duplicate any of them.
Previous 1: main:c1:1=0; main:c2:1='1'; 
Previous 2: main:c1:1=5; main:c2:1='A'; 
Previous 3: main:c1:1=1; main:c2:1='b'; 
Previous 4: main:c1:1=10; main:c2:1='C'; 
Previous 5: main:c1:1=8; main:c2:1='a'; 
Previous 6: main:c1:1=2; main:c2:1='B'; 
Previous 7: main:c1:1=3; main:c2:1='d'; 
Previous 8: main:c1:1=4; main:c2:1='6'; 
Previous 9: main:c1:1=7; main:c2:1='\''; 
Previous 10: main:c1:1=200; main:c2:1='X'; 
Previous 11: main:c1:1=0; main:c2:1='\''; 
Previous 12: main:c1:1=123; main:c2:1='\''; 
Previous 13: main:c1:1=5; main:c2:1='\''; 
Previous 14: main:c1:1=0; main:c2:1=''; 
Previous 15: main:c1:1=10; main:c2:1=''; 
Previous 16: main:c1:1=9; main:c2:1='\''; 
Previous 17: main:c1:1=10; main:c2:1='\''; 
Previous 18: main:c1:1=55; main:c2:1=''; 
Previous 19: main:c1:1=42; main:c2:1='\''; 
Previous 20: main:c1:1=12; main:c2:1=''; 
Previous 21: main:c1:1=1; main:c2:1='\''; 
Previous 22: main:c1:1=6; main:c2:1='\''; 
Previous 23: main:c1:1=30; main:c2:1='\''; 
Previous 24: main:c1:1=255; main:c2:1='\''; 
Previous 25: main:c1:1=0; main:c2:1='#'; 
Previous 26: main:c1:1=5; main:c2:1=''; 

Program:
extern unsigned char __VERIFIER_nondet_uchar(void);
extern char __VERIFIER_nondet_char(void);
/*

Commit Number: 34c30c8ad3725e0c4a7242278ff2606f422cff93
URL: https://github.com/asterisk/asterisk/commit/34c30c8ad3725e0c4a7242278ff2606f422cff93
Project Name: asterisk
License: GPL-2.0
termination: FALSE
*/
int main()
{
	unsigned char c1 = __VERIFIER_nondet_uchar();
	char c2 =  __VERIFIER_nondet_char();
	unsigned char ac;
	for( ac = c1 ; ac != c2 ; ac++ )
	{
        //do nothing;
	}
	return 0;
 }

"
42,NT,"main:c1:1=0
main:c2:1='\''
",,DUPLICATE,,false,,"You generate concrete values for nondeterministic inputs in a C/C++ program.
Your goal is to produce ONE complete assignment set that is likely to make the program not terminate.

Important rules:
1. Return a value for EVERY listed nondeterministic input ID.
2. Use each ID exactly once.
3. Respect the declared C/C++ type.
4. For an array, return the value as an array containing exactly the required number of elements.
5. For char arrays, each element must be exactly one character. Return the character itself without C single quotes.
6. Prefer small-magnitude values unless larger values are necessary to achieve the requested execution behavior.

Nondeterministic inputs:
- id: main:c1:1, type: unsigned char
- id: main:c2:1, type: char

Previously generated assignment sets are listed below. Generate a materially different set and do not duplicate any of them.
Previous 1: main:c1:1=0; main:c2:1='1'; 
Previous 2: main:c1:1=5; main:c2:1='A'; 
Previous 3: main:c1:1=1; main:c2:1='b'; 
Previous 4: main:c1:1=10; main:c2:1='C'; 
Previous 5: main:c1:1=8; main:c2:1='a'; 
Previous 6: main:c1:1=2; main:c2:1='B'; 
Previous 7: main:c1:1=3; main:c2:1='d'; 
Previous 8: main:c1:1=4; main:c2:1='6'; 
Previous 9: main:c1:1=7; main:c2:1='\''; 
Previous 10: main:c1:1=200; main:c2:1='X'; 
Previous 11: main:c1:1=0; main:c2:1='\''; 
Previous 12: main:c1:1=123; main:c2:1='\''; 
Previous 13: main:c1:1=5; main:c2:1='\''; 
Previous 14: main:c1:1=0; main:c2:1=''; 
Previous 15: main:c1:1=10; main:c2:1=''; 
Previous 16: main:c1:1=9; main:c2:1='\''; 
Previous 17: main:c1:1=10; main:c2:1='\''; 
Previous 18: main:c1:1=55; main:c2:1=''; 
Previous 19: main:c1:1=42; main:c2:1='\''; 
Previous 20: main:c1:1=12; main:c2:1=''; 
Previous 21: main:c1:1=1; main:c2:1='\''; 
Previous 22: main:c1:1=6; main:c2:1='\''; 
Previous 23: main:c1:1=30; main:c2:1='\''; 
Previous 24: main:c1:1=255; main:c2:1='\''; 
Previous 25: main:c1:1=0; main:c2:1='#'; 
Previous 26: main:c1:1=5; main:c2:1=''; 
Previous 27: main:c1:1=100; main:c2:1='\''; 

Program:
extern unsigned char __VERIFIER_nondet_uchar(void);
extern char __VERIFIER_nondet_char(void);
/*

Commit Number: 34c30c8ad3725e0c4a7242278ff2606f422cff93
URL: https://github.com/asterisk/asterisk/commit/34c30c8ad3725e0c4a7242278ff2606f422cff93
Project Name: asterisk
License: GPL-2.0
termination: FALSE
*/
int main()
{
	unsigned char c1 = __VERIFIER_nondet_uchar();
	char c2 =  __VERIFIER_nondet_char();
	unsigned char ac;
	for( ac = c1 ; ac != c2 ; ac++ )
	{
        //do nothing;
	}
	return 0;
 }

"
43,NT,"main:c1:1=42
main:c2:1='-'
",,COMPLETED,T,false,,"You generate concrete values for nondeterministic inputs in a C/C++ program.
Your goal is to produce ONE complete assignment set that is likely to make the program not terminate.

Important rules:
1. Return a value for EVERY listed nondeterministic input ID.
2. Use each ID exactly once.
3. Respect the declared C/C++ type.
4. For an array, return the value as an array containing exactly the required number of elements.
5. For char arrays, each element must be exactly one character. Return the character itself without C single quotes.
6. Prefer small-magnitude values unless larger values are necessary to achieve the requested execution behavior.

Nondeterministic inputs:
- id: main:c1:1, type: unsigned char
- id: main:c2:1, type: char

Previously generated assignment sets are listed below. Generate a materially different set and do not duplicate any of them.
Previous 1: main:c1:1=0; main:c2:1='1'; 
Previous 2: main:c1:1=5; main:c2:1='A'; 
Previous 3: main:c1:1=1; main:c2:1='b'; 
Previous 4: main:c1:1=10; main:c2:1='C'; 
Previous 5: main:c1:1=8; main:c2:1='a'; 
Previous 6: main:c1:1=2; main:c2:1='B'; 
Previous 7: main:c1:1=3; main:c2:1='d'; 
Previous 8: main:c1:1=4; main:c2:1='6'; 
Previous 9: main:c1:1=7; main:c2:1='\''; 
Previous 10: main:c1:1=200; main:c2:1='X'; 
Previous 11: main:c1:1=0; main:c2:1='\''; 
Previous 12: main:c1:1=123; main:c2:1='\''; 
Previous 13: main:c1:1=5; main:c2:1='\''; 
Previous 14: main:c1:1=0; main:c2:1=''; 
Previous 15: main:c1:1=10; main:c2:1=''; 
Previous 16: main:c1:1=9; main:c2:1='\''; 
Previous 17: main:c1:1=10; main:c2:1='\''; 
Previous 18: main:c1:1=55; main:c2:1=''; 
Previous 19: main:c1:1=42; main:c2:1='\''; 
Previous 20: main:c1:1=12; main:c2:1=''; 
Previous 21: main:c1:1=1; main:c2:1='\''; 
Previous 22: main:c1:1=6; main:c2:1='\''; 
Previous 23: main:c1:1=30; main:c2:1='\''; 
Previous 24: main:c1:1=255; main:c2:1='\''; 
Previous 25: main:c1:1=0; main:c2:1='#'; 
Previous 26: main:c1:1=5; main:c2:1=''; 
Previous 27: main:c1:1=100; main:c2:1='\''; 

Program:
extern unsigned char __VERIFIER_nondet_uchar(void);
extern char __VERIFIER_nondet_char(void);
/*

Commit Number: 34c30c8ad3725e0c4a7242278ff2606f422cff93
URL: https://github.com/asterisk/asterisk/commit/34c30c8ad3725e0c4a7242278ff2606f422cff93
Project Name: asterisk
License: GPL-2.0
termination: FALSE
*/
int main()
{
	unsigned char c1 = __VERIFIER_nondet_uchar();
	char c2 =  __VERIFIER_nondet_char();
	unsigned char ac;
	for( ac = c1 ; ac != c2 ; ac++ )
	{
        //do nothing;
	}
	return 0;
 }

"
44,NT,"main:c1:1=0
main:c2:1='\''
",,DUPLICATE,,false,,"You generate concrete values for nondeterministic inputs in a C/C++ program.
Your goal is to produce ONE complete assignment set that is likely to make the program not terminate.

Important rules:
1. Return a value for EVERY listed nondeterministic input ID.
2. Use each ID exactly once.
3. Respect the declared C/C++ type.
4. For an array, return the value as an array containing exactly the required number of elements.
5. For char arrays, each element must be exactly one character. Return the character itself without C single quotes.
6. Prefer small-magnitude values unless larger values are necessary to achieve the requested execution behavior.

Nondeterministic inputs:
- id: main:c1:1, type: unsigned char
- id: main:c2:1, type: char

Previously generated assignment sets are listed below. Generate a materially different set and do not duplicate any of them.
Previous 1: main:c1:1=0; main:c2:1='1'; 
Previous 2: main:c1:1=5; main:c2:1='A'; 
Previous 3: main:c1:1=1; main:c2:1='b'; 
Previous 4: main:c1:1=10; main:c2:1='C'; 
Previous 5: main:c1:1=8; main:c2:1='a'; 
Previous 6: main:c1:1=2; main:c2:1='B'; 
Previous 7: main:c1:1=3; main:c2:1='d'; 
Previous 8: main:c1:1=4; main:c2:1='6'; 
Previous 9: main:c1:1=7; main:c2:1='\''; 
Previous 10: main:c1:1=200; main:c2:1='X'; 
Previous 11: main:c1:1=0; main:c2:1='\''; 
Previous 12: main:c1:1=123; main:c2:1='\''; 
Previous 13: main:c1:1=5; main:c2:1='\''; 
Previous 14: main:c1:1=0; main:c2:1=''; 
Previous 15: main:c1:1=10; main:c2:1=''; 
Previous 16: main:c1:1=9; main:c2:1='\''; 
Previous 17: main:c1:1=10; main:c2:1='\''; 
Previous 18: main:c1:1=55; main:c2:1=''; 
Previous 19: main:c1:1=42; main:c2:1='\''; 
Previous 20: main:c1:1=12; main:c2:1=''; 
Previous 21: main:c1:1=1; main:c2:1='\''; 
Previous 22: main:c1:1=6; main:c2:1='\''; 
Previous 23: main:c1:1=30; main:c2:1='\''; 
Previous 24: main:c1:1=255; main:c2:1='\''; 
Previous 25: main:c1:1=0; main:c2:1='#'; 
Previous 26: main:c1:1=5; main:c2:1=''; 
Previous 27: main:c1:1=100; main:c2:1='\''; 
Previous 28: main:c1:1=42; main:c2:1='-'; 

Program:
extern unsigned char __VERIFIER_nondet_uchar(void);
extern char __VERIFIER_nondet_char(void);
/*

Commit Number: 34c30c8ad3725e0c4a7242278ff2606f422cff93
URL: https://github.com/asterisk/asterisk/commit/34c30c8ad3725e0c4a7242278ff2606f422cff93
Project Name: asterisk
License: GPL-2.0
termination: FALSE
*/
int main()
{
	unsigned char c1 = __VERIFIER_nondet_uchar();
	char c2 =  __VERIFIER_nondet_char();
	unsigned char ac;
	for( ac = c1 ; ac != c2 ; ac++ )
	{
        //do nothing;
	}
	return 0;
 }

"
45,NT,"main:c1:1=0
main:c2:1='\''
",,DUPLICATE,,false,,"You generate concrete values for nondeterministic inputs in a C/C++ program.
Your goal is to produce ONE complete assignment set that is likely to make the program not terminate.

Important rules:
1. Return a value for EVERY listed nondeterministic input ID.
2. Use each ID exactly once.
3. Respect the declared C/C++ type.
4. For an array, return the value as an array containing exactly the required number of elements.
5. For char arrays, each element must be exactly one character. Return the character itself without C single quotes.
6. Prefer small-magnitude values unless larger values are necessary to achieve the requested execution behavior.

Nondeterministic inputs:
- id: main:c1:1, type: unsigned char
- id: main:c2:1, type: char

Previously generated assignment sets are listed below. Generate a materially different set and do not duplicate any of them.
Previous 1: main:c1:1=0; main:c2:1='1'; 
Previous 2: main:c1:1=5; main:c2:1='A'; 
Previous 3: main:c1:1=1; main:c2:1='b'; 
Previous 4: main:c1:1=10; main:c2:1='C'; 
Previous 5: main:c1:1=8; main:c2:1='a'; 
Previous 6: main:c1:1=2; main:c2:1='B'; 
Previous 7: main:c1:1=3; main:c2:1='d'; 
Previous 8: main:c1:1=4; main:c2:1='6'; 
Previous 9: main:c1:1=7; main:c2:1='\''; 
Previous 10: main:c1:1=200; main:c2:1='X'; 
Previous 11: main:c1:1=0; main:c2:1='\''; 
Previous 12: main:c1:1=123; main:c2:1='\''; 
Previous 13: main:c1:1=5; main:c2:1='\''; 
Previous 14: main:c1:1=0; main:c2:1=''; 
Previous 15: main:c1:1=10; main:c2:1=''; 
Previous 16: main:c1:1=9; main:c2:1='\''; 
Previous 17: main:c1:1=10; main:c2:1='\''; 
Previous 18: main:c1:1=55; main:c2:1=''; 
Previous 19: main:c1:1=42; main:c2:1='\''; 
Previous 20: main:c1:1=12; main:c2:1=''; 
Previous 21: main:c1:1=1; main:c2:1='\''; 
Previous 22: main:c1:1=6; main:c2:1='\''; 
Previous 23: main:c1:1=30; main:c2:1='\''; 
Previous 24: main:c1:1=255; main:c2:1='\''; 
Previous 25: main:c1:1=0; main:c2:1='#'; 
Previous 26: main:c1:1=5; main:c2:1=''; 
Previous 27: main:c1:1=100; main:c2:1='\''; 
Previous 28: main:c1:1=42; main:c2:1='-'; 

Program:
extern unsigned char __VERIFIER_nondet_uchar(void);
extern char __VERIFIER_nondet_char(void);
/*

Commit Number: 34c30c8ad3725e0c4a7242278ff2606f422cff93
URL: https://github.com/asterisk/asterisk/commit/34c30c8ad3725e0c4a7242278ff2606f422cff93
Project Name: asterisk
License: GPL-2.0
termination: FALSE
*/
int main()
{
	unsigned char c1 = __VERIFIER_nondet_uchar();
	char c2 =  __VERIFIER_nondet_char();
	unsigned char ac;
	for( ac = c1 ; ac != c2 ; ac++ )
	{
        //do nothing;
	}
	return 0;
 }

"
46,NT,"main:c1:1=0
main:c2:1='\''
",,DUPLICATE,,false,,"You generate concrete values for nondeterministic inputs in a C/C++ program.
Your goal is to produce ONE complete assignment set that is likely to make the program not terminate.

Important rules:
1. Return a value for EVERY listed nondeterministic input ID.
2. Use each ID exactly once.
3. Respect the declared C/C++ type.
4. For an array, return the value as an array containing exactly the required number of elements.
5. For char arrays, each element must be exactly one character. Return the character itself without C single quotes.
6. Prefer small-magnitude values unless larger values are necessary to achieve the requested execution behavior.

Nondeterministic inputs:
- id: main:c1:1, type: unsigned char
- id: main:c2:1, type: char

Previously generated assignment sets are listed below. Generate a materially different set and do not duplicate any of them.
Previous 1: main:c1:1=0; main:c2:1='1'; 
Previous 2: main:c1:1=5; main:c2:1='A'; 
Previous 3: main:c1:1=1; main:c2:1='b'; 
Previous 4: main:c1:1=10; main:c2:1='C'; 
Previous 5: main:c1:1=8; main:c2:1='a'; 
Previous 6: main:c1:1=2; main:c2:1='B'; 
Previous 7: main:c1:1=3; main:c2:1='d'; 
Previous 8: main:c1:1=4; main:c2:1='6'; 
Previous 9: main:c1:1=7; main:c2:1='\''; 
Previous 10: main:c1:1=200; main:c2:1='X'; 
Previous 11: main:c1:1=0; main:c2:1='\''; 
Previous 12: main:c1:1=123; main:c2:1='\''; 
Previous 13: main:c1:1=5; main:c2:1='\''; 
Previous 14: main:c1:1=0; main:c2:1=''; 
Previous 15: main:c1:1=10; main:c2:1=''; 
Previous 16: main:c1:1=9; main:c2:1='\''; 
Previous 17: main:c1:1=10; main:c2:1='\''; 
Previous 18: main:c1:1=55; main:c2:1=''; 
Previous 19: main:c1:1=42; main:c2:1='\''; 
Previous 20: main:c1:1=12; main:c2:1=''; 
Previous 21: main:c1:1=1; main:c2:1='\''; 
Previous 22: main:c1:1=6; main:c2:1='\''; 
Previous 23: main:c1:1=30; main:c2:1='\''; 
Previous 24: main:c1:1=255; main:c2:1='\''; 
Previous 25: main:c1:1=0; main:c2:1='#'; 
Previous 26: main:c1:1=5; main:c2:1=''; 
Previous 27: main:c1:1=100; main:c2:1='\''; 
Previous 28: main:c1:1=42; main:c2:1='-'; 

Program:
extern unsigned char __VERIFIER_nondet_uchar(void);
extern char __VERIFIER_nondet_char(void);
/*

Commit Number: 34c30c8ad3725e0c4a7242278ff2606f422cff93
URL: https://github.com/asterisk/asterisk/commit/34c30c8ad3725e0c4a7242278ff2606f422cff93
Project Name: asterisk
License: GPL-2.0
termination: FALSE
*/
int main()
{
	unsigned char c1 = __VERIFIER_nondet_uchar();
	char c2 =  __VERIFIER_nondet_char();
	unsigned char ac;
	for( ac = c1 ; ac != c2 ; ac++ )
	{
        //do nothing;
	}
	return 0;
 }

"
47,NT,"main:c1:1=0
main:c2:1='\''
",,DUPLICATE,,false,,"You generate concrete values for nondeterministic inputs in a C/C++ program.
Your goal is to produce ONE complete assignment set that is likely to make the program not terminate.

Important rules:
1. Return a value for EVERY listed nondeterministic input ID.
2. Use each ID exactly once.
3. Respect the declared C/C++ type.
4. For an array, return the value as an array containing exactly the required number of elements.
5. For char arrays, each element must be exactly one character. Return the character itself without C single quotes.
6. Prefer small-magnitude values unless larger values are necessary to achieve the requested execution behavior.

Nondeterministic inputs:
- id: main:c1:1, type: unsigned char
- id: main:c2:1, type: char

Previously generated assignment sets are listed below. Generate a materially different set and do not duplicate any of them.
Previous 1: main:c1:1=0; main:c2:1='1'; 
Previous 2: main:c1:1=5; main:c2:1='A'; 
Previous 3: main:c1:1=1; main:c2:1='b'; 
Previous 4: main:c1:1=10; main:c2:1='C'; 
Previous 5: main:c1:1=8; main:c2:1='a'; 
Previous 6: main:c1:1=2; main:c2:1='B'; 
Previous 7: main:c1:1=3; main:c2:1='d'; 
Previous 8: main:c1:1=4; main:c2:1='6'; 
Previous 9: main:c1:1=7; main:c2:1='\''; 
Previous 10: main:c1:1=200; main:c2:1='X'; 
Previous 11: main:c1:1=0; main:c2:1='\''; 
Previous 12: main:c1:1=123; main:c2:1='\''; 
Previous 13: main:c1:1=5; main:c2:1='\''; 
Previous 14: main:c1:1=0; main:c2:1=''; 
Previous 15: main:c1:1=10; main:c2:1=''; 
Previous 16: main:c1:1=9; main:c2:1='\''; 
Previous 17: main:c1:1=10; main:c2:1='\''; 
Previous 18: main:c1:1=55; main:c2:1=''; 
Previous 19: main:c1:1=42; main:c2:1='\''; 
Previous 20: main:c1:1=12; main:c2:1=''; 
Previous 21: main:c1:1=1; main:c2:1='\''; 
Previous 22: main:c1:1=6; main:c2:1='\''; 
Previous 23: main:c1:1=30; main:c2:1='\''; 
Previous 24: main:c1:1=255; main:c2:1='\''; 
Previous 25: main:c1:1=0; main:c2:1='#'; 
Previous 26: main:c1:1=5; main:c2:1=''; 
Previous 27: main:c1:1=100; main:c2:1='\''; 
Previous 28: main:c1:1=42; main:c2:1='-'; 

Program:
extern unsigned char __VERIFIER_nondet_uchar(void);
extern char __VERIFIER_nondet_char(void);
/*

Commit Number: 34c30c8ad3725e0c4a7242278ff2606f422cff93
URL: https://github.com/asterisk/asterisk/commit/34c30c8ad3725e0c4a7242278ff2606f422cff93
Project Name: asterisk
License: GPL-2.0
termination: FALSE
*/
int main()
{
	unsigned char c1 = __VERIFIER_nondet_uchar();
	char c2 =  __VERIFIER_nondet_char();
	unsigned char ac;
	for( ac = c1 ; ac != c2 ; ac++ )
	{
        //do nothing;
	}
	return 0;
 }

"
48,NT,"main:c1:1=0
main:c2:1='\''
",,DUPLICATE,,false,,"You generate concrete values for nondeterministic inputs in a C/C++ program.
Your goal is to produce ONE complete assignment set that is likely to make the program not terminate.

Important rules:
1. Return a value for EVERY listed nondeterministic input ID.
2. Use each ID exactly once.
3. Respect the declared C/C++ type.
4. For an array, return the value as an array containing exactly the required number of elements.
5. For char arrays, each element must be exactly one character. Return the character itself without C single quotes.
6. Prefer small-magnitude values unless larger values are necessary to achieve the requested execution behavior.

Nondeterministic inputs:
- id: main:c1:1, type: unsigned char
- id: main:c2:1, type: char

Previously generated assignment sets are listed below. Generate a materially different set and do not duplicate any of them.
Previous 1: main:c1:1=0; main:c2:1='1'; 
Previous 2: main:c1:1=5; main:c2:1='A'; 
Previous 3: main:c1:1=1; main:c2:1='b'; 
Previous 4: main:c1:1=10; main:c2:1='C'; 
Previous 5: main:c1:1=8; main:c2:1='a'; 
Previous 6: main:c1:1=2; main:c2:1='B'; 
Previous 7: main:c1:1=3; main:c2:1='d'; 
Previous 8: main:c1:1=4; main:c2:1='6'; 
Previous 9: main:c1:1=7; main:c2:1='\''; 
Previous 10: main:c1:1=200; main:c2:1='X'; 
Previous 11: main:c1:1=0; main:c2:1='\''; 
Previous 12: main:c1:1=123; main:c2:1='\''; 
Previous 13: main:c1:1=5; main:c2:1='\''; 
Previous 14: main:c1:1=0; main:c2:1=''; 
Previous 15: main:c1:1=10; main:c2:1=''; 
Previous 16: main:c1:1=9; main:c2:1='\''; 
Previous 17: main:c1:1=10; main:c2:1='\''; 
Previous 18: main:c1:1=55; main:c2:1=''; 
Previous 19: main:c1:1=42; main:c2:1='\''; 
Previous 20: main:c1:1=12; main:c2:1=''; 
Previous 21: main:c1:1=1; main:c2:1='\''; 
Previous 22: main:c1:1=6; main:c2:1='\''; 
Previous 23: main:c1:1=30; main:c2:1='\''; 
Previous 24: main:c1:1=255; main:c2:1='\''; 
Previous 25: main:c1:1=0; main:c2:1='#'; 
Previous 26: main:c1:1=5; main:c2:1=''; 
Previous 27: main:c1:1=100; main:c2:1='\''; 
Previous 28: main:c1:1=42; main:c2:1='-'; 

Program:
extern unsigned char __VERIFIER_nondet_uchar(void);
extern char __VERIFIER_nondet_char(void);
/*

Commit Number: 34c30c8ad3725e0c4a7242278ff2606f422cff93
URL: https://github.com/asterisk/asterisk/commit/34c30c8ad3725e0c4a7242278ff2606f422cff93
Project Name: asterisk
License: GPL-2.0
termination: FALSE
*/
int main()
{
	unsigned char c1 = __VERIFIER_nondet_uchar();
	char c2 =  __VERIFIER_nondet_char();
	unsigned char ac;
	for( ac = c1 ; ac != c2 ; ac++ )
	{
        //do nothing;
	}
	return 0;
 }

"
49,NT,"main:c1:1=0
main:c2:1=''
",,DUPLICATE,,false,,"You generate concrete values for nondeterministic inputs in a C/C++ program.
Your goal is to produce ONE complete assignment set that is likely to make the program not terminate.

Important rules:
1. Return a value for EVERY listed nondeterministic input ID.
2. Use each ID exactly once.
3. Respect the declared C/C++ type.
4. For an array, return the value as an array containing exactly the required number of elements.
5. For char arrays, each element must be exactly one character. Return the character itself without C single quotes.
6. Prefer small-magnitude values unless larger values are necessary to achieve the requested execution behavior.

Nondeterministic inputs:
- id: main:c1:1, type: unsigned char
- id: main:c2:1, type: char

Previously generated assignment sets are listed below. Generate a materially different set and do not duplicate any of them.
Previous 1: main:c1:1=0; main:c2:1='1'; 
Previous 2: main:c1:1=5; main:c2:1='A'; 
Previous 3: main:c1:1=1; main:c2:1='b'; 
Previous 4: main:c1:1=10; main:c2:1='C'; 
Previous 5: main:c1:1=8; main:c2:1='a'; 
Previous 6: main:c1:1=2; main:c2:1='B'; 
Previous 7: main:c1:1=3; main:c2:1='d'; 
Previous 8: main:c1:1=4; main:c2:1='6'; 
Previous 9: main:c1:1=7; main:c2:1='\''; 
Previous 10: main:c1:1=200; main:c2:1='X'; 
Previous 11: main:c1:1=0; main:c2:1='\''; 
Previous 12: main:c1:1=123; main:c2:1='\''; 
Previous 13: main:c1:1=5; main:c2:1='\''; 
Previous 14: main:c1:1=0; main:c2:1=''; 
Previous 15: main:c1:1=10; main:c2:1=''; 
Previous 16: main:c1:1=9; main:c2:1='\''; 
Previous 17: main:c1:1=10; main:c2:1='\''; 
Previous 18: main:c1:1=55; main:c2:1=''; 
Previous 19: main:c1:1=42; main:c2:1='\''; 
Previous 20: main:c1:1=12; main:c2:1=''; 
Previous 21: main:c1:1=1; main:c2:1='\''; 
Previous 22: main:c1:1=6; main:c2:1='\''; 
Previous 23: main:c1:1=30; main:c2:1='\''; 
Previous 24: main:c1:1=255; main:c2:1='\''; 
Previous 25: main:c1:1=0; main:c2:1='#'; 
Previous 26: main:c1:1=5; main:c2:1=''; 
Previous 27: main:c1:1=100; main:c2:1='\''; 
Previous 28: main:c1:1=42; main:c2:1='-'; 

Program:
extern unsigned char __VERIFIER_nondet_uchar(void);
extern char __VERIFIER_nondet_char(void);
/*

Commit Number: 34c30c8ad3725e0c4a7242278ff2606f422cff93
URL: https://github.com/asterisk/asterisk/commit/34c30c8ad3725e0c4a7242278ff2606f422cff93
Project Name: asterisk
License: GPL-2.0
termination: FALSE
*/
int main()
{
	unsigned char c1 = __VERIFIER_nondet_uchar();
	char c2 =  __VERIFIER_nondet_char();
	unsigned char ac;
	for( ac = c1 ; ac != c2 ; ac++ )
	{
        //do nothing;
	}
	return 0;
 }

"
50,NT,"main:c1:1=0
main:c2:1='-'
",,COMPLETED,T,false,,"You generate concrete values for nondeterministic inputs in a C/C++ program.
Your goal is to produce ONE complete assignment set that is likely to make the program not terminate.

Important rules:
1. Return a value for EVERY listed nondeterministic input ID.
2. Use each ID exactly once.
3. Respect the declared C/C++ type.
4. For an array, return the value as an array containing exactly the required number of elements.
5. For char arrays, each element must be exactly one character. Return the character itself without C single quotes.
6. Prefer small-magnitude values unless larger values are necessary to achieve the requested execution behavior.

Nondeterministic inputs:
- id: main:c1:1, type: unsigned char
- id: main:c2:1, type: char

Previously generated assignment sets are listed below. Generate a materially different set and do not duplicate any of them.
Previous 1: main:c1:1=0; main:c2:1='1'; 
Previous 2: main:c1:1=5; main:c2:1='A'; 
Previous 3: main:c1:1=1; main:c2:1='b'; 
Previous 4: main:c1:1=10; main:c2:1='C'; 
Previous 5: main:c1:1=8; main:c2:1='a'; 
Previous 6: main:c1:1=2; main:c2:1='B'; 
Previous 7: main:c1:1=3; main:c2:1='d'; 
Previous 8: main:c1:1=4; main:c2:1='6'; 
Previous 9: main:c1:1=7; main:c2:1='\''; 
Previous 10: main:c1:1=200; main:c2:1='X'; 
Previous 11: main:c1:1=0; main:c2:1='\''; 
Previous 12: main:c1:1=123; main:c2:1='\''; 
Previous 13: main:c1:1=5; main:c2:1='\''; 
Previous 14: main:c1:1=0; main:c2:1=''; 
Previous 15: main:c1:1=10; main:c2:1=''; 
Previous 16: main:c1:1=9; main:c2:1='\''; 
Previous 17: main:c1:1=10; main:c2:1='\''; 
Previous 18: main:c1:1=55; main:c2:1=''; 
Previous 19: main:c1:1=42; main:c2:1='\''; 
Previous 20: main:c1:1=12; main:c2:1=''; 
Previous 21: main:c1:1=1; main:c2:1='\''; 
Previous 22: main:c1:1=6; main:c2:1='\''; 
Previous 23: main:c1:1=30; main:c2:1='\''; 
Previous 24: main:c1:1=255; main:c2:1='\''; 
Previous 25: main:c1:1=0; main:c2:1='#'; 
Previous 26: main:c1:1=5; main:c2:1=''; 
Previous 27: main:c1:1=100; main:c2:1='\''; 
Previous 28: main:c1:1=42; main:c2:1='-'; 

Program:
extern unsigned char __VERIFIER_nondet_uchar(void);
extern char __VERIFIER_nondet_char(void);
/*

Commit Number: 34c30c8ad3725e0c4a7242278ff2606f422cff93
URL: https://github.com/asterisk/asterisk/commit/34c30c8ad3725e0c4a7242278ff2606f422cff93
Project Name: asterisk
License: GPL-2.0
termination: FALSE
*/
int main()
{
	unsigned char c1 = __VERIFIER_nondet_uchar();
	char c2 =  __VERIFIER_nondet_char();
	unsigned char ac;
	for( ac = c1 ; ac != c2 ; ac++ )
	{
        //do nothing;
	}
	return 0;
 }

"
51,NT,"main:c1:1=123
main:c2:1='<'
",,COMPLETED,T,false,,"You generate concrete values for nondeterministic inputs in a C/C++ program.
Your goal is to produce ONE complete assignment set that is likely to make the program not terminate.

Important rules:
1. Return a value for EVERY listed nondeterministic input ID.
2. Use each ID exactly once.
3. Respect the declared C/C++ type.
4. For an array, return the value as an array containing exactly the required number of elements.
5. For char arrays, each element must be exactly one character. Return the character itself without C single quotes.
6. Prefer small-magnitude values unless larger values are necessary to achieve the requested execution behavior.

Nondeterministic inputs:
- id: main:c1:1, type: unsigned char
- id: main:c2:1, type: char

Previously generated assignment sets are listed below. Generate a materially different set and do not duplicate any of them.
Previous 1: main:c1:1=0; main:c2:1='1'; 
Previous 2: main:c1:1=5; main:c2:1='A'; 
Previous 3: main:c1:1=1; main:c2:1='b'; 
Previous 4: main:c1:1=10; main:c2:1='C'; 
Previous 5: main:c1:1=8; main:c2:1='a'; 
Previous 6: main:c1:1=2; main:c2:1='B'; 
Previous 7: main:c1:1=3; main:c2:1='d'; 
Previous 8: main:c1:1=4; main:c2:1='6'; 
Previous 9: main:c1:1=7; main:c2:1='\''; 
Previous 10: main:c1:1=200; main:c2:1='X'; 
Previous 11: main:c1:1=0; main:c2:1='\''; 
Previous 12: main:c1:1=123; main:c2:1='\''; 
Previous 13: main:c1:1=5; main:c2:1='\''; 
Previous 14: main:c1:1=0; main:c2:1=''; 
Previous 15: main:c1:1=10; main:c2:1=''; 
Previous 16: main:c1:1=9; main:c2:1='\''; 
Previous 17: main:c1:1=10; main:c2:1='\''; 
Previous 18: main:c1:1=55; main:c2:1=''; 
Previous 19: main:c1:1=42; main:c2:1='\''; 
Previous 20: main:c1:1=12; main:c2:1=''; 
Previous 21: main:c1:1=1; main:c2:1='\''; 
Previous 22: main:c1:1=6; main:c2:1='\''; 
Previous 23: main:c1:1=30; main:c2:1='\''; 
Previous 24: main:c1:1=255; main:c2:1='\''; 
Previous 25: main:c1:1=0; main:c2:1='#'; 
Previous 26: main:c1:1=5; main:c2:1=''; 
Previous 27: main:c1:1=100; main:c2:1='\''; 
Previous 28: main:c1:1=42; main:c2:1='-'; 
Previous 29: main:c1:1=0; main:c2:1='-'; 

Program:
extern unsigned char __VERIFIER_nondet_uchar(void);
extern char __VERIFIER_nondet_char(void);
/*

Commit Number: 34c30c8ad3725e0c4a7242278ff2606f422cff93
URL: https://github.com/asterisk/asterisk/commit/34c30c8ad3725e0c4a7242278ff2606f422cff93
Project Name: asterisk
License: GPL-2.0
termination: FALSE
*/
int main()
{
	unsigned char c1 = __VERIFIER_nondet_uchar();
	char c2 =  __VERIFIER_nondet_char();
	unsigned char ac;
	for( ac = c1 ; ac != c2 ; ac++ )
	{
        //do nothing;
	}
	return 0;
 }

"
52,NT,"main:c1:1=17
main:c2:1='\''
",,COMPLETED,T,false,,"You generate concrete values for nondeterministic inputs in a C/C++ program.
Your goal is to produce ONE complete assignment set that is likely to make the program not terminate.

Important rules:
1. Return a value for EVERY listed nondeterministic input ID.
2. Use each ID exactly once.
3. Respect the declared C/C++ type.
4. For an array, return the value as an array containing exactly the required number of elements.
5. For char arrays, each element must be exactly one character. Return the character itself without C single quotes.
6. Prefer small-magnitude values unless larger values are necessary to achieve the requested execution behavior.

Nondeterministic inputs:
- id: main:c1:1, type: unsigned char
- id: main:c2:1, type: char

Previously generated assignment sets are listed below. Generate a materially different set and do not duplicate any of them.
Previous 1: main:c1:1=0; main:c2:1='1'; 
Previous 2: main:c1:1=5; main:c2:1='A'; 
Previous 3: main:c1:1=1; main:c2:1='b'; 
Previous 4: main:c1:1=10; main:c2:1='C'; 
Previous 5: main:c1:1=8; main:c2:1='a'; 
Previous 6: main:c1:1=2; main:c2:1='B'; 
Previous 7: main:c1:1=3; main:c2:1='d'; 
Previous 8: main:c1:1=4; main:c2:1='6'; 
Previous 9: main:c1:1=7; main:c2:1='\''; 
Previous 10: main:c1:1=200; main:c2:1='X'; 
Previous 11: main:c1:1=0; main:c2:1='\''; 
Previous 12: main:c1:1=123; main:c2:1='\''; 
Previous 13: main:c1:1=5; main:c2:1='\''; 
Previous 14: main:c1:1=0; main:c2:1=''; 
Previous 15: main:c1:1=10; main:c2:1=''; 
Previous 16: main:c1:1=9; main:c2:1='\''; 
Previous 17: main:c1:1=10; main:c2:1='\''; 
Previous 18: main:c1:1=55; main:c2:1=''; 
Previous 19: main:c1:1=42; main:c2:1='\''; 
Previous 20: main:c1:1=12; main:c2:1=''; 
Previous 21: main:c1:1=1; main:c2:1='\''; 
Previous 22: main:c1:1=6; main:c2:1='\''; 
Previous 23: main:c1:1=30; main:c2:1='\''; 
Previous 24: main:c1:1=255; main:c2:1='\''; 
Previous 25: main:c1:1=0; main:c2:1='#'; 
Previous 26: main:c1:1=5; main:c2:1=''; 
Previous 27: main:c1:1=100; main:c2:1='\''; 
Previous 28: main:c1:1=42; main:c2:1='-'; 
Previous 29: main:c1:1=0; main:c2:1='-'; 
Previous 30: main:c1:1=123; main:c2:1='<'; 

Program:
extern unsigned char __VERIFIER_nondet_uchar(void);
extern char __VERIFIER_nondet_char(void);
/*

Commit Number: 34c30c8ad3725e0c4a7242278ff2606f422cff93
URL: https://github.com/asterisk/asterisk/commit/34c30c8ad3725e0c4a7242278ff2606f422cff93
Project Name: asterisk
License: GPL-2.0
termination: FALSE
*/
int main()
{
	unsigned char c1 = __VERIFIER_nondet_uchar();
	char c2 =  __VERIFIER_nondet_char();
	unsigned char ac;
	for( ac = c1 ; ac != c2 ; ac++ )
	{
        //do nothing;
	}
	return 0;
 }

"
53,NT,"main:c1:1=0
main:c2:1='\''
",,DUPLICATE,,false,,"You generate concrete values for nondeterministic inputs in a C/C++ program.
Your goal is to produce ONE complete assignment set that is likely to make the program not terminate.

Important rules:
1. Return a value for EVERY listed nondeterministic input ID.
2. Use each ID exactly once.
3. Respect the declared C/C++ type.
4. For an array, return the value as an array containing exactly the required number of elements.
5. For char arrays, each element must be exactly one character. Return the character itself without C single quotes.
6. Prefer small-magnitude values unless larger values are necessary to achieve the requested execution behavior.

Nondeterministic inputs:
- id: main:c1:1, type: unsigned char
- id: main:c2:1, type: char

Previously generated assignment sets are listed below. Generate a materially different set and do not duplicate any of them.
Previous 1: main:c1:1=0; main:c2:1='1'; 
Previous 2: main:c1:1=5; main:c2:1='A'; 
Previous 3: main:c1:1=1; main:c2:1='b'; 
Previous 4: main:c1:1=10; main:c2:1='C'; 
Previous 5: main:c1:1=8; main:c2:1='a'; 
Previous 6: main:c1:1=2; main:c2:1='B'; 
Previous 7: main:c1:1=3; main:c2:1='d'; 
Previous 8: main:c1:1=4; main:c2:1='6'; 
Previous 9: main:c1:1=7; main:c2:1='\''; 
Previous 10: main:c1:1=200; main:c2:1='X'; 
Previous 11: main:c1:1=0; main:c2:1='\''; 
Previous 12: main:c1:1=123; main:c2:1='\''; 
Previous 13: main:c1:1=5; main:c2:1='\''; 
Previous 14: main:c1:1=0; main:c2:1=''; 
Previous 15: main:c1:1=10; main:c2:1=''; 
Previous 16: main:c1:1=9; main:c2:1='\''; 
Previous 17: main:c1:1=10; main:c2:1='\''; 
Previous 18: main:c1:1=55; main:c2:1=''; 
Previous 19: main:c1:1=42; main:c2:1='\''; 
Previous 20: main:c1:1=12; main:c2:1=''; 
Previous 21: main:c1:1=1; main:c2:1='\''; 
Previous 22: main:c1:1=6; main:c2:1='\''; 
Previous 23: main:c1:1=30; main:c2:1='\''; 
Previous 24: main:c1:1=255; main:c2:1='\''; 
Previous 25: main:c1:1=0; main:c2:1='#'; 
Previous 26: main:c1:1=5; main:c2:1=''; 
Previous 27: main:c1:1=100; main:c2:1='\''; 
Previous 28: main:c1:1=42; main:c2:1='-'; 
Previous 29: main:c1:1=0; main:c2:1='-'; 
Previous 30: main:c1:1=123; main:c2:1='<'; 
Previous 31: main:c1:1=17; main:c2:1='\''; 

Program:
extern unsigned char __VERIFIER_nondet_uchar(void);
extern char __VERIFIER_nondet_char(void);
/*

Commit Number: 34c30c8ad3725e0c4a7242278ff2606f422cff93
URL: https://github.com/asterisk/asterisk/commit/34c30c8ad3725e0c4a7242278ff2606f422cff93
Project Name: asterisk
License: GPL-2.0
termination: FALSE
*/
int main()
{
	unsigned char c1 = __VERIFIER_nondet_uchar();
	char c2 =  __VERIFIER_nondet_char();
	unsigned char ac;
	for( ac = c1 ; ac != c2 ; ac++ )
	{
        //do nothing;
	}
	return 0;
 }

"
54,NT,"main:c1:1=42
main:c2:1='\''
",,DUPLICATE,,false,,"You generate concrete values for nondeterministic inputs in a C/C++ program.
Your goal is to produce ONE complete assignment set that is likely to make the program not terminate.

Important rules:
1. Return a value for EVERY listed nondeterministic input ID.
2. Use each ID exactly once.
3. Respect the declared C/C++ type.
4. For an array, return the value as an array containing exactly the required number of elements.
5. For char arrays, each element must be exactly one character. Return the character itself without C single quotes.
6. Prefer small-magnitude values unless larger values are necessary to achieve the requested execution behavior.

Nondeterministic inputs:
- id: main:c1:1, type: unsigned char
- id: main:c2:1, type: char

Previously generated assignment sets are listed below. Generate a materially different set and do not duplicate any of them.
Previous 1: main:c1:1=0; main:c2:1='1'; 
Previous 2: main:c1:1=5; main:c2:1='A'; 
Previous 3: main:c1:1=1; main:c2:1='b'; 
Previous 4: main:c1:1=10; main:c2:1='C'; 
Previous 5: main:c1:1=8; main:c2:1='a'; 
Previous 6: main:c1:1=2; main:c2:1='B'; 
Previous 7: main:c1:1=3; main:c2:1='d'; 
Previous 8: main:c1:1=4; main:c2:1='6'; 
Previous 9: main:c1:1=7; main:c2:1='\''; 
Previous 10: main:c1:1=200; main:c2:1='X'; 
Previous 11: main:c1:1=0; main:c2:1='\''; 
Previous 12: main:c1:1=123; main:c2:1='\''; 
Previous 13: main:c1:1=5; main:c2:1='\''; 
Previous 14: main:c1:1=0; main:c2:1=''; 
Previous 15: main:c1:1=10; main:c2:1=''; 
Previous 16: main:c1:1=9; main:c2:1='\''; 
Previous 17: main:c1:1=10; main:c2:1='\''; 
Previous 18: main:c1:1=55; main:c2:1=''; 
Previous 19: main:c1:1=42; main:c2:1='\''; 
Previous 20: main:c1:1=12; main:c2:1=''; 
Previous 21: main:c1:1=1; main:c2:1='\''; 
Previous 22: main:c1:1=6; main:c2:1='\''; 
Previous 23: main:c1:1=30; main:c2:1='\''; 
Previous 24: main:c1:1=255; main:c2:1='\''; 
Previous 25: main:c1:1=0; main:c2:1='#'; 
Previous 26: main:c1:1=5; main:c2:1=''; 
Previous 27: main:c1:1=100; main:c2:1='\''; 
Previous 28: main:c1:1=42; main:c2:1='-'; 
Previous 29: main:c1:1=0; main:c2:1='-'; 
Previous 30: main:c1:1=123; main:c2:1='<'; 
Previous 31: main:c1:1=17; main:c2:1='\''; 

Program:
extern unsigned char __VERIFIER_nondet_uchar(void);
extern char __VERIFIER_nondet_char(void);
/*

Commit Number: 34c30c8ad3725e0c4a7242278ff2606f422cff93
URL: https://github.com/asterisk/asterisk/commit/34c30c8ad3725e0c4a7242278ff2606f422cff93
Project Name: asterisk
License: GPL-2.0
termination: FALSE
*/
int main()
{
	unsigned char c1 = __VERIFIER_nondet_uchar();
	char c2 =  __VERIFIER_nondet_char();
	unsigned char ac;
	for( ac = c1 ; ac != c2 ; ac++ )
	{
        //do nothing;
	}
	return 0;
 }

"
55,NT,"main:c1:1=0
main:c2:1='\''
",,DUPLICATE,,false,,"You generate concrete values for nondeterministic inputs in a C/C++ program.
Your goal is to produce ONE complete assignment set that is likely to make the program not terminate.

Important rules:
1. Return a value for EVERY listed nondeterministic input ID.
2. Use each ID exactly once.
3. Respect the declared C/C++ type.
4. For an array, return the value as an array containing exactly the required number of elements.
5. For char arrays, each element must be exactly one character. Return the character itself without C single quotes.
6. Prefer small-magnitude values unless larger values are necessary to achieve the requested execution behavior.

Nondeterministic inputs:
- id: main:c1:1, type: unsigned char
- id: main:c2:1, type: char

Previously generated assignment sets are listed below. Generate a materially different set and do not duplicate any of them.
Previous 1: main:c1:1=0; main:c2:1='1'; 
Previous 2: main:c1:1=5; main:c2:1='A'; 
Previous 3: main:c1:1=1; main:c2:1='b'; 
Previous 4: main:c1:1=10; main:c2:1='C'; 
Previous 5: main:c1:1=8; main:c2:1='a'; 
Previous 6: main:c1:1=2; main:c2:1='B'; 
Previous 7: main:c1:1=3; main:c2:1='d'; 
Previous 8: main:c1:1=4; main:c2:1='6'; 
Previous 9: main:c1:1=7; main:c2:1='\''; 
Previous 10: main:c1:1=200; main:c2:1='X'; 
Previous 11: main:c1:1=0; main:c2:1='\''; 
Previous 12: main:c1:1=123; main:c2:1='\''; 
Previous 13: main:c1:1=5; main:c2:1='\''; 
Previous 14: main:c1:1=0; main:c2:1=''; 
Previous 15: main:c1:1=10; main:c2:1=''; 
Previous 16: main:c1:1=9; main:c2:1='\''; 
Previous 17: main:c1:1=10; main:c2:1='\''; 
Previous 18: main:c1:1=55; main:c2:1=''; 
Previous 19: main:c1:1=42; main:c2:1='\''; 
Previous 20: main:c1:1=12; main:c2:1=''; 
Previous 21: main:c1:1=1; main:c2:1='\''; 
Previous 22: main:c1:1=6; main:c2:1='\''; 
Previous 23: main:c1:1=30; main:c2:1='\''; 
Previous 24: main:c1:1=255; main:c2:1='\''; 
Previous 25: main:c1:1=0; main:c2:1='#'; 
Previous 26: main:c1:1=5; main:c2:1=''; 
Previous 27: main:c1:1=100; main:c2:1='\''; 
Previous 28: main:c1:1=42; main:c2:1='-'; 
Previous 29: main:c1:1=0; main:c2:1='-'; 
Previous 30: main:c1:1=123; main:c2:1='<'; 
Previous 31: main:c1:1=17; main:c2:1='\''; 

Program:
extern unsigned char __VERIFIER_nondet_uchar(void);
extern char __VERIFIER_nondet_char(void);
/*

Commit Number: 34c30c8ad3725e0c4a7242278ff2606f422cff93
URL: https://github.com/asterisk/asterisk/commit/34c30c8ad3725e0c4a7242278ff2606f422cff93
Project Name: asterisk
License: GPL-2.0
termination: FALSE
*/
int main()
{
	unsigned char c1 = __VERIFIER_nondet_uchar();
	char c2 =  __VERIFIER_nondet_char();
	unsigned char ac;
	for( ac = c1 ; ac != c2 ; ac++ )
	{
        //do nothing;
	}
	return 0;
 }

"
56,NT,"main:c1:1=0
main:c2:1='\''
",,DUPLICATE,,false,,"You generate concrete values for nondeterministic inputs in a C/C++ program.
Your goal is to produce ONE complete assignment set that is likely to make the program not terminate.

Important rules:
1. Return a value for EVERY listed nondeterministic input ID.
2. Use each ID exactly once.
3. Respect the declared C/C++ type.
4. For an array, return the value as an array containing exactly the required number of elements.
5. For char arrays, each element must be exactly one character. Return the character itself without C single quotes.
6. Prefer small-magnitude values unless larger values are necessary to achieve the requested execution behavior.

Nondeterministic inputs:
- id: main:c1:1, type: unsigned char
- id: main:c2:1, type: char

Previously generated assignment sets are listed below. Generate a materially different set and do not duplicate any of them.
Previous 1: main:c1:1=0; main:c2:1='1'; 
Previous 2: main:c1:1=5; main:c2:1='A'; 
Previous 3: main:c1:1=1; main:c2:1='b'; 
Previous 4: main:c1:1=10; main:c2:1='C'; 
Previous 5: main:c1:1=8; main:c2:1='a'; 
Previous 6: main:c1:1=2; main:c2:1='B'; 
Previous 7: main:c1:1=3; main:c2:1='d'; 
Previous 8: main:c1:1=4; main:c2:1='6'; 
Previous 9: main:c1:1=7; main:c2:1='\''; 
Previous 10: main:c1:1=200; main:c2:1='X'; 
Previous 11: main:c1:1=0; main:c2:1='\''; 
Previous 12: main:c1:1=123; main:c2:1='\''; 
Previous 13: main:c1:1=5; main:c2:1='\''; 
Previous 14: main:c1:1=0; main:c2:1=''; 
Previous 15: main:c1:1=10; main:c2:1=''; 
Previous 16: main:c1:1=9; main:c2:1='\''; 
Previous 17: main:c1:1=10; main:c2:1='\''; 
Previous 18: main:c1:1=55; main:c2:1=''; 
Previous 19: main:c1:1=42; main:c2:1='\''; 
Previous 20: main:c1:1=12; main:c2:1=''; 
Previous 21: main:c1:1=1; main:c2:1='\''; 
Previous 22: main:c1:1=6; main:c2:1='\''; 
Previous 23: main:c1:1=30; main:c2:1='\''; 
Previous 24: main:c1:1=255; main:c2:1='\''; 
Previous 25: main:c1:1=0; main:c2:1='#'; 
Previous 26: main:c1:1=5; main:c2:1=''; 
Previous 27: main:c1:1=100; main:c2:1='\''; 
Previous 28: main:c1:1=42; main:c2:1='-'; 
Previous 29: main:c1:1=0; main:c2:1='-'; 
Previous 30: main:c1:1=123; main:c2:1='<'; 
Previous 31: main:c1:1=17; main:c2:1='\''; 

Program:
extern unsigned char __VERIFIER_nondet_uchar(void);
extern char __VERIFIER_nondet_char(void);
/*

Commit Number: 34c30c8ad3725e0c4a7242278ff2606f422cff93
URL: https://github.com/asterisk/asterisk/commit/34c30c8ad3725e0c4a7242278ff2606f422cff93
Project Name: asterisk
License: GPL-2.0
termination: FALSE
*/
int main()
{
	unsigned char c1 = __VERIFIER_nondet_uchar();
	char c2 =  __VERIFIER_nondet_char();
	unsigned char ac;
	for( ac = c1 ; ac != c2 ; ac++ )
	{
        //do nothing;
	}
	return 0;
 }

"
57,NT,"main:c1:1=254
main:c2:1='*'
",,COMPLETED,T,false,,"You generate concrete values for nondeterministic inputs in a C/C++ program.
Your goal is to produce ONE complete assignment set that is likely to make the program not terminate.

Important rules:
1. Return a value for EVERY listed nondeterministic input ID.
2. Use each ID exactly once.
3. Respect the declared C/C++ type.
4. For an array, return the value as an array containing exactly the required number of elements.
5. For char arrays, each element must be exactly one character. Return the character itself without C single quotes.
6. Prefer small-magnitude values unless larger values are necessary to achieve the requested execution behavior.

Nondeterministic inputs:
- id: main:c1:1, type: unsigned char
- id: main:c2:1, type: char

Previously generated assignment sets are listed below. Generate a materially different set and do not duplicate any of them.
Previous 1: main:c1:1=0; main:c2:1='1'; 
Previous 2: main:c1:1=5; main:c2:1='A'; 
Previous 3: main:c1:1=1; main:c2:1='b'; 
Previous 4: main:c1:1=10; main:c2:1='C'; 
Previous 5: main:c1:1=8; main:c2:1='a'; 
Previous 6: main:c1:1=2; main:c2:1='B'; 
Previous 7: main:c1:1=3; main:c2:1='d'; 
Previous 8: main:c1:1=4; main:c2:1='6'; 
Previous 9: main:c1:1=7; main:c2:1='\''; 
Previous 10: main:c1:1=200; main:c2:1='X'; 
Previous 11: main:c1:1=0; main:c2:1='\''; 
Previous 12: main:c1:1=123; main:c2:1='\''; 
Previous 13: main:c1:1=5; main:c2:1='\''; 
Previous 14: main:c1:1=0; main:c2:1=''; 
Previous 15: main:c1:1=10; main:c2:1=''; 
Previous 16: main:c1:1=9; main:c2:1='\''; 
Previous 17: main:c1:1=10; main:c2:1='\''; 
Previous 18: main:c1:1=55; main:c2:1=''; 
Previous 19: main:c1:1=42; main:c2:1='\''; 
Previous 20: main:c1:1=12; main:c2:1=''; 
Previous 21: main:c1:1=1; main:c2:1='\''; 
Previous 22: main:c1:1=6; main:c2:1='\''; 
Previous 23: main:c1:1=30; main:c2:1='\''; 
Previous 24: main:c1:1=255; main:c2:1='\''; 
Previous 25: main:c1:1=0; main:c2:1='#'; 
Previous 26: main:c1:1=5; main:c2:1=''; 
Previous 27: main:c1:1=100; main:c2:1='\''; 
Previous 28: main:c1:1=42; main:c2:1='-'; 
Previous 29: main:c1:1=0; main:c2:1='-'; 
Previous 30: main:c1:1=123; main:c2:1='<'; 
Previous 31: main:c1:1=17; main:c2:1='\''; 

Program:
extern unsigned char __VERIFIER_nondet_uchar(void);
extern char __VERIFIER_nondet_char(void);
/*

Commit Number: 34c30c8ad3725e0c4a7242278ff2606f422cff93
URL: https://github.com/asterisk/asterisk/commit/34c30c8ad3725e0c4a7242278ff2606f422cff93
Project Name: asterisk
License: GPL-2.0
termination: FALSE
*/
int main()
{
	unsigned char c1 = __VERIFIER_nondet_uchar();
	char c2 =  __VERIFIER_nondet_char();
	unsigned char ac;
	for( ac = c1 ; ac != c2 ; ac++ )
	{
        //do nothing;
	}
	return 0;
 }

"
58,NT,"main:c1:1=20
main:c2:1='\''
",,COMPLETED,T,false,,"You generate concrete values for nondeterministic inputs in a C/C++ program.
Your goal is to produce ONE complete assignment set that is likely to make the program not terminate.

Important rules:
1. Return a value for EVERY listed nondeterministic input ID.
2. Use each ID exactly once.
3. Respect the declared C/C++ type.
4. For an array, return the value as an array containing exactly the required number of elements.
5. For char arrays, each element must be exactly one character. Return the character itself without C single quotes.
6. Prefer small-magnitude values unless larger values are necessary to achieve the requested execution behavior.

Nondeterministic inputs:
- id: main:c1:1, type: unsigned char
- id: main:c2:1, type: char

Previously generated assignment sets are listed below. Generate a materially different set and do not duplicate any of them.
Previous 1: main:c1:1=0; main:c2:1='1'; 
Previous 2: main:c1:1=5; main:c2:1='A'; 
Previous 3: main:c1:1=1; main:c2:1='b'; 
Previous 4: main:c1:1=10; main:c2:1='C'; 
Previous 5: main:c1:1=8; main:c2:1='a'; 
Previous 6: main:c1:1=2; main:c2:1='B'; 
Previous 7: main:c1:1=3; main:c2:1='d'; 
Previous 8: main:c1:1=4; main:c2:1='6'; 
Previous 9: main:c1:1=7; main:c2:1='\''; 
Previous 10: main:c1:1=200; main:c2:1='X'; 
Previous 11: main:c1:1=0; main:c2:1='\''; 
Previous 12: main:c1:1=123; main:c2:1='\''; 
Previous 13: main:c1:1=5; main:c2:1='\''; 
Previous 14: main:c1:1=0; main:c2:1=''; 
Previous 15: main:c1:1=10; main:c2:1=''; 
Previous 16: main:c1:1=9; main:c2:1='\''; 
Previous 17: main:c1:1=10; main:c2:1='\''; 
Previous 18: main:c1:1=55; main:c2:1=''; 
Previous 19: main:c1:1=42; main:c2:1='\''; 
Previous 20: main:c1:1=12; main:c2:1=''; 
Previous 21: main:c1:1=1; main:c2:1='\''; 
Previous 22: main:c1:1=6; main:c2:1='\''; 
Previous 23: main:c1:1=30; main:c2:1='\''; 
Previous 24: main:c1:1=255; main:c2:1='\''; 
Previous 25: main:c1:1=0; main:c2:1='#'; 
Previous 26: main:c1:1=5; main:c2:1=''; 
Previous 27: main:c1:1=100; main:c2:1='\''; 
Previous 28: main:c1:1=42; main:c2:1='-'; 
Previous 29: main:c1:1=0; main:c2:1='-'; 
Previous 30: main:c1:1=123; main:c2:1='<'; 
Previous 31: main:c1:1=17; main:c2:1='\''; 
Previous 32: main:c1:1=254; main:c2:1='*'; 

Program:
extern unsigned char __VERIFIER_nondet_uchar(void);
extern char __VERIFIER_nondet_char(void);
/*

Commit Number: 34c30c8ad3725e0c4a7242278ff2606f422cff93
URL: https://github.com/asterisk/asterisk/commit/34c30c8ad3725e0c4a7242278ff2606f422cff93
Project Name: asterisk
License: GPL-2.0
termination: FALSE
*/
int main()
{
	unsigned char c1 = __VERIFIER_nondet_uchar();
	char c2 =  __VERIFIER_nondet_char();
	unsigned char ac;
	for( ac = c1 ; ac != c2 ; ac++ )
	{
        //do nothing;
	}
	return 0;
 }

"
59,NT,"main:c1:1=80
main:c2:1='\''
",,COMPLETED,T,false,,"You generate concrete values for nondeterministic inputs in a C/C++ program.
Your goal is to produce ONE complete assignment set that is likely to make the program not terminate.

Important rules:
1. Return a value for EVERY listed nondeterministic input ID.
2. Use each ID exactly once.
3. Respect the declared C/C++ type.
4. For an array, return the value as an array containing exactly the required number of elements.
5. For char arrays, each element must be exactly one character. Return the character itself without C single quotes.
6. Prefer small-magnitude values unless larger values are necessary to achieve the requested execution behavior.

Nondeterministic inputs:
- id: main:c1:1, type: unsigned char
- id: main:c2:1, type: char

Previously generated assignment sets are listed below. Generate a materially different set and do not duplicate any of them.
Previous 1: main:c1:1=0; main:c2:1='1'; 
Previous 2: main:c1:1=5; main:c2:1='A'; 
Previous 3: main:c1:1=1; main:c2:1='b'; 
Previous 4: main:c1:1=10; main:c2:1='C'; 
Previous 5: main:c1:1=8; main:c2:1='a'; 
Previous 6: main:c1:1=2; main:c2:1='B'; 
Previous 7: main:c1:1=3; main:c2:1='d'; 
Previous 8: main:c1:1=4; main:c2:1='6'; 
Previous 9: main:c1:1=7; main:c2:1='\''; 
Previous 10: main:c1:1=200; main:c2:1='X'; 
Previous 11: main:c1:1=0; main:c2:1='\''; 
Previous 12: main:c1:1=123; main:c2:1='\''; 
Previous 13: main:c1:1=5; main:c2:1='\''; 
Previous 14: main:c1:1=0; main:c2:1=''; 
Previous 15: main:c1:1=10; main:c2:1=''; 
Previous 16: main:c1:1=9; main:c2:1='\''; 
Previous 17: main:c1:1=10; main:c2:1='\''; 
Previous 18: main:c1:1=55; main:c2:1=''; 
Previous 19: main:c1:1=42; main:c2:1='\''; 
Previous 20: main:c1:1=12; main:c2:1=''; 
Previous 21: main:c1:1=1; main:c2:1='\''; 
Previous 22: main:c1:1=6; main:c2:1='\''; 
Previous 23: main:c1:1=30; main:c2:1='\''; 
Previous 24: main:c1:1=255; main:c2:1='\''; 
Previous 25: main:c1:1=0; main:c2:1='#'; 
Previous 26: main:c1:1=5; main:c2:1=''; 
Previous 27: main:c1:1=100; main:c2:1='\''; 
Previous 28: main:c1:1=42; main:c2:1='-'; 
Previous 29: main:c1:1=0; main:c2:1='-'; 
Previous 30: main:c1:1=123; main:c2:1='<'; 
Previous 31: main:c1:1=17; main:c2:1='\''; 
Previous 32: main:c1:1=254; main:c2:1='*'; 
Previous 33: main:c1:1=20; main:c2:1='\''; 

Program:
extern unsigned char __VERIFIER_nondet_uchar(void);
extern char __VERIFIER_nondet_char(void);
/*

Commit Number: 34c30c8ad3725e0c4a7242278ff2606f422cff93
URL: https://github.com/asterisk/asterisk/commit/34c30c8ad3725e0c4a7242278ff2606f422cff93
Project Name: asterisk
License: GPL-2.0
termination: FALSE
*/
int main()
{
	unsigned char c1 = __VERIFIER_nondet_uchar();
	char c2 =  __VERIFIER_nondet_char();
	unsigned char ac;
	for( ac = c1 ; ac != c2 ; ac++ )
	{
        //do nothing;
	}
	return 0;
 }

"
60,NT,"main:c1:1=0
main:c2:1=''
",,DUPLICATE,,false,,"You generate concrete values for nondeterministic inputs in a C/C++ program.
Your goal is to produce ONE complete assignment set that is likely to make the program not terminate.

Important rules:
1. Return a value for EVERY listed nondeterministic input ID.
2. Use each ID exactly once.
3. Respect the declared C/C++ type.
4. For an array, return the value as an array containing exactly the required number of elements.
5. For char arrays, each element must be exactly one character. Return the character itself without C single quotes.
6. Prefer small-magnitude values unless larger values are necessary to achieve the requested execution behavior.

Nondeterministic inputs:
- id: main:c1:1, type: unsigned char
- id: main:c2:1, type: char

Previously generated assignment sets are listed below. Generate a materially different set and do not duplicate any of them.
Previous 1: main:c1:1=0; main:c2:1='1'; 
Previous 2: main:c1:1=5; main:c2:1='A'; 
Previous 3: main:c1:1=1; main:c2:1='b'; 
Previous 4: main:c1:1=10; main:c2:1='C'; 
Previous 5: main:c1:1=8; main:c2:1='a'; 
Previous 6: main:c1:1=2; main:c2:1='B'; 
Previous 7: main:c1:1=3; main:c2:1='d'; 
Previous 8: main:c1:1=4; main:c2:1='6'; 
Previous 9: main:c1:1=7; main:c2:1='\''; 
Previous 10: main:c1:1=200; main:c2:1='X'; 
Previous 11: main:c1:1=0; main:c2:1='\''; 
Previous 12: main:c1:1=123; main:c2:1='\''; 
Previous 13: main:c1:1=5; main:c2:1='\''; 
Previous 14: main:c1:1=0; main:c2:1=''; 
Previous 15: main:c1:1=10; main:c2:1=''; 
Previous 16: main:c1:1=9; main:c2:1='\''; 
Previous 17: main:c1:1=10; main:c2:1='\''; 
Previous 18: main:c1:1=55; main:c2:1=''; 
Previous 19: main:c1:1=42; main:c2:1='\''; 
Previous 20: main:c1:1=12; main:c2:1=''; 
Previous 21: main:c1:1=1; main:c2:1='\''; 
Previous 22: main:c1:1=6; main:c2:1='\''; 
Previous 23: main:c1:1=30; main:c2:1='\''; 
Previous 24: main:c1:1=255; main:c2:1='\''; 
Previous 25: main:c1:1=0; main:c2:1='#'; 
Previous 26: main:c1:1=5; main:c2:1=''; 
Previous 27: main:c1:1=100; main:c2:1='\''; 
Previous 28: main:c1:1=42; main:c2:1='-'; 
Previous 29: main:c1:1=0; main:c2:1='-'; 
Previous 30: main:c1:1=123; main:c2:1='<'; 
Previous 31: main:c1:1=17; main:c2:1='\''; 
Previous 32: main:c1:1=254; main:c2:1='*'; 
Previous 33: main:c1:1=20; main:c2:1='\''; 
Previous 34: main:c1:1=80; main:c2:1='\''; 

Program:
extern unsigned char __VERIFIER_nondet_uchar(void);
extern char __VERIFIER_nondet_char(void);
/*

Commit Number: 34c30c8ad3725e0c4a7242278ff2606f422cff93
URL: https://github.com/asterisk/asterisk/commit/34c30c8ad3725e0c4a7242278ff2606f422cff93
Project Name: asterisk
License: GPL-2.0
termination: FALSE
*/
int main()
{
	unsigned char c1 = __VERIFIER_nondet_uchar();
	char c2 =  __VERIFIER_nondet_char();
	unsigned char ac;
	for( ac = c1 ; ac != c2 ; ac++ )
	{
        //do nothing;
	}
	return 0;
 }

"
