Candidate,Target,Assignments,ProgramPath,ExecutionResult,Label,Accepted,Error,Prompt
1,T,"main:base:1=2
main:count:1=5
main:old_:1={0,0,0,0,0,0,0,0,0,0}
main:new_:1={1,0,0,0,0,0,0,0,0,0}
",/home/quasar/Documents/FocusTNT/results_InputGeneration/FSE/loop/Using_Erroneous_Condition_3_NT/input_generator_artifacts/generated_programs/Using_Erroneous_Condition_3_NT_TestCase1.c,COMPLETED,T,true,,"You generate concrete values for nondeterministic inputs in a C/C++ program.
Your goal is to produce ONE complete assignment set that is likely to make the program terminate.

Important rules:
1. Return a value for EVERY listed nondeterministic input ID.
2. Use each ID exactly once.
3. Respect the declared C/C++ type.
4. For an array, return the value as an array containing exactly the required number of elements.
5. For char arrays, each element must be exactly one character. Return the character itself without C single quotes.
6. Prefer small-magnitude values unless larger values are necessary to achieve the requested execution behavior.

Nondeterministic inputs:
- id: main:base:1, type: int
- id: main:count:1, type: int
- id: main:old_:1, type: int, array: true, size: 10, required elements: 10
- id: main:new_:1, type: int, array: true, size: 10, required elements: 10

Program:
extern int __VERIFIER_nondet_int(void);
/*
Commit Number: 358a11a928cdca474c82472a2ca0d619426439f1
URL: https://github.com/brltty/brltty/commit/358a11a928cdca474c82472a2ca0d619426439f1
Project Name: brltty
License: LGPL-2.1
termination: FALSE
*/
int main()
{
    int i = 0;
    int base = __VERIFIER_nondet_int();
    int count = __VERIFIER_nondet_int();
    int old_[10];
    int new_[10];
    for( int j = 0 ; j < 9 ; j++ )
    {
        old_[j] = __VERIFIER_nondet_int();
        new_[j] = __VERIFIER_nondet_int();
    }
    old_[9] = 0;
    new_[9] = 0;
    while(1)
    {
        int number = base;
        while( old_[i] != new_[i] )
        {
            if( ++number == count )
                goto done;
        }
        i++;
        base += 8;
    }
done:
    return 0;
}

"
2,T,"main:base:1=3
main:count:1=10
main:old_:1={0,0,0,0,0,0,0,0,0,0}
main:new_:1={0,0,0,1,0,0,0,0,0,0}
",/home/quasar/Documents/FocusTNT/results_InputGeneration/FSE/loop/Using_Erroneous_Condition_3_NT/input_generator_artifacts/generated_programs/Using_Erroneous_Condition_3_NT_TestCase2.c,COMPLETED,T,true,,"You generate concrete values for nondeterministic inputs in a C/C++ program.
Your goal is to produce ONE complete assignment set that is likely to make the program terminate.

Important rules:
1. Return a value for EVERY listed nondeterministic input ID.
2. Use each ID exactly once.
3. Respect the declared C/C++ type.
4. For an array, return the value as an array containing exactly the required number of elements.
5. For char arrays, each element must be exactly one character. Return the character itself without C single quotes.
6. Prefer small-magnitude values unless larger values are necessary to achieve the requested execution behavior.

Nondeterministic inputs:
- id: main:base:1, type: int
- id: main:count:1, type: int
- id: main:old_:1, type: int, array: true, size: 10, required elements: 10
- id: main:new_:1, type: int, array: true, size: 10, required elements: 10

Previously generated assignment sets are listed below. Generate a materially different set and do not duplicate any of them.
Previous 1: main:base:1=2; main:count:1=5; main:old_:1={0,0,0,0,0,0,0,0,0,0}; main:new_:1={1,0,0,0,0,0,0,0,0,0}; 

Program:
extern int __VERIFIER_nondet_int(void);
/*
Commit Number: 358a11a928cdca474c82472a2ca0d619426439f1
URL: https://github.com/brltty/brltty/commit/358a11a928cdca474c82472a2ca0d619426439f1
Project Name: brltty
License: LGPL-2.1
termination: FALSE
*/
int main()
{
    int i = 0;
    int base = __VERIFIER_nondet_int();
    int count = __VERIFIER_nondet_int();
    int old_[10];
    int new_[10];
    for( int j = 0 ; j < 9 ; j++ )
    {
        old_[j] = __VERIFIER_nondet_int();
        new_[j] = __VERIFIER_nondet_int();
    }
    old_[9] = 0;
    new_[9] = 0;
    while(1)
    {
        int number = base;
        while( old_[i] != new_[i] )
        {
            if( ++number == count )
                goto done;
        }
        i++;
        base += 8;
    }
done:
    return 0;
}

"
3,T,"main:base:1=1
main:count:1=10
main:old_:1={0,2,3,4,5,6,7,8,9,0}
main:new_:1={1,2,3,4,5,6,7,8,9,0}
",/home/quasar/Documents/FocusTNT/results_InputGeneration/FSE/loop/Using_Erroneous_Condition_3_NT/input_generator_artifacts/generated_programs/Using_Erroneous_Condition_3_NT_TestCase3.c,COMPLETED,T,true,,"You generate concrete values for nondeterministic inputs in a C/C++ program.
Your goal is to produce ONE complete assignment set that is likely to make the program terminate.

Important rules:
1. Return a value for EVERY listed nondeterministic input ID.
2. Use each ID exactly once.
3. Respect the declared C/C++ type.
4. For an array, return the value as an array containing exactly the required number of elements.
5. For char arrays, each element must be exactly one character. Return the character itself without C single quotes.
6. Prefer small-magnitude values unless larger values are necessary to achieve the requested execution behavior.

Nondeterministic inputs:
- id: main:base:1, type: int
- id: main:count:1, type: int
- id: main:old_:1, type: int, array: true, size: 10, required elements: 10
- id: main:new_:1, type: int, array: true, size: 10, required elements: 10

Previously generated assignment sets are listed below. Generate a materially different set and do not duplicate any of them.
Previous 1: main:base:1=2; main:count:1=5; main:old_:1={0,0,0,0,0,0,0,0,0,0}; main:new_:1={1,0,0,0,0,0,0,0,0,0}; 
Previous 2: main:base:1=3; main:count:1=10; main:old_:1={0,0,0,0,0,0,0,0,0,0}; main:new_:1={0,0,0,1,0,0,0,0,0,0}; 

Program:
extern int __VERIFIER_nondet_int(void);
/*
Commit Number: 358a11a928cdca474c82472a2ca0d619426439f1
URL: https://github.com/brltty/brltty/commit/358a11a928cdca474c82472a2ca0d619426439f1
Project Name: brltty
License: LGPL-2.1
termination: FALSE
*/
int main()
{
    int i = 0;
    int base = __VERIFIER_nondet_int();
    int count = __VERIFIER_nondet_int();
    int old_[10];
    int new_[10];
    for( int j = 0 ; j < 9 ; j++ )
    {
        old_[j] = __VERIFIER_nondet_int();
        new_[j] = __VERIFIER_nondet_int();
    }
    old_[9] = 0;
    new_[9] = 0;
    while(1)
    {
        int number = base;
        while( old_[i] != new_[i] )
        {
            if( ++number == count )
                goto done;
        }
        i++;
        base += 8;
    }
done:
    return 0;
}

"
4,T,"main:base:1=0
main:count:1=1
main:old_:1={0,0,0,0,0,0,0,0,0,0}
main:new_:1={1,0,0,0,0,0,0,0,0,0}
",/home/quasar/Documents/FocusTNT/results_InputGeneration/FSE/loop/Using_Erroneous_Condition_3_NT/input_generator_artifacts/generated_programs/Using_Erroneous_Condition_3_NT_TestCase4.c,COMPLETED,T,true,,"You generate concrete values for nondeterministic inputs in a C/C++ program.
Your goal is to produce ONE complete assignment set that is likely to make the program terminate.

Important rules:
1. Return a value for EVERY listed nondeterministic input ID.
2. Use each ID exactly once.
3. Respect the declared C/C++ type.
4. For an array, return the value as an array containing exactly the required number of elements.
5. For char arrays, each element must be exactly one character. Return the character itself without C single quotes.
6. Prefer small-magnitude values unless larger values are necessary to achieve the requested execution behavior.

Nondeterministic inputs:
- id: main:base:1, type: int
- id: main:count:1, type: int
- id: main:old_:1, type: int, array: true, size: 10, required elements: 10
- id: main:new_:1, type: int, array: true, size: 10, required elements: 10

Previously generated assignment sets are listed below. Generate a materially different set and do not duplicate any of them.
Previous 1: main:base:1=2; main:count:1=5; main:old_:1={0,0,0,0,0,0,0,0,0,0}; main:new_:1={1,0,0,0,0,0,0,0,0,0}; 
Previous 2: main:base:1=3; main:count:1=10; main:old_:1={0,0,0,0,0,0,0,0,0,0}; main:new_:1={0,0,0,1,0,0,0,0,0,0}; 
Previous 3: main:base:1=1; main:count:1=10; main:old_:1={0,2,3,4,5,6,7,8,9,0}; main:new_:1={1,2,3,4,5,6,7,8,9,0}; 

Program:
extern int __VERIFIER_nondet_int(void);
/*
Commit Number: 358a11a928cdca474c82472a2ca0d619426439f1
URL: https://github.com/brltty/brltty/commit/358a11a928cdca474c82472a2ca0d619426439f1
Project Name: brltty
License: LGPL-2.1
termination: FALSE
*/
int main()
{
    int i = 0;
    int base = __VERIFIER_nondet_int();
    int count = __VERIFIER_nondet_int();
    int old_[10];
    int new_[10];
    for( int j = 0 ; j < 9 ; j++ )
    {
        old_[j] = __VERIFIER_nondet_int();
        new_[j] = __VERIFIER_nondet_int();
    }
    old_[9] = 0;
    new_[9] = 0;
    while(1)
    {
        int number = base;
        while( old_[i] != new_[i] )
        {
            if( ++number == count )
                goto done;
        }
        i++;
        base += 8;
    }
done:
    return 0;
}

"
5,T,"main:base:1=4
main:count:1=5
main:old_:1={1,0,0,0,0,0,0,0,0,0}
main:new_:1={0,0,0,0,0,0,0,0,0,0}
",/home/quasar/Documents/FocusTNT/results_InputGeneration/FSE/loop/Using_Erroneous_Condition_3_NT/input_generator_artifacts/generated_programs/Using_Erroneous_Condition_3_NT_TestCase5.c,COMPLETED,T,true,,"You generate concrete values for nondeterministic inputs in a C/C++ program.
Your goal is to produce ONE complete assignment set that is likely to make the program terminate.

Important rules:
1. Return a value for EVERY listed nondeterministic input ID.
2. Use each ID exactly once.
3. Respect the declared C/C++ type.
4. For an array, return the value as an array containing exactly the required number of elements.
5. For char arrays, each element must be exactly one character. Return the character itself without C single quotes.
6. Prefer small-magnitude values unless larger values are necessary to achieve the requested execution behavior.

Nondeterministic inputs:
- id: main:base:1, type: int
- id: main:count:1, type: int
- id: main:old_:1, type: int, array: true, size: 10, required elements: 10
- id: main:new_:1, type: int, array: true, size: 10, required elements: 10

Previously generated assignment sets are listed below. Generate a materially different set and do not duplicate any of them.
Previous 1: main:base:1=2; main:count:1=5; main:old_:1={0,0,0,0,0,0,0,0,0,0}; main:new_:1={1,0,0,0,0,0,0,0,0,0}; 
Previous 2: main:base:1=3; main:count:1=10; main:old_:1={0,0,0,0,0,0,0,0,0,0}; main:new_:1={0,0,0,1,0,0,0,0,0,0}; 
Previous 3: main:base:1=1; main:count:1=10; main:old_:1={0,2,3,4,5,6,7,8,9,0}; main:new_:1={1,2,3,4,5,6,7,8,9,0}; 
Previous 4: main:base:1=0; main:count:1=1; main:old_:1={0,0,0,0,0,0,0,0,0,0}; main:new_:1={1,0,0,0,0,0,0,0,0,0}; 

Program:
extern int __VERIFIER_nondet_int(void);
/*
Commit Number: 358a11a928cdca474c82472a2ca0d619426439f1
URL: https://github.com/brltty/brltty/commit/358a11a928cdca474c82472a2ca0d619426439f1
Project Name: brltty
License: LGPL-2.1
termination: FALSE
*/
int main()
{
    int i = 0;
    int base = __VERIFIER_nondet_int();
    int count = __VERIFIER_nondet_int();
    int old_[10];
    int new_[10];
    for( int j = 0 ; j < 9 ; j++ )
    {
        old_[j] = __VERIFIER_nondet_int();
        new_[j] = __VERIFIER_nondet_int();
    }
    old_[9] = 0;
    new_[9] = 0;
    while(1)
    {
        int number = base;
        while( old_[i] != new_[i] )
        {
            if( ++number == count )
                goto done;
        }
        i++;
        base += 8;
    }
done:
    return 0;
}

"
6,T,"main:base:1=0
main:count:1=3
main:old_:1={0,0,0,0,0,0,0,0,0,0}
main:new_:1={1,0,0,0,0,0,0,0,0,0}
",/home/quasar/Documents/FocusTNT/results_InputGeneration/FSE/loop/Using_Erroneous_Condition_3_NT/input_generator_artifacts/generated_programs/Using_Erroneous_Condition_3_NT_TestCase6.c,COMPLETED,T,true,,"You generate concrete values for nondeterministic inputs in a C/C++ program.
Your goal is to produce ONE complete assignment set that is likely to make the program terminate.

Important rules:
1. Return a value for EVERY listed nondeterministic input ID.
2. Use each ID exactly once.
3. Respect the declared C/C++ type.
4. For an array, return the value as an array containing exactly the required number of elements.
5. For char arrays, each element must be exactly one character. Return the character itself without C single quotes.
6. Prefer small-magnitude values unless larger values are necessary to achieve the requested execution behavior.

Nondeterministic inputs:
- id: main:base:1, type: int
- id: main:count:1, type: int
- id: main:old_:1, type: int, array: true, size: 10, required elements: 10
- id: main:new_:1, type: int, array: true, size: 10, required elements: 10

Previously generated assignment sets are listed below. Generate a materially different set and do not duplicate any of them.
Previous 1: main:base:1=2; main:count:1=5; main:old_:1={0,0,0,0,0,0,0,0,0,0}; main:new_:1={1,0,0,0,0,0,0,0,0,0}; 
Previous 2: main:base:1=3; main:count:1=10; main:old_:1={0,0,0,0,0,0,0,0,0,0}; main:new_:1={0,0,0,1,0,0,0,0,0,0}; 
Previous 3: main:base:1=1; main:count:1=10; main:old_:1={0,2,3,4,5,6,7,8,9,0}; main:new_:1={1,2,3,4,5,6,7,8,9,0}; 
Previous 4: main:base:1=0; main:count:1=1; main:old_:1={0,0,0,0,0,0,0,0,0,0}; main:new_:1={1,0,0,0,0,0,0,0,0,0}; 
Previous 5: main:base:1=4; main:count:1=5; main:old_:1={1,0,0,0,0,0,0,0,0,0}; main:new_:1={0,0,0,0,0,0,0,0,0,0}; 

Program:
extern int __VERIFIER_nondet_int(void);
/*
Commit Number: 358a11a928cdca474c82472a2ca0d619426439f1
URL: https://github.com/brltty/brltty/commit/358a11a928cdca474c82472a2ca0d619426439f1
Project Name: brltty
License: LGPL-2.1
termination: FALSE
*/
int main()
{
    int i = 0;
    int base = __VERIFIER_nondet_int();
    int count = __VERIFIER_nondet_int();
    int old_[10];
    int new_[10];
    for( int j = 0 ; j < 9 ; j++ )
    {
        old_[j] = __VERIFIER_nondet_int();
        new_[j] = __VERIFIER_nondet_int();
    }
    old_[9] = 0;
    new_[9] = 0;
    while(1)
    {
        int number = base;
        while( old_[i] != new_[i] )
        {
            if( ++number == count )
                goto done;
        }
        i++;
        base += 8;
    }
done:
    return 0;
}

"
7,T,"main:base:1=4
main:count:1=9
main:old_:1={0,1,2,3,4,5,6,7,8,0}
main:new_:1={1,1,2,3,4,5,6,7,8,0}
",/home/quasar/Documents/FocusTNT/results_InputGeneration/FSE/loop/Using_Erroneous_Condition_3_NT/input_generator_artifacts/generated_programs/Using_Erroneous_Condition_3_NT_TestCase7.c,COMPLETED,T,true,,"You generate concrete values for nondeterministic inputs in a C/C++ program.
Your goal is to produce ONE complete assignment set that is likely to make the program terminate.

Important rules:
1. Return a value for EVERY listed nondeterministic input ID.
2. Use each ID exactly once.
3. Respect the declared C/C++ type.
4. For an array, return the value as an array containing exactly the required number of elements.
5. For char arrays, each element must be exactly one character. Return the character itself without C single quotes.
6. Prefer small-magnitude values unless larger values are necessary to achieve the requested execution behavior.

Nondeterministic inputs:
- id: main:base:1, type: int
- id: main:count:1, type: int
- id: main:old_:1, type: int, array: true, size: 10, required elements: 10
- id: main:new_:1, type: int, array: true, size: 10, required elements: 10

Previously generated assignment sets are listed below. Generate a materially different set and do not duplicate any of them.
Previous 1: main:base:1=2; main:count:1=5; main:old_:1={0,0,0,0,0,0,0,0,0,0}; main:new_:1={1,0,0,0,0,0,0,0,0,0}; 
Previous 2: main:base:1=3; main:count:1=10; main:old_:1={0,0,0,0,0,0,0,0,0,0}; main:new_:1={0,0,0,1,0,0,0,0,0,0}; 
Previous 3: main:base:1=1; main:count:1=10; main:old_:1={0,2,3,4,5,6,7,8,9,0}; main:new_:1={1,2,3,4,5,6,7,8,9,0}; 
Previous 4: main:base:1=0; main:count:1=1; main:old_:1={0,0,0,0,0,0,0,0,0,0}; main:new_:1={1,0,0,0,0,0,0,0,0,0}; 
Previous 5: main:base:1=4; main:count:1=5; main:old_:1={1,0,0,0,0,0,0,0,0,0}; main:new_:1={0,0,0,0,0,0,0,0,0,0}; 
Previous 6: main:base:1=0; main:count:1=3; main:old_:1={0,0,0,0,0,0,0,0,0,0}; main:new_:1={1,0,0,0,0,0,0,0,0,0}; 

Program:
extern int __VERIFIER_nondet_int(void);
/*
Commit Number: 358a11a928cdca474c82472a2ca0d619426439f1
URL: https://github.com/brltty/brltty/commit/358a11a928cdca474c82472a2ca0d619426439f1
Project Name: brltty
License: LGPL-2.1
termination: FALSE
*/
int main()
{
    int i = 0;
    int base = __VERIFIER_nondet_int();
    int count = __VERIFIER_nondet_int();
    int old_[10];
    int new_[10];
    for( int j = 0 ; j < 9 ; j++ )
    {
        old_[j] = __VERIFIER_nondet_int();
        new_[j] = __VERIFIER_nondet_int();
    }
    old_[9] = 0;
    new_[9] = 0;
    while(1)
    {
        int number = base;
        while( old_[i] != new_[i] )
        {
            if( ++number == count )
                goto done;
        }
        i++;
        base += 8;
    }
done:
    return 0;
}

"
8,T,"main:base:1=1
main:count:1=3
main:old_:1={0,0,0,0,0,0,0,0,0,0}
main:new_:1={1,0,0,0,0,0,0,0,0,0}
",/home/quasar/Documents/FocusTNT/results_InputGeneration/FSE/loop/Using_Erroneous_Condition_3_NT/input_generator_artifacts/generated_programs/Using_Erroneous_Condition_3_NT_TestCase8.c,COMPLETED,T,true,,"You generate concrete values for nondeterministic inputs in a C/C++ program.
Your goal is to produce ONE complete assignment set that is likely to make the program terminate.

Important rules:
1. Return a value for EVERY listed nondeterministic input ID.
2. Use each ID exactly once.
3. Respect the declared C/C++ type.
4. For an array, return the value as an array containing exactly the required number of elements.
5. For char arrays, each element must be exactly one character. Return the character itself without C single quotes.
6. Prefer small-magnitude values unless larger values are necessary to achieve the requested execution behavior.

Nondeterministic inputs:
- id: main:base:1, type: int
- id: main:count:1, type: int
- id: main:old_:1, type: int, array: true, size: 10, required elements: 10
- id: main:new_:1, type: int, array: true, size: 10, required elements: 10

Previously generated assignment sets are listed below. Generate a materially different set and do not duplicate any of them.
Previous 1: main:base:1=2; main:count:1=5; main:old_:1={0,0,0,0,0,0,0,0,0,0}; main:new_:1={1,0,0,0,0,0,0,0,0,0}; 
Previous 2: main:base:1=3; main:count:1=10; main:old_:1={0,0,0,0,0,0,0,0,0,0}; main:new_:1={0,0,0,1,0,0,0,0,0,0}; 
Previous 3: main:base:1=1; main:count:1=10; main:old_:1={0,2,3,4,5,6,7,8,9,0}; main:new_:1={1,2,3,4,5,6,7,8,9,0}; 
Previous 4: main:base:1=0; main:count:1=1; main:old_:1={0,0,0,0,0,0,0,0,0,0}; main:new_:1={1,0,0,0,0,0,0,0,0,0}; 
Previous 5: main:base:1=4; main:count:1=5; main:old_:1={1,0,0,0,0,0,0,0,0,0}; main:new_:1={0,0,0,0,0,0,0,0,0,0}; 
Previous 6: main:base:1=0; main:count:1=3; main:old_:1={0,0,0,0,0,0,0,0,0,0}; main:new_:1={1,0,0,0,0,0,0,0,0,0}; 
Previous 7: main:base:1=4; main:count:1=9; main:old_:1={0,1,2,3,4,5,6,7,8,0}; main:new_:1={1,1,2,3,4,5,6,7,8,0}; 

Program:
extern int __VERIFIER_nondet_int(void);
/*
Commit Number: 358a11a928cdca474c82472a2ca0d619426439f1
URL: https://github.com/brltty/brltty/commit/358a11a928cdca474c82472a2ca0d619426439f1
Project Name: brltty
License: LGPL-2.1
termination: FALSE
*/
int main()
{
    int i = 0;
    int base = __VERIFIER_nondet_int();
    int count = __VERIFIER_nondet_int();
    int old_[10];
    int new_[10];
    for( int j = 0 ; j < 9 ; j++ )
    {
        old_[j] = __VERIFIER_nondet_int();
        new_[j] = __VERIFIER_nondet_int();
    }
    old_[9] = 0;
    new_[9] = 0;
    while(1)
    {
        int number = base;
        while( old_[i] != new_[i] )
        {
            if( ++number == count )
                goto done;
        }
        i++;
        base += 8;
    }
done:
    return 0;
}

"
9,T,"main:base:1=0
main:count:1=5
main:old_:1={0,0,0,0,0,0,0,0,0,0}
main:new_:1={5,0,0,0,0,0,0,0,0,0}
",/home/quasar/Documents/FocusTNT/results_InputGeneration/FSE/loop/Using_Erroneous_Condition_3_NT/input_generator_artifacts/generated_programs/Using_Erroneous_Condition_3_NT_TestCase9.c,COMPLETED,T,true,,"You generate concrete values for nondeterministic inputs in a C/C++ program.
Your goal is to produce ONE complete assignment set that is likely to make the program terminate.

Important rules:
1. Return a value for EVERY listed nondeterministic input ID.
2. Use each ID exactly once.
3. Respect the declared C/C++ type.
4. For an array, return the value as an array containing exactly the required number of elements.
5. For char arrays, each element must be exactly one character. Return the character itself without C single quotes.
6. Prefer small-magnitude values unless larger values are necessary to achieve the requested execution behavior.

Nondeterministic inputs:
- id: main:base:1, type: int
- id: main:count:1, type: int
- id: main:old_:1, type: int, array: true, size: 10, required elements: 10
- id: main:new_:1, type: int, array: true, size: 10, required elements: 10

Previously generated assignment sets are listed below. Generate a materially different set and do not duplicate any of them.
Previous 1: main:base:1=2; main:count:1=5; main:old_:1={0,0,0,0,0,0,0,0,0,0}; main:new_:1={1,0,0,0,0,0,0,0,0,0}; 
Previous 2: main:base:1=3; main:count:1=10; main:old_:1={0,0,0,0,0,0,0,0,0,0}; main:new_:1={0,0,0,1,0,0,0,0,0,0}; 
Previous 3: main:base:1=1; main:count:1=10; main:old_:1={0,2,3,4,5,6,7,8,9,0}; main:new_:1={1,2,3,4,5,6,7,8,9,0}; 
Previous 4: main:base:1=0; main:count:1=1; main:old_:1={0,0,0,0,0,0,0,0,0,0}; main:new_:1={1,0,0,0,0,0,0,0,0,0}; 
Previous 5: main:base:1=4; main:count:1=5; main:old_:1={1,0,0,0,0,0,0,0,0,0}; main:new_:1={0,0,0,0,0,0,0,0,0,0}; 
Previous 6: main:base:1=0; main:count:1=3; main:old_:1={0,0,0,0,0,0,0,0,0,0}; main:new_:1={1,0,0,0,0,0,0,0,0,0}; 
Previous 7: main:base:1=4; main:count:1=9; main:old_:1={0,1,2,3,4,5,6,7,8,0}; main:new_:1={1,1,2,3,4,5,6,7,8,0}; 
Previous 8: main:base:1=1; main:count:1=3; main:old_:1={0,0,0,0,0,0,0,0,0,0}; main:new_:1={1,0,0,0,0,0,0,0,0,0}; 

Program:
extern int __VERIFIER_nondet_int(void);
/*
Commit Number: 358a11a928cdca474c82472a2ca0d619426439f1
URL: https://github.com/brltty/brltty/commit/358a11a928cdca474c82472a2ca0d619426439f1
Project Name: brltty
License: LGPL-2.1
termination: FALSE
*/
int main()
{
    int i = 0;
    int base = __VERIFIER_nondet_int();
    int count = __VERIFIER_nondet_int();
    int old_[10];
    int new_[10];
    for( int j = 0 ; j < 9 ; j++ )
    {
        old_[j] = __VERIFIER_nondet_int();
        new_[j] = __VERIFIER_nondet_int();
    }
    old_[9] = 0;
    new_[9] = 0;
    while(1)
    {
        int number = base;
        while( old_[i] != new_[i] )
        {
            if( ++number == count )
                goto done;
        }
        i++;
        base += 8;
    }
done:
    return 0;
}

"
10,T,"main:base:1=2022
main:count:1=2022
main:old_:1={0,0,0,0,0,0,0,0,0,0}
main:new_:1={3,0,0,0,0,0,0,0,0,0}
",/home/quasar/Documents/FocusTNT/results_InputGeneration/FSE/loop/Using_Erroneous_Condition_3_NT/input_generator_artifacts/generated_programs/Using_Erroneous_Condition_3_NT_TestCase10.c,COMPLETED,T,true,,"You generate concrete values for nondeterministic inputs in a C/C++ program.
Your goal is to produce ONE complete assignment set that is likely to make the program terminate.

Important rules:
1. Return a value for EVERY listed nondeterministic input ID.
2. Use each ID exactly once.
3. Respect the declared C/C++ type.
4. For an array, return the value as an array containing exactly the required number of elements.
5. For char arrays, each element must be exactly one character. Return the character itself without C single quotes.
6. Prefer small-magnitude values unless larger values are necessary to achieve the requested execution behavior.

Nondeterministic inputs:
- id: main:base:1, type: int
- id: main:count:1, type: int
- id: main:old_:1, type: int, array: true, size: 10, required elements: 10
- id: main:new_:1, type: int, array: true, size: 10, required elements: 10

Previously generated assignment sets are listed below. Generate a materially different set and do not duplicate any of them.
Previous 1: main:base:1=2; main:count:1=5; main:old_:1={0,0,0,0,0,0,0,0,0,0}; main:new_:1={1,0,0,0,0,0,0,0,0,0}; 
Previous 2: main:base:1=3; main:count:1=10; main:old_:1={0,0,0,0,0,0,0,0,0,0}; main:new_:1={0,0,0,1,0,0,0,0,0,0}; 
Previous 3: main:base:1=1; main:count:1=10; main:old_:1={0,2,3,4,5,6,7,8,9,0}; main:new_:1={1,2,3,4,5,6,7,8,9,0}; 
Previous 4: main:base:1=0; main:count:1=1; main:old_:1={0,0,0,0,0,0,0,0,0,0}; main:new_:1={1,0,0,0,0,0,0,0,0,0}; 
Previous 5: main:base:1=4; main:count:1=5; main:old_:1={1,0,0,0,0,0,0,0,0,0}; main:new_:1={0,0,0,0,0,0,0,0,0,0}; 
Previous 6: main:base:1=0; main:count:1=3; main:old_:1={0,0,0,0,0,0,0,0,0,0}; main:new_:1={1,0,0,0,0,0,0,0,0,0}; 
Previous 7: main:base:1=4; main:count:1=9; main:old_:1={0,1,2,3,4,5,6,7,8,0}; main:new_:1={1,1,2,3,4,5,6,7,8,0}; 
Previous 8: main:base:1=1; main:count:1=3; main:old_:1={0,0,0,0,0,0,0,0,0,0}; main:new_:1={1,0,0,0,0,0,0,0,0,0}; 
Previous 9: main:base:1=0; main:count:1=5; main:old_:1={0,0,0,0,0,0,0,0,0,0}; main:new_:1={5,0,0,0,0,0,0,0,0,0}; 

Program:
extern int __VERIFIER_nondet_int(void);
/*
Commit Number: 358a11a928cdca474c82472a2ca0d619426439f1
URL: https://github.com/brltty/brltty/commit/358a11a928cdca474c82472a2ca0d619426439f1
Project Name: brltty
License: LGPL-2.1
termination: FALSE
*/
int main()
{
    int i = 0;
    int base = __VERIFIER_nondet_int();
    int count = __VERIFIER_nondet_int();
    int old_[10];
    int new_[10];
    for( int j = 0 ; j < 9 ; j++ )
    {
        old_[j] = __VERIFIER_nondet_int();
        new_[j] = __VERIFIER_nondet_int();
    }
    old_[9] = 0;
    new_[9] = 0;
    while(1)
    {
        int number = base;
        while( old_[i] != new_[i] )
        {
            if( ++number == count )
                goto done;
        }
        i++;
        base += 8;
    }
done:
    return 0;
}

"
11,NT,"main:base:1=5
main:count:1=0
main:old_:1={1,2,3,4,5,6,7,8,9,0}
main:new_:1={2,3,4,5,6,7,8,9,0,0}
",,COMPLETED,T,false,,"You generate concrete values for nondeterministic inputs in a C/C++ program.
Your goal is to produce ONE complete assignment set that is likely to make the program not terminate.

Important rules:
1. Return a value for EVERY listed nondeterministic input ID.
2. Use each ID exactly once.
3. Respect the declared C/C++ type.
4. For an array, return the value as an array containing exactly the required number of elements.
5. For char arrays, each element must be exactly one character. Return the character itself without C single quotes.
6. Prefer small-magnitude values unless larger values are necessary to achieve the requested execution behavior.

Nondeterministic inputs:
- id: main:base:1, type: int
- id: main:count:1, type: int
- id: main:old_:1, type: int, array: true, size: 10, required elements: 10
- id: main:new_:1, type: int, array: true, size: 10, required elements: 10

Previously generated assignment sets are listed below. Generate a materially different set and do not duplicate any of them.
Previous 1: main:base:1=2; main:count:1=5; main:old_:1={0,0,0,0,0,0,0,0,0,0}; main:new_:1={1,0,0,0,0,0,0,0,0,0}; 
Previous 2: main:base:1=3; main:count:1=10; main:old_:1={0,0,0,0,0,0,0,0,0,0}; main:new_:1={0,0,0,1,0,0,0,0,0,0}; 
Previous 3: main:base:1=1; main:count:1=10; main:old_:1={0,2,3,4,5,6,7,8,9,0}; main:new_:1={1,2,3,4,5,6,7,8,9,0}; 
Previous 4: main:base:1=0; main:count:1=1; main:old_:1={0,0,0,0,0,0,0,0,0,0}; main:new_:1={1,0,0,0,0,0,0,0,0,0}; 
Previous 5: main:base:1=4; main:count:1=5; main:old_:1={1,0,0,0,0,0,0,0,0,0}; main:new_:1={0,0,0,0,0,0,0,0,0,0}; 
Previous 6: main:base:1=0; main:count:1=3; main:old_:1={0,0,0,0,0,0,0,0,0,0}; main:new_:1={1,0,0,0,0,0,0,0,0,0}; 
Previous 7: main:base:1=4; main:count:1=9; main:old_:1={0,1,2,3,4,5,6,7,8,0}; main:new_:1={1,1,2,3,4,5,6,7,8,0}; 
Previous 8: main:base:1=1; main:count:1=3; main:old_:1={0,0,0,0,0,0,0,0,0,0}; main:new_:1={1,0,0,0,0,0,0,0,0,0}; 
Previous 9: main:base:1=0; main:count:1=5; main:old_:1={0,0,0,0,0,0,0,0,0,0}; main:new_:1={5,0,0,0,0,0,0,0,0,0}; 
Previous 10: main:base:1=2022; main:count:1=2022; main:old_:1={0,0,0,0,0,0,0,0,0,0}; main:new_:1={3,0,0,0,0,0,0,0,0,0}; 

Program:
extern int __VERIFIER_nondet_int(void);
/*
Commit Number: 358a11a928cdca474c82472a2ca0d619426439f1
URL: https://github.com/brltty/brltty/commit/358a11a928cdca474c82472a2ca0d619426439f1
Project Name: brltty
License: LGPL-2.1
termination: FALSE
*/
int main()
{
    int i = 0;
    int base = __VERIFIER_nondet_int();
    int count = __VERIFIER_nondet_int();
    int old_[10];
    int new_[10];
    for( int j = 0 ; j < 9 ; j++ )
    {
        old_[j] = __VERIFIER_nondet_int();
        new_[j] = __VERIFIER_nondet_int();
    }
    old_[9] = 0;
    new_[9] = 0;
    while(1)
    {
        int number = base;
        while( old_[i] != new_[i] )
        {
            if( ++number == count )
                goto done;
        }
        i++;
        base += 8;
    }
done:
    return 0;
}

"
12,NT,"main:base:1=1
main:count:1=0
main:old_:1={1,0,0,0,0,0,0,0,0,0}
main:new_:1={2,0,0,0,0,0,0,0,0,0}
",,COMPLETED,T,false,,"You generate concrete values for nondeterministic inputs in a C/C++ program.
Your goal is to produce ONE complete assignment set that is likely to make the program not terminate.

Important rules:
1. Return a value for EVERY listed nondeterministic input ID.
2. Use each ID exactly once.
3. Respect the declared C/C++ type.
4. For an array, return the value as an array containing exactly the required number of elements.
5. For char arrays, each element must be exactly one character. Return the character itself without C single quotes.
6. Prefer small-magnitude values unless larger values are necessary to achieve the requested execution behavior.

Nondeterministic inputs:
- id: main:base:1, type: int
- id: main:count:1, type: int
- id: main:old_:1, type: int, array: true, size: 10, required elements: 10
- id: main:new_:1, type: int, array: true, size: 10, required elements: 10

Previously generated assignment sets are listed below. Generate a materially different set and do not duplicate any of them.
Previous 1: main:base:1=2; main:count:1=5; main:old_:1={0,0,0,0,0,0,0,0,0,0}; main:new_:1={1,0,0,0,0,0,0,0,0,0}; 
Previous 2: main:base:1=3; main:count:1=10; main:old_:1={0,0,0,0,0,0,0,0,0,0}; main:new_:1={0,0,0,1,0,0,0,0,0,0}; 
Previous 3: main:base:1=1; main:count:1=10; main:old_:1={0,2,3,4,5,6,7,8,9,0}; main:new_:1={1,2,3,4,5,6,7,8,9,0}; 
Previous 4: main:base:1=0; main:count:1=1; main:old_:1={0,0,0,0,0,0,0,0,0,0}; main:new_:1={1,0,0,0,0,0,0,0,0,0}; 
Previous 5: main:base:1=4; main:count:1=5; main:old_:1={1,0,0,0,0,0,0,0,0,0}; main:new_:1={0,0,0,0,0,0,0,0,0,0}; 
Previous 6: main:base:1=0; main:count:1=3; main:old_:1={0,0,0,0,0,0,0,0,0,0}; main:new_:1={1,0,0,0,0,0,0,0,0,0}; 
Previous 7: main:base:1=4; main:count:1=9; main:old_:1={0,1,2,3,4,5,6,7,8,0}; main:new_:1={1,1,2,3,4,5,6,7,8,0}; 
Previous 8: main:base:1=1; main:count:1=3; main:old_:1={0,0,0,0,0,0,0,0,0,0}; main:new_:1={1,0,0,0,0,0,0,0,0,0}; 
Previous 9: main:base:1=0; main:count:1=5; main:old_:1={0,0,0,0,0,0,0,0,0,0}; main:new_:1={5,0,0,0,0,0,0,0,0,0}; 
Previous 10: main:base:1=2022; main:count:1=2022; main:old_:1={0,0,0,0,0,0,0,0,0,0}; main:new_:1={3,0,0,0,0,0,0,0,0,0}; 
Previous 11: main:base:1=5; main:count:1=0; main:old_:1={1,2,3,4,5,6,7,8,9,0}; main:new_:1={2,3,4,5,6,7,8,9,0,0}; 

Program:
extern int __VERIFIER_nondet_int(void);
/*
Commit Number: 358a11a928cdca474c82472a2ca0d619426439f1
URL: https://github.com/brltty/brltty/commit/358a11a928cdca474c82472a2ca0d619426439f1
Project Name: brltty
License: LGPL-2.1
termination: FALSE
*/
int main()
{
    int i = 0;
    int base = __VERIFIER_nondet_int();
    int count = __VERIFIER_nondet_int();
    int old_[10];
    int new_[10];
    for( int j = 0 ; j < 9 ; j++ )
    {
        old_[j] = __VERIFIER_nondet_int();
        new_[j] = __VERIFIER_nondet_int();
    }
    old_[9] = 0;
    new_[9] = 0;
    while(1)
    {
        int number = base;
        while( old_[i] != new_[i] )
        {
            if( ++number == count )
                goto done;
        }
        i++;
        base += 8;
    }
done:
    return 0;
}

"
13,NT,"main:base:1=0
main:count:1=0
main:old_:1={0,0,0,0,0,0,0,0,0,0}
main:new_:1={0,0,0,0,0,0,0,0,0,0}
",,COMPLETED,T,false,,"You generate concrete values for nondeterministic inputs in a C/C++ program.
Your goal is to produce ONE complete assignment set that is likely to make the program not terminate.

Important rules:
1. Return a value for EVERY listed nondeterministic input ID.
2. Use each ID exactly once.
3. Respect the declared C/C++ type.
4. For an array, return the value as an array containing exactly the required number of elements.
5. For char arrays, each element must be exactly one character. Return the character itself without C single quotes.
6. Prefer small-magnitude values unless larger values are necessary to achieve the requested execution behavior.

Nondeterministic inputs:
- id: main:base:1, type: int
- id: main:count:1, type: int
- id: main:old_:1, type: int, array: true, size: 10, required elements: 10
- id: main:new_:1, type: int, array: true, size: 10, required elements: 10

Previously generated assignment sets are listed below. Generate a materially different set and do not duplicate any of them.
Previous 1: main:base:1=2; main:count:1=5; main:old_:1={0,0,0,0,0,0,0,0,0,0}; main:new_:1={1,0,0,0,0,0,0,0,0,0}; 
Previous 2: main:base:1=3; main:count:1=10; main:old_:1={0,0,0,0,0,0,0,0,0,0}; main:new_:1={0,0,0,1,0,0,0,0,0,0}; 
Previous 3: main:base:1=1; main:count:1=10; main:old_:1={0,2,3,4,5,6,7,8,9,0}; main:new_:1={1,2,3,4,5,6,7,8,9,0}; 
Previous 4: main:base:1=0; main:count:1=1; main:old_:1={0,0,0,0,0,0,0,0,0,0}; main:new_:1={1,0,0,0,0,0,0,0,0,0}; 
Previous 5: main:base:1=4; main:count:1=5; main:old_:1={1,0,0,0,0,0,0,0,0,0}; main:new_:1={0,0,0,0,0,0,0,0,0,0}; 
Previous 6: main:base:1=0; main:count:1=3; main:old_:1={0,0,0,0,0,0,0,0,0,0}; main:new_:1={1,0,0,0,0,0,0,0,0,0}; 
Previous 7: main:base:1=4; main:count:1=9; main:old_:1={0,1,2,3,4,5,6,7,8,0}; main:new_:1={1,1,2,3,4,5,6,7,8,0}; 
Previous 8: main:base:1=1; main:count:1=3; main:old_:1={0,0,0,0,0,0,0,0,0,0}; main:new_:1={1,0,0,0,0,0,0,0,0,0}; 
Previous 9: main:base:1=0; main:count:1=5; main:old_:1={0,0,0,0,0,0,0,0,0,0}; main:new_:1={5,0,0,0,0,0,0,0,0,0}; 
Previous 10: main:base:1=2022; main:count:1=2022; main:old_:1={0,0,0,0,0,0,0,0,0,0}; main:new_:1={3,0,0,0,0,0,0,0,0,0}; 
Previous 11: main:base:1=5; main:count:1=0; main:old_:1={1,2,3,4,5,6,7,8,9,0}; main:new_:1={2,3,4,5,6,7,8,9,0,0}; 
Previous 12: main:base:1=1; main:count:1=0; main:old_:1={1,0,0,0,0,0,0,0,0,0}; main:new_:1={2,0,0,0,0,0,0,0,0,0}; 

Program:
extern int __VERIFIER_nondet_int(void);
/*
Commit Number: 358a11a928cdca474c82472a2ca0d619426439f1
URL: https://github.com/brltty/brltty/commit/358a11a928cdca474c82472a2ca0d619426439f1
Project Name: brltty
License: LGPL-2.1
termination: FALSE
*/
int main()
{
    int i = 0;
    int base = __VERIFIER_nondet_int();
    int count = __VERIFIER_nondet_int();
    int old_[10];
    int new_[10];
    for( int j = 0 ; j < 9 ; j++ )
    {
        old_[j] = __VERIFIER_nondet_int();
        new_[j] = __VERIFIER_nondet_int();
    }
    old_[9] = 0;
    new_[9] = 0;
    while(1)
    {
        int number = base;
        while( old_[i] != new_[i] )
        {
            if( ++number == count )
                goto done;
        }
        i++;
        base += 8;
    }
done:
    return 0;
}

"
14,NT,"main:base:1=7
main:count:1=0
main:old_:1={5,0,0,0,0,0,0,0,0,0}
main:new_:1={0,0,0,0,0,0,0,0,0,0}
",,COMPLETED,T,false,,"You generate concrete values for nondeterministic inputs in a C/C++ program.
Your goal is to produce ONE complete assignment set that is likely to make the program not terminate.

Important rules:
1. Return a value for EVERY listed nondeterministic input ID.
2. Use each ID exactly once.
3. Respect the declared C/C++ type.
4. For an array, return the value as an array containing exactly the required number of elements.
5. For char arrays, each element must be exactly one character. Return the character itself without C single quotes.
6. Prefer small-magnitude values unless larger values are necessary to achieve the requested execution behavior.

Nondeterministic inputs:
- id: main:base:1, type: int
- id: main:count:1, type: int
- id: main:old_:1, type: int, array: true, size: 10, required elements: 10
- id: main:new_:1, type: int, array: true, size: 10, required elements: 10

Previously generated assignment sets are listed below. Generate a materially different set and do not duplicate any of them.
Previous 1: main:base:1=2; main:count:1=5; main:old_:1={0,0,0,0,0,0,0,0,0,0}; main:new_:1={1,0,0,0,0,0,0,0,0,0}; 
Previous 2: main:base:1=3; main:count:1=10; main:old_:1={0,0,0,0,0,0,0,0,0,0}; main:new_:1={0,0,0,1,0,0,0,0,0,0}; 
Previous 3: main:base:1=1; main:count:1=10; main:old_:1={0,2,3,4,5,6,7,8,9,0}; main:new_:1={1,2,3,4,5,6,7,8,9,0}; 
Previous 4: main:base:1=0; main:count:1=1; main:old_:1={0,0,0,0,0,0,0,0,0,0}; main:new_:1={1,0,0,0,0,0,0,0,0,0}; 
Previous 5: main:base:1=4; main:count:1=5; main:old_:1={1,0,0,0,0,0,0,0,0,0}; main:new_:1={0,0,0,0,0,0,0,0,0,0}; 
Previous 6: main:base:1=0; main:count:1=3; main:old_:1={0,0,0,0,0,0,0,0,0,0}; main:new_:1={1,0,0,0,0,0,0,0,0,0}; 
Previous 7: main:base:1=4; main:count:1=9; main:old_:1={0,1,2,3,4,5,6,7,8,0}; main:new_:1={1,1,2,3,4,5,6,7,8,0}; 
Previous 8: main:base:1=1; main:count:1=3; main:old_:1={0,0,0,0,0,0,0,0,0,0}; main:new_:1={1,0,0,0,0,0,0,0,0,0}; 
Previous 9: main:base:1=0; main:count:1=5; main:old_:1={0,0,0,0,0,0,0,0,0,0}; main:new_:1={5,0,0,0,0,0,0,0,0,0}; 
Previous 10: main:base:1=2022; main:count:1=2022; main:old_:1={0,0,0,0,0,0,0,0,0,0}; main:new_:1={3,0,0,0,0,0,0,0,0,0}; 
Previous 11: main:base:1=5; main:count:1=0; main:old_:1={1,2,3,4,5,6,7,8,9,0}; main:new_:1={2,3,4,5,6,7,8,9,0,0}; 
Previous 12: main:base:1=1; main:count:1=0; main:old_:1={1,0,0,0,0,0,0,0,0,0}; main:new_:1={2,0,0,0,0,0,0,0,0,0}; 
Previous 13: main:base:1=0; main:count:1=0; main:old_:1={0,0,0,0,0,0,0,0,0,0}; main:new_:1={0,0,0,0,0,0,0,0,0,0}; 

Program:
extern int __VERIFIER_nondet_int(void);
/*
Commit Number: 358a11a928cdca474c82472a2ca0d619426439f1
URL: https://github.com/brltty/brltty/commit/358a11a928cdca474c82472a2ca0d619426439f1
Project Name: brltty
License: LGPL-2.1
termination: FALSE
*/
int main()
{
    int i = 0;
    int base = __VERIFIER_nondet_int();
    int count = __VERIFIER_nondet_int();
    int old_[10];
    int new_[10];
    for( int j = 0 ; j < 9 ; j++ )
    {
        old_[j] = __VERIFIER_nondet_int();
        new_[j] = __VERIFIER_nondet_int();
    }
    old_[9] = 0;
    new_[9] = 0;
    while(1)
    {
        int number = base;
        while( old_[i] != new_[i] )
        {
            if( ++number == count )
                goto done;
        }
        i++;
        base += 8;
    }
done:
    return 0;
}

"
15,NT,"main:base:1=5
main:count:1=2
main:old_:1={1,1,1,1,1,1,1,1,1,1}
main:new_:1={1,1,1,1,1,1,1,1,1,1}
",,COMPLETED,T,false,,"You generate concrete values for nondeterministic inputs in a C/C++ program.
Your goal is to produce ONE complete assignment set that is likely to make the program not terminate.

Important rules:
1. Return a value for EVERY listed nondeterministic input ID.
2. Use each ID exactly once.
3. Respect the declared C/C++ type.
4. For an array, return the value as an array containing exactly the required number of elements.
5. For char arrays, each element must be exactly one character. Return the character itself without C single quotes.
6. Prefer small-magnitude values unless larger values are necessary to achieve the requested execution behavior.

Nondeterministic inputs:
- id: main:base:1, type: int
- id: main:count:1, type: int
- id: main:old_:1, type: int, array: true, size: 10, required elements: 10
- id: main:new_:1, type: int, array: true, size: 10, required elements: 10

Previously generated assignment sets are listed below. Generate a materially different set and do not duplicate any of them.
Previous 1: main:base:1=2; main:count:1=5; main:old_:1={0,0,0,0,0,0,0,0,0,0}; main:new_:1={1,0,0,0,0,0,0,0,0,0}; 
Previous 2: main:base:1=3; main:count:1=10; main:old_:1={0,0,0,0,0,0,0,0,0,0}; main:new_:1={0,0,0,1,0,0,0,0,0,0}; 
Previous 3: main:base:1=1; main:count:1=10; main:old_:1={0,2,3,4,5,6,7,8,9,0}; main:new_:1={1,2,3,4,5,6,7,8,9,0}; 
Previous 4: main:base:1=0; main:count:1=1; main:old_:1={0,0,0,0,0,0,0,0,0,0}; main:new_:1={1,0,0,0,0,0,0,0,0,0}; 
Previous 5: main:base:1=4; main:count:1=5; main:old_:1={1,0,0,0,0,0,0,0,0,0}; main:new_:1={0,0,0,0,0,0,0,0,0,0}; 
Previous 6: main:base:1=0; main:count:1=3; main:old_:1={0,0,0,0,0,0,0,0,0,0}; main:new_:1={1,0,0,0,0,0,0,0,0,0}; 
Previous 7: main:base:1=4; main:count:1=9; main:old_:1={0,1,2,3,4,5,6,7,8,0}; main:new_:1={1,1,2,3,4,5,6,7,8,0}; 
Previous 8: main:base:1=1; main:count:1=3; main:old_:1={0,0,0,0,0,0,0,0,0,0}; main:new_:1={1,0,0,0,0,0,0,0,0,0}; 
Previous 9: main:base:1=0; main:count:1=5; main:old_:1={0,0,0,0,0,0,0,0,0,0}; main:new_:1={5,0,0,0,0,0,0,0,0,0}; 
Previous 10: main:base:1=2022; main:count:1=2022; main:old_:1={0,0,0,0,0,0,0,0,0,0}; main:new_:1={3,0,0,0,0,0,0,0,0,0}; 
Previous 11: main:base:1=5; main:count:1=0; main:old_:1={1,2,3,4,5,6,7,8,9,0}; main:new_:1={2,3,4,5,6,7,8,9,0,0}; 
Previous 12: main:base:1=1; main:count:1=0; main:old_:1={1,0,0,0,0,0,0,0,0,0}; main:new_:1={2,0,0,0,0,0,0,0,0,0}; 
Previous 13: main:base:1=0; main:count:1=0; main:old_:1={0,0,0,0,0,0,0,0,0,0}; main:new_:1={0,0,0,0,0,0,0,0,0,0}; 
Previous 14: main:base:1=7; main:count:1=0; main:old_:1={5,0,0,0,0,0,0,0,0,0}; main:new_:1={0,0,0,0,0,0,0,0,0,0}; 

Program:
extern int __VERIFIER_nondet_int(void);
/*
Commit Number: 358a11a928cdca474c82472a2ca0d619426439f1
URL: https://github.com/brltty/brltty/commit/358a11a928cdca474c82472a2ca0d619426439f1
Project Name: brltty
License: LGPL-2.1
termination: FALSE
*/
int main()
{
    int i = 0;
    int base = __VERIFIER_nondet_int();
    int count = __VERIFIER_nondet_int();
    int old_[10];
    int new_[10];
    for( int j = 0 ; j < 9 ; j++ )
    {
        old_[j] = __VERIFIER_nondet_int();
        new_[j] = __VERIFIER_nondet_int();
    }
    old_[9] = 0;
    new_[9] = 0;
    while(1)
    {
        int number = base;
        while( old_[i] != new_[i] )
        {
            if( ++number == count )
                goto done;
        }
        i++;
        base += 8;
    }
done:
    return 0;
}

"
16,NT,"main:base:1=10
main:count:1=5
main:old_:1={1,0,0,0,0,0,0,0,0,0}
main:new_:1={0,0,0,0,0,0,0,0,0,0}
",,COMPLETED,T,false,,"You generate concrete values for nondeterministic inputs in a C/C++ program.
Your goal is to produce ONE complete assignment set that is likely to make the program not terminate.

Important rules:
1. Return a value for EVERY listed nondeterministic input ID.
2. Use each ID exactly once.
3. Respect the declared C/C++ type.
4. For an array, return the value as an array containing exactly the required number of elements.
5. For char arrays, each element must be exactly one character. Return the character itself without C single quotes.
6. Prefer small-magnitude values unless larger values are necessary to achieve the requested execution behavior.

Nondeterministic inputs:
- id: main:base:1, type: int
- id: main:count:1, type: int
- id: main:old_:1, type: int, array: true, size: 10, required elements: 10
- id: main:new_:1, type: int, array: true, size: 10, required elements: 10

Previously generated assignment sets are listed below. Generate a materially different set and do not duplicate any of them.
Previous 1: main:base:1=2; main:count:1=5; main:old_:1={0,0,0,0,0,0,0,0,0,0}; main:new_:1={1,0,0,0,0,0,0,0,0,0}; 
Previous 2: main:base:1=3; main:count:1=10; main:old_:1={0,0,0,0,0,0,0,0,0,0}; main:new_:1={0,0,0,1,0,0,0,0,0,0}; 
Previous 3: main:base:1=1; main:count:1=10; main:old_:1={0,2,3,4,5,6,7,8,9,0}; main:new_:1={1,2,3,4,5,6,7,8,9,0}; 
Previous 4: main:base:1=0; main:count:1=1; main:old_:1={0,0,0,0,0,0,0,0,0,0}; main:new_:1={1,0,0,0,0,0,0,0,0,0}; 
Previous 5: main:base:1=4; main:count:1=5; main:old_:1={1,0,0,0,0,0,0,0,0,0}; main:new_:1={0,0,0,0,0,0,0,0,0,0}; 
Previous 6: main:base:1=0; main:count:1=3; main:old_:1={0,0,0,0,0,0,0,0,0,0}; main:new_:1={1,0,0,0,0,0,0,0,0,0}; 
Previous 7: main:base:1=4; main:count:1=9; main:old_:1={0,1,2,3,4,5,6,7,8,0}; main:new_:1={1,1,2,3,4,5,6,7,8,0}; 
Previous 8: main:base:1=1; main:count:1=3; main:old_:1={0,0,0,0,0,0,0,0,0,0}; main:new_:1={1,0,0,0,0,0,0,0,0,0}; 
Previous 9: main:base:1=0; main:count:1=5; main:old_:1={0,0,0,0,0,0,0,0,0,0}; main:new_:1={5,0,0,0,0,0,0,0,0,0}; 
Previous 10: main:base:1=2022; main:count:1=2022; main:old_:1={0,0,0,0,0,0,0,0,0,0}; main:new_:1={3,0,0,0,0,0,0,0,0,0}; 
Previous 11: main:base:1=5; main:count:1=0; main:old_:1={1,2,3,4,5,6,7,8,9,0}; main:new_:1={2,3,4,5,6,7,8,9,0,0}; 
Previous 12: main:base:1=1; main:count:1=0; main:old_:1={1,0,0,0,0,0,0,0,0,0}; main:new_:1={2,0,0,0,0,0,0,0,0,0}; 
Previous 13: main:base:1=0; main:count:1=0; main:old_:1={0,0,0,0,0,0,0,0,0,0}; main:new_:1={0,0,0,0,0,0,0,0,0,0}; 
Previous 14: main:base:1=7; main:count:1=0; main:old_:1={5,0,0,0,0,0,0,0,0,0}; main:new_:1={0,0,0,0,0,0,0,0,0,0}; 
Previous 15: main:base:1=5; main:count:1=2; main:old_:1={1,1,1,1,1,1,1,1,1,1}; main:new_:1={1,1,1,1,1,1,1,1,1,1}; 

Program:
extern int __VERIFIER_nondet_int(void);
/*
Commit Number: 358a11a928cdca474c82472a2ca0d619426439f1
URL: https://github.com/brltty/brltty/commit/358a11a928cdca474c82472a2ca0d619426439f1
Project Name: brltty
License: LGPL-2.1
termination: FALSE
*/
int main()
{
    int i = 0;
    int base = __VERIFIER_nondet_int();
    int count = __VERIFIER_nondet_int();
    int old_[10];
    int new_[10];
    for( int j = 0 ; j < 9 ; j++ )
    {
        old_[j] = __VERIFIER_nondet_int();
        new_[j] = __VERIFIER_nondet_int();
    }
    old_[9] = 0;
    new_[9] = 0;
    while(1)
    {
        int number = base;
        while( old_[i] != new_[i] )
        {
            if( ++number == count )
                goto done;
        }
        i++;
        base += 8;
    }
done:
    return 0;
}

"
17,NT,"main:base:1=0
main:count:1=9999
main:old_:1={0,0,0,0,0,0,0,0,0,0}
main:new_:1={0,0,0,0,0,0,0,0,0,0}
",,COMPLETED,T,false,,"You generate concrete values for nondeterministic inputs in a C/C++ program.
Your goal is to produce ONE complete assignment set that is likely to make the program not terminate.

Important rules:
1. Return a value for EVERY listed nondeterministic input ID.
2. Use each ID exactly once.
3. Respect the declared C/C++ type.
4. For an array, return the value as an array containing exactly the required number of elements.
5. For char arrays, each element must be exactly one character. Return the character itself without C single quotes.
6. Prefer small-magnitude values unless larger values are necessary to achieve the requested execution behavior.

Nondeterministic inputs:
- id: main:base:1, type: int
- id: main:count:1, type: int
- id: main:old_:1, type: int, array: true, size: 10, required elements: 10
- id: main:new_:1, type: int, array: true, size: 10, required elements: 10

Previously generated assignment sets are listed below. Generate a materially different set and do not duplicate any of them.
Previous 1: main:base:1=2; main:count:1=5; main:old_:1={0,0,0,0,0,0,0,0,0,0}; main:new_:1={1,0,0,0,0,0,0,0,0,0}; 
Previous 2: main:base:1=3; main:count:1=10; main:old_:1={0,0,0,0,0,0,0,0,0,0}; main:new_:1={0,0,0,1,0,0,0,0,0,0}; 
Previous 3: main:base:1=1; main:count:1=10; main:old_:1={0,2,3,4,5,6,7,8,9,0}; main:new_:1={1,2,3,4,5,6,7,8,9,0}; 
Previous 4: main:base:1=0; main:count:1=1; main:old_:1={0,0,0,0,0,0,0,0,0,0}; main:new_:1={1,0,0,0,0,0,0,0,0,0}; 
Previous 5: main:base:1=4; main:count:1=5; main:old_:1={1,0,0,0,0,0,0,0,0,0}; main:new_:1={0,0,0,0,0,0,0,0,0,0}; 
Previous 6: main:base:1=0; main:count:1=3; main:old_:1={0,0,0,0,0,0,0,0,0,0}; main:new_:1={1,0,0,0,0,0,0,0,0,0}; 
Previous 7: main:base:1=4; main:count:1=9; main:old_:1={0,1,2,3,4,5,6,7,8,0}; main:new_:1={1,1,2,3,4,5,6,7,8,0}; 
Previous 8: main:base:1=1; main:count:1=3; main:old_:1={0,0,0,0,0,0,0,0,0,0}; main:new_:1={1,0,0,0,0,0,0,0,0,0}; 
Previous 9: main:base:1=0; main:count:1=5; main:old_:1={0,0,0,0,0,0,0,0,0,0}; main:new_:1={5,0,0,0,0,0,0,0,0,0}; 
Previous 10: main:base:1=2022; main:count:1=2022; main:old_:1={0,0,0,0,0,0,0,0,0,0}; main:new_:1={3,0,0,0,0,0,0,0,0,0}; 
Previous 11: main:base:1=5; main:count:1=0; main:old_:1={1,2,3,4,5,6,7,8,9,0}; main:new_:1={2,3,4,5,6,7,8,9,0,0}; 
Previous 12: main:base:1=1; main:count:1=0; main:old_:1={1,0,0,0,0,0,0,0,0,0}; main:new_:1={2,0,0,0,0,0,0,0,0,0}; 
Previous 13: main:base:1=0; main:count:1=0; main:old_:1={0,0,0,0,0,0,0,0,0,0}; main:new_:1={0,0,0,0,0,0,0,0,0,0}; 
Previous 14: main:base:1=7; main:count:1=0; main:old_:1={5,0,0,0,0,0,0,0,0,0}; main:new_:1={0,0,0,0,0,0,0,0,0,0}; 
Previous 15: main:base:1=5; main:count:1=2; main:old_:1={1,1,1,1,1,1,1,1,1,1}; main:new_:1={1,1,1,1,1,1,1,1,1,1}; 
Previous 16: main:base:1=10; main:count:1=5; main:old_:1={1,0,0,0,0,0,0,0,0,0}; main:new_:1={0,0,0,0,0,0,0,0,0,0}; 

Program:
extern int __VERIFIER_nondet_int(void);
/*
Commit Number: 358a11a928cdca474c82472a2ca0d619426439f1
URL: https://github.com/brltty/brltty/commit/358a11a928cdca474c82472a2ca0d619426439f1
Project Name: brltty
License: LGPL-2.1
termination: FALSE
*/
int main()
{
    int i = 0;
    int base = __VERIFIER_nondet_int();
    int count = __VERIFIER_nondet_int();
    int old_[10];
    int new_[10];
    for( int j = 0 ; j < 9 ; j++ )
    {
        old_[j] = __VERIFIER_nondet_int();
        new_[j] = __VERIFIER_nondet_int();
    }
    old_[9] = 0;
    new_[9] = 0;
    while(1)
    {
        int number = base;
        while( old_[i] != new_[i] )
        {
            if( ++number == count )
                goto done;
        }
        i++;
        base += 8;
    }
done:
    return 0;
}

"
18,NT,"main:base:1=2
main:count:1=1
main:old_:1={1,0,0,0,0,0,0,0,0,0}
main:new_:1={0,0,0,0,0,0,0,0,0,0}
",,COMPLETED,T,false,,"You generate concrete values for nondeterministic inputs in a C/C++ program.
Your goal is to produce ONE complete assignment set that is likely to make the program not terminate.

Important rules:
1. Return a value for EVERY listed nondeterministic input ID.
2. Use each ID exactly once.
3. Respect the declared C/C++ type.
4. For an array, return the value as an array containing exactly the required number of elements.
5. For char arrays, each element must be exactly one character. Return the character itself without C single quotes.
6. Prefer small-magnitude values unless larger values are necessary to achieve the requested execution behavior.

Nondeterministic inputs:
- id: main:base:1, type: int
- id: main:count:1, type: int
- id: main:old_:1, type: int, array: true, size: 10, required elements: 10
- id: main:new_:1, type: int, array: true, size: 10, required elements: 10

Previously generated assignment sets are listed below. Generate a materially different set and do not duplicate any of them.
Previous 1: main:base:1=2; main:count:1=5; main:old_:1={0,0,0,0,0,0,0,0,0,0}; main:new_:1={1,0,0,0,0,0,0,0,0,0}; 
Previous 2: main:base:1=3; main:count:1=10; main:old_:1={0,0,0,0,0,0,0,0,0,0}; main:new_:1={0,0,0,1,0,0,0,0,0,0}; 
Previous 3: main:base:1=1; main:count:1=10; main:old_:1={0,2,3,4,5,6,7,8,9,0}; main:new_:1={1,2,3,4,5,6,7,8,9,0}; 
Previous 4: main:base:1=0; main:count:1=1; main:old_:1={0,0,0,0,0,0,0,0,0,0}; main:new_:1={1,0,0,0,0,0,0,0,0,0}; 
Previous 5: main:base:1=4; main:count:1=5; main:old_:1={1,0,0,0,0,0,0,0,0,0}; main:new_:1={0,0,0,0,0,0,0,0,0,0}; 
Previous 6: main:base:1=0; main:count:1=3; main:old_:1={0,0,0,0,0,0,0,0,0,0}; main:new_:1={1,0,0,0,0,0,0,0,0,0}; 
Previous 7: main:base:1=4; main:count:1=9; main:old_:1={0,1,2,3,4,5,6,7,8,0}; main:new_:1={1,1,2,3,4,5,6,7,8,0}; 
Previous 8: main:base:1=1; main:count:1=3; main:old_:1={0,0,0,0,0,0,0,0,0,0}; main:new_:1={1,0,0,0,0,0,0,0,0,0}; 
Previous 9: main:base:1=0; main:count:1=5; main:old_:1={0,0,0,0,0,0,0,0,0,0}; main:new_:1={5,0,0,0,0,0,0,0,0,0}; 
Previous 10: main:base:1=2022; main:count:1=2022; main:old_:1={0,0,0,0,0,0,0,0,0,0}; main:new_:1={3,0,0,0,0,0,0,0,0,0}; 
Previous 11: main:base:1=5; main:count:1=0; main:old_:1={1,2,3,4,5,6,7,8,9,0}; main:new_:1={2,3,4,5,6,7,8,9,0,0}; 
Previous 12: main:base:1=1; main:count:1=0; main:old_:1={1,0,0,0,0,0,0,0,0,0}; main:new_:1={2,0,0,0,0,0,0,0,0,0}; 
Previous 13: main:base:1=0; main:count:1=0; main:old_:1={0,0,0,0,0,0,0,0,0,0}; main:new_:1={0,0,0,0,0,0,0,0,0,0}; 
Previous 14: main:base:1=7; main:count:1=0; main:old_:1={5,0,0,0,0,0,0,0,0,0}; main:new_:1={0,0,0,0,0,0,0,0,0,0}; 
Previous 15: main:base:1=5; main:count:1=2; main:old_:1={1,1,1,1,1,1,1,1,1,1}; main:new_:1={1,1,1,1,1,1,1,1,1,1}; 
Previous 16: main:base:1=10; main:count:1=5; main:old_:1={1,0,0,0,0,0,0,0,0,0}; main:new_:1={0,0,0,0,0,0,0,0,0,0}; 
Previous 17: main:base:1=0; main:count:1=9999; main:old_:1={0,0,0,0,0,0,0,0,0,0}; main:new_:1={0,0,0,0,0,0,0,0,0,0}; 

Program:
extern int __VERIFIER_nondet_int(void);
/*
Commit Number: 358a11a928cdca474c82472a2ca0d619426439f1
URL: https://github.com/brltty/brltty/commit/358a11a928cdca474c82472a2ca0d619426439f1
Project Name: brltty
License: LGPL-2.1
termination: FALSE
*/
int main()
{
    int i = 0;
    int base = __VERIFIER_nondet_int();
    int count = __VERIFIER_nondet_int();
    int old_[10];
    int new_[10];
    for( int j = 0 ; j < 9 ; j++ )
    {
        old_[j] = __VERIFIER_nondet_int();
        new_[j] = __VERIFIER_nondet_int();
    }
    old_[9] = 0;
    new_[9] = 0;
    while(1)
    {
        int number = base;
        while( old_[i] != new_[i] )
        {
            if( ++number == count )
                goto done;
        }
        i++;
        base += 8;
    }
done:
    return 0;
}

"
19,NT,"main:base:1=5
main:count:1=3
main:old_:1={0,0,0,0,0,0,0,0,0,0}
main:new_:1={1,0,0,0,0,0,0,0,0,0}
",,COMPLETED,T,false,,"You generate concrete values for nondeterministic inputs in a C/C++ program.
Your goal is to produce ONE complete assignment set that is likely to make the program not terminate.

Important rules:
1. Return a value for EVERY listed nondeterministic input ID.
2. Use each ID exactly once.
3. Respect the declared C/C++ type.
4. For an array, return the value as an array containing exactly the required number of elements.
5. For char arrays, each element must be exactly one character. Return the character itself without C single quotes.
6. Prefer small-magnitude values unless larger values are necessary to achieve the requested execution behavior.

Nondeterministic inputs:
- id: main:base:1, type: int
- id: main:count:1, type: int
- id: main:old_:1, type: int, array: true, size: 10, required elements: 10
- id: main:new_:1, type: int, array: true, size: 10, required elements: 10

Previously generated assignment sets are listed below. Generate a materially different set and do not duplicate any of them.
Previous 1: main:base:1=2; main:count:1=5; main:old_:1={0,0,0,0,0,0,0,0,0,0}; main:new_:1={1,0,0,0,0,0,0,0,0,0}; 
Previous 2: main:base:1=3; main:count:1=10; main:old_:1={0,0,0,0,0,0,0,0,0,0}; main:new_:1={0,0,0,1,0,0,0,0,0,0}; 
Previous 3: main:base:1=1; main:count:1=10; main:old_:1={0,2,3,4,5,6,7,8,9,0}; main:new_:1={1,2,3,4,5,6,7,8,9,0}; 
Previous 4: main:base:1=0; main:count:1=1; main:old_:1={0,0,0,0,0,0,0,0,0,0}; main:new_:1={1,0,0,0,0,0,0,0,0,0}; 
Previous 5: main:base:1=4; main:count:1=5; main:old_:1={1,0,0,0,0,0,0,0,0,0}; main:new_:1={0,0,0,0,0,0,0,0,0,0}; 
Previous 6: main:base:1=0; main:count:1=3; main:old_:1={0,0,0,0,0,0,0,0,0,0}; main:new_:1={1,0,0,0,0,0,0,0,0,0}; 
Previous 7: main:base:1=4; main:count:1=9; main:old_:1={0,1,2,3,4,5,6,7,8,0}; main:new_:1={1,1,2,3,4,5,6,7,8,0}; 
Previous 8: main:base:1=1; main:count:1=3; main:old_:1={0,0,0,0,0,0,0,0,0,0}; main:new_:1={1,0,0,0,0,0,0,0,0,0}; 
Previous 9: main:base:1=0; main:count:1=5; main:old_:1={0,0,0,0,0,0,0,0,0,0}; main:new_:1={5,0,0,0,0,0,0,0,0,0}; 
Previous 10: main:base:1=2022; main:count:1=2022; main:old_:1={0,0,0,0,0,0,0,0,0,0}; main:new_:1={3,0,0,0,0,0,0,0,0,0}; 
Previous 11: main:base:1=5; main:count:1=0; main:old_:1={1,2,3,4,5,6,7,8,9,0}; main:new_:1={2,3,4,5,6,7,8,9,0,0}; 
Previous 12: main:base:1=1; main:count:1=0; main:old_:1={1,0,0,0,0,0,0,0,0,0}; main:new_:1={2,0,0,0,0,0,0,0,0,0}; 
Previous 13: main:base:1=0; main:count:1=0; main:old_:1={0,0,0,0,0,0,0,0,0,0}; main:new_:1={0,0,0,0,0,0,0,0,0,0}; 
Previous 14: main:base:1=7; main:count:1=0; main:old_:1={5,0,0,0,0,0,0,0,0,0}; main:new_:1={0,0,0,0,0,0,0,0,0,0}; 
Previous 15: main:base:1=5; main:count:1=2; main:old_:1={1,1,1,1,1,1,1,1,1,1}; main:new_:1={1,1,1,1,1,1,1,1,1,1}; 
Previous 16: main:base:1=10; main:count:1=5; main:old_:1={1,0,0,0,0,0,0,0,0,0}; main:new_:1={0,0,0,0,0,0,0,0,0,0}; 
Previous 17: main:base:1=0; main:count:1=9999; main:old_:1={0,0,0,0,0,0,0,0,0,0}; main:new_:1={0,0,0,0,0,0,0,0,0,0}; 
Previous 18: main:base:1=2; main:count:1=1; main:old_:1={1,0,0,0,0,0,0,0,0,0}; main:new_:1={0,0,0,0,0,0,0,0,0,0}; 

Program:
extern int __VERIFIER_nondet_int(void);
/*
Commit Number: 358a11a928cdca474c82472a2ca0d619426439f1
URL: https://github.com/brltty/brltty/commit/358a11a928cdca474c82472a2ca0d619426439f1
Project Name: brltty
License: LGPL-2.1
termination: FALSE
*/
int main()
{
    int i = 0;
    int base = __VERIFIER_nondet_int();
    int count = __VERIFIER_nondet_int();
    int old_[10];
    int new_[10];
    for( int j = 0 ; j < 9 ; j++ )
    {
        old_[j] = __VERIFIER_nondet_int();
        new_[j] = __VERIFIER_nondet_int();
    }
    old_[9] = 0;
    new_[9] = 0;
    while(1)
    {
        int number = base;
        while( old_[i] != new_[i] )
        {
            if( ++number == count )
                goto done;
        }
        i++;
        base += 8;
    }
done:
    return 0;
}

"
20,NT,"main:base:1=0
main:count:1=0
main:old_:1={2,2,2,2,2,2,2,2,2,2}
main:new_:1={2,2,2,2,2,2,2,2,2,2}
",,COMPLETED,T,false,,"You generate concrete values for nondeterministic inputs in a C/C++ program.
Your goal is to produce ONE complete assignment set that is likely to make the program not terminate.

Important rules:
1. Return a value for EVERY listed nondeterministic input ID.
2. Use each ID exactly once.
3. Respect the declared C/C++ type.
4. For an array, return the value as an array containing exactly the required number of elements.
5. For char arrays, each element must be exactly one character. Return the character itself without C single quotes.
6. Prefer small-magnitude values unless larger values are necessary to achieve the requested execution behavior.

Nondeterministic inputs:
- id: main:base:1, type: int
- id: main:count:1, type: int
- id: main:old_:1, type: int, array: true, size: 10, required elements: 10
- id: main:new_:1, type: int, array: true, size: 10, required elements: 10

Previously generated assignment sets are listed below. Generate a materially different set and do not duplicate any of them.
Previous 1: main:base:1=2; main:count:1=5; main:old_:1={0,0,0,0,0,0,0,0,0,0}; main:new_:1={1,0,0,0,0,0,0,0,0,0}; 
Previous 2: main:base:1=3; main:count:1=10; main:old_:1={0,0,0,0,0,0,0,0,0,0}; main:new_:1={0,0,0,1,0,0,0,0,0,0}; 
Previous 3: main:base:1=1; main:count:1=10; main:old_:1={0,2,3,4,5,6,7,8,9,0}; main:new_:1={1,2,3,4,5,6,7,8,9,0}; 
Previous 4: main:base:1=0; main:count:1=1; main:old_:1={0,0,0,0,0,0,0,0,0,0}; main:new_:1={1,0,0,0,0,0,0,0,0,0}; 
Previous 5: main:base:1=4; main:count:1=5; main:old_:1={1,0,0,0,0,0,0,0,0,0}; main:new_:1={0,0,0,0,0,0,0,0,0,0}; 
Previous 6: main:base:1=0; main:count:1=3; main:old_:1={0,0,0,0,0,0,0,0,0,0}; main:new_:1={1,0,0,0,0,0,0,0,0,0}; 
Previous 7: main:base:1=4; main:count:1=9; main:old_:1={0,1,2,3,4,5,6,7,8,0}; main:new_:1={1,1,2,3,4,5,6,7,8,0}; 
Previous 8: main:base:1=1; main:count:1=3; main:old_:1={0,0,0,0,0,0,0,0,0,0}; main:new_:1={1,0,0,0,0,0,0,0,0,0}; 
Previous 9: main:base:1=0; main:count:1=5; main:old_:1={0,0,0,0,0,0,0,0,0,0}; main:new_:1={5,0,0,0,0,0,0,0,0,0}; 
Previous 10: main:base:1=2022; main:count:1=2022; main:old_:1={0,0,0,0,0,0,0,0,0,0}; main:new_:1={3,0,0,0,0,0,0,0,0,0}; 
Previous 11: main:base:1=5; main:count:1=0; main:old_:1={1,2,3,4,5,6,7,8,9,0}; main:new_:1={2,3,4,5,6,7,8,9,0,0}; 
Previous 12: main:base:1=1; main:count:1=0; main:old_:1={1,0,0,0,0,0,0,0,0,0}; main:new_:1={2,0,0,0,0,0,0,0,0,0}; 
Previous 13: main:base:1=0; main:count:1=0; main:old_:1={0,0,0,0,0,0,0,0,0,0}; main:new_:1={0,0,0,0,0,0,0,0,0,0}; 
Previous 14: main:base:1=7; main:count:1=0; main:old_:1={5,0,0,0,0,0,0,0,0,0}; main:new_:1={0,0,0,0,0,0,0,0,0,0}; 
Previous 15: main:base:1=5; main:count:1=2; main:old_:1={1,1,1,1,1,1,1,1,1,1}; main:new_:1={1,1,1,1,1,1,1,1,1,1}; 
Previous 16: main:base:1=10; main:count:1=5; main:old_:1={1,0,0,0,0,0,0,0,0,0}; main:new_:1={0,0,0,0,0,0,0,0,0,0}; 
Previous 17: main:base:1=0; main:count:1=9999; main:old_:1={0,0,0,0,0,0,0,0,0,0}; main:new_:1={0,0,0,0,0,0,0,0,0,0}; 
Previous 18: main:base:1=2; main:count:1=1; main:old_:1={1,0,0,0,0,0,0,0,0,0}; main:new_:1={0,0,0,0,0,0,0,0,0,0}; 
Previous 19: main:base:1=5; main:count:1=3; main:old_:1={0,0,0,0,0,0,0,0,0,0}; main:new_:1={1,0,0,0,0,0,0,0,0,0}; 

Program:
extern int __VERIFIER_nondet_int(void);
/*
Commit Number: 358a11a928cdca474c82472a2ca0d619426439f1
URL: https://github.com/brltty/brltty/commit/358a11a928cdca474c82472a2ca0d619426439f1
Project Name: brltty
License: LGPL-2.1
termination: FALSE
*/
int main()
{
    int i = 0;
    int base = __VERIFIER_nondet_int();
    int count = __VERIFIER_nondet_int();
    int old_[10];
    int new_[10];
    for( int j = 0 ; j < 9 ; j++ )
    {
        old_[j] = __VERIFIER_nondet_int();
        new_[j] = __VERIFIER_nondet_int();
    }
    old_[9] = 0;
    new_[9] = 0;
    while(1)
    {
        int number = base;
        while( old_[i] != new_[i] )
        {
            if( ++number == count )
                goto done;
        }
        i++;
        base += 8;
    }
done:
    return 0;
}

"
21,NT,"main:base:1=1
main:count:1=0
main:old_:1={1,0,0,0,0,0,0,0,0,0}
main:new_:1={0,0,0,0,0,0,0,0,0,0}
",,COMPLETED,T,false,,"You generate concrete values for nondeterministic inputs in a C/C++ program.
Your goal is to produce ONE complete assignment set that is likely to make the program not terminate.

Important rules:
1. Return a value for EVERY listed nondeterministic input ID.
2. Use each ID exactly once.
3. Respect the declared C/C++ type.
4. For an array, return the value as an array containing exactly the required number of elements.
5. For char arrays, each element must be exactly one character. Return the character itself without C single quotes.
6. Prefer small-magnitude values unless larger values are necessary to achieve the requested execution behavior.

Nondeterministic inputs:
- id: main:base:1, type: int
- id: main:count:1, type: int
- id: main:old_:1, type: int, array: true, size: 10, required elements: 10
- id: main:new_:1, type: int, array: true, size: 10, required elements: 10

Previously generated assignment sets are listed below. Generate a materially different set and do not duplicate any of them.
Previous 1: main:base:1=2; main:count:1=5; main:old_:1={0,0,0,0,0,0,0,0,0,0}; main:new_:1={1,0,0,0,0,0,0,0,0,0}; 
Previous 2: main:base:1=3; main:count:1=10; main:old_:1={0,0,0,0,0,0,0,0,0,0}; main:new_:1={0,0,0,1,0,0,0,0,0,0}; 
Previous 3: main:base:1=1; main:count:1=10; main:old_:1={0,2,3,4,5,6,7,8,9,0}; main:new_:1={1,2,3,4,5,6,7,8,9,0}; 
Previous 4: main:base:1=0; main:count:1=1; main:old_:1={0,0,0,0,0,0,0,0,0,0}; main:new_:1={1,0,0,0,0,0,0,0,0,0}; 
Previous 5: main:base:1=4; main:count:1=5; main:old_:1={1,0,0,0,0,0,0,0,0,0}; main:new_:1={0,0,0,0,0,0,0,0,0,0}; 
Previous 6: main:base:1=0; main:count:1=3; main:old_:1={0,0,0,0,0,0,0,0,0,0}; main:new_:1={1,0,0,0,0,0,0,0,0,0}; 
Previous 7: main:base:1=4; main:count:1=9; main:old_:1={0,1,2,3,4,5,6,7,8,0}; main:new_:1={1,1,2,3,4,5,6,7,8,0}; 
Previous 8: main:base:1=1; main:count:1=3; main:old_:1={0,0,0,0,0,0,0,0,0,0}; main:new_:1={1,0,0,0,0,0,0,0,0,0}; 
Previous 9: main:base:1=0; main:count:1=5; main:old_:1={0,0,0,0,0,0,0,0,0,0}; main:new_:1={5,0,0,0,0,0,0,0,0,0}; 
Previous 10: main:base:1=2022; main:count:1=2022; main:old_:1={0,0,0,0,0,0,0,0,0,0}; main:new_:1={3,0,0,0,0,0,0,0,0,0}; 
Previous 11: main:base:1=5; main:count:1=0; main:old_:1={1,2,3,4,5,6,7,8,9,0}; main:new_:1={2,3,4,5,6,7,8,9,0,0}; 
Previous 12: main:base:1=1; main:count:1=0; main:old_:1={1,0,0,0,0,0,0,0,0,0}; main:new_:1={2,0,0,0,0,0,0,0,0,0}; 
Previous 13: main:base:1=0; main:count:1=0; main:old_:1={0,0,0,0,0,0,0,0,0,0}; main:new_:1={0,0,0,0,0,0,0,0,0,0}; 
Previous 14: main:base:1=7; main:count:1=0; main:old_:1={5,0,0,0,0,0,0,0,0,0}; main:new_:1={0,0,0,0,0,0,0,0,0,0}; 
Previous 15: main:base:1=5; main:count:1=2; main:old_:1={1,1,1,1,1,1,1,1,1,1}; main:new_:1={1,1,1,1,1,1,1,1,1,1}; 
Previous 16: main:base:1=10; main:count:1=5; main:old_:1={1,0,0,0,0,0,0,0,0,0}; main:new_:1={0,0,0,0,0,0,0,0,0,0}; 
Previous 17: main:base:1=0; main:count:1=9999; main:old_:1={0,0,0,0,0,0,0,0,0,0}; main:new_:1={0,0,0,0,0,0,0,0,0,0}; 
Previous 18: main:base:1=2; main:count:1=1; main:old_:1={1,0,0,0,0,0,0,0,0,0}; main:new_:1={0,0,0,0,0,0,0,0,0,0}; 
Previous 19: main:base:1=5; main:count:1=3; main:old_:1={0,0,0,0,0,0,0,0,0,0}; main:new_:1={1,0,0,0,0,0,0,0,0,0}; 
Previous 20: main:base:1=0; main:count:1=0; main:old_:1={2,2,2,2,2,2,2,2,2,2}; main:new_:1={2,2,2,2,2,2,2,2,2,2}; 

Program:
extern int __VERIFIER_nondet_int(void);
/*
Commit Number: 358a11a928cdca474c82472a2ca0d619426439f1
URL: https://github.com/brltty/brltty/commit/358a11a928cdca474c82472a2ca0d619426439f1
Project Name: brltty
License: LGPL-2.1
termination: FALSE
*/
int main()
{
    int i = 0;
    int base = __VERIFIER_nondet_int();
    int count = __VERIFIER_nondet_int();
    int old_[10];
    int new_[10];
    for( int j = 0 ; j < 9 ; j++ )
    {
        old_[j] = __VERIFIER_nondet_int();
        new_[j] = __VERIFIER_nondet_int();
    }
    old_[9] = 0;
    new_[9] = 0;
    while(1)
    {
        int number = base;
        while( old_[i] != new_[i] )
        {
            if( ++number == count )
                goto done;
        }
        i++;
        base += 8;
    }
done:
    return 0;
}

"
22,NT,"main:base:1=0
main:count:1=0
main:old_:1={1,0,0,0,0,0,0,0,0,0}
main:new_:1={0,0,0,0,0,0,0,0,0,0}
",,COMPLETED,T,false,,"You generate concrete values for nondeterministic inputs in a C/C++ program.
Your goal is to produce ONE complete assignment set that is likely to make the program not terminate.

Important rules:
1. Return a value for EVERY listed nondeterministic input ID.
2. Use each ID exactly once.
3. Respect the declared C/C++ type.
4. For an array, return the value as an array containing exactly the required number of elements.
5. For char arrays, each element must be exactly one character. Return the character itself without C single quotes.
6. Prefer small-magnitude values unless larger values are necessary to achieve the requested execution behavior.

Nondeterministic inputs:
- id: main:base:1, type: int
- id: main:count:1, type: int
- id: main:old_:1, type: int, array: true, size: 10, required elements: 10
- id: main:new_:1, type: int, array: true, size: 10, required elements: 10

Previously generated assignment sets are listed below. Generate a materially different set and do not duplicate any of them.
Previous 1: main:base:1=2; main:count:1=5; main:old_:1={0,0,0,0,0,0,0,0,0,0}; main:new_:1={1,0,0,0,0,0,0,0,0,0}; 
Previous 2: main:base:1=3; main:count:1=10; main:old_:1={0,0,0,0,0,0,0,0,0,0}; main:new_:1={0,0,0,1,0,0,0,0,0,0}; 
Previous 3: main:base:1=1; main:count:1=10; main:old_:1={0,2,3,4,5,6,7,8,9,0}; main:new_:1={1,2,3,4,5,6,7,8,9,0}; 
Previous 4: main:base:1=0; main:count:1=1; main:old_:1={0,0,0,0,0,0,0,0,0,0}; main:new_:1={1,0,0,0,0,0,0,0,0,0}; 
Previous 5: main:base:1=4; main:count:1=5; main:old_:1={1,0,0,0,0,0,0,0,0,0}; main:new_:1={0,0,0,0,0,0,0,0,0,0}; 
Previous 6: main:base:1=0; main:count:1=3; main:old_:1={0,0,0,0,0,0,0,0,0,0}; main:new_:1={1,0,0,0,0,0,0,0,0,0}; 
Previous 7: main:base:1=4; main:count:1=9; main:old_:1={0,1,2,3,4,5,6,7,8,0}; main:new_:1={1,1,2,3,4,5,6,7,8,0}; 
Previous 8: main:base:1=1; main:count:1=3; main:old_:1={0,0,0,0,0,0,0,0,0,0}; main:new_:1={1,0,0,0,0,0,0,0,0,0}; 
Previous 9: main:base:1=0; main:count:1=5; main:old_:1={0,0,0,0,0,0,0,0,0,0}; main:new_:1={5,0,0,0,0,0,0,0,0,0}; 
Previous 10: main:base:1=2022; main:count:1=2022; main:old_:1={0,0,0,0,0,0,0,0,0,0}; main:new_:1={3,0,0,0,0,0,0,0,0,0}; 
Previous 11: main:base:1=5; main:count:1=0; main:old_:1={1,2,3,4,5,6,7,8,9,0}; main:new_:1={2,3,4,5,6,7,8,9,0,0}; 
Previous 12: main:base:1=1; main:count:1=0; main:old_:1={1,0,0,0,0,0,0,0,0,0}; main:new_:1={2,0,0,0,0,0,0,0,0,0}; 
Previous 13: main:base:1=0; main:count:1=0; main:old_:1={0,0,0,0,0,0,0,0,0,0}; main:new_:1={0,0,0,0,0,0,0,0,0,0}; 
Previous 14: main:base:1=7; main:count:1=0; main:old_:1={5,0,0,0,0,0,0,0,0,0}; main:new_:1={0,0,0,0,0,0,0,0,0,0}; 
Previous 15: main:base:1=5; main:count:1=2; main:old_:1={1,1,1,1,1,1,1,1,1,1}; main:new_:1={1,1,1,1,1,1,1,1,1,1}; 
Previous 16: main:base:1=10; main:count:1=5; main:old_:1={1,0,0,0,0,0,0,0,0,0}; main:new_:1={0,0,0,0,0,0,0,0,0,0}; 
Previous 17: main:base:1=0; main:count:1=9999; main:old_:1={0,0,0,0,0,0,0,0,0,0}; main:new_:1={0,0,0,0,0,0,0,0,0,0}; 
Previous 18: main:base:1=2; main:count:1=1; main:old_:1={1,0,0,0,0,0,0,0,0,0}; main:new_:1={0,0,0,0,0,0,0,0,0,0}; 
Previous 19: main:base:1=5; main:count:1=3; main:old_:1={0,0,0,0,0,0,0,0,0,0}; main:new_:1={1,0,0,0,0,0,0,0,0,0}; 
Previous 20: main:base:1=0; main:count:1=0; main:old_:1={2,2,2,2,2,2,2,2,2,2}; main:new_:1={2,2,2,2,2,2,2,2,2,2}; 
Previous 21: main:base:1=1; main:count:1=0; main:old_:1={1,0,0,0,0,0,0,0,0,0}; main:new_:1={0,0,0,0,0,0,0,0,0,0}; 

Program:
extern int __VERIFIER_nondet_int(void);
/*
Commit Number: 358a11a928cdca474c82472a2ca0d619426439f1
URL: https://github.com/brltty/brltty/commit/358a11a928cdca474c82472a2ca0d619426439f1
Project Name: brltty
License: LGPL-2.1
termination: FALSE
*/
int main()
{
    int i = 0;
    int base = __VERIFIER_nondet_int();
    int count = __VERIFIER_nondet_int();
    int old_[10];
    int new_[10];
    for( int j = 0 ; j < 9 ; j++ )
    {
        old_[j] = __VERIFIER_nondet_int();
        new_[j] = __VERIFIER_nondet_int();
    }
    old_[9] = 0;
    new_[9] = 0;
    while(1)
    {
        int number = base;
        while( old_[i] != new_[i] )
        {
            if( ++number == count )
                goto done;
        }
        i++;
        base += 8;
    }
done:
    return 0;
}

"
23,NT,,,GENERATION_ERROR,,false,HTTP request failed: Timeout was reached,"You generate concrete values for nondeterministic inputs in a C/C++ program.
Your goal is to produce ONE complete assignment set that is likely to make the program not terminate.

Important rules:
1. Return a value for EVERY listed nondeterministic input ID.
2. Use each ID exactly once.
3. Respect the declared C/C++ type.
4. For an array, return the value as an array containing exactly the required number of elements.
5. For char arrays, each element must be exactly one character. Return the character itself without C single quotes.
6. Prefer small-magnitude values unless larger values are necessary to achieve the requested execution behavior.

Nondeterministic inputs:
- id: main:base:1, type: int
- id: main:count:1, type: int
- id: main:old_:1, type: int, array: true, size: 10, required elements: 10
- id: main:new_:1, type: int, array: true, size: 10, required elements: 10

Previously generated assignment sets are listed below. Generate a materially different set and do not duplicate any of them.
Previous 1: main:base:1=2; main:count:1=5; main:old_:1={0,0,0,0,0,0,0,0,0,0}; main:new_:1={1,0,0,0,0,0,0,0,0,0}; 
Previous 2: main:base:1=3; main:count:1=10; main:old_:1={0,0,0,0,0,0,0,0,0,0}; main:new_:1={0,0,0,1,0,0,0,0,0,0}; 
Previous 3: main:base:1=1; main:count:1=10; main:old_:1={0,2,3,4,5,6,7,8,9,0}; main:new_:1={1,2,3,4,5,6,7,8,9,0}; 
Previous 4: main:base:1=0; main:count:1=1; main:old_:1={0,0,0,0,0,0,0,0,0,0}; main:new_:1={1,0,0,0,0,0,0,0,0,0}; 
Previous 5: main:base:1=4; main:count:1=5; main:old_:1={1,0,0,0,0,0,0,0,0,0}; main:new_:1={0,0,0,0,0,0,0,0,0,0}; 
Previous 6: main:base:1=0; main:count:1=3; main:old_:1={0,0,0,0,0,0,0,0,0,0}; main:new_:1={1,0,0,0,0,0,0,0,0,0}; 
Previous 7: main:base:1=4; main:count:1=9; main:old_:1={0,1,2,3,4,5,6,7,8,0}; main:new_:1={1,1,2,3,4,5,6,7,8,0}; 
Previous 8: main:base:1=1; main:count:1=3; main:old_:1={0,0,0,0,0,0,0,0,0,0}; main:new_:1={1,0,0,0,0,0,0,0,0,0}; 
Previous 9: main:base:1=0; main:count:1=5; main:old_:1={0,0,0,0,0,0,0,0,0,0}; main:new_:1={5,0,0,0,0,0,0,0,0,0}; 
Previous 10: main:base:1=2022; main:count:1=2022; main:old_:1={0,0,0,0,0,0,0,0,0,0}; main:new_:1={3,0,0,0,0,0,0,0,0,0}; 
Previous 11: main:base:1=5; main:count:1=0; main:old_:1={1,2,3,4,5,6,7,8,9,0}; main:new_:1={2,3,4,5,6,7,8,9,0,0}; 
Previous 12: main:base:1=1; main:count:1=0; main:old_:1={1,0,0,0,0,0,0,0,0,0}; main:new_:1={2,0,0,0,0,0,0,0,0,0}; 
Previous 13: main:base:1=0; main:count:1=0; main:old_:1={0,0,0,0,0,0,0,0,0,0}; main:new_:1={0,0,0,0,0,0,0,0,0,0}; 
Previous 14: main:base:1=7; main:count:1=0; main:old_:1={5,0,0,0,0,0,0,0,0,0}; main:new_:1={0,0,0,0,0,0,0,0,0,0}; 
Previous 15: main:base:1=5; main:count:1=2; main:old_:1={1,1,1,1,1,1,1,1,1,1}; main:new_:1={1,1,1,1,1,1,1,1,1,1}; 
Previous 16: main:base:1=10; main:count:1=5; main:old_:1={1,0,0,0,0,0,0,0,0,0}; main:new_:1={0,0,0,0,0,0,0,0,0,0}; 
Previous 17: main:base:1=0; main:count:1=9999; main:old_:1={0,0,0,0,0,0,0,0,0,0}; main:new_:1={0,0,0,0,0,0,0,0,0,0}; 
Previous 18: main:base:1=2; main:count:1=1; main:old_:1={1,0,0,0,0,0,0,0,0,0}; main:new_:1={0,0,0,0,0,0,0,0,0,0}; 
Previous 19: main:base:1=5; main:count:1=3; main:old_:1={0,0,0,0,0,0,0,0,0,0}; main:new_:1={1,0,0,0,0,0,0,0,0,0}; 
Previous 20: main:base:1=0; main:count:1=0; main:old_:1={2,2,2,2,2,2,2,2,2,2}; main:new_:1={2,2,2,2,2,2,2,2,2,2}; 
Previous 21: main:base:1=1; main:count:1=0; main:old_:1={1,0,0,0,0,0,0,0,0,0}; main:new_:1={0,0,0,0,0,0,0,0,0,0}; 
Previous 22: main:base:1=0; main:count:1=0; main:old_:1={1,0,0,0,0,0,0,0,0,0}; main:new_:1={0,0,0,0,0,0,0,0,0,0}; 

Program:
extern int __VERIFIER_nondet_int(void);
/*
Commit Number: 358a11a928cdca474c82472a2ca0d619426439f1
URL: https://github.com/brltty/brltty/commit/358a11a928cdca474c82472a2ca0d619426439f1
Project Name: brltty
License: LGPL-2.1
termination: FALSE
*/
int main()
{
    int i = 0;
    int base = __VERIFIER_nondet_int();
    int count = __VERIFIER_nondet_int();
    int old_[10];
    int new_[10];
    for( int j = 0 ; j < 9 ; j++ )
    {
        old_[j] = __VERIFIER_nondet_int();
        new_[j] = __VERIFIER_nondet_int();
    }
    old_[9] = 0;
    new_[9] = 0;
    while(1)
    {
        int number = base;
        while( old_[i] != new_[i] )
        {
            if( ++number == count )
                goto done;
        }
        i++;
        base += 8;
    }
done:
    return 0;
}

"
24,NT,"main:base:1=1
main:count:1=0
main:old_:1={1,0,0,0,0,0,0,0,0,0}
main:new_:1={0,0,0,0,0,0,0,0,0,0}
",,DUPLICATE,,false,,"You generate concrete values for nondeterministic inputs in a C/C++ program.
Your goal is to produce ONE complete assignment set that is likely to make the program not terminate.

Important rules:
1. Return a value for EVERY listed nondeterministic input ID.
2. Use each ID exactly once.
3. Respect the declared C/C++ type.
4. For an array, return the value as an array containing exactly the required number of elements.
5. For char arrays, each element must be exactly one character. Return the character itself without C single quotes.
6. Prefer small-magnitude values unless larger values are necessary to achieve the requested execution behavior.

Nondeterministic inputs:
- id: main:base:1, type: int
- id: main:count:1, type: int
- id: main:old_:1, type: int, array: true, size: 10, required elements: 10
- id: main:new_:1, type: int, array: true, size: 10, required elements: 10

Previously generated assignment sets are listed below. Generate a materially different set and do not duplicate any of them.
Previous 1: main:base:1=2; main:count:1=5; main:old_:1={0,0,0,0,0,0,0,0,0,0}; main:new_:1={1,0,0,0,0,0,0,0,0,0}; 
Previous 2: main:base:1=3; main:count:1=10; main:old_:1={0,0,0,0,0,0,0,0,0,0}; main:new_:1={0,0,0,1,0,0,0,0,0,0}; 
Previous 3: main:base:1=1; main:count:1=10; main:old_:1={0,2,3,4,5,6,7,8,9,0}; main:new_:1={1,2,3,4,5,6,7,8,9,0}; 
Previous 4: main:base:1=0; main:count:1=1; main:old_:1={0,0,0,0,0,0,0,0,0,0}; main:new_:1={1,0,0,0,0,0,0,0,0,0}; 
Previous 5: main:base:1=4; main:count:1=5; main:old_:1={1,0,0,0,0,0,0,0,0,0}; main:new_:1={0,0,0,0,0,0,0,0,0,0}; 
Previous 6: main:base:1=0; main:count:1=3; main:old_:1={0,0,0,0,0,0,0,0,0,0}; main:new_:1={1,0,0,0,0,0,0,0,0,0}; 
Previous 7: main:base:1=4; main:count:1=9; main:old_:1={0,1,2,3,4,5,6,7,8,0}; main:new_:1={1,1,2,3,4,5,6,7,8,0}; 
Previous 8: main:base:1=1; main:count:1=3; main:old_:1={0,0,0,0,0,0,0,0,0,0}; main:new_:1={1,0,0,0,0,0,0,0,0,0}; 
Previous 9: main:base:1=0; main:count:1=5; main:old_:1={0,0,0,0,0,0,0,0,0,0}; main:new_:1={5,0,0,0,0,0,0,0,0,0}; 
Previous 10: main:base:1=2022; main:count:1=2022; main:old_:1={0,0,0,0,0,0,0,0,0,0}; main:new_:1={3,0,0,0,0,0,0,0,0,0}; 
Previous 11: main:base:1=5; main:count:1=0; main:old_:1={1,2,3,4,5,6,7,8,9,0}; main:new_:1={2,3,4,5,6,7,8,9,0,0}; 
Previous 12: main:base:1=1; main:count:1=0; main:old_:1={1,0,0,0,0,0,0,0,0,0}; main:new_:1={2,0,0,0,0,0,0,0,0,0}; 
Previous 13: main:base:1=0; main:count:1=0; main:old_:1={0,0,0,0,0,0,0,0,0,0}; main:new_:1={0,0,0,0,0,0,0,0,0,0}; 
Previous 14: main:base:1=7; main:count:1=0; main:old_:1={5,0,0,0,0,0,0,0,0,0}; main:new_:1={0,0,0,0,0,0,0,0,0,0}; 
Previous 15: main:base:1=5; main:count:1=2; main:old_:1={1,1,1,1,1,1,1,1,1,1}; main:new_:1={1,1,1,1,1,1,1,1,1,1}; 
Previous 16: main:base:1=10; main:count:1=5; main:old_:1={1,0,0,0,0,0,0,0,0,0}; main:new_:1={0,0,0,0,0,0,0,0,0,0}; 
Previous 17: main:base:1=0; main:count:1=9999; main:old_:1={0,0,0,0,0,0,0,0,0,0}; main:new_:1={0,0,0,0,0,0,0,0,0,0}; 
Previous 18: main:base:1=2; main:count:1=1; main:old_:1={1,0,0,0,0,0,0,0,0,0}; main:new_:1={0,0,0,0,0,0,0,0,0,0}; 
Previous 19: main:base:1=5; main:count:1=3; main:old_:1={0,0,0,0,0,0,0,0,0,0}; main:new_:1={1,0,0,0,0,0,0,0,0,0}; 
Previous 20: main:base:1=0; main:count:1=0; main:old_:1={2,2,2,2,2,2,2,2,2,2}; main:new_:1={2,2,2,2,2,2,2,2,2,2}; 
Previous 21: main:base:1=1; main:count:1=0; main:old_:1={1,0,0,0,0,0,0,0,0,0}; main:new_:1={0,0,0,0,0,0,0,0,0,0}; 
Previous 22: main:base:1=0; main:count:1=0; main:old_:1={1,0,0,0,0,0,0,0,0,0}; main:new_:1={0,0,0,0,0,0,0,0,0,0}; 

Program:
extern int __VERIFIER_nondet_int(void);
/*
Commit Number: 358a11a928cdca474c82472a2ca0d619426439f1
URL: https://github.com/brltty/brltty/commit/358a11a928cdca474c82472a2ca0d619426439f1
Project Name: brltty
License: LGPL-2.1
termination: FALSE
*/
int main()
{
    int i = 0;
    int base = __VERIFIER_nondet_int();
    int count = __VERIFIER_nondet_int();
    int old_[10];
    int new_[10];
    for( int j = 0 ; j < 9 ; j++ )
    {
        old_[j] = __VERIFIER_nondet_int();
        new_[j] = __VERIFIER_nondet_int();
    }
    old_[9] = 0;
    new_[9] = 0;
    while(1)
    {
        int number = base;
        while( old_[i] != new_[i] )
        {
            if( ++number == count )
                goto done;
        }
        i++;
        base += 8;
    }
done:
    return 0;
}

"
25,NT,"main:base:1=7
main:count:1=99
main:old_:1={33333333333333333333333333333333333,33333333333333333333333333333333333,333333333333333333,0,0,0,0,0,0,0}
main:new_:1={13,13,13,13,13,13,13,13,13,0}
",,COMPILE_ERROR,,false,Compiler returned nonzero status,"You generate concrete values for nondeterministic inputs in a C/C++ program.
Your goal is to produce ONE complete assignment set that is likely to make the program not terminate.

Important rules:
1. Return a value for EVERY listed nondeterministic input ID.
2. Use each ID exactly once.
3. Respect the declared C/C++ type.
4. For an array, return the value as an array containing exactly the required number of elements.
5. For char arrays, each element must be exactly one character. Return the character itself without C single quotes.
6. Prefer small-magnitude values unless larger values are necessary to achieve the requested execution behavior.

Nondeterministic inputs:
- id: main:base:1, type: int
- id: main:count:1, type: int
- id: main:old_:1, type: int, array: true, size: 10, required elements: 10
- id: main:new_:1, type: int, array: true, size: 10, required elements: 10

Previously generated assignment sets are listed below. Generate a materially different set and do not duplicate any of them.
Previous 1: main:base:1=2; main:count:1=5; main:old_:1={0,0,0,0,0,0,0,0,0,0}; main:new_:1={1,0,0,0,0,0,0,0,0,0}; 
Previous 2: main:base:1=3; main:count:1=10; main:old_:1={0,0,0,0,0,0,0,0,0,0}; main:new_:1={0,0,0,1,0,0,0,0,0,0}; 
Previous 3: main:base:1=1; main:count:1=10; main:old_:1={0,2,3,4,5,6,7,8,9,0}; main:new_:1={1,2,3,4,5,6,7,8,9,0}; 
Previous 4: main:base:1=0; main:count:1=1; main:old_:1={0,0,0,0,0,0,0,0,0,0}; main:new_:1={1,0,0,0,0,0,0,0,0,0}; 
Previous 5: main:base:1=4; main:count:1=5; main:old_:1={1,0,0,0,0,0,0,0,0,0}; main:new_:1={0,0,0,0,0,0,0,0,0,0}; 
Previous 6: main:base:1=0; main:count:1=3; main:old_:1={0,0,0,0,0,0,0,0,0,0}; main:new_:1={1,0,0,0,0,0,0,0,0,0}; 
Previous 7: main:base:1=4; main:count:1=9; main:old_:1={0,1,2,3,4,5,6,7,8,0}; main:new_:1={1,1,2,3,4,5,6,7,8,0}; 
Previous 8: main:base:1=1; main:count:1=3; main:old_:1={0,0,0,0,0,0,0,0,0,0}; main:new_:1={1,0,0,0,0,0,0,0,0,0}; 
Previous 9: main:base:1=0; main:count:1=5; main:old_:1={0,0,0,0,0,0,0,0,0,0}; main:new_:1={5,0,0,0,0,0,0,0,0,0}; 
Previous 10: main:base:1=2022; main:count:1=2022; main:old_:1={0,0,0,0,0,0,0,0,0,0}; main:new_:1={3,0,0,0,0,0,0,0,0,0}; 
Previous 11: main:base:1=5; main:count:1=0; main:old_:1={1,2,3,4,5,6,7,8,9,0}; main:new_:1={2,3,4,5,6,7,8,9,0,0}; 
Previous 12: main:base:1=1; main:count:1=0; main:old_:1={1,0,0,0,0,0,0,0,0,0}; main:new_:1={2,0,0,0,0,0,0,0,0,0}; 
Previous 13: main:base:1=0; main:count:1=0; main:old_:1={0,0,0,0,0,0,0,0,0,0}; main:new_:1={0,0,0,0,0,0,0,0,0,0}; 
Previous 14: main:base:1=7; main:count:1=0; main:old_:1={5,0,0,0,0,0,0,0,0,0}; main:new_:1={0,0,0,0,0,0,0,0,0,0}; 
Previous 15: main:base:1=5; main:count:1=2; main:old_:1={1,1,1,1,1,1,1,1,1,1}; main:new_:1={1,1,1,1,1,1,1,1,1,1}; 
Previous 16: main:base:1=10; main:count:1=5; main:old_:1={1,0,0,0,0,0,0,0,0,0}; main:new_:1={0,0,0,0,0,0,0,0,0,0}; 
Previous 17: main:base:1=0; main:count:1=9999; main:old_:1={0,0,0,0,0,0,0,0,0,0}; main:new_:1={0,0,0,0,0,0,0,0,0,0}; 
Previous 18: main:base:1=2; main:count:1=1; main:old_:1={1,0,0,0,0,0,0,0,0,0}; main:new_:1={0,0,0,0,0,0,0,0,0,0}; 
Previous 19: main:base:1=5; main:count:1=3; main:old_:1={0,0,0,0,0,0,0,0,0,0}; main:new_:1={1,0,0,0,0,0,0,0,0,0}; 
Previous 20: main:base:1=0; main:count:1=0; main:old_:1={2,2,2,2,2,2,2,2,2,2}; main:new_:1={2,2,2,2,2,2,2,2,2,2}; 
Previous 21: main:base:1=1; main:count:1=0; main:old_:1={1,0,0,0,0,0,0,0,0,0}; main:new_:1={0,0,0,0,0,0,0,0,0,0}; 
Previous 22: main:base:1=0; main:count:1=0; main:old_:1={1,0,0,0,0,0,0,0,0,0}; main:new_:1={0,0,0,0,0,0,0,0,0,0}; 

Program:
extern int __VERIFIER_nondet_int(void);
/*
Commit Number: 358a11a928cdca474c82472a2ca0d619426439f1
URL: https://github.com/brltty/brltty/commit/358a11a928cdca474c82472a2ca0d619426439f1
Project Name: brltty
License: LGPL-2.1
termination: FALSE
*/
int main()
{
    int i = 0;
    int base = __VERIFIER_nondet_int();
    int count = __VERIFIER_nondet_int();
    int old_[10];
    int new_[10];
    for( int j = 0 ; j < 9 ; j++ )
    {
        old_[j] = __VERIFIER_nondet_int();
        new_[j] = __VERIFIER_nondet_int();
    }
    old_[9] = 0;
    new_[9] = 0;
    while(1)
    {
        int number = base;
        while( old_[i] != new_[i] )
        {
            if( ++number == count )
                goto done;
        }
        i++;
        base += 8;
    }
done:
    return 0;
}

"
26,NT,"main:base:1=1
main:count:1=1
main:old_:1={1,0,0,0,0,0,0,0,0,0}
main:new_:1={0,0,0,0,0,0,0,0,0,0}
",,COMPLETED,T,false,,"You generate concrete values for nondeterministic inputs in a C/C++ program.
Your goal is to produce ONE complete assignment set that is likely to make the program not terminate.

Important rules:
1. Return a value for EVERY listed nondeterministic input ID.
2. Use each ID exactly once.
3. Respect the declared C/C++ type.
4. For an array, return the value as an array containing exactly the required number of elements.
5. For char arrays, each element must be exactly one character. Return the character itself without C single quotes.
6. Prefer small-magnitude values unless larger values are necessary to achieve the requested execution behavior.

Nondeterministic inputs:
- id: main:base:1, type: int
- id: main:count:1, type: int
- id: main:old_:1, type: int, array: true, size: 10, required elements: 10
- id: main:new_:1, type: int, array: true, size: 10, required elements: 10

Previously generated assignment sets are listed below. Generate a materially different set and do not duplicate any of them.
Previous 1: main:base:1=2; main:count:1=5; main:old_:1={0,0,0,0,0,0,0,0,0,0}; main:new_:1={1,0,0,0,0,0,0,0,0,0}; 
Previous 2: main:base:1=3; main:count:1=10; main:old_:1={0,0,0,0,0,0,0,0,0,0}; main:new_:1={0,0,0,1,0,0,0,0,0,0}; 
Previous 3: main:base:1=1; main:count:1=10; main:old_:1={0,2,3,4,5,6,7,8,9,0}; main:new_:1={1,2,3,4,5,6,7,8,9,0}; 
Previous 4: main:base:1=0; main:count:1=1; main:old_:1={0,0,0,0,0,0,0,0,0,0}; main:new_:1={1,0,0,0,0,0,0,0,0,0}; 
Previous 5: main:base:1=4; main:count:1=5; main:old_:1={1,0,0,0,0,0,0,0,0,0}; main:new_:1={0,0,0,0,0,0,0,0,0,0}; 
Previous 6: main:base:1=0; main:count:1=3; main:old_:1={0,0,0,0,0,0,0,0,0,0}; main:new_:1={1,0,0,0,0,0,0,0,0,0}; 
Previous 7: main:base:1=4; main:count:1=9; main:old_:1={0,1,2,3,4,5,6,7,8,0}; main:new_:1={1,1,2,3,4,5,6,7,8,0}; 
Previous 8: main:base:1=1; main:count:1=3; main:old_:1={0,0,0,0,0,0,0,0,0,0}; main:new_:1={1,0,0,0,0,0,0,0,0,0}; 
Previous 9: main:base:1=0; main:count:1=5; main:old_:1={0,0,0,0,0,0,0,0,0,0}; main:new_:1={5,0,0,0,0,0,0,0,0,0}; 
Previous 10: main:base:1=2022; main:count:1=2022; main:old_:1={0,0,0,0,0,0,0,0,0,0}; main:new_:1={3,0,0,0,0,0,0,0,0,0}; 
Previous 11: main:base:1=5; main:count:1=0; main:old_:1={1,2,3,4,5,6,7,8,9,0}; main:new_:1={2,3,4,5,6,7,8,9,0,0}; 
Previous 12: main:base:1=1; main:count:1=0; main:old_:1={1,0,0,0,0,0,0,0,0,0}; main:new_:1={2,0,0,0,0,0,0,0,0,0}; 
Previous 13: main:base:1=0; main:count:1=0; main:old_:1={0,0,0,0,0,0,0,0,0,0}; main:new_:1={0,0,0,0,0,0,0,0,0,0}; 
Previous 14: main:base:1=7; main:count:1=0; main:old_:1={5,0,0,0,0,0,0,0,0,0}; main:new_:1={0,0,0,0,0,0,0,0,0,0}; 
Previous 15: main:base:1=5; main:count:1=2; main:old_:1={1,1,1,1,1,1,1,1,1,1}; main:new_:1={1,1,1,1,1,1,1,1,1,1}; 
Previous 16: main:base:1=10; main:count:1=5; main:old_:1={1,0,0,0,0,0,0,0,0,0}; main:new_:1={0,0,0,0,0,0,0,0,0,0}; 
Previous 17: main:base:1=0; main:count:1=9999; main:old_:1={0,0,0,0,0,0,0,0,0,0}; main:new_:1={0,0,0,0,0,0,0,0,0,0}; 
Previous 18: main:base:1=2; main:count:1=1; main:old_:1={1,0,0,0,0,0,0,0,0,0}; main:new_:1={0,0,0,0,0,0,0,0,0,0}; 
Previous 19: main:base:1=5; main:count:1=3; main:old_:1={0,0,0,0,0,0,0,0,0,0}; main:new_:1={1,0,0,0,0,0,0,0,0,0}; 
Previous 20: main:base:1=0; main:count:1=0; main:old_:1={2,2,2,2,2,2,2,2,2,2}; main:new_:1={2,2,2,2,2,2,2,2,2,2}; 
Previous 21: main:base:1=1; main:count:1=0; main:old_:1={1,0,0,0,0,0,0,0,0,0}; main:new_:1={0,0,0,0,0,0,0,0,0,0}; 
Previous 22: main:base:1=0; main:count:1=0; main:old_:1={1,0,0,0,0,0,0,0,0,0}; main:new_:1={0,0,0,0,0,0,0,0,0,0}; 

Program:
extern int __VERIFIER_nondet_int(void);
/*
Commit Number: 358a11a928cdca474c82472a2ca0d619426439f1
URL: https://github.com/brltty/brltty/commit/358a11a928cdca474c82472a2ca0d619426439f1
Project Name: brltty
License: LGPL-2.1
termination: FALSE
*/
int main()
{
    int i = 0;
    int base = __VERIFIER_nondet_int();
    int count = __VERIFIER_nondet_int();
    int old_[10];
    int new_[10];
    for( int j = 0 ; j < 9 ; j++ )
    {
        old_[j] = __VERIFIER_nondet_int();
        new_[j] = __VERIFIER_nondet_int();
    }
    old_[9] = 0;
    new_[9] = 0;
    while(1)
    {
        int number = base;
        while( old_[i] != new_[i] )
        {
            if( ++number == count )
                goto done;
        }
        i++;
        base += 8;
    }
done:
    return 0;
}

"
27,NT,"main:base:1=1
main:count:1=0
main:old_:1={1,0,0,0,0,0,0,0,0,0}
main:new_:1={2,0,0,0,0,0,0,0,0,0}
",,DUPLICATE,,false,,"You generate concrete values for nondeterministic inputs in a C/C++ program.
Your goal is to produce ONE complete assignment set that is likely to make the program not terminate.

Important rules:
1. Return a value for EVERY listed nondeterministic input ID.
2. Use each ID exactly once.
3. Respect the declared C/C++ type.
4. For an array, return the value as an array containing exactly the required number of elements.
5. For char arrays, each element must be exactly one character. Return the character itself without C single quotes.
6. Prefer small-magnitude values unless larger values are necessary to achieve the requested execution behavior.

Nondeterministic inputs:
- id: main:base:1, type: int
- id: main:count:1, type: int
- id: main:old_:1, type: int, array: true, size: 10, required elements: 10
- id: main:new_:1, type: int, array: true, size: 10, required elements: 10

Previously generated assignment sets are listed below. Generate a materially different set and do not duplicate any of them.
Previous 1: main:base:1=2; main:count:1=5; main:old_:1={0,0,0,0,0,0,0,0,0,0}; main:new_:1={1,0,0,0,0,0,0,0,0,0}; 
Previous 2: main:base:1=3; main:count:1=10; main:old_:1={0,0,0,0,0,0,0,0,0,0}; main:new_:1={0,0,0,1,0,0,0,0,0,0}; 
Previous 3: main:base:1=1; main:count:1=10; main:old_:1={0,2,3,4,5,6,7,8,9,0}; main:new_:1={1,2,3,4,5,6,7,8,9,0}; 
Previous 4: main:base:1=0; main:count:1=1; main:old_:1={0,0,0,0,0,0,0,0,0,0}; main:new_:1={1,0,0,0,0,0,0,0,0,0}; 
Previous 5: main:base:1=4; main:count:1=5; main:old_:1={1,0,0,0,0,0,0,0,0,0}; main:new_:1={0,0,0,0,0,0,0,0,0,0}; 
Previous 6: main:base:1=0; main:count:1=3; main:old_:1={0,0,0,0,0,0,0,0,0,0}; main:new_:1={1,0,0,0,0,0,0,0,0,0}; 
Previous 7: main:base:1=4; main:count:1=9; main:old_:1={0,1,2,3,4,5,6,7,8,0}; main:new_:1={1,1,2,3,4,5,6,7,8,0}; 
Previous 8: main:base:1=1; main:count:1=3; main:old_:1={0,0,0,0,0,0,0,0,0,0}; main:new_:1={1,0,0,0,0,0,0,0,0,0}; 
Previous 9: main:base:1=0; main:count:1=5; main:old_:1={0,0,0,0,0,0,0,0,0,0}; main:new_:1={5,0,0,0,0,0,0,0,0,0}; 
Previous 10: main:base:1=2022; main:count:1=2022; main:old_:1={0,0,0,0,0,0,0,0,0,0}; main:new_:1={3,0,0,0,0,0,0,0,0,0}; 
Previous 11: main:base:1=5; main:count:1=0; main:old_:1={1,2,3,4,5,6,7,8,9,0}; main:new_:1={2,3,4,5,6,7,8,9,0,0}; 
Previous 12: main:base:1=1; main:count:1=0; main:old_:1={1,0,0,0,0,0,0,0,0,0}; main:new_:1={2,0,0,0,0,0,0,0,0,0}; 
Previous 13: main:base:1=0; main:count:1=0; main:old_:1={0,0,0,0,0,0,0,0,0,0}; main:new_:1={0,0,0,0,0,0,0,0,0,0}; 
Previous 14: main:base:1=7; main:count:1=0; main:old_:1={5,0,0,0,0,0,0,0,0,0}; main:new_:1={0,0,0,0,0,0,0,0,0,0}; 
Previous 15: main:base:1=5; main:count:1=2; main:old_:1={1,1,1,1,1,1,1,1,1,1}; main:new_:1={1,1,1,1,1,1,1,1,1,1}; 
Previous 16: main:base:1=10; main:count:1=5; main:old_:1={1,0,0,0,0,0,0,0,0,0}; main:new_:1={0,0,0,0,0,0,0,0,0,0}; 
Previous 17: main:base:1=0; main:count:1=9999; main:old_:1={0,0,0,0,0,0,0,0,0,0}; main:new_:1={0,0,0,0,0,0,0,0,0,0}; 
Previous 18: main:base:1=2; main:count:1=1; main:old_:1={1,0,0,0,0,0,0,0,0,0}; main:new_:1={0,0,0,0,0,0,0,0,0,0}; 
Previous 19: main:base:1=5; main:count:1=3; main:old_:1={0,0,0,0,0,0,0,0,0,0}; main:new_:1={1,0,0,0,0,0,0,0,0,0}; 
Previous 20: main:base:1=0; main:count:1=0; main:old_:1={2,2,2,2,2,2,2,2,2,2}; main:new_:1={2,2,2,2,2,2,2,2,2,2}; 
Previous 21: main:base:1=1; main:count:1=0; main:old_:1={1,0,0,0,0,0,0,0,0,0}; main:new_:1={0,0,0,0,0,0,0,0,0,0}; 
Previous 22: main:base:1=0; main:count:1=0; main:old_:1={1,0,0,0,0,0,0,0,0,0}; main:new_:1={0,0,0,0,0,0,0,0,0,0}; 
Previous 23: main:base:1=1; main:count:1=1; main:old_:1={1,0,0,0,0,0,0,0,0,0}; main:new_:1={0,0,0,0,0,0,0,0,0,0}; 

Program:
extern int __VERIFIER_nondet_int(void);
/*
Commit Number: 358a11a928cdca474c82472a2ca0d619426439f1
URL: https://github.com/brltty/brltty/commit/358a11a928cdca474c82472a2ca0d619426439f1
Project Name: brltty
License: LGPL-2.1
termination: FALSE
*/
int main()
{
    int i = 0;
    int base = __VERIFIER_nondet_int();
    int count = __VERIFIER_nondet_int();
    int old_[10];
    int new_[10];
    for( int j = 0 ; j < 9 ; j++ )
    {
        old_[j] = __VERIFIER_nondet_int();
        new_[j] = __VERIFIER_nondet_int();
    }
    old_[9] = 0;
    new_[9] = 0;
    while(1)
    {
        int number = base;
        while( old_[i] != new_[i] )
        {
            if( ++number == count )
                goto done;
        }
        i++;
        base += 8;
    }
done:
    return 0;
}

"
28,NT,"main:base:1=5
main:count:1=-1
main:old_:1={1,0,0,0,0,0,0,0,0,0}
main:new_:1={2,0,0,0,0,0,0,0,0,0}
",,COMPLETED,T,false,,"You generate concrete values for nondeterministic inputs in a C/C++ program.
Your goal is to produce ONE complete assignment set that is likely to make the program not terminate.

Important rules:
1. Return a value for EVERY listed nondeterministic input ID.
2. Use each ID exactly once.
3. Respect the declared C/C++ type.
4. For an array, return the value as an array containing exactly the required number of elements.
5. For char arrays, each element must be exactly one character. Return the character itself without C single quotes.
6. Prefer small-magnitude values unless larger values are necessary to achieve the requested execution behavior.

Nondeterministic inputs:
- id: main:base:1, type: int
- id: main:count:1, type: int
- id: main:old_:1, type: int, array: true, size: 10, required elements: 10
- id: main:new_:1, type: int, array: true, size: 10, required elements: 10

Previously generated assignment sets are listed below. Generate a materially different set and do not duplicate any of them.
Previous 1: main:base:1=2; main:count:1=5; main:old_:1={0,0,0,0,0,0,0,0,0,0}; main:new_:1={1,0,0,0,0,0,0,0,0,0}; 
Previous 2: main:base:1=3; main:count:1=10; main:old_:1={0,0,0,0,0,0,0,0,0,0}; main:new_:1={0,0,0,1,0,0,0,0,0,0}; 
Previous 3: main:base:1=1; main:count:1=10; main:old_:1={0,2,3,4,5,6,7,8,9,0}; main:new_:1={1,2,3,4,5,6,7,8,9,0}; 
Previous 4: main:base:1=0; main:count:1=1; main:old_:1={0,0,0,0,0,0,0,0,0,0}; main:new_:1={1,0,0,0,0,0,0,0,0,0}; 
Previous 5: main:base:1=4; main:count:1=5; main:old_:1={1,0,0,0,0,0,0,0,0,0}; main:new_:1={0,0,0,0,0,0,0,0,0,0}; 
Previous 6: main:base:1=0; main:count:1=3; main:old_:1={0,0,0,0,0,0,0,0,0,0}; main:new_:1={1,0,0,0,0,0,0,0,0,0}; 
Previous 7: main:base:1=4; main:count:1=9; main:old_:1={0,1,2,3,4,5,6,7,8,0}; main:new_:1={1,1,2,3,4,5,6,7,8,0}; 
Previous 8: main:base:1=1; main:count:1=3; main:old_:1={0,0,0,0,0,0,0,0,0,0}; main:new_:1={1,0,0,0,0,0,0,0,0,0}; 
Previous 9: main:base:1=0; main:count:1=5; main:old_:1={0,0,0,0,0,0,0,0,0,0}; main:new_:1={5,0,0,0,0,0,0,0,0,0}; 
Previous 10: main:base:1=2022; main:count:1=2022; main:old_:1={0,0,0,0,0,0,0,0,0,0}; main:new_:1={3,0,0,0,0,0,0,0,0,0}; 
Previous 11: main:base:1=5; main:count:1=0; main:old_:1={1,2,3,4,5,6,7,8,9,0}; main:new_:1={2,3,4,5,6,7,8,9,0,0}; 
Previous 12: main:base:1=1; main:count:1=0; main:old_:1={1,0,0,0,0,0,0,0,0,0}; main:new_:1={2,0,0,0,0,0,0,0,0,0}; 
Previous 13: main:base:1=0; main:count:1=0; main:old_:1={0,0,0,0,0,0,0,0,0,0}; main:new_:1={0,0,0,0,0,0,0,0,0,0}; 
Previous 14: main:base:1=7; main:count:1=0; main:old_:1={5,0,0,0,0,0,0,0,0,0}; main:new_:1={0,0,0,0,0,0,0,0,0,0}; 
Previous 15: main:base:1=5; main:count:1=2; main:old_:1={1,1,1,1,1,1,1,1,1,1}; main:new_:1={1,1,1,1,1,1,1,1,1,1}; 
Previous 16: main:base:1=10; main:count:1=5; main:old_:1={1,0,0,0,0,0,0,0,0,0}; main:new_:1={0,0,0,0,0,0,0,0,0,0}; 
Previous 17: main:base:1=0; main:count:1=9999; main:old_:1={0,0,0,0,0,0,0,0,0,0}; main:new_:1={0,0,0,0,0,0,0,0,0,0}; 
Previous 18: main:base:1=2; main:count:1=1; main:old_:1={1,0,0,0,0,0,0,0,0,0}; main:new_:1={0,0,0,0,0,0,0,0,0,0}; 
Previous 19: main:base:1=5; main:count:1=3; main:old_:1={0,0,0,0,0,0,0,0,0,0}; main:new_:1={1,0,0,0,0,0,0,0,0,0}; 
Previous 20: main:base:1=0; main:count:1=0; main:old_:1={2,2,2,2,2,2,2,2,2,2}; main:new_:1={2,2,2,2,2,2,2,2,2,2}; 
Previous 21: main:base:1=1; main:count:1=0; main:old_:1={1,0,0,0,0,0,0,0,0,0}; main:new_:1={0,0,0,0,0,0,0,0,0,0}; 
Previous 22: main:base:1=0; main:count:1=0; main:old_:1={1,0,0,0,0,0,0,0,0,0}; main:new_:1={0,0,0,0,0,0,0,0,0,0}; 
Previous 23: main:base:1=1; main:count:1=1; main:old_:1={1,0,0,0,0,0,0,0,0,0}; main:new_:1={0,0,0,0,0,0,0,0,0,0}; 

Program:
extern int __VERIFIER_nondet_int(void);
/*
Commit Number: 358a11a928cdca474c82472a2ca0d619426439f1
URL: https://github.com/brltty/brltty/commit/358a11a928cdca474c82472a2ca0d619426439f1
Project Name: brltty
License: LGPL-2.1
termination: FALSE
*/
int main()
{
    int i = 0;
    int base = __VERIFIER_nondet_int();
    int count = __VERIFIER_nondet_int();
    int old_[10];
    int new_[10];
    for( int j = 0 ; j < 9 ; j++ )
    {
        old_[j] = __VERIFIER_nondet_int();
        new_[j] = __VERIFIER_nondet_int();
    }
    old_[9] = 0;
    new_[9] = 0;
    while(1)
    {
        int number = base;
        while( old_[i] != new_[i] )
        {
            if( ++number == count )
                goto done;
        }
        i++;
        base += 8;
    }
done:
    return 0;
}

"
29,NT,"main:base:1=1000
main:count:1=0
main:old_:1={0,0,0,0,0,0,0,0,0,0}
main:new_:1={1,1,1,1,1,1,1,1,1,0}
",,COMPLETED,T,false,,"You generate concrete values for nondeterministic inputs in a C/C++ program.
Your goal is to produce ONE complete assignment set that is likely to make the program not terminate.

Important rules:
1. Return a value for EVERY listed nondeterministic input ID.
2. Use each ID exactly once.
3. Respect the declared C/C++ type.
4. For an array, return the value as an array containing exactly the required number of elements.
5. For char arrays, each element must be exactly one character. Return the character itself without C single quotes.
6. Prefer small-magnitude values unless larger values are necessary to achieve the requested execution behavior.

Nondeterministic inputs:
- id: main:base:1, type: int
- id: main:count:1, type: int
- id: main:old_:1, type: int, array: true, size: 10, required elements: 10
- id: main:new_:1, type: int, array: true, size: 10, required elements: 10

Previously generated assignment sets are listed below. Generate a materially different set and do not duplicate any of them.
Previous 1: main:base:1=2; main:count:1=5; main:old_:1={0,0,0,0,0,0,0,0,0,0}; main:new_:1={1,0,0,0,0,0,0,0,0,0}; 
Previous 2: main:base:1=3; main:count:1=10; main:old_:1={0,0,0,0,0,0,0,0,0,0}; main:new_:1={0,0,0,1,0,0,0,0,0,0}; 
Previous 3: main:base:1=1; main:count:1=10; main:old_:1={0,2,3,4,5,6,7,8,9,0}; main:new_:1={1,2,3,4,5,6,7,8,9,0}; 
Previous 4: main:base:1=0; main:count:1=1; main:old_:1={0,0,0,0,0,0,0,0,0,0}; main:new_:1={1,0,0,0,0,0,0,0,0,0}; 
Previous 5: main:base:1=4; main:count:1=5; main:old_:1={1,0,0,0,0,0,0,0,0,0}; main:new_:1={0,0,0,0,0,0,0,0,0,0}; 
Previous 6: main:base:1=0; main:count:1=3; main:old_:1={0,0,0,0,0,0,0,0,0,0}; main:new_:1={1,0,0,0,0,0,0,0,0,0}; 
Previous 7: main:base:1=4; main:count:1=9; main:old_:1={0,1,2,3,4,5,6,7,8,0}; main:new_:1={1,1,2,3,4,5,6,7,8,0}; 
Previous 8: main:base:1=1; main:count:1=3; main:old_:1={0,0,0,0,0,0,0,0,0,0}; main:new_:1={1,0,0,0,0,0,0,0,0,0}; 
Previous 9: main:base:1=0; main:count:1=5; main:old_:1={0,0,0,0,0,0,0,0,0,0}; main:new_:1={5,0,0,0,0,0,0,0,0,0}; 
Previous 10: main:base:1=2022; main:count:1=2022; main:old_:1={0,0,0,0,0,0,0,0,0,0}; main:new_:1={3,0,0,0,0,0,0,0,0,0}; 
Previous 11: main:base:1=5; main:count:1=0; main:old_:1={1,2,3,4,5,6,7,8,9,0}; main:new_:1={2,3,4,5,6,7,8,9,0,0}; 
Previous 12: main:base:1=1; main:count:1=0; main:old_:1={1,0,0,0,0,0,0,0,0,0}; main:new_:1={2,0,0,0,0,0,0,0,0,0}; 
Previous 13: main:base:1=0; main:count:1=0; main:old_:1={0,0,0,0,0,0,0,0,0,0}; main:new_:1={0,0,0,0,0,0,0,0,0,0}; 
Previous 14: main:base:1=7; main:count:1=0; main:old_:1={5,0,0,0,0,0,0,0,0,0}; main:new_:1={0,0,0,0,0,0,0,0,0,0}; 
Previous 15: main:base:1=5; main:count:1=2; main:old_:1={1,1,1,1,1,1,1,1,1,1}; main:new_:1={1,1,1,1,1,1,1,1,1,1}; 
Previous 16: main:base:1=10; main:count:1=5; main:old_:1={1,0,0,0,0,0,0,0,0,0}; main:new_:1={0,0,0,0,0,0,0,0,0,0}; 
Previous 17: main:base:1=0; main:count:1=9999; main:old_:1={0,0,0,0,0,0,0,0,0,0}; main:new_:1={0,0,0,0,0,0,0,0,0,0}; 
Previous 18: main:base:1=2; main:count:1=1; main:old_:1={1,0,0,0,0,0,0,0,0,0}; main:new_:1={0,0,0,0,0,0,0,0,0,0}; 
Previous 19: main:base:1=5; main:count:1=3; main:old_:1={0,0,0,0,0,0,0,0,0,0}; main:new_:1={1,0,0,0,0,0,0,0,0,0}; 
Previous 20: main:base:1=0; main:count:1=0; main:old_:1={2,2,2,2,2,2,2,2,2,2}; main:new_:1={2,2,2,2,2,2,2,2,2,2}; 
Previous 21: main:base:1=1; main:count:1=0; main:old_:1={1,0,0,0,0,0,0,0,0,0}; main:new_:1={0,0,0,0,0,0,0,0,0,0}; 
Previous 22: main:base:1=0; main:count:1=0; main:old_:1={1,0,0,0,0,0,0,0,0,0}; main:new_:1={0,0,0,0,0,0,0,0,0,0}; 
Previous 23: main:base:1=1; main:count:1=1; main:old_:1={1,0,0,0,0,0,0,0,0,0}; main:new_:1={0,0,0,0,0,0,0,0,0,0}; 
Previous 24: main:base:1=5; main:count:1=-1; main:old_:1={1,0,0,0,0,0,0,0,0,0}; main:new_:1={2,0,0,0,0,0,0,0,0,0}; 

Program:
extern int __VERIFIER_nondet_int(void);
/*
Commit Number: 358a11a928cdca474c82472a2ca0d619426439f1
URL: https://github.com/brltty/brltty/commit/358a11a928cdca474c82472a2ca0d619426439f1
Project Name: brltty
License: LGPL-2.1
termination: FALSE
*/
int main()
{
    int i = 0;
    int base = __VERIFIER_nondet_int();
    int count = __VERIFIER_nondet_int();
    int old_[10];
    int new_[10];
    for( int j = 0 ; j < 9 ; j++ )
    {
        old_[j] = __VERIFIER_nondet_int();
        new_[j] = __VERIFIER_nondet_int();
    }
    old_[9] = 0;
    new_[9] = 0;
    while(1)
    {
        int number = base;
        while( old_[i] != new_[i] )
        {
            if( ++number == count )
                goto done;
        }
        i++;
        base += 8;
    }
done:
    return 0;
}

"
30,NT,"main:base:1=10
main:count:1=0
main:old_:1={1,0,0,0,0,0,0,0,0,0}
main:new_:1={2,0,0,0,0,0,0,0,0,0}
",,COMPLETED,T,false,,"You generate concrete values for nondeterministic inputs in a C/C++ program.
Your goal is to produce ONE complete assignment set that is likely to make the program not terminate.

Important rules:
1. Return a value for EVERY listed nondeterministic input ID.
2. Use each ID exactly once.
3. Respect the declared C/C++ type.
4. For an array, return the value as an array containing exactly the required number of elements.
5. For char arrays, each element must be exactly one character. Return the character itself without C single quotes.
6. Prefer small-magnitude values unless larger values are necessary to achieve the requested execution behavior.

Nondeterministic inputs:
- id: main:base:1, type: int
- id: main:count:1, type: int
- id: main:old_:1, type: int, array: true, size: 10, required elements: 10
- id: main:new_:1, type: int, array: true, size: 10, required elements: 10

Previously generated assignment sets are listed below. Generate a materially different set and do not duplicate any of them.
Previous 1: main:base:1=2; main:count:1=5; main:old_:1={0,0,0,0,0,0,0,0,0,0}; main:new_:1={1,0,0,0,0,0,0,0,0,0}; 
Previous 2: main:base:1=3; main:count:1=10; main:old_:1={0,0,0,0,0,0,0,0,0,0}; main:new_:1={0,0,0,1,0,0,0,0,0,0}; 
Previous 3: main:base:1=1; main:count:1=10; main:old_:1={0,2,3,4,5,6,7,8,9,0}; main:new_:1={1,2,3,4,5,6,7,8,9,0}; 
Previous 4: main:base:1=0; main:count:1=1; main:old_:1={0,0,0,0,0,0,0,0,0,0}; main:new_:1={1,0,0,0,0,0,0,0,0,0}; 
Previous 5: main:base:1=4; main:count:1=5; main:old_:1={1,0,0,0,0,0,0,0,0,0}; main:new_:1={0,0,0,0,0,0,0,0,0,0}; 
Previous 6: main:base:1=0; main:count:1=3; main:old_:1={0,0,0,0,0,0,0,0,0,0}; main:new_:1={1,0,0,0,0,0,0,0,0,0}; 
Previous 7: main:base:1=4; main:count:1=9; main:old_:1={0,1,2,3,4,5,6,7,8,0}; main:new_:1={1,1,2,3,4,5,6,7,8,0}; 
Previous 8: main:base:1=1; main:count:1=3; main:old_:1={0,0,0,0,0,0,0,0,0,0}; main:new_:1={1,0,0,0,0,0,0,0,0,0}; 
Previous 9: main:base:1=0; main:count:1=5; main:old_:1={0,0,0,0,0,0,0,0,0,0}; main:new_:1={5,0,0,0,0,0,0,0,0,0}; 
Previous 10: main:base:1=2022; main:count:1=2022; main:old_:1={0,0,0,0,0,0,0,0,0,0}; main:new_:1={3,0,0,0,0,0,0,0,0,0}; 
Previous 11: main:base:1=5; main:count:1=0; main:old_:1={1,2,3,4,5,6,7,8,9,0}; main:new_:1={2,3,4,5,6,7,8,9,0,0}; 
Previous 12: main:base:1=1; main:count:1=0; main:old_:1={1,0,0,0,0,0,0,0,0,0}; main:new_:1={2,0,0,0,0,0,0,0,0,0}; 
Previous 13: main:base:1=0; main:count:1=0; main:old_:1={0,0,0,0,0,0,0,0,0,0}; main:new_:1={0,0,0,0,0,0,0,0,0,0}; 
Previous 14: main:base:1=7; main:count:1=0; main:old_:1={5,0,0,0,0,0,0,0,0,0}; main:new_:1={0,0,0,0,0,0,0,0,0,0}; 
Previous 15: main:base:1=5; main:count:1=2; main:old_:1={1,1,1,1,1,1,1,1,1,1}; main:new_:1={1,1,1,1,1,1,1,1,1,1}; 
Previous 16: main:base:1=10; main:count:1=5; main:old_:1={1,0,0,0,0,0,0,0,0,0}; main:new_:1={0,0,0,0,0,0,0,0,0,0}; 
Previous 17: main:base:1=0; main:count:1=9999; main:old_:1={0,0,0,0,0,0,0,0,0,0}; main:new_:1={0,0,0,0,0,0,0,0,0,0}; 
Previous 18: main:base:1=2; main:count:1=1; main:old_:1={1,0,0,0,0,0,0,0,0,0}; main:new_:1={0,0,0,0,0,0,0,0,0,0}; 
Previous 19: main:base:1=5; main:count:1=3; main:old_:1={0,0,0,0,0,0,0,0,0,0}; main:new_:1={1,0,0,0,0,0,0,0,0,0}; 
Previous 20: main:base:1=0; main:count:1=0; main:old_:1={2,2,2,2,2,2,2,2,2,2}; main:new_:1={2,2,2,2,2,2,2,2,2,2}; 
Previous 21: main:base:1=1; main:count:1=0; main:old_:1={1,0,0,0,0,0,0,0,0,0}; main:new_:1={0,0,0,0,0,0,0,0,0,0}; 
Previous 22: main:base:1=0; main:count:1=0; main:old_:1={1,0,0,0,0,0,0,0,0,0}; main:new_:1={0,0,0,0,0,0,0,0,0,0}; 
Previous 23: main:base:1=1; main:count:1=1; main:old_:1={1,0,0,0,0,0,0,0,0,0}; main:new_:1={0,0,0,0,0,0,0,0,0,0}; 
Previous 24: main:base:1=5; main:count:1=-1; main:old_:1={1,0,0,0,0,0,0,0,0,0}; main:new_:1={2,0,0,0,0,0,0,0,0,0}; 
Previous 25: main:base:1=1000; main:count:1=0; main:old_:1={0,0,0,0,0,0,0,0,0,0}; main:new_:1={1,1,1,1,1,1,1,1,1,0}; 

Program:
extern int __VERIFIER_nondet_int(void);
/*
Commit Number: 358a11a928cdca474c82472a2ca0d619426439f1
URL: https://github.com/brltty/brltty/commit/358a11a928cdca474c82472a2ca0d619426439f1
Project Name: brltty
License: LGPL-2.1
termination: FALSE
*/
int main()
{
    int i = 0;
    int base = __VERIFIER_nondet_int();
    int count = __VERIFIER_nondet_int();
    int old_[10];
    int new_[10];
    for( int j = 0 ; j < 9 ; j++ )
    {
        old_[j] = __VERIFIER_nondet_int();
        new_[j] = __VERIFIER_nondet_int();
    }
    old_[9] = 0;
    new_[9] = 0;
    while(1)
    {
        int number = base;
        while( old_[i] != new_[i] )
        {
            if( ++number == count )
                goto done;
        }
        i++;
        base += 8;
    }
done:
    return 0;
}

"
31,NT,"main:base:1=0
main:count:1=-1
main:old_:1={1,0,0,0,0,0,0,0,0,0}
main:new_:1={0,0,0,0,0,0,0,0,0,0}
",,COMPLETED,T,false,,"You generate concrete values for nondeterministic inputs in a C/C++ program.
Your goal is to produce ONE complete assignment set that is likely to make the program not terminate.

Important rules:
1. Return a value for EVERY listed nondeterministic input ID.
2. Use each ID exactly once.
3. Respect the declared C/C++ type.
4. For an array, return the value as an array containing exactly the required number of elements.
5. For char arrays, each element must be exactly one character. Return the character itself without C single quotes.
6. Prefer small-magnitude values unless larger values are necessary to achieve the requested execution behavior.

Nondeterministic inputs:
- id: main:base:1, type: int
- id: main:count:1, type: int
- id: main:old_:1, type: int, array: true, size: 10, required elements: 10
- id: main:new_:1, type: int, array: true, size: 10, required elements: 10

Previously generated assignment sets are listed below. Generate a materially different set and do not duplicate any of them.
Previous 1: main:base:1=2; main:count:1=5; main:old_:1={0,0,0,0,0,0,0,0,0,0}; main:new_:1={1,0,0,0,0,0,0,0,0,0}; 
Previous 2: main:base:1=3; main:count:1=10; main:old_:1={0,0,0,0,0,0,0,0,0,0}; main:new_:1={0,0,0,1,0,0,0,0,0,0}; 
Previous 3: main:base:1=1; main:count:1=10; main:old_:1={0,2,3,4,5,6,7,8,9,0}; main:new_:1={1,2,3,4,5,6,7,8,9,0}; 
Previous 4: main:base:1=0; main:count:1=1; main:old_:1={0,0,0,0,0,0,0,0,0,0}; main:new_:1={1,0,0,0,0,0,0,0,0,0}; 
Previous 5: main:base:1=4; main:count:1=5; main:old_:1={1,0,0,0,0,0,0,0,0,0}; main:new_:1={0,0,0,0,0,0,0,0,0,0}; 
Previous 6: main:base:1=0; main:count:1=3; main:old_:1={0,0,0,0,0,0,0,0,0,0}; main:new_:1={1,0,0,0,0,0,0,0,0,0}; 
Previous 7: main:base:1=4; main:count:1=9; main:old_:1={0,1,2,3,4,5,6,7,8,0}; main:new_:1={1,1,2,3,4,5,6,7,8,0}; 
Previous 8: main:base:1=1; main:count:1=3; main:old_:1={0,0,0,0,0,0,0,0,0,0}; main:new_:1={1,0,0,0,0,0,0,0,0,0}; 
Previous 9: main:base:1=0; main:count:1=5; main:old_:1={0,0,0,0,0,0,0,0,0,0}; main:new_:1={5,0,0,0,0,0,0,0,0,0}; 
Previous 10: main:base:1=2022; main:count:1=2022; main:old_:1={0,0,0,0,0,0,0,0,0,0}; main:new_:1={3,0,0,0,0,0,0,0,0,0}; 
Previous 11: main:base:1=5; main:count:1=0; main:old_:1={1,2,3,4,5,6,7,8,9,0}; main:new_:1={2,3,4,5,6,7,8,9,0,0}; 
Previous 12: main:base:1=1; main:count:1=0; main:old_:1={1,0,0,0,0,0,0,0,0,0}; main:new_:1={2,0,0,0,0,0,0,0,0,0}; 
Previous 13: main:base:1=0; main:count:1=0; main:old_:1={0,0,0,0,0,0,0,0,0,0}; main:new_:1={0,0,0,0,0,0,0,0,0,0}; 
Previous 14: main:base:1=7; main:count:1=0; main:old_:1={5,0,0,0,0,0,0,0,0,0}; main:new_:1={0,0,0,0,0,0,0,0,0,0}; 
Previous 15: main:base:1=5; main:count:1=2; main:old_:1={1,1,1,1,1,1,1,1,1,1}; main:new_:1={1,1,1,1,1,1,1,1,1,1}; 
Previous 16: main:base:1=10; main:count:1=5; main:old_:1={1,0,0,0,0,0,0,0,0,0}; main:new_:1={0,0,0,0,0,0,0,0,0,0}; 
Previous 17: main:base:1=0; main:count:1=9999; main:old_:1={0,0,0,0,0,0,0,0,0,0}; main:new_:1={0,0,0,0,0,0,0,0,0,0}; 
Previous 18: main:base:1=2; main:count:1=1; main:old_:1={1,0,0,0,0,0,0,0,0,0}; main:new_:1={0,0,0,0,0,0,0,0,0,0}; 
Previous 19: main:base:1=5; main:count:1=3; main:old_:1={0,0,0,0,0,0,0,0,0,0}; main:new_:1={1,0,0,0,0,0,0,0,0,0}; 
Previous 20: main:base:1=0; main:count:1=0; main:old_:1={2,2,2,2,2,2,2,2,2,2}; main:new_:1={2,2,2,2,2,2,2,2,2,2}; 
Previous 21: main:base:1=1; main:count:1=0; main:old_:1={1,0,0,0,0,0,0,0,0,0}; main:new_:1={0,0,0,0,0,0,0,0,0,0}; 
Previous 22: main:base:1=0; main:count:1=0; main:old_:1={1,0,0,0,0,0,0,0,0,0}; main:new_:1={0,0,0,0,0,0,0,0,0,0}; 
Previous 23: main:base:1=1; main:count:1=1; main:old_:1={1,0,0,0,0,0,0,0,0,0}; main:new_:1={0,0,0,0,0,0,0,0,0,0}; 
Previous 24: main:base:1=5; main:count:1=-1; main:old_:1={1,0,0,0,0,0,0,0,0,0}; main:new_:1={2,0,0,0,0,0,0,0,0,0}; 
Previous 25: main:base:1=1000; main:count:1=0; main:old_:1={0,0,0,0,0,0,0,0,0,0}; main:new_:1={1,1,1,1,1,1,1,1,1,0}; 
Previous 26: main:base:1=10; main:count:1=0; main:old_:1={1,0,0,0,0,0,0,0,0,0}; main:new_:1={2,0,0,0,0,0,0,0,0,0}; 

Program:
extern int __VERIFIER_nondet_int(void);
/*
Commit Number: 358a11a928cdca474c82472a2ca0d619426439f1
URL: https://github.com/brltty/brltty/commit/358a11a928cdca474c82472a2ca0d619426439f1
Project Name: brltty
License: LGPL-2.1
termination: FALSE
*/
int main()
{
    int i = 0;
    int base = __VERIFIER_nondet_int();
    int count = __VERIFIER_nondet_int();
    int old_[10];
    int new_[10];
    for( int j = 0 ; j < 9 ; j++ )
    {
        old_[j] = __VERIFIER_nondet_int();
        new_[j] = __VERIFIER_nondet_int();
    }
    old_[9] = 0;
    new_[9] = 0;
    while(1)
    {
        int number = base;
        while( old_[i] != new_[i] )
        {
            if( ++number == count )
                goto done;
        }
        i++;
        base += 8;
    }
done:
    return 0;
}

"
32,NT,"main:base:1=7
main:count:1=5
main:old_:1={99,99,99,99,99,99,99,99,99,0}
main:new_:1={98,99,99,99,99,99,99,99,99,0}
",,COMPLETED,T,false,,"You generate concrete values for nondeterministic inputs in a C/C++ program.
Your goal is to produce ONE complete assignment set that is likely to make the program not terminate.

Important rules:
1. Return a value for EVERY listed nondeterministic input ID.
2. Use each ID exactly once.
3. Respect the declared C/C++ type.
4. For an array, return the value as an array containing exactly the required number of elements.
5. For char arrays, each element must be exactly one character. Return the character itself without C single quotes.
6. Prefer small-magnitude values unless larger values are necessary to achieve the requested execution behavior.

Nondeterministic inputs:
- id: main:base:1, type: int
- id: main:count:1, type: int
- id: main:old_:1, type: int, array: true, size: 10, required elements: 10
- id: main:new_:1, type: int, array: true, size: 10, required elements: 10

Previously generated assignment sets are listed below. Generate a materially different set and do not duplicate any of them.
Previous 1: main:base:1=2; main:count:1=5; main:old_:1={0,0,0,0,0,0,0,0,0,0}; main:new_:1={1,0,0,0,0,0,0,0,0,0}; 
Previous 2: main:base:1=3; main:count:1=10; main:old_:1={0,0,0,0,0,0,0,0,0,0}; main:new_:1={0,0,0,1,0,0,0,0,0,0}; 
Previous 3: main:base:1=1; main:count:1=10; main:old_:1={0,2,3,4,5,6,7,8,9,0}; main:new_:1={1,2,3,4,5,6,7,8,9,0}; 
Previous 4: main:base:1=0; main:count:1=1; main:old_:1={0,0,0,0,0,0,0,0,0,0}; main:new_:1={1,0,0,0,0,0,0,0,0,0}; 
Previous 5: main:base:1=4; main:count:1=5; main:old_:1={1,0,0,0,0,0,0,0,0,0}; main:new_:1={0,0,0,0,0,0,0,0,0,0}; 
Previous 6: main:base:1=0; main:count:1=3; main:old_:1={0,0,0,0,0,0,0,0,0,0}; main:new_:1={1,0,0,0,0,0,0,0,0,0}; 
Previous 7: main:base:1=4; main:count:1=9; main:old_:1={0,1,2,3,4,5,6,7,8,0}; main:new_:1={1,1,2,3,4,5,6,7,8,0}; 
Previous 8: main:base:1=1; main:count:1=3; main:old_:1={0,0,0,0,0,0,0,0,0,0}; main:new_:1={1,0,0,0,0,0,0,0,0,0}; 
Previous 9: main:base:1=0; main:count:1=5; main:old_:1={0,0,0,0,0,0,0,0,0,0}; main:new_:1={5,0,0,0,0,0,0,0,0,0}; 
Previous 10: main:base:1=2022; main:count:1=2022; main:old_:1={0,0,0,0,0,0,0,0,0,0}; main:new_:1={3,0,0,0,0,0,0,0,0,0}; 
Previous 11: main:base:1=5; main:count:1=0; main:old_:1={1,2,3,4,5,6,7,8,9,0}; main:new_:1={2,3,4,5,6,7,8,9,0,0}; 
Previous 12: main:base:1=1; main:count:1=0; main:old_:1={1,0,0,0,0,0,0,0,0,0}; main:new_:1={2,0,0,0,0,0,0,0,0,0}; 
Previous 13: main:base:1=0; main:count:1=0; main:old_:1={0,0,0,0,0,0,0,0,0,0}; main:new_:1={0,0,0,0,0,0,0,0,0,0}; 
Previous 14: main:base:1=7; main:count:1=0; main:old_:1={5,0,0,0,0,0,0,0,0,0}; main:new_:1={0,0,0,0,0,0,0,0,0,0}; 
Previous 15: main:base:1=5; main:count:1=2; main:old_:1={1,1,1,1,1,1,1,1,1,1}; main:new_:1={1,1,1,1,1,1,1,1,1,1}; 
Previous 16: main:base:1=10; main:count:1=5; main:old_:1={1,0,0,0,0,0,0,0,0,0}; main:new_:1={0,0,0,0,0,0,0,0,0,0}; 
Previous 17: main:base:1=0; main:count:1=9999; main:old_:1={0,0,0,0,0,0,0,0,0,0}; main:new_:1={0,0,0,0,0,0,0,0,0,0}; 
Previous 18: main:base:1=2; main:count:1=1; main:old_:1={1,0,0,0,0,0,0,0,0,0}; main:new_:1={0,0,0,0,0,0,0,0,0,0}; 
Previous 19: main:base:1=5; main:count:1=3; main:old_:1={0,0,0,0,0,0,0,0,0,0}; main:new_:1={1,0,0,0,0,0,0,0,0,0}; 
Previous 20: main:base:1=0; main:count:1=0; main:old_:1={2,2,2,2,2,2,2,2,2,2}; main:new_:1={2,2,2,2,2,2,2,2,2,2}; 
Previous 21: main:base:1=1; main:count:1=0; main:old_:1={1,0,0,0,0,0,0,0,0,0}; main:new_:1={0,0,0,0,0,0,0,0,0,0}; 
Previous 22: main:base:1=0; main:count:1=0; main:old_:1={1,0,0,0,0,0,0,0,0,0}; main:new_:1={0,0,0,0,0,0,0,0,0,0}; 
Previous 23: main:base:1=1; main:count:1=1; main:old_:1={1,0,0,0,0,0,0,0,0,0}; main:new_:1={0,0,0,0,0,0,0,0,0,0}; 
Previous 24: main:base:1=5; main:count:1=-1; main:old_:1={1,0,0,0,0,0,0,0,0,0}; main:new_:1={2,0,0,0,0,0,0,0,0,0}; 
Previous 25: main:base:1=1000; main:count:1=0; main:old_:1={0,0,0,0,0,0,0,0,0,0}; main:new_:1={1,1,1,1,1,1,1,1,1,0}; 
Previous 26: main:base:1=10; main:count:1=0; main:old_:1={1,0,0,0,0,0,0,0,0,0}; main:new_:1={2,0,0,0,0,0,0,0,0,0}; 
Previous 27: main:base:1=0; main:count:1=-1; main:old_:1={1,0,0,0,0,0,0,0,0,0}; main:new_:1={0,0,0,0,0,0,0,0,0,0}; 

Program:
extern int __VERIFIER_nondet_int(void);
/*
Commit Number: 358a11a928cdca474c82472a2ca0d619426439f1
URL: https://github.com/brltty/brltty/commit/358a11a928cdca474c82472a2ca0d619426439f1
Project Name: brltty
License: LGPL-2.1
termination: FALSE
*/
int main()
{
    int i = 0;
    int base = __VERIFIER_nondet_int();
    int count = __VERIFIER_nondet_int();
    int old_[10];
    int new_[10];
    for( int j = 0 ; j < 9 ; j++ )
    {
        old_[j] = __VERIFIER_nondet_int();
        new_[j] = __VERIFIER_nondet_int();
    }
    old_[9] = 0;
    new_[9] = 0;
    while(1)
    {
        int number = base;
        while( old_[i] != new_[i] )
        {
            if( ++number == count )
                goto done;
        }
        i++;
        base += 8;
    }
done:
    return 0;
}

"
33,NT,"main:base:1=0
main:count:1=-1
main:old_:1={1,0,0,0,0,0,0,0,0,0}
main:new_:1={2,0,0,0,0,0,0,0,0,0}
",,COMPLETED,T,false,,"You generate concrete values for nondeterministic inputs in a C/C++ program.
Your goal is to produce ONE complete assignment set that is likely to make the program not terminate.

Important rules:
1. Return a value for EVERY listed nondeterministic input ID.
2. Use each ID exactly once.
3. Respect the declared C/C++ type.
4. For an array, return the value as an array containing exactly the required number of elements.
5. For char arrays, each element must be exactly one character. Return the character itself without C single quotes.
6. Prefer small-magnitude values unless larger values are necessary to achieve the requested execution behavior.

Nondeterministic inputs:
- id: main:base:1, type: int
- id: main:count:1, type: int
- id: main:old_:1, type: int, array: true, size: 10, required elements: 10
- id: main:new_:1, type: int, array: true, size: 10, required elements: 10

Previously generated assignment sets are listed below. Generate a materially different set and do not duplicate any of them.
Previous 1: main:base:1=2; main:count:1=5; main:old_:1={0,0,0,0,0,0,0,0,0,0}; main:new_:1={1,0,0,0,0,0,0,0,0,0}; 
Previous 2: main:base:1=3; main:count:1=10; main:old_:1={0,0,0,0,0,0,0,0,0,0}; main:new_:1={0,0,0,1,0,0,0,0,0,0}; 
Previous 3: main:base:1=1; main:count:1=10; main:old_:1={0,2,3,4,5,6,7,8,9,0}; main:new_:1={1,2,3,4,5,6,7,8,9,0}; 
Previous 4: main:base:1=0; main:count:1=1; main:old_:1={0,0,0,0,0,0,0,0,0,0}; main:new_:1={1,0,0,0,0,0,0,0,0,0}; 
Previous 5: main:base:1=4; main:count:1=5; main:old_:1={1,0,0,0,0,0,0,0,0,0}; main:new_:1={0,0,0,0,0,0,0,0,0,0}; 
Previous 6: main:base:1=0; main:count:1=3; main:old_:1={0,0,0,0,0,0,0,0,0,0}; main:new_:1={1,0,0,0,0,0,0,0,0,0}; 
Previous 7: main:base:1=4; main:count:1=9; main:old_:1={0,1,2,3,4,5,6,7,8,0}; main:new_:1={1,1,2,3,4,5,6,7,8,0}; 
Previous 8: main:base:1=1; main:count:1=3; main:old_:1={0,0,0,0,0,0,0,0,0,0}; main:new_:1={1,0,0,0,0,0,0,0,0,0}; 
Previous 9: main:base:1=0; main:count:1=5; main:old_:1={0,0,0,0,0,0,0,0,0,0}; main:new_:1={5,0,0,0,0,0,0,0,0,0}; 
Previous 10: main:base:1=2022; main:count:1=2022; main:old_:1={0,0,0,0,0,0,0,0,0,0}; main:new_:1={3,0,0,0,0,0,0,0,0,0}; 
Previous 11: main:base:1=5; main:count:1=0; main:old_:1={1,2,3,4,5,6,7,8,9,0}; main:new_:1={2,3,4,5,6,7,8,9,0,0}; 
Previous 12: main:base:1=1; main:count:1=0; main:old_:1={1,0,0,0,0,0,0,0,0,0}; main:new_:1={2,0,0,0,0,0,0,0,0,0}; 
Previous 13: main:base:1=0; main:count:1=0; main:old_:1={0,0,0,0,0,0,0,0,0,0}; main:new_:1={0,0,0,0,0,0,0,0,0,0}; 
Previous 14: main:base:1=7; main:count:1=0; main:old_:1={5,0,0,0,0,0,0,0,0,0}; main:new_:1={0,0,0,0,0,0,0,0,0,0}; 
Previous 15: main:base:1=5; main:count:1=2; main:old_:1={1,1,1,1,1,1,1,1,1,1}; main:new_:1={1,1,1,1,1,1,1,1,1,1}; 
Previous 16: main:base:1=10; main:count:1=5; main:old_:1={1,0,0,0,0,0,0,0,0,0}; main:new_:1={0,0,0,0,0,0,0,0,0,0}; 
Previous 17: main:base:1=0; main:count:1=9999; main:old_:1={0,0,0,0,0,0,0,0,0,0}; main:new_:1={0,0,0,0,0,0,0,0,0,0}; 
Previous 18: main:base:1=2; main:count:1=1; main:old_:1={1,0,0,0,0,0,0,0,0,0}; main:new_:1={0,0,0,0,0,0,0,0,0,0}; 
Previous 19: main:base:1=5; main:count:1=3; main:old_:1={0,0,0,0,0,0,0,0,0,0}; main:new_:1={1,0,0,0,0,0,0,0,0,0}; 
Previous 20: main:base:1=0; main:count:1=0; main:old_:1={2,2,2,2,2,2,2,2,2,2}; main:new_:1={2,2,2,2,2,2,2,2,2,2}; 
Previous 21: main:base:1=1; main:count:1=0; main:old_:1={1,0,0,0,0,0,0,0,0,0}; main:new_:1={0,0,0,0,0,0,0,0,0,0}; 
Previous 22: main:base:1=0; main:count:1=0; main:old_:1={1,0,0,0,0,0,0,0,0,0}; main:new_:1={0,0,0,0,0,0,0,0,0,0}; 
Previous 23: main:base:1=1; main:count:1=1; main:old_:1={1,0,0,0,0,0,0,0,0,0}; main:new_:1={0,0,0,0,0,0,0,0,0,0}; 
Previous 24: main:base:1=5; main:count:1=-1; main:old_:1={1,0,0,0,0,0,0,0,0,0}; main:new_:1={2,0,0,0,0,0,0,0,0,0}; 
Previous 25: main:base:1=1000; main:count:1=0; main:old_:1={0,0,0,0,0,0,0,0,0,0}; main:new_:1={1,1,1,1,1,1,1,1,1,0}; 
Previous 26: main:base:1=10; main:count:1=0; main:old_:1={1,0,0,0,0,0,0,0,0,0}; main:new_:1={2,0,0,0,0,0,0,0,0,0}; 
Previous 27: main:base:1=0; main:count:1=-1; main:old_:1={1,0,0,0,0,0,0,0,0,0}; main:new_:1={0,0,0,0,0,0,0,0,0,0}; 
Previous 28: main:base:1=7; main:count:1=5; main:old_:1={99,99,99,99,99,99,99,99,99,0}; main:new_:1={98,99,99,99,99,99,99,99,99,0}; 

Program:
extern int __VERIFIER_nondet_int(void);
/*
Commit Number: 358a11a928cdca474c82472a2ca0d619426439f1
URL: https://github.com/brltty/brltty/commit/358a11a928cdca474c82472a2ca0d619426439f1
Project Name: brltty
License: LGPL-2.1
termination: FALSE
*/
int main()
{
    int i = 0;
    int base = __VERIFIER_nondet_int();
    int count = __VERIFIER_nondet_int();
    int old_[10];
    int new_[10];
    for( int j = 0 ; j < 9 ; j++ )
    {
        old_[j] = __VERIFIER_nondet_int();
        new_[j] = __VERIFIER_nondet_int();
    }
    old_[9] = 0;
    new_[9] = 0;
    while(1)
    {
        int number = base;
        while( old_[i] != new_[i] )
        {
            if( ++number == count )
                goto done;
        }
        i++;
        base += 8;
    }
done:
    return 0;
}

"
34,NT,"main:base:1=10
main:count:1=5
main:old_:1={1,0,0,0,0,0,0,0,0,0}
main:new_:1={0,0,0,0,0,0,0,0,0,0}
",,DUPLICATE,,false,,"You generate concrete values for nondeterministic inputs in a C/C++ program.
Your goal is to produce ONE complete assignment set that is likely to make the program not terminate.

Important rules:
1. Return a value for EVERY listed nondeterministic input ID.
2. Use each ID exactly once.
3. Respect the declared C/C++ type.
4. For an array, return the value as an array containing exactly the required number of elements.
5. For char arrays, each element must be exactly one character. Return the character itself without C single quotes.
6. Prefer small-magnitude values unless larger values are necessary to achieve the requested execution behavior.

Nondeterministic inputs:
- id: main:base:1, type: int
- id: main:count:1, type: int
- id: main:old_:1, type: int, array: true, size: 10, required elements: 10
- id: main:new_:1, type: int, array: true, size: 10, required elements: 10

Previously generated assignment sets are listed below. Generate a materially different set and do not duplicate any of them.
Previous 1: main:base:1=2; main:count:1=5; main:old_:1={0,0,0,0,0,0,0,0,0,0}; main:new_:1={1,0,0,0,0,0,0,0,0,0}; 
Previous 2: main:base:1=3; main:count:1=10; main:old_:1={0,0,0,0,0,0,0,0,0,0}; main:new_:1={0,0,0,1,0,0,0,0,0,0}; 
Previous 3: main:base:1=1; main:count:1=10; main:old_:1={0,2,3,4,5,6,7,8,9,0}; main:new_:1={1,2,3,4,5,6,7,8,9,0}; 
Previous 4: main:base:1=0; main:count:1=1; main:old_:1={0,0,0,0,0,0,0,0,0,0}; main:new_:1={1,0,0,0,0,0,0,0,0,0}; 
Previous 5: main:base:1=4; main:count:1=5; main:old_:1={1,0,0,0,0,0,0,0,0,0}; main:new_:1={0,0,0,0,0,0,0,0,0,0}; 
Previous 6: main:base:1=0; main:count:1=3; main:old_:1={0,0,0,0,0,0,0,0,0,0}; main:new_:1={1,0,0,0,0,0,0,0,0,0}; 
Previous 7: main:base:1=4; main:count:1=9; main:old_:1={0,1,2,3,4,5,6,7,8,0}; main:new_:1={1,1,2,3,4,5,6,7,8,0}; 
Previous 8: main:base:1=1; main:count:1=3; main:old_:1={0,0,0,0,0,0,0,0,0,0}; main:new_:1={1,0,0,0,0,0,0,0,0,0}; 
Previous 9: main:base:1=0; main:count:1=5; main:old_:1={0,0,0,0,0,0,0,0,0,0}; main:new_:1={5,0,0,0,0,0,0,0,0,0}; 
Previous 10: main:base:1=2022; main:count:1=2022; main:old_:1={0,0,0,0,0,0,0,0,0,0}; main:new_:1={3,0,0,0,0,0,0,0,0,0}; 
Previous 11: main:base:1=5; main:count:1=0; main:old_:1={1,2,3,4,5,6,7,8,9,0}; main:new_:1={2,3,4,5,6,7,8,9,0,0}; 
Previous 12: main:base:1=1; main:count:1=0; main:old_:1={1,0,0,0,0,0,0,0,0,0}; main:new_:1={2,0,0,0,0,0,0,0,0,0}; 
Previous 13: main:base:1=0; main:count:1=0; main:old_:1={0,0,0,0,0,0,0,0,0,0}; main:new_:1={0,0,0,0,0,0,0,0,0,0}; 
Previous 14: main:base:1=7; main:count:1=0; main:old_:1={5,0,0,0,0,0,0,0,0,0}; main:new_:1={0,0,0,0,0,0,0,0,0,0}; 
Previous 15: main:base:1=5; main:count:1=2; main:old_:1={1,1,1,1,1,1,1,1,1,1}; main:new_:1={1,1,1,1,1,1,1,1,1,1}; 
Previous 16: main:base:1=10; main:count:1=5; main:old_:1={1,0,0,0,0,0,0,0,0,0}; main:new_:1={0,0,0,0,0,0,0,0,0,0}; 
Previous 17: main:base:1=0; main:count:1=9999; main:old_:1={0,0,0,0,0,0,0,0,0,0}; main:new_:1={0,0,0,0,0,0,0,0,0,0}; 
Previous 18: main:base:1=2; main:count:1=1; main:old_:1={1,0,0,0,0,0,0,0,0,0}; main:new_:1={0,0,0,0,0,0,0,0,0,0}; 
Previous 19: main:base:1=5; main:count:1=3; main:old_:1={0,0,0,0,0,0,0,0,0,0}; main:new_:1={1,0,0,0,0,0,0,0,0,0}; 
Previous 20: main:base:1=0; main:count:1=0; main:old_:1={2,2,2,2,2,2,2,2,2,2}; main:new_:1={2,2,2,2,2,2,2,2,2,2}; 
Previous 21: main:base:1=1; main:count:1=0; main:old_:1={1,0,0,0,0,0,0,0,0,0}; main:new_:1={0,0,0,0,0,0,0,0,0,0}; 
Previous 22: main:base:1=0; main:count:1=0; main:old_:1={1,0,0,0,0,0,0,0,0,0}; main:new_:1={0,0,0,0,0,0,0,0,0,0}; 
Previous 23: main:base:1=1; main:count:1=1; main:old_:1={1,0,0,0,0,0,0,0,0,0}; main:new_:1={0,0,0,0,0,0,0,0,0,0}; 
Previous 24: main:base:1=5; main:count:1=-1; main:old_:1={1,0,0,0,0,0,0,0,0,0}; main:new_:1={2,0,0,0,0,0,0,0,0,0}; 
Previous 25: main:base:1=1000; main:count:1=0; main:old_:1={0,0,0,0,0,0,0,0,0,0}; main:new_:1={1,1,1,1,1,1,1,1,1,0}; 
Previous 26: main:base:1=10; main:count:1=0; main:old_:1={1,0,0,0,0,0,0,0,0,0}; main:new_:1={2,0,0,0,0,0,0,0,0,0}; 
Previous 27: main:base:1=0; main:count:1=-1; main:old_:1={1,0,0,0,0,0,0,0,0,0}; main:new_:1={0,0,0,0,0,0,0,0,0,0}; 
Previous 28: main:base:1=7; main:count:1=5; main:old_:1={99,99,99,99,99,99,99,99,99,0}; main:new_:1={98,99,99,99,99,99,99,99,99,0}; 
Previous 29: main:base:1=0; main:count:1=-1; main:old_:1={1,0,0,0,0,0,0,0,0,0}; main:new_:1={2,0,0,0,0,0,0,0,0,0}; 

Program:
extern int __VERIFIER_nondet_int(void);
/*
Commit Number: 358a11a928cdca474c82472a2ca0d619426439f1
URL: https://github.com/brltty/brltty/commit/358a11a928cdca474c82472a2ca0d619426439f1
Project Name: brltty
License: LGPL-2.1
termination: FALSE
*/
int main()
{
    int i = 0;
    int base = __VERIFIER_nondet_int();
    int count = __VERIFIER_nondet_int();
    int old_[10];
    int new_[10];
    for( int j = 0 ; j < 9 ; j++ )
    {
        old_[j] = __VERIFIER_nondet_int();
        new_[j] = __VERIFIER_nondet_int();
    }
    old_[9] = 0;
    new_[9] = 0;
    while(1)
    {
        int number = base;
        while( old_[i] != new_[i] )
        {
            if( ++number == count )
                goto done;
        }
        i++;
        base += 8;
    }
done:
    return 0;
}

"
35,NT,"main:base:1=1
main:count:1=0
main:old_:1={5,0,0,0,0,0,0,0,0,0}
main:new_:1={0,0,0,0,0,0,0,0,0,0}
",,COMPLETED,T,false,,"You generate concrete values for nondeterministic inputs in a C/C++ program.
Your goal is to produce ONE complete assignment set that is likely to make the program not terminate.

Important rules:
1. Return a value for EVERY listed nondeterministic input ID.
2. Use each ID exactly once.
3. Respect the declared C/C++ type.
4. For an array, return the value as an array containing exactly the required number of elements.
5. For char arrays, each element must be exactly one character. Return the character itself without C single quotes.
6. Prefer small-magnitude values unless larger values are necessary to achieve the requested execution behavior.

Nondeterministic inputs:
- id: main:base:1, type: int
- id: main:count:1, type: int
- id: main:old_:1, type: int, array: true, size: 10, required elements: 10
- id: main:new_:1, type: int, array: true, size: 10, required elements: 10

Previously generated assignment sets are listed below. Generate a materially different set and do not duplicate any of them.
Previous 1: main:base:1=2; main:count:1=5; main:old_:1={0,0,0,0,0,0,0,0,0,0}; main:new_:1={1,0,0,0,0,0,0,0,0,0}; 
Previous 2: main:base:1=3; main:count:1=10; main:old_:1={0,0,0,0,0,0,0,0,0,0}; main:new_:1={0,0,0,1,0,0,0,0,0,0}; 
Previous 3: main:base:1=1; main:count:1=10; main:old_:1={0,2,3,4,5,6,7,8,9,0}; main:new_:1={1,2,3,4,5,6,7,8,9,0}; 
Previous 4: main:base:1=0; main:count:1=1; main:old_:1={0,0,0,0,0,0,0,0,0,0}; main:new_:1={1,0,0,0,0,0,0,0,0,0}; 
Previous 5: main:base:1=4; main:count:1=5; main:old_:1={1,0,0,0,0,0,0,0,0,0}; main:new_:1={0,0,0,0,0,0,0,0,0,0}; 
Previous 6: main:base:1=0; main:count:1=3; main:old_:1={0,0,0,0,0,0,0,0,0,0}; main:new_:1={1,0,0,0,0,0,0,0,0,0}; 
Previous 7: main:base:1=4; main:count:1=9; main:old_:1={0,1,2,3,4,5,6,7,8,0}; main:new_:1={1,1,2,3,4,5,6,7,8,0}; 
Previous 8: main:base:1=1; main:count:1=3; main:old_:1={0,0,0,0,0,0,0,0,0,0}; main:new_:1={1,0,0,0,0,0,0,0,0,0}; 
Previous 9: main:base:1=0; main:count:1=5; main:old_:1={0,0,0,0,0,0,0,0,0,0}; main:new_:1={5,0,0,0,0,0,0,0,0,0}; 
Previous 10: main:base:1=2022; main:count:1=2022; main:old_:1={0,0,0,0,0,0,0,0,0,0}; main:new_:1={3,0,0,0,0,0,0,0,0,0}; 
Previous 11: main:base:1=5; main:count:1=0; main:old_:1={1,2,3,4,5,6,7,8,9,0}; main:new_:1={2,3,4,5,6,7,8,9,0,0}; 
Previous 12: main:base:1=1; main:count:1=0; main:old_:1={1,0,0,0,0,0,0,0,0,0}; main:new_:1={2,0,0,0,0,0,0,0,0,0}; 
Previous 13: main:base:1=0; main:count:1=0; main:old_:1={0,0,0,0,0,0,0,0,0,0}; main:new_:1={0,0,0,0,0,0,0,0,0,0}; 
Previous 14: main:base:1=7; main:count:1=0; main:old_:1={5,0,0,0,0,0,0,0,0,0}; main:new_:1={0,0,0,0,0,0,0,0,0,0}; 
Previous 15: main:base:1=5; main:count:1=2; main:old_:1={1,1,1,1,1,1,1,1,1,1}; main:new_:1={1,1,1,1,1,1,1,1,1,1}; 
Previous 16: main:base:1=10; main:count:1=5; main:old_:1={1,0,0,0,0,0,0,0,0,0}; main:new_:1={0,0,0,0,0,0,0,0,0,0}; 
Previous 17: main:base:1=0; main:count:1=9999; main:old_:1={0,0,0,0,0,0,0,0,0,0}; main:new_:1={0,0,0,0,0,0,0,0,0,0}; 
Previous 18: main:base:1=2; main:count:1=1; main:old_:1={1,0,0,0,0,0,0,0,0,0}; main:new_:1={0,0,0,0,0,0,0,0,0,0}; 
Previous 19: main:base:1=5; main:count:1=3; main:old_:1={0,0,0,0,0,0,0,0,0,0}; main:new_:1={1,0,0,0,0,0,0,0,0,0}; 
Previous 20: main:base:1=0; main:count:1=0; main:old_:1={2,2,2,2,2,2,2,2,2,2}; main:new_:1={2,2,2,2,2,2,2,2,2,2}; 
Previous 21: main:base:1=1; main:count:1=0; main:old_:1={1,0,0,0,0,0,0,0,0,0}; main:new_:1={0,0,0,0,0,0,0,0,0,0}; 
Previous 22: main:base:1=0; main:count:1=0; main:old_:1={1,0,0,0,0,0,0,0,0,0}; main:new_:1={0,0,0,0,0,0,0,0,0,0}; 
Previous 23: main:base:1=1; main:count:1=1; main:old_:1={1,0,0,0,0,0,0,0,0,0}; main:new_:1={0,0,0,0,0,0,0,0,0,0}; 
Previous 24: main:base:1=5; main:count:1=-1; main:old_:1={1,0,0,0,0,0,0,0,0,0}; main:new_:1={2,0,0,0,0,0,0,0,0,0}; 
Previous 25: main:base:1=1000; main:count:1=0; main:old_:1={0,0,0,0,0,0,0,0,0,0}; main:new_:1={1,1,1,1,1,1,1,1,1,0}; 
Previous 26: main:base:1=10; main:count:1=0; main:old_:1={1,0,0,0,0,0,0,0,0,0}; main:new_:1={2,0,0,0,0,0,0,0,0,0}; 
Previous 27: main:base:1=0; main:count:1=-1; main:old_:1={1,0,0,0,0,0,0,0,0,0}; main:new_:1={0,0,0,0,0,0,0,0,0,0}; 
Previous 28: main:base:1=7; main:count:1=5; main:old_:1={99,99,99,99,99,99,99,99,99,0}; main:new_:1={98,99,99,99,99,99,99,99,99,0}; 
Previous 29: main:base:1=0; main:count:1=-1; main:old_:1={1,0,0,0,0,0,0,0,0,0}; main:new_:1={2,0,0,0,0,0,0,0,0,0}; 

Program:
extern int __VERIFIER_nondet_int(void);
/*
Commit Number: 358a11a928cdca474c82472a2ca0d619426439f1
URL: https://github.com/brltty/brltty/commit/358a11a928cdca474c82472a2ca0d619426439f1
Project Name: brltty
License: LGPL-2.1
termination: FALSE
*/
int main()
{
    int i = 0;
    int base = __VERIFIER_nondet_int();
    int count = __VERIFIER_nondet_int();
    int old_[10];
    int new_[10];
    for( int j = 0 ; j < 9 ; j++ )
    {
        old_[j] = __VERIFIER_nondet_int();
        new_[j] = __VERIFIER_nondet_int();
    }
    old_[9] = 0;
    new_[9] = 0;
    while(1)
    {
        int number = base;
        while( old_[i] != new_[i] )
        {
            if( ++number == count )
                goto done;
        }
        i++;
        base += 8;
    }
done:
    return 0;
}

"
36,NT,"main:base:1=10
main:count:1=5
main:old_:1={0,0,0,0,0,0,0,0,0,0}
main:new_:1={1,0,0,0,0,0,0,0,0,0}
",,COMPLETED,T,false,,"You generate concrete values for nondeterministic inputs in a C/C++ program.
Your goal is to produce ONE complete assignment set that is likely to make the program not terminate.

Important rules:
1. Return a value for EVERY listed nondeterministic input ID.
2. Use each ID exactly once.
3. Respect the declared C/C++ type.
4. For an array, return the value as an array containing exactly the required number of elements.
5. For char arrays, each element must be exactly one character. Return the character itself without C single quotes.
6. Prefer small-magnitude values unless larger values are necessary to achieve the requested execution behavior.

Nondeterministic inputs:
- id: main:base:1, type: int
- id: main:count:1, type: int
- id: main:old_:1, type: int, array: true, size: 10, required elements: 10
- id: main:new_:1, type: int, array: true, size: 10, required elements: 10

Previously generated assignment sets are listed below. Generate a materially different set and do not duplicate any of them.
Previous 1: main:base:1=2; main:count:1=5; main:old_:1={0,0,0,0,0,0,0,0,0,0}; main:new_:1={1,0,0,0,0,0,0,0,0,0}; 
Previous 2: main:base:1=3; main:count:1=10; main:old_:1={0,0,0,0,0,0,0,0,0,0}; main:new_:1={0,0,0,1,0,0,0,0,0,0}; 
Previous 3: main:base:1=1; main:count:1=10; main:old_:1={0,2,3,4,5,6,7,8,9,0}; main:new_:1={1,2,3,4,5,6,7,8,9,0}; 
Previous 4: main:base:1=0; main:count:1=1; main:old_:1={0,0,0,0,0,0,0,0,0,0}; main:new_:1={1,0,0,0,0,0,0,0,0,0}; 
Previous 5: main:base:1=4; main:count:1=5; main:old_:1={1,0,0,0,0,0,0,0,0,0}; main:new_:1={0,0,0,0,0,0,0,0,0,0}; 
Previous 6: main:base:1=0; main:count:1=3; main:old_:1={0,0,0,0,0,0,0,0,0,0}; main:new_:1={1,0,0,0,0,0,0,0,0,0}; 
Previous 7: main:base:1=4; main:count:1=9; main:old_:1={0,1,2,3,4,5,6,7,8,0}; main:new_:1={1,1,2,3,4,5,6,7,8,0}; 
Previous 8: main:base:1=1; main:count:1=3; main:old_:1={0,0,0,0,0,0,0,0,0,0}; main:new_:1={1,0,0,0,0,0,0,0,0,0}; 
Previous 9: main:base:1=0; main:count:1=5; main:old_:1={0,0,0,0,0,0,0,0,0,0}; main:new_:1={5,0,0,0,0,0,0,0,0,0}; 
Previous 10: main:base:1=2022; main:count:1=2022; main:old_:1={0,0,0,0,0,0,0,0,0,0}; main:new_:1={3,0,0,0,0,0,0,0,0,0}; 
Previous 11: main:base:1=5; main:count:1=0; main:old_:1={1,2,3,4,5,6,7,8,9,0}; main:new_:1={2,3,4,5,6,7,8,9,0,0}; 
Previous 12: main:base:1=1; main:count:1=0; main:old_:1={1,0,0,0,0,0,0,0,0,0}; main:new_:1={2,0,0,0,0,0,0,0,0,0}; 
Previous 13: main:base:1=0; main:count:1=0; main:old_:1={0,0,0,0,0,0,0,0,0,0}; main:new_:1={0,0,0,0,0,0,0,0,0,0}; 
Previous 14: main:base:1=7; main:count:1=0; main:old_:1={5,0,0,0,0,0,0,0,0,0}; main:new_:1={0,0,0,0,0,0,0,0,0,0}; 
Previous 15: main:base:1=5; main:count:1=2; main:old_:1={1,1,1,1,1,1,1,1,1,1}; main:new_:1={1,1,1,1,1,1,1,1,1,1}; 
Previous 16: main:base:1=10; main:count:1=5; main:old_:1={1,0,0,0,0,0,0,0,0,0}; main:new_:1={0,0,0,0,0,0,0,0,0,0}; 
Previous 17: main:base:1=0; main:count:1=9999; main:old_:1={0,0,0,0,0,0,0,0,0,0}; main:new_:1={0,0,0,0,0,0,0,0,0,0}; 
Previous 18: main:base:1=2; main:count:1=1; main:old_:1={1,0,0,0,0,0,0,0,0,0}; main:new_:1={0,0,0,0,0,0,0,0,0,0}; 
Previous 19: main:base:1=5; main:count:1=3; main:old_:1={0,0,0,0,0,0,0,0,0,0}; main:new_:1={1,0,0,0,0,0,0,0,0,0}; 
Previous 20: main:base:1=0; main:count:1=0; main:old_:1={2,2,2,2,2,2,2,2,2,2}; main:new_:1={2,2,2,2,2,2,2,2,2,2}; 
Previous 21: main:base:1=1; main:count:1=0; main:old_:1={1,0,0,0,0,0,0,0,0,0}; main:new_:1={0,0,0,0,0,0,0,0,0,0}; 
Previous 22: main:base:1=0; main:count:1=0; main:old_:1={1,0,0,0,0,0,0,0,0,0}; main:new_:1={0,0,0,0,0,0,0,0,0,0}; 
Previous 23: main:base:1=1; main:count:1=1; main:old_:1={1,0,0,0,0,0,0,0,0,0}; main:new_:1={0,0,0,0,0,0,0,0,0,0}; 
Previous 24: main:base:1=5; main:count:1=-1; main:old_:1={1,0,0,0,0,0,0,0,0,0}; main:new_:1={2,0,0,0,0,0,0,0,0,0}; 
Previous 25: main:base:1=1000; main:count:1=0; main:old_:1={0,0,0,0,0,0,0,0,0,0}; main:new_:1={1,1,1,1,1,1,1,1,1,0}; 
Previous 26: main:base:1=10; main:count:1=0; main:old_:1={1,0,0,0,0,0,0,0,0,0}; main:new_:1={2,0,0,0,0,0,0,0,0,0}; 
Previous 27: main:base:1=0; main:count:1=-1; main:old_:1={1,0,0,0,0,0,0,0,0,0}; main:new_:1={0,0,0,0,0,0,0,0,0,0}; 
Previous 28: main:base:1=7; main:count:1=5; main:old_:1={99,99,99,99,99,99,99,99,99,0}; main:new_:1={98,99,99,99,99,99,99,99,99,0}; 
Previous 29: main:base:1=0; main:count:1=-1; main:old_:1={1,0,0,0,0,0,0,0,0,0}; main:new_:1={2,0,0,0,0,0,0,0,0,0}; 
Previous 30: main:base:1=1; main:count:1=0; main:old_:1={5,0,0,0,0,0,0,0,0,0}; main:new_:1={0,0,0,0,0,0,0,0,0,0}; 

Program:
extern int __VERIFIER_nondet_int(void);
/*
Commit Number: 358a11a928cdca474c82472a2ca0d619426439f1
URL: https://github.com/brltty/brltty/commit/358a11a928cdca474c82472a2ca0d619426439f1
Project Name: brltty
License: LGPL-2.1
termination: FALSE
*/
int main()
{
    int i = 0;
    int base = __VERIFIER_nondet_int();
    int count = __VERIFIER_nondet_int();
    int old_[10];
    int new_[10];
    for( int j = 0 ; j < 9 ; j++ )
    {
        old_[j] = __VERIFIER_nondet_int();
        new_[j] = __VERIFIER_nondet_int();
    }
    old_[9] = 0;
    new_[9] = 0;
    while(1)
    {
        int number = base;
        while( old_[i] != new_[i] )
        {
            if( ++number == count )
                goto done;
        }
        i++;
        base += 8;
    }
done:
    return 0;
}

"
37,NT,"main:base:1=-500000
main:count:1=-1000000
main:old_:1={0,1,2,3,4,5,6,7,8,0}
main:new_:1={1,2,3,4,5,6,7,8,9,0}
",,COMPLETED,T,false,,"You generate concrete values for nondeterministic inputs in a C/C++ program.
Your goal is to produce ONE complete assignment set that is likely to make the program not terminate.

Important rules:
1. Return a value for EVERY listed nondeterministic input ID.
2. Use each ID exactly once.
3. Respect the declared C/C++ type.
4. For an array, return the value as an array containing exactly the required number of elements.
5. For char arrays, each element must be exactly one character. Return the character itself without C single quotes.
6. Prefer small-magnitude values unless larger values are necessary to achieve the requested execution behavior.

Nondeterministic inputs:
- id: main:base:1, type: int
- id: main:count:1, type: int
- id: main:old_:1, type: int, array: true, size: 10, required elements: 10
- id: main:new_:1, type: int, array: true, size: 10, required elements: 10

Previously generated assignment sets are listed below. Generate a materially different set and do not duplicate any of them.
Previous 1: main:base:1=2; main:count:1=5; main:old_:1={0,0,0,0,0,0,0,0,0,0}; main:new_:1={1,0,0,0,0,0,0,0,0,0}; 
Previous 2: main:base:1=3; main:count:1=10; main:old_:1={0,0,0,0,0,0,0,0,0,0}; main:new_:1={0,0,0,1,0,0,0,0,0,0}; 
Previous 3: main:base:1=1; main:count:1=10; main:old_:1={0,2,3,4,5,6,7,8,9,0}; main:new_:1={1,2,3,4,5,6,7,8,9,0}; 
Previous 4: main:base:1=0; main:count:1=1; main:old_:1={0,0,0,0,0,0,0,0,0,0}; main:new_:1={1,0,0,0,0,0,0,0,0,0}; 
Previous 5: main:base:1=4; main:count:1=5; main:old_:1={1,0,0,0,0,0,0,0,0,0}; main:new_:1={0,0,0,0,0,0,0,0,0,0}; 
Previous 6: main:base:1=0; main:count:1=3; main:old_:1={0,0,0,0,0,0,0,0,0,0}; main:new_:1={1,0,0,0,0,0,0,0,0,0}; 
Previous 7: main:base:1=4; main:count:1=9; main:old_:1={0,1,2,3,4,5,6,7,8,0}; main:new_:1={1,1,2,3,4,5,6,7,8,0}; 
Previous 8: main:base:1=1; main:count:1=3; main:old_:1={0,0,0,0,0,0,0,0,0,0}; main:new_:1={1,0,0,0,0,0,0,0,0,0}; 
Previous 9: main:base:1=0; main:count:1=5; main:old_:1={0,0,0,0,0,0,0,0,0,0}; main:new_:1={5,0,0,0,0,0,0,0,0,0}; 
Previous 10: main:base:1=2022; main:count:1=2022; main:old_:1={0,0,0,0,0,0,0,0,0,0}; main:new_:1={3,0,0,0,0,0,0,0,0,0}; 
Previous 11: main:base:1=5; main:count:1=0; main:old_:1={1,2,3,4,5,6,7,8,9,0}; main:new_:1={2,3,4,5,6,7,8,9,0,0}; 
Previous 12: main:base:1=1; main:count:1=0; main:old_:1={1,0,0,0,0,0,0,0,0,0}; main:new_:1={2,0,0,0,0,0,0,0,0,0}; 
Previous 13: main:base:1=0; main:count:1=0; main:old_:1={0,0,0,0,0,0,0,0,0,0}; main:new_:1={0,0,0,0,0,0,0,0,0,0}; 
Previous 14: main:base:1=7; main:count:1=0; main:old_:1={5,0,0,0,0,0,0,0,0,0}; main:new_:1={0,0,0,0,0,0,0,0,0,0}; 
Previous 15: main:base:1=5; main:count:1=2; main:old_:1={1,1,1,1,1,1,1,1,1,1}; main:new_:1={1,1,1,1,1,1,1,1,1,1}; 
Previous 16: main:base:1=10; main:count:1=5; main:old_:1={1,0,0,0,0,0,0,0,0,0}; main:new_:1={0,0,0,0,0,0,0,0,0,0}; 
Previous 17: main:base:1=0; main:count:1=9999; main:old_:1={0,0,0,0,0,0,0,0,0,0}; main:new_:1={0,0,0,0,0,0,0,0,0,0}; 
Previous 18: main:base:1=2; main:count:1=1; main:old_:1={1,0,0,0,0,0,0,0,0,0}; main:new_:1={0,0,0,0,0,0,0,0,0,0}; 
Previous 19: main:base:1=5; main:count:1=3; main:old_:1={0,0,0,0,0,0,0,0,0,0}; main:new_:1={1,0,0,0,0,0,0,0,0,0}; 
Previous 20: main:base:1=0; main:count:1=0; main:old_:1={2,2,2,2,2,2,2,2,2,2}; main:new_:1={2,2,2,2,2,2,2,2,2,2}; 
Previous 21: main:base:1=1; main:count:1=0; main:old_:1={1,0,0,0,0,0,0,0,0,0}; main:new_:1={0,0,0,0,0,0,0,0,0,0}; 
Previous 22: main:base:1=0; main:count:1=0; main:old_:1={1,0,0,0,0,0,0,0,0,0}; main:new_:1={0,0,0,0,0,0,0,0,0,0}; 
Previous 23: main:base:1=1; main:count:1=1; main:old_:1={1,0,0,0,0,0,0,0,0,0}; main:new_:1={0,0,0,0,0,0,0,0,0,0}; 
Previous 24: main:base:1=5; main:count:1=-1; main:old_:1={1,0,0,0,0,0,0,0,0,0}; main:new_:1={2,0,0,0,0,0,0,0,0,0}; 
Previous 25: main:base:1=1000; main:count:1=0; main:old_:1={0,0,0,0,0,0,0,0,0,0}; main:new_:1={1,1,1,1,1,1,1,1,1,0}; 
Previous 26: main:base:1=10; main:count:1=0; main:old_:1={1,0,0,0,0,0,0,0,0,0}; main:new_:1={2,0,0,0,0,0,0,0,0,0}; 
Previous 27: main:base:1=0; main:count:1=-1; main:old_:1={1,0,0,0,0,0,0,0,0,0}; main:new_:1={0,0,0,0,0,0,0,0,0,0}; 
Previous 28: main:base:1=7; main:count:1=5; main:old_:1={99,99,99,99,99,99,99,99,99,0}; main:new_:1={98,99,99,99,99,99,99,99,99,0}; 
Previous 29: main:base:1=0; main:count:1=-1; main:old_:1={1,0,0,0,0,0,0,0,0,0}; main:new_:1={2,0,0,0,0,0,0,0,0,0}; 
Previous 30: main:base:1=1; main:count:1=0; main:old_:1={5,0,0,0,0,0,0,0,0,0}; main:new_:1={0,0,0,0,0,0,0,0,0,0}; 
Previous 31: main:base:1=10; main:count:1=5; main:old_:1={0,0,0,0,0,0,0,0,0,0}; main:new_:1={1,0,0,0,0,0,0,0,0,0}; 

Program:
extern int __VERIFIER_nondet_int(void);
/*
Commit Number: 358a11a928cdca474c82472a2ca0d619426439f1
URL: https://github.com/brltty/brltty/commit/358a11a928cdca474c82472a2ca0d619426439f1
Project Name: brltty
License: LGPL-2.1
termination: FALSE
*/
int main()
{
    int i = 0;
    int base = __VERIFIER_nondet_int();
    int count = __VERIFIER_nondet_int();
    int old_[10];
    int new_[10];
    for( int j = 0 ; j < 9 ; j++ )
    {
        old_[j] = __VERIFIER_nondet_int();
        new_[j] = __VERIFIER_nondet_int();
    }
    old_[9] = 0;
    new_[9] = 0;
    while(1)
    {
        int number = base;
        while( old_[i] != new_[i] )
        {
            if( ++number == count )
                goto done;
        }
        i++;
        base += 8;
    }
done:
    return 0;
}

"
38,NT,"main:base:1=42
main:count:1=999999
main:old_:1={7,7,7,7,7,7,7,7,7,0}
main:new_:1={7,7,7,7,7,7,7,7,7,0}
",,COMPLETED,T,false,,"You generate concrete values for nondeterministic inputs in a C/C++ program.
Your goal is to produce ONE complete assignment set that is likely to make the program not terminate.

Important rules:
1. Return a value for EVERY listed nondeterministic input ID.
2. Use each ID exactly once.
3. Respect the declared C/C++ type.
4. For an array, return the value as an array containing exactly the required number of elements.
5. For char arrays, each element must be exactly one character. Return the character itself without C single quotes.
6. Prefer small-magnitude values unless larger values are necessary to achieve the requested execution behavior.

Nondeterministic inputs:
- id: main:base:1, type: int
- id: main:count:1, type: int
- id: main:old_:1, type: int, array: true, size: 10, required elements: 10
- id: main:new_:1, type: int, array: true, size: 10, required elements: 10

Previously generated assignment sets are listed below. Generate a materially different set and do not duplicate any of them.
Previous 1: main:base:1=2; main:count:1=5; main:old_:1={0,0,0,0,0,0,0,0,0,0}; main:new_:1={1,0,0,0,0,0,0,0,0,0}; 
Previous 2: main:base:1=3; main:count:1=10; main:old_:1={0,0,0,0,0,0,0,0,0,0}; main:new_:1={0,0,0,1,0,0,0,0,0,0}; 
Previous 3: main:base:1=1; main:count:1=10; main:old_:1={0,2,3,4,5,6,7,8,9,0}; main:new_:1={1,2,3,4,5,6,7,8,9,0}; 
Previous 4: main:base:1=0; main:count:1=1; main:old_:1={0,0,0,0,0,0,0,0,0,0}; main:new_:1={1,0,0,0,0,0,0,0,0,0}; 
Previous 5: main:base:1=4; main:count:1=5; main:old_:1={1,0,0,0,0,0,0,0,0,0}; main:new_:1={0,0,0,0,0,0,0,0,0,0}; 
Previous 6: main:base:1=0; main:count:1=3; main:old_:1={0,0,0,0,0,0,0,0,0,0}; main:new_:1={1,0,0,0,0,0,0,0,0,0}; 
Previous 7: main:base:1=4; main:count:1=9; main:old_:1={0,1,2,3,4,5,6,7,8,0}; main:new_:1={1,1,2,3,4,5,6,7,8,0}; 
Previous 8: main:base:1=1; main:count:1=3; main:old_:1={0,0,0,0,0,0,0,0,0,0}; main:new_:1={1,0,0,0,0,0,0,0,0,0}; 
Previous 9: main:base:1=0; main:count:1=5; main:old_:1={0,0,0,0,0,0,0,0,0,0}; main:new_:1={5,0,0,0,0,0,0,0,0,0}; 
Previous 10: main:base:1=2022; main:count:1=2022; main:old_:1={0,0,0,0,0,0,0,0,0,0}; main:new_:1={3,0,0,0,0,0,0,0,0,0}; 
Previous 11: main:base:1=5; main:count:1=0; main:old_:1={1,2,3,4,5,6,7,8,9,0}; main:new_:1={2,3,4,5,6,7,8,9,0,0}; 
Previous 12: main:base:1=1; main:count:1=0; main:old_:1={1,0,0,0,0,0,0,0,0,0}; main:new_:1={2,0,0,0,0,0,0,0,0,0}; 
Previous 13: main:base:1=0; main:count:1=0; main:old_:1={0,0,0,0,0,0,0,0,0,0}; main:new_:1={0,0,0,0,0,0,0,0,0,0}; 
Previous 14: main:base:1=7; main:count:1=0; main:old_:1={5,0,0,0,0,0,0,0,0,0}; main:new_:1={0,0,0,0,0,0,0,0,0,0}; 
Previous 15: main:base:1=5; main:count:1=2; main:old_:1={1,1,1,1,1,1,1,1,1,1}; main:new_:1={1,1,1,1,1,1,1,1,1,1}; 
Previous 16: main:base:1=10; main:count:1=5; main:old_:1={1,0,0,0,0,0,0,0,0,0}; main:new_:1={0,0,0,0,0,0,0,0,0,0}; 
Previous 17: main:base:1=0; main:count:1=9999; main:old_:1={0,0,0,0,0,0,0,0,0,0}; main:new_:1={0,0,0,0,0,0,0,0,0,0}; 
Previous 18: main:base:1=2; main:count:1=1; main:old_:1={1,0,0,0,0,0,0,0,0,0}; main:new_:1={0,0,0,0,0,0,0,0,0,0}; 
Previous 19: main:base:1=5; main:count:1=3; main:old_:1={0,0,0,0,0,0,0,0,0,0}; main:new_:1={1,0,0,0,0,0,0,0,0,0}; 
Previous 20: main:base:1=0; main:count:1=0; main:old_:1={2,2,2,2,2,2,2,2,2,2}; main:new_:1={2,2,2,2,2,2,2,2,2,2}; 
Previous 21: main:base:1=1; main:count:1=0; main:old_:1={1,0,0,0,0,0,0,0,0,0}; main:new_:1={0,0,0,0,0,0,0,0,0,0}; 
Previous 22: main:base:1=0; main:count:1=0; main:old_:1={1,0,0,0,0,0,0,0,0,0}; main:new_:1={0,0,0,0,0,0,0,0,0,0}; 
Previous 23: main:base:1=1; main:count:1=1; main:old_:1={1,0,0,0,0,0,0,0,0,0}; main:new_:1={0,0,0,0,0,0,0,0,0,0}; 
Previous 24: main:base:1=5; main:count:1=-1; main:old_:1={1,0,0,0,0,0,0,0,0,0}; main:new_:1={2,0,0,0,0,0,0,0,0,0}; 
Previous 25: main:base:1=1000; main:count:1=0; main:old_:1={0,0,0,0,0,0,0,0,0,0}; main:new_:1={1,1,1,1,1,1,1,1,1,0}; 
Previous 26: main:base:1=10; main:count:1=0; main:old_:1={1,0,0,0,0,0,0,0,0,0}; main:new_:1={2,0,0,0,0,0,0,0,0,0}; 
Previous 27: main:base:1=0; main:count:1=-1; main:old_:1={1,0,0,0,0,0,0,0,0,0}; main:new_:1={0,0,0,0,0,0,0,0,0,0}; 
Previous 28: main:base:1=7; main:count:1=5; main:old_:1={99,99,99,99,99,99,99,99,99,0}; main:new_:1={98,99,99,99,99,99,99,99,99,0}; 
Previous 29: main:base:1=0; main:count:1=-1; main:old_:1={1,0,0,0,0,0,0,0,0,0}; main:new_:1={2,0,0,0,0,0,0,0,0,0}; 
Previous 30: main:base:1=1; main:count:1=0; main:old_:1={5,0,0,0,0,0,0,0,0,0}; main:new_:1={0,0,0,0,0,0,0,0,0,0}; 
Previous 31: main:base:1=10; main:count:1=5; main:old_:1={0,0,0,0,0,0,0,0,0,0}; main:new_:1={1,0,0,0,0,0,0,0,0,0}; 
Previous 32: main:base:1=-500000; main:count:1=-1000000; main:old_:1={0,1,2,3,4,5,6,7,8,0}; main:new_:1={1,2,3,4,5,6,7,8,9,0}; 

Program:
extern int __VERIFIER_nondet_int(void);
/*
Commit Number: 358a11a928cdca474c82472a2ca0d619426439f1
URL: https://github.com/brltty/brltty/commit/358a11a928cdca474c82472a2ca0d619426439f1
Project Name: brltty
License: LGPL-2.1
termination: FALSE
*/
int main()
{
    int i = 0;
    int base = __VERIFIER_nondet_int();
    int count = __VERIFIER_nondet_int();
    int old_[10];
    int new_[10];
    for( int j = 0 ; j < 9 ; j++ )
    {
        old_[j] = __VERIFIER_nondet_int();
        new_[j] = __VERIFIER_nondet_int();
    }
    old_[9] = 0;
    new_[9] = 0;
    while(1)
    {
        int number = base;
        while( old_[i] != new_[i] )
        {
            if( ++number == count )
                goto done;
        }
        i++;
        base += 8;
    }
done:
    return 0;
}

"
39,NT,"main:base:1=10
main:count:1=1
main:old_:1={1,2,3,4,5,6,7,8,9,0}
main:new_:1={2,0,0,0,0,0,0,0,0,0}
",,COMPLETED,T,false,,"You generate concrete values for nondeterministic inputs in a C/C++ program.
Your goal is to produce ONE complete assignment set that is likely to make the program not terminate.

Important rules:
1. Return a value for EVERY listed nondeterministic input ID.
2. Use each ID exactly once.
3. Respect the declared C/C++ type.
4. For an array, return the value as an array containing exactly the required number of elements.
5. For char arrays, each element must be exactly one character. Return the character itself without C single quotes.
6. Prefer small-magnitude values unless larger values are necessary to achieve the requested execution behavior.

Nondeterministic inputs:
- id: main:base:1, type: int
- id: main:count:1, type: int
- id: main:old_:1, type: int, array: true, size: 10, required elements: 10
- id: main:new_:1, type: int, array: true, size: 10, required elements: 10

Previously generated assignment sets are listed below. Generate a materially different set and do not duplicate any of them.
Previous 1: main:base:1=2; main:count:1=5; main:old_:1={0,0,0,0,0,0,0,0,0,0}; main:new_:1={1,0,0,0,0,0,0,0,0,0}; 
Previous 2: main:base:1=3; main:count:1=10; main:old_:1={0,0,0,0,0,0,0,0,0,0}; main:new_:1={0,0,0,1,0,0,0,0,0,0}; 
Previous 3: main:base:1=1; main:count:1=10; main:old_:1={0,2,3,4,5,6,7,8,9,0}; main:new_:1={1,2,3,4,5,6,7,8,9,0}; 
Previous 4: main:base:1=0; main:count:1=1; main:old_:1={0,0,0,0,0,0,0,0,0,0}; main:new_:1={1,0,0,0,0,0,0,0,0,0}; 
Previous 5: main:base:1=4; main:count:1=5; main:old_:1={1,0,0,0,0,0,0,0,0,0}; main:new_:1={0,0,0,0,0,0,0,0,0,0}; 
Previous 6: main:base:1=0; main:count:1=3; main:old_:1={0,0,0,0,0,0,0,0,0,0}; main:new_:1={1,0,0,0,0,0,0,0,0,0}; 
Previous 7: main:base:1=4; main:count:1=9; main:old_:1={0,1,2,3,4,5,6,7,8,0}; main:new_:1={1,1,2,3,4,5,6,7,8,0}; 
Previous 8: main:base:1=1; main:count:1=3; main:old_:1={0,0,0,0,0,0,0,0,0,0}; main:new_:1={1,0,0,0,0,0,0,0,0,0}; 
Previous 9: main:base:1=0; main:count:1=5; main:old_:1={0,0,0,0,0,0,0,0,0,0}; main:new_:1={5,0,0,0,0,0,0,0,0,0}; 
Previous 10: main:base:1=2022; main:count:1=2022; main:old_:1={0,0,0,0,0,0,0,0,0,0}; main:new_:1={3,0,0,0,0,0,0,0,0,0}; 
Previous 11: main:base:1=5; main:count:1=0; main:old_:1={1,2,3,4,5,6,7,8,9,0}; main:new_:1={2,3,4,5,6,7,8,9,0,0}; 
Previous 12: main:base:1=1; main:count:1=0; main:old_:1={1,0,0,0,0,0,0,0,0,0}; main:new_:1={2,0,0,0,0,0,0,0,0,0}; 
Previous 13: main:base:1=0; main:count:1=0; main:old_:1={0,0,0,0,0,0,0,0,0,0}; main:new_:1={0,0,0,0,0,0,0,0,0,0}; 
Previous 14: main:base:1=7; main:count:1=0; main:old_:1={5,0,0,0,0,0,0,0,0,0}; main:new_:1={0,0,0,0,0,0,0,0,0,0}; 
Previous 15: main:base:1=5; main:count:1=2; main:old_:1={1,1,1,1,1,1,1,1,1,1}; main:new_:1={1,1,1,1,1,1,1,1,1,1}; 
Previous 16: main:base:1=10; main:count:1=5; main:old_:1={1,0,0,0,0,0,0,0,0,0}; main:new_:1={0,0,0,0,0,0,0,0,0,0}; 
Previous 17: main:base:1=0; main:count:1=9999; main:old_:1={0,0,0,0,0,0,0,0,0,0}; main:new_:1={0,0,0,0,0,0,0,0,0,0}; 
Previous 18: main:base:1=2; main:count:1=1; main:old_:1={1,0,0,0,0,0,0,0,0,0}; main:new_:1={0,0,0,0,0,0,0,0,0,0}; 
Previous 19: main:base:1=5; main:count:1=3; main:old_:1={0,0,0,0,0,0,0,0,0,0}; main:new_:1={1,0,0,0,0,0,0,0,0,0}; 
Previous 20: main:base:1=0; main:count:1=0; main:old_:1={2,2,2,2,2,2,2,2,2,2}; main:new_:1={2,2,2,2,2,2,2,2,2,2}; 
Previous 21: main:base:1=1; main:count:1=0; main:old_:1={1,0,0,0,0,0,0,0,0,0}; main:new_:1={0,0,0,0,0,0,0,0,0,0}; 
Previous 22: main:base:1=0; main:count:1=0; main:old_:1={1,0,0,0,0,0,0,0,0,0}; main:new_:1={0,0,0,0,0,0,0,0,0,0}; 
Previous 23: main:base:1=1; main:count:1=1; main:old_:1={1,0,0,0,0,0,0,0,0,0}; main:new_:1={0,0,0,0,0,0,0,0,0,0}; 
Previous 24: main:base:1=5; main:count:1=-1; main:old_:1={1,0,0,0,0,0,0,0,0,0}; main:new_:1={2,0,0,0,0,0,0,0,0,0}; 
Previous 25: main:base:1=1000; main:count:1=0; main:old_:1={0,0,0,0,0,0,0,0,0,0}; main:new_:1={1,1,1,1,1,1,1,1,1,0}; 
Previous 26: main:base:1=10; main:count:1=0; main:old_:1={1,0,0,0,0,0,0,0,0,0}; main:new_:1={2,0,0,0,0,0,0,0,0,0}; 
Previous 27: main:base:1=0; main:count:1=-1; main:old_:1={1,0,0,0,0,0,0,0,0,0}; main:new_:1={0,0,0,0,0,0,0,0,0,0}; 
Previous 28: main:base:1=7; main:count:1=5; main:old_:1={99,99,99,99,99,99,99,99,99,0}; main:new_:1={98,99,99,99,99,99,99,99,99,0}; 
Previous 29: main:base:1=0; main:count:1=-1; main:old_:1={1,0,0,0,0,0,0,0,0,0}; main:new_:1={2,0,0,0,0,0,0,0,0,0}; 
Previous 30: main:base:1=1; main:count:1=0; main:old_:1={5,0,0,0,0,0,0,0,0,0}; main:new_:1={0,0,0,0,0,0,0,0,0,0}; 
Previous 31: main:base:1=10; main:count:1=5; main:old_:1={0,0,0,0,0,0,0,0,0,0}; main:new_:1={1,0,0,0,0,0,0,0,0,0}; 
Previous 32: main:base:1=-500000; main:count:1=-1000000; main:old_:1={0,1,2,3,4,5,6,7,8,0}; main:new_:1={1,2,3,4,5,6,7,8,9,0}; 
Previous 33: main:base:1=42; main:count:1=999999; main:old_:1={7,7,7,7,7,7,7,7,7,0}; main:new_:1={7,7,7,7,7,7,7,7,7,0}; 

Program:
extern int __VERIFIER_nondet_int(void);
/*
Commit Number: 358a11a928cdca474c82472a2ca0d619426439f1
URL: https://github.com/brltty/brltty/commit/358a11a928cdca474c82472a2ca0d619426439f1
Project Name: brltty
License: LGPL-2.1
termination: FALSE
*/
int main()
{
    int i = 0;
    int base = __VERIFIER_nondet_int();
    int count = __VERIFIER_nondet_int();
    int old_[10];
    int new_[10];
    for( int j = 0 ; j < 9 ; j++ )
    {
        old_[j] = __VERIFIER_nondet_int();
        new_[j] = __VERIFIER_nondet_int();
    }
    old_[9] = 0;
    new_[9] = 0;
    while(1)
    {
        int number = base;
        while( old_[i] != new_[i] )
        {
            if( ++number == count )
                goto done;
        }
        i++;
        base += 8;
    }
done:
    return 0;
}

"
40,NT,"main:base:1=0
main:count:1=0
main:old_:1={59,59,59,59,59,59,59,59,59,59}
main:new_:1={49,49,49,49,49,49,49,49,49,49}
",,COMPLETED,T,false,,"You generate concrete values for nondeterministic inputs in a C/C++ program.
Your goal is to produce ONE complete assignment set that is likely to make the program not terminate.

Important rules:
1. Return a value for EVERY listed nondeterministic input ID.
2. Use each ID exactly once.
3. Respect the declared C/C++ type.
4. For an array, return the value as an array containing exactly the required number of elements.
5. For char arrays, each element must be exactly one character. Return the character itself without C single quotes.
6. Prefer small-magnitude values unless larger values are necessary to achieve the requested execution behavior.

Nondeterministic inputs:
- id: main:base:1, type: int
- id: main:count:1, type: int
- id: main:old_:1, type: int, array: true, size: 10, required elements: 10
- id: main:new_:1, type: int, array: true, size: 10, required elements: 10

Previously generated assignment sets are listed below. Generate a materially different set and do not duplicate any of them.
Previous 1: main:base:1=2; main:count:1=5; main:old_:1={0,0,0,0,0,0,0,0,0,0}; main:new_:1={1,0,0,0,0,0,0,0,0,0}; 
Previous 2: main:base:1=3; main:count:1=10; main:old_:1={0,0,0,0,0,0,0,0,0,0}; main:new_:1={0,0,0,1,0,0,0,0,0,0}; 
Previous 3: main:base:1=1; main:count:1=10; main:old_:1={0,2,3,4,5,6,7,8,9,0}; main:new_:1={1,2,3,4,5,6,7,8,9,0}; 
Previous 4: main:base:1=0; main:count:1=1; main:old_:1={0,0,0,0,0,0,0,0,0,0}; main:new_:1={1,0,0,0,0,0,0,0,0,0}; 
Previous 5: main:base:1=4; main:count:1=5; main:old_:1={1,0,0,0,0,0,0,0,0,0}; main:new_:1={0,0,0,0,0,0,0,0,0,0}; 
Previous 6: main:base:1=0; main:count:1=3; main:old_:1={0,0,0,0,0,0,0,0,0,0}; main:new_:1={1,0,0,0,0,0,0,0,0,0}; 
Previous 7: main:base:1=4; main:count:1=9; main:old_:1={0,1,2,3,4,5,6,7,8,0}; main:new_:1={1,1,2,3,4,5,6,7,8,0}; 
Previous 8: main:base:1=1; main:count:1=3; main:old_:1={0,0,0,0,0,0,0,0,0,0}; main:new_:1={1,0,0,0,0,0,0,0,0,0}; 
Previous 9: main:base:1=0; main:count:1=5; main:old_:1={0,0,0,0,0,0,0,0,0,0}; main:new_:1={5,0,0,0,0,0,0,0,0,0}; 
Previous 10: main:base:1=2022; main:count:1=2022; main:old_:1={0,0,0,0,0,0,0,0,0,0}; main:new_:1={3,0,0,0,0,0,0,0,0,0}; 
Previous 11: main:base:1=5; main:count:1=0; main:old_:1={1,2,3,4,5,6,7,8,9,0}; main:new_:1={2,3,4,5,6,7,8,9,0,0}; 
Previous 12: main:base:1=1; main:count:1=0; main:old_:1={1,0,0,0,0,0,0,0,0,0}; main:new_:1={2,0,0,0,0,0,0,0,0,0}; 
Previous 13: main:base:1=0; main:count:1=0; main:old_:1={0,0,0,0,0,0,0,0,0,0}; main:new_:1={0,0,0,0,0,0,0,0,0,0}; 
Previous 14: main:base:1=7; main:count:1=0; main:old_:1={5,0,0,0,0,0,0,0,0,0}; main:new_:1={0,0,0,0,0,0,0,0,0,0}; 
Previous 15: main:base:1=5; main:count:1=2; main:old_:1={1,1,1,1,1,1,1,1,1,1}; main:new_:1={1,1,1,1,1,1,1,1,1,1}; 
Previous 16: main:base:1=10; main:count:1=5; main:old_:1={1,0,0,0,0,0,0,0,0,0}; main:new_:1={0,0,0,0,0,0,0,0,0,0}; 
Previous 17: main:base:1=0; main:count:1=9999; main:old_:1={0,0,0,0,0,0,0,0,0,0}; main:new_:1={0,0,0,0,0,0,0,0,0,0}; 
Previous 18: main:base:1=2; main:count:1=1; main:old_:1={1,0,0,0,0,0,0,0,0,0}; main:new_:1={0,0,0,0,0,0,0,0,0,0}; 
Previous 19: main:base:1=5; main:count:1=3; main:old_:1={0,0,0,0,0,0,0,0,0,0}; main:new_:1={1,0,0,0,0,0,0,0,0,0}; 
Previous 20: main:base:1=0; main:count:1=0; main:old_:1={2,2,2,2,2,2,2,2,2,2}; main:new_:1={2,2,2,2,2,2,2,2,2,2}; 
Previous 21: main:base:1=1; main:count:1=0; main:old_:1={1,0,0,0,0,0,0,0,0,0}; main:new_:1={0,0,0,0,0,0,0,0,0,0}; 
Previous 22: main:base:1=0; main:count:1=0; main:old_:1={1,0,0,0,0,0,0,0,0,0}; main:new_:1={0,0,0,0,0,0,0,0,0,0}; 
Previous 23: main:base:1=1; main:count:1=1; main:old_:1={1,0,0,0,0,0,0,0,0,0}; main:new_:1={0,0,0,0,0,0,0,0,0,0}; 
Previous 24: main:base:1=5; main:count:1=-1; main:old_:1={1,0,0,0,0,0,0,0,0,0}; main:new_:1={2,0,0,0,0,0,0,0,0,0}; 
Previous 25: main:base:1=1000; main:count:1=0; main:old_:1={0,0,0,0,0,0,0,0,0,0}; main:new_:1={1,1,1,1,1,1,1,1,1,0}; 
Previous 26: main:base:1=10; main:count:1=0; main:old_:1={1,0,0,0,0,0,0,0,0,0}; main:new_:1={2,0,0,0,0,0,0,0,0,0}; 
Previous 27: main:base:1=0; main:count:1=-1; main:old_:1={1,0,0,0,0,0,0,0,0,0}; main:new_:1={0,0,0,0,0,0,0,0,0,0}; 
Previous 28: main:base:1=7; main:count:1=5; main:old_:1={99,99,99,99,99,99,99,99,99,0}; main:new_:1={98,99,99,99,99,99,99,99,99,0}; 
Previous 29: main:base:1=0; main:count:1=-1; main:old_:1={1,0,0,0,0,0,0,0,0,0}; main:new_:1={2,0,0,0,0,0,0,0,0,0}; 
Previous 30: main:base:1=1; main:count:1=0; main:old_:1={5,0,0,0,0,0,0,0,0,0}; main:new_:1={0,0,0,0,0,0,0,0,0,0}; 
Previous 31: main:base:1=10; main:count:1=5; main:old_:1={0,0,0,0,0,0,0,0,0,0}; main:new_:1={1,0,0,0,0,0,0,0,0,0}; 
Previous 32: main:base:1=-500000; main:count:1=-1000000; main:old_:1={0,1,2,3,4,5,6,7,8,0}; main:new_:1={1,2,3,4,5,6,7,8,9,0}; 
Previous 33: main:base:1=42; main:count:1=999999; main:old_:1={7,7,7,7,7,7,7,7,7,0}; main:new_:1={7,7,7,7,7,7,7,7,7,0}; 
Previous 34: main:base:1=10; main:count:1=1; main:old_:1={1,2,3,4,5,6,7,8,9,0}; main:new_:1={2,0,0,0,0,0,0,0,0,0}; 

Program:
extern int __VERIFIER_nondet_int(void);
/*
Commit Number: 358a11a928cdca474c82472a2ca0d619426439f1
URL: https://github.com/brltty/brltty/commit/358a11a928cdca474c82472a2ca0d619426439f1
Project Name: brltty
License: LGPL-2.1
termination: FALSE
*/
int main()
{
    int i = 0;
    int base = __VERIFIER_nondet_int();
    int count = __VERIFIER_nondet_int();
    int old_[10];
    int new_[10];
    for( int j = 0 ; j < 9 ; j++ )
    {
        old_[j] = __VERIFIER_nondet_int();
        new_[j] = __VERIFIER_nondet_int();
    }
    old_[9] = 0;
    new_[9] = 0;
    while(1)
    {
        int number = base;
        while( old_[i] != new_[i] )
        {
            if( ++number == count )
                goto done;
        }
        i++;
        base += 8;
    }
done:
    return 0;
}

"
41,NT,"main:base:1=5
main:count:1=3
main:old_:1={1727,1728,1729,1730,1731,1732,1733,1734,1735,1736}
main:new_:1={0,0,0,0,0,0,0,0,0,0}
",,COMPLETED,T,false,,"You generate concrete values for nondeterministic inputs in a C/C++ program.
Your goal is to produce ONE complete assignment set that is likely to make the program not terminate.

Important rules:
1. Return a value for EVERY listed nondeterministic input ID.
2. Use each ID exactly once.
3. Respect the declared C/C++ type.
4. For an array, return the value as an array containing exactly the required number of elements.
5. For char arrays, each element must be exactly one character. Return the character itself without C single quotes.
6. Prefer small-magnitude values unless larger values are necessary to achieve the requested execution behavior.

Nondeterministic inputs:
- id: main:base:1, type: int
- id: main:count:1, type: int
- id: main:old_:1, type: int, array: true, size: 10, required elements: 10
- id: main:new_:1, type: int, array: true, size: 10, required elements: 10

Previously generated assignment sets are listed below. Generate a materially different set and do not duplicate any of them.
Previous 1: main:base:1=2; main:count:1=5; main:old_:1={0,0,0,0,0,0,0,0,0,0}; main:new_:1={1,0,0,0,0,0,0,0,0,0}; 
Previous 2: main:base:1=3; main:count:1=10; main:old_:1={0,0,0,0,0,0,0,0,0,0}; main:new_:1={0,0,0,1,0,0,0,0,0,0}; 
Previous 3: main:base:1=1; main:count:1=10; main:old_:1={0,2,3,4,5,6,7,8,9,0}; main:new_:1={1,2,3,4,5,6,7,8,9,0}; 
Previous 4: main:base:1=0; main:count:1=1; main:old_:1={0,0,0,0,0,0,0,0,0,0}; main:new_:1={1,0,0,0,0,0,0,0,0,0}; 
Previous 5: main:base:1=4; main:count:1=5; main:old_:1={1,0,0,0,0,0,0,0,0,0}; main:new_:1={0,0,0,0,0,0,0,0,0,0}; 
Previous 6: main:base:1=0; main:count:1=3; main:old_:1={0,0,0,0,0,0,0,0,0,0}; main:new_:1={1,0,0,0,0,0,0,0,0,0}; 
Previous 7: main:base:1=4; main:count:1=9; main:old_:1={0,1,2,3,4,5,6,7,8,0}; main:new_:1={1,1,2,3,4,5,6,7,8,0}; 
Previous 8: main:base:1=1; main:count:1=3; main:old_:1={0,0,0,0,0,0,0,0,0,0}; main:new_:1={1,0,0,0,0,0,0,0,0,0}; 
Previous 9: main:base:1=0; main:count:1=5; main:old_:1={0,0,0,0,0,0,0,0,0,0}; main:new_:1={5,0,0,0,0,0,0,0,0,0}; 
Previous 10: main:base:1=2022; main:count:1=2022; main:old_:1={0,0,0,0,0,0,0,0,0,0}; main:new_:1={3,0,0,0,0,0,0,0,0,0}; 
Previous 11: main:base:1=5; main:count:1=0; main:old_:1={1,2,3,4,5,6,7,8,9,0}; main:new_:1={2,3,4,5,6,7,8,9,0,0}; 
Previous 12: main:base:1=1; main:count:1=0; main:old_:1={1,0,0,0,0,0,0,0,0,0}; main:new_:1={2,0,0,0,0,0,0,0,0,0}; 
Previous 13: main:base:1=0; main:count:1=0; main:old_:1={0,0,0,0,0,0,0,0,0,0}; main:new_:1={0,0,0,0,0,0,0,0,0,0}; 
Previous 14: main:base:1=7; main:count:1=0; main:old_:1={5,0,0,0,0,0,0,0,0,0}; main:new_:1={0,0,0,0,0,0,0,0,0,0}; 
Previous 15: main:base:1=5; main:count:1=2; main:old_:1={1,1,1,1,1,1,1,1,1,1}; main:new_:1={1,1,1,1,1,1,1,1,1,1}; 
Previous 16: main:base:1=10; main:count:1=5; main:old_:1={1,0,0,0,0,0,0,0,0,0}; main:new_:1={0,0,0,0,0,0,0,0,0,0}; 
Previous 17: main:base:1=0; main:count:1=9999; main:old_:1={0,0,0,0,0,0,0,0,0,0}; main:new_:1={0,0,0,0,0,0,0,0,0,0}; 
Previous 18: main:base:1=2; main:count:1=1; main:old_:1={1,0,0,0,0,0,0,0,0,0}; main:new_:1={0,0,0,0,0,0,0,0,0,0}; 
Previous 19: main:base:1=5; main:count:1=3; main:old_:1={0,0,0,0,0,0,0,0,0,0}; main:new_:1={1,0,0,0,0,0,0,0,0,0}; 
Previous 20: main:base:1=0; main:count:1=0; main:old_:1={2,2,2,2,2,2,2,2,2,2}; main:new_:1={2,2,2,2,2,2,2,2,2,2}; 
Previous 21: main:base:1=1; main:count:1=0; main:old_:1={1,0,0,0,0,0,0,0,0,0}; main:new_:1={0,0,0,0,0,0,0,0,0,0}; 
Previous 22: main:base:1=0; main:count:1=0; main:old_:1={1,0,0,0,0,0,0,0,0,0}; main:new_:1={0,0,0,0,0,0,0,0,0,0}; 
Previous 23: main:base:1=1; main:count:1=1; main:old_:1={1,0,0,0,0,0,0,0,0,0}; main:new_:1={0,0,0,0,0,0,0,0,0,0}; 
Previous 24: main:base:1=5; main:count:1=-1; main:old_:1={1,0,0,0,0,0,0,0,0,0}; main:new_:1={2,0,0,0,0,0,0,0,0,0}; 
Previous 25: main:base:1=1000; main:count:1=0; main:old_:1={0,0,0,0,0,0,0,0,0,0}; main:new_:1={1,1,1,1,1,1,1,1,1,0}; 
Previous 26: main:base:1=10; main:count:1=0; main:old_:1={1,0,0,0,0,0,0,0,0,0}; main:new_:1={2,0,0,0,0,0,0,0,0,0}; 
Previous 27: main:base:1=0; main:count:1=-1; main:old_:1={1,0,0,0,0,0,0,0,0,0}; main:new_:1={0,0,0,0,0,0,0,0,0,0}; 
Previous 28: main:base:1=7; main:count:1=5; main:old_:1={99,99,99,99,99,99,99,99,99,0}; main:new_:1={98,99,99,99,99,99,99,99,99,0}; 
Previous 29: main:base:1=0; main:count:1=-1; main:old_:1={1,0,0,0,0,0,0,0,0,0}; main:new_:1={2,0,0,0,0,0,0,0,0,0}; 
Previous 30: main:base:1=1; main:count:1=0; main:old_:1={5,0,0,0,0,0,0,0,0,0}; main:new_:1={0,0,0,0,0,0,0,0,0,0}; 
Previous 31: main:base:1=10; main:count:1=5; main:old_:1={0,0,0,0,0,0,0,0,0,0}; main:new_:1={1,0,0,0,0,0,0,0,0,0}; 
Previous 32: main:base:1=-500000; main:count:1=-1000000; main:old_:1={0,1,2,3,4,5,6,7,8,0}; main:new_:1={1,2,3,4,5,6,7,8,9,0}; 
Previous 33: main:base:1=42; main:count:1=999999; main:old_:1={7,7,7,7,7,7,7,7,7,0}; main:new_:1={7,7,7,7,7,7,7,7,7,0}; 
Previous 34: main:base:1=10; main:count:1=1; main:old_:1={1,2,3,4,5,6,7,8,9,0}; main:new_:1={2,0,0,0,0,0,0,0,0,0}; 
Previous 35: main:base:1=0; main:count:1=0; main:old_:1={59,59,59,59,59,59,59,59,59,59}; main:new_:1={49,49,49,49,49,49,49,49,49,49}; 

Program:
extern int __VERIFIER_nondet_int(void);
/*
Commit Number: 358a11a928cdca474c82472a2ca0d619426439f1
URL: https://github.com/brltty/brltty/commit/358a11a928cdca474c82472a2ca0d619426439f1
Project Name: brltty
License: LGPL-2.1
termination: FALSE
*/
int main()
{
    int i = 0;
    int base = __VERIFIER_nondet_int();
    int count = __VERIFIER_nondet_int();
    int old_[10];
    int new_[10];
    for( int j = 0 ; j < 9 ; j++ )
    {
        old_[j] = __VERIFIER_nondet_int();
        new_[j] = __VERIFIER_nondet_int();
    }
    old_[9] = 0;
    new_[9] = 0;
    while(1)
    {
        int number = base;
        while( old_[i] != new_[i] )
        {
            if( ++number == count )
                goto done;
        }
        i++;
        base += 8;
    }
done:
    return 0;
}

"
42,NT,"main:base:1=5
main:count:1=0
main:old_:1={0,0,0,0,0,0,0,0,0,0}
main:new_:1={0,0,0,0,0,0,0,0,0,0}
",,COMPLETED,T,false,,"You generate concrete values for nondeterministic inputs in a C/C++ program.
Your goal is to produce ONE complete assignment set that is likely to make the program not terminate.

Important rules:
1. Return a value for EVERY listed nondeterministic input ID.
2. Use each ID exactly once.
3. Respect the declared C/C++ type.
4. For an array, return the value as an array containing exactly the required number of elements.
5. For char arrays, each element must be exactly one character. Return the character itself without C single quotes.
6. Prefer small-magnitude values unless larger values are necessary to achieve the requested execution behavior.

Nondeterministic inputs:
- id: main:base:1, type: int
- id: main:count:1, type: int
- id: main:old_:1, type: int, array: true, size: 10, required elements: 10
- id: main:new_:1, type: int, array: true, size: 10, required elements: 10

Previously generated assignment sets are listed below. Generate a materially different set and do not duplicate any of them.
Previous 1: main:base:1=2; main:count:1=5; main:old_:1={0,0,0,0,0,0,0,0,0,0}; main:new_:1={1,0,0,0,0,0,0,0,0,0}; 
Previous 2: main:base:1=3; main:count:1=10; main:old_:1={0,0,0,0,0,0,0,0,0,0}; main:new_:1={0,0,0,1,0,0,0,0,0,0}; 
Previous 3: main:base:1=1; main:count:1=10; main:old_:1={0,2,3,4,5,6,7,8,9,0}; main:new_:1={1,2,3,4,5,6,7,8,9,0}; 
Previous 4: main:base:1=0; main:count:1=1; main:old_:1={0,0,0,0,0,0,0,0,0,0}; main:new_:1={1,0,0,0,0,0,0,0,0,0}; 
Previous 5: main:base:1=4; main:count:1=5; main:old_:1={1,0,0,0,0,0,0,0,0,0}; main:new_:1={0,0,0,0,0,0,0,0,0,0}; 
Previous 6: main:base:1=0; main:count:1=3; main:old_:1={0,0,0,0,0,0,0,0,0,0}; main:new_:1={1,0,0,0,0,0,0,0,0,0}; 
Previous 7: main:base:1=4; main:count:1=9; main:old_:1={0,1,2,3,4,5,6,7,8,0}; main:new_:1={1,1,2,3,4,5,6,7,8,0}; 
Previous 8: main:base:1=1; main:count:1=3; main:old_:1={0,0,0,0,0,0,0,0,0,0}; main:new_:1={1,0,0,0,0,0,0,0,0,0}; 
Previous 9: main:base:1=0; main:count:1=5; main:old_:1={0,0,0,0,0,0,0,0,0,0}; main:new_:1={5,0,0,0,0,0,0,0,0,0}; 
Previous 10: main:base:1=2022; main:count:1=2022; main:old_:1={0,0,0,0,0,0,0,0,0,0}; main:new_:1={3,0,0,0,0,0,0,0,0,0}; 
Previous 11: main:base:1=5; main:count:1=0; main:old_:1={1,2,3,4,5,6,7,8,9,0}; main:new_:1={2,3,4,5,6,7,8,9,0,0}; 
Previous 12: main:base:1=1; main:count:1=0; main:old_:1={1,0,0,0,0,0,0,0,0,0}; main:new_:1={2,0,0,0,0,0,0,0,0,0}; 
Previous 13: main:base:1=0; main:count:1=0; main:old_:1={0,0,0,0,0,0,0,0,0,0}; main:new_:1={0,0,0,0,0,0,0,0,0,0}; 
Previous 14: main:base:1=7; main:count:1=0; main:old_:1={5,0,0,0,0,0,0,0,0,0}; main:new_:1={0,0,0,0,0,0,0,0,0,0}; 
Previous 15: main:base:1=5; main:count:1=2; main:old_:1={1,1,1,1,1,1,1,1,1,1}; main:new_:1={1,1,1,1,1,1,1,1,1,1}; 
Previous 16: main:base:1=10; main:count:1=5; main:old_:1={1,0,0,0,0,0,0,0,0,0}; main:new_:1={0,0,0,0,0,0,0,0,0,0}; 
Previous 17: main:base:1=0; main:count:1=9999; main:old_:1={0,0,0,0,0,0,0,0,0,0}; main:new_:1={0,0,0,0,0,0,0,0,0,0}; 
Previous 18: main:base:1=2; main:count:1=1; main:old_:1={1,0,0,0,0,0,0,0,0,0}; main:new_:1={0,0,0,0,0,0,0,0,0,0}; 
Previous 19: main:base:1=5; main:count:1=3; main:old_:1={0,0,0,0,0,0,0,0,0,0}; main:new_:1={1,0,0,0,0,0,0,0,0,0}; 
Previous 20: main:base:1=0; main:count:1=0; main:old_:1={2,2,2,2,2,2,2,2,2,2}; main:new_:1={2,2,2,2,2,2,2,2,2,2}; 
Previous 21: main:base:1=1; main:count:1=0; main:old_:1={1,0,0,0,0,0,0,0,0,0}; main:new_:1={0,0,0,0,0,0,0,0,0,0}; 
Previous 22: main:base:1=0; main:count:1=0; main:old_:1={1,0,0,0,0,0,0,0,0,0}; main:new_:1={0,0,0,0,0,0,0,0,0,0}; 
Previous 23: main:base:1=1; main:count:1=1; main:old_:1={1,0,0,0,0,0,0,0,0,0}; main:new_:1={0,0,0,0,0,0,0,0,0,0}; 
Previous 24: main:base:1=5; main:count:1=-1; main:old_:1={1,0,0,0,0,0,0,0,0,0}; main:new_:1={2,0,0,0,0,0,0,0,0,0}; 
Previous 25: main:base:1=1000; main:count:1=0; main:old_:1={0,0,0,0,0,0,0,0,0,0}; main:new_:1={1,1,1,1,1,1,1,1,1,0}; 
Previous 26: main:base:1=10; main:count:1=0; main:old_:1={1,0,0,0,0,0,0,0,0,0}; main:new_:1={2,0,0,0,0,0,0,0,0,0}; 
Previous 27: main:base:1=0; main:count:1=-1; main:old_:1={1,0,0,0,0,0,0,0,0,0}; main:new_:1={0,0,0,0,0,0,0,0,0,0}; 
Previous 28: main:base:1=7; main:count:1=5; main:old_:1={99,99,99,99,99,99,99,99,99,0}; main:new_:1={98,99,99,99,99,99,99,99,99,0}; 
Previous 29: main:base:1=0; main:count:1=-1; main:old_:1={1,0,0,0,0,0,0,0,0,0}; main:new_:1={2,0,0,0,0,0,0,0,0,0}; 
Previous 30: main:base:1=1; main:count:1=0; main:old_:1={5,0,0,0,0,0,0,0,0,0}; main:new_:1={0,0,0,0,0,0,0,0,0,0}; 
Previous 31: main:base:1=10; main:count:1=5; main:old_:1={0,0,0,0,0,0,0,0,0,0}; main:new_:1={1,0,0,0,0,0,0,0,0,0}; 
Previous 32: main:base:1=-500000; main:count:1=-1000000; main:old_:1={0,1,2,3,4,5,6,7,8,0}; main:new_:1={1,2,3,4,5,6,7,8,9,0}; 
Previous 33: main:base:1=42; main:count:1=999999; main:old_:1={7,7,7,7,7,7,7,7,7,0}; main:new_:1={7,7,7,7,7,7,7,7,7,0}; 
Previous 34: main:base:1=10; main:count:1=1; main:old_:1={1,2,3,4,5,6,7,8,9,0}; main:new_:1={2,0,0,0,0,0,0,0,0,0}; 
Previous 35: main:base:1=0; main:count:1=0; main:old_:1={59,59,59,59,59,59,59,59,59,59}; main:new_:1={49,49,49,49,49,49,49,49,49,49}; 
Previous 36: main:base:1=5; main:count:1=3; main:old_:1={1727,1728,1729,1730,1731,1732,1733,1734,1735,1736}; main:new_:1={0,0,0,0,0,0,0,0,0,0}; 

Program:
extern int __VERIFIER_nondet_int(void);
/*
Commit Number: 358a11a928cdca474c82472a2ca0d619426439f1
URL: https://github.com/brltty/brltty/commit/358a11a928cdca474c82472a2ca0d619426439f1
Project Name: brltty
License: LGPL-2.1
termination: FALSE
*/
int main()
{
    int i = 0;
    int base = __VERIFIER_nondet_int();
    int count = __VERIFIER_nondet_int();
    int old_[10];
    int new_[10];
    for( int j = 0 ; j < 9 ; j++ )
    {
        old_[j] = __VERIFIER_nondet_int();
        new_[j] = __VERIFIER_nondet_int();
    }
    old_[9] = 0;
    new_[9] = 0;
    while(1)
    {
        int number = base;
        while( old_[i] != new_[i] )
        {
            if( ++number == count )
                goto done;
        }
        i++;
        base += 8;
    }
done:
    return 0;
}

"
43,NT,"main:base:1=10
main:count:1=-1
main:old_:1={1,1,1,1,1,1,1,1,1,0}
main:new_:1={2,2,2,2,2,2,2,2,2,0}
",,COMPLETED,T,false,,"You generate concrete values for nondeterministic inputs in a C/C++ program.
Your goal is to produce ONE complete assignment set that is likely to make the program not terminate.

Important rules:
1. Return a value for EVERY listed nondeterministic input ID.
2. Use each ID exactly once.
3. Respect the declared C/C++ type.
4. For an array, return the value as an array containing exactly the required number of elements.
5. For char arrays, each element must be exactly one character. Return the character itself without C single quotes.
6. Prefer small-magnitude values unless larger values are necessary to achieve the requested execution behavior.

Nondeterministic inputs:
- id: main:base:1, type: int
- id: main:count:1, type: int
- id: main:old_:1, type: int, array: true, size: 10, required elements: 10
- id: main:new_:1, type: int, array: true, size: 10, required elements: 10

Previously generated assignment sets are listed below. Generate a materially different set and do not duplicate any of them.
Previous 1: main:base:1=2; main:count:1=5; main:old_:1={0,0,0,0,0,0,0,0,0,0}; main:new_:1={1,0,0,0,0,0,0,0,0,0}; 
Previous 2: main:base:1=3; main:count:1=10; main:old_:1={0,0,0,0,0,0,0,0,0,0}; main:new_:1={0,0,0,1,0,0,0,0,0,0}; 
Previous 3: main:base:1=1; main:count:1=10; main:old_:1={0,2,3,4,5,6,7,8,9,0}; main:new_:1={1,2,3,4,5,6,7,8,9,0}; 
Previous 4: main:base:1=0; main:count:1=1; main:old_:1={0,0,0,0,0,0,0,0,0,0}; main:new_:1={1,0,0,0,0,0,0,0,0,0}; 
Previous 5: main:base:1=4; main:count:1=5; main:old_:1={1,0,0,0,0,0,0,0,0,0}; main:new_:1={0,0,0,0,0,0,0,0,0,0}; 
Previous 6: main:base:1=0; main:count:1=3; main:old_:1={0,0,0,0,0,0,0,0,0,0}; main:new_:1={1,0,0,0,0,0,0,0,0,0}; 
Previous 7: main:base:1=4; main:count:1=9; main:old_:1={0,1,2,3,4,5,6,7,8,0}; main:new_:1={1,1,2,3,4,5,6,7,8,0}; 
Previous 8: main:base:1=1; main:count:1=3; main:old_:1={0,0,0,0,0,0,0,0,0,0}; main:new_:1={1,0,0,0,0,0,0,0,0,0}; 
Previous 9: main:base:1=0; main:count:1=5; main:old_:1={0,0,0,0,0,0,0,0,0,0}; main:new_:1={5,0,0,0,0,0,0,0,0,0}; 
Previous 10: main:base:1=2022; main:count:1=2022; main:old_:1={0,0,0,0,0,0,0,0,0,0}; main:new_:1={3,0,0,0,0,0,0,0,0,0}; 
Previous 11: main:base:1=5; main:count:1=0; main:old_:1={1,2,3,4,5,6,7,8,9,0}; main:new_:1={2,3,4,5,6,7,8,9,0,0}; 
Previous 12: main:base:1=1; main:count:1=0; main:old_:1={1,0,0,0,0,0,0,0,0,0}; main:new_:1={2,0,0,0,0,0,0,0,0,0}; 
Previous 13: main:base:1=0; main:count:1=0; main:old_:1={0,0,0,0,0,0,0,0,0,0}; main:new_:1={0,0,0,0,0,0,0,0,0,0}; 
Previous 14: main:base:1=7; main:count:1=0; main:old_:1={5,0,0,0,0,0,0,0,0,0}; main:new_:1={0,0,0,0,0,0,0,0,0,0}; 
Previous 15: main:base:1=5; main:count:1=2; main:old_:1={1,1,1,1,1,1,1,1,1,1}; main:new_:1={1,1,1,1,1,1,1,1,1,1}; 
Previous 16: main:base:1=10; main:count:1=5; main:old_:1={1,0,0,0,0,0,0,0,0,0}; main:new_:1={0,0,0,0,0,0,0,0,0,0}; 
Previous 17: main:base:1=0; main:count:1=9999; main:old_:1={0,0,0,0,0,0,0,0,0,0}; main:new_:1={0,0,0,0,0,0,0,0,0,0}; 
Previous 18: main:base:1=2; main:count:1=1; main:old_:1={1,0,0,0,0,0,0,0,0,0}; main:new_:1={0,0,0,0,0,0,0,0,0,0}; 
Previous 19: main:base:1=5; main:count:1=3; main:old_:1={0,0,0,0,0,0,0,0,0,0}; main:new_:1={1,0,0,0,0,0,0,0,0,0}; 
Previous 20: main:base:1=0; main:count:1=0; main:old_:1={2,2,2,2,2,2,2,2,2,2}; main:new_:1={2,2,2,2,2,2,2,2,2,2}; 
Previous 21: main:base:1=1; main:count:1=0; main:old_:1={1,0,0,0,0,0,0,0,0,0}; main:new_:1={0,0,0,0,0,0,0,0,0,0}; 
Previous 22: main:base:1=0; main:count:1=0; main:old_:1={1,0,0,0,0,0,0,0,0,0}; main:new_:1={0,0,0,0,0,0,0,0,0,0}; 
Previous 23: main:base:1=1; main:count:1=1; main:old_:1={1,0,0,0,0,0,0,0,0,0}; main:new_:1={0,0,0,0,0,0,0,0,0,0}; 
Previous 24: main:base:1=5; main:count:1=-1; main:old_:1={1,0,0,0,0,0,0,0,0,0}; main:new_:1={2,0,0,0,0,0,0,0,0,0}; 
Previous 25: main:base:1=1000; main:count:1=0; main:old_:1={0,0,0,0,0,0,0,0,0,0}; main:new_:1={1,1,1,1,1,1,1,1,1,0}; 
Previous 26: main:base:1=10; main:count:1=0; main:old_:1={1,0,0,0,0,0,0,0,0,0}; main:new_:1={2,0,0,0,0,0,0,0,0,0}; 
Previous 27: main:base:1=0; main:count:1=-1; main:old_:1={1,0,0,0,0,0,0,0,0,0}; main:new_:1={0,0,0,0,0,0,0,0,0,0}; 
Previous 28: main:base:1=7; main:count:1=5; main:old_:1={99,99,99,99,99,99,99,99,99,0}; main:new_:1={98,99,99,99,99,99,99,99,99,0}; 
Previous 29: main:base:1=0; main:count:1=-1; main:old_:1={1,0,0,0,0,0,0,0,0,0}; main:new_:1={2,0,0,0,0,0,0,0,0,0}; 
Previous 30: main:base:1=1; main:count:1=0; main:old_:1={5,0,0,0,0,0,0,0,0,0}; main:new_:1={0,0,0,0,0,0,0,0,0,0}; 
Previous 31: main:base:1=10; main:count:1=5; main:old_:1={0,0,0,0,0,0,0,0,0,0}; main:new_:1={1,0,0,0,0,0,0,0,0,0}; 
Previous 32: main:base:1=-500000; main:count:1=-1000000; main:old_:1={0,1,2,3,4,5,6,7,8,0}; main:new_:1={1,2,3,4,5,6,7,8,9,0}; 
Previous 33: main:base:1=42; main:count:1=999999; main:old_:1={7,7,7,7,7,7,7,7,7,0}; main:new_:1={7,7,7,7,7,7,7,7,7,0}; 
Previous 34: main:base:1=10; main:count:1=1; main:old_:1={1,2,3,4,5,6,7,8,9,0}; main:new_:1={2,0,0,0,0,0,0,0,0,0}; 
Previous 35: main:base:1=0; main:count:1=0; main:old_:1={59,59,59,59,59,59,59,59,59,59}; main:new_:1={49,49,49,49,49,49,49,49,49,49}; 
Previous 36: main:base:1=5; main:count:1=3; main:old_:1={1727,1728,1729,1730,1731,1732,1733,1734,1735,1736}; main:new_:1={0,0,0,0,0,0,0,0,0,0}; 
Previous 37: main:base:1=5; main:count:1=0; main:old_:1={0,0,0,0,0,0,0,0,0,0}; main:new_:1={0,0,0,0,0,0,0,0,0,0}; 

Program:
extern int __VERIFIER_nondet_int(void);
/*
Commit Number: 358a11a928cdca474c82472a2ca0d619426439f1
URL: https://github.com/brltty/brltty/commit/358a11a928cdca474c82472a2ca0d619426439f1
Project Name: brltty
License: LGPL-2.1
termination: FALSE
*/
int main()
{
    int i = 0;
    int base = __VERIFIER_nondet_int();
    int count = __VERIFIER_nondet_int();
    int old_[10];
    int new_[10];
    for( int j = 0 ; j < 9 ; j++ )
    {
        old_[j] = __VERIFIER_nondet_int();
        new_[j] = __VERIFIER_nondet_int();
    }
    old_[9] = 0;
    new_[9] = 0;
    while(1)
    {
        int number = base;
        while( old_[i] != new_[i] )
        {
            if( ++number == count )
                goto done;
        }
        i++;
        base += 8;
    }
done:
    return 0;
}

"
44,NT,"main:base:1=1000
main:count:1=-1
main:old_:1={1,0,0,0,0,0,0,0,0,0}
main:new_:1={0,0,0,0,0,0,0,0,0,0}
",,COMPLETED,T,false,,"You generate concrete values for nondeterministic inputs in a C/C++ program.
Your goal is to produce ONE complete assignment set that is likely to make the program not terminate.

Important rules:
1. Return a value for EVERY listed nondeterministic input ID.
2. Use each ID exactly once.
3. Respect the declared C/C++ type.
4. For an array, return the value as an array containing exactly the required number of elements.
5. For char arrays, each element must be exactly one character. Return the character itself without C single quotes.
6. Prefer small-magnitude values unless larger values are necessary to achieve the requested execution behavior.

Nondeterministic inputs:
- id: main:base:1, type: int
- id: main:count:1, type: int
- id: main:old_:1, type: int, array: true, size: 10, required elements: 10
- id: main:new_:1, type: int, array: true, size: 10, required elements: 10

Previously generated assignment sets are listed below. Generate a materially different set and do not duplicate any of them.
Previous 1: main:base:1=2; main:count:1=5; main:old_:1={0,0,0,0,0,0,0,0,0,0}; main:new_:1={1,0,0,0,0,0,0,0,0,0}; 
Previous 2: main:base:1=3; main:count:1=10; main:old_:1={0,0,0,0,0,0,0,0,0,0}; main:new_:1={0,0,0,1,0,0,0,0,0,0}; 
Previous 3: main:base:1=1; main:count:1=10; main:old_:1={0,2,3,4,5,6,7,8,9,0}; main:new_:1={1,2,3,4,5,6,7,8,9,0}; 
Previous 4: main:base:1=0; main:count:1=1; main:old_:1={0,0,0,0,0,0,0,0,0,0}; main:new_:1={1,0,0,0,0,0,0,0,0,0}; 
Previous 5: main:base:1=4; main:count:1=5; main:old_:1={1,0,0,0,0,0,0,0,0,0}; main:new_:1={0,0,0,0,0,0,0,0,0,0}; 
Previous 6: main:base:1=0; main:count:1=3; main:old_:1={0,0,0,0,0,0,0,0,0,0}; main:new_:1={1,0,0,0,0,0,0,0,0,0}; 
Previous 7: main:base:1=4; main:count:1=9; main:old_:1={0,1,2,3,4,5,6,7,8,0}; main:new_:1={1,1,2,3,4,5,6,7,8,0}; 
Previous 8: main:base:1=1; main:count:1=3; main:old_:1={0,0,0,0,0,0,0,0,0,0}; main:new_:1={1,0,0,0,0,0,0,0,0,0}; 
Previous 9: main:base:1=0; main:count:1=5; main:old_:1={0,0,0,0,0,0,0,0,0,0}; main:new_:1={5,0,0,0,0,0,0,0,0,0}; 
Previous 10: main:base:1=2022; main:count:1=2022; main:old_:1={0,0,0,0,0,0,0,0,0,0}; main:new_:1={3,0,0,0,0,0,0,0,0,0}; 
Previous 11: main:base:1=5; main:count:1=0; main:old_:1={1,2,3,4,5,6,7,8,9,0}; main:new_:1={2,3,4,5,6,7,8,9,0,0}; 
Previous 12: main:base:1=1; main:count:1=0; main:old_:1={1,0,0,0,0,0,0,0,0,0}; main:new_:1={2,0,0,0,0,0,0,0,0,0}; 
Previous 13: main:base:1=0; main:count:1=0; main:old_:1={0,0,0,0,0,0,0,0,0,0}; main:new_:1={0,0,0,0,0,0,0,0,0,0}; 
Previous 14: main:base:1=7; main:count:1=0; main:old_:1={5,0,0,0,0,0,0,0,0,0}; main:new_:1={0,0,0,0,0,0,0,0,0,0}; 
Previous 15: main:base:1=5; main:count:1=2; main:old_:1={1,1,1,1,1,1,1,1,1,1}; main:new_:1={1,1,1,1,1,1,1,1,1,1}; 
Previous 16: main:base:1=10; main:count:1=5; main:old_:1={1,0,0,0,0,0,0,0,0,0}; main:new_:1={0,0,0,0,0,0,0,0,0,0}; 
Previous 17: main:base:1=0; main:count:1=9999; main:old_:1={0,0,0,0,0,0,0,0,0,0}; main:new_:1={0,0,0,0,0,0,0,0,0,0}; 
Previous 18: main:base:1=2; main:count:1=1; main:old_:1={1,0,0,0,0,0,0,0,0,0}; main:new_:1={0,0,0,0,0,0,0,0,0,0}; 
Previous 19: main:base:1=5; main:count:1=3; main:old_:1={0,0,0,0,0,0,0,0,0,0}; main:new_:1={1,0,0,0,0,0,0,0,0,0}; 
Previous 20: main:base:1=0; main:count:1=0; main:old_:1={2,2,2,2,2,2,2,2,2,2}; main:new_:1={2,2,2,2,2,2,2,2,2,2}; 
Previous 21: main:base:1=1; main:count:1=0; main:old_:1={1,0,0,0,0,0,0,0,0,0}; main:new_:1={0,0,0,0,0,0,0,0,0,0}; 
Previous 22: main:base:1=0; main:count:1=0; main:old_:1={1,0,0,0,0,0,0,0,0,0}; main:new_:1={0,0,0,0,0,0,0,0,0,0}; 
Previous 23: main:base:1=1; main:count:1=1; main:old_:1={1,0,0,0,0,0,0,0,0,0}; main:new_:1={0,0,0,0,0,0,0,0,0,0}; 
Previous 24: main:base:1=5; main:count:1=-1; main:old_:1={1,0,0,0,0,0,0,0,0,0}; main:new_:1={2,0,0,0,0,0,0,0,0,0}; 
Previous 25: main:base:1=1000; main:count:1=0; main:old_:1={0,0,0,0,0,0,0,0,0,0}; main:new_:1={1,1,1,1,1,1,1,1,1,0}; 
Previous 26: main:base:1=10; main:count:1=0; main:old_:1={1,0,0,0,0,0,0,0,0,0}; main:new_:1={2,0,0,0,0,0,0,0,0,0}; 
Previous 27: main:base:1=0; main:count:1=-1; main:old_:1={1,0,0,0,0,0,0,0,0,0}; main:new_:1={0,0,0,0,0,0,0,0,0,0}; 
Previous 28: main:base:1=7; main:count:1=5; main:old_:1={99,99,99,99,99,99,99,99,99,0}; main:new_:1={98,99,99,99,99,99,99,99,99,0}; 
Previous 29: main:base:1=0; main:count:1=-1; main:old_:1={1,0,0,0,0,0,0,0,0,0}; main:new_:1={2,0,0,0,0,0,0,0,0,0}; 
Previous 30: main:base:1=1; main:count:1=0; main:old_:1={5,0,0,0,0,0,0,0,0,0}; main:new_:1={0,0,0,0,0,0,0,0,0,0}; 
Previous 31: main:base:1=10; main:count:1=5; main:old_:1={0,0,0,0,0,0,0,0,0,0}; main:new_:1={1,0,0,0,0,0,0,0,0,0}; 
Previous 32: main:base:1=-500000; main:count:1=-1000000; main:old_:1={0,1,2,3,4,5,6,7,8,0}; main:new_:1={1,2,3,4,5,6,7,8,9,0}; 
Previous 33: main:base:1=42; main:count:1=999999; main:old_:1={7,7,7,7,7,7,7,7,7,0}; main:new_:1={7,7,7,7,7,7,7,7,7,0}; 
Previous 34: main:base:1=10; main:count:1=1; main:old_:1={1,2,3,4,5,6,7,8,9,0}; main:new_:1={2,0,0,0,0,0,0,0,0,0}; 
Previous 35: main:base:1=0; main:count:1=0; main:old_:1={59,59,59,59,59,59,59,59,59,59}; main:new_:1={49,49,49,49,49,49,49,49,49,49}; 
Previous 36: main:base:1=5; main:count:1=3; main:old_:1={1727,1728,1729,1730,1731,1732,1733,1734,1735,1736}; main:new_:1={0,0,0,0,0,0,0,0,0,0}; 
Previous 37: main:base:1=5; main:count:1=0; main:old_:1={0,0,0,0,0,0,0,0,0,0}; main:new_:1={0,0,0,0,0,0,0,0,0,0}; 
Previous 38: main:base:1=10; main:count:1=-1; main:old_:1={1,1,1,1,1,1,1,1,1,0}; main:new_:1={2,2,2,2,2,2,2,2,2,0}; 

Program:
extern int __VERIFIER_nondet_int(void);
/*
Commit Number: 358a11a928cdca474c82472a2ca0d619426439f1
URL: https://github.com/brltty/brltty/commit/358a11a928cdca474c82472a2ca0d619426439f1
Project Name: brltty
License: LGPL-2.1
termination: FALSE
*/
int main()
{
    int i = 0;
    int base = __VERIFIER_nondet_int();
    int count = __VERIFIER_nondet_int();
    int old_[10];
    int new_[10];
    for( int j = 0 ; j < 9 ; j++ )
    {
        old_[j] = __VERIFIER_nondet_int();
        new_[j] = __VERIFIER_nondet_int();
    }
    old_[9] = 0;
    new_[9] = 0;
    while(1)
    {
        int number = base;
        while( old_[i] != new_[i] )
        {
            if( ++number == count )
                goto done;
        }
        i++;
        base += 8;
    }
done:
    return 0;
}

"
45,NT,,,GENERATION_ERROR,,false,HTTP request failed: Timeout was reached,"You generate concrete values for nondeterministic inputs in a C/C++ program.
Your goal is to produce ONE complete assignment set that is likely to make the program not terminate.

Important rules:
1. Return a value for EVERY listed nondeterministic input ID.
2. Use each ID exactly once.
3. Respect the declared C/C++ type.
4. For an array, return the value as an array containing exactly the required number of elements.
5. For char arrays, each element must be exactly one character. Return the character itself without C single quotes.
6. Prefer small-magnitude values unless larger values are necessary to achieve the requested execution behavior.

Nondeterministic inputs:
- id: main:base:1, type: int
- id: main:count:1, type: int
- id: main:old_:1, type: int, array: true, size: 10, required elements: 10
- id: main:new_:1, type: int, array: true, size: 10, required elements: 10

Previously generated assignment sets are listed below. Generate a materially different set and do not duplicate any of them.
Previous 1: main:base:1=2; main:count:1=5; main:old_:1={0,0,0,0,0,0,0,0,0,0}; main:new_:1={1,0,0,0,0,0,0,0,0,0}; 
Previous 2: main:base:1=3; main:count:1=10; main:old_:1={0,0,0,0,0,0,0,0,0,0}; main:new_:1={0,0,0,1,0,0,0,0,0,0}; 
Previous 3: main:base:1=1; main:count:1=10; main:old_:1={0,2,3,4,5,6,7,8,9,0}; main:new_:1={1,2,3,4,5,6,7,8,9,0}; 
Previous 4: main:base:1=0; main:count:1=1; main:old_:1={0,0,0,0,0,0,0,0,0,0}; main:new_:1={1,0,0,0,0,0,0,0,0,0}; 
Previous 5: main:base:1=4; main:count:1=5; main:old_:1={1,0,0,0,0,0,0,0,0,0}; main:new_:1={0,0,0,0,0,0,0,0,0,0}; 
Previous 6: main:base:1=0; main:count:1=3; main:old_:1={0,0,0,0,0,0,0,0,0,0}; main:new_:1={1,0,0,0,0,0,0,0,0,0}; 
Previous 7: main:base:1=4; main:count:1=9; main:old_:1={0,1,2,3,4,5,6,7,8,0}; main:new_:1={1,1,2,3,4,5,6,7,8,0}; 
Previous 8: main:base:1=1; main:count:1=3; main:old_:1={0,0,0,0,0,0,0,0,0,0}; main:new_:1={1,0,0,0,0,0,0,0,0,0}; 
Previous 9: main:base:1=0; main:count:1=5; main:old_:1={0,0,0,0,0,0,0,0,0,0}; main:new_:1={5,0,0,0,0,0,0,0,0,0}; 
Previous 10: main:base:1=2022; main:count:1=2022; main:old_:1={0,0,0,0,0,0,0,0,0,0}; main:new_:1={3,0,0,0,0,0,0,0,0,0}; 
Previous 11: main:base:1=5; main:count:1=0; main:old_:1={1,2,3,4,5,6,7,8,9,0}; main:new_:1={2,3,4,5,6,7,8,9,0,0}; 
Previous 12: main:base:1=1; main:count:1=0; main:old_:1={1,0,0,0,0,0,0,0,0,0}; main:new_:1={2,0,0,0,0,0,0,0,0,0}; 
Previous 13: main:base:1=0; main:count:1=0; main:old_:1={0,0,0,0,0,0,0,0,0,0}; main:new_:1={0,0,0,0,0,0,0,0,0,0}; 
Previous 14: main:base:1=7; main:count:1=0; main:old_:1={5,0,0,0,0,0,0,0,0,0}; main:new_:1={0,0,0,0,0,0,0,0,0,0}; 
Previous 15: main:base:1=5; main:count:1=2; main:old_:1={1,1,1,1,1,1,1,1,1,1}; main:new_:1={1,1,1,1,1,1,1,1,1,1}; 
Previous 16: main:base:1=10; main:count:1=5; main:old_:1={1,0,0,0,0,0,0,0,0,0}; main:new_:1={0,0,0,0,0,0,0,0,0,0}; 
Previous 17: main:base:1=0; main:count:1=9999; main:old_:1={0,0,0,0,0,0,0,0,0,0}; main:new_:1={0,0,0,0,0,0,0,0,0,0}; 
Previous 18: main:base:1=2; main:count:1=1; main:old_:1={1,0,0,0,0,0,0,0,0,0}; main:new_:1={0,0,0,0,0,0,0,0,0,0}; 
Previous 19: main:base:1=5; main:count:1=3; main:old_:1={0,0,0,0,0,0,0,0,0,0}; main:new_:1={1,0,0,0,0,0,0,0,0,0}; 
Previous 20: main:base:1=0; main:count:1=0; main:old_:1={2,2,2,2,2,2,2,2,2,2}; main:new_:1={2,2,2,2,2,2,2,2,2,2}; 
Previous 21: main:base:1=1; main:count:1=0; main:old_:1={1,0,0,0,0,0,0,0,0,0}; main:new_:1={0,0,0,0,0,0,0,0,0,0}; 
Previous 22: main:base:1=0; main:count:1=0; main:old_:1={1,0,0,0,0,0,0,0,0,0}; main:new_:1={0,0,0,0,0,0,0,0,0,0}; 
Previous 23: main:base:1=1; main:count:1=1; main:old_:1={1,0,0,0,0,0,0,0,0,0}; main:new_:1={0,0,0,0,0,0,0,0,0,0}; 
Previous 24: main:base:1=5; main:count:1=-1; main:old_:1={1,0,0,0,0,0,0,0,0,0}; main:new_:1={2,0,0,0,0,0,0,0,0,0}; 
Previous 25: main:base:1=1000; main:count:1=0; main:old_:1={0,0,0,0,0,0,0,0,0,0}; main:new_:1={1,1,1,1,1,1,1,1,1,0}; 
Previous 26: main:base:1=10; main:count:1=0; main:old_:1={1,0,0,0,0,0,0,0,0,0}; main:new_:1={2,0,0,0,0,0,0,0,0,0}; 
Previous 27: main:base:1=0; main:count:1=-1; main:old_:1={1,0,0,0,0,0,0,0,0,0}; main:new_:1={0,0,0,0,0,0,0,0,0,0}; 
Previous 28: main:base:1=7; main:count:1=5; main:old_:1={99,99,99,99,99,99,99,99,99,0}; main:new_:1={98,99,99,99,99,99,99,99,99,0}; 
Previous 29: main:base:1=0; main:count:1=-1; main:old_:1={1,0,0,0,0,0,0,0,0,0}; main:new_:1={2,0,0,0,0,0,0,0,0,0}; 
Previous 30: main:base:1=1; main:count:1=0; main:old_:1={5,0,0,0,0,0,0,0,0,0}; main:new_:1={0,0,0,0,0,0,0,0,0,0}; 
Previous 31: main:base:1=10; main:count:1=5; main:old_:1={0,0,0,0,0,0,0,0,0,0}; main:new_:1={1,0,0,0,0,0,0,0,0,0}; 
Previous 32: main:base:1=-500000; main:count:1=-1000000; main:old_:1={0,1,2,3,4,5,6,7,8,0}; main:new_:1={1,2,3,4,5,6,7,8,9,0}; 
Previous 33: main:base:1=42; main:count:1=999999; main:old_:1={7,7,7,7,7,7,7,7,7,0}; main:new_:1={7,7,7,7,7,7,7,7,7,0}; 
Previous 34: main:base:1=10; main:count:1=1; main:old_:1={1,2,3,4,5,6,7,8,9,0}; main:new_:1={2,0,0,0,0,0,0,0,0,0}; 
Previous 35: main:base:1=0; main:count:1=0; main:old_:1={59,59,59,59,59,59,59,59,59,59}; main:new_:1={49,49,49,49,49,49,49,49,49,49}; 
Previous 36: main:base:1=5; main:count:1=3; main:old_:1={1727,1728,1729,1730,1731,1732,1733,1734,1735,1736}; main:new_:1={0,0,0,0,0,0,0,0,0,0}; 
Previous 37: main:base:1=5; main:count:1=0; main:old_:1={0,0,0,0,0,0,0,0,0,0}; main:new_:1={0,0,0,0,0,0,0,0,0,0}; 
Previous 38: main:base:1=10; main:count:1=-1; main:old_:1={1,1,1,1,1,1,1,1,1,0}; main:new_:1={2,2,2,2,2,2,2,2,2,0}; 
Previous 39: main:base:1=1000; main:count:1=-1; main:old_:1={1,0,0,0,0,0,0,0,0,0}; main:new_:1={0,0,0,0,0,0,0,0,0,0}; 

Program:
extern int __VERIFIER_nondet_int(void);
/*
Commit Number: 358a11a928cdca474c82472a2ca0d619426439f1
URL: https://github.com/brltty/brltty/commit/358a11a928cdca474c82472a2ca0d619426439f1
Project Name: brltty
License: LGPL-2.1
termination: FALSE
*/
int main()
{
    int i = 0;
    int base = __VERIFIER_nondet_int();
    int count = __VERIFIER_nondet_int();
    int old_[10];
    int new_[10];
    for( int j = 0 ; j < 9 ; j++ )
    {
        old_[j] = __VERIFIER_nondet_int();
        new_[j] = __VERIFIER_nondet_int();
    }
    old_[9] = 0;
    new_[9] = 0;
    while(1)
    {
        int number = base;
        while( old_[i] != new_[i] )
        {
            if( ++number == count )
                goto done;
        }
        i++;
        base += 8;
    }
done:
    return 0;
}

"
46,NT,"main:base:1=1
main:count:1=0
main:old_:1={0,0,0,0,0,0,0,0,0,0}
main:new_:1={0,0,0,0,0,0,0,0,0,0}
",,COMPLETED,T,false,,"You generate concrete values for nondeterministic inputs in a C/C++ program.
Your goal is to produce ONE complete assignment set that is likely to make the program not terminate.

Important rules:
1. Return a value for EVERY listed nondeterministic input ID.
2. Use each ID exactly once.
3. Respect the declared C/C++ type.
4. For an array, return the value as an array containing exactly the required number of elements.
5. For char arrays, each element must be exactly one character. Return the character itself without C single quotes.
6. Prefer small-magnitude values unless larger values are necessary to achieve the requested execution behavior.

Nondeterministic inputs:
- id: main:base:1, type: int
- id: main:count:1, type: int
- id: main:old_:1, type: int, array: true, size: 10, required elements: 10
- id: main:new_:1, type: int, array: true, size: 10, required elements: 10

Previously generated assignment sets are listed below. Generate a materially different set and do not duplicate any of them.
Previous 1: main:base:1=2; main:count:1=5; main:old_:1={0,0,0,0,0,0,0,0,0,0}; main:new_:1={1,0,0,0,0,0,0,0,0,0}; 
Previous 2: main:base:1=3; main:count:1=10; main:old_:1={0,0,0,0,0,0,0,0,0,0}; main:new_:1={0,0,0,1,0,0,0,0,0,0}; 
Previous 3: main:base:1=1; main:count:1=10; main:old_:1={0,2,3,4,5,6,7,8,9,0}; main:new_:1={1,2,3,4,5,6,7,8,9,0}; 
Previous 4: main:base:1=0; main:count:1=1; main:old_:1={0,0,0,0,0,0,0,0,0,0}; main:new_:1={1,0,0,0,0,0,0,0,0,0}; 
Previous 5: main:base:1=4; main:count:1=5; main:old_:1={1,0,0,0,0,0,0,0,0,0}; main:new_:1={0,0,0,0,0,0,0,0,0,0}; 
Previous 6: main:base:1=0; main:count:1=3; main:old_:1={0,0,0,0,0,0,0,0,0,0}; main:new_:1={1,0,0,0,0,0,0,0,0,0}; 
Previous 7: main:base:1=4; main:count:1=9; main:old_:1={0,1,2,3,4,5,6,7,8,0}; main:new_:1={1,1,2,3,4,5,6,7,8,0}; 
Previous 8: main:base:1=1; main:count:1=3; main:old_:1={0,0,0,0,0,0,0,0,0,0}; main:new_:1={1,0,0,0,0,0,0,0,0,0}; 
Previous 9: main:base:1=0; main:count:1=5; main:old_:1={0,0,0,0,0,0,0,0,0,0}; main:new_:1={5,0,0,0,0,0,0,0,0,0}; 
Previous 10: main:base:1=2022; main:count:1=2022; main:old_:1={0,0,0,0,0,0,0,0,0,0}; main:new_:1={3,0,0,0,0,0,0,0,0,0}; 
Previous 11: main:base:1=5; main:count:1=0; main:old_:1={1,2,3,4,5,6,7,8,9,0}; main:new_:1={2,3,4,5,6,7,8,9,0,0}; 
Previous 12: main:base:1=1; main:count:1=0; main:old_:1={1,0,0,0,0,0,0,0,0,0}; main:new_:1={2,0,0,0,0,0,0,0,0,0}; 
Previous 13: main:base:1=0; main:count:1=0; main:old_:1={0,0,0,0,0,0,0,0,0,0}; main:new_:1={0,0,0,0,0,0,0,0,0,0}; 
Previous 14: main:base:1=7; main:count:1=0; main:old_:1={5,0,0,0,0,0,0,0,0,0}; main:new_:1={0,0,0,0,0,0,0,0,0,0}; 
Previous 15: main:base:1=5; main:count:1=2; main:old_:1={1,1,1,1,1,1,1,1,1,1}; main:new_:1={1,1,1,1,1,1,1,1,1,1}; 
Previous 16: main:base:1=10; main:count:1=5; main:old_:1={1,0,0,0,0,0,0,0,0,0}; main:new_:1={0,0,0,0,0,0,0,0,0,0}; 
Previous 17: main:base:1=0; main:count:1=9999; main:old_:1={0,0,0,0,0,0,0,0,0,0}; main:new_:1={0,0,0,0,0,0,0,0,0,0}; 
Previous 18: main:base:1=2; main:count:1=1; main:old_:1={1,0,0,0,0,0,0,0,0,0}; main:new_:1={0,0,0,0,0,0,0,0,0,0}; 
Previous 19: main:base:1=5; main:count:1=3; main:old_:1={0,0,0,0,0,0,0,0,0,0}; main:new_:1={1,0,0,0,0,0,0,0,0,0}; 
Previous 20: main:base:1=0; main:count:1=0; main:old_:1={2,2,2,2,2,2,2,2,2,2}; main:new_:1={2,2,2,2,2,2,2,2,2,2}; 
Previous 21: main:base:1=1; main:count:1=0; main:old_:1={1,0,0,0,0,0,0,0,0,0}; main:new_:1={0,0,0,0,0,0,0,0,0,0}; 
Previous 22: main:base:1=0; main:count:1=0; main:old_:1={1,0,0,0,0,0,0,0,0,0}; main:new_:1={0,0,0,0,0,0,0,0,0,0}; 
Previous 23: main:base:1=1; main:count:1=1; main:old_:1={1,0,0,0,0,0,0,0,0,0}; main:new_:1={0,0,0,0,0,0,0,0,0,0}; 
Previous 24: main:base:1=5; main:count:1=-1; main:old_:1={1,0,0,0,0,0,0,0,0,0}; main:new_:1={2,0,0,0,0,0,0,0,0,0}; 
Previous 25: main:base:1=1000; main:count:1=0; main:old_:1={0,0,0,0,0,0,0,0,0,0}; main:new_:1={1,1,1,1,1,1,1,1,1,0}; 
Previous 26: main:base:1=10; main:count:1=0; main:old_:1={1,0,0,0,0,0,0,0,0,0}; main:new_:1={2,0,0,0,0,0,0,0,0,0}; 
Previous 27: main:base:1=0; main:count:1=-1; main:old_:1={1,0,0,0,0,0,0,0,0,0}; main:new_:1={0,0,0,0,0,0,0,0,0,0}; 
Previous 28: main:base:1=7; main:count:1=5; main:old_:1={99,99,99,99,99,99,99,99,99,0}; main:new_:1={98,99,99,99,99,99,99,99,99,0}; 
Previous 29: main:base:1=0; main:count:1=-1; main:old_:1={1,0,0,0,0,0,0,0,0,0}; main:new_:1={2,0,0,0,0,0,0,0,0,0}; 
Previous 30: main:base:1=1; main:count:1=0; main:old_:1={5,0,0,0,0,0,0,0,0,0}; main:new_:1={0,0,0,0,0,0,0,0,0,0}; 
Previous 31: main:base:1=10; main:count:1=5; main:old_:1={0,0,0,0,0,0,0,0,0,0}; main:new_:1={1,0,0,0,0,0,0,0,0,0}; 
Previous 32: main:base:1=-500000; main:count:1=-1000000; main:old_:1={0,1,2,3,4,5,6,7,8,0}; main:new_:1={1,2,3,4,5,6,7,8,9,0}; 
Previous 33: main:base:1=42; main:count:1=999999; main:old_:1={7,7,7,7,7,7,7,7,7,0}; main:new_:1={7,7,7,7,7,7,7,7,7,0}; 
Previous 34: main:base:1=10; main:count:1=1; main:old_:1={1,2,3,4,5,6,7,8,9,0}; main:new_:1={2,0,0,0,0,0,0,0,0,0}; 
Previous 35: main:base:1=0; main:count:1=0; main:old_:1={59,59,59,59,59,59,59,59,59,59}; main:new_:1={49,49,49,49,49,49,49,49,49,49}; 
Previous 36: main:base:1=5; main:count:1=3; main:old_:1={1727,1728,1729,1730,1731,1732,1733,1734,1735,1736}; main:new_:1={0,0,0,0,0,0,0,0,0,0}; 
Previous 37: main:base:1=5; main:count:1=0; main:old_:1={0,0,0,0,0,0,0,0,0,0}; main:new_:1={0,0,0,0,0,0,0,0,0,0}; 
Previous 38: main:base:1=10; main:count:1=-1; main:old_:1={1,1,1,1,1,1,1,1,1,0}; main:new_:1={2,2,2,2,2,2,2,2,2,0}; 
Previous 39: main:base:1=1000; main:count:1=-1; main:old_:1={1,0,0,0,0,0,0,0,0,0}; main:new_:1={0,0,0,0,0,0,0,0,0,0}; 

Program:
extern int __VERIFIER_nondet_int(void);
/*
Commit Number: 358a11a928cdca474c82472a2ca0d619426439f1
URL: https://github.com/brltty/brltty/commit/358a11a928cdca474c82472a2ca0d619426439f1
Project Name: brltty
License: LGPL-2.1
termination: FALSE
*/
int main()
{
    int i = 0;
    int base = __VERIFIER_nondet_int();
    int count = __VERIFIER_nondet_int();
    int old_[10];
    int new_[10];
    for( int j = 0 ; j < 9 ; j++ )
    {
        old_[j] = __VERIFIER_nondet_int();
        new_[j] = __VERIFIER_nondet_int();
    }
    old_[9] = 0;
    new_[9] = 0;
    while(1)
    {
        int number = base;
        while( old_[i] != new_[i] )
        {
            if( ++number == count )
                goto done;
        }
        i++;
        base += 8;
    }
done:
    return 0;
}

"
47,NT,"main:base:1=10
main:count:1=5
main:old_:1={1,2,3,4,5,6,7,8,9,0}
main:new_:1={10,11,12,13,14,15,16,17,18,0}
",,COMPLETED,T,false,,"You generate concrete values for nondeterministic inputs in a C/C++ program.
Your goal is to produce ONE complete assignment set that is likely to make the program not terminate.

Important rules:
1. Return a value for EVERY listed nondeterministic input ID.
2. Use each ID exactly once.
3. Respect the declared C/C++ type.
4. For an array, return the value as an array containing exactly the required number of elements.
5. For char arrays, each element must be exactly one character. Return the character itself without C single quotes.
6. Prefer small-magnitude values unless larger values are necessary to achieve the requested execution behavior.

Nondeterministic inputs:
- id: main:base:1, type: int
- id: main:count:1, type: int
- id: main:old_:1, type: int, array: true, size: 10, required elements: 10
- id: main:new_:1, type: int, array: true, size: 10, required elements: 10

Previously generated assignment sets are listed below. Generate a materially different set and do not duplicate any of them.
Previous 1: main:base:1=2; main:count:1=5; main:old_:1={0,0,0,0,0,0,0,0,0,0}; main:new_:1={1,0,0,0,0,0,0,0,0,0}; 
Previous 2: main:base:1=3; main:count:1=10; main:old_:1={0,0,0,0,0,0,0,0,0,0}; main:new_:1={0,0,0,1,0,0,0,0,0,0}; 
Previous 3: main:base:1=1; main:count:1=10; main:old_:1={0,2,3,4,5,6,7,8,9,0}; main:new_:1={1,2,3,4,5,6,7,8,9,0}; 
Previous 4: main:base:1=0; main:count:1=1; main:old_:1={0,0,0,0,0,0,0,0,0,0}; main:new_:1={1,0,0,0,0,0,0,0,0,0}; 
Previous 5: main:base:1=4; main:count:1=5; main:old_:1={1,0,0,0,0,0,0,0,0,0}; main:new_:1={0,0,0,0,0,0,0,0,0,0}; 
Previous 6: main:base:1=0; main:count:1=3; main:old_:1={0,0,0,0,0,0,0,0,0,0}; main:new_:1={1,0,0,0,0,0,0,0,0,0}; 
Previous 7: main:base:1=4; main:count:1=9; main:old_:1={0,1,2,3,4,5,6,7,8,0}; main:new_:1={1,1,2,3,4,5,6,7,8,0}; 
Previous 8: main:base:1=1; main:count:1=3; main:old_:1={0,0,0,0,0,0,0,0,0,0}; main:new_:1={1,0,0,0,0,0,0,0,0,0}; 
Previous 9: main:base:1=0; main:count:1=5; main:old_:1={0,0,0,0,0,0,0,0,0,0}; main:new_:1={5,0,0,0,0,0,0,0,0,0}; 
Previous 10: main:base:1=2022; main:count:1=2022; main:old_:1={0,0,0,0,0,0,0,0,0,0}; main:new_:1={3,0,0,0,0,0,0,0,0,0}; 
Previous 11: main:base:1=5; main:count:1=0; main:old_:1={1,2,3,4,5,6,7,8,9,0}; main:new_:1={2,3,4,5,6,7,8,9,0,0}; 
Previous 12: main:base:1=1; main:count:1=0; main:old_:1={1,0,0,0,0,0,0,0,0,0}; main:new_:1={2,0,0,0,0,0,0,0,0,0}; 
Previous 13: main:base:1=0; main:count:1=0; main:old_:1={0,0,0,0,0,0,0,0,0,0}; main:new_:1={0,0,0,0,0,0,0,0,0,0}; 
Previous 14: main:base:1=7; main:count:1=0; main:old_:1={5,0,0,0,0,0,0,0,0,0}; main:new_:1={0,0,0,0,0,0,0,0,0,0}; 
Previous 15: main:base:1=5; main:count:1=2; main:old_:1={1,1,1,1,1,1,1,1,1,1}; main:new_:1={1,1,1,1,1,1,1,1,1,1}; 
Previous 16: main:base:1=10; main:count:1=5; main:old_:1={1,0,0,0,0,0,0,0,0,0}; main:new_:1={0,0,0,0,0,0,0,0,0,0}; 
Previous 17: main:base:1=0; main:count:1=9999; main:old_:1={0,0,0,0,0,0,0,0,0,0}; main:new_:1={0,0,0,0,0,0,0,0,0,0}; 
Previous 18: main:base:1=2; main:count:1=1; main:old_:1={1,0,0,0,0,0,0,0,0,0}; main:new_:1={0,0,0,0,0,0,0,0,0,0}; 
Previous 19: main:base:1=5; main:count:1=3; main:old_:1={0,0,0,0,0,0,0,0,0,0}; main:new_:1={1,0,0,0,0,0,0,0,0,0}; 
Previous 20: main:base:1=0; main:count:1=0; main:old_:1={2,2,2,2,2,2,2,2,2,2}; main:new_:1={2,2,2,2,2,2,2,2,2,2}; 
Previous 21: main:base:1=1; main:count:1=0; main:old_:1={1,0,0,0,0,0,0,0,0,0}; main:new_:1={0,0,0,0,0,0,0,0,0,0}; 
Previous 22: main:base:1=0; main:count:1=0; main:old_:1={1,0,0,0,0,0,0,0,0,0}; main:new_:1={0,0,0,0,0,0,0,0,0,0}; 
Previous 23: main:base:1=1; main:count:1=1; main:old_:1={1,0,0,0,0,0,0,0,0,0}; main:new_:1={0,0,0,0,0,0,0,0,0,0}; 
Previous 24: main:base:1=5; main:count:1=-1; main:old_:1={1,0,0,0,0,0,0,0,0,0}; main:new_:1={2,0,0,0,0,0,0,0,0,0}; 
Previous 25: main:base:1=1000; main:count:1=0; main:old_:1={0,0,0,0,0,0,0,0,0,0}; main:new_:1={1,1,1,1,1,1,1,1,1,0}; 
Previous 26: main:base:1=10; main:count:1=0; main:old_:1={1,0,0,0,0,0,0,0,0,0}; main:new_:1={2,0,0,0,0,0,0,0,0,0}; 
Previous 27: main:base:1=0; main:count:1=-1; main:old_:1={1,0,0,0,0,0,0,0,0,0}; main:new_:1={0,0,0,0,0,0,0,0,0,0}; 
Previous 28: main:base:1=7; main:count:1=5; main:old_:1={99,99,99,99,99,99,99,99,99,0}; main:new_:1={98,99,99,99,99,99,99,99,99,0}; 
Previous 29: main:base:1=0; main:count:1=-1; main:old_:1={1,0,0,0,0,0,0,0,0,0}; main:new_:1={2,0,0,0,0,0,0,0,0,0}; 
Previous 30: main:base:1=1; main:count:1=0; main:old_:1={5,0,0,0,0,0,0,0,0,0}; main:new_:1={0,0,0,0,0,0,0,0,0,0}; 
Previous 31: main:base:1=10; main:count:1=5; main:old_:1={0,0,0,0,0,0,0,0,0,0}; main:new_:1={1,0,0,0,0,0,0,0,0,0}; 
Previous 32: main:base:1=-500000; main:count:1=-1000000; main:old_:1={0,1,2,3,4,5,6,7,8,0}; main:new_:1={1,2,3,4,5,6,7,8,9,0}; 
Previous 33: main:base:1=42; main:count:1=999999; main:old_:1={7,7,7,7,7,7,7,7,7,0}; main:new_:1={7,7,7,7,7,7,7,7,7,0}; 
Previous 34: main:base:1=10; main:count:1=1; main:old_:1={1,2,3,4,5,6,7,8,9,0}; main:new_:1={2,0,0,0,0,0,0,0,0,0}; 
Previous 35: main:base:1=0; main:count:1=0; main:old_:1={59,59,59,59,59,59,59,59,59,59}; main:new_:1={49,49,49,49,49,49,49,49,49,49}; 
Previous 36: main:base:1=5; main:count:1=3; main:old_:1={1727,1728,1729,1730,1731,1732,1733,1734,1735,1736}; main:new_:1={0,0,0,0,0,0,0,0,0,0}; 
Previous 37: main:base:1=5; main:count:1=0; main:old_:1={0,0,0,0,0,0,0,0,0,0}; main:new_:1={0,0,0,0,0,0,0,0,0,0}; 
Previous 38: main:base:1=10; main:count:1=-1; main:old_:1={1,1,1,1,1,1,1,1,1,0}; main:new_:1={2,2,2,2,2,2,2,2,2,0}; 
Previous 39: main:base:1=1000; main:count:1=-1; main:old_:1={1,0,0,0,0,0,0,0,0,0}; main:new_:1={0,0,0,0,0,0,0,0,0,0}; 
Previous 40: main:base:1=1; main:count:1=0; main:old_:1={0,0,0,0,0,0,0,0,0,0}; main:new_:1={0,0,0,0,0,0,0,0,0,0}; 

Program:
extern int __VERIFIER_nondet_int(void);
/*
Commit Number: 358a11a928cdca474c82472a2ca0d619426439f1
URL: https://github.com/brltty/brltty/commit/358a11a928cdca474c82472a2ca0d619426439f1
Project Name: brltty
License: LGPL-2.1
termination: FALSE
*/
int main()
{
    int i = 0;
    int base = __VERIFIER_nondet_int();
    int count = __VERIFIER_nondet_int();
    int old_[10];
    int new_[10];
    for( int j = 0 ; j < 9 ; j++ )
    {
        old_[j] = __VERIFIER_nondet_int();
        new_[j] = __VERIFIER_nondet_int();
    }
    old_[9] = 0;
    new_[9] = 0;
    while(1)
    {
        int number = base;
        while( old_[i] != new_[i] )
        {
            if( ++number == count )
                goto done;
        }
        i++;
        base += 8;
    }
done:
    return 0;
}

"
48,NT,"main:base:1=10
main:count:1=5
main:old_:1={0,0,0,0,0,0,0,0,0,0}
main:new_:1={1,0,0,0,0,0,0,0,0,0}
",,DUPLICATE,,false,,"You generate concrete values for nondeterministic inputs in a C/C++ program.
Your goal is to produce ONE complete assignment set that is likely to make the program not terminate.

Important rules:
1. Return a value for EVERY listed nondeterministic input ID.
2. Use each ID exactly once.
3. Respect the declared C/C++ type.
4. For an array, return the value as an array containing exactly the required number of elements.
5. For char arrays, each element must be exactly one character. Return the character itself without C single quotes.
6. Prefer small-magnitude values unless larger values are necessary to achieve the requested execution behavior.

Nondeterministic inputs:
- id: main:base:1, type: int
- id: main:count:1, type: int
- id: main:old_:1, type: int, array: true, size: 10, required elements: 10
- id: main:new_:1, type: int, array: true, size: 10, required elements: 10

Previously generated assignment sets are listed below. Generate a materially different set and do not duplicate any of them.
Previous 1: main:base:1=2; main:count:1=5; main:old_:1={0,0,0,0,0,0,0,0,0,0}; main:new_:1={1,0,0,0,0,0,0,0,0,0}; 
Previous 2: main:base:1=3; main:count:1=10; main:old_:1={0,0,0,0,0,0,0,0,0,0}; main:new_:1={0,0,0,1,0,0,0,0,0,0}; 
Previous 3: main:base:1=1; main:count:1=10; main:old_:1={0,2,3,4,5,6,7,8,9,0}; main:new_:1={1,2,3,4,5,6,7,8,9,0}; 
Previous 4: main:base:1=0; main:count:1=1; main:old_:1={0,0,0,0,0,0,0,0,0,0}; main:new_:1={1,0,0,0,0,0,0,0,0,0}; 
Previous 5: main:base:1=4; main:count:1=5; main:old_:1={1,0,0,0,0,0,0,0,0,0}; main:new_:1={0,0,0,0,0,0,0,0,0,0}; 
Previous 6: main:base:1=0; main:count:1=3; main:old_:1={0,0,0,0,0,0,0,0,0,0}; main:new_:1={1,0,0,0,0,0,0,0,0,0}; 
Previous 7: main:base:1=4; main:count:1=9; main:old_:1={0,1,2,3,4,5,6,7,8,0}; main:new_:1={1,1,2,3,4,5,6,7,8,0}; 
Previous 8: main:base:1=1; main:count:1=3; main:old_:1={0,0,0,0,0,0,0,0,0,0}; main:new_:1={1,0,0,0,0,0,0,0,0,0}; 
Previous 9: main:base:1=0; main:count:1=5; main:old_:1={0,0,0,0,0,0,0,0,0,0}; main:new_:1={5,0,0,0,0,0,0,0,0,0}; 
Previous 10: main:base:1=2022; main:count:1=2022; main:old_:1={0,0,0,0,0,0,0,0,0,0}; main:new_:1={3,0,0,0,0,0,0,0,0,0}; 
Previous 11: main:base:1=5; main:count:1=0; main:old_:1={1,2,3,4,5,6,7,8,9,0}; main:new_:1={2,3,4,5,6,7,8,9,0,0}; 
Previous 12: main:base:1=1; main:count:1=0; main:old_:1={1,0,0,0,0,0,0,0,0,0}; main:new_:1={2,0,0,0,0,0,0,0,0,0}; 
Previous 13: main:base:1=0; main:count:1=0; main:old_:1={0,0,0,0,0,0,0,0,0,0}; main:new_:1={0,0,0,0,0,0,0,0,0,0}; 
Previous 14: main:base:1=7; main:count:1=0; main:old_:1={5,0,0,0,0,0,0,0,0,0}; main:new_:1={0,0,0,0,0,0,0,0,0,0}; 
Previous 15: main:base:1=5; main:count:1=2; main:old_:1={1,1,1,1,1,1,1,1,1,1}; main:new_:1={1,1,1,1,1,1,1,1,1,1}; 
Previous 16: main:base:1=10; main:count:1=5; main:old_:1={1,0,0,0,0,0,0,0,0,0}; main:new_:1={0,0,0,0,0,0,0,0,0,0}; 
Previous 17: main:base:1=0; main:count:1=9999; main:old_:1={0,0,0,0,0,0,0,0,0,0}; main:new_:1={0,0,0,0,0,0,0,0,0,0}; 
Previous 18: main:base:1=2; main:count:1=1; main:old_:1={1,0,0,0,0,0,0,0,0,0}; main:new_:1={0,0,0,0,0,0,0,0,0,0}; 
Previous 19: main:base:1=5; main:count:1=3; main:old_:1={0,0,0,0,0,0,0,0,0,0}; main:new_:1={1,0,0,0,0,0,0,0,0,0}; 
Previous 20: main:base:1=0; main:count:1=0; main:old_:1={2,2,2,2,2,2,2,2,2,2}; main:new_:1={2,2,2,2,2,2,2,2,2,2}; 
Previous 21: main:base:1=1; main:count:1=0; main:old_:1={1,0,0,0,0,0,0,0,0,0}; main:new_:1={0,0,0,0,0,0,0,0,0,0}; 
Previous 22: main:base:1=0; main:count:1=0; main:old_:1={1,0,0,0,0,0,0,0,0,0}; main:new_:1={0,0,0,0,0,0,0,0,0,0}; 
Previous 23: main:base:1=1; main:count:1=1; main:old_:1={1,0,0,0,0,0,0,0,0,0}; main:new_:1={0,0,0,0,0,0,0,0,0,0}; 
Previous 24: main:base:1=5; main:count:1=-1; main:old_:1={1,0,0,0,0,0,0,0,0,0}; main:new_:1={2,0,0,0,0,0,0,0,0,0}; 
Previous 25: main:base:1=1000; main:count:1=0; main:old_:1={0,0,0,0,0,0,0,0,0,0}; main:new_:1={1,1,1,1,1,1,1,1,1,0}; 
Previous 26: main:base:1=10; main:count:1=0; main:old_:1={1,0,0,0,0,0,0,0,0,0}; main:new_:1={2,0,0,0,0,0,0,0,0,0}; 
Previous 27: main:base:1=0; main:count:1=-1; main:old_:1={1,0,0,0,0,0,0,0,0,0}; main:new_:1={0,0,0,0,0,0,0,0,0,0}; 
Previous 28: main:base:1=7; main:count:1=5; main:old_:1={99,99,99,99,99,99,99,99,99,0}; main:new_:1={98,99,99,99,99,99,99,99,99,0}; 
Previous 29: main:base:1=0; main:count:1=-1; main:old_:1={1,0,0,0,0,0,0,0,0,0}; main:new_:1={2,0,0,0,0,0,0,0,0,0}; 
Previous 30: main:base:1=1; main:count:1=0; main:old_:1={5,0,0,0,0,0,0,0,0,0}; main:new_:1={0,0,0,0,0,0,0,0,0,0}; 
Previous 31: main:base:1=10; main:count:1=5; main:old_:1={0,0,0,0,0,0,0,0,0,0}; main:new_:1={1,0,0,0,0,0,0,0,0,0}; 
Previous 32: main:base:1=-500000; main:count:1=-1000000; main:old_:1={0,1,2,3,4,5,6,7,8,0}; main:new_:1={1,2,3,4,5,6,7,8,9,0}; 
Previous 33: main:base:1=42; main:count:1=999999; main:old_:1={7,7,7,7,7,7,7,7,7,0}; main:new_:1={7,7,7,7,7,7,7,7,7,0}; 
Previous 34: main:base:1=10; main:count:1=1; main:old_:1={1,2,3,4,5,6,7,8,9,0}; main:new_:1={2,0,0,0,0,0,0,0,0,0}; 
Previous 35: main:base:1=0; main:count:1=0; main:old_:1={59,59,59,59,59,59,59,59,59,59}; main:new_:1={49,49,49,49,49,49,49,49,49,49}; 
Previous 36: main:base:1=5; main:count:1=3; main:old_:1={1727,1728,1729,1730,1731,1732,1733,1734,1735,1736}; main:new_:1={0,0,0,0,0,0,0,0,0,0}; 
Previous 37: main:base:1=5; main:count:1=0; main:old_:1={0,0,0,0,0,0,0,0,0,0}; main:new_:1={0,0,0,0,0,0,0,0,0,0}; 
Previous 38: main:base:1=10; main:count:1=-1; main:old_:1={1,1,1,1,1,1,1,1,1,0}; main:new_:1={2,2,2,2,2,2,2,2,2,0}; 
Previous 39: main:base:1=1000; main:count:1=-1; main:old_:1={1,0,0,0,0,0,0,0,0,0}; main:new_:1={0,0,0,0,0,0,0,0,0,0}; 
Previous 40: main:base:1=1; main:count:1=0; main:old_:1={0,0,0,0,0,0,0,0,0,0}; main:new_:1={0,0,0,0,0,0,0,0,0,0}; 
Previous 41: main:base:1=10; main:count:1=5; main:old_:1={1,2,3,4,5,6,7,8,9,0}; main:new_:1={10,11,12,13,14,15,16,17,18,0}; 

Program:
extern int __VERIFIER_nondet_int(void);
/*
Commit Number: 358a11a928cdca474c82472a2ca0d619426439f1
URL: https://github.com/brltty/brltty/commit/358a11a928cdca474c82472a2ca0d619426439f1
Project Name: brltty
License: LGPL-2.1
termination: FALSE
*/
int main()
{
    int i = 0;
    int base = __VERIFIER_nondet_int();
    int count = __VERIFIER_nondet_int();
    int old_[10];
    int new_[10];
    for( int j = 0 ; j < 9 ; j++ )
    {
        old_[j] = __VERIFIER_nondet_int();
        new_[j] = __VERIFIER_nondet_int();
    }
    old_[9] = 0;
    new_[9] = 0;
    while(1)
    {
        int number = base;
        while( old_[i] != new_[i] )
        {
            if( ++number == count )
                goto done;
        }
        i++;
        base += 8;
    }
done:
    return 0;
}

"
49,NT,"main:base:1=100
main:count:1=100
main:old_:1={1,0,0,0,0,0,0,0,0,0}
main:new_:1={2,0,0,0,0,0,0,0,0,0}
",,COMPLETED,T,false,,"You generate concrete values for nondeterministic inputs in a C/C++ program.
Your goal is to produce ONE complete assignment set that is likely to make the program not terminate.

Important rules:
1. Return a value for EVERY listed nondeterministic input ID.
2. Use each ID exactly once.
3. Respect the declared C/C++ type.
4. For an array, return the value as an array containing exactly the required number of elements.
5. For char arrays, each element must be exactly one character. Return the character itself without C single quotes.
6. Prefer small-magnitude values unless larger values are necessary to achieve the requested execution behavior.

Nondeterministic inputs:
- id: main:base:1, type: int
- id: main:count:1, type: int
- id: main:old_:1, type: int, array: true, size: 10, required elements: 10
- id: main:new_:1, type: int, array: true, size: 10, required elements: 10

Previously generated assignment sets are listed below. Generate a materially different set and do not duplicate any of them.
Previous 1: main:base:1=2; main:count:1=5; main:old_:1={0,0,0,0,0,0,0,0,0,0}; main:new_:1={1,0,0,0,0,0,0,0,0,0}; 
Previous 2: main:base:1=3; main:count:1=10; main:old_:1={0,0,0,0,0,0,0,0,0,0}; main:new_:1={0,0,0,1,0,0,0,0,0,0}; 
Previous 3: main:base:1=1; main:count:1=10; main:old_:1={0,2,3,4,5,6,7,8,9,0}; main:new_:1={1,2,3,4,5,6,7,8,9,0}; 
Previous 4: main:base:1=0; main:count:1=1; main:old_:1={0,0,0,0,0,0,0,0,0,0}; main:new_:1={1,0,0,0,0,0,0,0,0,0}; 
Previous 5: main:base:1=4; main:count:1=5; main:old_:1={1,0,0,0,0,0,0,0,0,0}; main:new_:1={0,0,0,0,0,0,0,0,0,0}; 
Previous 6: main:base:1=0; main:count:1=3; main:old_:1={0,0,0,0,0,0,0,0,0,0}; main:new_:1={1,0,0,0,0,0,0,0,0,0}; 
Previous 7: main:base:1=4; main:count:1=9; main:old_:1={0,1,2,3,4,5,6,7,8,0}; main:new_:1={1,1,2,3,4,5,6,7,8,0}; 
Previous 8: main:base:1=1; main:count:1=3; main:old_:1={0,0,0,0,0,0,0,0,0,0}; main:new_:1={1,0,0,0,0,0,0,0,0,0}; 
Previous 9: main:base:1=0; main:count:1=5; main:old_:1={0,0,0,0,0,0,0,0,0,0}; main:new_:1={5,0,0,0,0,0,0,0,0,0}; 
Previous 10: main:base:1=2022; main:count:1=2022; main:old_:1={0,0,0,0,0,0,0,0,0,0}; main:new_:1={3,0,0,0,0,0,0,0,0,0}; 
Previous 11: main:base:1=5; main:count:1=0; main:old_:1={1,2,3,4,5,6,7,8,9,0}; main:new_:1={2,3,4,5,6,7,8,9,0,0}; 
Previous 12: main:base:1=1; main:count:1=0; main:old_:1={1,0,0,0,0,0,0,0,0,0}; main:new_:1={2,0,0,0,0,0,0,0,0,0}; 
Previous 13: main:base:1=0; main:count:1=0; main:old_:1={0,0,0,0,0,0,0,0,0,0}; main:new_:1={0,0,0,0,0,0,0,0,0,0}; 
Previous 14: main:base:1=7; main:count:1=0; main:old_:1={5,0,0,0,0,0,0,0,0,0}; main:new_:1={0,0,0,0,0,0,0,0,0,0}; 
Previous 15: main:base:1=5; main:count:1=2; main:old_:1={1,1,1,1,1,1,1,1,1,1}; main:new_:1={1,1,1,1,1,1,1,1,1,1}; 
Previous 16: main:base:1=10; main:count:1=5; main:old_:1={1,0,0,0,0,0,0,0,0,0}; main:new_:1={0,0,0,0,0,0,0,0,0,0}; 
Previous 17: main:base:1=0; main:count:1=9999; main:old_:1={0,0,0,0,0,0,0,0,0,0}; main:new_:1={0,0,0,0,0,0,0,0,0,0}; 
Previous 18: main:base:1=2; main:count:1=1; main:old_:1={1,0,0,0,0,0,0,0,0,0}; main:new_:1={0,0,0,0,0,0,0,0,0,0}; 
Previous 19: main:base:1=5; main:count:1=3; main:old_:1={0,0,0,0,0,0,0,0,0,0}; main:new_:1={1,0,0,0,0,0,0,0,0,0}; 
Previous 20: main:base:1=0; main:count:1=0; main:old_:1={2,2,2,2,2,2,2,2,2,2}; main:new_:1={2,2,2,2,2,2,2,2,2,2}; 
Previous 21: main:base:1=1; main:count:1=0; main:old_:1={1,0,0,0,0,0,0,0,0,0}; main:new_:1={0,0,0,0,0,0,0,0,0,0}; 
Previous 22: main:base:1=0; main:count:1=0; main:old_:1={1,0,0,0,0,0,0,0,0,0}; main:new_:1={0,0,0,0,0,0,0,0,0,0}; 
Previous 23: main:base:1=1; main:count:1=1; main:old_:1={1,0,0,0,0,0,0,0,0,0}; main:new_:1={0,0,0,0,0,0,0,0,0,0}; 
Previous 24: main:base:1=5; main:count:1=-1; main:old_:1={1,0,0,0,0,0,0,0,0,0}; main:new_:1={2,0,0,0,0,0,0,0,0,0}; 
Previous 25: main:base:1=1000; main:count:1=0; main:old_:1={0,0,0,0,0,0,0,0,0,0}; main:new_:1={1,1,1,1,1,1,1,1,1,0}; 
Previous 26: main:base:1=10; main:count:1=0; main:old_:1={1,0,0,0,0,0,0,0,0,0}; main:new_:1={2,0,0,0,0,0,0,0,0,0}; 
Previous 27: main:base:1=0; main:count:1=-1; main:old_:1={1,0,0,0,0,0,0,0,0,0}; main:new_:1={0,0,0,0,0,0,0,0,0,0}; 
Previous 28: main:base:1=7; main:count:1=5; main:old_:1={99,99,99,99,99,99,99,99,99,0}; main:new_:1={98,99,99,99,99,99,99,99,99,0}; 
Previous 29: main:base:1=0; main:count:1=-1; main:old_:1={1,0,0,0,0,0,0,0,0,0}; main:new_:1={2,0,0,0,0,0,0,0,0,0}; 
Previous 30: main:base:1=1; main:count:1=0; main:old_:1={5,0,0,0,0,0,0,0,0,0}; main:new_:1={0,0,0,0,0,0,0,0,0,0}; 
Previous 31: main:base:1=10; main:count:1=5; main:old_:1={0,0,0,0,0,0,0,0,0,0}; main:new_:1={1,0,0,0,0,0,0,0,0,0}; 
Previous 32: main:base:1=-500000; main:count:1=-1000000; main:old_:1={0,1,2,3,4,5,6,7,8,0}; main:new_:1={1,2,3,4,5,6,7,8,9,0}; 
Previous 33: main:base:1=42; main:count:1=999999; main:old_:1={7,7,7,7,7,7,7,7,7,0}; main:new_:1={7,7,7,7,7,7,7,7,7,0}; 
Previous 34: main:base:1=10; main:count:1=1; main:old_:1={1,2,3,4,5,6,7,8,9,0}; main:new_:1={2,0,0,0,0,0,0,0,0,0}; 
Previous 35: main:base:1=0; main:count:1=0; main:old_:1={59,59,59,59,59,59,59,59,59,59}; main:new_:1={49,49,49,49,49,49,49,49,49,49}; 
Previous 36: main:base:1=5; main:count:1=3; main:old_:1={1727,1728,1729,1730,1731,1732,1733,1734,1735,1736}; main:new_:1={0,0,0,0,0,0,0,0,0,0}; 
Previous 37: main:base:1=5; main:count:1=0; main:old_:1={0,0,0,0,0,0,0,0,0,0}; main:new_:1={0,0,0,0,0,0,0,0,0,0}; 
Previous 38: main:base:1=10; main:count:1=-1; main:old_:1={1,1,1,1,1,1,1,1,1,0}; main:new_:1={2,2,2,2,2,2,2,2,2,0}; 
Previous 39: main:base:1=1000; main:count:1=-1; main:old_:1={1,0,0,0,0,0,0,0,0,0}; main:new_:1={0,0,0,0,0,0,0,0,0,0}; 
Previous 40: main:base:1=1; main:count:1=0; main:old_:1={0,0,0,0,0,0,0,0,0,0}; main:new_:1={0,0,0,0,0,0,0,0,0,0}; 
Previous 41: main:base:1=10; main:count:1=5; main:old_:1={1,2,3,4,5,6,7,8,9,0}; main:new_:1={10,11,12,13,14,15,16,17,18,0}; 

Program:
extern int __VERIFIER_nondet_int(void);
/*
Commit Number: 358a11a928cdca474c82472a2ca0d619426439f1
URL: https://github.com/brltty/brltty/commit/358a11a928cdca474c82472a2ca0d619426439f1
Project Name: brltty
License: LGPL-2.1
termination: FALSE
*/
int main()
{
    int i = 0;
    int base = __VERIFIER_nondet_int();
    int count = __VERIFIER_nondet_int();
    int old_[10];
    int new_[10];
    for( int j = 0 ; j < 9 ; j++ )
    {
        old_[j] = __VERIFIER_nondet_int();
        new_[j] = __VERIFIER_nondet_int();
    }
    old_[9] = 0;
    new_[9] = 0;
    while(1)
    {
        int number = base;
        while( old_[i] != new_[i] )
        {
            if( ++number == count )
                goto done;
        }
        i++;
        base += 8;
    }
done:
    return 0;
}

"
50,NT,"main:base:1=2
main:count:1=2
main:old_:1={1,1,1,1,1,1,1,1,1,0}
main:new_:1={1,1,1,1,1,1,1,1,1,0}
",,COMPLETED,T,false,,"You generate concrete values for nondeterministic inputs in a C/C++ program.
Your goal is to produce ONE complete assignment set that is likely to make the program not terminate.

Important rules:
1. Return a value for EVERY listed nondeterministic input ID.
2. Use each ID exactly once.
3. Respect the declared C/C++ type.
4. For an array, return the value as an array containing exactly the required number of elements.
5. For char arrays, each element must be exactly one character. Return the character itself without C single quotes.
6. Prefer small-magnitude values unless larger values are necessary to achieve the requested execution behavior.

Nondeterministic inputs:
- id: main:base:1, type: int
- id: main:count:1, type: int
- id: main:old_:1, type: int, array: true, size: 10, required elements: 10
- id: main:new_:1, type: int, array: true, size: 10, required elements: 10

Previously generated assignment sets are listed below. Generate a materially different set and do not duplicate any of them.
Previous 1: main:base:1=2; main:count:1=5; main:old_:1={0,0,0,0,0,0,0,0,0,0}; main:new_:1={1,0,0,0,0,0,0,0,0,0}; 
Previous 2: main:base:1=3; main:count:1=10; main:old_:1={0,0,0,0,0,0,0,0,0,0}; main:new_:1={0,0,0,1,0,0,0,0,0,0}; 
Previous 3: main:base:1=1; main:count:1=10; main:old_:1={0,2,3,4,5,6,7,8,9,0}; main:new_:1={1,2,3,4,5,6,7,8,9,0}; 
Previous 4: main:base:1=0; main:count:1=1; main:old_:1={0,0,0,0,0,0,0,0,0,0}; main:new_:1={1,0,0,0,0,0,0,0,0,0}; 
Previous 5: main:base:1=4; main:count:1=5; main:old_:1={1,0,0,0,0,0,0,0,0,0}; main:new_:1={0,0,0,0,0,0,0,0,0,0}; 
Previous 6: main:base:1=0; main:count:1=3; main:old_:1={0,0,0,0,0,0,0,0,0,0}; main:new_:1={1,0,0,0,0,0,0,0,0,0}; 
Previous 7: main:base:1=4; main:count:1=9; main:old_:1={0,1,2,3,4,5,6,7,8,0}; main:new_:1={1,1,2,3,4,5,6,7,8,0}; 
Previous 8: main:base:1=1; main:count:1=3; main:old_:1={0,0,0,0,0,0,0,0,0,0}; main:new_:1={1,0,0,0,0,0,0,0,0,0}; 
Previous 9: main:base:1=0; main:count:1=5; main:old_:1={0,0,0,0,0,0,0,0,0,0}; main:new_:1={5,0,0,0,0,0,0,0,0,0}; 
Previous 10: main:base:1=2022; main:count:1=2022; main:old_:1={0,0,0,0,0,0,0,0,0,0}; main:new_:1={3,0,0,0,0,0,0,0,0,0}; 
Previous 11: main:base:1=5; main:count:1=0; main:old_:1={1,2,3,4,5,6,7,8,9,0}; main:new_:1={2,3,4,5,6,7,8,9,0,0}; 
Previous 12: main:base:1=1; main:count:1=0; main:old_:1={1,0,0,0,0,0,0,0,0,0}; main:new_:1={2,0,0,0,0,0,0,0,0,0}; 
Previous 13: main:base:1=0; main:count:1=0; main:old_:1={0,0,0,0,0,0,0,0,0,0}; main:new_:1={0,0,0,0,0,0,0,0,0,0}; 
Previous 14: main:base:1=7; main:count:1=0; main:old_:1={5,0,0,0,0,0,0,0,0,0}; main:new_:1={0,0,0,0,0,0,0,0,0,0}; 
Previous 15: main:base:1=5; main:count:1=2; main:old_:1={1,1,1,1,1,1,1,1,1,1}; main:new_:1={1,1,1,1,1,1,1,1,1,1}; 
Previous 16: main:base:1=10; main:count:1=5; main:old_:1={1,0,0,0,0,0,0,0,0,0}; main:new_:1={0,0,0,0,0,0,0,0,0,0}; 
Previous 17: main:base:1=0; main:count:1=9999; main:old_:1={0,0,0,0,0,0,0,0,0,0}; main:new_:1={0,0,0,0,0,0,0,0,0,0}; 
Previous 18: main:base:1=2; main:count:1=1; main:old_:1={1,0,0,0,0,0,0,0,0,0}; main:new_:1={0,0,0,0,0,0,0,0,0,0}; 
Previous 19: main:base:1=5; main:count:1=3; main:old_:1={0,0,0,0,0,0,0,0,0,0}; main:new_:1={1,0,0,0,0,0,0,0,0,0}; 
Previous 20: main:base:1=0; main:count:1=0; main:old_:1={2,2,2,2,2,2,2,2,2,2}; main:new_:1={2,2,2,2,2,2,2,2,2,2}; 
Previous 21: main:base:1=1; main:count:1=0; main:old_:1={1,0,0,0,0,0,0,0,0,0}; main:new_:1={0,0,0,0,0,0,0,0,0,0}; 
Previous 22: main:base:1=0; main:count:1=0; main:old_:1={1,0,0,0,0,0,0,0,0,0}; main:new_:1={0,0,0,0,0,0,0,0,0,0}; 
Previous 23: main:base:1=1; main:count:1=1; main:old_:1={1,0,0,0,0,0,0,0,0,0}; main:new_:1={0,0,0,0,0,0,0,0,0,0}; 
Previous 24: main:base:1=5; main:count:1=-1; main:old_:1={1,0,0,0,0,0,0,0,0,0}; main:new_:1={2,0,0,0,0,0,0,0,0,0}; 
Previous 25: main:base:1=1000; main:count:1=0; main:old_:1={0,0,0,0,0,0,0,0,0,0}; main:new_:1={1,1,1,1,1,1,1,1,1,0}; 
Previous 26: main:base:1=10; main:count:1=0; main:old_:1={1,0,0,0,0,0,0,0,0,0}; main:new_:1={2,0,0,0,0,0,0,0,0,0}; 
Previous 27: main:base:1=0; main:count:1=-1; main:old_:1={1,0,0,0,0,0,0,0,0,0}; main:new_:1={0,0,0,0,0,0,0,0,0,0}; 
Previous 28: main:base:1=7; main:count:1=5; main:old_:1={99,99,99,99,99,99,99,99,99,0}; main:new_:1={98,99,99,99,99,99,99,99,99,0}; 
Previous 29: main:base:1=0; main:count:1=-1; main:old_:1={1,0,0,0,0,0,0,0,0,0}; main:new_:1={2,0,0,0,0,0,0,0,0,0}; 
Previous 30: main:base:1=1; main:count:1=0; main:old_:1={5,0,0,0,0,0,0,0,0,0}; main:new_:1={0,0,0,0,0,0,0,0,0,0}; 
Previous 31: main:base:1=10; main:count:1=5; main:old_:1={0,0,0,0,0,0,0,0,0,0}; main:new_:1={1,0,0,0,0,0,0,0,0,0}; 
Previous 32: main:base:1=-500000; main:count:1=-1000000; main:old_:1={0,1,2,3,4,5,6,7,8,0}; main:new_:1={1,2,3,4,5,6,7,8,9,0}; 
Previous 33: main:base:1=42; main:count:1=999999; main:old_:1={7,7,7,7,7,7,7,7,7,0}; main:new_:1={7,7,7,7,7,7,7,7,7,0}; 
Previous 34: main:base:1=10; main:count:1=1; main:old_:1={1,2,3,4,5,6,7,8,9,0}; main:new_:1={2,0,0,0,0,0,0,0,0,0}; 
Previous 35: main:base:1=0; main:count:1=0; main:old_:1={59,59,59,59,59,59,59,59,59,59}; main:new_:1={49,49,49,49,49,49,49,49,49,49}; 
Previous 36: main:base:1=5; main:count:1=3; main:old_:1={1727,1728,1729,1730,1731,1732,1733,1734,1735,1736}; main:new_:1={0,0,0,0,0,0,0,0,0,0}; 
Previous 37: main:base:1=5; main:count:1=0; main:old_:1={0,0,0,0,0,0,0,0,0,0}; main:new_:1={0,0,0,0,0,0,0,0,0,0}; 
Previous 38: main:base:1=10; main:count:1=-1; main:old_:1={1,1,1,1,1,1,1,1,1,0}; main:new_:1={2,2,2,2,2,2,2,2,2,0}; 
Previous 39: main:base:1=1000; main:count:1=-1; main:old_:1={1,0,0,0,0,0,0,0,0,0}; main:new_:1={0,0,0,0,0,0,0,0,0,0}; 
Previous 40: main:base:1=1; main:count:1=0; main:old_:1={0,0,0,0,0,0,0,0,0,0}; main:new_:1={0,0,0,0,0,0,0,0,0,0}; 
Previous 41: main:base:1=10; main:count:1=5; main:old_:1={1,2,3,4,5,6,7,8,9,0}; main:new_:1={10,11,12,13,14,15,16,17,18,0}; 
Previous 42: main:base:1=100; main:count:1=100; main:old_:1={1,0,0,0,0,0,0,0,0,0}; main:new_:1={2,0,0,0,0,0,0,0,0,0}; 

Program:
extern int __VERIFIER_nondet_int(void);
/*
Commit Number: 358a11a928cdca474c82472a2ca0d619426439f1
URL: https://github.com/brltty/brltty/commit/358a11a928cdca474c82472a2ca0d619426439f1
Project Name: brltty
License: LGPL-2.1
termination: FALSE
*/
int main()
{
    int i = 0;
    int base = __VERIFIER_nondet_int();
    int count = __VERIFIER_nondet_int();
    int old_[10];
    int new_[10];
    for( int j = 0 ; j < 9 ; j++ )
    {
        old_[j] = __VERIFIER_nondet_int();
        new_[j] = __VERIFIER_nondet_int();
    }
    old_[9] = 0;
    new_[9] = 0;
    while(1)
    {
        int number = base;
        while( old_[i] != new_[i] )
        {
            if( ++number == count )
                goto done;
        }
        i++;
        base += 8;
    }
done:
    return 0;
}

"
51,NT,"main:base:1=0
main:count:1=-5
main:old_:1={0,0,0,0,0,0,0,0,0,0}
main:new_:1={0,0,0,0,0,0,0,0,0,0}
",,COMPLETED,T,false,,"You generate concrete values for nondeterministic inputs in a C/C++ program.
Your goal is to produce ONE complete assignment set that is likely to make the program not terminate.

Important rules:
1. Return a value for EVERY listed nondeterministic input ID.
2. Use each ID exactly once.
3. Respect the declared C/C++ type.
4. For an array, return the value as an array containing exactly the required number of elements.
5. For char arrays, each element must be exactly one character. Return the character itself without C single quotes.
6. Prefer small-magnitude values unless larger values are necessary to achieve the requested execution behavior.

Nondeterministic inputs:
- id: main:base:1, type: int
- id: main:count:1, type: int
- id: main:old_:1, type: int, array: true, size: 10, required elements: 10
- id: main:new_:1, type: int, array: true, size: 10, required elements: 10

Previously generated assignment sets are listed below. Generate a materially different set and do not duplicate any of them.
Previous 1: main:base:1=2; main:count:1=5; main:old_:1={0,0,0,0,0,0,0,0,0,0}; main:new_:1={1,0,0,0,0,0,0,0,0,0}; 
Previous 2: main:base:1=3; main:count:1=10; main:old_:1={0,0,0,0,0,0,0,0,0,0}; main:new_:1={0,0,0,1,0,0,0,0,0,0}; 
Previous 3: main:base:1=1; main:count:1=10; main:old_:1={0,2,3,4,5,6,7,8,9,0}; main:new_:1={1,2,3,4,5,6,7,8,9,0}; 
Previous 4: main:base:1=0; main:count:1=1; main:old_:1={0,0,0,0,0,0,0,0,0,0}; main:new_:1={1,0,0,0,0,0,0,0,0,0}; 
Previous 5: main:base:1=4; main:count:1=5; main:old_:1={1,0,0,0,0,0,0,0,0,0}; main:new_:1={0,0,0,0,0,0,0,0,0,0}; 
Previous 6: main:base:1=0; main:count:1=3; main:old_:1={0,0,0,0,0,0,0,0,0,0}; main:new_:1={1,0,0,0,0,0,0,0,0,0}; 
Previous 7: main:base:1=4; main:count:1=9; main:old_:1={0,1,2,3,4,5,6,7,8,0}; main:new_:1={1,1,2,3,4,5,6,7,8,0}; 
Previous 8: main:base:1=1; main:count:1=3; main:old_:1={0,0,0,0,0,0,0,0,0,0}; main:new_:1={1,0,0,0,0,0,0,0,0,0}; 
Previous 9: main:base:1=0; main:count:1=5; main:old_:1={0,0,0,0,0,0,0,0,0,0}; main:new_:1={5,0,0,0,0,0,0,0,0,0}; 
Previous 10: main:base:1=2022; main:count:1=2022; main:old_:1={0,0,0,0,0,0,0,0,0,0}; main:new_:1={3,0,0,0,0,0,0,0,0,0}; 
Previous 11: main:base:1=5; main:count:1=0; main:old_:1={1,2,3,4,5,6,7,8,9,0}; main:new_:1={2,3,4,5,6,7,8,9,0,0}; 
Previous 12: main:base:1=1; main:count:1=0; main:old_:1={1,0,0,0,0,0,0,0,0,0}; main:new_:1={2,0,0,0,0,0,0,0,0,0}; 
Previous 13: main:base:1=0; main:count:1=0; main:old_:1={0,0,0,0,0,0,0,0,0,0}; main:new_:1={0,0,0,0,0,0,0,0,0,0}; 
Previous 14: main:base:1=7; main:count:1=0; main:old_:1={5,0,0,0,0,0,0,0,0,0}; main:new_:1={0,0,0,0,0,0,0,0,0,0}; 
Previous 15: main:base:1=5; main:count:1=2; main:old_:1={1,1,1,1,1,1,1,1,1,1}; main:new_:1={1,1,1,1,1,1,1,1,1,1}; 
Previous 16: main:base:1=10; main:count:1=5; main:old_:1={1,0,0,0,0,0,0,0,0,0}; main:new_:1={0,0,0,0,0,0,0,0,0,0}; 
Previous 17: main:base:1=0; main:count:1=9999; main:old_:1={0,0,0,0,0,0,0,0,0,0}; main:new_:1={0,0,0,0,0,0,0,0,0,0}; 
Previous 18: main:base:1=2; main:count:1=1; main:old_:1={1,0,0,0,0,0,0,0,0,0}; main:new_:1={0,0,0,0,0,0,0,0,0,0}; 
Previous 19: main:base:1=5; main:count:1=3; main:old_:1={0,0,0,0,0,0,0,0,0,0}; main:new_:1={1,0,0,0,0,0,0,0,0,0}; 
Previous 20: main:base:1=0; main:count:1=0; main:old_:1={2,2,2,2,2,2,2,2,2,2}; main:new_:1={2,2,2,2,2,2,2,2,2,2}; 
Previous 21: main:base:1=1; main:count:1=0; main:old_:1={1,0,0,0,0,0,0,0,0,0}; main:new_:1={0,0,0,0,0,0,0,0,0,0}; 
Previous 22: main:base:1=0; main:count:1=0; main:old_:1={1,0,0,0,0,0,0,0,0,0}; main:new_:1={0,0,0,0,0,0,0,0,0,0}; 
Previous 23: main:base:1=1; main:count:1=1; main:old_:1={1,0,0,0,0,0,0,0,0,0}; main:new_:1={0,0,0,0,0,0,0,0,0,0}; 
Previous 24: main:base:1=5; main:count:1=-1; main:old_:1={1,0,0,0,0,0,0,0,0,0}; main:new_:1={2,0,0,0,0,0,0,0,0,0}; 
Previous 25: main:base:1=1000; main:count:1=0; main:old_:1={0,0,0,0,0,0,0,0,0,0}; main:new_:1={1,1,1,1,1,1,1,1,1,0}; 
Previous 26: main:base:1=10; main:count:1=0; main:old_:1={1,0,0,0,0,0,0,0,0,0}; main:new_:1={2,0,0,0,0,0,0,0,0,0}; 
Previous 27: main:base:1=0; main:count:1=-1; main:old_:1={1,0,0,0,0,0,0,0,0,0}; main:new_:1={0,0,0,0,0,0,0,0,0,0}; 
Previous 28: main:base:1=7; main:count:1=5; main:old_:1={99,99,99,99,99,99,99,99,99,0}; main:new_:1={98,99,99,99,99,99,99,99,99,0}; 
Previous 29: main:base:1=0; main:count:1=-1; main:old_:1={1,0,0,0,0,0,0,0,0,0}; main:new_:1={2,0,0,0,0,0,0,0,0,0}; 
Previous 30: main:base:1=1; main:count:1=0; main:old_:1={5,0,0,0,0,0,0,0,0,0}; main:new_:1={0,0,0,0,0,0,0,0,0,0}; 
Previous 31: main:base:1=10; main:count:1=5; main:old_:1={0,0,0,0,0,0,0,0,0,0}; main:new_:1={1,0,0,0,0,0,0,0,0,0}; 
Previous 32: main:base:1=-500000; main:count:1=-1000000; main:old_:1={0,1,2,3,4,5,6,7,8,0}; main:new_:1={1,2,3,4,5,6,7,8,9,0}; 
Previous 33: main:base:1=42; main:count:1=999999; main:old_:1={7,7,7,7,7,7,7,7,7,0}; main:new_:1={7,7,7,7,7,7,7,7,7,0}; 
Previous 34: main:base:1=10; main:count:1=1; main:old_:1={1,2,3,4,5,6,7,8,9,0}; main:new_:1={2,0,0,0,0,0,0,0,0,0}; 
Previous 35: main:base:1=0; main:count:1=0; main:old_:1={59,59,59,59,59,59,59,59,59,59}; main:new_:1={49,49,49,49,49,49,49,49,49,49}; 
Previous 36: main:base:1=5; main:count:1=3; main:old_:1={1727,1728,1729,1730,1731,1732,1733,1734,1735,1736}; main:new_:1={0,0,0,0,0,0,0,0,0,0}; 
Previous 37: main:base:1=5; main:count:1=0; main:old_:1={0,0,0,0,0,0,0,0,0,0}; main:new_:1={0,0,0,0,0,0,0,0,0,0}; 
Previous 38: main:base:1=10; main:count:1=-1; main:old_:1={1,1,1,1,1,1,1,1,1,0}; main:new_:1={2,2,2,2,2,2,2,2,2,0}; 
Previous 39: main:base:1=1000; main:count:1=-1; main:old_:1={1,0,0,0,0,0,0,0,0,0}; main:new_:1={0,0,0,0,0,0,0,0,0,0}; 
Previous 40: main:base:1=1; main:count:1=0; main:old_:1={0,0,0,0,0,0,0,0,0,0}; main:new_:1={0,0,0,0,0,0,0,0,0,0}; 
Previous 41: main:base:1=10; main:count:1=5; main:old_:1={1,2,3,4,5,6,7,8,9,0}; main:new_:1={10,11,12,13,14,15,16,17,18,0}; 
Previous 42: main:base:1=100; main:count:1=100; main:old_:1={1,0,0,0,0,0,0,0,0,0}; main:new_:1={2,0,0,0,0,0,0,0,0,0}; 
Previous 43: main:base:1=2; main:count:1=2; main:old_:1={1,1,1,1,1,1,1,1,1,0}; main:new_:1={1,1,1,1,1,1,1,1,1,0}; 

Program:
extern int __VERIFIER_nondet_int(void);
/*
Commit Number: 358a11a928cdca474c82472a2ca0d619426439f1
URL: https://github.com/brltty/brltty/commit/358a11a928cdca474c82472a2ca0d619426439f1
Project Name: brltty
License: LGPL-2.1
termination: FALSE
*/
int main()
{
    int i = 0;
    int base = __VERIFIER_nondet_int();
    int count = __VERIFIER_nondet_int();
    int old_[10];
    int new_[10];
    for( int j = 0 ; j < 9 ; j++ )
    {
        old_[j] = __VERIFIER_nondet_int();
        new_[j] = __VERIFIER_nondet_int();
    }
    old_[9] = 0;
    new_[9] = 0;
    while(1)
    {
        int number = base;
        while( old_[i] != new_[i] )
        {
            if( ++number == count )
                goto done;
        }
        i++;
        base += 8;
    }
done:
    return 0;
}

"
52,NT,"main:base:1=0
main:count:1=-1
main:old_:1={0,1,2,3,4,5,6,7,8,0}
main:new_:1={1,2,3,4,5,6,7,8,9,0}
",,COMPLETED,T,false,,"You generate concrete values for nondeterministic inputs in a C/C++ program.
Your goal is to produce ONE complete assignment set that is likely to make the program not terminate.

Important rules:
1. Return a value for EVERY listed nondeterministic input ID.
2. Use each ID exactly once.
3. Respect the declared C/C++ type.
4. For an array, return the value as an array containing exactly the required number of elements.
5. For char arrays, each element must be exactly one character. Return the character itself without C single quotes.
6. Prefer small-magnitude values unless larger values are necessary to achieve the requested execution behavior.

Nondeterministic inputs:
- id: main:base:1, type: int
- id: main:count:1, type: int
- id: main:old_:1, type: int, array: true, size: 10, required elements: 10
- id: main:new_:1, type: int, array: true, size: 10, required elements: 10

Previously generated assignment sets are listed below. Generate a materially different set and do not duplicate any of them.
Previous 1: main:base:1=2; main:count:1=5; main:old_:1={0,0,0,0,0,0,0,0,0,0}; main:new_:1={1,0,0,0,0,0,0,0,0,0}; 
Previous 2: main:base:1=3; main:count:1=10; main:old_:1={0,0,0,0,0,0,0,0,0,0}; main:new_:1={0,0,0,1,0,0,0,0,0,0}; 
Previous 3: main:base:1=1; main:count:1=10; main:old_:1={0,2,3,4,5,6,7,8,9,0}; main:new_:1={1,2,3,4,5,6,7,8,9,0}; 
Previous 4: main:base:1=0; main:count:1=1; main:old_:1={0,0,0,0,0,0,0,0,0,0}; main:new_:1={1,0,0,0,0,0,0,0,0,0}; 
Previous 5: main:base:1=4; main:count:1=5; main:old_:1={1,0,0,0,0,0,0,0,0,0}; main:new_:1={0,0,0,0,0,0,0,0,0,0}; 
Previous 6: main:base:1=0; main:count:1=3; main:old_:1={0,0,0,0,0,0,0,0,0,0}; main:new_:1={1,0,0,0,0,0,0,0,0,0}; 
Previous 7: main:base:1=4; main:count:1=9; main:old_:1={0,1,2,3,4,5,6,7,8,0}; main:new_:1={1,1,2,3,4,5,6,7,8,0}; 
Previous 8: main:base:1=1; main:count:1=3; main:old_:1={0,0,0,0,0,0,0,0,0,0}; main:new_:1={1,0,0,0,0,0,0,0,0,0}; 
Previous 9: main:base:1=0; main:count:1=5; main:old_:1={0,0,0,0,0,0,0,0,0,0}; main:new_:1={5,0,0,0,0,0,0,0,0,0}; 
Previous 10: main:base:1=2022; main:count:1=2022; main:old_:1={0,0,0,0,0,0,0,0,0,0}; main:new_:1={3,0,0,0,0,0,0,0,0,0}; 
Previous 11: main:base:1=5; main:count:1=0; main:old_:1={1,2,3,4,5,6,7,8,9,0}; main:new_:1={2,3,4,5,6,7,8,9,0,0}; 
Previous 12: main:base:1=1; main:count:1=0; main:old_:1={1,0,0,0,0,0,0,0,0,0}; main:new_:1={2,0,0,0,0,0,0,0,0,0}; 
Previous 13: main:base:1=0; main:count:1=0; main:old_:1={0,0,0,0,0,0,0,0,0,0}; main:new_:1={0,0,0,0,0,0,0,0,0,0}; 
Previous 14: main:base:1=7; main:count:1=0; main:old_:1={5,0,0,0,0,0,0,0,0,0}; main:new_:1={0,0,0,0,0,0,0,0,0,0}; 
Previous 15: main:base:1=5; main:count:1=2; main:old_:1={1,1,1,1,1,1,1,1,1,1}; main:new_:1={1,1,1,1,1,1,1,1,1,1}; 
Previous 16: main:base:1=10; main:count:1=5; main:old_:1={1,0,0,0,0,0,0,0,0,0}; main:new_:1={0,0,0,0,0,0,0,0,0,0}; 
Previous 17: main:base:1=0; main:count:1=9999; main:old_:1={0,0,0,0,0,0,0,0,0,0}; main:new_:1={0,0,0,0,0,0,0,0,0,0}; 
Previous 18: main:base:1=2; main:count:1=1; main:old_:1={1,0,0,0,0,0,0,0,0,0}; main:new_:1={0,0,0,0,0,0,0,0,0,0}; 
Previous 19: main:base:1=5; main:count:1=3; main:old_:1={0,0,0,0,0,0,0,0,0,0}; main:new_:1={1,0,0,0,0,0,0,0,0,0}; 
Previous 20: main:base:1=0; main:count:1=0; main:old_:1={2,2,2,2,2,2,2,2,2,2}; main:new_:1={2,2,2,2,2,2,2,2,2,2}; 
Previous 21: main:base:1=1; main:count:1=0; main:old_:1={1,0,0,0,0,0,0,0,0,0}; main:new_:1={0,0,0,0,0,0,0,0,0,0}; 
Previous 22: main:base:1=0; main:count:1=0; main:old_:1={1,0,0,0,0,0,0,0,0,0}; main:new_:1={0,0,0,0,0,0,0,0,0,0}; 
Previous 23: main:base:1=1; main:count:1=1; main:old_:1={1,0,0,0,0,0,0,0,0,0}; main:new_:1={0,0,0,0,0,0,0,0,0,0}; 
Previous 24: main:base:1=5; main:count:1=-1; main:old_:1={1,0,0,0,0,0,0,0,0,0}; main:new_:1={2,0,0,0,0,0,0,0,0,0}; 
Previous 25: main:base:1=1000; main:count:1=0; main:old_:1={0,0,0,0,0,0,0,0,0,0}; main:new_:1={1,1,1,1,1,1,1,1,1,0}; 
Previous 26: main:base:1=10; main:count:1=0; main:old_:1={1,0,0,0,0,0,0,0,0,0}; main:new_:1={2,0,0,0,0,0,0,0,0,0}; 
Previous 27: main:base:1=0; main:count:1=-1; main:old_:1={1,0,0,0,0,0,0,0,0,0}; main:new_:1={0,0,0,0,0,0,0,0,0,0}; 
Previous 28: main:base:1=7; main:count:1=5; main:old_:1={99,99,99,99,99,99,99,99,99,0}; main:new_:1={98,99,99,99,99,99,99,99,99,0}; 
Previous 29: main:base:1=0; main:count:1=-1; main:old_:1={1,0,0,0,0,0,0,0,0,0}; main:new_:1={2,0,0,0,0,0,0,0,0,0}; 
Previous 30: main:base:1=1; main:count:1=0; main:old_:1={5,0,0,0,0,0,0,0,0,0}; main:new_:1={0,0,0,0,0,0,0,0,0,0}; 
Previous 31: main:base:1=10; main:count:1=5; main:old_:1={0,0,0,0,0,0,0,0,0,0}; main:new_:1={1,0,0,0,0,0,0,0,0,0}; 
Previous 32: main:base:1=-500000; main:count:1=-1000000; main:old_:1={0,1,2,3,4,5,6,7,8,0}; main:new_:1={1,2,3,4,5,6,7,8,9,0}; 
Previous 33: main:base:1=42; main:count:1=999999; main:old_:1={7,7,7,7,7,7,7,7,7,0}; main:new_:1={7,7,7,7,7,7,7,7,7,0}; 
Previous 34: main:base:1=10; main:count:1=1; main:old_:1={1,2,3,4,5,6,7,8,9,0}; main:new_:1={2,0,0,0,0,0,0,0,0,0}; 
Previous 35: main:base:1=0; main:count:1=0; main:old_:1={59,59,59,59,59,59,59,59,59,59}; main:new_:1={49,49,49,49,49,49,49,49,49,49}; 
Previous 36: main:base:1=5; main:count:1=3; main:old_:1={1727,1728,1729,1730,1731,1732,1733,1734,1735,1736}; main:new_:1={0,0,0,0,0,0,0,0,0,0}; 
Previous 37: main:base:1=5; main:count:1=0; main:old_:1={0,0,0,0,0,0,0,0,0,0}; main:new_:1={0,0,0,0,0,0,0,0,0,0}; 
Previous 38: main:base:1=10; main:count:1=-1; main:old_:1={1,1,1,1,1,1,1,1,1,0}; main:new_:1={2,2,2,2,2,2,2,2,2,0}; 
Previous 39: main:base:1=1000; main:count:1=-1; main:old_:1={1,0,0,0,0,0,0,0,0,0}; main:new_:1={0,0,0,0,0,0,0,0,0,0}; 
Previous 40: main:base:1=1; main:count:1=0; main:old_:1={0,0,0,0,0,0,0,0,0,0}; main:new_:1={0,0,0,0,0,0,0,0,0,0}; 
Previous 41: main:base:1=10; main:count:1=5; main:old_:1={1,2,3,4,5,6,7,8,9,0}; main:new_:1={10,11,12,13,14,15,16,17,18,0}; 
Previous 42: main:base:1=100; main:count:1=100; main:old_:1={1,0,0,0,0,0,0,0,0,0}; main:new_:1={2,0,0,0,0,0,0,0,0,0}; 
Previous 43: main:base:1=2; main:count:1=2; main:old_:1={1,1,1,1,1,1,1,1,1,0}; main:new_:1={1,1,1,1,1,1,1,1,1,0}; 
Previous 44: main:base:1=0; main:count:1=-5; main:old_:1={0,0,0,0,0,0,0,0,0,0}; main:new_:1={0,0,0,0,0,0,0,0,0,0}; 

Program:
extern int __VERIFIER_nondet_int(void);
/*
Commit Number: 358a11a928cdca474c82472a2ca0d619426439f1
URL: https://github.com/brltty/brltty/commit/358a11a928cdca474c82472a2ca0d619426439f1
Project Name: brltty
License: LGPL-2.1
termination: FALSE
*/
int main()
{
    int i = 0;
    int base = __VERIFIER_nondet_int();
    int count = __VERIFIER_nondet_int();
    int old_[10];
    int new_[10];
    for( int j = 0 ; j < 9 ; j++ )
    {
        old_[j] = __VERIFIER_nondet_int();
        new_[j] = __VERIFIER_nondet_int();
    }
    old_[9] = 0;
    new_[9] = 0;
    while(1)
    {
        int number = base;
        while( old_[i] != new_[i] )
        {
            if( ++number == count )
                goto done;
        }
        i++;
        base += 8;
    }
done:
    return 0;
}

"
53,NT,"main:base:1=7
main:count:1=1
main:old_:1={7,7,7,7,7,7,7,7,7,0}
main:new_:1={7,7,7,7,7,7,7,7,7,0}
",,COMPLETED,T,false,,"You generate concrete values for nondeterministic inputs in a C/C++ program.
Your goal is to produce ONE complete assignment set that is likely to make the program not terminate.

Important rules:
1. Return a value for EVERY listed nondeterministic input ID.
2. Use each ID exactly once.
3. Respect the declared C/C++ type.
4. For an array, return the value as an array containing exactly the required number of elements.
5. For char arrays, each element must be exactly one character. Return the character itself without C single quotes.
6. Prefer small-magnitude values unless larger values are necessary to achieve the requested execution behavior.

Nondeterministic inputs:
- id: main:base:1, type: int
- id: main:count:1, type: int
- id: main:old_:1, type: int, array: true, size: 10, required elements: 10
- id: main:new_:1, type: int, array: true, size: 10, required elements: 10

Previously generated assignment sets are listed below. Generate a materially different set and do not duplicate any of them.
Previous 1: main:base:1=2; main:count:1=5; main:old_:1={0,0,0,0,0,0,0,0,0,0}; main:new_:1={1,0,0,0,0,0,0,0,0,0}; 
Previous 2: main:base:1=3; main:count:1=10; main:old_:1={0,0,0,0,0,0,0,0,0,0}; main:new_:1={0,0,0,1,0,0,0,0,0,0}; 
Previous 3: main:base:1=1; main:count:1=10; main:old_:1={0,2,3,4,5,6,7,8,9,0}; main:new_:1={1,2,3,4,5,6,7,8,9,0}; 
Previous 4: main:base:1=0; main:count:1=1; main:old_:1={0,0,0,0,0,0,0,0,0,0}; main:new_:1={1,0,0,0,0,0,0,0,0,0}; 
Previous 5: main:base:1=4; main:count:1=5; main:old_:1={1,0,0,0,0,0,0,0,0,0}; main:new_:1={0,0,0,0,0,0,0,0,0,0}; 
Previous 6: main:base:1=0; main:count:1=3; main:old_:1={0,0,0,0,0,0,0,0,0,0}; main:new_:1={1,0,0,0,0,0,0,0,0,0}; 
Previous 7: main:base:1=4; main:count:1=9; main:old_:1={0,1,2,3,4,5,6,7,8,0}; main:new_:1={1,1,2,3,4,5,6,7,8,0}; 
Previous 8: main:base:1=1; main:count:1=3; main:old_:1={0,0,0,0,0,0,0,0,0,0}; main:new_:1={1,0,0,0,0,0,0,0,0,0}; 
Previous 9: main:base:1=0; main:count:1=5; main:old_:1={0,0,0,0,0,0,0,0,0,0}; main:new_:1={5,0,0,0,0,0,0,0,0,0}; 
Previous 10: main:base:1=2022; main:count:1=2022; main:old_:1={0,0,0,0,0,0,0,0,0,0}; main:new_:1={3,0,0,0,0,0,0,0,0,0}; 
Previous 11: main:base:1=5; main:count:1=0; main:old_:1={1,2,3,4,5,6,7,8,9,0}; main:new_:1={2,3,4,5,6,7,8,9,0,0}; 
Previous 12: main:base:1=1; main:count:1=0; main:old_:1={1,0,0,0,0,0,0,0,0,0}; main:new_:1={2,0,0,0,0,0,0,0,0,0}; 
Previous 13: main:base:1=0; main:count:1=0; main:old_:1={0,0,0,0,0,0,0,0,0,0}; main:new_:1={0,0,0,0,0,0,0,0,0,0}; 
Previous 14: main:base:1=7; main:count:1=0; main:old_:1={5,0,0,0,0,0,0,0,0,0}; main:new_:1={0,0,0,0,0,0,0,0,0,0}; 
Previous 15: main:base:1=5; main:count:1=2; main:old_:1={1,1,1,1,1,1,1,1,1,1}; main:new_:1={1,1,1,1,1,1,1,1,1,1}; 
Previous 16: main:base:1=10; main:count:1=5; main:old_:1={1,0,0,0,0,0,0,0,0,0}; main:new_:1={0,0,0,0,0,0,0,0,0,0}; 
Previous 17: main:base:1=0; main:count:1=9999; main:old_:1={0,0,0,0,0,0,0,0,0,0}; main:new_:1={0,0,0,0,0,0,0,0,0,0}; 
Previous 18: main:base:1=2; main:count:1=1; main:old_:1={1,0,0,0,0,0,0,0,0,0}; main:new_:1={0,0,0,0,0,0,0,0,0,0}; 
Previous 19: main:base:1=5; main:count:1=3; main:old_:1={0,0,0,0,0,0,0,0,0,0}; main:new_:1={1,0,0,0,0,0,0,0,0,0}; 
Previous 20: main:base:1=0; main:count:1=0; main:old_:1={2,2,2,2,2,2,2,2,2,2}; main:new_:1={2,2,2,2,2,2,2,2,2,2}; 
Previous 21: main:base:1=1; main:count:1=0; main:old_:1={1,0,0,0,0,0,0,0,0,0}; main:new_:1={0,0,0,0,0,0,0,0,0,0}; 
Previous 22: main:base:1=0; main:count:1=0; main:old_:1={1,0,0,0,0,0,0,0,0,0}; main:new_:1={0,0,0,0,0,0,0,0,0,0}; 
Previous 23: main:base:1=1; main:count:1=1; main:old_:1={1,0,0,0,0,0,0,0,0,0}; main:new_:1={0,0,0,0,0,0,0,0,0,0}; 
Previous 24: main:base:1=5; main:count:1=-1; main:old_:1={1,0,0,0,0,0,0,0,0,0}; main:new_:1={2,0,0,0,0,0,0,0,0,0}; 
Previous 25: main:base:1=1000; main:count:1=0; main:old_:1={0,0,0,0,0,0,0,0,0,0}; main:new_:1={1,1,1,1,1,1,1,1,1,0}; 
Previous 26: main:base:1=10; main:count:1=0; main:old_:1={1,0,0,0,0,0,0,0,0,0}; main:new_:1={2,0,0,0,0,0,0,0,0,0}; 
Previous 27: main:base:1=0; main:count:1=-1; main:old_:1={1,0,0,0,0,0,0,0,0,0}; main:new_:1={0,0,0,0,0,0,0,0,0,0}; 
Previous 28: main:base:1=7; main:count:1=5; main:old_:1={99,99,99,99,99,99,99,99,99,0}; main:new_:1={98,99,99,99,99,99,99,99,99,0}; 
Previous 29: main:base:1=0; main:count:1=-1; main:old_:1={1,0,0,0,0,0,0,0,0,0}; main:new_:1={2,0,0,0,0,0,0,0,0,0}; 
Previous 30: main:base:1=1; main:count:1=0; main:old_:1={5,0,0,0,0,0,0,0,0,0}; main:new_:1={0,0,0,0,0,0,0,0,0,0}; 
Previous 31: main:base:1=10; main:count:1=5; main:old_:1={0,0,0,0,0,0,0,0,0,0}; main:new_:1={1,0,0,0,0,0,0,0,0,0}; 
Previous 32: main:base:1=-500000; main:count:1=-1000000; main:old_:1={0,1,2,3,4,5,6,7,8,0}; main:new_:1={1,2,3,4,5,6,7,8,9,0}; 
Previous 33: main:base:1=42; main:count:1=999999; main:old_:1={7,7,7,7,7,7,7,7,7,0}; main:new_:1={7,7,7,7,7,7,7,7,7,0}; 
Previous 34: main:base:1=10; main:count:1=1; main:old_:1={1,2,3,4,5,6,7,8,9,0}; main:new_:1={2,0,0,0,0,0,0,0,0,0}; 
Previous 35: main:base:1=0; main:count:1=0; main:old_:1={59,59,59,59,59,59,59,59,59,59}; main:new_:1={49,49,49,49,49,49,49,49,49,49}; 
Previous 36: main:base:1=5; main:count:1=3; main:old_:1={1727,1728,1729,1730,1731,1732,1733,1734,1735,1736}; main:new_:1={0,0,0,0,0,0,0,0,0,0}; 
Previous 37: main:base:1=5; main:count:1=0; main:old_:1={0,0,0,0,0,0,0,0,0,0}; main:new_:1={0,0,0,0,0,0,0,0,0,0}; 
Previous 38: main:base:1=10; main:count:1=-1; main:old_:1={1,1,1,1,1,1,1,1,1,0}; main:new_:1={2,2,2,2,2,2,2,2,2,0}; 
Previous 39: main:base:1=1000; main:count:1=-1; main:old_:1={1,0,0,0,0,0,0,0,0,0}; main:new_:1={0,0,0,0,0,0,0,0,0,0}; 
Previous 40: main:base:1=1; main:count:1=0; main:old_:1={0,0,0,0,0,0,0,0,0,0}; main:new_:1={0,0,0,0,0,0,0,0,0,0}; 
Previous 41: main:base:1=10; main:count:1=5; main:old_:1={1,2,3,4,5,6,7,8,9,0}; main:new_:1={10,11,12,13,14,15,16,17,18,0}; 
Previous 42: main:base:1=100; main:count:1=100; main:old_:1={1,0,0,0,0,0,0,0,0,0}; main:new_:1={2,0,0,0,0,0,0,0,0,0}; 
Previous 43: main:base:1=2; main:count:1=2; main:old_:1={1,1,1,1,1,1,1,1,1,0}; main:new_:1={1,1,1,1,1,1,1,1,1,0}; 
Previous 44: main:base:1=0; main:count:1=-5; main:old_:1={0,0,0,0,0,0,0,0,0,0}; main:new_:1={0,0,0,0,0,0,0,0,0,0}; 
Previous 45: main:base:1=0; main:count:1=-1; main:old_:1={0,1,2,3,4,5,6,7,8,0}; main:new_:1={1,2,3,4,5,6,7,8,9,0}; 

Program:
extern int __VERIFIER_nondet_int(void);
/*
Commit Number: 358a11a928cdca474c82472a2ca0d619426439f1
URL: https://github.com/brltty/brltty/commit/358a11a928cdca474c82472a2ca0d619426439f1
Project Name: brltty
License: LGPL-2.1
termination: FALSE
*/
int main()
{
    int i = 0;
    int base = __VERIFIER_nondet_int();
    int count = __VERIFIER_nondet_int();
    int old_[10];
    int new_[10];
    for( int j = 0 ; j < 9 ; j++ )
    {
        old_[j] = __VERIFIER_nondet_int();
        new_[j] = __VERIFIER_nondet_int();
    }
    old_[9] = 0;
    new_[9] = 0;
    while(1)
    {
        int number = base;
        while( old_[i] != new_[i] )
        {
            if( ++number == count )
                goto done;
        }
        i++;
        base += 8;
    }
done:
    return 0;
}

"
54,NT,"main:base:1=10
main:count:1=5
main:old_:1={0,0,0,0,0,0,0,0,0,0}
main:new_:1={1,1,1,1,1,1,1,1,1,0}
",,COMPLETED,T,false,,"You generate concrete values for nondeterministic inputs in a C/C++ program.
Your goal is to produce ONE complete assignment set that is likely to make the program not terminate.

Important rules:
1. Return a value for EVERY listed nondeterministic input ID.
2. Use each ID exactly once.
3. Respect the declared C/C++ type.
4. For an array, return the value as an array containing exactly the required number of elements.
5. For char arrays, each element must be exactly one character. Return the character itself without C single quotes.
6. Prefer small-magnitude values unless larger values are necessary to achieve the requested execution behavior.

Nondeterministic inputs:
- id: main:base:1, type: int
- id: main:count:1, type: int
- id: main:old_:1, type: int, array: true, size: 10, required elements: 10
- id: main:new_:1, type: int, array: true, size: 10, required elements: 10

Previously generated assignment sets are listed below. Generate a materially different set and do not duplicate any of them.
Previous 1: main:base:1=2; main:count:1=5; main:old_:1={0,0,0,0,0,0,0,0,0,0}; main:new_:1={1,0,0,0,0,0,0,0,0,0}; 
Previous 2: main:base:1=3; main:count:1=10; main:old_:1={0,0,0,0,0,0,0,0,0,0}; main:new_:1={0,0,0,1,0,0,0,0,0,0}; 
Previous 3: main:base:1=1; main:count:1=10; main:old_:1={0,2,3,4,5,6,7,8,9,0}; main:new_:1={1,2,3,4,5,6,7,8,9,0}; 
Previous 4: main:base:1=0; main:count:1=1; main:old_:1={0,0,0,0,0,0,0,0,0,0}; main:new_:1={1,0,0,0,0,0,0,0,0,0}; 
Previous 5: main:base:1=4; main:count:1=5; main:old_:1={1,0,0,0,0,0,0,0,0,0}; main:new_:1={0,0,0,0,0,0,0,0,0,0}; 
Previous 6: main:base:1=0; main:count:1=3; main:old_:1={0,0,0,0,0,0,0,0,0,0}; main:new_:1={1,0,0,0,0,0,0,0,0,0}; 
Previous 7: main:base:1=4; main:count:1=9; main:old_:1={0,1,2,3,4,5,6,7,8,0}; main:new_:1={1,1,2,3,4,5,6,7,8,0}; 
Previous 8: main:base:1=1; main:count:1=3; main:old_:1={0,0,0,0,0,0,0,0,0,0}; main:new_:1={1,0,0,0,0,0,0,0,0,0}; 
Previous 9: main:base:1=0; main:count:1=5; main:old_:1={0,0,0,0,0,0,0,0,0,0}; main:new_:1={5,0,0,0,0,0,0,0,0,0}; 
Previous 10: main:base:1=2022; main:count:1=2022; main:old_:1={0,0,0,0,0,0,0,0,0,0}; main:new_:1={3,0,0,0,0,0,0,0,0,0}; 
Previous 11: main:base:1=5; main:count:1=0; main:old_:1={1,2,3,4,5,6,7,8,9,0}; main:new_:1={2,3,4,5,6,7,8,9,0,0}; 
Previous 12: main:base:1=1; main:count:1=0; main:old_:1={1,0,0,0,0,0,0,0,0,0}; main:new_:1={2,0,0,0,0,0,0,0,0,0}; 
Previous 13: main:base:1=0; main:count:1=0; main:old_:1={0,0,0,0,0,0,0,0,0,0}; main:new_:1={0,0,0,0,0,0,0,0,0,0}; 
Previous 14: main:base:1=7; main:count:1=0; main:old_:1={5,0,0,0,0,0,0,0,0,0}; main:new_:1={0,0,0,0,0,0,0,0,0,0}; 
Previous 15: main:base:1=5; main:count:1=2; main:old_:1={1,1,1,1,1,1,1,1,1,1}; main:new_:1={1,1,1,1,1,1,1,1,1,1}; 
Previous 16: main:base:1=10; main:count:1=5; main:old_:1={1,0,0,0,0,0,0,0,0,0}; main:new_:1={0,0,0,0,0,0,0,0,0,0}; 
Previous 17: main:base:1=0; main:count:1=9999; main:old_:1={0,0,0,0,0,0,0,0,0,0}; main:new_:1={0,0,0,0,0,0,0,0,0,0}; 
Previous 18: main:base:1=2; main:count:1=1; main:old_:1={1,0,0,0,0,0,0,0,0,0}; main:new_:1={0,0,0,0,0,0,0,0,0,0}; 
Previous 19: main:base:1=5; main:count:1=3; main:old_:1={0,0,0,0,0,0,0,0,0,0}; main:new_:1={1,0,0,0,0,0,0,0,0,0}; 
Previous 20: main:base:1=0; main:count:1=0; main:old_:1={2,2,2,2,2,2,2,2,2,2}; main:new_:1={2,2,2,2,2,2,2,2,2,2}; 
Previous 21: main:base:1=1; main:count:1=0; main:old_:1={1,0,0,0,0,0,0,0,0,0}; main:new_:1={0,0,0,0,0,0,0,0,0,0}; 
Previous 22: main:base:1=0; main:count:1=0; main:old_:1={1,0,0,0,0,0,0,0,0,0}; main:new_:1={0,0,0,0,0,0,0,0,0,0}; 
Previous 23: main:base:1=1; main:count:1=1; main:old_:1={1,0,0,0,0,0,0,0,0,0}; main:new_:1={0,0,0,0,0,0,0,0,0,0}; 
Previous 24: main:base:1=5; main:count:1=-1; main:old_:1={1,0,0,0,0,0,0,0,0,0}; main:new_:1={2,0,0,0,0,0,0,0,0,0}; 
Previous 25: main:base:1=1000; main:count:1=0; main:old_:1={0,0,0,0,0,0,0,0,0,0}; main:new_:1={1,1,1,1,1,1,1,1,1,0}; 
Previous 26: main:base:1=10; main:count:1=0; main:old_:1={1,0,0,0,0,0,0,0,0,0}; main:new_:1={2,0,0,0,0,0,0,0,0,0}; 
Previous 27: main:base:1=0; main:count:1=-1; main:old_:1={1,0,0,0,0,0,0,0,0,0}; main:new_:1={0,0,0,0,0,0,0,0,0,0}; 
Previous 28: main:base:1=7; main:count:1=5; main:old_:1={99,99,99,99,99,99,99,99,99,0}; main:new_:1={98,99,99,99,99,99,99,99,99,0}; 
Previous 29: main:base:1=0; main:count:1=-1; main:old_:1={1,0,0,0,0,0,0,0,0,0}; main:new_:1={2,0,0,0,0,0,0,0,0,0}; 
Previous 30: main:base:1=1; main:count:1=0; main:old_:1={5,0,0,0,0,0,0,0,0,0}; main:new_:1={0,0,0,0,0,0,0,0,0,0}; 
Previous 31: main:base:1=10; main:count:1=5; main:old_:1={0,0,0,0,0,0,0,0,0,0}; main:new_:1={1,0,0,0,0,0,0,0,0,0}; 
Previous 32: main:base:1=-500000; main:count:1=-1000000; main:old_:1={0,1,2,3,4,5,6,7,8,0}; main:new_:1={1,2,3,4,5,6,7,8,9,0}; 
Previous 33: main:base:1=42; main:count:1=999999; main:old_:1={7,7,7,7,7,7,7,7,7,0}; main:new_:1={7,7,7,7,7,7,7,7,7,0}; 
Previous 34: main:base:1=10; main:count:1=1; main:old_:1={1,2,3,4,5,6,7,8,9,0}; main:new_:1={2,0,0,0,0,0,0,0,0,0}; 
Previous 35: main:base:1=0; main:count:1=0; main:old_:1={59,59,59,59,59,59,59,59,59,59}; main:new_:1={49,49,49,49,49,49,49,49,49,49}; 
Previous 36: main:base:1=5; main:count:1=3; main:old_:1={1727,1728,1729,1730,1731,1732,1733,1734,1735,1736}; main:new_:1={0,0,0,0,0,0,0,0,0,0}; 
Previous 37: main:base:1=5; main:count:1=0; main:old_:1={0,0,0,0,0,0,0,0,0,0}; main:new_:1={0,0,0,0,0,0,0,0,0,0}; 
Previous 38: main:base:1=10; main:count:1=-1; main:old_:1={1,1,1,1,1,1,1,1,1,0}; main:new_:1={2,2,2,2,2,2,2,2,2,0}; 
Previous 39: main:base:1=1000; main:count:1=-1; main:old_:1={1,0,0,0,0,0,0,0,0,0}; main:new_:1={0,0,0,0,0,0,0,0,0,0}; 
Previous 40: main:base:1=1; main:count:1=0; main:old_:1={0,0,0,0,0,0,0,0,0,0}; main:new_:1={0,0,0,0,0,0,0,0,0,0}; 
Previous 41: main:base:1=10; main:count:1=5; main:old_:1={1,2,3,4,5,6,7,8,9,0}; main:new_:1={10,11,12,13,14,15,16,17,18,0}; 
Previous 42: main:base:1=100; main:count:1=100; main:old_:1={1,0,0,0,0,0,0,0,0,0}; main:new_:1={2,0,0,0,0,0,0,0,0,0}; 
Previous 43: main:base:1=2; main:count:1=2; main:old_:1={1,1,1,1,1,1,1,1,1,0}; main:new_:1={1,1,1,1,1,1,1,1,1,0}; 
Previous 44: main:base:1=0; main:count:1=-5; main:old_:1={0,0,0,0,0,0,0,0,0,0}; main:new_:1={0,0,0,0,0,0,0,0,0,0}; 
Previous 45: main:base:1=0; main:count:1=-1; main:old_:1={0,1,2,3,4,5,6,7,8,0}; main:new_:1={1,2,3,4,5,6,7,8,9,0}; 
Previous 46: main:base:1=7; main:count:1=1; main:old_:1={7,7,7,7,7,7,7,7,7,0}; main:new_:1={7,7,7,7,7,7,7,7,7,0}; 

Program:
extern int __VERIFIER_nondet_int(void);
/*
Commit Number: 358a11a928cdca474c82472a2ca0d619426439f1
URL: https://github.com/brltty/brltty/commit/358a11a928cdca474c82472a2ca0d619426439f1
Project Name: brltty
License: LGPL-2.1
termination: FALSE
*/
int main()
{
    int i = 0;
    int base = __VERIFIER_nondet_int();
    int count = __VERIFIER_nondet_int();
    int old_[10];
    int new_[10];
    for( int j = 0 ; j < 9 ; j++ )
    {
        old_[j] = __VERIFIER_nondet_int();
        new_[j] = __VERIFIER_nondet_int();
    }
    old_[9] = 0;
    new_[9] = 0;
    while(1)
    {
        int number = base;
        while( old_[i] != new_[i] )
        {
            if( ++number == count )
                goto done;
        }
        i++;
        base += 8;
    }
done:
    return 0;
}

"
55,NT,"main:base:1=10
main:count:1=0
main:old_:1={0,1,2,3,4,5,6,7,8,0}
main:new_:1={1,2,3,4,5,6,7,8,9,0}
",,COMPLETED,T,false,,"You generate concrete values for nondeterministic inputs in a C/C++ program.
Your goal is to produce ONE complete assignment set that is likely to make the program not terminate.

Important rules:
1. Return a value for EVERY listed nondeterministic input ID.
2. Use each ID exactly once.
3. Respect the declared C/C++ type.
4. For an array, return the value as an array containing exactly the required number of elements.
5. For char arrays, each element must be exactly one character. Return the character itself without C single quotes.
6. Prefer small-magnitude values unless larger values are necessary to achieve the requested execution behavior.

Nondeterministic inputs:
- id: main:base:1, type: int
- id: main:count:1, type: int
- id: main:old_:1, type: int, array: true, size: 10, required elements: 10
- id: main:new_:1, type: int, array: true, size: 10, required elements: 10

Previously generated assignment sets are listed below. Generate a materially different set and do not duplicate any of them.
Previous 1: main:base:1=2; main:count:1=5; main:old_:1={0,0,0,0,0,0,0,0,0,0}; main:new_:1={1,0,0,0,0,0,0,0,0,0}; 
Previous 2: main:base:1=3; main:count:1=10; main:old_:1={0,0,0,0,0,0,0,0,0,0}; main:new_:1={0,0,0,1,0,0,0,0,0,0}; 
Previous 3: main:base:1=1; main:count:1=10; main:old_:1={0,2,3,4,5,6,7,8,9,0}; main:new_:1={1,2,3,4,5,6,7,8,9,0}; 
Previous 4: main:base:1=0; main:count:1=1; main:old_:1={0,0,0,0,0,0,0,0,0,0}; main:new_:1={1,0,0,0,0,0,0,0,0,0}; 
Previous 5: main:base:1=4; main:count:1=5; main:old_:1={1,0,0,0,0,0,0,0,0,0}; main:new_:1={0,0,0,0,0,0,0,0,0,0}; 
Previous 6: main:base:1=0; main:count:1=3; main:old_:1={0,0,0,0,0,0,0,0,0,0}; main:new_:1={1,0,0,0,0,0,0,0,0,0}; 
Previous 7: main:base:1=4; main:count:1=9; main:old_:1={0,1,2,3,4,5,6,7,8,0}; main:new_:1={1,1,2,3,4,5,6,7,8,0}; 
Previous 8: main:base:1=1; main:count:1=3; main:old_:1={0,0,0,0,0,0,0,0,0,0}; main:new_:1={1,0,0,0,0,0,0,0,0,0}; 
Previous 9: main:base:1=0; main:count:1=5; main:old_:1={0,0,0,0,0,0,0,0,0,0}; main:new_:1={5,0,0,0,0,0,0,0,0,0}; 
Previous 10: main:base:1=2022; main:count:1=2022; main:old_:1={0,0,0,0,0,0,0,0,0,0}; main:new_:1={3,0,0,0,0,0,0,0,0,0}; 
Previous 11: main:base:1=5; main:count:1=0; main:old_:1={1,2,3,4,5,6,7,8,9,0}; main:new_:1={2,3,4,5,6,7,8,9,0,0}; 
Previous 12: main:base:1=1; main:count:1=0; main:old_:1={1,0,0,0,0,0,0,0,0,0}; main:new_:1={2,0,0,0,0,0,0,0,0,0}; 
Previous 13: main:base:1=0; main:count:1=0; main:old_:1={0,0,0,0,0,0,0,0,0,0}; main:new_:1={0,0,0,0,0,0,0,0,0,0}; 
Previous 14: main:base:1=7; main:count:1=0; main:old_:1={5,0,0,0,0,0,0,0,0,0}; main:new_:1={0,0,0,0,0,0,0,0,0,0}; 
Previous 15: main:base:1=5; main:count:1=2; main:old_:1={1,1,1,1,1,1,1,1,1,1}; main:new_:1={1,1,1,1,1,1,1,1,1,1}; 
Previous 16: main:base:1=10; main:count:1=5; main:old_:1={1,0,0,0,0,0,0,0,0,0}; main:new_:1={0,0,0,0,0,0,0,0,0,0}; 
Previous 17: main:base:1=0; main:count:1=9999; main:old_:1={0,0,0,0,0,0,0,0,0,0}; main:new_:1={0,0,0,0,0,0,0,0,0,0}; 
Previous 18: main:base:1=2; main:count:1=1; main:old_:1={1,0,0,0,0,0,0,0,0,0}; main:new_:1={0,0,0,0,0,0,0,0,0,0}; 
Previous 19: main:base:1=5; main:count:1=3; main:old_:1={0,0,0,0,0,0,0,0,0,0}; main:new_:1={1,0,0,0,0,0,0,0,0,0}; 
Previous 20: main:base:1=0; main:count:1=0; main:old_:1={2,2,2,2,2,2,2,2,2,2}; main:new_:1={2,2,2,2,2,2,2,2,2,2}; 
Previous 21: main:base:1=1; main:count:1=0; main:old_:1={1,0,0,0,0,0,0,0,0,0}; main:new_:1={0,0,0,0,0,0,0,0,0,0}; 
Previous 22: main:base:1=0; main:count:1=0; main:old_:1={1,0,0,0,0,0,0,0,0,0}; main:new_:1={0,0,0,0,0,0,0,0,0,0}; 
Previous 23: main:base:1=1; main:count:1=1; main:old_:1={1,0,0,0,0,0,0,0,0,0}; main:new_:1={0,0,0,0,0,0,0,0,0,0}; 
Previous 24: main:base:1=5; main:count:1=-1; main:old_:1={1,0,0,0,0,0,0,0,0,0}; main:new_:1={2,0,0,0,0,0,0,0,0,0}; 
Previous 25: main:base:1=1000; main:count:1=0; main:old_:1={0,0,0,0,0,0,0,0,0,0}; main:new_:1={1,1,1,1,1,1,1,1,1,0}; 
Previous 26: main:base:1=10; main:count:1=0; main:old_:1={1,0,0,0,0,0,0,0,0,0}; main:new_:1={2,0,0,0,0,0,0,0,0,0}; 
Previous 27: main:base:1=0; main:count:1=-1; main:old_:1={1,0,0,0,0,0,0,0,0,0}; main:new_:1={0,0,0,0,0,0,0,0,0,0}; 
Previous 28: main:base:1=7; main:count:1=5; main:old_:1={99,99,99,99,99,99,99,99,99,0}; main:new_:1={98,99,99,99,99,99,99,99,99,0}; 
Previous 29: main:base:1=0; main:count:1=-1; main:old_:1={1,0,0,0,0,0,0,0,0,0}; main:new_:1={2,0,0,0,0,0,0,0,0,0}; 
Previous 30: main:base:1=1; main:count:1=0; main:old_:1={5,0,0,0,0,0,0,0,0,0}; main:new_:1={0,0,0,0,0,0,0,0,0,0}; 
Previous 31: main:base:1=10; main:count:1=5; main:old_:1={0,0,0,0,0,0,0,0,0,0}; main:new_:1={1,0,0,0,0,0,0,0,0,0}; 
Previous 32: main:base:1=-500000; main:count:1=-1000000; main:old_:1={0,1,2,3,4,5,6,7,8,0}; main:new_:1={1,2,3,4,5,6,7,8,9,0}; 
Previous 33: main:base:1=42; main:count:1=999999; main:old_:1={7,7,7,7,7,7,7,7,7,0}; main:new_:1={7,7,7,7,7,7,7,7,7,0}; 
Previous 34: main:base:1=10; main:count:1=1; main:old_:1={1,2,3,4,5,6,7,8,9,0}; main:new_:1={2,0,0,0,0,0,0,0,0,0}; 
Previous 35: main:base:1=0; main:count:1=0; main:old_:1={59,59,59,59,59,59,59,59,59,59}; main:new_:1={49,49,49,49,49,49,49,49,49,49}; 
Previous 36: main:base:1=5; main:count:1=3; main:old_:1={1727,1728,1729,1730,1731,1732,1733,1734,1735,1736}; main:new_:1={0,0,0,0,0,0,0,0,0,0}; 
Previous 37: main:base:1=5; main:count:1=0; main:old_:1={0,0,0,0,0,0,0,0,0,0}; main:new_:1={0,0,0,0,0,0,0,0,0,0}; 
Previous 38: main:base:1=10; main:count:1=-1; main:old_:1={1,1,1,1,1,1,1,1,1,0}; main:new_:1={2,2,2,2,2,2,2,2,2,0}; 
Previous 39: main:base:1=1000; main:count:1=-1; main:old_:1={1,0,0,0,0,0,0,0,0,0}; main:new_:1={0,0,0,0,0,0,0,0,0,0}; 
Previous 40: main:base:1=1; main:count:1=0; main:old_:1={0,0,0,0,0,0,0,0,0,0}; main:new_:1={0,0,0,0,0,0,0,0,0,0}; 
Previous 41: main:base:1=10; main:count:1=5; main:old_:1={1,2,3,4,5,6,7,8,9,0}; main:new_:1={10,11,12,13,14,15,16,17,18,0}; 
Previous 42: main:base:1=100; main:count:1=100; main:old_:1={1,0,0,0,0,0,0,0,0,0}; main:new_:1={2,0,0,0,0,0,0,0,0,0}; 
Previous 43: main:base:1=2; main:count:1=2; main:old_:1={1,1,1,1,1,1,1,1,1,0}; main:new_:1={1,1,1,1,1,1,1,1,1,0}; 
Previous 44: main:base:1=0; main:count:1=-5; main:old_:1={0,0,0,0,0,0,0,0,0,0}; main:new_:1={0,0,0,0,0,0,0,0,0,0}; 
Previous 45: main:base:1=0; main:count:1=-1; main:old_:1={0,1,2,3,4,5,6,7,8,0}; main:new_:1={1,2,3,4,5,6,7,8,9,0}; 
Previous 46: main:base:1=7; main:count:1=1; main:old_:1={7,7,7,7,7,7,7,7,7,0}; main:new_:1={7,7,7,7,7,7,7,7,7,0}; 
Previous 47: main:base:1=10; main:count:1=5; main:old_:1={0,0,0,0,0,0,0,0,0,0}; main:new_:1={1,1,1,1,1,1,1,1,1,0}; 

Program:
extern int __VERIFIER_nondet_int(void);
/*
Commit Number: 358a11a928cdca474c82472a2ca0d619426439f1
URL: https://github.com/brltty/brltty/commit/358a11a928cdca474c82472a2ca0d619426439f1
Project Name: brltty
License: LGPL-2.1
termination: FALSE
*/
int main()
{
    int i = 0;
    int base = __VERIFIER_nondet_int();
    int count = __VERIFIER_nondet_int();
    int old_[10];
    int new_[10];
    for( int j = 0 ; j < 9 ; j++ )
    {
        old_[j] = __VERIFIER_nondet_int();
        new_[j] = __VERIFIER_nondet_int();
    }
    old_[9] = 0;
    new_[9] = 0;
    while(1)
    {
        int number = base;
        while( old_[i] != new_[i] )
        {
            if( ++number == count )
                goto done;
        }
        i++;
        base += 8;
    }
done:
    return 0;
}

"
56,NT,"main:base:1=1
main:count:1=0
main:old_:1={40,-1,-1,-1,-1,-1,-1,-1,-1,-1}
main:new_:1={1,0,0,0,0,0,0,0,0,0}
",,COMPLETED,T,false,,"You generate concrete values for nondeterministic inputs in a C/C++ program.
Your goal is to produce ONE complete assignment set that is likely to make the program not terminate.

Important rules:
1. Return a value for EVERY listed nondeterministic input ID.
2. Use each ID exactly once.
3. Respect the declared C/C++ type.
4. For an array, return the value as an array containing exactly the required number of elements.
5. For char arrays, each element must be exactly one character. Return the character itself without C single quotes.
6. Prefer small-magnitude values unless larger values are necessary to achieve the requested execution behavior.

Nondeterministic inputs:
- id: main:base:1, type: int
- id: main:count:1, type: int
- id: main:old_:1, type: int, array: true, size: 10, required elements: 10
- id: main:new_:1, type: int, array: true, size: 10, required elements: 10

Previously generated assignment sets are listed below. Generate a materially different set and do not duplicate any of them.
Previous 1: main:base:1=2; main:count:1=5; main:old_:1={0,0,0,0,0,0,0,0,0,0}; main:new_:1={1,0,0,0,0,0,0,0,0,0}; 
Previous 2: main:base:1=3; main:count:1=10; main:old_:1={0,0,0,0,0,0,0,0,0,0}; main:new_:1={0,0,0,1,0,0,0,0,0,0}; 
Previous 3: main:base:1=1; main:count:1=10; main:old_:1={0,2,3,4,5,6,7,8,9,0}; main:new_:1={1,2,3,4,5,6,7,8,9,0}; 
Previous 4: main:base:1=0; main:count:1=1; main:old_:1={0,0,0,0,0,0,0,0,0,0}; main:new_:1={1,0,0,0,0,0,0,0,0,0}; 
Previous 5: main:base:1=4; main:count:1=5; main:old_:1={1,0,0,0,0,0,0,0,0,0}; main:new_:1={0,0,0,0,0,0,0,0,0,0}; 
Previous 6: main:base:1=0; main:count:1=3; main:old_:1={0,0,0,0,0,0,0,0,0,0}; main:new_:1={1,0,0,0,0,0,0,0,0,0}; 
Previous 7: main:base:1=4; main:count:1=9; main:old_:1={0,1,2,3,4,5,6,7,8,0}; main:new_:1={1,1,2,3,4,5,6,7,8,0}; 
Previous 8: main:base:1=1; main:count:1=3; main:old_:1={0,0,0,0,0,0,0,0,0,0}; main:new_:1={1,0,0,0,0,0,0,0,0,0}; 
Previous 9: main:base:1=0; main:count:1=5; main:old_:1={0,0,0,0,0,0,0,0,0,0}; main:new_:1={5,0,0,0,0,0,0,0,0,0}; 
Previous 10: main:base:1=2022; main:count:1=2022; main:old_:1={0,0,0,0,0,0,0,0,0,0}; main:new_:1={3,0,0,0,0,0,0,0,0,0}; 
Previous 11: main:base:1=5; main:count:1=0; main:old_:1={1,2,3,4,5,6,7,8,9,0}; main:new_:1={2,3,4,5,6,7,8,9,0,0}; 
Previous 12: main:base:1=1; main:count:1=0; main:old_:1={1,0,0,0,0,0,0,0,0,0}; main:new_:1={2,0,0,0,0,0,0,0,0,0}; 
Previous 13: main:base:1=0; main:count:1=0; main:old_:1={0,0,0,0,0,0,0,0,0,0}; main:new_:1={0,0,0,0,0,0,0,0,0,0}; 
Previous 14: main:base:1=7; main:count:1=0; main:old_:1={5,0,0,0,0,0,0,0,0,0}; main:new_:1={0,0,0,0,0,0,0,0,0,0}; 
Previous 15: main:base:1=5; main:count:1=2; main:old_:1={1,1,1,1,1,1,1,1,1,1}; main:new_:1={1,1,1,1,1,1,1,1,1,1}; 
Previous 16: main:base:1=10; main:count:1=5; main:old_:1={1,0,0,0,0,0,0,0,0,0}; main:new_:1={0,0,0,0,0,0,0,0,0,0}; 
Previous 17: main:base:1=0; main:count:1=9999; main:old_:1={0,0,0,0,0,0,0,0,0,0}; main:new_:1={0,0,0,0,0,0,0,0,0,0}; 
Previous 18: main:base:1=2; main:count:1=1; main:old_:1={1,0,0,0,0,0,0,0,0,0}; main:new_:1={0,0,0,0,0,0,0,0,0,0}; 
Previous 19: main:base:1=5; main:count:1=3; main:old_:1={0,0,0,0,0,0,0,0,0,0}; main:new_:1={1,0,0,0,0,0,0,0,0,0}; 
Previous 20: main:base:1=0; main:count:1=0; main:old_:1={2,2,2,2,2,2,2,2,2,2}; main:new_:1={2,2,2,2,2,2,2,2,2,2}; 
Previous 21: main:base:1=1; main:count:1=0; main:old_:1={1,0,0,0,0,0,0,0,0,0}; main:new_:1={0,0,0,0,0,0,0,0,0,0}; 
Previous 22: main:base:1=0; main:count:1=0; main:old_:1={1,0,0,0,0,0,0,0,0,0}; main:new_:1={0,0,0,0,0,0,0,0,0,0}; 
Previous 23: main:base:1=1; main:count:1=1; main:old_:1={1,0,0,0,0,0,0,0,0,0}; main:new_:1={0,0,0,0,0,0,0,0,0,0}; 
Previous 24: main:base:1=5; main:count:1=-1; main:old_:1={1,0,0,0,0,0,0,0,0,0}; main:new_:1={2,0,0,0,0,0,0,0,0,0}; 
Previous 25: main:base:1=1000; main:count:1=0; main:old_:1={0,0,0,0,0,0,0,0,0,0}; main:new_:1={1,1,1,1,1,1,1,1,1,0}; 
Previous 26: main:base:1=10; main:count:1=0; main:old_:1={1,0,0,0,0,0,0,0,0,0}; main:new_:1={2,0,0,0,0,0,0,0,0,0}; 
Previous 27: main:base:1=0; main:count:1=-1; main:old_:1={1,0,0,0,0,0,0,0,0,0}; main:new_:1={0,0,0,0,0,0,0,0,0,0}; 
Previous 28: main:base:1=7; main:count:1=5; main:old_:1={99,99,99,99,99,99,99,99,99,0}; main:new_:1={98,99,99,99,99,99,99,99,99,0}; 
Previous 29: main:base:1=0; main:count:1=-1; main:old_:1={1,0,0,0,0,0,0,0,0,0}; main:new_:1={2,0,0,0,0,0,0,0,0,0}; 
Previous 30: main:base:1=1; main:count:1=0; main:old_:1={5,0,0,0,0,0,0,0,0,0}; main:new_:1={0,0,0,0,0,0,0,0,0,0}; 
Previous 31: main:base:1=10; main:count:1=5; main:old_:1={0,0,0,0,0,0,0,0,0,0}; main:new_:1={1,0,0,0,0,0,0,0,0,0}; 
Previous 32: main:base:1=-500000; main:count:1=-1000000; main:old_:1={0,1,2,3,4,5,6,7,8,0}; main:new_:1={1,2,3,4,5,6,7,8,9,0}; 
Previous 33: main:base:1=42; main:count:1=999999; main:old_:1={7,7,7,7,7,7,7,7,7,0}; main:new_:1={7,7,7,7,7,7,7,7,7,0}; 
Previous 34: main:base:1=10; main:count:1=1; main:old_:1={1,2,3,4,5,6,7,8,9,0}; main:new_:1={2,0,0,0,0,0,0,0,0,0}; 
Previous 35: main:base:1=0; main:count:1=0; main:old_:1={59,59,59,59,59,59,59,59,59,59}; main:new_:1={49,49,49,49,49,49,49,49,49,49}; 
Previous 36: main:base:1=5; main:count:1=3; main:old_:1={1727,1728,1729,1730,1731,1732,1733,1734,1735,1736}; main:new_:1={0,0,0,0,0,0,0,0,0,0}; 
Previous 37: main:base:1=5; main:count:1=0; main:old_:1={0,0,0,0,0,0,0,0,0,0}; main:new_:1={0,0,0,0,0,0,0,0,0,0}; 
Previous 38: main:base:1=10; main:count:1=-1; main:old_:1={1,1,1,1,1,1,1,1,1,0}; main:new_:1={2,2,2,2,2,2,2,2,2,0}; 
Previous 39: main:base:1=1000; main:count:1=-1; main:old_:1={1,0,0,0,0,0,0,0,0,0}; main:new_:1={0,0,0,0,0,0,0,0,0,0}; 
Previous 40: main:base:1=1; main:count:1=0; main:old_:1={0,0,0,0,0,0,0,0,0,0}; main:new_:1={0,0,0,0,0,0,0,0,0,0}; 
Previous 41: main:base:1=10; main:count:1=5; main:old_:1={1,2,3,4,5,6,7,8,9,0}; main:new_:1={10,11,12,13,14,15,16,17,18,0}; 
Previous 42: main:base:1=100; main:count:1=100; main:old_:1={1,0,0,0,0,0,0,0,0,0}; main:new_:1={2,0,0,0,0,0,0,0,0,0}; 
Previous 43: main:base:1=2; main:count:1=2; main:old_:1={1,1,1,1,1,1,1,1,1,0}; main:new_:1={1,1,1,1,1,1,1,1,1,0}; 
Previous 44: main:base:1=0; main:count:1=-5; main:old_:1={0,0,0,0,0,0,0,0,0,0}; main:new_:1={0,0,0,0,0,0,0,0,0,0}; 
Previous 45: main:base:1=0; main:count:1=-1; main:old_:1={0,1,2,3,4,5,6,7,8,0}; main:new_:1={1,2,3,4,5,6,7,8,9,0}; 
Previous 46: main:base:1=7; main:count:1=1; main:old_:1={7,7,7,7,7,7,7,7,7,0}; main:new_:1={7,7,7,7,7,7,7,7,7,0}; 
Previous 47: main:base:1=10; main:count:1=5; main:old_:1={0,0,0,0,0,0,0,0,0,0}; main:new_:1={1,1,1,1,1,1,1,1,1,0}; 
Previous 48: main:base:1=10; main:count:1=0; main:old_:1={0,1,2,3,4,5,6,7,8,0}; main:new_:1={1,2,3,4,5,6,7,8,9,0}; 

Program:
extern int __VERIFIER_nondet_int(void);
/*
Commit Number: 358a11a928cdca474c82472a2ca0d619426439f1
URL: https://github.com/brltty/brltty/commit/358a11a928cdca474c82472a2ca0d619426439f1
Project Name: brltty
License: LGPL-2.1
termination: FALSE
*/
int main()
{
    int i = 0;
    int base = __VERIFIER_nondet_int();
    int count = __VERIFIER_nondet_int();
    int old_[10];
    int new_[10];
    for( int j = 0 ; j < 9 ; j++ )
    {
        old_[j] = __VERIFIER_nondet_int();
        new_[j] = __VERIFIER_nondet_int();
    }
    old_[9] = 0;
    new_[9] = 0;
    while(1)
    {
        int number = base;
        while( old_[i] != new_[i] )
        {
            if( ++number == count )
                goto done;
        }
        i++;
        base += 8;
    }
done:
    return 0;
}

"
57,NT,"main:base:1=-1000
main:count:1=-2000
main:old_:1={0,1,2,3,4,5,6,7,8,9}
main:new_:1={10,20,30,40,50,60,70,80,90,100}
",,COMPLETED,T,false,,"You generate concrete values for nondeterministic inputs in a C/C++ program.
Your goal is to produce ONE complete assignment set that is likely to make the program not terminate.

Important rules:
1. Return a value for EVERY listed nondeterministic input ID.
2. Use each ID exactly once.
3. Respect the declared C/C++ type.
4. For an array, return the value as an array containing exactly the required number of elements.
5. For char arrays, each element must be exactly one character. Return the character itself without C single quotes.
6. Prefer small-magnitude values unless larger values are necessary to achieve the requested execution behavior.

Nondeterministic inputs:
- id: main:base:1, type: int
- id: main:count:1, type: int
- id: main:old_:1, type: int, array: true, size: 10, required elements: 10
- id: main:new_:1, type: int, array: true, size: 10, required elements: 10

Previously generated assignment sets are listed below. Generate a materially different set and do not duplicate any of them.
Previous 1: main:base:1=2; main:count:1=5; main:old_:1={0,0,0,0,0,0,0,0,0,0}; main:new_:1={1,0,0,0,0,0,0,0,0,0}; 
Previous 2: main:base:1=3; main:count:1=10; main:old_:1={0,0,0,0,0,0,0,0,0,0}; main:new_:1={0,0,0,1,0,0,0,0,0,0}; 
Previous 3: main:base:1=1; main:count:1=10; main:old_:1={0,2,3,4,5,6,7,8,9,0}; main:new_:1={1,2,3,4,5,6,7,8,9,0}; 
Previous 4: main:base:1=0; main:count:1=1; main:old_:1={0,0,0,0,0,0,0,0,0,0}; main:new_:1={1,0,0,0,0,0,0,0,0,0}; 
Previous 5: main:base:1=4; main:count:1=5; main:old_:1={1,0,0,0,0,0,0,0,0,0}; main:new_:1={0,0,0,0,0,0,0,0,0,0}; 
Previous 6: main:base:1=0; main:count:1=3; main:old_:1={0,0,0,0,0,0,0,0,0,0}; main:new_:1={1,0,0,0,0,0,0,0,0,0}; 
Previous 7: main:base:1=4; main:count:1=9; main:old_:1={0,1,2,3,4,5,6,7,8,0}; main:new_:1={1,1,2,3,4,5,6,7,8,0}; 
Previous 8: main:base:1=1; main:count:1=3; main:old_:1={0,0,0,0,0,0,0,0,0,0}; main:new_:1={1,0,0,0,0,0,0,0,0,0}; 
Previous 9: main:base:1=0; main:count:1=5; main:old_:1={0,0,0,0,0,0,0,0,0,0}; main:new_:1={5,0,0,0,0,0,0,0,0,0}; 
Previous 10: main:base:1=2022; main:count:1=2022; main:old_:1={0,0,0,0,0,0,0,0,0,0}; main:new_:1={3,0,0,0,0,0,0,0,0,0}; 
Previous 11: main:base:1=5; main:count:1=0; main:old_:1={1,2,3,4,5,6,7,8,9,0}; main:new_:1={2,3,4,5,6,7,8,9,0,0}; 
Previous 12: main:base:1=1; main:count:1=0; main:old_:1={1,0,0,0,0,0,0,0,0,0}; main:new_:1={2,0,0,0,0,0,0,0,0,0}; 
Previous 13: main:base:1=0; main:count:1=0; main:old_:1={0,0,0,0,0,0,0,0,0,0}; main:new_:1={0,0,0,0,0,0,0,0,0,0}; 
Previous 14: main:base:1=7; main:count:1=0; main:old_:1={5,0,0,0,0,0,0,0,0,0}; main:new_:1={0,0,0,0,0,0,0,0,0,0}; 
Previous 15: main:base:1=5; main:count:1=2; main:old_:1={1,1,1,1,1,1,1,1,1,1}; main:new_:1={1,1,1,1,1,1,1,1,1,1}; 
Previous 16: main:base:1=10; main:count:1=5; main:old_:1={1,0,0,0,0,0,0,0,0,0}; main:new_:1={0,0,0,0,0,0,0,0,0,0}; 
Previous 17: main:base:1=0; main:count:1=9999; main:old_:1={0,0,0,0,0,0,0,0,0,0}; main:new_:1={0,0,0,0,0,0,0,0,0,0}; 
Previous 18: main:base:1=2; main:count:1=1; main:old_:1={1,0,0,0,0,0,0,0,0,0}; main:new_:1={0,0,0,0,0,0,0,0,0,0}; 
Previous 19: main:base:1=5; main:count:1=3; main:old_:1={0,0,0,0,0,0,0,0,0,0}; main:new_:1={1,0,0,0,0,0,0,0,0,0}; 
Previous 20: main:base:1=0; main:count:1=0; main:old_:1={2,2,2,2,2,2,2,2,2,2}; main:new_:1={2,2,2,2,2,2,2,2,2,2}; 
Previous 21: main:base:1=1; main:count:1=0; main:old_:1={1,0,0,0,0,0,0,0,0,0}; main:new_:1={0,0,0,0,0,0,0,0,0,0}; 
Previous 22: main:base:1=0; main:count:1=0; main:old_:1={1,0,0,0,0,0,0,0,0,0}; main:new_:1={0,0,0,0,0,0,0,0,0,0}; 
Previous 23: main:base:1=1; main:count:1=1; main:old_:1={1,0,0,0,0,0,0,0,0,0}; main:new_:1={0,0,0,0,0,0,0,0,0,0}; 
Previous 24: main:base:1=5; main:count:1=-1; main:old_:1={1,0,0,0,0,0,0,0,0,0}; main:new_:1={2,0,0,0,0,0,0,0,0,0}; 
Previous 25: main:base:1=1000; main:count:1=0; main:old_:1={0,0,0,0,0,0,0,0,0,0}; main:new_:1={1,1,1,1,1,1,1,1,1,0}; 
Previous 26: main:base:1=10; main:count:1=0; main:old_:1={1,0,0,0,0,0,0,0,0,0}; main:new_:1={2,0,0,0,0,0,0,0,0,0}; 
Previous 27: main:base:1=0; main:count:1=-1; main:old_:1={1,0,0,0,0,0,0,0,0,0}; main:new_:1={0,0,0,0,0,0,0,0,0,0}; 
Previous 28: main:base:1=7; main:count:1=5; main:old_:1={99,99,99,99,99,99,99,99,99,0}; main:new_:1={98,99,99,99,99,99,99,99,99,0}; 
Previous 29: main:base:1=0; main:count:1=-1; main:old_:1={1,0,0,0,0,0,0,0,0,0}; main:new_:1={2,0,0,0,0,0,0,0,0,0}; 
Previous 30: main:base:1=1; main:count:1=0; main:old_:1={5,0,0,0,0,0,0,0,0,0}; main:new_:1={0,0,0,0,0,0,0,0,0,0}; 
Previous 31: main:base:1=10; main:count:1=5; main:old_:1={0,0,0,0,0,0,0,0,0,0}; main:new_:1={1,0,0,0,0,0,0,0,0,0}; 
Previous 32: main:base:1=-500000; main:count:1=-1000000; main:old_:1={0,1,2,3,4,5,6,7,8,0}; main:new_:1={1,2,3,4,5,6,7,8,9,0}; 
Previous 33: main:base:1=42; main:count:1=999999; main:old_:1={7,7,7,7,7,7,7,7,7,0}; main:new_:1={7,7,7,7,7,7,7,7,7,0}; 
Previous 34: main:base:1=10; main:count:1=1; main:old_:1={1,2,3,4,5,6,7,8,9,0}; main:new_:1={2,0,0,0,0,0,0,0,0,0}; 
Previous 35: main:base:1=0; main:count:1=0; main:old_:1={59,59,59,59,59,59,59,59,59,59}; main:new_:1={49,49,49,49,49,49,49,49,49,49}; 
Previous 36: main:base:1=5; main:count:1=3; main:old_:1={1727,1728,1729,1730,1731,1732,1733,1734,1735,1736}; main:new_:1={0,0,0,0,0,0,0,0,0,0}; 
Previous 37: main:base:1=5; main:count:1=0; main:old_:1={0,0,0,0,0,0,0,0,0,0}; main:new_:1={0,0,0,0,0,0,0,0,0,0}; 
Previous 38: main:base:1=10; main:count:1=-1; main:old_:1={1,1,1,1,1,1,1,1,1,0}; main:new_:1={2,2,2,2,2,2,2,2,2,0}; 
Previous 39: main:base:1=1000; main:count:1=-1; main:old_:1={1,0,0,0,0,0,0,0,0,0}; main:new_:1={0,0,0,0,0,0,0,0,0,0}; 
Previous 40: main:base:1=1; main:count:1=0; main:old_:1={0,0,0,0,0,0,0,0,0,0}; main:new_:1={0,0,0,0,0,0,0,0,0,0}; 
Previous 41: main:base:1=10; main:count:1=5; main:old_:1={1,2,3,4,5,6,7,8,9,0}; main:new_:1={10,11,12,13,14,15,16,17,18,0}; 
Previous 42: main:base:1=100; main:count:1=100; main:old_:1={1,0,0,0,0,0,0,0,0,0}; main:new_:1={2,0,0,0,0,0,0,0,0,0}; 
Previous 43: main:base:1=2; main:count:1=2; main:old_:1={1,1,1,1,1,1,1,1,1,0}; main:new_:1={1,1,1,1,1,1,1,1,1,0}; 
Previous 44: main:base:1=0; main:count:1=-5; main:old_:1={0,0,0,0,0,0,0,0,0,0}; main:new_:1={0,0,0,0,0,0,0,0,0,0}; 
Previous 45: main:base:1=0; main:count:1=-1; main:old_:1={0,1,2,3,4,5,6,7,8,0}; main:new_:1={1,2,3,4,5,6,7,8,9,0}; 
Previous 46: main:base:1=7; main:count:1=1; main:old_:1={7,7,7,7,7,7,7,7,7,0}; main:new_:1={7,7,7,7,7,7,7,7,7,0}; 
Previous 47: main:base:1=10; main:count:1=5; main:old_:1={0,0,0,0,0,0,0,0,0,0}; main:new_:1={1,1,1,1,1,1,1,1,1,0}; 
Previous 48: main:base:1=10; main:count:1=0; main:old_:1={0,1,2,3,4,5,6,7,8,0}; main:new_:1={1,2,3,4,5,6,7,8,9,0}; 
Previous 49: main:base:1=1; main:count:1=0; main:old_:1={40,-1,-1,-1,-1,-1,-1,-1,-1,-1}; main:new_:1={1,0,0,0,0,0,0,0,0,0}; 

Program:
extern int __VERIFIER_nondet_int(void);
/*
Commit Number: 358a11a928cdca474c82472a2ca0d619426439f1
URL: https://github.com/brltty/brltty/commit/358a11a928cdca474c82472a2ca0d619426439f1
Project Name: brltty
License: LGPL-2.1
termination: FALSE
*/
int main()
{
    int i = 0;
    int base = __VERIFIER_nondet_int();
    int count = __VERIFIER_nondet_int();
    int old_[10];
    int new_[10];
    for( int j = 0 ; j < 9 ; j++ )
    {
        old_[j] = __VERIFIER_nondet_int();
        new_[j] = __VERIFIER_nondet_int();
    }
    old_[9] = 0;
    new_[9] = 0;
    while(1)
    {
        int number = base;
        while( old_[i] != new_[i] )
        {
            if( ++number == count )
                goto done;
        }
        i++;
        base += 8;
    }
done:
    return 0;
}

"
58,NT,"main:base:1=10
main:count:1=5
main:old_:1={1,1,1,1,1,1,1,1,1,0}
main:new_:1={1,1,1,1,1,1,1,1,1,0}
",,COMPLETED,T,false,,"You generate concrete values for nondeterministic inputs in a C/C++ program.
Your goal is to produce ONE complete assignment set that is likely to make the program not terminate.

Important rules:
1. Return a value for EVERY listed nondeterministic input ID.
2. Use each ID exactly once.
3. Respect the declared C/C++ type.
4. For an array, return the value as an array containing exactly the required number of elements.
5. For char arrays, each element must be exactly one character. Return the character itself without C single quotes.
6. Prefer small-magnitude values unless larger values are necessary to achieve the requested execution behavior.

Nondeterministic inputs:
- id: main:base:1, type: int
- id: main:count:1, type: int
- id: main:old_:1, type: int, array: true, size: 10, required elements: 10
- id: main:new_:1, type: int, array: true, size: 10, required elements: 10

Previously generated assignment sets are listed below. Generate a materially different set and do not duplicate any of them.
Previous 1: main:base:1=2; main:count:1=5; main:old_:1={0,0,0,0,0,0,0,0,0,0}; main:new_:1={1,0,0,0,0,0,0,0,0,0}; 
Previous 2: main:base:1=3; main:count:1=10; main:old_:1={0,0,0,0,0,0,0,0,0,0}; main:new_:1={0,0,0,1,0,0,0,0,0,0}; 
Previous 3: main:base:1=1; main:count:1=10; main:old_:1={0,2,3,4,5,6,7,8,9,0}; main:new_:1={1,2,3,4,5,6,7,8,9,0}; 
Previous 4: main:base:1=0; main:count:1=1; main:old_:1={0,0,0,0,0,0,0,0,0,0}; main:new_:1={1,0,0,0,0,0,0,0,0,0}; 
Previous 5: main:base:1=4; main:count:1=5; main:old_:1={1,0,0,0,0,0,0,0,0,0}; main:new_:1={0,0,0,0,0,0,0,0,0,0}; 
Previous 6: main:base:1=0; main:count:1=3; main:old_:1={0,0,0,0,0,0,0,0,0,0}; main:new_:1={1,0,0,0,0,0,0,0,0,0}; 
Previous 7: main:base:1=4; main:count:1=9; main:old_:1={0,1,2,3,4,5,6,7,8,0}; main:new_:1={1,1,2,3,4,5,6,7,8,0}; 
Previous 8: main:base:1=1; main:count:1=3; main:old_:1={0,0,0,0,0,0,0,0,0,0}; main:new_:1={1,0,0,0,0,0,0,0,0,0}; 
Previous 9: main:base:1=0; main:count:1=5; main:old_:1={0,0,0,0,0,0,0,0,0,0}; main:new_:1={5,0,0,0,0,0,0,0,0,0}; 
Previous 10: main:base:1=2022; main:count:1=2022; main:old_:1={0,0,0,0,0,0,0,0,0,0}; main:new_:1={3,0,0,0,0,0,0,0,0,0}; 
Previous 11: main:base:1=5; main:count:1=0; main:old_:1={1,2,3,4,5,6,7,8,9,0}; main:new_:1={2,3,4,5,6,7,8,9,0,0}; 
Previous 12: main:base:1=1; main:count:1=0; main:old_:1={1,0,0,0,0,0,0,0,0,0}; main:new_:1={2,0,0,0,0,0,0,0,0,0}; 
Previous 13: main:base:1=0; main:count:1=0; main:old_:1={0,0,0,0,0,0,0,0,0,0}; main:new_:1={0,0,0,0,0,0,0,0,0,0}; 
Previous 14: main:base:1=7; main:count:1=0; main:old_:1={5,0,0,0,0,0,0,0,0,0}; main:new_:1={0,0,0,0,0,0,0,0,0,0}; 
Previous 15: main:base:1=5; main:count:1=2; main:old_:1={1,1,1,1,1,1,1,1,1,1}; main:new_:1={1,1,1,1,1,1,1,1,1,1}; 
Previous 16: main:base:1=10; main:count:1=5; main:old_:1={1,0,0,0,0,0,0,0,0,0}; main:new_:1={0,0,0,0,0,0,0,0,0,0}; 
Previous 17: main:base:1=0; main:count:1=9999; main:old_:1={0,0,0,0,0,0,0,0,0,0}; main:new_:1={0,0,0,0,0,0,0,0,0,0}; 
Previous 18: main:base:1=2; main:count:1=1; main:old_:1={1,0,0,0,0,0,0,0,0,0}; main:new_:1={0,0,0,0,0,0,0,0,0,0}; 
Previous 19: main:base:1=5; main:count:1=3; main:old_:1={0,0,0,0,0,0,0,0,0,0}; main:new_:1={1,0,0,0,0,0,0,0,0,0}; 
Previous 20: main:base:1=0; main:count:1=0; main:old_:1={2,2,2,2,2,2,2,2,2,2}; main:new_:1={2,2,2,2,2,2,2,2,2,2}; 
Previous 21: main:base:1=1; main:count:1=0; main:old_:1={1,0,0,0,0,0,0,0,0,0}; main:new_:1={0,0,0,0,0,0,0,0,0,0}; 
Previous 22: main:base:1=0; main:count:1=0; main:old_:1={1,0,0,0,0,0,0,0,0,0}; main:new_:1={0,0,0,0,0,0,0,0,0,0}; 
Previous 23: main:base:1=1; main:count:1=1; main:old_:1={1,0,0,0,0,0,0,0,0,0}; main:new_:1={0,0,0,0,0,0,0,0,0,0}; 
Previous 24: main:base:1=5; main:count:1=-1; main:old_:1={1,0,0,0,0,0,0,0,0,0}; main:new_:1={2,0,0,0,0,0,0,0,0,0}; 
Previous 25: main:base:1=1000; main:count:1=0; main:old_:1={0,0,0,0,0,0,0,0,0,0}; main:new_:1={1,1,1,1,1,1,1,1,1,0}; 
Previous 26: main:base:1=10; main:count:1=0; main:old_:1={1,0,0,0,0,0,0,0,0,0}; main:new_:1={2,0,0,0,0,0,0,0,0,0}; 
Previous 27: main:base:1=0; main:count:1=-1; main:old_:1={1,0,0,0,0,0,0,0,0,0}; main:new_:1={0,0,0,0,0,0,0,0,0,0}; 
Previous 28: main:base:1=7; main:count:1=5; main:old_:1={99,99,99,99,99,99,99,99,99,0}; main:new_:1={98,99,99,99,99,99,99,99,99,0}; 
Previous 29: main:base:1=0; main:count:1=-1; main:old_:1={1,0,0,0,0,0,0,0,0,0}; main:new_:1={2,0,0,0,0,0,0,0,0,0}; 
Previous 30: main:base:1=1; main:count:1=0; main:old_:1={5,0,0,0,0,0,0,0,0,0}; main:new_:1={0,0,0,0,0,0,0,0,0,0}; 
Previous 31: main:base:1=10; main:count:1=5; main:old_:1={0,0,0,0,0,0,0,0,0,0}; main:new_:1={1,0,0,0,0,0,0,0,0,0}; 
Previous 32: main:base:1=-500000; main:count:1=-1000000; main:old_:1={0,1,2,3,4,5,6,7,8,0}; main:new_:1={1,2,3,4,5,6,7,8,9,0}; 
Previous 33: main:base:1=42; main:count:1=999999; main:old_:1={7,7,7,7,7,7,7,7,7,0}; main:new_:1={7,7,7,7,7,7,7,7,7,0}; 
Previous 34: main:base:1=10; main:count:1=1; main:old_:1={1,2,3,4,5,6,7,8,9,0}; main:new_:1={2,0,0,0,0,0,0,0,0,0}; 
Previous 35: main:base:1=0; main:count:1=0; main:old_:1={59,59,59,59,59,59,59,59,59,59}; main:new_:1={49,49,49,49,49,49,49,49,49,49}; 
Previous 36: main:base:1=5; main:count:1=3; main:old_:1={1727,1728,1729,1730,1731,1732,1733,1734,1735,1736}; main:new_:1={0,0,0,0,0,0,0,0,0,0}; 
Previous 37: main:base:1=5; main:count:1=0; main:old_:1={0,0,0,0,0,0,0,0,0,0}; main:new_:1={0,0,0,0,0,0,0,0,0,0}; 
Previous 38: main:base:1=10; main:count:1=-1; main:old_:1={1,1,1,1,1,1,1,1,1,0}; main:new_:1={2,2,2,2,2,2,2,2,2,0}; 
Previous 39: main:base:1=1000; main:count:1=-1; main:old_:1={1,0,0,0,0,0,0,0,0,0}; main:new_:1={0,0,0,0,0,0,0,0,0,0}; 
Previous 40: main:base:1=1; main:count:1=0; main:old_:1={0,0,0,0,0,0,0,0,0,0}; main:new_:1={0,0,0,0,0,0,0,0,0,0}; 
Previous 41: main:base:1=10; main:count:1=5; main:old_:1={1,2,3,4,5,6,7,8,9,0}; main:new_:1={10,11,12,13,14,15,16,17,18,0}; 
Previous 42: main:base:1=100; main:count:1=100; main:old_:1={1,0,0,0,0,0,0,0,0,0}; main:new_:1={2,0,0,0,0,0,0,0,0,0}; 
Previous 43: main:base:1=2; main:count:1=2; main:old_:1={1,1,1,1,1,1,1,1,1,0}; main:new_:1={1,1,1,1,1,1,1,1,1,0}; 
Previous 44: main:base:1=0; main:count:1=-5; main:old_:1={0,0,0,0,0,0,0,0,0,0}; main:new_:1={0,0,0,0,0,0,0,0,0,0}; 
Previous 45: main:base:1=0; main:count:1=-1; main:old_:1={0,1,2,3,4,5,6,7,8,0}; main:new_:1={1,2,3,4,5,6,7,8,9,0}; 
Previous 46: main:base:1=7; main:count:1=1; main:old_:1={7,7,7,7,7,7,7,7,7,0}; main:new_:1={7,7,7,7,7,7,7,7,7,0}; 
Previous 47: main:base:1=10; main:count:1=5; main:old_:1={0,0,0,0,0,0,0,0,0,0}; main:new_:1={1,1,1,1,1,1,1,1,1,0}; 
Previous 48: main:base:1=10; main:count:1=0; main:old_:1={0,1,2,3,4,5,6,7,8,0}; main:new_:1={1,2,3,4,5,6,7,8,9,0}; 
Previous 49: main:base:1=1; main:count:1=0; main:old_:1={40,-1,-1,-1,-1,-1,-1,-1,-1,-1}; main:new_:1={1,0,0,0,0,0,0,0,0,0}; 
Previous 50: main:base:1=-1000; main:count:1=-2000; main:old_:1={0,1,2,3,4,5,6,7,8,9}; main:new_:1={10,20,30,40,50,60,70,80,90,100}; 

Program:
extern int __VERIFIER_nondet_int(void);
/*
Commit Number: 358a11a928cdca474c82472a2ca0d619426439f1
URL: https://github.com/brltty/brltty/commit/358a11a928cdca474c82472a2ca0d619426439f1
Project Name: brltty
License: LGPL-2.1
termination: FALSE
*/
int main()
{
    int i = 0;
    int base = __VERIFIER_nondet_int();
    int count = __VERIFIER_nondet_int();
    int old_[10];
    int new_[10];
    for( int j = 0 ; j < 9 ; j++ )
    {
        old_[j] = __VERIFIER_nondet_int();
        new_[j] = __VERIFIER_nondet_int();
    }
    old_[9] = 0;
    new_[9] = 0;
    while(1)
    {
        int number = base;
        while( old_[i] != new_[i] )
        {
            if( ++number == count )
                goto done;
        }
        i++;
        base += 8;
    }
done:
    return 0;
}

"
59,NT,,,GENERATION_ERROR,,false,HTTP request failed: Timeout was reached,"You generate concrete values for nondeterministic inputs in a C/C++ program.
Your goal is to produce ONE complete assignment set that is likely to make the program not terminate.

Important rules:
1. Return a value for EVERY listed nondeterministic input ID.
2. Use each ID exactly once.
3. Respect the declared C/C++ type.
4. For an array, return the value as an array containing exactly the required number of elements.
5. For char arrays, each element must be exactly one character. Return the character itself without C single quotes.
6. Prefer small-magnitude values unless larger values are necessary to achieve the requested execution behavior.

Nondeterministic inputs:
- id: main:base:1, type: int
- id: main:count:1, type: int
- id: main:old_:1, type: int, array: true, size: 10, required elements: 10
- id: main:new_:1, type: int, array: true, size: 10, required elements: 10

Previously generated assignment sets are listed below. Generate a materially different set and do not duplicate any of them.
Previous 1: main:base:1=2; main:count:1=5; main:old_:1={0,0,0,0,0,0,0,0,0,0}; main:new_:1={1,0,0,0,0,0,0,0,0,0}; 
Previous 2: main:base:1=3; main:count:1=10; main:old_:1={0,0,0,0,0,0,0,0,0,0}; main:new_:1={0,0,0,1,0,0,0,0,0,0}; 
Previous 3: main:base:1=1; main:count:1=10; main:old_:1={0,2,3,4,5,6,7,8,9,0}; main:new_:1={1,2,3,4,5,6,7,8,9,0}; 
Previous 4: main:base:1=0; main:count:1=1; main:old_:1={0,0,0,0,0,0,0,0,0,0}; main:new_:1={1,0,0,0,0,0,0,0,0,0}; 
Previous 5: main:base:1=4; main:count:1=5; main:old_:1={1,0,0,0,0,0,0,0,0,0}; main:new_:1={0,0,0,0,0,0,0,0,0,0}; 
Previous 6: main:base:1=0; main:count:1=3; main:old_:1={0,0,0,0,0,0,0,0,0,0}; main:new_:1={1,0,0,0,0,0,0,0,0,0}; 
Previous 7: main:base:1=4; main:count:1=9; main:old_:1={0,1,2,3,4,5,6,7,8,0}; main:new_:1={1,1,2,3,4,5,6,7,8,0}; 
Previous 8: main:base:1=1; main:count:1=3; main:old_:1={0,0,0,0,0,0,0,0,0,0}; main:new_:1={1,0,0,0,0,0,0,0,0,0}; 
Previous 9: main:base:1=0; main:count:1=5; main:old_:1={0,0,0,0,0,0,0,0,0,0}; main:new_:1={5,0,0,0,0,0,0,0,0,0}; 
Previous 10: main:base:1=2022; main:count:1=2022; main:old_:1={0,0,0,0,0,0,0,0,0,0}; main:new_:1={3,0,0,0,0,0,0,0,0,0}; 
Previous 11: main:base:1=5; main:count:1=0; main:old_:1={1,2,3,4,5,6,7,8,9,0}; main:new_:1={2,3,4,5,6,7,8,9,0,0}; 
Previous 12: main:base:1=1; main:count:1=0; main:old_:1={1,0,0,0,0,0,0,0,0,0}; main:new_:1={2,0,0,0,0,0,0,0,0,0}; 
Previous 13: main:base:1=0; main:count:1=0; main:old_:1={0,0,0,0,0,0,0,0,0,0}; main:new_:1={0,0,0,0,0,0,0,0,0,0}; 
Previous 14: main:base:1=7; main:count:1=0; main:old_:1={5,0,0,0,0,0,0,0,0,0}; main:new_:1={0,0,0,0,0,0,0,0,0,0}; 
Previous 15: main:base:1=5; main:count:1=2; main:old_:1={1,1,1,1,1,1,1,1,1,1}; main:new_:1={1,1,1,1,1,1,1,1,1,1}; 
Previous 16: main:base:1=10; main:count:1=5; main:old_:1={1,0,0,0,0,0,0,0,0,0}; main:new_:1={0,0,0,0,0,0,0,0,0,0}; 
Previous 17: main:base:1=0; main:count:1=9999; main:old_:1={0,0,0,0,0,0,0,0,0,0}; main:new_:1={0,0,0,0,0,0,0,0,0,0}; 
Previous 18: main:base:1=2; main:count:1=1; main:old_:1={1,0,0,0,0,0,0,0,0,0}; main:new_:1={0,0,0,0,0,0,0,0,0,0}; 
Previous 19: main:base:1=5; main:count:1=3; main:old_:1={0,0,0,0,0,0,0,0,0,0}; main:new_:1={1,0,0,0,0,0,0,0,0,0}; 
Previous 20: main:base:1=0; main:count:1=0; main:old_:1={2,2,2,2,2,2,2,2,2,2}; main:new_:1={2,2,2,2,2,2,2,2,2,2}; 
Previous 21: main:base:1=1; main:count:1=0; main:old_:1={1,0,0,0,0,0,0,0,0,0}; main:new_:1={0,0,0,0,0,0,0,0,0,0}; 
Previous 22: main:base:1=0; main:count:1=0; main:old_:1={1,0,0,0,0,0,0,0,0,0}; main:new_:1={0,0,0,0,0,0,0,0,0,0}; 
Previous 23: main:base:1=1; main:count:1=1; main:old_:1={1,0,0,0,0,0,0,0,0,0}; main:new_:1={0,0,0,0,0,0,0,0,0,0}; 
Previous 24: main:base:1=5; main:count:1=-1; main:old_:1={1,0,0,0,0,0,0,0,0,0}; main:new_:1={2,0,0,0,0,0,0,0,0,0}; 
Previous 25: main:base:1=1000; main:count:1=0; main:old_:1={0,0,0,0,0,0,0,0,0,0}; main:new_:1={1,1,1,1,1,1,1,1,1,0}; 
Previous 26: main:base:1=10; main:count:1=0; main:old_:1={1,0,0,0,0,0,0,0,0,0}; main:new_:1={2,0,0,0,0,0,0,0,0,0}; 
Previous 27: main:base:1=0; main:count:1=-1; main:old_:1={1,0,0,0,0,0,0,0,0,0}; main:new_:1={0,0,0,0,0,0,0,0,0,0}; 
Previous 28: main:base:1=7; main:count:1=5; main:old_:1={99,99,99,99,99,99,99,99,99,0}; main:new_:1={98,99,99,99,99,99,99,99,99,0}; 
Previous 29: main:base:1=0; main:count:1=-1; main:old_:1={1,0,0,0,0,0,0,0,0,0}; main:new_:1={2,0,0,0,0,0,0,0,0,0}; 
Previous 30: main:base:1=1; main:count:1=0; main:old_:1={5,0,0,0,0,0,0,0,0,0}; main:new_:1={0,0,0,0,0,0,0,0,0,0}; 
Previous 31: main:base:1=10; main:count:1=5; main:old_:1={0,0,0,0,0,0,0,0,0,0}; main:new_:1={1,0,0,0,0,0,0,0,0,0}; 
Previous 32: main:base:1=-500000; main:count:1=-1000000; main:old_:1={0,1,2,3,4,5,6,7,8,0}; main:new_:1={1,2,3,4,5,6,7,8,9,0}; 
Previous 33: main:base:1=42; main:count:1=999999; main:old_:1={7,7,7,7,7,7,7,7,7,0}; main:new_:1={7,7,7,7,7,7,7,7,7,0}; 
Previous 34: main:base:1=10; main:count:1=1; main:old_:1={1,2,3,4,5,6,7,8,9,0}; main:new_:1={2,0,0,0,0,0,0,0,0,0}; 
Previous 35: main:base:1=0; main:count:1=0; main:old_:1={59,59,59,59,59,59,59,59,59,59}; main:new_:1={49,49,49,49,49,49,49,49,49,49}; 
Previous 36: main:base:1=5; main:count:1=3; main:old_:1={1727,1728,1729,1730,1731,1732,1733,1734,1735,1736}; main:new_:1={0,0,0,0,0,0,0,0,0,0}; 
Previous 37: main:base:1=5; main:count:1=0; main:old_:1={0,0,0,0,0,0,0,0,0,0}; main:new_:1={0,0,0,0,0,0,0,0,0,0}; 
Previous 38: main:base:1=10; main:count:1=-1; main:old_:1={1,1,1,1,1,1,1,1,1,0}; main:new_:1={2,2,2,2,2,2,2,2,2,0}; 
Previous 39: main:base:1=1000; main:count:1=-1; main:old_:1={1,0,0,0,0,0,0,0,0,0}; main:new_:1={0,0,0,0,0,0,0,0,0,0}; 
Previous 40: main:base:1=1; main:count:1=0; main:old_:1={0,0,0,0,0,0,0,0,0,0}; main:new_:1={0,0,0,0,0,0,0,0,0,0}; 
Previous 41: main:base:1=10; main:count:1=5; main:old_:1={1,2,3,4,5,6,7,8,9,0}; main:new_:1={10,11,12,13,14,15,16,17,18,0}; 
Previous 42: main:base:1=100; main:count:1=100; main:old_:1={1,0,0,0,0,0,0,0,0,0}; main:new_:1={2,0,0,0,0,0,0,0,0,0}; 
Previous 43: main:base:1=2; main:count:1=2; main:old_:1={1,1,1,1,1,1,1,1,1,0}; main:new_:1={1,1,1,1,1,1,1,1,1,0}; 
Previous 44: main:base:1=0; main:count:1=-5; main:old_:1={0,0,0,0,0,0,0,0,0,0}; main:new_:1={0,0,0,0,0,0,0,0,0,0}; 
Previous 45: main:base:1=0; main:count:1=-1; main:old_:1={0,1,2,3,4,5,6,7,8,0}; main:new_:1={1,2,3,4,5,6,7,8,9,0}; 
Previous 46: main:base:1=7; main:count:1=1; main:old_:1={7,7,7,7,7,7,7,7,7,0}; main:new_:1={7,7,7,7,7,7,7,7,7,0}; 
Previous 47: main:base:1=10; main:count:1=5; main:old_:1={0,0,0,0,0,0,0,0,0,0}; main:new_:1={1,1,1,1,1,1,1,1,1,0}; 
Previous 48: main:base:1=10; main:count:1=0; main:old_:1={0,1,2,3,4,5,6,7,8,0}; main:new_:1={1,2,3,4,5,6,7,8,9,0}; 
Previous 49: main:base:1=1; main:count:1=0; main:old_:1={40,-1,-1,-1,-1,-1,-1,-1,-1,-1}; main:new_:1={1,0,0,0,0,0,0,0,0,0}; 
Previous 50: main:base:1=-1000; main:count:1=-2000; main:old_:1={0,1,2,3,4,5,6,7,8,9}; main:new_:1={10,20,30,40,50,60,70,80,90,100}; 
Previous 51: main:base:1=10; main:count:1=5; main:old_:1={1,1,1,1,1,1,1,1,1,0}; main:new_:1={1,1,1,1,1,1,1,1,1,0}; 

Program:
extern int __VERIFIER_nondet_int(void);
/*
Commit Number: 358a11a928cdca474c82472a2ca0d619426439f1
URL: https://github.com/brltty/brltty/commit/358a11a928cdca474c82472a2ca0d619426439f1
Project Name: brltty
License: LGPL-2.1
termination: FALSE
*/
int main()
{
    int i = 0;
    int base = __VERIFIER_nondet_int();
    int count = __VERIFIER_nondet_int();
    int old_[10];
    int new_[10];
    for( int j = 0 ; j < 9 ; j++ )
    {
        old_[j] = __VERIFIER_nondet_int();
        new_[j] = __VERIFIER_nondet_int();
    }
    old_[9] = 0;
    new_[9] = 0;
    while(1)
    {
        int number = base;
        while( old_[i] != new_[i] )
        {
            if( ++number == count )
                goto done;
        }
        i++;
        base += 8;
    }
done:
    return 0;
}

"
60,NT,"main:base:1=100
main:count:1=1
main:old_:1={100,100,100,100,100,100,100,100,100,0}
main:new_:1={99,99,99,99,99,99,99,99,99,0}
",,COMPLETED,T,false,,"You generate concrete values for nondeterministic inputs in a C/C++ program.
Your goal is to produce ONE complete assignment set that is likely to make the program not terminate.

Important rules:
1. Return a value for EVERY listed nondeterministic input ID.
2. Use each ID exactly once.
3. Respect the declared C/C++ type.
4. For an array, return the value as an array containing exactly the required number of elements.
5. For char arrays, each element must be exactly one character. Return the character itself without C single quotes.
6. Prefer small-magnitude values unless larger values are necessary to achieve the requested execution behavior.

Nondeterministic inputs:
- id: main:base:1, type: int
- id: main:count:1, type: int
- id: main:old_:1, type: int, array: true, size: 10, required elements: 10
- id: main:new_:1, type: int, array: true, size: 10, required elements: 10

Previously generated assignment sets are listed below. Generate a materially different set and do not duplicate any of them.
Previous 1: main:base:1=2; main:count:1=5; main:old_:1={0,0,0,0,0,0,0,0,0,0}; main:new_:1={1,0,0,0,0,0,0,0,0,0}; 
Previous 2: main:base:1=3; main:count:1=10; main:old_:1={0,0,0,0,0,0,0,0,0,0}; main:new_:1={0,0,0,1,0,0,0,0,0,0}; 
Previous 3: main:base:1=1; main:count:1=10; main:old_:1={0,2,3,4,5,6,7,8,9,0}; main:new_:1={1,2,3,4,5,6,7,8,9,0}; 
Previous 4: main:base:1=0; main:count:1=1; main:old_:1={0,0,0,0,0,0,0,0,0,0}; main:new_:1={1,0,0,0,0,0,0,0,0,0}; 
Previous 5: main:base:1=4; main:count:1=5; main:old_:1={1,0,0,0,0,0,0,0,0,0}; main:new_:1={0,0,0,0,0,0,0,0,0,0}; 
Previous 6: main:base:1=0; main:count:1=3; main:old_:1={0,0,0,0,0,0,0,0,0,0}; main:new_:1={1,0,0,0,0,0,0,0,0,0}; 
Previous 7: main:base:1=4; main:count:1=9; main:old_:1={0,1,2,3,4,5,6,7,8,0}; main:new_:1={1,1,2,3,4,5,6,7,8,0}; 
Previous 8: main:base:1=1; main:count:1=3; main:old_:1={0,0,0,0,0,0,0,0,0,0}; main:new_:1={1,0,0,0,0,0,0,0,0,0}; 
Previous 9: main:base:1=0; main:count:1=5; main:old_:1={0,0,0,0,0,0,0,0,0,0}; main:new_:1={5,0,0,0,0,0,0,0,0,0}; 
Previous 10: main:base:1=2022; main:count:1=2022; main:old_:1={0,0,0,0,0,0,0,0,0,0}; main:new_:1={3,0,0,0,0,0,0,0,0,0}; 
Previous 11: main:base:1=5; main:count:1=0; main:old_:1={1,2,3,4,5,6,7,8,9,0}; main:new_:1={2,3,4,5,6,7,8,9,0,0}; 
Previous 12: main:base:1=1; main:count:1=0; main:old_:1={1,0,0,0,0,0,0,0,0,0}; main:new_:1={2,0,0,0,0,0,0,0,0,0}; 
Previous 13: main:base:1=0; main:count:1=0; main:old_:1={0,0,0,0,0,0,0,0,0,0}; main:new_:1={0,0,0,0,0,0,0,0,0,0}; 
Previous 14: main:base:1=7; main:count:1=0; main:old_:1={5,0,0,0,0,0,0,0,0,0}; main:new_:1={0,0,0,0,0,0,0,0,0,0}; 
Previous 15: main:base:1=5; main:count:1=2; main:old_:1={1,1,1,1,1,1,1,1,1,1}; main:new_:1={1,1,1,1,1,1,1,1,1,1}; 
Previous 16: main:base:1=10; main:count:1=5; main:old_:1={1,0,0,0,0,0,0,0,0,0}; main:new_:1={0,0,0,0,0,0,0,0,0,0}; 
Previous 17: main:base:1=0; main:count:1=9999; main:old_:1={0,0,0,0,0,0,0,0,0,0}; main:new_:1={0,0,0,0,0,0,0,0,0,0}; 
Previous 18: main:base:1=2; main:count:1=1; main:old_:1={1,0,0,0,0,0,0,0,0,0}; main:new_:1={0,0,0,0,0,0,0,0,0,0}; 
Previous 19: main:base:1=5; main:count:1=3; main:old_:1={0,0,0,0,0,0,0,0,0,0}; main:new_:1={1,0,0,0,0,0,0,0,0,0}; 
Previous 20: main:base:1=0; main:count:1=0; main:old_:1={2,2,2,2,2,2,2,2,2,2}; main:new_:1={2,2,2,2,2,2,2,2,2,2}; 
Previous 21: main:base:1=1; main:count:1=0; main:old_:1={1,0,0,0,0,0,0,0,0,0}; main:new_:1={0,0,0,0,0,0,0,0,0,0}; 
Previous 22: main:base:1=0; main:count:1=0; main:old_:1={1,0,0,0,0,0,0,0,0,0}; main:new_:1={0,0,0,0,0,0,0,0,0,0}; 
Previous 23: main:base:1=1; main:count:1=1; main:old_:1={1,0,0,0,0,0,0,0,0,0}; main:new_:1={0,0,0,0,0,0,0,0,0,0}; 
Previous 24: main:base:1=5; main:count:1=-1; main:old_:1={1,0,0,0,0,0,0,0,0,0}; main:new_:1={2,0,0,0,0,0,0,0,0,0}; 
Previous 25: main:base:1=1000; main:count:1=0; main:old_:1={0,0,0,0,0,0,0,0,0,0}; main:new_:1={1,1,1,1,1,1,1,1,1,0}; 
Previous 26: main:base:1=10; main:count:1=0; main:old_:1={1,0,0,0,0,0,0,0,0,0}; main:new_:1={2,0,0,0,0,0,0,0,0,0}; 
Previous 27: main:base:1=0; main:count:1=-1; main:old_:1={1,0,0,0,0,0,0,0,0,0}; main:new_:1={0,0,0,0,0,0,0,0,0,0}; 
Previous 28: main:base:1=7; main:count:1=5; main:old_:1={99,99,99,99,99,99,99,99,99,0}; main:new_:1={98,99,99,99,99,99,99,99,99,0}; 
Previous 29: main:base:1=0; main:count:1=-1; main:old_:1={1,0,0,0,0,0,0,0,0,0}; main:new_:1={2,0,0,0,0,0,0,0,0,0}; 
Previous 30: main:base:1=1; main:count:1=0; main:old_:1={5,0,0,0,0,0,0,0,0,0}; main:new_:1={0,0,0,0,0,0,0,0,0,0}; 
Previous 31: main:base:1=10; main:count:1=5; main:old_:1={0,0,0,0,0,0,0,0,0,0}; main:new_:1={1,0,0,0,0,0,0,0,0,0}; 
Previous 32: main:base:1=-500000; main:count:1=-1000000; main:old_:1={0,1,2,3,4,5,6,7,8,0}; main:new_:1={1,2,3,4,5,6,7,8,9,0}; 
Previous 33: main:base:1=42; main:count:1=999999; main:old_:1={7,7,7,7,7,7,7,7,7,0}; main:new_:1={7,7,7,7,7,7,7,7,7,0}; 
Previous 34: main:base:1=10; main:count:1=1; main:old_:1={1,2,3,4,5,6,7,8,9,0}; main:new_:1={2,0,0,0,0,0,0,0,0,0}; 
Previous 35: main:base:1=0; main:count:1=0; main:old_:1={59,59,59,59,59,59,59,59,59,59}; main:new_:1={49,49,49,49,49,49,49,49,49,49}; 
Previous 36: main:base:1=5; main:count:1=3; main:old_:1={1727,1728,1729,1730,1731,1732,1733,1734,1735,1736}; main:new_:1={0,0,0,0,0,0,0,0,0,0}; 
Previous 37: main:base:1=5; main:count:1=0; main:old_:1={0,0,0,0,0,0,0,0,0,0}; main:new_:1={0,0,0,0,0,0,0,0,0,0}; 
Previous 38: main:base:1=10; main:count:1=-1; main:old_:1={1,1,1,1,1,1,1,1,1,0}; main:new_:1={2,2,2,2,2,2,2,2,2,0}; 
Previous 39: main:base:1=1000; main:count:1=-1; main:old_:1={1,0,0,0,0,0,0,0,0,0}; main:new_:1={0,0,0,0,0,0,0,0,0,0}; 
Previous 40: main:base:1=1; main:count:1=0; main:old_:1={0,0,0,0,0,0,0,0,0,0}; main:new_:1={0,0,0,0,0,0,0,0,0,0}; 
Previous 41: main:base:1=10; main:count:1=5; main:old_:1={1,2,3,4,5,6,7,8,9,0}; main:new_:1={10,11,12,13,14,15,16,17,18,0}; 
Previous 42: main:base:1=100; main:count:1=100; main:old_:1={1,0,0,0,0,0,0,0,0,0}; main:new_:1={2,0,0,0,0,0,0,0,0,0}; 
Previous 43: main:base:1=2; main:count:1=2; main:old_:1={1,1,1,1,1,1,1,1,1,0}; main:new_:1={1,1,1,1,1,1,1,1,1,0}; 
Previous 44: main:base:1=0; main:count:1=-5; main:old_:1={0,0,0,0,0,0,0,0,0,0}; main:new_:1={0,0,0,0,0,0,0,0,0,0}; 
Previous 45: main:base:1=0; main:count:1=-1; main:old_:1={0,1,2,3,4,5,6,7,8,0}; main:new_:1={1,2,3,4,5,6,7,8,9,0}; 
Previous 46: main:base:1=7; main:count:1=1; main:old_:1={7,7,7,7,7,7,7,7,7,0}; main:new_:1={7,7,7,7,7,7,7,7,7,0}; 
Previous 47: main:base:1=10; main:count:1=5; main:old_:1={0,0,0,0,0,0,0,0,0,0}; main:new_:1={1,1,1,1,1,1,1,1,1,0}; 
Previous 48: main:base:1=10; main:count:1=0; main:old_:1={0,1,2,3,4,5,6,7,8,0}; main:new_:1={1,2,3,4,5,6,7,8,9,0}; 
Previous 49: main:base:1=1; main:count:1=0; main:old_:1={40,-1,-1,-1,-1,-1,-1,-1,-1,-1}; main:new_:1={1,0,0,0,0,0,0,0,0,0}; 
Previous 50: main:base:1=-1000; main:count:1=-2000; main:old_:1={0,1,2,3,4,5,6,7,8,9}; main:new_:1={10,20,30,40,50,60,70,80,90,100}; 
Previous 51: main:base:1=10; main:count:1=5; main:old_:1={1,1,1,1,1,1,1,1,1,0}; main:new_:1={1,1,1,1,1,1,1,1,1,0}; 

Program:
extern int __VERIFIER_nondet_int(void);
/*
Commit Number: 358a11a928cdca474c82472a2ca0d619426439f1
URL: https://github.com/brltty/brltty/commit/358a11a928cdca474c82472a2ca0d619426439f1
Project Name: brltty
License: LGPL-2.1
termination: FALSE
*/
int main()
{
    int i = 0;
    int base = __VERIFIER_nondet_int();
    int count = __VERIFIER_nondet_int();
    int old_[10];
    int new_[10];
    for( int j = 0 ; j < 9 ; j++ )
    {
        old_[j] = __VERIFIER_nondet_int();
        new_[j] = __VERIFIER_nondet_int();
    }
    old_[9] = 0;
    new_[9] = 0;
    while(1)
    {
        int number = base;
        while( old_[i] != new_[i] )
        {
            if( ++number == count )
                goto done;
        }
        i++;
        base += 8;
    }
done:
    return 0;
}

"
