Candidate,Target,Assignments,ProgramPath,ExecutionResult,Label,Accepted,Error,Prompt
1,T,"main:buf:1={':',':','@','A','1','$','a','B','c','D','e','F','g','H','i','J','k','L','m','N','o','P','q','R','s','T','u','V','w','X','y','Z','0','1','2','3','4','5','6','7','8','9','!','?','-','_','+','%','^','&','*','/','`','{','}','[',']','|','~',' ','a','b','c','d','e','f','g','h','i','j','k','l','m','n','o','p','q','r','s','t','u','v','w','x','y','z','A','B','C','D','E','F','G','H','I','J','K','L','M','N'}
",,TIMEOUT,LIKELY_NT,false,,"You generate concrete values for nondeterministic inputs in a C/C++ program.
Your goal is to produce ONE complete assignment set that is likely to make the program terminate.

Important rules:
1. Return a value for EVERY listed nondeterministic input ID.
2. Use each ID exactly once.
3. Respect the declared C/C++ type.
4. For an array, return the value as an array containing exactly the required number of elements.
5. For char arrays, each element must be exactly one character. Return the character itself without C single quotes.
6. Prefer small-magnitude values unless larger values are necessary to achieve the requested execution behavior.

Nondeterministic inputs:
- id: main:buf:1, type: char, array: true, size: 100, required elements: 100

Program:
extern char __VERIFIER_nondet_char(void);
/*
Commit Number: cea58cb6d8fe0d27bfcbab57776bd36d5c724ec3
URL: https://github.com/GNOME/evolution-data-server/commit/cea58cb6d8fe0d27bfcbab57776bd36d5c724ec3
Project Name: evolution-data-server
License: GPL2
termination: false


*/
int strcspn(const char *strSrc, const char *str)
{
    const char *s;
    const char *t = strSrc;
    while (*t != '\0')
    {
        s = str;
        while (*s != '\0')
        {
            if (*t == *s )
            return t-strSrc;
            ++s;
        }
        ++t;
    }
    return 0;
}
int main()
{
    char buf[100];
    for( int i = 0 ; i < 99 ; i++ )
        buf[i] = __VERIFIER_nondet_char();
    buf[99] = '\0';
    char *p = buf;
    while( *p )
    {
        int len = strcspn( p , ""\n"");
        p += len;
    }
    return 0;

}

"
2,T,"main:buf:1={'a','a','a','a','a','a','a','a','a','a','a','a','a','a','a','a','a','a','a','a','a','a','a','a','a','a','a','a','a','a','a','a','a','a','a','a','a','a','a','a','a','a','a','a','a','a','a','a','a','a','a','a','a','a','a','a','a','a','a','a','a','a','a','a','a','a','a','a','a','a','a','a','a','a','a','a','a','a','a','a','a','a','a','a','a','a','a','a','a','a','a','a','a','a','a','a','a','a','a','a'}
",,TIMEOUT,LIKELY_NT,false,,"You generate concrete values for nondeterministic inputs in a C/C++ program.
Your goal is to produce ONE complete assignment set that is likely to make the program terminate.

Important rules:
1. Return a value for EVERY listed nondeterministic input ID.
2. Use each ID exactly once.
3. Respect the declared C/C++ type.
4. For an array, return the value as an array containing exactly the required number of elements.
5. For char arrays, each element must be exactly one character. Return the character itself without C single quotes.
6. Prefer small-magnitude values unless larger values are necessary to achieve the requested execution behavior.

Nondeterministic inputs:
- id: main:buf:1, type: char, array: true, size: 100, required elements: 100

Previously generated assignment sets are listed below. Generate a materially different set and do not duplicate any of them.
Previous 1: main:buf:1={':',':','@','A','1','$','a','B','c','D','e','F','g','H','i','J','k','L','m','N','o','P','q','R','s','T','u','V','w','X','y','Z','0','1','2','3','4','5','6','7','8','9','!','?','-','_','+','%','^','&','*','/','`','{','}','[',']','|','~',' ','a','b','c','d','e','f','g','h','i','j','k','l','m','n','o','p','q','r','s','t','u','v','w','x','y','z','A','B','C','D','E','F','G','H','I','J','K','L','M','N'}; 

Program:
extern char __VERIFIER_nondet_char(void);
/*
Commit Number: cea58cb6d8fe0d27bfcbab57776bd36d5c724ec3
URL: https://github.com/GNOME/evolution-data-server/commit/cea58cb6d8fe0d27bfcbab57776bd36d5c724ec3
Project Name: evolution-data-server
License: GPL2
termination: false


*/
int strcspn(const char *strSrc, const char *str)
{
    const char *s;
    const char *t = strSrc;
    while (*t != '\0')
    {
        s = str;
        while (*s != '\0')
        {
            if (*t == *s )
            return t-strSrc;
            ++s;
        }
        ++t;
    }
    return 0;
}
int main()
{
    char buf[100];
    for( int i = 0 ; i < 99 ; i++ )
        buf[i] = __VERIFIER_nondet_char();
    buf[99] = '\0';
    char *p = buf;
    while( *p )
    {
        int len = strcspn( p , ""\n"");
        p += len;
    }
    return 0;

}

"
3,T,"main:buf:1={'0','a','a','a','a','a','a','a','a','a','a','a','a','a','a','a','a','a','a','a','a','a','a','a','a','a','a','a','a','a','a','a','a','a','a','a','a','a','a','a','a','a','a','a','a','a','a','a','a','a','a','a','a','a','a','a','a','a','a','a','a','a','a','a','a','a','a','a','a','a','a','a','a','a','a','a','a','a','a','a','a','a','a','a','a','a','a','a','a','a','a','a','a','a','a','a','a','a','a','a'}
",,TIMEOUT,LIKELY_NT,false,,"You generate concrete values for nondeterministic inputs in a C/C++ program.
Your goal is to produce ONE complete assignment set that is likely to make the program terminate.

Important rules:
1. Return a value for EVERY listed nondeterministic input ID.
2. Use each ID exactly once.
3. Respect the declared C/C++ type.
4. For an array, return the value as an array containing exactly the required number of elements.
5. For char arrays, each element must be exactly one character. Return the character itself without C single quotes.
6. Prefer small-magnitude values unless larger values are necessary to achieve the requested execution behavior.

Nondeterministic inputs:
- id: main:buf:1, type: char, array: true, size: 100, required elements: 100

Previously generated assignment sets are listed below. Generate a materially different set and do not duplicate any of them.
Previous 1: main:buf:1={':',':','@','A','1','$','a','B','c','D','e','F','g','H','i','J','k','L','m','N','o','P','q','R','s','T','u','V','w','X','y','Z','0','1','2','3','4','5','6','7','8','9','!','?','-','_','+','%','^','&','*','/','`','{','}','[',']','|','~',' ','a','b','c','d','e','f','g','h','i','j','k','l','m','n','o','p','q','r','s','t','u','v','w','x','y','z','A','B','C','D','E','F','G','H','I','J','K','L','M','N'}; 
Previous 2: main:buf:1={'a','a','a','a','a','a','a','a','a','a','a','a','a','a','a','a','a','a','a','a','a','a','a','a','a','a','a','a','a','a','a','a','a','a','a','a','a','a','a','a','a','a','a','a','a','a','a','a','a','a','a','a','a','a','a','a','a','a','a','a','a','a','a','a','a','a','a','a','a','a','a','a','a','a','a','a','a','a','a','a','a','a','a','a','a','a','a','a','a','a','a','a','a','a','a','a','a','a','a','a'}; 

Program:
extern char __VERIFIER_nondet_char(void);
/*
Commit Number: cea58cb6d8fe0d27bfcbab57776bd36d5c724ec3
URL: https://github.com/GNOME/evolution-data-server/commit/cea58cb6d8fe0d27bfcbab57776bd36d5c724ec3
Project Name: evolution-data-server
License: GPL2
termination: false


*/
int strcspn(const char *strSrc, const char *str)
{
    const char *s;
    const char *t = strSrc;
    while (*t != '\0')
    {
        s = str;
        while (*s != '\0')
        {
            if (*t == *s )
            return t-strSrc;
            ++s;
        }
        ++t;
    }
    return 0;
}
int main()
{
    char buf[100];
    for( int i = 0 ; i < 99 ; i++ )
        buf[i] = __VERIFIER_nondet_char();
    buf[99] = '\0';
    char *p = buf;
    while( *p )
    {
        int len = strcspn( p , ""\n"");
        p += len;
    }
    return 0;

}

"
4,T,"main:buf:1={'{','0',',','a','a','a','a','a','a','a','a','a','a','a','a','a','a','a','a','a','a','a','a','a','a','a','a','a','a','a','a','a','a','a','a','a','a','a','a','a','a','a','a','a','a','a','a','a','a','a','a','a','a','a','a','a','a','a','a','a','a','a','a','a','a','a','a','a','a','a','a','a','a','a','a','a','a','a','a','a','a','a','a','a','a','a','a','a','a','a','a','a','a','a','a','a','a','a','a','a'}
",,TIMEOUT,LIKELY_NT,false,,"You generate concrete values for nondeterministic inputs in a C/C++ program.
Your goal is to produce ONE complete assignment set that is likely to make the program terminate.

Important rules:
1. Return a value for EVERY listed nondeterministic input ID.
2. Use each ID exactly once.
3. Respect the declared C/C++ type.
4. For an array, return the value as an array containing exactly the required number of elements.
5. For char arrays, each element must be exactly one character. Return the character itself without C single quotes.
6. Prefer small-magnitude values unless larger values are necessary to achieve the requested execution behavior.

Nondeterministic inputs:
- id: main:buf:1, type: char, array: true, size: 100, required elements: 100

Previously generated assignment sets are listed below. Generate a materially different set and do not duplicate any of them.
Previous 1: main:buf:1={':',':','@','A','1','$','a','B','c','D','e','F','g','H','i','J','k','L','m','N','o','P','q','R','s','T','u','V','w','X','y','Z','0','1','2','3','4','5','6','7','8','9','!','?','-','_','+','%','^','&','*','/','`','{','}','[',']','|','~',' ','a','b','c','d','e','f','g','h','i','j','k','l','m','n','o','p','q','r','s','t','u','v','w','x','y','z','A','B','C','D','E','F','G','H','I','J','K','L','M','N'}; 
Previous 2: main:buf:1={'a','a','a','a','a','a','a','a','a','a','a','a','a','a','a','a','a','a','a','a','a','a','a','a','a','a','a','a','a','a','a','a','a','a','a','a','a','a','a','a','a','a','a','a','a','a','a','a','a','a','a','a','a','a','a','a','a','a','a','a','a','a','a','a','a','a','a','a','a','a','a','a','a','a','a','a','a','a','a','a','a','a','a','a','a','a','a','a','a','a','a','a','a','a','a','a','a','a','a','a'}; 
Previous 3: main:buf:1={'0','a','a','a','a','a','a','a','a','a','a','a','a','a','a','a','a','a','a','a','a','a','a','a','a','a','a','a','a','a','a','a','a','a','a','a','a','a','a','a','a','a','a','a','a','a','a','a','a','a','a','a','a','a','a','a','a','a','a','a','a','a','a','a','a','a','a','a','a','a','a','a','a','a','a','a','a','a','a','a','a','a','a','a','a','a','a','a','a','a','a','a','a','a','a','a','a','a','a','a'}; 

Program:
extern char __VERIFIER_nondet_char(void);
/*
Commit Number: cea58cb6d8fe0d27bfcbab57776bd36d5c724ec3
URL: https://github.com/GNOME/evolution-data-server/commit/cea58cb6d8fe0d27bfcbab57776bd36d5c724ec3
Project Name: evolution-data-server
License: GPL2
termination: false


*/
int strcspn(const char *strSrc, const char *str)
{
    const char *s;
    const char *t = strSrc;
    while (*t != '\0')
    {
        s = str;
        while (*s != '\0')
        {
            if (*t == *s )
            return t-strSrc;
            ++s;
        }
        ++t;
    }
    return 0;
}
int main()
{
    char buf[100];
    for( int i = 0 ; i < 99 ; i++ )
        buf[i] = __VERIFIER_nondet_char();
    buf[99] = '\0';
    char *p = buf;
    while( *p )
    {
        int len = strcspn( p , ""\n"");
        p += len;
    }
    return 0;

}

"
5,T,"main:buf:1={'A','A','A','A','A','A','A','A','A','A','A','A','A','A','A','A','A','A','A','A','A','A','A','A','A','A','A','A','A','A','A','A','A','A','A','A','A','A','A','A','A','A','A','A','A','A','A','A','A','A','B','B','B','B','B','B','B','B','B','B','B','B','B','B','B','B','B','B','B','B','B','B','B','B','B','B','B','B','B','B','B','B','B','B','B','B','B','B','B','B','B','B','B','B','B','B','B','B','C','D'}
",,TIMEOUT,LIKELY_NT,false,,"You generate concrete values for nondeterministic inputs in a C/C++ program.
Your goal is to produce ONE complete assignment set that is likely to make the program terminate.

Important rules:
1. Return a value for EVERY listed nondeterministic input ID.
2. Use each ID exactly once.
3. Respect the declared C/C++ type.
4. For an array, return the value as an array containing exactly the required number of elements.
5. For char arrays, each element must be exactly one character. Return the character itself without C single quotes.
6. Prefer small-magnitude values unless larger values are necessary to achieve the requested execution behavior.

Nondeterministic inputs:
- id: main:buf:1, type: char, array: true, size: 100, required elements: 100

Previously generated assignment sets are listed below. Generate a materially different set and do not duplicate any of them.
Previous 1: main:buf:1={':',':','@','A','1','$','a','B','c','D','e','F','g','H','i','J','k','L','m','N','o','P','q','R','s','T','u','V','w','X','y','Z','0','1','2','3','4','5','6','7','8','9','!','?','-','_','+','%','^','&','*','/','`','{','}','[',']','|','~',' ','a','b','c','d','e','f','g','h','i','j','k','l','m','n','o','p','q','r','s','t','u','v','w','x','y','z','A','B','C','D','E','F','G','H','I','J','K','L','M','N'}; 
Previous 2: main:buf:1={'a','a','a','a','a','a','a','a','a','a','a','a','a','a','a','a','a','a','a','a','a','a','a','a','a','a','a','a','a','a','a','a','a','a','a','a','a','a','a','a','a','a','a','a','a','a','a','a','a','a','a','a','a','a','a','a','a','a','a','a','a','a','a','a','a','a','a','a','a','a','a','a','a','a','a','a','a','a','a','a','a','a','a','a','a','a','a','a','a','a','a','a','a','a','a','a','a','a','a','a'}; 
Previous 3: main:buf:1={'0','a','a','a','a','a','a','a','a','a','a','a','a','a','a','a','a','a','a','a','a','a','a','a','a','a','a','a','a','a','a','a','a','a','a','a','a','a','a','a','a','a','a','a','a','a','a','a','a','a','a','a','a','a','a','a','a','a','a','a','a','a','a','a','a','a','a','a','a','a','a','a','a','a','a','a','a','a','a','a','a','a','a','a','a','a','a','a','a','a','a','a','a','a','a','a','a','a','a','a'}; 
Previous 4: main:buf:1={'{','0',',','a','a','a','a','a','a','a','a','a','a','a','a','a','a','a','a','a','a','a','a','a','a','a','a','a','a','a','a','a','a','a','a','a','a','a','a','a','a','a','a','a','a','a','a','a','a','a','a','a','a','a','a','a','a','a','a','a','a','a','a','a','a','a','a','a','a','a','a','a','a','a','a','a','a','a','a','a','a','a','a','a','a','a','a','a','a','a','a','a','a','a','a','a','a','a','a','a'}; 

Program:
extern char __VERIFIER_nondet_char(void);
/*
Commit Number: cea58cb6d8fe0d27bfcbab57776bd36d5c724ec3
URL: https://github.com/GNOME/evolution-data-server/commit/cea58cb6d8fe0d27bfcbab57776bd36d5c724ec3
Project Name: evolution-data-server
License: GPL2
termination: false


*/
int strcspn(const char *strSrc, const char *str)
{
    const char *s;
    const char *t = strSrc;
    while (*t != '\0')
    {
        s = str;
        while (*s != '\0')
        {
            if (*t == *s )
            return t-strSrc;
            ++s;
        }
        ++t;
    }
    return 0;
}
int main()
{
    char buf[100];
    for( int i = 0 ; i < 99 ; i++ )
        buf[i] = __VERIFIER_nondet_char();
    buf[99] = '\0';
    char *p = buf;
    while( *p )
    {
        int len = strcspn( p , ""\n"");
        p += len;
    }
    return 0;

}

"
6,T,"main:buf:1={'b','b','b','b','b','b','b','b','b','b','b','b','b','b','b','b','b','b','b','b','b','b','b','b','b','b','b','b','b','b','b','b','b','b','b','b','b','b','b','b','b','b','b','b','b','b','b','b','b','b','b','b','b','b','b','b','b','b','b','b','b','b','b','b','b','b','b','b','b','b','b','b','b','b','b','b','b','b','b','b','b','b','b','b','b','b','b','b','b','b','b','b','b','b','b','b','b','b','b','b'}
",,TIMEOUT,LIKELY_NT,false,,"You generate concrete values for nondeterministic inputs in a C/C++ program.
Your goal is to produce ONE complete assignment set that is likely to make the program terminate.

Important rules:
1. Return a value for EVERY listed nondeterministic input ID.
2. Use each ID exactly once.
3. Respect the declared C/C++ type.
4. For an array, return the value as an array containing exactly the required number of elements.
5. For char arrays, each element must be exactly one character. Return the character itself without C single quotes.
6. Prefer small-magnitude values unless larger values are necessary to achieve the requested execution behavior.

Nondeterministic inputs:
- id: main:buf:1, type: char, array: true, size: 100, required elements: 100

Previously generated assignment sets are listed below. Generate a materially different set and do not duplicate any of them.
Previous 1: main:buf:1={':',':','@','A','1','$','a','B','c','D','e','F','g','H','i','J','k','L','m','N','o','P','q','R','s','T','u','V','w','X','y','Z','0','1','2','3','4','5','6','7','8','9','!','?','-','_','+','%','^','&','*','/','`','{','}','[',']','|','~',' ','a','b','c','d','e','f','g','h','i','j','k','l','m','n','o','p','q','r','s','t','u','v','w','x','y','z','A','B','C','D','E','F','G','H','I','J','K','L','M','N'}; 
Previous 2: main:buf:1={'a','a','a','a','a','a','a','a','a','a','a','a','a','a','a','a','a','a','a','a','a','a','a','a','a','a','a','a','a','a','a','a','a','a','a','a','a','a','a','a','a','a','a','a','a','a','a','a','a','a','a','a','a','a','a','a','a','a','a','a','a','a','a','a','a','a','a','a','a','a','a','a','a','a','a','a','a','a','a','a','a','a','a','a','a','a','a','a','a','a','a','a','a','a','a','a','a','a','a','a'}; 
Previous 3: main:buf:1={'0','a','a','a','a','a','a','a','a','a','a','a','a','a','a','a','a','a','a','a','a','a','a','a','a','a','a','a','a','a','a','a','a','a','a','a','a','a','a','a','a','a','a','a','a','a','a','a','a','a','a','a','a','a','a','a','a','a','a','a','a','a','a','a','a','a','a','a','a','a','a','a','a','a','a','a','a','a','a','a','a','a','a','a','a','a','a','a','a','a','a','a','a','a','a','a','a','a','a','a'}; 
Previous 4: main:buf:1={'{','0',',','a','a','a','a','a','a','a','a','a','a','a','a','a','a','a','a','a','a','a','a','a','a','a','a','a','a','a','a','a','a','a','a','a','a','a','a','a','a','a','a','a','a','a','a','a','a','a','a','a','a','a','a','a','a','a','a','a','a','a','a','a','a','a','a','a','a','a','a','a','a','a','a','a','a','a','a','a','a','a','a','a','a','a','a','a','a','a','a','a','a','a','a','a','a','a','a','a'}; 
Previous 5: main:buf:1={'A','A','A','A','A','A','A','A','A','A','A','A','A','A','A','A','A','A','A','A','A','A','A','A','A','A','A','A','A','A','A','A','A','A','A','A','A','A','A','A','A','A','A','A','A','A','A','A','A','A','B','B','B','B','B','B','B','B','B','B','B','B','B','B','B','B','B','B','B','B','B','B','B','B','B','B','B','B','B','B','B','B','B','B','B','B','B','B','B','B','B','B','B','B','B','B','B','B','C','D'}; 

Program:
extern char __VERIFIER_nondet_char(void);
/*
Commit Number: cea58cb6d8fe0d27bfcbab57776bd36d5c724ec3
URL: https://github.com/GNOME/evolution-data-server/commit/cea58cb6d8fe0d27bfcbab57776bd36d5c724ec3
Project Name: evolution-data-server
License: GPL2
termination: false


*/
int strcspn(const char *strSrc, const char *str)
{
    const char *s;
    const char *t = strSrc;
    while (*t != '\0')
    {
        s = str;
        while (*s != '\0')
        {
            if (*t == *s )
            return t-strSrc;
            ++s;
        }
        ++t;
    }
    return 0;
}
int main()
{
    char buf[100];
    for( int i = 0 ; i < 99 ; i++ )
        buf[i] = __VERIFIER_nondet_char();
    buf[99] = '\0';
    char *p = buf;
    while( *p )
    {
        int len = strcspn( p , ""\n"");
        p += len;
    }
    return 0;

}

"
7,T,"main:buf:1={'a','a','a','a','a','a','a','a','a','a','a','a','a','a','a','a','a','a','a','a','a','a','a','a','a','a','a','a','a','a','a','a','a','a','a','a','a','a','a','a','a','a','a','a','a','a','a','a','a','a','a','a','a','a','a','a','a','a','a','a','a','a','a','a','a','a','a','a','a','a','a','a','a','a','a','a','a','a','a','a','a','a','a','a','a','a','a','a','a','a','a','a','a','a','a','a','a','a','b','b'}
",,TIMEOUT,LIKELY_NT,false,,"You generate concrete values for nondeterministic inputs in a C/C++ program.
Your goal is to produce ONE complete assignment set that is likely to make the program terminate.

Important rules:
1. Return a value for EVERY listed nondeterministic input ID.
2. Use each ID exactly once.
3. Respect the declared C/C++ type.
4. For an array, return the value as an array containing exactly the required number of elements.
5. For char arrays, each element must be exactly one character. Return the character itself without C single quotes.
6. Prefer small-magnitude values unless larger values are necessary to achieve the requested execution behavior.

Nondeterministic inputs:
- id: main:buf:1, type: char, array: true, size: 100, required elements: 100

Previously generated assignment sets are listed below. Generate a materially different set and do not duplicate any of them.
Previous 1: main:buf:1={':',':','@','A','1','$','a','B','c','D','e','F','g','H','i','J','k','L','m','N','o','P','q','R','s','T','u','V','w','X','y','Z','0','1','2','3','4','5','6','7','8','9','!','?','-','_','+','%','^','&','*','/','`','{','}','[',']','|','~',' ','a','b','c','d','e','f','g','h','i','j','k','l','m','n','o','p','q','r','s','t','u','v','w','x','y','z','A','B','C','D','E','F','G','H','I','J','K','L','M','N'}; 
Previous 2: main:buf:1={'a','a','a','a','a','a','a','a','a','a','a','a','a','a','a','a','a','a','a','a','a','a','a','a','a','a','a','a','a','a','a','a','a','a','a','a','a','a','a','a','a','a','a','a','a','a','a','a','a','a','a','a','a','a','a','a','a','a','a','a','a','a','a','a','a','a','a','a','a','a','a','a','a','a','a','a','a','a','a','a','a','a','a','a','a','a','a','a','a','a','a','a','a','a','a','a','a','a','a','a'}; 
Previous 3: main:buf:1={'0','a','a','a','a','a','a','a','a','a','a','a','a','a','a','a','a','a','a','a','a','a','a','a','a','a','a','a','a','a','a','a','a','a','a','a','a','a','a','a','a','a','a','a','a','a','a','a','a','a','a','a','a','a','a','a','a','a','a','a','a','a','a','a','a','a','a','a','a','a','a','a','a','a','a','a','a','a','a','a','a','a','a','a','a','a','a','a','a','a','a','a','a','a','a','a','a','a','a','a'}; 
Previous 4: main:buf:1={'{','0',',','a','a','a','a','a','a','a','a','a','a','a','a','a','a','a','a','a','a','a','a','a','a','a','a','a','a','a','a','a','a','a','a','a','a','a','a','a','a','a','a','a','a','a','a','a','a','a','a','a','a','a','a','a','a','a','a','a','a','a','a','a','a','a','a','a','a','a','a','a','a','a','a','a','a','a','a','a','a','a','a','a','a','a','a','a','a','a','a','a','a','a','a','a','a','a','a','a'}; 
Previous 5: main:buf:1={'A','A','A','A','A','A','A','A','A','A','A','A','A','A','A','A','A','A','A','A','A','A','A','A','A','A','A','A','A','A','A','A','A','A','A','A','A','A','A','A','A','A','A','A','A','A','A','A','A','A','B','B','B','B','B','B','B','B','B','B','B','B','B','B','B','B','B','B','B','B','B','B','B','B','B','B','B','B','B','B','B','B','B','B','B','B','B','B','B','B','B','B','B','B','B','B','B','B','C','D'}; 
Previous 6: main:buf:1={'b','b','b','b','b','b','b','b','b','b','b','b','b','b','b','b','b','b','b','b','b','b','b','b','b','b','b','b','b','b','b','b','b','b','b','b','b','b','b','b','b','b','b','b','b','b','b','b','b','b','b','b','b','b','b','b','b','b','b','b','b','b','b','b','b','b','b','b','b','b','b','b','b','b','b','b','b','b','b','b','b','b','b','b','b','b','b','b','b','b','b','b','b','b','b','b','b','b','b','b'}; 

Program:
extern char __VERIFIER_nondet_char(void);
/*
Commit Number: cea58cb6d8fe0d27bfcbab57776bd36d5c724ec3
URL: https://github.com/GNOME/evolution-data-server/commit/cea58cb6d8fe0d27bfcbab57776bd36d5c724ec3
Project Name: evolution-data-server
License: GPL2
termination: false


*/
int strcspn(const char *strSrc, const char *str)
{
    const char *s;
    const char *t = strSrc;
    while (*t != '\0')
    {
        s = str;
        while (*s != '\0')
        {
            if (*t == *s )
            return t-strSrc;
            ++s;
        }
        ++t;
    }
    return 0;
}
int main()
{
    char buf[100];
    for( int i = 0 ; i < 99 ; i++ )
        buf[i] = __VERIFIER_nondet_char();
    buf[99] = '\0';
    char *p = buf;
    while( *p )
    {
        int len = strcspn( p , ""\n"");
        p += len;
    }
    return 0;

}

"
8,T,"main:buf:1={'a','a','a','a','a','a','a','a','a','a','a','a','a','a','a','a','a','a','a','a','a','a','a','a','a','a','a','a','a','a','a','a','a','a','a','a','a','a','a','a','a','a','a','a','a','a','a','a','a','a','a','a','a','a','a','a','a','a','a','a','a','a','a','a','a','a','a','a','a','a','a','a','a','a','a','a','a','a','a','a','a','a','a','a','a','a','a','a','a','a','a','a','a','a','a','a','a','a','a','a'}
",,DUPLICATE,,false,,"You generate concrete values for nondeterministic inputs in a C/C++ program.
Your goal is to produce ONE complete assignment set that is likely to make the program terminate.

Important rules:
1. Return a value for EVERY listed nondeterministic input ID.
2. Use each ID exactly once.
3. Respect the declared C/C++ type.
4. For an array, return the value as an array containing exactly the required number of elements.
5. For char arrays, each element must be exactly one character. Return the character itself without C single quotes.
6. Prefer small-magnitude values unless larger values are necessary to achieve the requested execution behavior.

Nondeterministic inputs:
- id: main:buf:1, type: char, array: true, size: 100, required elements: 100

Previously generated assignment sets are listed below. Generate a materially different set and do not duplicate any of them.
Previous 1: main:buf:1={':',':','@','A','1','$','a','B','c','D','e','F','g','H','i','J','k','L','m','N','o','P','q','R','s','T','u','V','w','X','y','Z','0','1','2','3','4','5','6','7','8','9','!','?','-','_','+','%','^','&','*','/','`','{','}','[',']','|','~',' ','a','b','c','d','e','f','g','h','i','j','k','l','m','n','o','p','q','r','s','t','u','v','w','x','y','z','A','B','C','D','E','F','G','H','I','J','K','L','M','N'}; 
Previous 2: main:buf:1={'a','a','a','a','a','a','a','a','a','a','a','a','a','a','a','a','a','a','a','a','a','a','a','a','a','a','a','a','a','a','a','a','a','a','a','a','a','a','a','a','a','a','a','a','a','a','a','a','a','a','a','a','a','a','a','a','a','a','a','a','a','a','a','a','a','a','a','a','a','a','a','a','a','a','a','a','a','a','a','a','a','a','a','a','a','a','a','a','a','a','a','a','a','a','a','a','a','a','a','a'}; 
Previous 3: main:buf:1={'0','a','a','a','a','a','a','a','a','a','a','a','a','a','a','a','a','a','a','a','a','a','a','a','a','a','a','a','a','a','a','a','a','a','a','a','a','a','a','a','a','a','a','a','a','a','a','a','a','a','a','a','a','a','a','a','a','a','a','a','a','a','a','a','a','a','a','a','a','a','a','a','a','a','a','a','a','a','a','a','a','a','a','a','a','a','a','a','a','a','a','a','a','a','a','a','a','a','a','a'}; 
Previous 4: main:buf:1={'{','0',',','a','a','a','a','a','a','a','a','a','a','a','a','a','a','a','a','a','a','a','a','a','a','a','a','a','a','a','a','a','a','a','a','a','a','a','a','a','a','a','a','a','a','a','a','a','a','a','a','a','a','a','a','a','a','a','a','a','a','a','a','a','a','a','a','a','a','a','a','a','a','a','a','a','a','a','a','a','a','a','a','a','a','a','a','a','a','a','a','a','a','a','a','a','a','a','a','a'}; 
Previous 5: main:buf:1={'A','A','A','A','A','A','A','A','A','A','A','A','A','A','A','A','A','A','A','A','A','A','A','A','A','A','A','A','A','A','A','A','A','A','A','A','A','A','A','A','A','A','A','A','A','A','A','A','A','A','B','B','B','B','B','B','B','B','B','B','B','B','B','B','B','B','B','B','B','B','B','B','B','B','B','B','B','B','B','B','B','B','B','B','B','B','B','B','B','B','B','B','B','B','B','B','B','B','C','D'}; 
Previous 6: main:buf:1={'b','b','b','b','b','b','b','b','b','b','b','b','b','b','b','b','b','b','b','b','b','b','b','b','b','b','b','b','b','b','b','b','b','b','b','b','b','b','b','b','b','b','b','b','b','b','b','b','b','b','b','b','b','b','b','b','b','b','b','b','b','b','b','b','b','b','b','b','b','b','b','b','b','b','b','b','b','b','b','b','b','b','b','b','b','b','b','b','b','b','b','b','b','b','b','b','b','b','b','b'}; 
Previous 7: main:buf:1={'a','a','a','a','a','a','a','a','a','a','a','a','a','a','a','a','a','a','a','a','a','a','a','a','a','a','a','a','a','a','a','a','a','a','a','a','a','a','a','a','a','a','a','a','a','a','a','a','a','a','a','a','a','a','a','a','a','a','a','a','a','a','a','a','a','a','a','a','a','a','a','a','a','a','a','a','a','a','a','a','a','a','a','a','a','a','a','a','a','a','a','a','a','a','a','a','a','a','b','b'}; 

Program:
extern char __VERIFIER_nondet_char(void);
/*
Commit Number: cea58cb6d8fe0d27bfcbab57776bd36d5c724ec3
URL: https://github.com/GNOME/evolution-data-server/commit/cea58cb6d8fe0d27bfcbab57776bd36d5c724ec3
Project Name: evolution-data-server
License: GPL2
termination: false


*/
int strcspn(const char *strSrc, const char *str)
{
    const char *s;
    const char *t = strSrc;
    while (*t != '\0')
    {
        s = str;
        while (*s != '\0')
        {
            if (*t == *s )
            return t-strSrc;
            ++s;
        }
        ++t;
    }
    return 0;
}
int main()
{
    char buf[100];
    for( int i = 0 ; i < 99 ; i++ )
        buf[i] = __VERIFIER_nondet_char();
    buf[99] = '\0';
    char *p = buf;
    while( *p )
    {
        int len = strcspn( p , ""\n"");
        p += len;
    }
    return 0;

}

"
9,T,,,GENERATION_ERROR,,false,HTTP request failed: Timeout was reached,"You generate concrete values for nondeterministic inputs in a C/C++ program.
Your goal is to produce ONE complete assignment set that is likely to make the program terminate.

Important rules:
1. Return a value for EVERY listed nondeterministic input ID.
2. Use each ID exactly once.
3. Respect the declared C/C++ type.
4. For an array, return the value as an array containing exactly the required number of elements.
5. For char arrays, each element must be exactly one character. Return the character itself without C single quotes.
6. Prefer small-magnitude values unless larger values are necessary to achieve the requested execution behavior.

Nondeterministic inputs:
- id: main:buf:1, type: char, array: true, size: 100, required elements: 100

Previously generated assignment sets are listed below. Generate a materially different set and do not duplicate any of them.
Previous 1: main:buf:1={':',':','@','A','1','$','a','B','c','D','e','F','g','H','i','J','k','L','m','N','o','P','q','R','s','T','u','V','w','X','y','Z','0','1','2','3','4','5','6','7','8','9','!','?','-','_','+','%','^','&','*','/','`','{','}','[',']','|','~',' ','a','b','c','d','e','f','g','h','i','j','k','l','m','n','o','p','q','r','s','t','u','v','w','x','y','z','A','B','C','D','E','F','G','H','I','J','K','L','M','N'}; 
Previous 2: main:buf:1={'a','a','a','a','a','a','a','a','a','a','a','a','a','a','a','a','a','a','a','a','a','a','a','a','a','a','a','a','a','a','a','a','a','a','a','a','a','a','a','a','a','a','a','a','a','a','a','a','a','a','a','a','a','a','a','a','a','a','a','a','a','a','a','a','a','a','a','a','a','a','a','a','a','a','a','a','a','a','a','a','a','a','a','a','a','a','a','a','a','a','a','a','a','a','a','a','a','a','a','a'}; 
Previous 3: main:buf:1={'0','a','a','a','a','a','a','a','a','a','a','a','a','a','a','a','a','a','a','a','a','a','a','a','a','a','a','a','a','a','a','a','a','a','a','a','a','a','a','a','a','a','a','a','a','a','a','a','a','a','a','a','a','a','a','a','a','a','a','a','a','a','a','a','a','a','a','a','a','a','a','a','a','a','a','a','a','a','a','a','a','a','a','a','a','a','a','a','a','a','a','a','a','a','a','a','a','a','a','a'}; 
Previous 4: main:buf:1={'{','0',',','a','a','a','a','a','a','a','a','a','a','a','a','a','a','a','a','a','a','a','a','a','a','a','a','a','a','a','a','a','a','a','a','a','a','a','a','a','a','a','a','a','a','a','a','a','a','a','a','a','a','a','a','a','a','a','a','a','a','a','a','a','a','a','a','a','a','a','a','a','a','a','a','a','a','a','a','a','a','a','a','a','a','a','a','a','a','a','a','a','a','a','a','a','a','a','a','a'}; 
Previous 5: main:buf:1={'A','A','A','A','A','A','A','A','A','A','A','A','A','A','A','A','A','A','A','A','A','A','A','A','A','A','A','A','A','A','A','A','A','A','A','A','A','A','A','A','A','A','A','A','A','A','A','A','A','A','B','B','B','B','B','B','B','B','B','B','B','B','B','B','B','B','B','B','B','B','B','B','B','B','B','B','B','B','B','B','B','B','B','B','B','B','B','B','B','B','B','B','B','B','B','B','B','B','C','D'}; 
Previous 6: main:buf:1={'b','b','b','b','b','b','b','b','b','b','b','b','b','b','b','b','b','b','b','b','b','b','b','b','b','b','b','b','b','b','b','b','b','b','b','b','b','b','b','b','b','b','b','b','b','b','b','b','b','b','b','b','b','b','b','b','b','b','b','b','b','b','b','b','b','b','b','b','b','b','b','b','b','b','b','b','b','b','b','b','b','b','b','b','b','b','b','b','b','b','b','b','b','b','b','b','b','b','b','b'}; 
Previous 7: main:buf:1={'a','a','a','a','a','a','a','a','a','a','a','a','a','a','a','a','a','a','a','a','a','a','a','a','a','a','a','a','a','a','a','a','a','a','a','a','a','a','a','a','a','a','a','a','a','a','a','a','a','a','a','a','a','a','a','a','a','a','a','a','a','a','a','a','a','a','a','a','a','a','a','a','a','a','a','a','a','a','a','a','a','a','a','a','a','a','a','a','a','a','a','a','a','a','a','a','a','a','b','b'}; 

Program:
extern char __VERIFIER_nondet_char(void);
/*
Commit Number: cea58cb6d8fe0d27bfcbab57776bd36d5c724ec3
URL: https://github.com/GNOME/evolution-data-server/commit/cea58cb6d8fe0d27bfcbab57776bd36d5c724ec3
Project Name: evolution-data-server
License: GPL2
termination: false


*/
int strcspn(const char *strSrc, const char *str)
{
    const char *s;
    const char *t = strSrc;
    while (*t != '\0')
    {
        s = str;
        while (*s != '\0')
        {
            if (*t == *s )
            return t-strSrc;
            ++s;
        }
        ++t;
    }
    return 0;
}
int main()
{
    char buf[100];
    for( int i = 0 ; i < 99 ; i++ )
        buf[i] = __VERIFIER_nondet_char();
    buf[99] = '\0';
    char *p = buf;
    while( *p )
    {
        int len = strcspn( p , ""\n"");
        p += len;
    }
    return 0;

}

"
10,T,"main:buf:1={'\'','\'','\'','\'','\'','\'','\'','\'','\'','\'','\'','\'','\'','\'','\'','\'','\'','\'','\'','\'','\'','\'','\'','\'','\'','\'','\'','\'','\'','\'','\'','\'','\'','\'','\'','\'','\'','\'','\'','\'','\'','\'','\'','\'','\'','\'','\'','\'','\'','\'','\'','\'','\'','\'','\'','\'','\'','\'','\'','\'','\'','\'','\'','\'','\'','\'','\'','\'','\'','\'','\'','\'','\'','\'','\'','\'','\'','\'','\'','\'','\'','\'','\'','\'','\'','\'','\'','\'','\'','\'','\'','\'','\'','\'','\'','\'','\'','\'','\'','\''}
",,TIMEOUT,LIKELY_NT,false,,"You generate concrete values for nondeterministic inputs in a C/C++ program.
Your goal is to produce ONE complete assignment set that is likely to make the program terminate.

Important rules:
1. Return a value for EVERY listed nondeterministic input ID.
2. Use each ID exactly once.
3. Respect the declared C/C++ type.
4. For an array, return the value as an array containing exactly the required number of elements.
5. For char arrays, each element must be exactly one character. Return the character itself without C single quotes.
6. Prefer small-magnitude values unless larger values are necessary to achieve the requested execution behavior.

Nondeterministic inputs:
- id: main:buf:1, type: char, array: true, size: 100, required elements: 100

Previously generated assignment sets are listed below. Generate a materially different set and do not duplicate any of them.
Previous 1: main:buf:1={':',':','@','A','1','$','a','B','c','D','e','F','g','H','i','J','k','L','m','N','o','P','q','R','s','T','u','V','w','X','y','Z','0','1','2','3','4','5','6','7','8','9','!','?','-','_','+','%','^','&','*','/','`','{','}','[',']','|','~',' ','a','b','c','d','e','f','g','h','i','j','k','l','m','n','o','p','q','r','s','t','u','v','w','x','y','z','A','B','C','D','E','F','G','H','I','J','K','L','M','N'}; 
Previous 2: main:buf:1={'a','a','a','a','a','a','a','a','a','a','a','a','a','a','a','a','a','a','a','a','a','a','a','a','a','a','a','a','a','a','a','a','a','a','a','a','a','a','a','a','a','a','a','a','a','a','a','a','a','a','a','a','a','a','a','a','a','a','a','a','a','a','a','a','a','a','a','a','a','a','a','a','a','a','a','a','a','a','a','a','a','a','a','a','a','a','a','a','a','a','a','a','a','a','a','a','a','a','a','a'}; 
Previous 3: main:buf:1={'0','a','a','a','a','a','a','a','a','a','a','a','a','a','a','a','a','a','a','a','a','a','a','a','a','a','a','a','a','a','a','a','a','a','a','a','a','a','a','a','a','a','a','a','a','a','a','a','a','a','a','a','a','a','a','a','a','a','a','a','a','a','a','a','a','a','a','a','a','a','a','a','a','a','a','a','a','a','a','a','a','a','a','a','a','a','a','a','a','a','a','a','a','a','a','a','a','a','a','a'}; 
Previous 4: main:buf:1={'{','0',',','a','a','a','a','a','a','a','a','a','a','a','a','a','a','a','a','a','a','a','a','a','a','a','a','a','a','a','a','a','a','a','a','a','a','a','a','a','a','a','a','a','a','a','a','a','a','a','a','a','a','a','a','a','a','a','a','a','a','a','a','a','a','a','a','a','a','a','a','a','a','a','a','a','a','a','a','a','a','a','a','a','a','a','a','a','a','a','a','a','a','a','a','a','a','a','a','a'}; 
Previous 5: main:buf:1={'A','A','A','A','A','A','A','A','A','A','A','A','A','A','A','A','A','A','A','A','A','A','A','A','A','A','A','A','A','A','A','A','A','A','A','A','A','A','A','A','A','A','A','A','A','A','A','A','A','A','B','B','B','B','B','B','B','B','B','B','B','B','B','B','B','B','B','B','B','B','B','B','B','B','B','B','B','B','B','B','B','B','B','B','B','B','B','B','B','B','B','B','B','B','B','B','B','B','C','D'}; 
Previous 6: main:buf:1={'b','b','b','b','b','b','b','b','b','b','b','b','b','b','b','b','b','b','b','b','b','b','b','b','b','b','b','b','b','b','b','b','b','b','b','b','b','b','b','b','b','b','b','b','b','b','b','b','b','b','b','b','b','b','b','b','b','b','b','b','b','b','b','b','b','b','b','b','b','b','b','b','b','b','b','b','b','b','b','b','b','b','b','b','b','b','b','b','b','b','b','b','b','b','b','b','b','b','b','b'}; 
Previous 7: main:buf:1={'a','a','a','a','a','a','a','a','a','a','a','a','a','a','a','a','a','a','a','a','a','a','a','a','a','a','a','a','a','a','a','a','a','a','a','a','a','a','a','a','a','a','a','a','a','a','a','a','a','a','a','a','a','a','a','a','a','a','a','a','a','a','a','a','a','a','a','a','a','a','a','a','a','a','a','a','a','a','a','a','a','a','a','a','a','a','a','a','a','a','a','a','a','a','a','a','a','a','b','b'}; 

Program:
extern char __VERIFIER_nondet_char(void);
/*
Commit Number: cea58cb6d8fe0d27bfcbab57776bd36d5c724ec3
URL: https://github.com/GNOME/evolution-data-server/commit/cea58cb6d8fe0d27bfcbab57776bd36d5c724ec3
Project Name: evolution-data-server
License: GPL2
termination: false


*/
int strcspn(const char *strSrc, const char *str)
{
    const char *s;
    const char *t = strSrc;
    while (*t != '\0')
    {
        s = str;
        while (*s != '\0')
        {
            if (*t == *s )
            return t-strSrc;
            ++s;
        }
        ++t;
    }
    return 0;
}
int main()
{
    char buf[100];
    for( int i = 0 ; i < 99 ; i++ )
        buf[i] = __VERIFIER_nondet_char();
    buf[99] = '\0';
    char *p = buf;
    while( *p )
    {
        int len = strcspn( p , ""\n"");
        p += len;
    }
    return 0;

}

"
11,T,"main:buf:1={'A','A','A','A','A','A','A','A','A','A','A','A','A','A','A','A','A','A','A','A','A','A','A','A','A','A','A','A','A','A','A','A','A','A','A','A','A','A','A','A','A','A','A','A','A','A','A','A','A','A','A','A','A','A','A','A','A','A','A','A','A','A','A','A','A','A','A','A','A','A','A','A','A','A','A','A','A','A','A','A','A','A','A','A','A','A','A','A','A','A','A','A','A','A','A','A','A','A','A','A'}
",,TIMEOUT,LIKELY_NT,false,,"You generate concrete values for nondeterministic inputs in a C/C++ program.
Your goal is to produce ONE complete assignment set that is likely to make the program terminate.

Important rules:
1. Return a value for EVERY listed nondeterministic input ID.
2. Use each ID exactly once.
3. Respect the declared C/C++ type.
4. For an array, return the value as an array containing exactly the required number of elements.
5. For char arrays, each element must be exactly one character. Return the character itself without C single quotes.
6. Prefer small-magnitude values unless larger values are necessary to achieve the requested execution behavior.

Nondeterministic inputs:
- id: main:buf:1, type: char, array: true, size: 100, required elements: 100

Previously generated assignment sets are listed below. Generate a materially different set and do not duplicate any of them.
Previous 1: main:buf:1={':',':','@','A','1','$','a','B','c','D','e','F','g','H','i','J','k','L','m','N','o','P','q','R','s','T','u','V','w','X','y','Z','0','1','2','3','4','5','6','7','8','9','!','?','-','_','+','%','^','&','*','/','`','{','}','[',']','|','~',' ','a','b','c','d','e','f','g','h','i','j','k','l','m','n','o','p','q','r','s','t','u','v','w','x','y','z','A','B','C','D','E','F','G','H','I','J','K','L','M','N'}; 
Previous 2: main:buf:1={'a','a','a','a','a','a','a','a','a','a','a','a','a','a','a','a','a','a','a','a','a','a','a','a','a','a','a','a','a','a','a','a','a','a','a','a','a','a','a','a','a','a','a','a','a','a','a','a','a','a','a','a','a','a','a','a','a','a','a','a','a','a','a','a','a','a','a','a','a','a','a','a','a','a','a','a','a','a','a','a','a','a','a','a','a','a','a','a','a','a','a','a','a','a','a','a','a','a','a','a'}; 
Previous 3: main:buf:1={'0','a','a','a','a','a','a','a','a','a','a','a','a','a','a','a','a','a','a','a','a','a','a','a','a','a','a','a','a','a','a','a','a','a','a','a','a','a','a','a','a','a','a','a','a','a','a','a','a','a','a','a','a','a','a','a','a','a','a','a','a','a','a','a','a','a','a','a','a','a','a','a','a','a','a','a','a','a','a','a','a','a','a','a','a','a','a','a','a','a','a','a','a','a','a','a','a','a','a','a'}; 
Previous 4: main:buf:1={'{','0',',','a','a','a','a','a','a','a','a','a','a','a','a','a','a','a','a','a','a','a','a','a','a','a','a','a','a','a','a','a','a','a','a','a','a','a','a','a','a','a','a','a','a','a','a','a','a','a','a','a','a','a','a','a','a','a','a','a','a','a','a','a','a','a','a','a','a','a','a','a','a','a','a','a','a','a','a','a','a','a','a','a','a','a','a','a','a','a','a','a','a','a','a','a','a','a','a','a'}; 
Previous 5: main:buf:1={'A','A','A','A','A','A','A','A','A','A','A','A','A','A','A','A','A','A','A','A','A','A','A','A','A','A','A','A','A','A','A','A','A','A','A','A','A','A','A','A','A','A','A','A','A','A','A','A','A','A','B','B','B','B','B','B','B','B','B','B','B','B','B','B','B','B','B','B','B','B','B','B','B','B','B','B','B','B','B','B','B','B','B','B','B','B','B','B','B','B','B','B','B','B','B','B','B','B','C','D'}; 
Previous 6: main:buf:1={'b','b','b','b','b','b','b','b','b','b','b','b','b','b','b','b','b','b','b','b','b','b','b','b','b','b','b','b','b','b','b','b','b','b','b','b','b','b','b','b','b','b','b','b','b','b','b','b','b','b','b','b','b','b','b','b','b','b','b','b','b','b','b','b','b','b','b','b','b','b','b','b','b','b','b','b','b','b','b','b','b','b','b','b','b','b','b','b','b','b','b','b','b','b','b','b','b','b','b','b'}; 
Previous 7: main:buf:1={'a','a','a','a','a','a','a','a','a','a','a','a','a','a','a','a','a','a','a','a','a','a','a','a','a','a','a','a','a','a','a','a','a','a','a','a','a','a','a','a','a','a','a','a','a','a','a','a','a','a','a','a','a','a','a','a','a','a','a','a','a','a','a','a','a','a','a','a','a','a','a','a','a','a','a','a','a','a','a','a','a','a','a','a','a','a','a','a','a','a','a','a','a','a','a','a','a','a','b','b'}; 
Previous 8: main:buf:1={'\'','\'','\'','\'','\'','\'','\'','\'','\'','\'','\'','\'','\'','\'','\'','\'','\'','\'','\'','\'','\'','\'','\'','\'','\'','\'','\'','\'','\'','\'','\'','\'','\'','\'','\'','\'','\'','\'','\'','\'','\'','\'','\'','\'','\'','\'','\'','\'','\'','\'','\'','\'','\'','\'','\'','\'','\'','\'','\'','\'','\'','\'','\'','\'','\'','\'','\'','\'','\'','\'','\'','\'','\'','\'','\'','\'','\'','\'','\'','\'','\'','\'','\'','\'','\'','\'','\'','\'','\'','\'','\'','\'','\'','\'','\'','\'','\'','\'','\'','\''}; 

Program:
extern char __VERIFIER_nondet_char(void);
/*
Commit Number: cea58cb6d8fe0d27bfcbab57776bd36d5c724ec3
URL: https://github.com/GNOME/evolution-data-server/commit/cea58cb6d8fe0d27bfcbab57776bd36d5c724ec3
Project Name: evolution-data-server
License: GPL2
termination: false


*/
int strcspn(const char *strSrc, const char *str)
{
    const char *s;
    const char *t = strSrc;
    while (*t != '\0')
    {
        s = str;
        while (*s != '\0')
        {
            if (*t == *s )
            return t-strSrc;
            ++s;
        }
        ++t;
    }
    return 0;
}
int main()
{
    char buf[100];
    for( int i = 0 ; i < 99 ; i++ )
        buf[i] = __VERIFIER_nondet_char();
    buf[99] = '\0';
    char *p = buf;
    while( *p )
    {
        int len = strcspn( p , ""\n"");
        p += len;
    }
    return 0;

}

"
12,T,"main:buf:1={'a','a','a','a','a','a','a','a','a','a','a','a','a','a','a','a','a','a','a','a','a','a','a','a','a','a','a','a','a','a','a','a','a','a','a','a','a','a','a','a','a','a','a','a','a','a','a','a','a','a','a','a','a','a','a','a','a','a','a','a','a','a','a','a','a','a','a','a','a','a','a','a','a','a','a','a','a','a','a','a','a','a','a','a','a','a','a','a','a','a','a','a','a','a','a','a','a','a','a','0'}
",,TIMEOUT,LIKELY_NT,false,,"You generate concrete values for nondeterministic inputs in a C/C++ program.
Your goal is to produce ONE complete assignment set that is likely to make the program terminate.

Important rules:
1. Return a value for EVERY listed nondeterministic input ID.
2. Use each ID exactly once.
3. Respect the declared C/C++ type.
4. For an array, return the value as an array containing exactly the required number of elements.
5. For char arrays, each element must be exactly one character. Return the character itself without C single quotes.
6. Prefer small-magnitude values unless larger values are necessary to achieve the requested execution behavior.

Nondeterministic inputs:
- id: main:buf:1, type: char, array: true, size: 100, required elements: 100

Previously generated assignment sets are listed below. Generate a materially different set and do not duplicate any of them.
Previous 1: main:buf:1={':',':','@','A','1','$','a','B','c','D','e','F','g','H','i','J','k','L','m','N','o','P','q','R','s','T','u','V','w','X','y','Z','0','1','2','3','4','5','6','7','8','9','!','?','-','_','+','%','^','&','*','/','`','{','}','[',']','|','~',' ','a','b','c','d','e','f','g','h','i','j','k','l','m','n','o','p','q','r','s','t','u','v','w','x','y','z','A','B','C','D','E','F','G','H','I','J','K','L','M','N'}; 
Previous 2: main:buf:1={'a','a','a','a','a','a','a','a','a','a','a','a','a','a','a','a','a','a','a','a','a','a','a','a','a','a','a','a','a','a','a','a','a','a','a','a','a','a','a','a','a','a','a','a','a','a','a','a','a','a','a','a','a','a','a','a','a','a','a','a','a','a','a','a','a','a','a','a','a','a','a','a','a','a','a','a','a','a','a','a','a','a','a','a','a','a','a','a','a','a','a','a','a','a','a','a','a','a','a','a'}; 
Previous 3: main:buf:1={'0','a','a','a','a','a','a','a','a','a','a','a','a','a','a','a','a','a','a','a','a','a','a','a','a','a','a','a','a','a','a','a','a','a','a','a','a','a','a','a','a','a','a','a','a','a','a','a','a','a','a','a','a','a','a','a','a','a','a','a','a','a','a','a','a','a','a','a','a','a','a','a','a','a','a','a','a','a','a','a','a','a','a','a','a','a','a','a','a','a','a','a','a','a','a','a','a','a','a','a'}; 
Previous 4: main:buf:1={'{','0',',','a','a','a','a','a','a','a','a','a','a','a','a','a','a','a','a','a','a','a','a','a','a','a','a','a','a','a','a','a','a','a','a','a','a','a','a','a','a','a','a','a','a','a','a','a','a','a','a','a','a','a','a','a','a','a','a','a','a','a','a','a','a','a','a','a','a','a','a','a','a','a','a','a','a','a','a','a','a','a','a','a','a','a','a','a','a','a','a','a','a','a','a','a','a','a','a','a'}; 
Previous 5: main:buf:1={'A','A','A','A','A','A','A','A','A','A','A','A','A','A','A','A','A','A','A','A','A','A','A','A','A','A','A','A','A','A','A','A','A','A','A','A','A','A','A','A','A','A','A','A','A','A','A','A','A','A','B','B','B','B','B','B','B','B','B','B','B','B','B','B','B','B','B','B','B','B','B','B','B','B','B','B','B','B','B','B','B','B','B','B','B','B','B','B','B','B','B','B','B','B','B','B','B','B','C','D'}; 
Previous 6: main:buf:1={'b','b','b','b','b','b','b','b','b','b','b','b','b','b','b','b','b','b','b','b','b','b','b','b','b','b','b','b','b','b','b','b','b','b','b','b','b','b','b','b','b','b','b','b','b','b','b','b','b','b','b','b','b','b','b','b','b','b','b','b','b','b','b','b','b','b','b','b','b','b','b','b','b','b','b','b','b','b','b','b','b','b','b','b','b','b','b','b','b','b','b','b','b','b','b','b','b','b','b','b'}; 
Previous 7: main:buf:1={'a','a','a','a','a','a','a','a','a','a','a','a','a','a','a','a','a','a','a','a','a','a','a','a','a','a','a','a','a','a','a','a','a','a','a','a','a','a','a','a','a','a','a','a','a','a','a','a','a','a','a','a','a','a','a','a','a','a','a','a','a','a','a','a','a','a','a','a','a','a','a','a','a','a','a','a','a','a','a','a','a','a','a','a','a','a','a','a','a','a','a','a','a','a','a','a','a','a','b','b'}; 
Previous 8: main:buf:1={'\'','\'','\'','\'','\'','\'','\'','\'','\'','\'','\'','\'','\'','\'','\'','\'','\'','\'','\'','\'','\'','\'','\'','\'','\'','\'','\'','\'','\'','\'','\'','\'','\'','\'','\'','\'','\'','\'','\'','\'','\'','\'','\'','\'','\'','\'','\'','\'','\'','\'','\'','\'','\'','\'','\'','\'','\'','\'','\'','\'','\'','\'','\'','\'','\'','\'','\'','\'','\'','\'','\'','\'','\'','\'','\'','\'','\'','\'','\'','\'','\'','\'','\'','\'','\'','\'','\'','\'','\'','\'','\'','\'','\'','\'','\'','\'','\'','\'','\'','\''}; 
Previous 9: main:buf:1={'A','A','A','A','A','A','A','A','A','A','A','A','A','A','A','A','A','A','A','A','A','A','A','A','A','A','A','A','A','A','A','A','A','A','A','A','A','A','A','A','A','A','A','A','A','A','A','A','A','A','A','A','A','A','A','A','A','A','A','A','A','A','A','A','A','A','A','A','A','A','A','A','A','A','A','A','A','A','A','A','A','A','A','A','A','A','A','A','A','A','A','A','A','A','A','A','A','A','A','A'}; 

Program:
extern char __VERIFIER_nondet_char(void);
/*
Commit Number: cea58cb6d8fe0d27bfcbab57776bd36d5c724ec3
URL: https://github.com/GNOME/evolution-data-server/commit/cea58cb6d8fe0d27bfcbab57776bd36d5c724ec3
Project Name: evolution-data-server
License: GPL2
termination: false


*/
int strcspn(const char *strSrc, const char *str)
{
    const char *s;
    const char *t = strSrc;
    while (*t != '\0')
    {
        s = str;
        while (*s != '\0')
        {
            if (*t == *s )
            return t-strSrc;
            ++s;
        }
        ++t;
    }
    return 0;
}
int main()
{
    char buf[100];
    for( int i = 0 ; i < 99 ; i++ )
        buf[i] = __VERIFIER_nondet_char();
    buf[99] = '\0';
    char *p = buf;
    while( *p )
    {
        int len = strcspn( p , ""\n"");
        p += len;
    }
    return 0;

}

"
13,T,"main:buf:1={'\'','\'','\'','\'','\'','\'','\'','\'','\'','\'','\'','\'','\'','\'','\'','\'','\'','\'','\'','\'','\'','\'','\'','\'','\'','\'','\'','\'','\'','\'','\'','\'','\'','\'','\'','\'','\'','\'','\'','\'','\'','\'','\'','\'','\'','\'','\'','\'','\'','\'','\'','\'','\'','\'','\'','\'','\'','\'','\'','\'','\'','\'','\'','\'','\'','\'','\'','\'','\'','\'','\'','\'','\'','\'','\'','\'','\'','\'','\'','\'','\'','\'','\'','\'','\'','\'','\'','\'','\'','\'','\'','\'','\'','\'','\'','\'','\'','\'','\'','\''}
",,DUPLICATE,,false,,"You generate concrete values for nondeterministic inputs in a C/C++ program.
Your goal is to produce ONE complete assignment set that is likely to make the program terminate.

Important rules:
1. Return a value for EVERY listed nondeterministic input ID.
2. Use each ID exactly once.
3. Respect the declared C/C++ type.
4. For an array, return the value as an array containing exactly the required number of elements.
5. For char arrays, each element must be exactly one character. Return the character itself without C single quotes.
6. Prefer small-magnitude values unless larger values are necessary to achieve the requested execution behavior.

Nondeterministic inputs:
- id: main:buf:1, type: char, array: true, size: 100, required elements: 100

Previously generated assignment sets are listed below. Generate a materially different set and do not duplicate any of them.
Previous 1: main:buf:1={':',':','@','A','1','$','a','B','c','D','e','F','g','H','i','J','k','L','m','N','o','P','q','R','s','T','u','V','w','X','y','Z','0','1','2','3','4','5','6','7','8','9','!','?','-','_','+','%','^','&','*','/','`','{','}','[',']','|','~',' ','a','b','c','d','e','f','g','h','i','j','k','l','m','n','o','p','q','r','s','t','u','v','w','x','y','z','A','B','C','D','E','F','G','H','I','J','K','L','M','N'}; 
Previous 2: main:buf:1={'a','a','a','a','a','a','a','a','a','a','a','a','a','a','a','a','a','a','a','a','a','a','a','a','a','a','a','a','a','a','a','a','a','a','a','a','a','a','a','a','a','a','a','a','a','a','a','a','a','a','a','a','a','a','a','a','a','a','a','a','a','a','a','a','a','a','a','a','a','a','a','a','a','a','a','a','a','a','a','a','a','a','a','a','a','a','a','a','a','a','a','a','a','a','a','a','a','a','a','a'}; 
Previous 3: main:buf:1={'0','a','a','a','a','a','a','a','a','a','a','a','a','a','a','a','a','a','a','a','a','a','a','a','a','a','a','a','a','a','a','a','a','a','a','a','a','a','a','a','a','a','a','a','a','a','a','a','a','a','a','a','a','a','a','a','a','a','a','a','a','a','a','a','a','a','a','a','a','a','a','a','a','a','a','a','a','a','a','a','a','a','a','a','a','a','a','a','a','a','a','a','a','a','a','a','a','a','a','a'}; 
Previous 4: main:buf:1={'{','0',',','a','a','a','a','a','a','a','a','a','a','a','a','a','a','a','a','a','a','a','a','a','a','a','a','a','a','a','a','a','a','a','a','a','a','a','a','a','a','a','a','a','a','a','a','a','a','a','a','a','a','a','a','a','a','a','a','a','a','a','a','a','a','a','a','a','a','a','a','a','a','a','a','a','a','a','a','a','a','a','a','a','a','a','a','a','a','a','a','a','a','a','a','a','a','a','a','a'}; 
Previous 5: main:buf:1={'A','A','A','A','A','A','A','A','A','A','A','A','A','A','A','A','A','A','A','A','A','A','A','A','A','A','A','A','A','A','A','A','A','A','A','A','A','A','A','A','A','A','A','A','A','A','A','A','A','A','B','B','B','B','B','B','B','B','B','B','B','B','B','B','B','B','B','B','B','B','B','B','B','B','B','B','B','B','B','B','B','B','B','B','B','B','B','B','B','B','B','B','B','B','B','B','B','B','C','D'}; 
Previous 6: main:buf:1={'b','b','b','b','b','b','b','b','b','b','b','b','b','b','b','b','b','b','b','b','b','b','b','b','b','b','b','b','b','b','b','b','b','b','b','b','b','b','b','b','b','b','b','b','b','b','b','b','b','b','b','b','b','b','b','b','b','b','b','b','b','b','b','b','b','b','b','b','b','b','b','b','b','b','b','b','b','b','b','b','b','b','b','b','b','b','b','b','b','b','b','b','b','b','b','b','b','b','b','b'}; 
Previous 7: main:buf:1={'a','a','a','a','a','a','a','a','a','a','a','a','a','a','a','a','a','a','a','a','a','a','a','a','a','a','a','a','a','a','a','a','a','a','a','a','a','a','a','a','a','a','a','a','a','a','a','a','a','a','a','a','a','a','a','a','a','a','a','a','a','a','a','a','a','a','a','a','a','a','a','a','a','a','a','a','a','a','a','a','a','a','a','a','a','a','a','a','a','a','a','a','a','a','a','a','a','a','b','b'}; 
Previous 8: main:buf:1={'\'','\'','\'','\'','\'','\'','\'','\'','\'','\'','\'','\'','\'','\'','\'','\'','\'','\'','\'','\'','\'','\'','\'','\'','\'','\'','\'','\'','\'','\'','\'','\'','\'','\'','\'','\'','\'','\'','\'','\'','\'','\'','\'','\'','\'','\'','\'','\'','\'','\'','\'','\'','\'','\'','\'','\'','\'','\'','\'','\'','\'','\'','\'','\'','\'','\'','\'','\'','\'','\'','\'','\'','\'','\'','\'','\'','\'','\'','\'','\'','\'','\'','\'','\'','\'','\'','\'','\'','\'','\'','\'','\'','\'','\'','\'','\'','\'','\'','\'','\''}; 
Previous 9: main:buf:1={'A','A','A','A','A','A','A','A','A','A','A','A','A','A','A','A','A','A','A','A','A','A','A','A','A','A','A','A','A','A','A','A','A','A','A','A','A','A','A','A','A','A','A','A','A','A','A','A','A','A','A','A','A','A','A','A','A','A','A','A','A','A','A','A','A','A','A','A','A','A','A','A','A','A','A','A','A','A','A','A','A','A','A','A','A','A','A','A','A','A','A','A','A','A','A','A','A','A','A','A'}; 
Previous 10: main:buf:1={'a','a','a','a','a','a','a','a','a','a','a','a','a','a','a','a','a','a','a','a','a','a','a','a','a','a','a','a','a','a','a','a','a','a','a','a','a','a','a','a','a','a','a','a','a','a','a','a','a','a','a','a','a','a','a','a','a','a','a','a','a','a','a','a','a','a','a','a','a','a','a','a','a','a','a','a','a','a','a','a','a','a','a','a','a','a','a','a','a','a','a','a','a','a','a','a','a','a','a','0'}; 

Program:
extern char __VERIFIER_nondet_char(void);
/*
Commit Number: cea58cb6d8fe0d27bfcbab57776bd36d5c724ec3
URL: https://github.com/GNOME/evolution-data-server/commit/cea58cb6d8fe0d27bfcbab57776bd36d5c724ec3
Project Name: evolution-data-server
License: GPL2
termination: false


*/
int strcspn(const char *strSrc, const char *str)
{
    const char *s;
    const char *t = strSrc;
    while (*t != '\0')
    {
        s = str;
        while (*s != '\0')
        {
            if (*t == *s )
            return t-strSrc;
            ++s;
        }
        ++t;
    }
    return 0;
}
int main()
{
    char buf[100];
    for( int i = 0 ; i < 99 ; i++ )
        buf[i] = __VERIFIER_nondet_char();
    buf[99] = '\0';
    char *p = buf;
    while( *p )
    {
        int len = strcspn( p , ""\n"");
        p += len;
    }
    return 0;

}

"
14,T,"main:buf:1={'/','*','!','@','#','$','%','^','&','*','-','+','=','_','|','{','}',':',';','?','/','[',']',';','\'','`','~','1','2','3','4','5','6','7','8','9','0','a','b','c','d','e','f','g','h','i','j','k','l','m','n','o','p','q','r','s','t','u','v','w','x','y','z','A','B','C','D','E','F','G','H','I','J','K','L','M','N','O','P','Q','R','S','T','U','V','W','X','Y','Z','!','?','!','?','!','?','!','?','!','?','!'}
",,TIMEOUT,LIKELY_NT,false,,"You generate concrete values for nondeterministic inputs in a C/C++ program.
Your goal is to produce ONE complete assignment set that is likely to make the program terminate.

Important rules:
1. Return a value for EVERY listed nondeterministic input ID.
2. Use each ID exactly once.
3. Respect the declared C/C++ type.
4. For an array, return the value as an array containing exactly the required number of elements.
5. For char arrays, each element must be exactly one character. Return the character itself without C single quotes.
6. Prefer small-magnitude values unless larger values are necessary to achieve the requested execution behavior.

Nondeterministic inputs:
- id: main:buf:1, type: char, array: true, size: 100, required elements: 100

Previously generated assignment sets are listed below. Generate a materially different set and do not duplicate any of them.
Previous 1: main:buf:1={':',':','@','A','1','$','a','B','c','D','e','F','g','H','i','J','k','L','m','N','o','P','q','R','s','T','u','V','w','X','y','Z','0','1','2','3','4','5','6','7','8','9','!','?','-','_','+','%','^','&','*','/','`','{','}','[',']','|','~',' ','a','b','c','d','e','f','g','h','i','j','k','l','m','n','o','p','q','r','s','t','u','v','w','x','y','z','A','B','C','D','E','F','G','H','I','J','K','L','M','N'}; 
Previous 2: main:buf:1={'a','a','a','a','a','a','a','a','a','a','a','a','a','a','a','a','a','a','a','a','a','a','a','a','a','a','a','a','a','a','a','a','a','a','a','a','a','a','a','a','a','a','a','a','a','a','a','a','a','a','a','a','a','a','a','a','a','a','a','a','a','a','a','a','a','a','a','a','a','a','a','a','a','a','a','a','a','a','a','a','a','a','a','a','a','a','a','a','a','a','a','a','a','a','a','a','a','a','a','a'}; 
Previous 3: main:buf:1={'0','a','a','a','a','a','a','a','a','a','a','a','a','a','a','a','a','a','a','a','a','a','a','a','a','a','a','a','a','a','a','a','a','a','a','a','a','a','a','a','a','a','a','a','a','a','a','a','a','a','a','a','a','a','a','a','a','a','a','a','a','a','a','a','a','a','a','a','a','a','a','a','a','a','a','a','a','a','a','a','a','a','a','a','a','a','a','a','a','a','a','a','a','a','a','a','a','a','a','a'}; 
Previous 4: main:buf:1={'{','0',',','a','a','a','a','a','a','a','a','a','a','a','a','a','a','a','a','a','a','a','a','a','a','a','a','a','a','a','a','a','a','a','a','a','a','a','a','a','a','a','a','a','a','a','a','a','a','a','a','a','a','a','a','a','a','a','a','a','a','a','a','a','a','a','a','a','a','a','a','a','a','a','a','a','a','a','a','a','a','a','a','a','a','a','a','a','a','a','a','a','a','a','a','a','a','a','a','a'}; 
Previous 5: main:buf:1={'A','A','A','A','A','A','A','A','A','A','A','A','A','A','A','A','A','A','A','A','A','A','A','A','A','A','A','A','A','A','A','A','A','A','A','A','A','A','A','A','A','A','A','A','A','A','A','A','A','A','B','B','B','B','B','B','B','B','B','B','B','B','B','B','B','B','B','B','B','B','B','B','B','B','B','B','B','B','B','B','B','B','B','B','B','B','B','B','B','B','B','B','B','B','B','B','B','B','C','D'}; 
Previous 6: main:buf:1={'b','b','b','b','b','b','b','b','b','b','b','b','b','b','b','b','b','b','b','b','b','b','b','b','b','b','b','b','b','b','b','b','b','b','b','b','b','b','b','b','b','b','b','b','b','b','b','b','b','b','b','b','b','b','b','b','b','b','b','b','b','b','b','b','b','b','b','b','b','b','b','b','b','b','b','b','b','b','b','b','b','b','b','b','b','b','b','b','b','b','b','b','b','b','b','b','b','b','b','b'}; 
Previous 7: main:buf:1={'a','a','a','a','a','a','a','a','a','a','a','a','a','a','a','a','a','a','a','a','a','a','a','a','a','a','a','a','a','a','a','a','a','a','a','a','a','a','a','a','a','a','a','a','a','a','a','a','a','a','a','a','a','a','a','a','a','a','a','a','a','a','a','a','a','a','a','a','a','a','a','a','a','a','a','a','a','a','a','a','a','a','a','a','a','a','a','a','a','a','a','a','a','a','a','a','a','a','b','b'}; 
Previous 8: main:buf:1={'\'','\'','\'','\'','\'','\'','\'','\'','\'','\'','\'','\'','\'','\'','\'','\'','\'','\'','\'','\'','\'','\'','\'','\'','\'','\'','\'','\'','\'','\'','\'','\'','\'','\'','\'','\'','\'','\'','\'','\'','\'','\'','\'','\'','\'','\'','\'','\'','\'','\'','\'','\'','\'','\'','\'','\'','\'','\'','\'','\'','\'','\'','\'','\'','\'','\'','\'','\'','\'','\'','\'','\'','\'','\'','\'','\'','\'','\'','\'','\'','\'','\'','\'','\'','\'','\'','\'','\'','\'','\'','\'','\'','\'','\'','\'','\'','\'','\'','\'','\''}; 
Previous 9: main:buf:1={'A','A','A','A','A','A','A','A','A','A','A','A','A','A','A','A','A','A','A','A','A','A','A','A','A','A','A','A','A','A','A','A','A','A','A','A','A','A','A','A','A','A','A','A','A','A','A','A','A','A','A','A','A','A','A','A','A','A','A','A','A','A','A','A','A','A','A','A','A','A','A','A','A','A','A','A','A','A','A','A','A','A','A','A','A','A','A','A','A','A','A','A','A','A','A','A','A','A','A','A'}; 
Previous 10: main:buf:1={'a','a','a','a','a','a','a','a','a','a','a','a','a','a','a','a','a','a','a','a','a','a','a','a','a','a','a','a','a','a','a','a','a','a','a','a','a','a','a','a','a','a','a','a','a','a','a','a','a','a','a','a','a','a','a','a','a','a','a','a','a','a','a','a','a','a','a','a','a','a','a','a','a','a','a','a','a','a','a','a','a','a','a','a','a','a','a','a','a','a','a','a','a','a','a','a','a','a','a','0'}; 

Program:
extern char __VERIFIER_nondet_char(void);
/*
Commit Number: cea58cb6d8fe0d27bfcbab57776bd36d5c724ec3
URL: https://github.com/GNOME/evolution-data-server/commit/cea58cb6d8fe0d27bfcbab57776bd36d5c724ec3
Project Name: evolution-data-server
License: GPL2
termination: false


*/
int strcspn(const char *strSrc, const char *str)
{
    const char *s;
    const char *t = strSrc;
    while (*t != '\0')
    {
        s = str;
        while (*s != '\0')
        {
            if (*t == *s )
            return t-strSrc;
            ++s;
        }
        ++t;
    }
    return 0;
}
int main()
{
    char buf[100];
    for( int i = 0 ; i < 99 ; i++ )
        buf[i] = __VERIFIER_nondet_char();
    buf[99] = '\0';
    char *p = buf;
    while( *p )
    {
        int len = strcspn( p , ""\n"");
        p += len;
    }
    return 0;

}

"
15,T,"main:buf:1={'c','c','c','c','c','c','c','c','c','c','c','c','c','c','c','c','c','c','c','c','c','c','c','c','c','c','c','c','c','c','c','c','c','c','c','c','c','c','c','c','c','c','c','c','c','c','c','c','c','c','c','c','c','c','c','c','c','c','c','c','c','c','c','c','c','c','c','c','c','c','c','c','c','c','c','c','c','c','c','c','c','c','c','c','c','c','c','c','c','c','c','c','c','c','c','c','c','c','c','d'}
",,TIMEOUT,LIKELY_NT,false,,"You generate concrete values for nondeterministic inputs in a C/C++ program.
Your goal is to produce ONE complete assignment set that is likely to make the program terminate.

Important rules:
1. Return a value for EVERY listed nondeterministic input ID.
2. Use each ID exactly once.
3. Respect the declared C/C++ type.
4. For an array, return the value as an array containing exactly the required number of elements.
5. For char arrays, each element must be exactly one character. Return the character itself without C single quotes.
6. Prefer small-magnitude values unless larger values are necessary to achieve the requested execution behavior.

Nondeterministic inputs:
- id: main:buf:1, type: char, array: true, size: 100, required elements: 100

Previously generated assignment sets are listed below. Generate a materially different set and do not duplicate any of them.
Previous 1: main:buf:1={':',':','@','A','1','$','a','B','c','D','e','F','g','H','i','J','k','L','m','N','o','P','q','R','s','T','u','V','w','X','y','Z','0','1','2','3','4','5','6','7','8','9','!','?','-','_','+','%','^','&','*','/','`','{','}','[',']','|','~',' ','a','b','c','d','e','f','g','h','i','j','k','l','m','n','o','p','q','r','s','t','u','v','w','x','y','z','A','B','C','D','E','F','G','H','I','J','K','L','M','N'}; 
Previous 2: main:buf:1={'a','a','a','a','a','a','a','a','a','a','a','a','a','a','a','a','a','a','a','a','a','a','a','a','a','a','a','a','a','a','a','a','a','a','a','a','a','a','a','a','a','a','a','a','a','a','a','a','a','a','a','a','a','a','a','a','a','a','a','a','a','a','a','a','a','a','a','a','a','a','a','a','a','a','a','a','a','a','a','a','a','a','a','a','a','a','a','a','a','a','a','a','a','a','a','a','a','a','a','a'}; 
Previous 3: main:buf:1={'0','a','a','a','a','a','a','a','a','a','a','a','a','a','a','a','a','a','a','a','a','a','a','a','a','a','a','a','a','a','a','a','a','a','a','a','a','a','a','a','a','a','a','a','a','a','a','a','a','a','a','a','a','a','a','a','a','a','a','a','a','a','a','a','a','a','a','a','a','a','a','a','a','a','a','a','a','a','a','a','a','a','a','a','a','a','a','a','a','a','a','a','a','a','a','a','a','a','a','a'}; 
Previous 4: main:buf:1={'{','0',',','a','a','a','a','a','a','a','a','a','a','a','a','a','a','a','a','a','a','a','a','a','a','a','a','a','a','a','a','a','a','a','a','a','a','a','a','a','a','a','a','a','a','a','a','a','a','a','a','a','a','a','a','a','a','a','a','a','a','a','a','a','a','a','a','a','a','a','a','a','a','a','a','a','a','a','a','a','a','a','a','a','a','a','a','a','a','a','a','a','a','a','a','a','a','a','a','a'}; 
Previous 5: main:buf:1={'A','A','A','A','A','A','A','A','A','A','A','A','A','A','A','A','A','A','A','A','A','A','A','A','A','A','A','A','A','A','A','A','A','A','A','A','A','A','A','A','A','A','A','A','A','A','A','A','A','A','B','B','B','B','B','B','B','B','B','B','B','B','B','B','B','B','B','B','B','B','B','B','B','B','B','B','B','B','B','B','B','B','B','B','B','B','B','B','B','B','B','B','B','B','B','B','B','B','C','D'}; 
Previous 6: main:buf:1={'b','b','b','b','b','b','b','b','b','b','b','b','b','b','b','b','b','b','b','b','b','b','b','b','b','b','b','b','b','b','b','b','b','b','b','b','b','b','b','b','b','b','b','b','b','b','b','b','b','b','b','b','b','b','b','b','b','b','b','b','b','b','b','b','b','b','b','b','b','b','b','b','b','b','b','b','b','b','b','b','b','b','b','b','b','b','b','b','b','b','b','b','b','b','b','b','b','b','b','b'}; 
Previous 7: main:buf:1={'a','a','a','a','a','a','a','a','a','a','a','a','a','a','a','a','a','a','a','a','a','a','a','a','a','a','a','a','a','a','a','a','a','a','a','a','a','a','a','a','a','a','a','a','a','a','a','a','a','a','a','a','a','a','a','a','a','a','a','a','a','a','a','a','a','a','a','a','a','a','a','a','a','a','a','a','a','a','a','a','a','a','a','a','a','a','a','a','a','a','a','a','a','a','a','a','a','a','b','b'}; 
Previous 8: main:buf:1={'\'','\'','\'','\'','\'','\'','\'','\'','\'','\'','\'','\'','\'','\'','\'','\'','\'','\'','\'','\'','\'','\'','\'','\'','\'','\'','\'','\'','\'','\'','\'','\'','\'','\'','\'','\'','\'','\'','\'','\'','\'','\'','\'','\'','\'','\'','\'','\'','\'','\'','\'','\'','\'','\'','\'','\'','\'','\'','\'','\'','\'','\'','\'','\'','\'','\'','\'','\'','\'','\'','\'','\'','\'','\'','\'','\'','\'','\'','\'','\'','\'','\'','\'','\'','\'','\'','\'','\'','\'','\'','\'','\'','\'','\'','\'','\'','\'','\'','\'','\''}; 
Previous 9: main:buf:1={'A','A','A','A','A','A','A','A','A','A','A','A','A','A','A','A','A','A','A','A','A','A','A','A','A','A','A','A','A','A','A','A','A','A','A','A','A','A','A','A','A','A','A','A','A','A','A','A','A','A','A','A','A','A','A','A','A','A','A','A','A','A','A','A','A','A','A','A','A','A','A','A','A','A','A','A','A','A','A','A','A','A','A','A','A','A','A','A','A','A','A','A','A','A','A','A','A','A','A','A'}; 
Previous 10: main:buf:1={'a','a','a','a','a','a','a','a','a','a','a','a','a','a','a','a','a','a','a','a','a','a','a','a','a','a','a','a','a','a','a','a','a','a','a','a','a','a','a','a','a','a','a','a','a','a','a','a','a','a','a','a','a','a','a','a','a','a','a','a','a','a','a','a','a','a','a','a','a','a','a','a','a','a','a','a','a','a','a','a','a','a','a','a','a','a','a','a','a','a','a','a','a','a','a','a','a','a','a','0'}; 
Previous 11: main:buf:1={'/','*','!','@','#','$','%','^','&','*','-','+','=','_','|','{','}',':',';','?','/','[',']',';','\'','`','~','1','2','3','4','5','6','7','8','9','0','a','b','c','d','e','f','g','h','i','j','k','l','m','n','o','p','q','r','s','t','u','v','w','x','y','z','A','B','C','D','E','F','G','H','I','J','K','L','M','N','O','P','Q','R','S','T','U','V','W','X','Y','Z','!','?','!','?','!','?','!','?','!','?','!'}; 

Program:
extern char __VERIFIER_nondet_char(void);
/*
Commit Number: cea58cb6d8fe0d27bfcbab57776bd36d5c724ec3
URL: https://github.com/GNOME/evolution-data-server/commit/cea58cb6d8fe0d27bfcbab57776bd36d5c724ec3
Project Name: evolution-data-server
License: GPL2
termination: false


*/
int strcspn(const char *strSrc, const char *str)
{
    const char *s;
    const char *t = strSrc;
    while (*t != '\0')
    {
        s = str;
        while (*s != '\0')
        {
            if (*t == *s )
            return t-strSrc;
            ++s;
        }
        ++t;
    }
    return 0;
}
int main()
{
    char buf[100];
    for( int i = 0 ; i < 99 ; i++ )
        buf[i] = __VERIFIER_nondet_char();
    buf[99] = '\0';
    char *p = buf;
    while( *p )
    {
        int len = strcspn( p , ""\n"");
        p += len;
    }
    return 0;

}

"
16,T,"main:buf:1={'0','0','0','0','0','0','0','0','0','0','0','0','0','0','0','0','0','0','0','0','0','0','0','0','0','0','0','0','0','0','0','0','0','0','0','0','0','0','0','0','0','0','0','0','0','0','0','0','0','0','0','0','0','0','0','0','0','0','0','0','0','0','0','0','0','0','0','0','0','0','0','0','0','0','0','0','0','0','0','0','0','0','0','0','0','0','0','0','0','0','0','0','0','0','0','0','0','0','0','0'}
",,TIMEOUT,LIKELY_NT,false,,"You generate concrete values for nondeterministic inputs in a C/C++ program.
Your goal is to produce ONE complete assignment set that is likely to make the program terminate.

Important rules:
1. Return a value for EVERY listed nondeterministic input ID.
2. Use each ID exactly once.
3. Respect the declared C/C++ type.
4. For an array, return the value as an array containing exactly the required number of elements.
5. For char arrays, each element must be exactly one character. Return the character itself without C single quotes.
6. Prefer small-magnitude values unless larger values are necessary to achieve the requested execution behavior.

Nondeterministic inputs:
- id: main:buf:1, type: char, array: true, size: 100, required elements: 100

Previously generated assignment sets are listed below. Generate a materially different set and do not duplicate any of them.
Previous 1: main:buf:1={':',':','@','A','1','$','a','B','c','D','e','F','g','H','i','J','k','L','m','N','o','P','q','R','s','T','u','V','w','X','y','Z','0','1','2','3','4','5','6','7','8','9','!','?','-','_','+','%','^','&','*','/','`','{','}','[',']','|','~',' ','a','b','c','d','e','f','g','h','i','j','k','l','m','n','o','p','q','r','s','t','u','v','w','x','y','z','A','B','C','D','E','F','G','H','I','J','K','L','M','N'}; 
Previous 2: main:buf:1={'a','a','a','a','a','a','a','a','a','a','a','a','a','a','a','a','a','a','a','a','a','a','a','a','a','a','a','a','a','a','a','a','a','a','a','a','a','a','a','a','a','a','a','a','a','a','a','a','a','a','a','a','a','a','a','a','a','a','a','a','a','a','a','a','a','a','a','a','a','a','a','a','a','a','a','a','a','a','a','a','a','a','a','a','a','a','a','a','a','a','a','a','a','a','a','a','a','a','a','a'}; 
Previous 3: main:buf:1={'0','a','a','a','a','a','a','a','a','a','a','a','a','a','a','a','a','a','a','a','a','a','a','a','a','a','a','a','a','a','a','a','a','a','a','a','a','a','a','a','a','a','a','a','a','a','a','a','a','a','a','a','a','a','a','a','a','a','a','a','a','a','a','a','a','a','a','a','a','a','a','a','a','a','a','a','a','a','a','a','a','a','a','a','a','a','a','a','a','a','a','a','a','a','a','a','a','a','a','a'}; 
Previous 4: main:buf:1={'{','0',',','a','a','a','a','a','a','a','a','a','a','a','a','a','a','a','a','a','a','a','a','a','a','a','a','a','a','a','a','a','a','a','a','a','a','a','a','a','a','a','a','a','a','a','a','a','a','a','a','a','a','a','a','a','a','a','a','a','a','a','a','a','a','a','a','a','a','a','a','a','a','a','a','a','a','a','a','a','a','a','a','a','a','a','a','a','a','a','a','a','a','a','a','a','a','a','a','a'}; 
Previous 5: main:buf:1={'A','A','A','A','A','A','A','A','A','A','A','A','A','A','A','A','A','A','A','A','A','A','A','A','A','A','A','A','A','A','A','A','A','A','A','A','A','A','A','A','A','A','A','A','A','A','A','A','A','A','B','B','B','B','B','B','B','B','B','B','B','B','B','B','B','B','B','B','B','B','B','B','B','B','B','B','B','B','B','B','B','B','B','B','B','B','B','B','B','B','B','B','B','B','B','B','B','B','C','D'}; 
Previous 6: main:buf:1={'b','b','b','b','b','b','b','b','b','b','b','b','b','b','b','b','b','b','b','b','b','b','b','b','b','b','b','b','b','b','b','b','b','b','b','b','b','b','b','b','b','b','b','b','b','b','b','b','b','b','b','b','b','b','b','b','b','b','b','b','b','b','b','b','b','b','b','b','b','b','b','b','b','b','b','b','b','b','b','b','b','b','b','b','b','b','b','b','b','b','b','b','b','b','b','b','b','b','b','b'}; 
Previous 7: main:buf:1={'a','a','a','a','a','a','a','a','a','a','a','a','a','a','a','a','a','a','a','a','a','a','a','a','a','a','a','a','a','a','a','a','a','a','a','a','a','a','a','a','a','a','a','a','a','a','a','a','a','a','a','a','a','a','a','a','a','a','a','a','a','a','a','a','a','a','a','a','a','a','a','a','a','a','a','a','a','a','a','a','a','a','a','a','a','a','a','a','a','a','a','a','a','a','a','a','a','a','b','b'}; 
Previous 8: main:buf:1={'\'','\'','\'','\'','\'','\'','\'','\'','\'','\'','\'','\'','\'','\'','\'','\'','\'','\'','\'','\'','\'','\'','\'','\'','\'','\'','\'','\'','\'','\'','\'','\'','\'','\'','\'','\'','\'','\'','\'','\'','\'','\'','\'','\'','\'','\'','\'','\'','\'','\'','\'','\'','\'','\'','\'','\'','\'','\'','\'','\'','\'','\'','\'','\'','\'','\'','\'','\'','\'','\'','\'','\'','\'','\'','\'','\'','\'','\'','\'','\'','\'','\'','\'','\'','\'','\'','\'','\'','\'','\'','\'','\'','\'','\'','\'','\'','\'','\'','\'','\''}; 
Previous 9: main:buf:1={'A','A','A','A','A','A','A','A','A','A','A','A','A','A','A','A','A','A','A','A','A','A','A','A','A','A','A','A','A','A','A','A','A','A','A','A','A','A','A','A','A','A','A','A','A','A','A','A','A','A','A','A','A','A','A','A','A','A','A','A','A','A','A','A','A','A','A','A','A','A','A','A','A','A','A','A','A','A','A','A','A','A','A','A','A','A','A','A','A','A','A','A','A','A','A','A','A','A','A','A'}; 
Previous 10: main:buf:1={'a','a','a','a','a','a','a','a','a','a','a','a','a','a','a','a','a','a','a','a','a','a','a','a','a','a','a','a','a','a','a','a','a','a','a','a','a','a','a','a','a','a','a','a','a','a','a','a','a','a','a','a','a','a','a','a','a','a','a','a','a','a','a','a','a','a','a','a','a','a','a','a','a','a','a','a','a','a','a','a','a','a','a','a','a','a','a','a','a','a','a','a','a','a','a','a','a','a','a','0'}; 
Previous 11: main:buf:1={'/','*','!','@','#','$','%','^','&','*','-','+','=','_','|','{','}',':',';','?','/','[',']',';','\'','`','~','1','2','3','4','5','6','7','8','9','0','a','b','c','d','e','f','g','h','i','j','k','l','m','n','o','p','q','r','s','t','u','v','w','x','y','z','A','B','C','D','E','F','G','H','I','J','K','L','M','N','O','P','Q','R','S','T','U','V','W','X','Y','Z','!','?','!','?','!','?','!','?','!','?','!'}; 
Previous 12: main:buf:1={'c','c','c','c','c','c','c','c','c','c','c','c','c','c','c','c','c','c','c','c','c','c','c','c','c','c','c','c','c','c','c','c','c','c','c','c','c','c','c','c','c','c','c','c','c','c','c','c','c','c','c','c','c','c','c','c','c','c','c','c','c','c','c','c','c','c','c','c','c','c','c','c','c','c','c','c','c','c','c','c','c','c','c','c','c','c','c','c','c','c','c','c','c','c','c','c','c','c','c','d'}; 

Program:
extern char __VERIFIER_nondet_char(void);
/*
Commit Number: cea58cb6d8fe0d27bfcbab57776bd36d5c724ec3
URL: https://github.com/GNOME/evolution-data-server/commit/cea58cb6d8fe0d27bfcbab57776bd36d5c724ec3
Project Name: evolution-data-server
License: GPL2
termination: false


*/
int strcspn(const char *strSrc, const char *str)
{
    const char *s;
    const char *t = strSrc;
    while (*t != '\0')
    {
        s = str;
        while (*s != '\0')
        {
            if (*t == *s )
            return t-strSrc;
            ++s;
        }
        ++t;
    }
    return 0;
}
int main()
{
    char buf[100];
    for( int i = 0 ; i < 99 ; i++ )
        buf[i] = __VERIFIER_nondet_char();
    buf[99] = '\0';
    char *p = buf;
    while( *p )
    {
        int len = strcspn( p , ""\n"");
        p += len;
    }
    return 0;

}

"
17,T,"main:buf:1={'x','y','x','y','x','y','x','y','x','y','x','y','x','y','x','y','x','y','x','y','x','y','x','y','x','y','x','y','x','y','x','y','x','y','x','y','x','y','x','y','x','y','x','y','x','y','x','y','x','y','x','y','x','y','x','y','x','y','x','y','x','y','x','y','x','y','x','y','x','y','x','y','x','y','x','y','x','y','x','y','x','y','x','y','x','y','x','y','x','y','x','y','x','y','x','y','x','y','x','y'}
",,TIMEOUT,LIKELY_NT,false,,"You generate concrete values for nondeterministic inputs in a C/C++ program.
Your goal is to produce ONE complete assignment set that is likely to make the program terminate.

Important rules:
1. Return a value for EVERY listed nondeterministic input ID.
2. Use each ID exactly once.
3. Respect the declared C/C++ type.
4. For an array, return the value as an array containing exactly the required number of elements.
5. For char arrays, each element must be exactly one character. Return the character itself without C single quotes.
6. Prefer small-magnitude values unless larger values are necessary to achieve the requested execution behavior.

Nondeterministic inputs:
- id: main:buf:1, type: char, array: true, size: 100, required elements: 100

Previously generated assignment sets are listed below. Generate a materially different set and do not duplicate any of them.
Previous 1: main:buf:1={':',':','@','A','1','$','a','B','c','D','e','F','g','H','i','J','k','L','m','N','o','P','q','R','s','T','u','V','w','X','y','Z','0','1','2','3','4','5','6','7','8','9','!','?','-','_','+','%','^','&','*','/','`','{','}','[',']','|','~',' ','a','b','c','d','e','f','g','h','i','j','k','l','m','n','o','p','q','r','s','t','u','v','w','x','y','z','A','B','C','D','E','F','G','H','I','J','K','L','M','N'}; 
Previous 2: main:buf:1={'a','a','a','a','a','a','a','a','a','a','a','a','a','a','a','a','a','a','a','a','a','a','a','a','a','a','a','a','a','a','a','a','a','a','a','a','a','a','a','a','a','a','a','a','a','a','a','a','a','a','a','a','a','a','a','a','a','a','a','a','a','a','a','a','a','a','a','a','a','a','a','a','a','a','a','a','a','a','a','a','a','a','a','a','a','a','a','a','a','a','a','a','a','a','a','a','a','a','a','a'}; 
Previous 3: main:buf:1={'0','a','a','a','a','a','a','a','a','a','a','a','a','a','a','a','a','a','a','a','a','a','a','a','a','a','a','a','a','a','a','a','a','a','a','a','a','a','a','a','a','a','a','a','a','a','a','a','a','a','a','a','a','a','a','a','a','a','a','a','a','a','a','a','a','a','a','a','a','a','a','a','a','a','a','a','a','a','a','a','a','a','a','a','a','a','a','a','a','a','a','a','a','a','a','a','a','a','a','a'}; 
Previous 4: main:buf:1={'{','0',',','a','a','a','a','a','a','a','a','a','a','a','a','a','a','a','a','a','a','a','a','a','a','a','a','a','a','a','a','a','a','a','a','a','a','a','a','a','a','a','a','a','a','a','a','a','a','a','a','a','a','a','a','a','a','a','a','a','a','a','a','a','a','a','a','a','a','a','a','a','a','a','a','a','a','a','a','a','a','a','a','a','a','a','a','a','a','a','a','a','a','a','a','a','a','a','a','a'}; 
Previous 5: main:buf:1={'A','A','A','A','A','A','A','A','A','A','A','A','A','A','A','A','A','A','A','A','A','A','A','A','A','A','A','A','A','A','A','A','A','A','A','A','A','A','A','A','A','A','A','A','A','A','A','A','A','A','B','B','B','B','B','B','B','B','B','B','B','B','B','B','B','B','B','B','B','B','B','B','B','B','B','B','B','B','B','B','B','B','B','B','B','B','B','B','B','B','B','B','B','B','B','B','B','B','C','D'}; 
Previous 6: main:buf:1={'b','b','b','b','b','b','b','b','b','b','b','b','b','b','b','b','b','b','b','b','b','b','b','b','b','b','b','b','b','b','b','b','b','b','b','b','b','b','b','b','b','b','b','b','b','b','b','b','b','b','b','b','b','b','b','b','b','b','b','b','b','b','b','b','b','b','b','b','b','b','b','b','b','b','b','b','b','b','b','b','b','b','b','b','b','b','b','b','b','b','b','b','b','b','b','b','b','b','b','b'}; 
Previous 7: main:buf:1={'a','a','a','a','a','a','a','a','a','a','a','a','a','a','a','a','a','a','a','a','a','a','a','a','a','a','a','a','a','a','a','a','a','a','a','a','a','a','a','a','a','a','a','a','a','a','a','a','a','a','a','a','a','a','a','a','a','a','a','a','a','a','a','a','a','a','a','a','a','a','a','a','a','a','a','a','a','a','a','a','a','a','a','a','a','a','a','a','a','a','a','a','a','a','a','a','a','a','b','b'}; 
Previous 8: main:buf:1={'\'','\'','\'','\'','\'','\'','\'','\'','\'','\'','\'','\'','\'','\'','\'','\'','\'','\'','\'','\'','\'','\'','\'','\'','\'','\'','\'','\'','\'','\'','\'','\'','\'','\'','\'','\'','\'','\'','\'','\'','\'','\'','\'','\'','\'','\'','\'','\'','\'','\'','\'','\'','\'','\'','\'','\'','\'','\'','\'','\'','\'','\'','\'','\'','\'','\'','\'','\'','\'','\'','\'','\'','\'','\'','\'','\'','\'','\'','\'','\'','\'','\'','\'','\'','\'','\'','\'','\'','\'','\'','\'','\'','\'','\'','\'','\'','\'','\'','\'','\''}; 
Previous 9: main:buf:1={'A','A','A','A','A','A','A','A','A','A','A','A','A','A','A','A','A','A','A','A','A','A','A','A','A','A','A','A','A','A','A','A','A','A','A','A','A','A','A','A','A','A','A','A','A','A','A','A','A','A','A','A','A','A','A','A','A','A','A','A','A','A','A','A','A','A','A','A','A','A','A','A','A','A','A','A','A','A','A','A','A','A','A','A','A','A','A','A','A','A','A','A','A','A','A','A','A','A','A','A'}; 
Previous 10: main:buf:1={'a','a','a','a','a','a','a','a','a','a','a','a','a','a','a','a','a','a','a','a','a','a','a','a','a','a','a','a','a','a','a','a','a','a','a','a','a','a','a','a','a','a','a','a','a','a','a','a','a','a','a','a','a','a','a','a','a','a','a','a','a','a','a','a','a','a','a','a','a','a','a','a','a','a','a','a','a','a','a','a','a','a','a','a','a','a','a','a','a','a','a','a','a','a','a','a','a','a','a','0'}; 
Previous 11: main:buf:1={'/','*','!','@','#','$','%','^','&','*','-','+','=','_','|','{','}',':',';','?','/','[',']',';','\'','`','~','1','2','3','4','5','6','7','8','9','0','a','b','c','d','e','f','g','h','i','j','k','l','m','n','o','p','q','r','s','t','u','v','w','x','y','z','A','B','C','D','E','F','G','H','I','J','K','L','M','N','O','P','Q','R','S','T','U','V','W','X','Y','Z','!','?','!','?','!','?','!','?','!','?','!'}; 
Previous 12: main:buf:1={'c','c','c','c','c','c','c','c','c','c','c','c','c','c','c','c','c','c','c','c','c','c','c','c','c','c','c','c','c','c','c','c','c','c','c','c','c','c','c','c','c','c','c','c','c','c','c','c','c','c','c','c','c','c','c','c','c','c','c','c','c','c','c','c','c','c','c','c','c','c','c','c','c','c','c','c','c','c','c','c','c','c','c','c','c','c','c','c','c','c','c','c','c','c','c','c','c','c','c','d'}; 
Previous 13: main:buf:1={'0','0','0','0','0','0','0','0','0','0','0','0','0','0','0','0','0','0','0','0','0','0','0','0','0','0','0','0','0','0','0','0','0','0','0','0','0','0','0','0','0','0','0','0','0','0','0','0','0','0','0','0','0','0','0','0','0','0','0','0','0','0','0','0','0','0','0','0','0','0','0','0','0','0','0','0','0','0','0','0','0','0','0','0','0','0','0','0','0','0','0','0','0','0','0','0','0','0','0','0'}; 

Program:
extern char __VERIFIER_nondet_char(void);
/*
Commit Number: cea58cb6d8fe0d27bfcbab57776bd36d5c724ec3
URL: https://github.com/GNOME/evolution-data-server/commit/cea58cb6d8fe0d27bfcbab57776bd36d5c724ec3
Project Name: evolution-data-server
License: GPL2
termination: false


*/
int strcspn(const char *strSrc, const char *str)
{
    const char *s;
    const char *t = strSrc;
    while (*t != '\0')
    {
        s = str;
        while (*s != '\0')
        {
            if (*t == *s )
            return t-strSrc;
            ++s;
        }
        ++t;
    }
    return 0;
}
int main()
{
    char buf[100];
    for( int i = 0 ; i < 99 ; i++ )
        buf[i] = __VERIFIER_nondet_char();
    buf[99] = '\0';
    char *p = buf;
    while( *p )
    {
        int len = strcspn( p , ""\n"");
        p += len;
    }
    return 0;

}

"
18,T,"main:buf:1={'a','a','a','a','a','a','a','a','a','a','a','a','a','a','a','a','a','a','a','a','a','a','a','a','a','a','a','a','a','a','a','a','a','a','a','a','a','a','a','a','a','a','a','a','a','a','a','a','a','a','a','a','a','a','a','a','a','a','a','a','a','a','a','a','a','a','a','a','a','a','a','a','a','a','a','a','a','a','a','a','a','a','a','a','a','a','a','a','a','a','a','a','a','a','a','a','a','a','a','a'}
",,DUPLICATE,,false,,"You generate concrete values for nondeterministic inputs in a C/C++ program.
Your goal is to produce ONE complete assignment set that is likely to make the program terminate.

Important rules:
1. Return a value for EVERY listed nondeterministic input ID.
2. Use each ID exactly once.
3. Respect the declared C/C++ type.
4. For an array, return the value as an array containing exactly the required number of elements.
5. For char arrays, each element must be exactly one character. Return the character itself without C single quotes.
6. Prefer small-magnitude values unless larger values are necessary to achieve the requested execution behavior.

Nondeterministic inputs:
- id: main:buf:1, type: char, array: true, size: 100, required elements: 100

Previously generated assignment sets are listed below. Generate a materially different set and do not duplicate any of them.
Previous 1: main:buf:1={':',':','@','A','1','$','a','B','c','D','e','F','g','H','i','J','k','L','m','N','o','P','q','R','s','T','u','V','w','X','y','Z','0','1','2','3','4','5','6','7','8','9','!','?','-','_','+','%','^','&','*','/','`','{','}','[',']','|','~',' ','a','b','c','d','e','f','g','h','i','j','k','l','m','n','o','p','q','r','s','t','u','v','w','x','y','z','A','B','C','D','E','F','G','H','I','J','K','L','M','N'}; 
Previous 2: main:buf:1={'a','a','a','a','a','a','a','a','a','a','a','a','a','a','a','a','a','a','a','a','a','a','a','a','a','a','a','a','a','a','a','a','a','a','a','a','a','a','a','a','a','a','a','a','a','a','a','a','a','a','a','a','a','a','a','a','a','a','a','a','a','a','a','a','a','a','a','a','a','a','a','a','a','a','a','a','a','a','a','a','a','a','a','a','a','a','a','a','a','a','a','a','a','a','a','a','a','a','a','a'}; 
Previous 3: main:buf:1={'0','a','a','a','a','a','a','a','a','a','a','a','a','a','a','a','a','a','a','a','a','a','a','a','a','a','a','a','a','a','a','a','a','a','a','a','a','a','a','a','a','a','a','a','a','a','a','a','a','a','a','a','a','a','a','a','a','a','a','a','a','a','a','a','a','a','a','a','a','a','a','a','a','a','a','a','a','a','a','a','a','a','a','a','a','a','a','a','a','a','a','a','a','a','a','a','a','a','a','a'}; 
Previous 4: main:buf:1={'{','0',',','a','a','a','a','a','a','a','a','a','a','a','a','a','a','a','a','a','a','a','a','a','a','a','a','a','a','a','a','a','a','a','a','a','a','a','a','a','a','a','a','a','a','a','a','a','a','a','a','a','a','a','a','a','a','a','a','a','a','a','a','a','a','a','a','a','a','a','a','a','a','a','a','a','a','a','a','a','a','a','a','a','a','a','a','a','a','a','a','a','a','a','a','a','a','a','a','a'}; 
Previous 5: main:buf:1={'A','A','A','A','A','A','A','A','A','A','A','A','A','A','A','A','A','A','A','A','A','A','A','A','A','A','A','A','A','A','A','A','A','A','A','A','A','A','A','A','A','A','A','A','A','A','A','A','A','A','B','B','B','B','B','B','B','B','B','B','B','B','B','B','B','B','B','B','B','B','B','B','B','B','B','B','B','B','B','B','B','B','B','B','B','B','B','B','B','B','B','B','B','B','B','B','B','B','C','D'}; 
Previous 6: main:buf:1={'b','b','b','b','b','b','b','b','b','b','b','b','b','b','b','b','b','b','b','b','b','b','b','b','b','b','b','b','b','b','b','b','b','b','b','b','b','b','b','b','b','b','b','b','b','b','b','b','b','b','b','b','b','b','b','b','b','b','b','b','b','b','b','b','b','b','b','b','b','b','b','b','b','b','b','b','b','b','b','b','b','b','b','b','b','b','b','b','b','b','b','b','b','b','b','b','b','b','b','b'}; 
Previous 7: main:buf:1={'a','a','a','a','a','a','a','a','a','a','a','a','a','a','a','a','a','a','a','a','a','a','a','a','a','a','a','a','a','a','a','a','a','a','a','a','a','a','a','a','a','a','a','a','a','a','a','a','a','a','a','a','a','a','a','a','a','a','a','a','a','a','a','a','a','a','a','a','a','a','a','a','a','a','a','a','a','a','a','a','a','a','a','a','a','a','a','a','a','a','a','a','a','a','a','a','a','a','b','b'}; 
Previous 8: main:buf:1={'\'','\'','\'','\'','\'','\'','\'','\'','\'','\'','\'','\'','\'','\'','\'','\'','\'','\'','\'','\'','\'','\'','\'','\'','\'','\'','\'','\'','\'','\'','\'','\'','\'','\'','\'','\'','\'','\'','\'','\'','\'','\'','\'','\'','\'','\'','\'','\'','\'','\'','\'','\'','\'','\'','\'','\'','\'','\'','\'','\'','\'','\'','\'','\'','\'','\'','\'','\'','\'','\'','\'','\'','\'','\'','\'','\'','\'','\'','\'','\'','\'','\'','\'','\'','\'','\'','\'','\'','\'','\'','\'','\'','\'','\'','\'','\'','\'','\'','\'','\''}; 
Previous 9: main:buf:1={'A','A','A','A','A','A','A','A','A','A','A','A','A','A','A','A','A','A','A','A','A','A','A','A','A','A','A','A','A','A','A','A','A','A','A','A','A','A','A','A','A','A','A','A','A','A','A','A','A','A','A','A','A','A','A','A','A','A','A','A','A','A','A','A','A','A','A','A','A','A','A','A','A','A','A','A','A','A','A','A','A','A','A','A','A','A','A','A','A','A','A','A','A','A','A','A','A','A','A','A'}; 
Previous 10: main:buf:1={'a','a','a','a','a','a','a','a','a','a','a','a','a','a','a','a','a','a','a','a','a','a','a','a','a','a','a','a','a','a','a','a','a','a','a','a','a','a','a','a','a','a','a','a','a','a','a','a','a','a','a','a','a','a','a','a','a','a','a','a','a','a','a','a','a','a','a','a','a','a','a','a','a','a','a','a','a','a','a','a','a','a','a','a','a','a','a','a','a','a','a','a','a','a','a','a','a','a','a','0'}; 
Previous 11: main:buf:1={'/','*','!','@','#','$','%','^','&','*','-','+','=','_','|','{','}',':',';','?','/','[',']',';','\'','`','~','1','2','3','4','5','6','7','8','9','0','a','b','c','d','e','f','g','h','i','j','k','l','m','n','o','p','q','r','s','t','u','v','w','x','y','z','A','B','C','D','E','F','G','H','I','J','K','L','M','N','O','P','Q','R','S','T','U','V','W','X','Y','Z','!','?','!','?','!','?','!','?','!','?','!'}; 
Previous 12: main:buf:1={'c','c','c','c','c','c','c','c','c','c','c','c','c','c','c','c','c','c','c','c','c','c','c','c','c','c','c','c','c','c','c','c','c','c','c','c','c','c','c','c','c','c','c','c','c','c','c','c','c','c','c','c','c','c','c','c','c','c','c','c','c','c','c','c','c','c','c','c','c','c','c','c','c','c','c','c','c','c','c','c','c','c','c','c','c','c','c','c','c','c','c','c','c','c','c','c','c','c','c','d'}; 
Previous 13: main:buf:1={'0','0','0','0','0','0','0','0','0','0','0','0','0','0','0','0','0','0','0','0','0','0','0','0','0','0','0','0','0','0','0','0','0','0','0','0','0','0','0','0','0','0','0','0','0','0','0','0','0','0','0','0','0','0','0','0','0','0','0','0','0','0','0','0','0','0','0','0','0','0','0','0','0','0','0','0','0','0','0','0','0','0','0','0','0','0','0','0','0','0','0','0','0','0','0','0','0','0','0','0'}; 
Previous 14: main:buf:1={'x','y','x','y','x','y','x','y','x','y','x','y','x','y','x','y','x','y','x','y','x','y','x','y','x','y','x','y','x','y','x','y','x','y','x','y','x','y','x','y','x','y','x','y','x','y','x','y','x','y','x','y','x','y','x','y','x','y','x','y','x','y','x','y','x','y','x','y','x','y','x','y','x','y','x','y','x','y','x','y','x','y','x','y','x','y','x','y','x','y','x','y','x','y','x','y','x','y','x','y'}; 

Program:
extern char __VERIFIER_nondet_char(void);
/*
Commit Number: cea58cb6d8fe0d27bfcbab57776bd36d5c724ec3
URL: https://github.com/GNOME/evolution-data-server/commit/cea58cb6d8fe0d27bfcbab57776bd36d5c724ec3
Project Name: evolution-data-server
License: GPL2
termination: false


*/
int strcspn(const char *strSrc, const char *str)
{
    const char *s;
    const char *t = strSrc;
    while (*t != '\0')
    {
        s = str;
        while (*s != '\0')
        {
            if (*t == *s )
            return t-strSrc;
            ++s;
        }
        ++t;
    }
    return 0;
}
int main()
{
    char buf[100];
    for( int i = 0 ; i < 99 ; i++ )
        buf[i] = __VERIFIER_nondet_char();
    buf[99] = '\0';
    char *p = buf;
    while( *p )
    {
        int len = strcspn( p , ""\n"");
        p += len;
    }
    return 0;

}

"
19,T,"main:buf:1={'0','1','2','3','4','5','6','7','8','9','A','B','C','D','E','F','G','H','I','J','K','L','M','N','O','P','Q','R','S','T','U','V','W','X','Y','Z','a','b','c','d','e','f','g','h','i','j','k','l','m','n','o','p','q','r','s','t','u','v','w','x','y','z','!','@','#','$','%','^','&','*','(',')','-','_','=','+','[',']','{','}','|','/','?',' ','~','`',' ',' ','!','@','#','$','%','^','&','*','(',')','-','['}
",,TIMEOUT,LIKELY_NT,false,,"You generate concrete values for nondeterministic inputs in a C/C++ program.
Your goal is to produce ONE complete assignment set that is likely to make the program terminate.

Important rules:
1. Return a value for EVERY listed nondeterministic input ID.
2. Use each ID exactly once.
3. Respect the declared C/C++ type.
4. For an array, return the value as an array containing exactly the required number of elements.
5. For char arrays, each element must be exactly one character. Return the character itself without C single quotes.
6. Prefer small-magnitude values unless larger values are necessary to achieve the requested execution behavior.

Nondeterministic inputs:
- id: main:buf:1, type: char, array: true, size: 100, required elements: 100

Previously generated assignment sets are listed below. Generate a materially different set and do not duplicate any of them.
Previous 1: main:buf:1={':',':','@','A','1','$','a','B','c','D','e','F','g','H','i','J','k','L','m','N','o','P','q','R','s','T','u','V','w','X','y','Z','0','1','2','3','4','5','6','7','8','9','!','?','-','_','+','%','^','&','*','/','`','{','}','[',']','|','~',' ','a','b','c','d','e','f','g','h','i','j','k','l','m','n','o','p','q','r','s','t','u','v','w','x','y','z','A','B','C','D','E','F','G','H','I','J','K','L','M','N'}; 
Previous 2: main:buf:1={'a','a','a','a','a','a','a','a','a','a','a','a','a','a','a','a','a','a','a','a','a','a','a','a','a','a','a','a','a','a','a','a','a','a','a','a','a','a','a','a','a','a','a','a','a','a','a','a','a','a','a','a','a','a','a','a','a','a','a','a','a','a','a','a','a','a','a','a','a','a','a','a','a','a','a','a','a','a','a','a','a','a','a','a','a','a','a','a','a','a','a','a','a','a','a','a','a','a','a','a'}; 
Previous 3: main:buf:1={'0','a','a','a','a','a','a','a','a','a','a','a','a','a','a','a','a','a','a','a','a','a','a','a','a','a','a','a','a','a','a','a','a','a','a','a','a','a','a','a','a','a','a','a','a','a','a','a','a','a','a','a','a','a','a','a','a','a','a','a','a','a','a','a','a','a','a','a','a','a','a','a','a','a','a','a','a','a','a','a','a','a','a','a','a','a','a','a','a','a','a','a','a','a','a','a','a','a','a','a'}; 
Previous 4: main:buf:1={'{','0',',','a','a','a','a','a','a','a','a','a','a','a','a','a','a','a','a','a','a','a','a','a','a','a','a','a','a','a','a','a','a','a','a','a','a','a','a','a','a','a','a','a','a','a','a','a','a','a','a','a','a','a','a','a','a','a','a','a','a','a','a','a','a','a','a','a','a','a','a','a','a','a','a','a','a','a','a','a','a','a','a','a','a','a','a','a','a','a','a','a','a','a','a','a','a','a','a','a'}; 
Previous 5: main:buf:1={'A','A','A','A','A','A','A','A','A','A','A','A','A','A','A','A','A','A','A','A','A','A','A','A','A','A','A','A','A','A','A','A','A','A','A','A','A','A','A','A','A','A','A','A','A','A','A','A','A','A','B','B','B','B','B','B','B','B','B','B','B','B','B','B','B','B','B','B','B','B','B','B','B','B','B','B','B','B','B','B','B','B','B','B','B','B','B','B','B','B','B','B','B','B','B','B','B','B','C','D'}; 
Previous 6: main:buf:1={'b','b','b','b','b','b','b','b','b','b','b','b','b','b','b','b','b','b','b','b','b','b','b','b','b','b','b','b','b','b','b','b','b','b','b','b','b','b','b','b','b','b','b','b','b','b','b','b','b','b','b','b','b','b','b','b','b','b','b','b','b','b','b','b','b','b','b','b','b','b','b','b','b','b','b','b','b','b','b','b','b','b','b','b','b','b','b','b','b','b','b','b','b','b','b','b','b','b','b','b'}; 
Previous 7: main:buf:1={'a','a','a','a','a','a','a','a','a','a','a','a','a','a','a','a','a','a','a','a','a','a','a','a','a','a','a','a','a','a','a','a','a','a','a','a','a','a','a','a','a','a','a','a','a','a','a','a','a','a','a','a','a','a','a','a','a','a','a','a','a','a','a','a','a','a','a','a','a','a','a','a','a','a','a','a','a','a','a','a','a','a','a','a','a','a','a','a','a','a','a','a','a','a','a','a','a','a','b','b'}; 
Previous 8: main:buf:1={'\'','\'','\'','\'','\'','\'','\'','\'','\'','\'','\'','\'','\'','\'','\'','\'','\'','\'','\'','\'','\'','\'','\'','\'','\'','\'','\'','\'','\'','\'','\'','\'','\'','\'','\'','\'','\'','\'','\'','\'','\'','\'','\'','\'','\'','\'','\'','\'','\'','\'','\'','\'','\'','\'','\'','\'','\'','\'','\'','\'','\'','\'','\'','\'','\'','\'','\'','\'','\'','\'','\'','\'','\'','\'','\'','\'','\'','\'','\'','\'','\'','\'','\'','\'','\'','\'','\'','\'','\'','\'','\'','\'','\'','\'','\'','\'','\'','\'','\'','\''}; 
Previous 9: main:buf:1={'A','A','A','A','A','A','A','A','A','A','A','A','A','A','A','A','A','A','A','A','A','A','A','A','A','A','A','A','A','A','A','A','A','A','A','A','A','A','A','A','A','A','A','A','A','A','A','A','A','A','A','A','A','A','A','A','A','A','A','A','A','A','A','A','A','A','A','A','A','A','A','A','A','A','A','A','A','A','A','A','A','A','A','A','A','A','A','A','A','A','A','A','A','A','A','A','A','A','A','A'}; 
Previous 10: main:buf:1={'a','a','a','a','a','a','a','a','a','a','a','a','a','a','a','a','a','a','a','a','a','a','a','a','a','a','a','a','a','a','a','a','a','a','a','a','a','a','a','a','a','a','a','a','a','a','a','a','a','a','a','a','a','a','a','a','a','a','a','a','a','a','a','a','a','a','a','a','a','a','a','a','a','a','a','a','a','a','a','a','a','a','a','a','a','a','a','a','a','a','a','a','a','a','a','a','a','a','a','0'}; 
Previous 11: main:buf:1={'/','*','!','@','#','$','%','^','&','*','-','+','=','_','|','{','}',':',';','?','/','[',']',';','\'','`','~','1','2','3','4','5','6','7','8','9','0','a','b','c','d','e','f','g','h','i','j','k','l','m','n','o','p','q','r','s','t','u','v','w','x','y','z','A','B','C','D','E','F','G','H','I','J','K','L','M','N','O','P','Q','R','S','T','U','V','W','X','Y','Z','!','?','!','?','!','?','!','?','!','?','!'}; 
Previous 12: main:buf:1={'c','c','c','c','c','c','c','c','c','c','c','c','c','c','c','c','c','c','c','c','c','c','c','c','c','c','c','c','c','c','c','c','c','c','c','c','c','c','c','c','c','c','c','c','c','c','c','c','c','c','c','c','c','c','c','c','c','c','c','c','c','c','c','c','c','c','c','c','c','c','c','c','c','c','c','c','c','c','c','c','c','c','c','c','c','c','c','c','c','c','c','c','c','c','c','c','c','c','c','d'}; 
Previous 13: main:buf:1={'0','0','0','0','0','0','0','0','0','0','0','0','0','0','0','0','0','0','0','0','0','0','0','0','0','0','0','0','0','0','0','0','0','0','0','0','0','0','0','0','0','0','0','0','0','0','0','0','0','0','0','0','0','0','0','0','0','0','0','0','0','0','0','0','0','0','0','0','0','0','0','0','0','0','0','0','0','0','0','0','0','0','0','0','0','0','0','0','0','0','0','0','0','0','0','0','0','0','0','0'}; 
Previous 14: main:buf:1={'x','y','x','y','x','y','x','y','x','y','x','y','x','y','x','y','x','y','x','y','x','y','x','y','x','y','x','y','x','y','x','y','x','y','x','y','x','y','x','y','x','y','x','y','x','y','x','y','x','y','x','y','x','y','x','y','x','y','x','y','x','y','x','y','x','y','x','y','x','y','x','y','x','y','x','y','x','y','x','y','x','y','x','y','x','y','x','y','x','y','x','y','x','y','x','y','x','y','x','y'}; 

Program:
extern char __VERIFIER_nondet_char(void);
/*
Commit Number: cea58cb6d8fe0d27bfcbab57776bd36d5c724ec3
URL: https://github.com/GNOME/evolution-data-server/commit/cea58cb6d8fe0d27bfcbab57776bd36d5c724ec3
Project Name: evolution-data-server
License: GPL2
termination: false


*/
int strcspn(const char *strSrc, const char *str)
{
    const char *s;
    const char *t = strSrc;
    while (*t != '\0')
    {
        s = str;
        while (*s != '\0')
        {
            if (*t == *s )
            return t-strSrc;
            ++s;
        }
        ++t;
    }
    return 0;
}
int main()
{
    char buf[100];
    for( int i = 0 ; i < 99 ; i++ )
        buf[i] = __VERIFIER_nondet_char();
    buf[99] = '\0';
    char *p = buf;
    while( *p )
    {
        int len = strcspn( p , ""\n"");
        p += len;
    }
    return 0;

}

"
20,T,"main:buf:1={'\'','0','\'','\'','a','\'','a','\'','a','\'','a','\'','a','\'','a','\'','a','\'','a','\'','a','\'','a','\'','a','\'','a','\'','a','\'','a','\'','a','\'','a','\'','a','\'','a','\'','a','\'','a','\'','a','\'','a','\'','a','\'','a','\'','a','\'','a','\'','a','\'','a','\'','a','\'','a','\'','a','\'','a','\'','a','\'','a','\'','a','\'','a','\'','a','\'','a','\'','a','\'','a','\'','a','\'','a','\'','a','\'','a','\'','a','\'','a','\'','a','\'','a','\''}
",,TIMEOUT,LIKELY_NT,false,,"You generate concrete values for nondeterministic inputs in a C/C++ program.
Your goal is to produce ONE complete assignment set that is likely to make the program terminate.

Important rules:
1. Return a value for EVERY listed nondeterministic input ID.
2. Use each ID exactly once.
3. Respect the declared C/C++ type.
4. For an array, return the value as an array containing exactly the required number of elements.
5. For char arrays, each element must be exactly one character. Return the character itself without C single quotes.
6. Prefer small-magnitude values unless larger values are necessary to achieve the requested execution behavior.

Nondeterministic inputs:
- id: main:buf:1, type: char, array: true, size: 100, required elements: 100

Previously generated assignment sets are listed below. Generate a materially different set and do not duplicate any of them.
Previous 1: main:buf:1={':',':','@','A','1','$','a','B','c','D','e','F','g','H','i','J','k','L','m','N','o','P','q','R','s','T','u','V','w','X','y','Z','0','1','2','3','4','5','6','7','8','9','!','?','-','_','+','%','^','&','*','/','`','{','}','[',']','|','~',' ','a','b','c','d','e','f','g','h','i','j','k','l','m','n','o','p','q','r','s','t','u','v','w','x','y','z','A','B','C','D','E','F','G','H','I','J','K','L','M','N'}; 
Previous 2: main:buf:1={'a','a','a','a','a','a','a','a','a','a','a','a','a','a','a','a','a','a','a','a','a','a','a','a','a','a','a','a','a','a','a','a','a','a','a','a','a','a','a','a','a','a','a','a','a','a','a','a','a','a','a','a','a','a','a','a','a','a','a','a','a','a','a','a','a','a','a','a','a','a','a','a','a','a','a','a','a','a','a','a','a','a','a','a','a','a','a','a','a','a','a','a','a','a','a','a','a','a','a','a'}; 
Previous 3: main:buf:1={'0','a','a','a','a','a','a','a','a','a','a','a','a','a','a','a','a','a','a','a','a','a','a','a','a','a','a','a','a','a','a','a','a','a','a','a','a','a','a','a','a','a','a','a','a','a','a','a','a','a','a','a','a','a','a','a','a','a','a','a','a','a','a','a','a','a','a','a','a','a','a','a','a','a','a','a','a','a','a','a','a','a','a','a','a','a','a','a','a','a','a','a','a','a','a','a','a','a','a','a'}; 
Previous 4: main:buf:1={'{','0',',','a','a','a','a','a','a','a','a','a','a','a','a','a','a','a','a','a','a','a','a','a','a','a','a','a','a','a','a','a','a','a','a','a','a','a','a','a','a','a','a','a','a','a','a','a','a','a','a','a','a','a','a','a','a','a','a','a','a','a','a','a','a','a','a','a','a','a','a','a','a','a','a','a','a','a','a','a','a','a','a','a','a','a','a','a','a','a','a','a','a','a','a','a','a','a','a','a'}; 
Previous 5: main:buf:1={'A','A','A','A','A','A','A','A','A','A','A','A','A','A','A','A','A','A','A','A','A','A','A','A','A','A','A','A','A','A','A','A','A','A','A','A','A','A','A','A','A','A','A','A','A','A','A','A','A','A','B','B','B','B','B','B','B','B','B','B','B','B','B','B','B','B','B','B','B','B','B','B','B','B','B','B','B','B','B','B','B','B','B','B','B','B','B','B','B','B','B','B','B','B','B','B','B','B','C','D'}; 
Previous 6: main:buf:1={'b','b','b','b','b','b','b','b','b','b','b','b','b','b','b','b','b','b','b','b','b','b','b','b','b','b','b','b','b','b','b','b','b','b','b','b','b','b','b','b','b','b','b','b','b','b','b','b','b','b','b','b','b','b','b','b','b','b','b','b','b','b','b','b','b','b','b','b','b','b','b','b','b','b','b','b','b','b','b','b','b','b','b','b','b','b','b','b','b','b','b','b','b','b','b','b','b','b','b','b'}; 
Previous 7: main:buf:1={'a','a','a','a','a','a','a','a','a','a','a','a','a','a','a','a','a','a','a','a','a','a','a','a','a','a','a','a','a','a','a','a','a','a','a','a','a','a','a','a','a','a','a','a','a','a','a','a','a','a','a','a','a','a','a','a','a','a','a','a','a','a','a','a','a','a','a','a','a','a','a','a','a','a','a','a','a','a','a','a','a','a','a','a','a','a','a','a','a','a','a','a','a','a','a','a','a','a','b','b'}; 
Previous 8: main:buf:1={'\'','\'','\'','\'','\'','\'','\'','\'','\'','\'','\'','\'','\'','\'','\'','\'','\'','\'','\'','\'','\'','\'','\'','\'','\'','\'','\'','\'','\'','\'','\'','\'','\'','\'','\'','\'','\'','\'','\'','\'','\'','\'','\'','\'','\'','\'','\'','\'','\'','\'','\'','\'','\'','\'','\'','\'','\'','\'','\'','\'','\'','\'','\'','\'','\'','\'','\'','\'','\'','\'','\'','\'','\'','\'','\'','\'','\'','\'','\'','\'','\'','\'','\'','\'','\'','\'','\'','\'','\'','\'','\'','\'','\'','\'','\'','\'','\'','\'','\'','\''}; 
Previous 9: main:buf:1={'A','A','A','A','A','A','A','A','A','A','A','A','A','A','A','A','A','A','A','A','A','A','A','A','A','A','A','A','A','A','A','A','A','A','A','A','A','A','A','A','A','A','A','A','A','A','A','A','A','A','A','A','A','A','A','A','A','A','A','A','A','A','A','A','A','A','A','A','A','A','A','A','A','A','A','A','A','A','A','A','A','A','A','A','A','A','A','A','A','A','A','A','A','A','A','A','A','A','A','A'}; 
Previous 10: main:buf:1={'a','a','a','a','a','a','a','a','a','a','a','a','a','a','a','a','a','a','a','a','a','a','a','a','a','a','a','a','a','a','a','a','a','a','a','a','a','a','a','a','a','a','a','a','a','a','a','a','a','a','a','a','a','a','a','a','a','a','a','a','a','a','a','a','a','a','a','a','a','a','a','a','a','a','a','a','a','a','a','a','a','a','a','a','a','a','a','a','a','a','a','a','a','a','a','a','a','a','a','0'}; 
Previous 11: main:buf:1={'/','*','!','@','#','$','%','^','&','*','-','+','=','_','|','{','}',':',';','?','/','[',']',';','\'','`','~','1','2','3','4','5','6','7','8','9','0','a','b','c','d','e','f','g','h','i','j','k','l','m','n','o','p','q','r','s','t','u','v','w','x','y','z','A','B','C','D','E','F','G','H','I','J','K','L','M','N','O','P','Q','R','S','T','U','V','W','X','Y','Z','!','?','!','?','!','?','!','?','!','?','!'}; 
Previous 12: main:buf:1={'c','c','c','c','c','c','c','c','c','c','c','c','c','c','c','c','c','c','c','c','c','c','c','c','c','c','c','c','c','c','c','c','c','c','c','c','c','c','c','c','c','c','c','c','c','c','c','c','c','c','c','c','c','c','c','c','c','c','c','c','c','c','c','c','c','c','c','c','c','c','c','c','c','c','c','c','c','c','c','c','c','c','c','c','c','c','c','c','c','c','c','c','c','c','c','c','c','c','c','d'}; 
Previous 13: main:buf:1={'0','0','0','0','0','0','0','0','0','0','0','0','0','0','0','0','0','0','0','0','0','0','0','0','0','0','0','0','0','0','0','0','0','0','0','0','0','0','0','0','0','0','0','0','0','0','0','0','0','0','0','0','0','0','0','0','0','0','0','0','0','0','0','0','0','0','0','0','0','0','0','0','0','0','0','0','0','0','0','0','0','0','0','0','0','0','0','0','0','0','0','0','0','0','0','0','0','0','0','0'}; 
Previous 14: main:buf:1={'x','y','x','y','x','y','x','y','x','y','x','y','x','y','x','y','x','y','x','y','x','y','x','y','x','y','x','y','x','y','x','y','x','y','x','y','x','y','x','y','x','y','x','y','x','y','x','y','x','y','x','y','x','y','x','y','x','y','x','y','x','y','x','y','x','y','x','y','x','y','x','y','x','y','x','y','x','y','x','y','x','y','x','y','x','y','x','y','x','y','x','y','x','y','x','y','x','y','x','y'}; 
Previous 15: main:buf:1={'0','1','2','3','4','5','6','7','8','9','A','B','C','D','E','F','G','H','I','J','K','L','M','N','O','P','Q','R','S','T','U','V','W','X','Y','Z','a','b','c','d','e','f','g','h','i','j','k','l','m','n','o','p','q','r','s','t','u','v','w','x','y','z','!','@','#','$','%','^','&','*','(',')','-','_','=','+','[',']','{','}','|','/','?',' ','~','`',' ',' ','!','@','#','$','%','^','&','*','(',')','-','['}; 

Program:
extern char __VERIFIER_nondet_char(void);
/*
Commit Number: cea58cb6d8fe0d27bfcbab57776bd36d5c724ec3
URL: https://github.com/GNOME/evolution-data-server/commit/cea58cb6d8fe0d27bfcbab57776bd36d5c724ec3
Project Name: evolution-data-server
License: GPL2
termination: false


*/
int strcspn(const char *strSrc, const char *str)
{
    const char *s;
    const char *t = strSrc;
    while (*t != '\0')
    {
        s = str;
        while (*s != '\0')
        {
            if (*t == *s )
            return t-strSrc;
            ++s;
        }
        ++t;
    }
    return 0;
}
int main()
{
    char buf[100];
    for( int i = 0 ; i < 99 ; i++ )
        buf[i] = __VERIFIER_nondet_char();
    buf[99] = '\0';
    char *p = buf;
    while( *p )
    {
        int len = strcspn( p , ""\n"");
        p += len;
    }
    return 0;

}

"
21,T,"main:buf:1={'g','g','g','g','g','g','g','g','g','g','g','g','g','g','g','g','g','g','g','g','g','g','g','g','g','g','g','g','g','g','g','g','g','g','g','g','g','g','g','g','g','g','g','g','g','g','g','g','g','g','g','g','g','g','g','g','g','g','g','g','g','g','g','g','g','g','g','g','g','g','g','g','g','g','g','g','g','g','g','g','g','g','g','g','g','g','g','g','g','g','g','g','g','g','g','g','g','g','g','g'}
",,TIMEOUT,LIKELY_NT,false,,"You generate concrete values for nondeterministic inputs in a C/C++ program.
Your goal is to produce ONE complete assignment set that is likely to make the program terminate.

Important rules:
1. Return a value for EVERY listed nondeterministic input ID.
2. Use each ID exactly once.
3. Respect the declared C/C++ type.
4. For an array, return the value as an array containing exactly the required number of elements.
5. For char arrays, each element must be exactly one character. Return the character itself without C single quotes.
6. Prefer small-magnitude values unless larger values are necessary to achieve the requested execution behavior.

Nondeterministic inputs:
- id: main:buf:1, type: char, array: true, size: 100, required elements: 100

Previously generated assignment sets are listed below. Generate a materially different set and do not duplicate any of them.
Previous 1: main:buf:1={':',':','@','A','1','$','a','B','c','D','e','F','g','H','i','J','k','L','m','N','o','P','q','R','s','T','u','V','w','X','y','Z','0','1','2','3','4','5','6','7','8','9','!','?','-','_','+','%','^','&','*','/','`','{','}','[',']','|','~',' ','a','b','c','d','e','f','g','h','i','j','k','l','m','n','o','p','q','r','s','t','u','v','w','x','y','z','A','B','C','D','E','F','G','H','I','J','K','L','M','N'}; 
Previous 2: main:buf:1={'a','a','a','a','a','a','a','a','a','a','a','a','a','a','a','a','a','a','a','a','a','a','a','a','a','a','a','a','a','a','a','a','a','a','a','a','a','a','a','a','a','a','a','a','a','a','a','a','a','a','a','a','a','a','a','a','a','a','a','a','a','a','a','a','a','a','a','a','a','a','a','a','a','a','a','a','a','a','a','a','a','a','a','a','a','a','a','a','a','a','a','a','a','a','a','a','a','a','a','a'}; 
Previous 3: main:buf:1={'0','a','a','a','a','a','a','a','a','a','a','a','a','a','a','a','a','a','a','a','a','a','a','a','a','a','a','a','a','a','a','a','a','a','a','a','a','a','a','a','a','a','a','a','a','a','a','a','a','a','a','a','a','a','a','a','a','a','a','a','a','a','a','a','a','a','a','a','a','a','a','a','a','a','a','a','a','a','a','a','a','a','a','a','a','a','a','a','a','a','a','a','a','a','a','a','a','a','a','a'}; 
Previous 4: main:buf:1={'{','0',',','a','a','a','a','a','a','a','a','a','a','a','a','a','a','a','a','a','a','a','a','a','a','a','a','a','a','a','a','a','a','a','a','a','a','a','a','a','a','a','a','a','a','a','a','a','a','a','a','a','a','a','a','a','a','a','a','a','a','a','a','a','a','a','a','a','a','a','a','a','a','a','a','a','a','a','a','a','a','a','a','a','a','a','a','a','a','a','a','a','a','a','a','a','a','a','a','a'}; 
Previous 5: main:buf:1={'A','A','A','A','A','A','A','A','A','A','A','A','A','A','A','A','A','A','A','A','A','A','A','A','A','A','A','A','A','A','A','A','A','A','A','A','A','A','A','A','A','A','A','A','A','A','A','A','A','A','B','B','B','B','B','B','B','B','B','B','B','B','B','B','B','B','B','B','B','B','B','B','B','B','B','B','B','B','B','B','B','B','B','B','B','B','B','B','B','B','B','B','B','B','B','B','B','B','C','D'}; 
Previous 6: main:buf:1={'b','b','b','b','b','b','b','b','b','b','b','b','b','b','b','b','b','b','b','b','b','b','b','b','b','b','b','b','b','b','b','b','b','b','b','b','b','b','b','b','b','b','b','b','b','b','b','b','b','b','b','b','b','b','b','b','b','b','b','b','b','b','b','b','b','b','b','b','b','b','b','b','b','b','b','b','b','b','b','b','b','b','b','b','b','b','b','b','b','b','b','b','b','b','b','b','b','b','b','b'}; 
Previous 7: main:buf:1={'a','a','a','a','a','a','a','a','a','a','a','a','a','a','a','a','a','a','a','a','a','a','a','a','a','a','a','a','a','a','a','a','a','a','a','a','a','a','a','a','a','a','a','a','a','a','a','a','a','a','a','a','a','a','a','a','a','a','a','a','a','a','a','a','a','a','a','a','a','a','a','a','a','a','a','a','a','a','a','a','a','a','a','a','a','a','a','a','a','a','a','a','a','a','a','a','a','a','b','b'}; 
Previous 8: main:buf:1={'\'','\'','\'','\'','\'','\'','\'','\'','\'','\'','\'','\'','\'','\'','\'','\'','\'','\'','\'','\'','\'','\'','\'','\'','\'','\'','\'','\'','\'','\'','\'','\'','\'','\'','\'','\'','\'','\'','\'','\'','\'','\'','\'','\'','\'','\'','\'','\'','\'','\'','\'','\'','\'','\'','\'','\'','\'','\'','\'','\'','\'','\'','\'','\'','\'','\'','\'','\'','\'','\'','\'','\'','\'','\'','\'','\'','\'','\'','\'','\'','\'','\'','\'','\'','\'','\'','\'','\'','\'','\'','\'','\'','\'','\'','\'','\'','\'','\'','\'','\''}; 
Previous 9: main:buf:1={'A','A','A','A','A','A','A','A','A','A','A','A','A','A','A','A','A','A','A','A','A','A','A','A','A','A','A','A','A','A','A','A','A','A','A','A','A','A','A','A','A','A','A','A','A','A','A','A','A','A','A','A','A','A','A','A','A','A','A','A','A','A','A','A','A','A','A','A','A','A','A','A','A','A','A','A','A','A','A','A','A','A','A','A','A','A','A','A','A','A','A','A','A','A','A','A','A','A','A','A'}; 
Previous 10: main:buf:1={'a','a','a','a','a','a','a','a','a','a','a','a','a','a','a','a','a','a','a','a','a','a','a','a','a','a','a','a','a','a','a','a','a','a','a','a','a','a','a','a','a','a','a','a','a','a','a','a','a','a','a','a','a','a','a','a','a','a','a','a','a','a','a','a','a','a','a','a','a','a','a','a','a','a','a','a','a','a','a','a','a','a','a','a','a','a','a','a','a','a','a','a','a','a','a','a','a','a','a','0'}; 
Previous 11: main:buf:1={'/','*','!','@','#','$','%','^','&','*','-','+','=','_','|','{','}',':',';','?','/','[',']',';','\'','`','~','1','2','3','4','5','6','7','8','9','0','a','b','c','d','e','f','g','h','i','j','k','l','m','n','o','p','q','r','s','t','u','v','w','x','y','z','A','B','C','D','E','F','G','H','I','J','K','L','M','N','O','P','Q','R','S','T','U','V','W','X','Y','Z','!','?','!','?','!','?','!','?','!','?','!'}; 
Previous 12: main:buf:1={'c','c','c','c','c','c','c','c','c','c','c','c','c','c','c','c','c','c','c','c','c','c','c','c','c','c','c','c','c','c','c','c','c','c','c','c','c','c','c','c','c','c','c','c','c','c','c','c','c','c','c','c','c','c','c','c','c','c','c','c','c','c','c','c','c','c','c','c','c','c','c','c','c','c','c','c','c','c','c','c','c','c','c','c','c','c','c','c','c','c','c','c','c','c','c','c','c','c','c','d'}; 
Previous 13: main:buf:1={'0','0','0','0','0','0','0','0','0','0','0','0','0','0','0','0','0','0','0','0','0','0','0','0','0','0','0','0','0','0','0','0','0','0','0','0','0','0','0','0','0','0','0','0','0','0','0','0','0','0','0','0','0','0','0','0','0','0','0','0','0','0','0','0','0','0','0','0','0','0','0','0','0','0','0','0','0','0','0','0','0','0','0','0','0','0','0','0','0','0','0','0','0','0','0','0','0','0','0','0'}; 
Previous 14: main:buf:1={'x','y','x','y','x','y','x','y','x','y','x','y','x','y','x','y','x','y','x','y','x','y','x','y','x','y','x','y','x','y','x','y','x','y','x','y','x','y','x','y','x','y','x','y','x','y','x','y','x','y','x','y','x','y','x','y','x','y','x','y','x','y','x','y','x','y','x','y','x','y','x','y','x','y','x','y','x','y','x','y','x','y','x','y','x','y','x','y','x','y','x','y','x','y','x','y','x','y','x','y'}; 
Previous 15: main:buf:1={'0','1','2','3','4','5','6','7','8','9','A','B','C','D','E','F','G','H','I','J','K','L','M','N','O','P','Q','R','S','T','U','V','W','X','Y','Z','a','b','c','d','e','f','g','h','i','j','k','l','m','n','o','p','q','r','s','t','u','v','w','x','y','z','!','@','#','$','%','^','&','*','(',')','-','_','=','+','[',']','{','}','|','/','?',' ','~','`',' ',' ','!','@','#','$','%','^','&','*','(',')','-','['}; 
Previous 16: main:buf:1={'\'','0','\'','\'','a','\'','a','\'','a','\'','a','\'','a','\'','a','\'','a','\'','a','\'','a','\'','a','\'','a','\'','a','\'','a','\'','a','\'','a','\'','a','\'','a','\'','a','\'','a','\'','a','\'','a','\'','a','\'','a','\'','a','\'','a','\'','a','\'','a','\'','a','\'','a','\'','a','\'','a','\'','a','\'','a','\'','a','\'','a','\'','a','\'','a','\'','a','\'','a','\'','a','\'','a','\'','a','\'','a','\'','a','\'','a','\'','a','\'','a','\'','a','\''}; 

Program:
extern char __VERIFIER_nondet_char(void);
/*
Commit Number: cea58cb6d8fe0d27bfcbab57776bd36d5c724ec3
URL: https://github.com/GNOME/evolution-data-server/commit/cea58cb6d8fe0d27bfcbab57776bd36d5c724ec3
Project Name: evolution-data-server
License: GPL2
termination: false


*/
int strcspn(const char *strSrc, const char *str)
{
    const char *s;
    const char *t = strSrc;
    while (*t != '\0')
    {
        s = str;
        while (*s != '\0')
        {
            if (*t == *s )
            return t-strSrc;
            ++s;
        }
        ++t;
    }
    return 0;
}
int main()
{
    char buf[100];
    for( int i = 0 ; i < 99 ; i++ )
        buf[i] = __VERIFIER_nondet_char();
    buf[99] = '\0';
    char *p = buf;
    while( *p )
    {
        int len = strcspn( p , ""\n"");
        p += len;
    }
    return 0;

}

"
22,T,"main:buf:1={'a','a','a','a','a','a','a','a','a','a','a','a','a','a','a','a','a','a','a','a','a','a','a','a','a','a','a','a','a','a','a','a','a','a','a','a','a','a','a','a','a','a','a','a','a','a','a','a','a','a','a','a','a','a','a','a','a','a','a','a','a','a','a','a','a','a','a','a','a','a','a','a','a','a','a','a','a','a','a','a','a','a','a','a','a','a','a','a','a','a','a','a','a','a','a','a','a','a','a','a'}
",,DUPLICATE,,false,,"You generate concrete values for nondeterministic inputs in a C/C++ program.
Your goal is to produce ONE complete assignment set that is likely to make the program terminate.

Important rules:
1. Return a value for EVERY listed nondeterministic input ID.
2. Use each ID exactly once.
3. Respect the declared C/C++ type.
4. For an array, return the value as an array containing exactly the required number of elements.
5. For char arrays, each element must be exactly one character. Return the character itself without C single quotes.
6. Prefer small-magnitude values unless larger values are necessary to achieve the requested execution behavior.

Nondeterministic inputs:
- id: main:buf:1, type: char, array: true, size: 100, required elements: 100

Previously generated assignment sets are listed below. Generate a materially different set and do not duplicate any of them.
Previous 1: main:buf:1={':',':','@','A','1','$','a','B','c','D','e','F','g','H','i','J','k','L','m','N','o','P','q','R','s','T','u','V','w','X','y','Z','0','1','2','3','4','5','6','7','8','9','!','?','-','_','+','%','^','&','*','/','`','{','}','[',']','|','~',' ','a','b','c','d','e','f','g','h','i','j','k','l','m','n','o','p','q','r','s','t','u','v','w','x','y','z','A','B','C','D','E','F','G','H','I','J','K','L','M','N'}; 
Previous 2: main:buf:1={'a','a','a','a','a','a','a','a','a','a','a','a','a','a','a','a','a','a','a','a','a','a','a','a','a','a','a','a','a','a','a','a','a','a','a','a','a','a','a','a','a','a','a','a','a','a','a','a','a','a','a','a','a','a','a','a','a','a','a','a','a','a','a','a','a','a','a','a','a','a','a','a','a','a','a','a','a','a','a','a','a','a','a','a','a','a','a','a','a','a','a','a','a','a','a','a','a','a','a','a'}; 
Previous 3: main:buf:1={'0','a','a','a','a','a','a','a','a','a','a','a','a','a','a','a','a','a','a','a','a','a','a','a','a','a','a','a','a','a','a','a','a','a','a','a','a','a','a','a','a','a','a','a','a','a','a','a','a','a','a','a','a','a','a','a','a','a','a','a','a','a','a','a','a','a','a','a','a','a','a','a','a','a','a','a','a','a','a','a','a','a','a','a','a','a','a','a','a','a','a','a','a','a','a','a','a','a','a','a'}; 
Previous 4: main:buf:1={'{','0',',','a','a','a','a','a','a','a','a','a','a','a','a','a','a','a','a','a','a','a','a','a','a','a','a','a','a','a','a','a','a','a','a','a','a','a','a','a','a','a','a','a','a','a','a','a','a','a','a','a','a','a','a','a','a','a','a','a','a','a','a','a','a','a','a','a','a','a','a','a','a','a','a','a','a','a','a','a','a','a','a','a','a','a','a','a','a','a','a','a','a','a','a','a','a','a','a','a'}; 
Previous 5: main:buf:1={'A','A','A','A','A','A','A','A','A','A','A','A','A','A','A','A','A','A','A','A','A','A','A','A','A','A','A','A','A','A','A','A','A','A','A','A','A','A','A','A','A','A','A','A','A','A','A','A','A','A','B','B','B','B','B','B','B','B','B','B','B','B','B','B','B','B','B','B','B','B','B','B','B','B','B','B','B','B','B','B','B','B','B','B','B','B','B','B','B','B','B','B','B','B','B','B','B','B','C','D'}; 
Previous 6: main:buf:1={'b','b','b','b','b','b','b','b','b','b','b','b','b','b','b','b','b','b','b','b','b','b','b','b','b','b','b','b','b','b','b','b','b','b','b','b','b','b','b','b','b','b','b','b','b','b','b','b','b','b','b','b','b','b','b','b','b','b','b','b','b','b','b','b','b','b','b','b','b','b','b','b','b','b','b','b','b','b','b','b','b','b','b','b','b','b','b','b','b','b','b','b','b','b','b','b','b','b','b','b'}; 
Previous 7: main:buf:1={'a','a','a','a','a','a','a','a','a','a','a','a','a','a','a','a','a','a','a','a','a','a','a','a','a','a','a','a','a','a','a','a','a','a','a','a','a','a','a','a','a','a','a','a','a','a','a','a','a','a','a','a','a','a','a','a','a','a','a','a','a','a','a','a','a','a','a','a','a','a','a','a','a','a','a','a','a','a','a','a','a','a','a','a','a','a','a','a','a','a','a','a','a','a','a','a','a','a','b','b'}; 
Previous 8: main:buf:1={'\'','\'','\'','\'','\'','\'','\'','\'','\'','\'','\'','\'','\'','\'','\'','\'','\'','\'','\'','\'','\'','\'','\'','\'','\'','\'','\'','\'','\'','\'','\'','\'','\'','\'','\'','\'','\'','\'','\'','\'','\'','\'','\'','\'','\'','\'','\'','\'','\'','\'','\'','\'','\'','\'','\'','\'','\'','\'','\'','\'','\'','\'','\'','\'','\'','\'','\'','\'','\'','\'','\'','\'','\'','\'','\'','\'','\'','\'','\'','\'','\'','\'','\'','\'','\'','\'','\'','\'','\'','\'','\'','\'','\'','\'','\'','\'','\'','\'','\'','\''}; 
Previous 9: main:buf:1={'A','A','A','A','A','A','A','A','A','A','A','A','A','A','A','A','A','A','A','A','A','A','A','A','A','A','A','A','A','A','A','A','A','A','A','A','A','A','A','A','A','A','A','A','A','A','A','A','A','A','A','A','A','A','A','A','A','A','A','A','A','A','A','A','A','A','A','A','A','A','A','A','A','A','A','A','A','A','A','A','A','A','A','A','A','A','A','A','A','A','A','A','A','A','A','A','A','A','A','A'}; 
Previous 10: main:buf:1={'a','a','a','a','a','a','a','a','a','a','a','a','a','a','a','a','a','a','a','a','a','a','a','a','a','a','a','a','a','a','a','a','a','a','a','a','a','a','a','a','a','a','a','a','a','a','a','a','a','a','a','a','a','a','a','a','a','a','a','a','a','a','a','a','a','a','a','a','a','a','a','a','a','a','a','a','a','a','a','a','a','a','a','a','a','a','a','a','a','a','a','a','a','a','a','a','a','a','a','0'}; 
Previous 11: main:buf:1={'/','*','!','@','#','$','%','^','&','*','-','+','=','_','|','{','}',':',';','?','/','[',']',';','\'','`','~','1','2','3','4','5','6','7','8','9','0','a','b','c','d','e','f','g','h','i','j','k','l','m','n','o','p','q','r','s','t','u','v','w','x','y','z','A','B','C','D','E','F','G','H','I','J','K','L','M','N','O','P','Q','R','S','T','U','V','W','X','Y','Z','!','?','!','?','!','?','!','?','!','?','!'}; 
Previous 12: main:buf:1={'c','c','c','c','c','c','c','c','c','c','c','c','c','c','c','c','c','c','c','c','c','c','c','c','c','c','c','c','c','c','c','c','c','c','c','c','c','c','c','c','c','c','c','c','c','c','c','c','c','c','c','c','c','c','c','c','c','c','c','c','c','c','c','c','c','c','c','c','c','c','c','c','c','c','c','c','c','c','c','c','c','c','c','c','c','c','c','c','c','c','c','c','c','c','c','c','c','c','c','d'}; 
Previous 13: main:buf:1={'0','0','0','0','0','0','0','0','0','0','0','0','0','0','0','0','0','0','0','0','0','0','0','0','0','0','0','0','0','0','0','0','0','0','0','0','0','0','0','0','0','0','0','0','0','0','0','0','0','0','0','0','0','0','0','0','0','0','0','0','0','0','0','0','0','0','0','0','0','0','0','0','0','0','0','0','0','0','0','0','0','0','0','0','0','0','0','0','0','0','0','0','0','0','0','0','0','0','0','0'}; 
Previous 14: main:buf:1={'x','y','x','y','x','y','x','y','x','y','x','y','x','y','x','y','x','y','x','y','x','y','x','y','x','y','x','y','x','y','x','y','x','y','x','y','x','y','x','y','x','y','x','y','x','y','x','y','x','y','x','y','x','y','x','y','x','y','x','y','x','y','x','y','x','y','x','y','x','y','x','y','x','y','x','y','x','y','x','y','x','y','x','y','x','y','x','y','x','y','x','y','x','y','x','y','x','y','x','y'}; 
Previous 15: main:buf:1={'0','1','2','3','4','5','6','7','8','9','A','B','C','D','E','F','G','H','I','J','K','L','M','N','O','P','Q','R','S','T','U','V','W','X','Y','Z','a','b','c','d','e','f','g','h','i','j','k','l','m','n','o','p','q','r','s','t','u','v','w','x','y','z','!','@','#','$','%','^','&','*','(',')','-','_','=','+','[',']','{','}','|','/','?',' ','~','`',' ',' ','!','@','#','$','%','^','&','*','(',')','-','['}; 
Previous 16: main:buf:1={'\'','0','\'','\'','a','\'','a','\'','a','\'','a','\'','a','\'','a','\'','a','\'','a','\'','a','\'','a','\'','a','\'','a','\'','a','\'','a','\'','a','\'','a','\'','a','\'','a','\'','a','\'','a','\'','a','\'','a','\'','a','\'','a','\'','a','\'','a','\'','a','\'','a','\'','a','\'','a','\'','a','\'','a','\'','a','\'','a','\'','a','\'','a','\'','a','\'','a','\'','a','\'','a','\'','a','\'','a','\'','a','\'','a','\'','a','\'','a','\'','a','\'','a','\''}; 
Previous 17: main:buf:1={'g','g','g','g','g','g','g','g','g','g','g','g','g','g','g','g','g','g','g','g','g','g','g','g','g','g','g','g','g','g','g','g','g','g','g','g','g','g','g','g','g','g','g','g','g','g','g','g','g','g','g','g','g','g','g','g','g','g','g','g','g','g','g','g','g','g','g','g','g','g','g','g','g','g','g','g','g','g','g','g','g','g','g','g','g','g','g','g','g','g','g','g','g','g','g','g','g','g','g','g'}; 

Program:
extern char __VERIFIER_nondet_char(void);
/*
Commit Number: cea58cb6d8fe0d27bfcbab57776bd36d5c724ec3
URL: https://github.com/GNOME/evolution-data-server/commit/cea58cb6d8fe0d27bfcbab57776bd36d5c724ec3
Project Name: evolution-data-server
License: GPL2
termination: false


*/
int strcspn(const char *strSrc, const char *str)
{
    const char *s;
    const char *t = strSrc;
    while (*t != '\0')
    {
        s = str;
        while (*s != '\0')
        {
            if (*t == *s )
            return t-strSrc;
            ++s;
        }
        ++t;
    }
    return 0;
}
int main()
{
    char buf[100];
    for( int i = 0 ; i < 99 ; i++ )
        buf[i] = __VERIFIER_nondet_char();
    buf[99] = '\0';
    char *p = buf;
    while( *p )
    {
        int len = strcspn( p , ""\n"");
        p += len;
    }
    return 0;

}

"
23,T,"main:buf:1={'_','_','_','_','_','_','_','_','_','_','_','_','_','_','_','_','_','_','_','_','_','_','_','_','_','_','_','_','_','_','_','_','_','_','_','_','_','_','_','_','_','_','_','_','_','_','_','_','_','_','_','_','_','_','_','_','_','_','_','_','_','_','_','_','_','_','_','_','_','_','_','_','_','_','_','_','_','_','_','_','_','_','_','_','_','_','_','_','_','_','_','_','_','_','_','_','_','_','_','_'}
",,TIMEOUT,LIKELY_NT,false,,"You generate concrete values for nondeterministic inputs in a C/C++ program.
Your goal is to produce ONE complete assignment set that is likely to make the program terminate.

Important rules:
1. Return a value for EVERY listed nondeterministic input ID.
2. Use each ID exactly once.
3. Respect the declared C/C++ type.
4. For an array, return the value as an array containing exactly the required number of elements.
5. For char arrays, each element must be exactly one character. Return the character itself without C single quotes.
6. Prefer small-magnitude values unless larger values are necessary to achieve the requested execution behavior.

Nondeterministic inputs:
- id: main:buf:1, type: char, array: true, size: 100, required elements: 100

Previously generated assignment sets are listed below. Generate a materially different set and do not duplicate any of them.
Previous 1: main:buf:1={':',':','@','A','1','$','a','B','c','D','e','F','g','H','i','J','k','L','m','N','o','P','q','R','s','T','u','V','w','X','y','Z','0','1','2','3','4','5','6','7','8','9','!','?','-','_','+','%','^','&','*','/','`','{','}','[',']','|','~',' ','a','b','c','d','e','f','g','h','i','j','k','l','m','n','o','p','q','r','s','t','u','v','w','x','y','z','A','B','C','D','E','F','G','H','I','J','K','L','M','N'}; 
Previous 2: main:buf:1={'a','a','a','a','a','a','a','a','a','a','a','a','a','a','a','a','a','a','a','a','a','a','a','a','a','a','a','a','a','a','a','a','a','a','a','a','a','a','a','a','a','a','a','a','a','a','a','a','a','a','a','a','a','a','a','a','a','a','a','a','a','a','a','a','a','a','a','a','a','a','a','a','a','a','a','a','a','a','a','a','a','a','a','a','a','a','a','a','a','a','a','a','a','a','a','a','a','a','a','a'}; 
Previous 3: main:buf:1={'0','a','a','a','a','a','a','a','a','a','a','a','a','a','a','a','a','a','a','a','a','a','a','a','a','a','a','a','a','a','a','a','a','a','a','a','a','a','a','a','a','a','a','a','a','a','a','a','a','a','a','a','a','a','a','a','a','a','a','a','a','a','a','a','a','a','a','a','a','a','a','a','a','a','a','a','a','a','a','a','a','a','a','a','a','a','a','a','a','a','a','a','a','a','a','a','a','a','a','a'}; 
Previous 4: main:buf:1={'{','0',',','a','a','a','a','a','a','a','a','a','a','a','a','a','a','a','a','a','a','a','a','a','a','a','a','a','a','a','a','a','a','a','a','a','a','a','a','a','a','a','a','a','a','a','a','a','a','a','a','a','a','a','a','a','a','a','a','a','a','a','a','a','a','a','a','a','a','a','a','a','a','a','a','a','a','a','a','a','a','a','a','a','a','a','a','a','a','a','a','a','a','a','a','a','a','a','a','a'}; 
Previous 5: main:buf:1={'A','A','A','A','A','A','A','A','A','A','A','A','A','A','A','A','A','A','A','A','A','A','A','A','A','A','A','A','A','A','A','A','A','A','A','A','A','A','A','A','A','A','A','A','A','A','A','A','A','A','B','B','B','B','B','B','B','B','B','B','B','B','B','B','B','B','B','B','B','B','B','B','B','B','B','B','B','B','B','B','B','B','B','B','B','B','B','B','B','B','B','B','B','B','B','B','B','B','C','D'}; 
Previous 6: main:buf:1={'b','b','b','b','b','b','b','b','b','b','b','b','b','b','b','b','b','b','b','b','b','b','b','b','b','b','b','b','b','b','b','b','b','b','b','b','b','b','b','b','b','b','b','b','b','b','b','b','b','b','b','b','b','b','b','b','b','b','b','b','b','b','b','b','b','b','b','b','b','b','b','b','b','b','b','b','b','b','b','b','b','b','b','b','b','b','b','b','b','b','b','b','b','b','b','b','b','b','b','b'}; 
Previous 7: main:buf:1={'a','a','a','a','a','a','a','a','a','a','a','a','a','a','a','a','a','a','a','a','a','a','a','a','a','a','a','a','a','a','a','a','a','a','a','a','a','a','a','a','a','a','a','a','a','a','a','a','a','a','a','a','a','a','a','a','a','a','a','a','a','a','a','a','a','a','a','a','a','a','a','a','a','a','a','a','a','a','a','a','a','a','a','a','a','a','a','a','a','a','a','a','a','a','a','a','a','a','b','b'}; 
Previous 8: main:buf:1={'\'','\'','\'','\'','\'','\'','\'','\'','\'','\'','\'','\'','\'','\'','\'','\'','\'','\'','\'','\'','\'','\'','\'','\'','\'','\'','\'','\'','\'','\'','\'','\'','\'','\'','\'','\'','\'','\'','\'','\'','\'','\'','\'','\'','\'','\'','\'','\'','\'','\'','\'','\'','\'','\'','\'','\'','\'','\'','\'','\'','\'','\'','\'','\'','\'','\'','\'','\'','\'','\'','\'','\'','\'','\'','\'','\'','\'','\'','\'','\'','\'','\'','\'','\'','\'','\'','\'','\'','\'','\'','\'','\'','\'','\'','\'','\'','\'','\'','\'','\''}; 
Previous 9: main:buf:1={'A','A','A','A','A','A','A','A','A','A','A','A','A','A','A','A','A','A','A','A','A','A','A','A','A','A','A','A','A','A','A','A','A','A','A','A','A','A','A','A','A','A','A','A','A','A','A','A','A','A','A','A','A','A','A','A','A','A','A','A','A','A','A','A','A','A','A','A','A','A','A','A','A','A','A','A','A','A','A','A','A','A','A','A','A','A','A','A','A','A','A','A','A','A','A','A','A','A','A','A'}; 
Previous 10: main:buf:1={'a','a','a','a','a','a','a','a','a','a','a','a','a','a','a','a','a','a','a','a','a','a','a','a','a','a','a','a','a','a','a','a','a','a','a','a','a','a','a','a','a','a','a','a','a','a','a','a','a','a','a','a','a','a','a','a','a','a','a','a','a','a','a','a','a','a','a','a','a','a','a','a','a','a','a','a','a','a','a','a','a','a','a','a','a','a','a','a','a','a','a','a','a','a','a','a','a','a','a','0'}; 
Previous 11: main:buf:1={'/','*','!','@','#','$','%','^','&','*','-','+','=','_','|','{','}',':',';','?','/','[',']',';','\'','`','~','1','2','3','4','5','6','7','8','9','0','a','b','c','d','e','f','g','h','i','j','k','l','m','n','o','p','q','r','s','t','u','v','w','x','y','z','A','B','C','D','E','F','G','H','I','J','K','L','M','N','O','P','Q','R','S','T','U','V','W','X','Y','Z','!','?','!','?','!','?','!','?','!','?','!'}; 
Previous 12: main:buf:1={'c','c','c','c','c','c','c','c','c','c','c','c','c','c','c','c','c','c','c','c','c','c','c','c','c','c','c','c','c','c','c','c','c','c','c','c','c','c','c','c','c','c','c','c','c','c','c','c','c','c','c','c','c','c','c','c','c','c','c','c','c','c','c','c','c','c','c','c','c','c','c','c','c','c','c','c','c','c','c','c','c','c','c','c','c','c','c','c','c','c','c','c','c','c','c','c','c','c','c','d'}; 
Previous 13: main:buf:1={'0','0','0','0','0','0','0','0','0','0','0','0','0','0','0','0','0','0','0','0','0','0','0','0','0','0','0','0','0','0','0','0','0','0','0','0','0','0','0','0','0','0','0','0','0','0','0','0','0','0','0','0','0','0','0','0','0','0','0','0','0','0','0','0','0','0','0','0','0','0','0','0','0','0','0','0','0','0','0','0','0','0','0','0','0','0','0','0','0','0','0','0','0','0','0','0','0','0','0','0'}; 
Previous 14: main:buf:1={'x','y','x','y','x','y','x','y','x','y','x','y','x','y','x','y','x','y','x','y','x','y','x','y','x','y','x','y','x','y','x','y','x','y','x','y','x','y','x','y','x','y','x','y','x','y','x','y','x','y','x','y','x','y','x','y','x','y','x','y','x','y','x','y','x','y','x','y','x','y','x','y','x','y','x','y','x','y','x','y','x','y','x','y','x','y','x','y','x','y','x','y','x','y','x','y','x','y','x','y'}; 
Previous 15: main:buf:1={'0','1','2','3','4','5','6','7','8','9','A','B','C','D','E','F','G','H','I','J','K','L','M','N','O','P','Q','R','S','T','U','V','W','X','Y','Z','a','b','c','d','e','f','g','h','i','j','k','l','m','n','o','p','q','r','s','t','u','v','w','x','y','z','!','@','#','$','%','^','&','*','(',')','-','_','=','+','[',']','{','}','|','/','?',' ','~','`',' ',' ','!','@','#','$','%','^','&','*','(',')','-','['}; 
Previous 16: main:buf:1={'\'','0','\'','\'','a','\'','a','\'','a','\'','a','\'','a','\'','a','\'','a','\'','a','\'','a','\'','a','\'','a','\'','a','\'','a','\'','a','\'','a','\'','a','\'','a','\'','a','\'','a','\'','a','\'','a','\'','a','\'','a','\'','a','\'','a','\'','a','\'','a','\'','a','\'','a','\'','a','\'','a','\'','a','\'','a','\'','a','\'','a','\'','a','\'','a','\'','a','\'','a','\'','a','\'','a','\'','a','\'','a','\'','a','\'','a','\'','a','\'','a','\'','a','\''}; 
Previous 17: main:buf:1={'g','g','g','g','g','g','g','g','g','g','g','g','g','g','g','g','g','g','g','g','g','g','g','g','g','g','g','g','g','g','g','g','g','g','g','g','g','g','g','g','g','g','g','g','g','g','g','g','g','g','g','g','g','g','g','g','g','g','g','g','g','g','g','g','g','g','g','g','g','g','g','g','g','g','g','g','g','g','g','g','g','g','g','g','g','g','g','g','g','g','g','g','g','g','g','g','g','g','g','g'}; 

Program:
extern char __VERIFIER_nondet_char(void);
/*
Commit Number: cea58cb6d8fe0d27bfcbab57776bd36d5c724ec3
URL: https://github.com/GNOME/evolution-data-server/commit/cea58cb6d8fe0d27bfcbab57776bd36d5c724ec3
Project Name: evolution-data-server
License: GPL2
termination: false


*/
int strcspn(const char *strSrc, const char *str)
{
    const char *s;
    const char *t = strSrc;
    while (*t != '\0')
    {
        s = str;
        while (*s != '\0')
        {
            if (*t == *s )
            return t-strSrc;
            ++s;
        }
        ++t;
    }
    return 0;
}
int main()
{
    char buf[100];
    for( int i = 0 ; i < 99 ; i++ )
        buf[i] = __VERIFIER_nondet_char();
    buf[99] = '\0';
    char *p = buf;
    while( *p )
    {
        int len = strcspn( p , ""\n"");
        p += len;
    }
    return 0;

}

"
24,T,"main:buf:1={'a','b','c','d','e','f','g','h','i','j','a','b','c','d','e','f','g','h','i','j','a','b','c','d','e','f','g','h','i','j','a','b','c','d','e','f','g','h','i','j','a','b','c','d','e','f','g','h','i','j','a','b','c','d','e','f','g','h','i','j','a','b','c','d','e','f','g','h','i','j','a','b','c','d','e','f','g','h','i','j','a','b','c','d','e','f','g','h','i','j','a','b','c','d','e','f','g','h','i','j'}
",,TIMEOUT,LIKELY_NT,false,,"You generate concrete values for nondeterministic inputs in a C/C++ program.
Your goal is to produce ONE complete assignment set that is likely to make the program terminate.

Important rules:
1. Return a value for EVERY listed nondeterministic input ID.
2. Use each ID exactly once.
3. Respect the declared C/C++ type.
4. For an array, return the value as an array containing exactly the required number of elements.
5. For char arrays, each element must be exactly one character. Return the character itself without C single quotes.
6. Prefer small-magnitude values unless larger values are necessary to achieve the requested execution behavior.

Nondeterministic inputs:
- id: main:buf:1, type: char, array: true, size: 100, required elements: 100

Previously generated assignment sets are listed below. Generate a materially different set and do not duplicate any of them.
Previous 1: main:buf:1={':',':','@','A','1','$','a','B','c','D','e','F','g','H','i','J','k','L','m','N','o','P','q','R','s','T','u','V','w','X','y','Z','0','1','2','3','4','5','6','7','8','9','!','?','-','_','+','%','^','&','*','/','`','{','}','[',']','|','~',' ','a','b','c','d','e','f','g','h','i','j','k','l','m','n','o','p','q','r','s','t','u','v','w','x','y','z','A','B','C','D','E','F','G','H','I','J','K','L','M','N'}; 
Previous 2: main:buf:1={'a','a','a','a','a','a','a','a','a','a','a','a','a','a','a','a','a','a','a','a','a','a','a','a','a','a','a','a','a','a','a','a','a','a','a','a','a','a','a','a','a','a','a','a','a','a','a','a','a','a','a','a','a','a','a','a','a','a','a','a','a','a','a','a','a','a','a','a','a','a','a','a','a','a','a','a','a','a','a','a','a','a','a','a','a','a','a','a','a','a','a','a','a','a','a','a','a','a','a','a'}; 
Previous 3: main:buf:1={'0','a','a','a','a','a','a','a','a','a','a','a','a','a','a','a','a','a','a','a','a','a','a','a','a','a','a','a','a','a','a','a','a','a','a','a','a','a','a','a','a','a','a','a','a','a','a','a','a','a','a','a','a','a','a','a','a','a','a','a','a','a','a','a','a','a','a','a','a','a','a','a','a','a','a','a','a','a','a','a','a','a','a','a','a','a','a','a','a','a','a','a','a','a','a','a','a','a','a','a'}; 
Previous 4: main:buf:1={'{','0',',','a','a','a','a','a','a','a','a','a','a','a','a','a','a','a','a','a','a','a','a','a','a','a','a','a','a','a','a','a','a','a','a','a','a','a','a','a','a','a','a','a','a','a','a','a','a','a','a','a','a','a','a','a','a','a','a','a','a','a','a','a','a','a','a','a','a','a','a','a','a','a','a','a','a','a','a','a','a','a','a','a','a','a','a','a','a','a','a','a','a','a','a','a','a','a','a','a'}; 
Previous 5: main:buf:1={'A','A','A','A','A','A','A','A','A','A','A','A','A','A','A','A','A','A','A','A','A','A','A','A','A','A','A','A','A','A','A','A','A','A','A','A','A','A','A','A','A','A','A','A','A','A','A','A','A','A','B','B','B','B','B','B','B','B','B','B','B','B','B','B','B','B','B','B','B','B','B','B','B','B','B','B','B','B','B','B','B','B','B','B','B','B','B','B','B','B','B','B','B','B','B','B','B','B','C','D'}; 
Previous 6: main:buf:1={'b','b','b','b','b','b','b','b','b','b','b','b','b','b','b','b','b','b','b','b','b','b','b','b','b','b','b','b','b','b','b','b','b','b','b','b','b','b','b','b','b','b','b','b','b','b','b','b','b','b','b','b','b','b','b','b','b','b','b','b','b','b','b','b','b','b','b','b','b','b','b','b','b','b','b','b','b','b','b','b','b','b','b','b','b','b','b','b','b','b','b','b','b','b','b','b','b','b','b','b'}; 
Previous 7: main:buf:1={'a','a','a','a','a','a','a','a','a','a','a','a','a','a','a','a','a','a','a','a','a','a','a','a','a','a','a','a','a','a','a','a','a','a','a','a','a','a','a','a','a','a','a','a','a','a','a','a','a','a','a','a','a','a','a','a','a','a','a','a','a','a','a','a','a','a','a','a','a','a','a','a','a','a','a','a','a','a','a','a','a','a','a','a','a','a','a','a','a','a','a','a','a','a','a','a','a','a','b','b'}; 
Previous 8: main:buf:1={'\'','\'','\'','\'','\'','\'','\'','\'','\'','\'','\'','\'','\'','\'','\'','\'','\'','\'','\'','\'','\'','\'','\'','\'','\'','\'','\'','\'','\'','\'','\'','\'','\'','\'','\'','\'','\'','\'','\'','\'','\'','\'','\'','\'','\'','\'','\'','\'','\'','\'','\'','\'','\'','\'','\'','\'','\'','\'','\'','\'','\'','\'','\'','\'','\'','\'','\'','\'','\'','\'','\'','\'','\'','\'','\'','\'','\'','\'','\'','\'','\'','\'','\'','\'','\'','\'','\'','\'','\'','\'','\'','\'','\'','\'','\'','\'','\'','\'','\'','\''}; 
Previous 9: main:buf:1={'A','A','A','A','A','A','A','A','A','A','A','A','A','A','A','A','A','A','A','A','A','A','A','A','A','A','A','A','A','A','A','A','A','A','A','A','A','A','A','A','A','A','A','A','A','A','A','A','A','A','A','A','A','A','A','A','A','A','A','A','A','A','A','A','A','A','A','A','A','A','A','A','A','A','A','A','A','A','A','A','A','A','A','A','A','A','A','A','A','A','A','A','A','A','A','A','A','A','A','A'}; 
Previous 10: main:buf:1={'a','a','a','a','a','a','a','a','a','a','a','a','a','a','a','a','a','a','a','a','a','a','a','a','a','a','a','a','a','a','a','a','a','a','a','a','a','a','a','a','a','a','a','a','a','a','a','a','a','a','a','a','a','a','a','a','a','a','a','a','a','a','a','a','a','a','a','a','a','a','a','a','a','a','a','a','a','a','a','a','a','a','a','a','a','a','a','a','a','a','a','a','a','a','a','a','a','a','a','0'}; 
Previous 11: main:buf:1={'/','*','!','@','#','$','%','^','&','*','-','+','=','_','|','{','}',':',';','?','/','[',']',';','\'','`','~','1','2','3','4','5','6','7','8','9','0','a','b','c','d','e','f','g','h','i','j','k','l','m','n','o','p','q','r','s','t','u','v','w','x','y','z','A','B','C','D','E','F','G','H','I','J','K','L','M','N','O','P','Q','R','S','T','U','V','W','X','Y','Z','!','?','!','?','!','?','!','?','!','?','!'}; 
Previous 12: main:buf:1={'c','c','c','c','c','c','c','c','c','c','c','c','c','c','c','c','c','c','c','c','c','c','c','c','c','c','c','c','c','c','c','c','c','c','c','c','c','c','c','c','c','c','c','c','c','c','c','c','c','c','c','c','c','c','c','c','c','c','c','c','c','c','c','c','c','c','c','c','c','c','c','c','c','c','c','c','c','c','c','c','c','c','c','c','c','c','c','c','c','c','c','c','c','c','c','c','c','c','c','d'}; 
Previous 13: main:buf:1={'0','0','0','0','0','0','0','0','0','0','0','0','0','0','0','0','0','0','0','0','0','0','0','0','0','0','0','0','0','0','0','0','0','0','0','0','0','0','0','0','0','0','0','0','0','0','0','0','0','0','0','0','0','0','0','0','0','0','0','0','0','0','0','0','0','0','0','0','0','0','0','0','0','0','0','0','0','0','0','0','0','0','0','0','0','0','0','0','0','0','0','0','0','0','0','0','0','0','0','0'}; 
Previous 14: main:buf:1={'x','y','x','y','x','y','x','y','x','y','x','y','x','y','x','y','x','y','x','y','x','y','x','y','x','y','x','y','x','y','x','y','x','y','x','y','x','y','x','y','x','y','x','y','x','y','x','y','x','y','x','y','x','y','x','y','x','y','x','y','x','y','x','y','x','y','x','y','x','y','x','y','x','y','x','y','x','y','x','y','x','y','x','y','x','y','x','y','x','y','x','y','x','y','x','y','x','y','x','y'}; 
Previous 15: main:buf:1={'0','1','2','3','4','5','6','7','8','9','A','B','C','D','E','F','G','H','I','J','K','L','M','N','O','P','Q','R','S','T','U','V','W','X','Y','Z','a','b','c','d','e','f','g','h','i','j','k','l','m','n','o','p','q','r','s','t','u','v','w','x','y','z','!','@','#','$','%','^','&','*','(',')','-','_','=','+','[',']','{','}','|','/','?',' ','~','`',' ',' ','!','@','#','$','%','^','&','*','(',')','-','['}; 
Previous 16: main:buf:1={'\'','0','\'','\'','a','\'','a','\'','a','\'','a','\'','a','\'','a','\'','a','\'','a','\'','a','\'','a','\'','a','\'','a','\'','a','\'','a','\'','a','\'','a','\'','a','\'','a','\'','a','\'','a','\'','a','\'','a','\'','a','\'','a','\'','a','\'','a','\'','a','\'','a','\'','a','\'','a','\'','a','\'','a','\'','a','\'','a','\'','a','\'','a','\'','a','\'','a','\'','a','\'','a','\'','a','\'','a','\'','a','\'','a','\'','a','\'','a','\'','a','\'','a','\''}; 
Previous 17: main:buf:1={'g','g','g','g','g','g','g','g','g','g','g','g','g','g','g','g','g','g','g','g','g','g','g','g','g','g','g','g','g','g','g','g','g','g','g','g','g','g','g','g','g','g','g','g','g','g','g','g','g','g','g','g','g','g','g','g','g','g','g','g','g','g','g','g','g','g','g','g','g','g','g','g','g','g','g','g','g','g','g','g','g','g','g','g','g','g','g','g','g','g','g','g','g','g','g','g','g','g','g','g'}; 
Previous 18: main:buf:1={'_','_','_','_','_','_','_','_','_','_','_','_','_','_','_','_','_','_','_','_','_','_','_','_','_','_','_','_','_','_','_','_','_','_','_','_','_','_','_','_','_','_','_','_','_','_','_','_','_','_','_','_','_','_','_','_','_','_','_','_','_','_','_','_','_','_','_','_','_','_','_','_','_','_','_','_','_','_','_','_','_','_','_','_','_','_','_','_','_','_','_','_','_','_','_','_','_','_','_','_'}; 

Program:
extern char __VERIFIER_nondet_char(void);
/*
Commit Number: cea58cb6d8fe0d27bfcbab57776bd36d5c724ec3
URL: https://github.com/GNOME/evolution-data-server/commit/cea58cb6d8fe0d27bfcbab57776bd36d5c724ec3
Project Name: evolution-data-server
License: GPL2
termination: false


*/
int strcspn(const char *strSrc, const char *str)
{
    const char *s;
    const char *t = strSrc;
    while (*t != '\0')
    {
        s = str;
        while (*s != '\0')
        {
            if (*t == *s )
            return t-strSrc;
            ++s;
        }
        ++t;
    }
    return 0;
}
int main()
{
    char buf[100];
    for( int i = 0 ; i < 99 ; i++ )
        buf[i] = __VERIFIER_nondet_char();
    buf[99] = '\0';
    char *p = buf;
    while( *p )
    {
        int len = strcspn( p , ""\n"");
        p += len;
    }
    return 0;

}

"
25,T,"main:buf:1={'\'','\'','\'','\'','\'','\'','\'','\'','\'','\'','\'','\'','\'','\'','\'','\'','\'','\'','\'','\'','\'','\'','\'','\'','\'','\'','\'','\'','\'','\'','\'','\'','\'','\'','\'','\'','\'','\'','\'','\'','\'','\'','\'','\'','\'','\'','\'','\'','\'','\'','\'','\'','\'','\'','\'','\'','\'','\'','\'','\'','\'','\'','\'','\'','\'','\'','\'','\'','\'','\'','\'','\'','\'','\'','\'','\'','\'','\'','\'','\'','\'','\'','\'','\'','\'','\'','\'','\'','\'','\'','\'','\'','\'','\'','\'','\'','\'','\'','\'','\''}
",,DUPLICATE,,false,,"You generate concrete values for nondeterministic inputs in a C/C++ program.
Your goal is to produce ONE complete assignment set that is likely to make the program terminate.

Important rules:
1. Return a value for EVERY listed nondeterministic input ID.
2. Use each ID exactly once.
3. Respect the declared C/C++ type.
4. For an array, return the value as an array containing exactly the required number of elements.
5. For char arrays, each element must be exactly one character. Return the character itself without C single quotes.
6. Prefer small-magnitude values unless larger values are necessary to achieve the requested execution behavior.

Nondeterministic inputs:
- id: main:buf:1, type: char, array: true, size: 100, required elements: 100

Previously generated assignment sets are listed below. Generate a materially different set and do not duplicate any of them.
Previous 1: main:buf:1={':',':','@','A','1','$','a','B','c','D','e','F','g','H','i','J','k','L','m','N','o','P','q','R','s','T','u','V','w','X','y','Z','0','1','2','3','4','5','6','7','8','9','!','?','-','_','+','%','^','&','*','/','`','{','}','[',']','|','~',' ','a','b','c','d','e','f','g','h','i','j','k','l','m','n','o','p','q','r','s','t','u','v','w','x','y','z','A','B','C','D','E','F','G','H','I','J','K','L','M','N'}; 
Previous 2: main:buf:1={'a','a','a','a','a','a','a','a','a','a','a','a','a','a','a','a','a','a','a','a','a','a','a','a','a','a','a','a','a','a','a','a','a','a','a','a','a','a','a','a','a','a','a','a','a','a','a','a','a','a','a','a','a','a','a','a','a','a','a','a','a','a','a','a','a','a','a','a','a','a','a','a','a','a','a','a','a','a','a','a','a','a','a','a','a','a','a','a','a','a','a','a','a','a','a','a','a','a','a','a'}; 
Previous 3: main:buf:1={'0','a','a','a','a','a','a','a','a','a','a','a','a','a','a','a','a','a','a','a','a','a','a','a','a','a','a','a','a','a','a','a','a','a','a','a','a','a','a','a','a','a','a','a','a','a','a','a','a','a','a','a','a','a','a','a','a','a','a','a','a','a','a','a','a','a','a','a','a','a','a','a','a','a','a','a','a','a','a','a','a','a','a','a','a','a','a','a','a','a','a','a','a','a','a','a','a','a','a','a'}; 
Previous 4: main:buf:1={'{','0',',','a','a','a','a','a','a','a','a','a','a','a','a','a','a','a','a','a','a','a','a','a','a','a','a','a','a','a','a','a','a','a','a','a','a','a','a','a','a','a','a','a','a','a','a','a','a','a','a','a','a','a','a','a','a','a','a','a','a','a','a','a','a','a','a','a','a','a','a','a','a','a','a','a','a','a','a','a','a','a','a','a','a','a','a','a','a','a','a','a','a','a','a','a','a','a','a','a'}; 
Previous 5: main:buf:1={'A','A','A','A','A','A','A','A','A','A','A','A','A','A','A','A','A','A','A','A','A','A','A','A','A','A','A','A','A','A','A','A','A','A','A','A','A','A','A','A','A','A','A','A','A','A','A','A','A','A','B','B','B','B','B','B','B','B','B','B','B','B','B','B','B','B','B','B','B','B','B','B','B','B','B','B','B','B','B','B','B','B','B','B','B','B','B','B','B','B','B','B','B','B','B','B','B','B','C','D'}; 
Previous 6: main:buf:1={'b','b','b','b','b','b','b','b','b','b','b','b','b','b','b','b','b','b','b','b','b','b','b','b','b','b','b','b','b','b','b','b','b','b','b','b','b','b','b','b','b','b','b','b','b','b','b','b','b','b','b','b','b','b','b','b','b','b','b','b','b','b','b','b','b','b','b','b','b','b','b','b','b','b','b','b','b','b','b','b','b','b','b','b','b','b','b','b','b','b','b','b','b','b','b','b','b','b','b','b'}; 
Previous 7: main:buf:1={'a','a','a','a','a','a','a','a','a','a','a','a','a','a','a','a','a','a','a','a','a','a','a','a','a','a','a','a','a','a','a','a','a','a','a','a','a','a','a','a','a','a','a','a','a','a','a','a','a','a','a','a','a','a','a','a','a','a','a','a','a','a','a','a','a','a','a','a','a','a','a','a','a','a','a','a','a','a','a','a','a','a','a','a','a','a','a','a','a','a','a','a','a','a','a','a','a','a','b','b'}; 
Previous 8: main:buf:1={'\'','\'','\'','\'','\'','\'','\'','\'','\'','\'','\'','\'','\'','\'','\'','\'','\'','\'','\'','\'','\'','\'','\'','\'','\'','\'','\'','\'','\'','\'','\'','\'','\'','\'','\'','\'','\'','\'','\'','\'','\'','\'','\'','\'','\'','\'','\'','\'','\'','\'','\'','\'','\'','\'','\'','\'','\'','\'','\'','\'','\'','\'','\'','\'','\'','\'','\'','\'','\'','\'','\'','\'','\'','\'','\'','\'','\'','\'','\'','\'','\'','\'','\'','\'','\'','\'','\'','\'','\'','\'','\'','\'','\'','\'','\'','\'','\'','\'','\'','\''}; 
Previous 9: main:buf:1={'A','A','A','A','A','A','A','A','A','A','A','A','A','A','A','A','A','A','A','A','A','A','A','A','A','A','A','A','A','A','A','A','A','A','A','A','A','A','A','A','A','A','A','A','A','A','A','A','A','A','A','A','A','A','A','A','A','A','A','A','A','A','A','A','A','A','A','A','A','A','A','A','A','A','A','A','A','A','A','A','A','A','A','A','A','A','A','A','A','A','A','A','A','A','A','A','A','A','A','A'}; 
Previous 10: main:buf:1={'a','a','a','a','a','a','a','a','a','a','a','a','a','a','a','a','a','a','a','a','a','a','a','a','a','a','a','a','a','a','a','a','a','a','a','a','a','a','a','a','a','a','a','a','a','a','a','a','a','a','a','a','a','a','a','a','a','a','a','a','a','a','a','a','a','a','a','a','a','a','a','a','a','a','a','a','a','a','a','a','a','a','a','a','a','a','a','a','a','a','a','a','a','a','a','a','a','a','a','0'}; 
Previous 11: main:buf:1={'/','*','!','@','#','$','%','^','&','*','-','+','=','_','|','{','}',':',';','?','/','[',']',';','\'','`','~','1','2','3','4','5','6','7','8','9','0','a','b','c','d','e','f','g','h','i','j','k','l','m','n','o','p','q','r','s','t','u','v','w','x','y','z','A','B','C','D','E','F','G','H','I','J','K','L','M','N','O','P','Q','R','S','T','U','V','W','X','Y','Z','!','?','!','?','!','?','!','?','!','?','!'}; 
Previous 12: main:buf:1={'c','c','c','c','c','c','c','c','c','c','c','c','c','c','c','c','c','c','c','c','c','c','c','c','c','c','c','c','c','c','c','c','c','c','c','c','c','c','c','c','c','c','c','c','c','c','c','c','c','c','c','c','c','c','c','c','c','c','c','c','c','c','c','c','c','c','c','c','c','c','c','c','c','c','c','c','c','c','c','c','c','c','c','c','c','c','c','c','c','c','c','c','c','c','c','c','c','c','c','d'}; 
Previous 13: main:buf:1={'0','0','0','0','0','0','0','0','0','0','0','0','0','0','0','0','0','0','0','0','0','0','0','0','0','0','0','0','0','0','0','0','0','0','0','0','0','0','0','0','0','0','0','0','0','0','0','0','0','0','0','0','0','0','0','0','0','0','0','0','0','0','0','0','0','0','0','0','0','0','0','0','0','0','0','0','0','0','0','0','0','0','0','0','0','0','0','0','0','0','0','0','0','0','0','0','0','0','0','0'}; 
Previous 14: main:buf:1={'x','y','x','y','x','y','x','y','x','y','x','y','x','y','x','y','x','y','x','y','x','y','x','y','x','y','x','y','x','y','x','y','x','y','x','y','x','y','x','y','x','y','x','y','x','y','x','y','x','y','x','y','x','y','x','y','x','y','x','y','x','y','x','y','x','y','x','y','x','y','x','y','x','y','x','y','x','y','x','y','x','y','x','y','x','y','x','y','x','y','x','y','x','y','x','y','x','y','x','y'}; 
Previous 15: main:buf:1={'0','1','2','3','4','5','6','7','8','9','A','B','C','D','E','F','G','H','I','J','K','L','M','N','O','P','Q','R','S','T','U','V','W','X','Y','Z','a','b','c','d','e','f','g','h','i','j','k','l','m','n','o','p','q','r','s','t','u','v','w','x','y','z','!','@','#','$','%','^','&','*','(',')','-','_','=','+','[',']','{','}','|','/','?',' ','~','`',' ',' ','!','@','#','$','%','^','&','*','(',')','-','['}; 
Previous 16: main:buf:1={'\'','0','\'','\'','a','\'','a','\'','a','\'','a','\'','a','\'','a','\'','a','\'','a','\'','a','\'','a','\'','a','\'','a','\'','a','\'','a','\'','a','\'','a','\'','a','\'','a','\'','a','\'','a','\'','a','\'','a','\'','a','\'','a','\'','a','\'','a','\'','a','\'','a','\'','a','\'','a','\'','a','\'','a','\'','a','\'','a','\'','a','\'','a','\'','a','\'','a','\'','a','\'','a','\'','a','\'','a','\'','a','\'','a','\'','a','\'','a','\'','a','\'','a','\''}; 
Previous 17: main:buf:1={'g','g','g','g','g','g','g','g','g','g','g','g','g','g','g','g','g','g','g','g','g','g','g','g','g','g','g','g','g','g','g','g','g','g','g','g','g','g','g','g','g','g','g','g','g','g','g','g','g','g','g','g','g','g','g','g','g','g','g','g','g','g','g','g','g','g','g','g','g','g','g','g','g','g','g','g','g','g','g','g','g','g','g','g','g','g','g','g','g','g','g','g','g','g','g','g','g','g','g','g'}; 
Previous 18: main:buf:1={'_','_','_','_','_','_','_','_','_','_','_','_','_','_','_','_','_','_','_','_','_','_','_','_','_','_','_','_','_','_','_','_','_','_','_','_','_','_','_','_','_','_','_','_','_','_','_','_','_','_','_','_','_','_','_','_','_','_','_','_','_','_','_','_','_','_','_','_','_','_','_','_','_','_','_','_','_','_','_','_','_','_','_','_','_','_','_','_','_','_','_','_','_','_','_','_','_','_','_','_'}; 
Previous 19: main:buf:1={'a','b','c','d','e','f','g','h','i','j','a','b','c','d','e','f','g','h','i','j','a','b','c','d','e','f','g','h','i','j','a','b','c','d','e','f','g','h','i','j','a','b','c','d','e','f','g','h','i','j','a','b','c','d','e','f','g','h','i','j','a','b','c','d','e','f','g','h','i','j','a','b','c','d','e','f','g','h','i','j','a','b','c','d','e','f','g','h','i','j','a','b','c','d','e','f','g','h','i','j'}; 

Program:
extern char __VERIFIER_nondet_char(void);
/*
Commit Number: cea58cb6d8fe0d27bfcbab57776bd36d5c724ec3
URL: https://github.com/GNOME/evolution-data-server/commit/cea58cb6d8fe0d27bfcbab57776bd36d5c724ec3
Project Name: evolution-data-server
License: GPL2
termination: false


*/
int strcspn(const char *strSrc, const char *str)
{
    const char *s;
    const char *t = strSrc;
    while (*t != '\0')
    {
        s = str;
        while (*s != '\0')
        {
            if (*t == *s )
            return t-strSrc;
            ++s;
        }
        ++t;
    }
    return 0;
}
int main()
{
    char buf[100];
    for( int i = 0 ; i < 99 ; i++ )
        buf[i] = __VERIFIER_nondet_char();
    buf[99] = '\0';
    char *p = buf;
    while( *p )
    {
        int len = strcspn( p , ""\n"");
        p += len;
    }
    return 0;

}

"
26,T,"main:buf:1={'a','a','a','a','a','a','a','a','a','a','a','a','a','a','a','a','a','a','a','a','a','a','a','a','a','a','a','a','a','a','a','a','a','a','a','a','a','a','a','a','a','a','a','a','a','a','a','a','a','a','b','b','b','b','b','b','b','b','b','b','b','b','b','b','b','b','b','b','b','b','b','b','b','b','b','b','b','b','c','c','c','c','c','c','c','c','c','c','c','c','c','c','c','c','c','c','c','c','c','c'}
",,TIMEOUT,LIKELY_NT,false,,"You generate concrete values for nondeterministic inputs in a C/C++ program.
Your goal is to produce ONE complete assignment set that is likely to make the program terminate.

Important rules:
1. Return a value for EVERY listed nondeterministic input ID.
2. Use each ID exactly once.
3. Respect the declared C/C++ type.
4. For an array, return the value as an array containing exactly the required number of elements.
5. For char arrays, each element must be exactly one character. Return the character itself without C single quotes.
6. Prefer small-magnitude values unless larger values are necessary to achieve the requested execution behavior.

Nondeterministic inputs:
- id: main:buf:1, type: char, array: true, size: 100, required elements: 100

Previously generated assignment sets are listed below. Generate a materially different set and do not duplicate any of them.
Previous 1: main:buf:1={':',':','@','A','1','$','a','B','c','D','e','F','g','H','i','J','k','L','m','N','o','P','q','R','s','T','u','V','w','X','y','Z','0','1','2','3','4','5','6','7','8','9','!','?','-','_','+','%','^','&','*','/','`','{','}','[',']','|','~',' ','a','b','c','d','e','f','g','h','i','j','k','l','m','n','o','p','q','r','s','t','u','v','w','x','y','z','A','B','C','D','E','F','G','H','I','J','K','L','M','N'}; 
Previous 2: main:buf:1={'a','a','a','a','a','a','a','a','a','a','a','a','a','a','a','a','a','a','a','a','a','a','a','a','a','a','a','a','a','a','a','a','a','a','a','a','a','a','a','a','a','a','a','a','a','a','a','a','a','a','a','a','a','a','a','a','a','a','a','a','a','a','a','a','a','a','a','a','a','a','a','a','a','a','a','a','a','a','a','a','a','a','a','a','a','a','a','a','a','a','a','a','a','a','a','a','a','a','a','a'}; 
Previous 3: main:buf:1={'0','a','a','a','a','a','a','a','a','a','a','a','a','a','a','a','a','a','a','a','a','a','a','a','a','a','a','a','a','a','a','a','a','a','a','a','a','a','a','a','a','a','a','a','a','a','a','a','a','a','a','a','a','a','a','a','a','a','a','a','a','a','a','a','a','a','a','a','a','a','a','a','a','a','a','a','a','a','a','a','a','a','a','a','a','a','a','a','a','a','a','a','a','a','a','a','a','a','a','a'}; 
Previous 4: main:buf:1={'{','0',',','a','a','a','a','a','a','a','a','a','a','a','a','a','a','a','a','a','a','a','a','a','a','a','a','a','a','a','a','a','a','a','a','a','a','a','a','a','a','a','a','a','a','a','a','a','a','a','a','a','a','a','a','a','a','a','a','a','a','a','a','a','a','a','a','a','a','a','a','a','a','a','a','a','a','a','a','a','a','a','a','a','a','a','a','a','a','a','a','a','a','a','a','a','a','a','a','a'}; 
Previous 5: main:buf:1={'A','A','A','A','A','A','A','A','A','A','A','A','A','A','A','A','A','A','A','A','A','A','A','A','A','A','A','A','A','A','A','A','A','A','A','A','A','A','A','A','A','A','A','A','A','A','A','A','A','A','B','B','B','B','B','B','B','B','B','B','B','B','B','B','B','B','B','B','B','B','B','B','B','B','B','B','B','B','B','B','B','B','B','B','B','B','B','B','B','B','B','B','B','B','B','B','B','B','C','D'}; 
Previous 6: main:buf:1={'b','b','b','b','b','b','b','b','b','b','b','b','b','b','b','b','b','b','b','b','b','b','b','b','b','b','b','b','b','b','b','b','b','b','b','b','b','b','b','b','b','b','b','b','b','b','b','b','b','b','b','b','b','b','b','b','b','b','b','b','b','b','b','b','b','b','b','b','b','b','b','b','b','b','b','b','b','b','b','b','b','b','b','b','b','b','b','b','b','b','b','b','b','b','b','b','b','b','b','b'}; 
Previous 7: main:buf:1={'a','a','a','a','a','a','a','a','a','a','a','a','a','a','a','a','a','a','a','a','a','a','a','a','a','a','a','a','a','a','a','a','a','a','a','a','a','a','a','a','a','a','a','a','a','a','a','a','a','a','a','a','a','a','a','a','a','a','a','a','a','a','a','a','a','a','a','a','a','a','a','a','a','a','a','a','a','a','a','a','a','a','a','a','a','a','a','a','a','a','a','a','a','a','a','a','a','a','b','b'}; 
Previous 8: main:buf:1={'\'','\'','\'','\'','\'','\'','\'','\'','\'','\'','\'','\'','\'','\'','\'','\'','\'','\'','\'','\'','\'','\'','\'','\'','\'','\'','\'','\'','\'','\'','\'','\'','\'','\'','\'','\'','\'','\'','\'','\'','\'','\'','\'','\'','\'','\'','\'','\'','\'','\'','\'','\'','\'','\'','\'','\'','\'','\'','\'','\'','\'','\'','\'','\'','\'','\'','\'','\'','\'','\'','\'','\'','\'','\'','\'','\'','\'','\'','\'','\'','\'','\'','\'','\'','\'','\'','\'','\'','\'','\'','\'','\'','\'','\'','\'','\'','\'','\'','\'','\''}; 
Previous 9: main:buf:1={'A','A','A','A','A','A','A','A','A','A','A','A','A','A','A','A','A','A','A','A','A','A','A','A','A','A','A','A','A','A','A','A','A','A','A','A','A','A','A','A','A','A','A','A','A','A','A','A','A','A','A','A','A','A','A','A','A','A','A','A','A','A','A','A','A','A','A','A','A','A','A','A','A','A','A','A','A','A','A','A','A','A','A','A','A','A','A','A','A','A','A','A','A','A','A','A','A','A','A','A'}; 
Previous 10: main:buf:1={'a','a','a','a','a','a','a','a','a','a','a','a','a','a','a','a','a','a','a','a','a','a','a','a','a','a','a','a','a','a','a','a','a','a','a','a','a','a','a','a','a','a','a','a','a','a','a','a','a','a','a','a','a','a','a','a','a','a','a','a','a','a','a','a','a','a','a','a','a','a','a','a','a','a','a','a','a','a','a','a','a','a','a','a','a','a','a','a','a','a','a','a','a','a','a','a','a','a','a','0'}; 
Previous 11: main:buf:1={'/','*','!','@','#','$','%','^','&','*','-','+','=','_','|','{','}',':',';','?','/','[',']',';','\'','`','~','1','2','3','4','5','6','7','8','9','0','a','b','c','d','e','f','g','h','i','j','k','l','m','n','o','p','q','r','s','t','u','v','w','x','y','z','A','B','C','D','E','F','G','H','I','J','K','L','M','N','O','P','Q','R','S','T','U','V','W','X','Y','Z','!','?','!','?','!','?','!','?','!','?','!'}; 
Previous 12: main:buf:1={'c','c','c','c','c','c','c','c','c','c','c','c','c','c','c','c','c','c','c','c','c','c','c','c','c','c','c','c','c','c','c','c','c','c','c','c','c','c','c','c','c','c','c','c','c','c','c','c','c','c','c','c','c','c','c','c','c','c','c','c','c','c','c','c','c','c','c','c','c','c','c','c','c','c','c','c','c','c','c','c','c','c','c','c','c','c','c','c','c','c','c','c','c','c','c','c','c','c','c','d'}; 
Previous 13: main:buf:1={'0','0','0','0','0','0','0','0','0','0','0','0','0','0','0','0','0','0','0','0','0','0','0','0','0','0','0','0','0','0','0','0','0','0','0','0','0','0','0','0','0','0','0','0','0','0','0','0','0','0','0','0','0','0','0','0','0','0','0','0','0','0','0','0','0','0','0','0','0','0','0','0','0','0','0','0','0','0','0','0','0','0','0','0','0','0','0','0','0','0','0','0','0','0','0','0','0','0','0','0'}; 
Previous 14: main:buf:1={'x','y','x','y','x','y','x','y','x','y','x','y','x','y','x','y','x','y','x','y','x','y','x','y','x','y','x','y','x','y','x','y','x','y','x','y','x','y','x','y','x','y','x','y','x','y','x','y','x','y','x','y','x','y','x','y','x','y','x','y','x','y','x','y','x','y','x','y','x','y','x','y','x','y','x','y','x','y','x','y','x','y','x','y','x','y','x','y','x','y','x','y','x','y','x','y','x','y','x','y'}; 
Previous 15: main:buf:1={'0','1','2','3','4','5','6','7','8','9','A','B','C','D','E','F','G','H','I','J','K','L','M','N','O','P','Q','R','S','T','U','V','W','X','Y','Z','a','b','c','d','e','f','g','h','i','j','k','l','m','n','o','p','q','r','s','t','u','v','w','x','y','z','!','@','#','$','%','^','&','*','(',')','-','_','=','+','[',']','{','}','|','/','?',' ','~','`',' ',' ','!','@','#','$','%','^','&','*','(',')','-','['}; 
Previous 16: main:buf:1={'\'','0','\'','\'','a','\'','a','\'','a','\'','a','\'','a','\'','a','\'','a','\'','a','\'','a','\'','a','\'','a','\'','a','\'','a','\'','a','\'','a','\'','a','\'','a','\'','a','\'','a','\'','a','\'','a','\'','a','\'','a','\'','a','\'','a','\'','a','\'','a','\'','a','\'','a','\'','a','\'','a','\'','a','\'','a','\'','a','\'','a','\'','a','\'','a','\'','a','\'','a','\'','a','\'','a','\'','a','\'','a','\'','a','\'','a','\'','a','\'','a','\'','a','\''}; 
Previous 17: main:buf:1={'g','g','g','g','g','g','g','g','g','g','g','g','g','g','g','g','g','g','g','g','g','g','g','g','g','g','g','g','g','g','g','g','g','g','g','g','g','g','g','g','g','g','g','g','g','g','g','g','g','g','g','g','g','g','g','g','g','g','g','g','g','g','g','g','g','g','g','g','g','g','g','g','g','g','g','g','g','g','g','g','g','g','g','g','g','g','g','g','g','g','g','g','g','g','g','g','g','g','g','g'}; 
Previous 18: main:buf:1={'_','_','_','_','_','_','_','_','_','_','_','_','_','_','_','_','_','_','_','_','_','_','_','_','_','_','_','_','_','_','_','_','_','_','_','_','_','_','_','_','_','_','_','_','_','_','_','_','_','_','_','_','_','_','_','_','_','_','_','_','_','_','_','_','_','_','_','_','_','_','_','_','_','_','_','_','_','_','_','_','_','_','_','_','_','_','_','_','_','_','_','_','_','_','_','_','_','_','_','_'}; 
Previous 19: main:buf:1={'a','b','c','d','e','f','g','h','i','j','a','b','c','d','e','f','g','h','i','j','a','b','c','d','e','f','g','h','i','j','a','b','c','d','e','f','g','h','i','j','a','b','c','d','e','f','g','h','i','j','a','b','c','d','e','f','g','h','i','j','a','b','c','d','e','f','g','h','i','j','a','b','c','d','e','f','g','h','i','j','a','b','c','d','e','f','g','h','i','j','a','b','c','d','e','f','g','h','i','j'}; 

Program:
extern char __VERIFIER_nondet_char(void);
/*
Commit Number: cea58cb6d8fe0d27bfcbab57776bd36d5c724ec3
URL: https://github.com/GNOME/evolution-data-server/commit/cea58cb6d8fe0d27bfcbab57776bd36d5c724ec3
Project Name: evolution-data-server
License: GPL2
termination: false


*/
int strcspn(const char *strSrc, const char *str)
{
    const char *s;
    const char *t = strSrc;
    while (*t != '\0')
    {
        s = str;
        while (*s != '\0')
        {
            if (*t == *s )
            return t-strSrc;
            ++s;
        }
        ++t;
    }
    return 0;
}
int main()
{
    char buf[100];
    for( int i = 0 ; i < 99 ; i++ )
        buf[i] = __VERIFIER_nondet_char();
    buf[99] = '\0';
    char *p = buf;
    while( *p )
    {
        int len = strcspn( p , ""\n"");
        p += len;
    }
    return 0;

}

"
27,T,"main:buf:1={'>','0','0','0','0','0','0','0','0','0','0','0','0','0','0','0','0','0','0','0','0','0','0','0','0','0','0','0','0','0','0','0','0','0','0','0','0','0','0','0','0','0','0','0','0','0','0','0','0','0','0','0','0','0','0','0','0','0','0','0','0','0','0','0','0','0','0','0','0','0','0','0','0','0','0','0','0','0','0','0','0','0','0','0','0','0','0','0','0','0','0','0','0','0','0','0','0','0','0','0'}
",,TIMEOUT,LIKELY_NT,false,,"You generate concrete values for nondeterministic inputs in a C/C++ program.
Your goal is to produce ONE complete assignment set that is likely to make the program terminate.

Important rules:
1. Return a value for EVERY listed nondeterministic input ID.
2. Use each ID exactly once.
3. Respect the declared C/C++ type.
4. For an array, return the value as an array containing exactly the required number of elements.
5. For char arrays, each element must be exactly one character. Return the character itself without C single quotes.
6. Prefer small-magnitude values unless larger values are necessary to achieve the requested execution behavior.

Nondeterministic inputs:
- id: main:buf:1, type: char, array: true, size: 100, required elements: 100

Previously generated assignment sets are listed below. Generate a materially different set and do not duplicate any of them.
Previous 1: main:buf:1={':',':','@','A','1','$','a','B','c','D','e','F','g','H','i','J','k','L','m','N','o','P','q','R','s','T','u','V','w','X','y','Z','0','1','2','3','4','5','6','7','8','9','!','?','-','_','+','%','^','&','*','/','`','{','}','[',']','|','~',' ','a','b','c','d','e','f','g','h','i','j','k','l','m','n','o','p','q','r','s','t','u','v','w','x','y','z','A','B','C','D','E','F','G','H','I','J','K','L','M','N'}; 
Previous 2: main:buf:1={'a','a','a','a','a','a','a','a','a','a','a','a','a','a','a','a','a','a','a','a','a','a','a','a','a','a','a','a','a','a','a','a','a','a','a','a','a','a','a','a','a','a','a','a','a','a','a','a','a','a','a','a','a','a','a','a','a','a','a','a','a','a','a','a','a','a','a','a','a','a','a','a','a','a','a','a','a','a','a','a','a','a','a','a','a','a','a','a','a','a','a','a','a','a','a','a','a','a','a','a'}; 
Previous 3: main:buf:1={'0','a','a','a','a','a','a','a','a','a','a','a','a','a','a','a','a','a','a','a','a','a','a','a','a','a','a','a','a','a','a','a','a','a','a','a','a','a','a','a','a','a','a','a','a','a','a','a','a','a','a','a','a','a','a','a','a','a','a','a','a','a','a','a','a','a','a','a','a','a','a','a','a','a','a','a','a','a','a','a','a','a','a','a','a','a','a','a','a','a','a','a','a','a','a','a','a','a','a','a'}; 
Previous 4: main:buf:1={'{','0',',','a','a','a','a','a','a','a','a','a','a','a','a','a','a','a','a','a','a','a','a','a','a','a','a','a','a','a','a','a','a','a','a','a','a','a','a','a','a','a','a','a','a','a','a','a','a','a','a','a','a','a','a','a','a','a','a','a','a','a','a','a','a','a','a','a','a','a','a','a','a','a','a','a','a','a','a','a','a','a','a','a','a','a','a','a','a','a','a','a','a','a','a','a','a','a','a','a'}; 
Previous 5: main:buf:1={'A','A','A','A','A','A','A','A','A','A','A','A','A','A','A','A','A','A','A','A','A','A','A','A','A','A','A','A','A','A','A','A','A','A','A','A','A','A','A','A','A','A','A','A','A','A','A','A','A','A','B','B','B','B','B','B','B','B','B','B','B','B','B','B','B','B','B','B','B','B','B','B','B','B','B','B','B','B','B','B','B','B','B','B','B','B','B','B','B','B','B','B','B','B','B','B','B','B','C','D'}; 
Previous 6: main:buf:1={'b','b','b','b','b','b','b','b','b','b','b','b','b','b','b','b','b','b','b','b','b','b','b','b','b','b','b','b','b','b','b','b','b','b','b','b','b','b','b','b','b','b','b','b','b','b','b','b','b','b','b','b','b','b','b','b','b','b','b','b','b','b','b','b','b','b','b','b','b','b','b','b','b','b','b','b','b','b','b','b','b','b','b','b','b','b','b','b','b','b','b','b','b','b','b','b','b','b','b','b'}; 
Previous 7: main:buf:1={'a','a','a','a','a','a','a','a','a','a','a','a','a','a','a','a','a','a','a','a','a','a','a','a','a','a','a','a','a','a','a','a','a','a','a','a','a','a','a','a','a','a','a','a','a','a','a','a','a','a','a','a','a','a','a','a','a','a','a','a','a','a','a','a','a','a','a','a','a','a','a','a','a','a','a','a','a','a','a','a','a','a','a','a','a','a','a','a','a','a','a','a','a','a','a','a','a','a','b','b'}; 
Previous 8: main:buf:1={'\'','\'','\'','\'','\'','\'','\'','\'','\'','\'','\'','\'','\'','\'','\'','\'','\'','\'','\'','\'','\'','\'','\'','\'','\'','\'','\'','\'','\'','\'','\'','\'','\'','\'','\'','\'','\'','\'','\'','\'','\'','\'','\'','\'','\'','\'','\'','\'','\'','\'','\'','\'','\'','\'','\'','\'','\'','\'','\'','\'','\'','\'','\'','\'','\'','\'','\'','\'','\'','\'','\'','\'','\'','\'','\'','\'','\'','\'','\'','\'','\'','\'','\'','\'','\'','\'','\'','\'','\'','\'','\'','\'','\'','\'','\'','\'','\'','\'','\'','\''}; 
Previous 9: main:buf:1={'A','A','A','A','A','A','A','A','A','A','A','A','A','A','A','A','A','A','A','A','A','A','A','A','A','A','A','A','A','A','A','A','A','A','A','A','A','A','A','A','A','A','A','A','A','A','A','A','A','A','A','A','A','A','A','A','A','A','A','A','A','A','A','A','A','A','A','A','A','A','A','A','A','A','A','A','A','A','A','A','A','A','A','A','A','A','A','A','A','A','A','A','A','A','A','A','A','A','A','A'}; 
Previous 10: main:buf:1={'a','a','a','a','a','a','a','a','a','a','a','a','a','a','a','a','a','a','a','a','a','a','a','a','a','a','a','a','a','a','a','a','a','a','a','a','a','a','a','a','a','a','a','a','a','a','a','a','a','a','a','a','a','a','a','a','a','a','a','a','a','a','a','a','a','a','a','a','a','a','a','a','a','a','a','a','a','a','a','a','a','a','a','a','a','a','a','a','a','a','a','a','a','a','a','a','a','a','a','0'}; 
Previous 11: main:buf:1={'/','*','!','@','#','$','%','^','&','*','-','+','=','_','|','{','}',':',';','?','/','[',']',';','\'','`','~','1','2','3','4','5','6','7','8','9','0','a','b','c','d','e','f','g','h','i','j','k','l','m','n','o','p','q','r','s','t','u','v','w','x','y','z','A','B','C','D','E','F','G','H','I','J','K','L','M','N','O','P','Q','R','S','T','U','V','W','X','Y','Z','!','?','!','?','!','?','!','?','!','?','!'}; 
Previous 12: main:buf:1={'c','c','c','c','c','c','c','c','c','c','c','c','c','c','c','c','c','c','c','c','c','c','c','c','c','c','c','c','c','c','c','c','c','c','c','c','c','c','c','c','c','c','c','c','c','c','c','c','c','c','c','c','c','c','c','c','c','c','c','c','c','c','c','c','c','c','c','c','c','c','c','c','c','c','c','c','c','c','c','c','c','c','c','c','c','c','c','c','c','c','c','c','c','c','c','c','c','c','c','d'}; 
Previous 13: main:buf:1={'0','0','0','0','0','0','0','0','0','0','0','0','0','0','0','0','0','0','0','0','0','0','0','0','0','0','0','0','0','0','0','0','0','0','0','0','0','0','0','0','0','0','0','0','0','0','0','0','0','0','0','0','0','0','0','0','0','0','0','0','0','0','0','0','0','0','0','0','0','0','0','0','0','0','0','0','0','0','0','0','0','0','0','0','0','0','0','0','0','0','0','0','0','0','0','0','0','0','0','0'}; 
Previous 14: main:buf:1={'x','y','x','y','x','y','x','y','x','y','x','y','x','y','x','y','x','y','x','y','x','y','x','y','x','y','x','y','x','y','x','y','x','y','x','y','x','y','x','y','x','y','x','y','x','y','x','y','x','y','x','y','x','y','x','y','x','y','x','y','x','y','x','y','x','y','x','y','x','y','x','y','x','y','x','y','x','y','x','y','x','y','x','y','x','y','x','y','x','y','x','y','x','y','x','y','x','y','x','y'}; 
Previous 15: main:buf:1={'0','1','2','3','4','5','6','7','8','9','A','B','C','D','E','F','G','H','I','J','K','L','M','N','O','P','Q','R','S','T','U','V','W','X','Y','Z','a','b','c','d','e','f','g','h','i','j','k','l','m','n','o','p','q','r','s','t','u','v','w','x','y','z','!','@','#','$','%','^','&','*','(',')','-','_','=','+','[',']','{','}','|','/','?',' ','~','`',' ',' ','!','@','#','$','%','^','&','*','(',')','-','['}; 
Previous 16: main:buf:1={'\'','0','\'','\'','a','\'','a','\'','a','\'','a','\'','a','\'','a','\'','a','\'','a','\'','a','\'','a','\'','a','\'','a','\'','a','\'','a','\'','a','\'','a','\'','a','\'','a','\'','a','\'','a','\'','a','\'','a','\'','a','\'','a','\'','a','\'','a','\'','a','\'','a','\'','a','\'','a','\'','a','\'','a','\'','a','\'','a','\'','a','\'','a','\'','a','\'','a','\'','a','\'','a','\'','a','\'','a','\'','a','\'','a','\'','a','\'','a','\'','a','\'','a','\''}; 
Previous 17: main:buf:1={'g','g','g','g','g','g','g','g','g','g','g','g','g','g','g','g','g','g','g','g','g','g','g','g','g','g','g','g','g','g','g','g','g','g','g','g','g','g','g','g','g','g','g','g','g','g','g','g','g','g','g','g','g','g','g','g','g','g','g','g','g','g','g','g','g','g','g','g','g','g','g','g','g','g','g','g','g','g','g','g','g','g','g','g','g','g','g','g','g','g','g','g','g','g','g','g','g','g','g','g'}; 
Previous 18: main:buf:1={'_','_','_','_','_','_','_','_','_','_','_','_','_','_','_','_','_','_','_','_','_','_','_','_','_','_','_','_','_','_','_','_','_','_','_','_','_','_','_','_','_','_','_','_','_','_','_','_','_','_','_','_','_','_','_','_','_','_','_','_','_','_','_','_','_','_','_','_','_','_','_','_','_','_','_','_','_','_','_','_','_','_','_','_','_','_','_','_','_','_','_','_','_','_','_','_','_','_','_','_'}; 
Previous 19: main:buf:1={'a','b','c','d','e','f','g','h','i','j','a','b','c','d','e','f','g','h','i','j','a','b','c','d','e','f','g','h','i','j','a','b','c','d','e','f','g','h','i','j','a','b','c','d','e','f','g','h','i','j','a','b','c','d','e','f','g','h','i','j','a','b','c','d','e','f','g','h','i','j','a','b','c','d','e','f','g','h','i','j','a','b','c','d','e','f','g','h','i','j','a','b','c','d','e','f','g','h','i','j'}; 
Previous 20: main:buf:1={'a','a','a','a','a','a','a','a','a','a','a','a','a','a','a','a','a','a','a','a','a','a','a','a','a','a','a','a','a','a','a','a','a','a','a','a','a','a','a','a','a','a','a','a','a','a','a','a','a','a','b','b','b','b','b','b','b','b','b','b','b','b','b','b','b','b','b','b','b','b','b','b','b','b','b','b','b','b','c','c','c','c','c','c','c','c','c','c','c','c','c','c','c','c','c','c','c','c','c','c'}; 

Program:
extern char __VERIFIER_nondet_char(void);
/*
Commit Number: cea58cb6d8fe0d27bfcbab57776bd36d5c724ec3
URL: https://github.com/GNOME/evolution-data-server/commit/cea58cb6d8fe0d27bfcbab57776bd36d5c724ec3
Project Name: evolution-data-server
License: GPL2
termination: false


*/
int strcspn(const char *strSrc, const char *str)
{
    const char *s;
    const char *t = strSrc;
    while (*t != '\0')
    {
        s = str;
        while (*s != '\0')
        {
            if (*t == *s )
            return t-strSrc;
            ++s;
        }
        ++t;
    }
    return 0;
}
int main()
{
    char buf[100];
    for( int i = 0 ; i < 99 ; i++ )
        buf[i] = __VERIFIER_nondet_char();
    buf[99] = '\0';
    char *p = buf;
    while( *p )
    {
        int len = strcspn( p , ""\n"");
        p += len;
    }
    return 0;

}

"
28,T,"main:buf:1={'\'','\'','\'','\'','\'','\'','\'','\'','\'','\'','\'','\'','\'','\'','\'','\'','\'','\'','\'','\'','\'','\'','\'','\'','\'','\'','\'','\'','\'','\'','\'','\'','\'','\'','\'','\'','\'','\'','\'','\'','\'','\'','\'','\'','\'','\'','\'','\'','\'','\'','\'','\'','\'','\'','\'','\'','\'','\'','\'','\'','\'','\'','\'','\'','\'','\'','\'','\'','\'','\'','\'','\'','\'','\'','\'','\'','\'','\'','\'','\'','\'','\'','\'','\'','\'','\'','\'','\'','\'','\'','\'','\'','\'','\'','\'','\'','\'','\'','\'','\''}
",,DUPLICATE,,false,,"You generate concrete values for nondeterministic inputs in a C/C++ program.
Your goal is to produce ONE complete assignment set that is likely to make the program terminate.

Important rules:
1. Return a value for EVERY listed nondeterministic input ID.
2. Use each ID exactly once.
3. Respect the declared C/C++ type.
4. For an array, return the value as an array containing exactly the required number of elements.
5. For char arrays, each element must be exactly one character. Return the character itself without C single quotes.
6. Prefer small-magnitude values unless larger values are necessary to achieve the requested execution behavior.

Nondeterministic inputs:
- id: main:buf:1, type: char, array: true, size: 100, required elements: 100

Previously generated assignment sets are listed below. Generate a materially different set and do not duplicate any of them.
Previous 1: main:buf:1={':',':','@','A','1','$','a','B','c','D','e','F','g','H','i','J','k','L','m','N','o','P','q','R','s','T','u','V','w','X','y','Z','0','1','2','3','4','5','6','7','8','9','!','?','-','_','+','%','^','&','*','/','`','{','}','[',']','|','~',' ','a','b','c','d','e','f','g','h','i','j','k','l','m','n','o','p','q','r','s','t','u','v','w','x','y','z','A','B','C','D','E','F','G','H','I','J','K','L','M','N'}; 
Previous 2: main:buf:1={'a','a','a','a','a','a','a','a','a','a','a','a','a','a','a','a','a','a','a','a','a','a','a','a','a','a','a','a','a','a','a','a','a','a','a','a','a','a','a','a','a','a','a','a','a','a','a','a','a','a','a','a','a','a','a','a','a','a','a','a','a','a','a','a','a','a','a','a','a','a','a','a','a','a','a','a','a','a','a','a','a','a','a','a','a','a','a','a','a','a','a','a','a','a','a','a','a','a','a','a'}; 
Previous 3: main:buf:1={'0','a','a','a','a','a','a','a','a','a','a','a','a','a','a','a','a','a','a','a','a','a','a','a','a','a','a','a','a','a','a','a','a','a','a','a','a','a','a','a','a','a','a','a','a','a','a','a','a','a','a','a','a','a','a','a','a','a','a','a','a','a','a','a','a','a','a','a','a','a','a','a','a','a','a','a','a','a','a','a','a','a','a','a','a','a','a','a','a','a','a','a','a','a','a','a','a','a','a','a'}; 
Previous 4: main:buf:1={'{','0',',','a','a','a','a','a','a','a','a','a','a','a','a','a','a','a','a','a','a','a','a','a','a','a','a','a','a','a','a','a','a','a','a','a','a','a','a','a','a','a','a','a','a','a','a','a','a','a','a','a','a','a','a','a','a','a','a','a','a','a','a','a','a','a','a','a','a','a','a','a','a','a','a','a','a','a','a','a','a','a','a','a','a','a','a','a','a','a','a','a','a','a','a','a','a','a','a','a'}; 
Previous 5: main:buf:1={'A','A','A','A','A','A','A','A','A','A','A','A','A','A','A','A','A','A','A','A','A','A','A','A','A','A','A','A','A','A','A','A','A','A','A','A','A','A','A','A','A','A','A','A','A','A','A','A','A','A','B','B','B','B','B','B','B','B','B','B','B','B','B','B','B','B','B','B','B','B','B','B','B','B','B','B','B','B','B','B','B','B','B','B','B','B','B','B','B','B','B','B','B','B','B','B','B','B','C','D'}; 
Previous 6: main:buf:1={'b','b','b','b','b','b','b','b','b','b','b','b','b','b','b','b','b','b','b','b','b','b','b','b','b','b','b','b','b','b','b','b','b','b','b','b','b','b','b','b','b','b','b','b','b','b','b','b','b','b','b','b','b','b','b','b','b','b','b','b','b','b','b','b','b','b','b','b','b','b','b','b','b','b','b','b','b','b','b','b','b','b','b','b','b','b','b','b','b','b','b','b','b','b','b','b','b','b','b','b'}; 
Previous 7: main:buf:1={'a','a','a','a','a','a','a','a','a','a','a','a','a','a','a','a','a','a','a','a','a','a','a','a','a','a','a','a','a','a','a','a','a','a','a','a','a','a','a','a','a','a','a','a','a','a','a','a','a','a','a','a','a','a','a','a','a','a','a','a','a','a','a','a','a','a','a','a','a','a','a','a','a','a','a','a','a','a','a','a','a','a','a','a','a','a','a','a','a','a','a','a','a','a','a','a','a','a','b','b'}; 
Previous 8: main:buf:1={'\'','\'','\'','\'','\'','\'','\'','\'','\'','\'','\'','\'','\'','\'','\'','\'','\'','\'','\'','\'','\'','\'','\'','\'','\'','\'','\'','\'','\'','\'','\'','\'','\'','\'','\'','\'','\'','\'','\'','\'','\'','\'','\'','\'','\'','\'','\'','\'','\'','\'','\'','\'','\'','\'','\'','\'','\'','\'','\'','\'','\'','\'','\'','\'','\'','\'','\'','\'','\'','\'','\'','\'','\'','\'','\'','\'','\'','\'','\'','\'','\'','\'','\'','\'','\'','\'','\'','\'','\'','\'','\'','\'','\'','\'','\'','\'','\'','\'','\'','\''}; 
Previous 9: main:buf:1={'A','A','A','A','A','A','A','A','A','A','A','A','A','A','A','A','A','A','A','A','A','A','A','A','A','A','A','A','A','A','A','A','A','A','A','A','A','A','A','A','A','A','A','A','A','A','A','A','A','A','A','A','A','A','A','A','A','A','A','A','A','A','A','A','A','A','A','A','A','A','A','A','A','A','A','A','A','A','A','A','A','A','A','A','A','A','A','A','A','A','A','A','A','A','A','A','A','A','A','A'}; 
Previous 10: main:buf:1={'a','a','a','a','a','a','a','a','a','a','a','a','a','a','a','a','a','a','a','a','a','a','a','a','a','a','a','a','a','a','a','a','a','a','a','a','a','a','a','a','a','a','a','a','a','a','a','a','a','a','a','a','a','a','a','a','a','a','a','a','a','a','a','a','a','a','a','a','a','a','a','a','a','a','a','a','a','a','a','a','a','a','a','a','a','a','a','a','a','a','a','a','a','a','a','a','a','a','a','0'}; 
Previous 11: main:buf:1={'/','*','!','@','#','$','%','^','&','*','-','+','=','_','|','{','}',':',';','?','/','[',']',';','\'','`','~','1','2','3','4','5','6','7','8','9','0','a','b','c','d','e','f','g','h','i','j','k','l','m','n','o','p','q','r','s','t','u','v','w','x','y','z','A','B','C','D','E','F','G','H','I','J','K','L','M','N','O','P','Q','R','S','T','U','V','W','X','Y','Z','!','?','!','?','!','?','!','?','!','?','!'}; 
Previous 12: main:buf:1={'c','c','c','c','c','c','c','c','c','c','c','c','c','c','c','c','c','c','c','c','c','c','c','c','c','c','c','c','c','c','c','c','c','c','c','c','c','c','c','c','c','c','c','c','c','c','c','c','c','c','c','c','c','c','c','c','c','c','c','c','c','c','c','c','c','c','c','c','c','c','c','c','c','c','c','c','c','c','c','c','c','c','c','c','c','c','c','c','c','c','c','c','c','c','c','c','c','c','c','d'}; 
Previous 13: main:buf:1={'0','0','0','0','0','0','0','0','0','0','0','0','0','0','0','0','0','0','0','0','0','0','0','0','0','0','0','0','0','0','0','0','0','0','0','0','0','0','0','0','0','0','0','0','0','0','0','0','0','0','0','0','0','0','0','0','0','0','0','0','0','0','0','0','0','0','0','0','0','0','0','0','0','0','0','0','0','0','0','0','0','0','0','0','0','0','0','0','0','0','0','0','0','0','0','0','0','0','0','0'}; 
Previous 14: main:buf:1={'x','y','x','y','x','y','x','y','x','y','x','y','x','y','x','y','x','y','x','y','x','y','x','y','x','y','x','y','x','y','x','y','x','y','x','y','x','y','x','y','x','y','x','y','x','y','x','y','x','y','x','y','x','y','x','y','x','y','x','y','x','y','x','y','x','y','x','y','x','y','x','y','x','y','x','y','x','y','x','y','x','y','x','y','x','y','x','y','x','y','x','y','x','y','x','y','x','y','x','y'}; 
Previous 15: main:buf:1={'0','1','2','3','4','5','6','7','8','9','A','B','C','D','E','F','G','H','I','J','K','L','M','N','O','P','Q','R','S','T','U','V','W','X','Y','Z','a','b','c','d','e','f','g','h','i','j','k','l','m','n','o','p','q','r','s','t','u','v','w','x','y','z','!','@','#','$','%','^','&','*','(',')','-','_','=','+','[',']','{','}','|','/','?',' ','~','`',' ',' ','!','@','#','$','%','^','&','*','(',')','-','['}; 
Previous 16: main:buf:1={'\'','0','\'','\'','a','\'','a','\'','a','\'','a','\'','a','\'','a','\'','a','\'','a','\'','a','\'','a','\'','a','\'','a','\'','a','\'','a','\'','a','\'','a','\'','a','\'','a','\'','a','\'','a','\'','a','\'','a','\'','a','\'','a','\'','a','\'','a','\'','a','\'','a','\'','a','\'','a','\'','a','\'','a','\'','a','\'','a','\'','a','\'','a','\'','a','\'','a','\'','a','\'','a','\'','a','\'','a','\'','a','\'','a','\'','a','\'','a','\'','a','\'','a','\''}; 
Previous 17: main:buf:1={'g','g','g','g','g','g','g','g','g','g','g','g','g','g','g','g','g','g','g','g','g','g','g','g','g','g','g','g','g','g','g','g','g','g','g','g','g','g','g','g','g','g','g','g','g','g','g','g','g','g','g','g','g','g','g','g','g','g','g','g','g','g','g','g','g','g','g','g','g','g','g','g','g','g','g','g','g','g','g','g','g','g','g','g','g','g','g','g','g','g','g','g','g','g','g','g','g','g','g','g'}; 
Previous 18: main:buf:1={'_','_','_','_','_','_','_','_','_','_','_','_','_','_','_','_','_','_','_','_','_','_','_','_','_','_','_','_','_','_','_','_','_','_','_','_','_','_','_','_','_','_','_','_','_','_','_','_','_','_','_','_','_','_','_','_','_','_','_','_','_','_','_','_','_','_','_','_','_','_','_','_','_','_','_','_','_','_','_','_','_','_','_','_','_','_','_','_','_','_','_','_','_','_','_','_','_','_','_','_'}; 
Previous 19: main:buf:1={'a','b','c','d','e','f','g','h','i','j','a','b','c','d','e','f','g','h','i','j','a','b','c','d','e','f','g','h','i','j','a','b','c','d','e','f','g','h','i','j','a','b','c','d','e','f','g','h','i','j','a','b','c','d','e','f','g','h','i','j','a','b','c','d','e','f','g','h','i','j','a','b','c','d','e','f','g','h','i','j','a','b','c','d','e','f','g','h','i','j','a','b','c','d','e','f','g','h','i','j'}; 
Previous 20: main:buf:1={'a','a','a','a','a','a','a','a','a','a','a','a','a','a','a','a','a','a','a','a','a','a','a','a','a','a','a','a','a','a','a','a','a','a','a','a','a','a','a','a','a','a','a','a','a','a','a','a','a','a','b','b','b','b','b','b','b','b','b','b','b','b','b','b','b','b','b','b','b','b','b','b','b','b','b','b','b','b','c','c','c','c','c','c','c','c','c','c','c','c','c','c','c','c','c','c','c','c','c','c'}; 
Previous 21: main:buf:1={'>','0','0','0','0','0','0','0','0','0','0','0','0','0','0','0','0','0','0','0','0','0','0','0','0','0','0','0','0','0','0','0','0','0','0','0','0','0','0','0','0','0','0','0','0','0','0','0','0','0','0','0','0','0','0','0','0','0','0','0','0','0','0','0','0','0','0','0','0','0','0','0','0','0','0','0','0','0','0','0','0','0','0','0','0','0','0','0','0','0','0','0','0','0','0','0','0','0','0','0'}; 

Program:
extern char __VERIFIER_nondet_char(void);
/*
Commit Number: cea58cb6d8fe0d27bfcbab57776bd36d5c724ec3
URL: https://github.com/GNOME/evolution-data-server/commit/cea58cb6d8fe0d27bfcbab57776bd36d5c724ec3
Project Name: evolution-data-server
License: GPL2
termination: false


*/
int strcspn(const char *strSrc, const char *str)
{
    const char *s;
    const char *t = strSrc;
    while (*t != '\0')
    {
        s = str;
        while (*s != '\0')
        {
            if (*t == *s )
            return t-strSrc;
            ++s;
        }
        ++t;
    }
    return 0;
}
int main()
{
    char buf[100];
    for( int i = 0 ; i < 99 ; i++ )
        buf[i] = __VERIFIER_nondet_char();
    buf[99] = '\0';
    char *p = buf;
    while( *p )
    {
        int len = strcspn( p , ""\n"");
        p += len;
    }
    return 0;

}

"
29,T,"main:buf:1={'a','b','c','d','e','f','g','h','i','j','k','l','m','n','o','p','q','r','s','t','u','v','w','x','y','z','A','B','C','D','E','F','G','H','I','J','K','L','M','N','O','P','Q','R','S','T','U','V','W','X','Y','Z','0','1','2','3','4','5','6','7','8','9','!','@','#','$','%','^','&','*','(','-',')','-','_','+','=','[',']','{','}','|',':',';','<','>','?','/','|','`','~','\'','%','.',',',' ','a','b','c','d'}
",,TIMEOUT,LIKELY_NT,false,,"You generate concrete values for nondeterministic inputs in a C/C++ program.
Your goal is to produce ONE complete assignment set that is likely to make the program terminate.

Important rules:
1. Return a value for EVERY listed nondeterministic input ID.
2. Use each ID exactly once.
3. Respect the declared C/C++ type.
4. For an array, return the value as an array containing exactly the required number of elements.
5. For char arrays, each element must be exactly one character. Return the character itself without C single quotes.
6. Prefer small-magnitude values unless larger values are necessary to achieve the requested execution behavior.

Nondeterministic inputs:
- id: main:buf:1, type: char, array: true, size: 100, required elements: 100

Previously generated assignment sets are listed below. Generate a materially different set and do not duplicate any of them.
Previous 1: main:buf:1={':',':','@','A','1','$','a','B','c','D','e','F','g','H','i','J','k','L','m','N','o','P','q','R','s','T','u','V','w','X','y','Z','0','1','2','3','4','5','6','7','8','9','!','?','-','_','+','%','^','&','*','/','`','{','}','[',']','|','~',' ','a','b','c','d','e','f','g','h','i','j','k','l','m','n','o','p','q','r','s','t','u','v','w','x','y','z','A','B','C','D','E','F','G','H','I','J','K','L','M','N'}; 
Previous 2: main:buf:1={'a','a','a','a','a','a','a','a','a','a','a','a','a','a','a','a','a','a','a','a','a','a','a','a','a','a','a','a','a','a','a','a','a','a','a','a','a','a','a','a','a','a','a','a','a','a','a','a','a','a','a','a','a','a','a','a','a','a','a','a','a','a','a','a','a','a','a','a','a','a','a','a','a','a','a','a','a','a','a','a','a','a','a','a','a','a','a','a','a','a','a','a','a','a','a','a','a','a','a','a'}; 
Previous 3: main:buf:1={'0','a','a','a','a','a','a','a','a','a','a','a','a','a','a','a','a','a','a','a','a','a','a','a','a','a','a','a','a','a','a','a','a','a','a','a','a','a','a','a','a','a','a','a','a','a','a','a','a','a','a','a','a','a','a','a','a','a','a','a','a','a','a','a','a','a','a','a','a','a','a','a','a','a','a','a','a','a','a','a','a','a','a','a','a','a','a','a','a','a','a','a','a','a','a','a','a','a','a','a'}; 
Previous 4: main:buf:1={'{','0',',','a','a','a','a','a','a','a','a','a','a','a','a','a','a','a','a','a','a','a','a','a','a','a','a','a','a','a','a','a','a','a','a','a','a','a','a','a','a','a','a','a','a','a','a','a','a','a','a','a','a','a','a','a','a','a','a','a','a','a','a','a','a','a','a','a','a','a','a','a','a','a','a','a','a','a','a','a','a','a','a','a','a','a','a','a','a','a','a','a','a','a','a','a','a','a','a','a'}; 
Previous 5: main:buf:1={'A','A','A','A','A','A','A','A','A','A','A','A','A','A','A','A','A','A','A','A','A','A','A','A','A','A','A','A','A','A','A','A','A','A','A','A','A','A','A','A','A','A','A','A','A','A','A','A','A','A','B','B','B','B','B','B','B','B','B','B','B','B','B','B','B','B','B','B','B','B','B','B','B','B','B','B','B','B','B','B','B','B','B','B','B','B','B','B','B','B','B','B','B','B','B','B','B','B','C','D'}; 
Previous 6: main:buf:1={'b','b','b','b','b','b','b','b','b','b','b','b','b','b','b','b','b','b','b','b','b','b','b','b','b','b','b','b','b','b','b','b','b','b','b','b','b','b','b','b','b','b','b','b','b','b','b','b','b','b','b','b','b','b','b','b','b','b','b','b','b','b','b','b','b','b','b','b','b','b','b','b','b','b','b','b','b','b','b','b','b','b','b','b','b','b','b','b','b','b','b','b','b','b','b','b','b','b','b','b'}; 
Previous 7: main:buf:1={'a','a','a','a','a','a','a','a','a','a','a','a','a','a','a','a','a','a','a','a','a','a','a','a','a','a','a','a','a','a','a','a','a','a','a','a','a','a','a','a','a','a','a','a','a','a','a','a','a','a','a','a','a','a','a','a','a','a','a','a','a','a','a','a','a','a','a','a','a','a','a','a','a','a','a','a','a','a','a','a','a','a','a','a','a','a','a','a','a','a','a','a','a','a','a','a','a','a','b','b'}; 
Previous 8: main:buf:1={'\'','\'','\'','\'','\'','\'','\'','\'','\'','\'','\'','\'','\'','\'','\'','\'','\'','\'','\'','\'','\'','\'','\'','\'','\'','\'','\'','\'','\'','\'','\'','\'','\'','\'','\'','\'','\'','\'','\'','\'','\'','\'','\'','\'','\'','\'','\'','\'','\'','\'','\'','\'','\'','\'','\'','\'','\'','\'','\'','\'','\'','\'','\'','\'','\'','\'','\'','\'','\'','\'','\'','\'','\'','\'','\'','\'','\'','\'','\'','\'','\'','\'','\'','\'','\'','\'','\'','\'','\'','\'','\'','\'','\'','\'','\'','\'','\'','\'','\'','\''}; 
Previous 9: main:buf:1={'A','A','A','A','A','A','A','A','A','A','A','A','A','A','A','A','A','A','A','A','A','A','A','A','A','A','A','A','A','A','A','A','A','A','A','A','A','A','A','A','A','A','A','A','A','A','A','A','A','A','A','A','A','A','A','A','A','A','A','A','A','A','A','A','A','A','A','A','A','A','A','A','A','A','A','A','A','A','A','A','A','A','A','A','A','A','A','A','A','A','A','A','A','A','A','A','A','A','A','A'}; 
Previous 10: main:buf:1={'a','a','a','a','a','a','a','a','a','a','a','a','a','a','a','a','a','a','a','a','a','a','a','a','a','a','a','a','a','a','a','a','a','a','a','a','a','a','a','a','a','a','a','a','a','a','a','a','a','a','a','a','a','a','a','a','a','a','a','a','a','a','a','a','a','a','a','a','a','a','a','a','a','a','a','a','a','a','a','a','a','a','a','a','a','a','a','a','a','a','a','a','a','a','a','a','a','a','a','0'}; 
Previous 11: main:buf:1={'/','*','!','@','#','$','%','^','&','*','-','+','=','_','|','{','}',':',';','?','/','[',']',';','\'','`','~','1','2','3','4','5','6','7','8','9','0','a','b','c','d','e','f','g','h','i','j','k','l','m','n','o','p','q','r','s','t','u','v','w','x','y','z','A','B','C','D','E','F','G','H','I','J','K','L','M','N','O','P','Q','R','S','T','U','V','W','X','Y','Z','!','?','!','?','!','?','!','?','!','?','!'}; 
Previous 12: main:buf:1={'c','c','c','c','c','c','c','c','c','c','c','c','c','c','c','c','c','c','c','c','c','c','c','c','c','c','c','c','c','c','c','c','c','c','c','c','c','c','c','c','c','c','c','c','c','c','c','c','c','c','c','c','c','c','c','c','c','c','c','c','c','c','c','c','c','c','c','c','c','c','c','c','c','c','c','c','c','c','c','c','c','c','c','c','c','c','c','c','c','c','c','c','c','c','c','c','c','c','c','d'}; 
Previous 13: main:buf:1={'0','0','0','0','0','0','0','0','0','0','0','0','0','0','0','0','0','0','0','0','0','0','0','0','0','0','0','0','0','0','0','0','0','0','0','0','0','0','0','0','0','0','0','0','0','0','0','0','0','0','0','0','0','0','0','0','0','0','0','0','0','0','0','0','0','0','0','0','0','0','0','0','0','0','0','0','0','0','0','0','0','0','0','0','0','0','0','0','0','0','0','0','0','0','0','0','0','0','0','0'}; 
Previous 14: main:buf:1={'x','y','x','y','x','y','x','y','x','y','x','y','x','y','x','y','x','y','x','y','x','y','x','y','x','y','x','y','x','y','x','y','x','y','x','y','x','y','x','y','x','y','x','y','x','y','x','y','x','y','x','y','x','y','x','y','x','y','x','y','x','y','x','y','x','y','x','y','x','y','x','y','x','y','x','y','x','y','x','y','x','y','x','y','x','y','x','y','x','y','x','y','x','y','x','y','x','y','x','y'}; 
Previous 15: main:buf:1={'0','1','2','3','4','5','6','7','8','9','A','B','C','D','E','F','G','H','I','J','K','L','M','N','O','P','Q','R','S','T','U','V','W','X','Y','Z','a','b','c','d','e','f','g','h','i','j','k','l','m','n','o','p','q','r','s','t','u','v','w','x','y','z','!','@','#','$','%','^','&','*','(',')','-','_','=','+','[',']','{','}','|','/','?',' ','~','`',' ',' ','!','@','#','$','%','^','&','*','(',')','-','['}; 
Previous 16: main:buf:1={'\'','0','\'','\'','a','\'','a','\'','a','\'','a','\'','a','\'','a','\'','a','\'','a','\'','a','\'','a','\'','a','\'','a','\'','a','\'','a','\'','a','\'','a','\'','a','\'','a','\'','a','\'','a','\'','a','\'','a','\'','a','\'','a','\'','a','\'','a','\'','a','\'','a','\'','a','\'','a','\'','a','\'','a','\'','a','\'','a','\'','a','\'','a','\'','a','\'','a','\'','a','\'','a','\'','a','\'','a','\'','a','\'','a','\'','a','\'','a','\'','a','\'','a','\''}; 
Previous 17: main:buf:1={'g','g','g','g','g','g','g','g','g','g','g','g','g','g','g','g','g','g','g','g','g','g','g','g','g','g','g','g','g','g','g','g','g','g','g','g','g','g','g','g','g','g','g','g','g','g','g','g','g','g','g','g','g','g','g','g','g','g','g','g','g','g','g','g','g','g','g','g','g','g','g','g','g','g','g','g','g','g','g','g','g','g','g','g','g','g','g','g','g','g','g','g','g','g','g','g','g','g','g','g'}; 
Previous 18: main:buf:1={'_','_','_','_','_','_','_','_','_','_','_','_','_','_','_','_','_','_','_','_','_','_','_','_','_','_','_','_','_','_','_','_','_','_','_','_','_','_','_','_','_','_','_','_','_','_','_','_','_','_','_','_','_','_','_','_','_','_','_','_','_','_','_','_','_','_','_','_','_','_','_','_','_','_','_','_','_','_','_','_','_','_','_','_','_','_','_','_','_','_','_','_','_','_','_','_','_','_','_','_'}; 
Previous 19: main:buf:1={'a','b','c','d','e','f','g','h','i','j','a','b','c','d','e','f','g','h','i','j','a','b','c','d','e','f','g','h','i','j','a','b','c','d','e','f','g','h','i','j','a','b','c','d','e','f','g','h','i','j','a','b','c','d','e','f','g','h','i','j','a','b','c','d','e','f','g','h','i','j','a','b','c','d','e','f','g','h','i','j','a','b','c','d','e','f','g','h','i','j','a','b','c','d','e','f','g','h','i','j'}; 
Previous 20: main:buf:1={'a','a','a','a','a','a','a','a','a','a','a','a','a','a','a','a','a','a','a','a','a','a','a','a','a','a','a','a','a','a','a','a','a','a','a','a','a','a','a','a','a','a','a','a','a','a','a','a','a','a','b','b','b','b','b','b','b','b','b','b','b','b','b','b','b','b','b','b','b','b','b','b','b','b','b','b','b','b','c','c','c','c','c','c','c','c','c','c','c','c','c','c','c','c','c','c','c','c','c','c'}; 
Previous 21: main:buf:1={'>','0','0','0','0','0','0','0','0','0','0','0','0','0','0','0','0','0','0','0','0','0','0','0','0','0','0','0','0','0','0','0','0','0','0','0','0','0','0','0','0','0','0','0','0','0','0','0','0','0','0','0','0','0','0','0','0','0','0','0','0','0','0','0','0','0','0','0','0','0','0','0','0','0','0','0','0','0','0','0','0','0','0','0','0','0','0','0','0','0','0','0','0','0','0','0','0','0','0','0'}; 

Program:
extern char __VERIFIER_nondet_char(void);
/*
Commit Number: cea58cb6d8fe0d27bfcbab57776bd36d5c724ec3
URL: https://github.com/GNOME/evolution-data-server/commit/cea58cb6d8fe0d27bfcbab57776bd36d5c724ec3
Project Name: evolution-data-server
License: GPL2
termination: false


*/
int strcspn(const char *strSrc, const char *str)
{
    const char *s;
    const char *t = strSrc;
    while (*t != '\0')
    {
        s = str;
        while (*s != '\0')
        {
            if (*t == *s )
            return t-strSrc;
            ++s;
        }
        ++t;
    }
    return 0;
}
int main()
{
    char buf[100];
    for( int i = 0 ; i < 99 ; i++ )
        buf[i] = __VERIFIER_nondet_char();
    buf[99] = '\0';
    char *p = buf;
    while( *p )
    {
        int len = strcspn( p , ""\n"");
        p += len;
    }
    return 0;

}

"
30,T,"main:buf:1={'\'','0','\'','\'','\'','\'','\'','\'','\'','\'','\'','\'','\'','\'','\'','\'','\'','\'','\'','\'','\'','\'','\'','\'','\'','\'','\'','\'','\'','\'','\'','\'','\'','\'','\'','\'','\'','\'','\'','\'','\'','\'','\'','\'','\'','\'','\'','\'','\'','\'','\'','\'','\'','\'','\'','\'','\'','\'','\'','\'','\'','\'','\'','\'','\'','\'','\'','\'','\'','\'','\'','\'','\'','\'','\'','\'','\'','\'','\'','\'','\'','\'','\'','\'','\'','\'','\'','\'','\'','\'','\'','\'','\'','\'','\'','\'','\'','\'','\'','\''}
",,TIMEOUT,LIKELY_NT,false,,"You generate concrete values for nondeterministic inputs in a C/C++ program.
Your goal is to produce ONE complete assignment set that is likely to make the program terminate.

Important rules:
1. Return a value for EVERY listed nondeterministic input ID.
2. Use each ID exactly once.
3. Respect the declared C/C++ type.
4. For an array, return the value as an array containing exactly the required number of elements.
5. For char arrays, each element must be exactly one character. Return the character itself without C single quotes.
6. Prefer small-magnitude values unless larger values are necessary to achieve the requested execution behavior.

Nondeterministic inputs:
- id: main:buf:1, type: char, array: true, size: 100, required elements: 100

Previously generated assignment sets are listed below. Generate a materially different set and do not duplicate any of them.
Previous 1: main:buf:1={':',':','@','A','1','$','a','B','c','D','e','F','g','H','i','J','k','L','m','N','o','P','q','R','s','T','u','V','w','X','y','Z','0','1','2','3','4','5','6','7','8','9','!','?','-','_','+','%','^','&','*','/','`','{','}','[',']','|','~',' ','a','b','c','d','e','f','g','h','i','j','k','l','m','n','o','p','q','r','s','t','u','v','w','x','y','z','A','B','C','D','E','F','G','H','I','J','K','L','M','N'}; 
Previous 2: main:buf:1={'a','a','a','a','a','a','a','a','a','a','a','a','a','a','a','a','a','a','a','a','a','a','a','a','a','a','a','a','a','a','a','a','a','a','a','a','a','a','a','a','a','a','a','a','a','a','a','a','a','a','a','a','a','a','a','a','a','a','a','a','a','a','a','a','a','a','a','a','a','a','a','a','a','a','a','a','a','a','a','a','a','a','a','a','a','a','a','a','a','a','a','a','a','a','a','a','a','a','a','a'}; 
Previous 3: main:buf:1={'0','a','a','a','a','a','a','a','a','a','a','a','a','a','a','a','a','a','a','a','a','a','a','a','a','a','a','a','a','a','a','a','a','a','a','a','a','a','a','a','a','a','a','a','a','a','a','a','a','a','a','a','a','a','a','a','a','a','a','a','a','a','a','a','a','a','a','a','a','a','a','a','a','a','a','a','a','a','a','a','a','a','a','a','a','a','a','a','a','a','a','a','a','a','a','a','a','a','a','a'}; 
Previous 4: main:buf:1={'{','0',',','a','a','a','a','a','a','a','a','a','a','a','a','a','a','a','a','a','a','a','a','a','a','a','a','a','a','a','a','a','a','a','a','a','a','a','a','a','a','a','a','a','a','a','a','a','a','a','a','a','a','a','a','a','a','a','a','a','a','a','a','a','a','a','a','a','a','a','a','a','a','a','a','a','a','a','a','a','a','a','a','a','a','a','a','a','a','a','a','a','a','a','a','a','a','a','a','a'}; 
Previous 5: main:buf:1={'A','A','A','A','A','A','A','A','A','A','A','A','A','A','A','A','A','A','A','A','A','A','A','A','A','A','A','A','A','A','A','A','A','A','A','A','A','A','A','A','A','A','A','A','A','A','A','A','A','A','B','B','B','B','B','B','B','B','B','B','B','B','B','B','B','B','B','B','B','B','B','B','B','B','B','B','B','B','B','B','B','B','B','B','B','B','B','B','B','B','B','B','B','B','B','B','B','B','C','D'}; 
Previous 6: main:buf:1={'b','b','b','b','b','b','b','b','b','b','b','b','b','b','b','b','b','b','b','b','b','b','b','b','b','b','b','b','b','b','b','b','b','b','b','b','b','b','b','b','b','b','b','b','b','b','b','b','b','b','b','b','b','b','b','b','b','b','b','b','b','b','b','b','b','b','b','b','b','b','b','b','b','b','b','b','b','b','b','b','b','b','b','b','b','b','b','b','b','b','b','b','b','b','b','b','b','b','b','b'}; 
Previous 7: main:buf:1={'a','a','a','a','a','a','a','a','a','a','a','a','a','a','a','a','a','a','a','a','a','a','a','a','a','a','a','a','a','a','a','a','a','a','a','a','a','a','a','a','a','a','a','a','a','a','a','a','a','a','a','a','a','a','a','a','a','a','a','a','a','a','a','a','a','a','a','a','a','a','a','a','a','a','a','a','a','a','a','a','a','a','a','a','a','a','a','a','a','a','a','a','a','a','a','a','a','a','b','b'}; 
Previous 8: main:buf:1={'\'','\'','\'','\'','\'','\'','\'','\'','\'','\'','\'','\'','\'','\'','\'','\'','\'','\'','\'','\'','\'','\'','\'','\'','\'','\'','\'','\'','\'','\'','\'','\'','\'','\'','\'','\'','\'','\'','\'','\'','\'','\'','\'','\'','\'','\'','\'','\'','\'','\'','\'','\'','\'','\'','\'','\'','\'','\'','\'','\'','\'','\'','\'','\'','\'','\'','\'','\'','\'','\'','\'','\'','\'','\'','\'','\'','\'','\'','\'','\'','\'','\'','\'','\'','\'','\'','\'','\'','\'','\'','\'','\'','\'','\'','\'','\'','\'','\'','\'','\''}; 
Previous 9: main:buf:1={'A','A','A','A','A','A','A','A','A','A','A','A','A','A','A','A','A','A','A','A','A','A','A','A','A','A','A','A','A','A','A','A','A','A','A','A','A','A','A','A','A','A','A','A','A','A','A','A','A','A','A','A','A','A','A','A','A','A','A','A','A','A','A','A','A','A','A','A','A','A','A','A','A','A','A','A','A','A','A','A','A','A','A','A','A','A','A','A','A','A','A','A','A','A','A','A','A','A','A','A'}; 
Previous 10: main:buf:1={'a','a','a','a','a','a','a','a','a','a','a','a','a','a','a','a','a','a','a','a','a','a','a','a','a','a','a','a','a','a','a','a','a','a','a','a','a','a','a','a','a','a','a','a','a','a','a','a','a','a','a','a','a','a','a','a','a','a','a','a','a','a','a','a','a','a','a','a','a','a','a','a','a','a','a','a','a','a','a','a','a','a','a','a','a','a','a','a','a','a','a','a','a','a','a','a','a','a','a','0'}; 
Previous 11: main:buf:1={'/','*','!','@','#','$','%','^','&','*','-','+','=','_','|','{','}',':',';','?','/','[',']',';','\'','`','~','1','2','3','4','5','6','7','8','9','0','a','b','c','d','e','f','g','h','i','j','k','l','m','n','o','p','q','r','s','t','u','v','w','x','y','z','A','B','C','D','E','F','G','H','I','J','K','L','M','N','O','P','Q','R','S','T','U','V','W','X','Y','Z','!','?','!','?','!','?','!','?','!','?','!'}; 
Previous 12: main:buf:1={'c','c','c','c','c','c','c','c','c','c','c','c','c','c','c','c','c','c','c','c','c','c','c','c','c','c','c','c','c','c','c','c','c','c','c','c','c','c','c','c','c','c','c','c','c','c','c','c','c','c','c','c','c','c','c','c','c','c','c','c','c','c','c','c','c','c','c','c','c','c','c','c','c','c','c','c','c','c','c','c','c','c','c','c','c','c','c','c','c','c','c','c','c','c','c','c','c','c','c','d'}; 
Previous 13: main:buf:1={'0','0','0','0','0','0','0','0','0','0','0','0','0','0','0','0','0','0','0','0','0','0','0','0','0','0','0','0','0','0','0','0','0','0','0','0','0','0','0','0','0','0','0','0','0','0','0','0','0','0','0','0','0','0','0','0','0','0','0','0','0','0','0','0','0','0','0','0','0','0','0','0','0','0','0','0','0','0','0','0','0','0','0','0','0','0','0','0','0','0','0','0','0','0','0','0','0','0','0','0'}; 
Previous 14: main:buf:1={'x','y','x','y','x','y','x','y','x','y','x','y','x','y','x','y','x','y','x','y','x','y','x','y','x','y','x','y','x','y','x','y','x','y','x','y','x','y','x','y','x','y','x','y','x','y','x','y','x','y','x','y','x','y','x','y','x','y','x','y','x','y','x','y','x','y','x','y','x','y','x','y','x','y','x','y','x','y','x','y','x','y','x','y','x','y','x','y','x','y','x','y','x','y','x','y','x','y','x','y'}; 
Previous 15: main:buf:1={'0','1','2','3','4','5','6','7','8','9','A','B','C','D','E','F','G','H','I','J','K','L','M','N','O','P','Q','R','S','T','U','V','W','X','Y','Z','a','b','c','d','e','f','g','h','i','j','k','l','m','n','o','p','q','r','s','t','u','v','w','x','y','z','!','@','#','$','%','^','&','*','(',')','-','_','=','+','[',']','{','}','|','/','?',' ','~','`',' ',' ','!','@','#','$','%','^','&','*','(',')','-','['}; 
Previous 16: main:buf:1={'\'','0','\'','\'','a','\'','a','\'','a','\'','a','\'','a','\'','a','\'','a','\'','a','\'','a','\'','a','\'','a','\'','a','\'','a','\'','a','\'','a','\'','a','\'','a','\'','a','\'','a','\'','a','\'','a','\'','a','\'','a','\'','a','\'','a','\'','a','\'','a','\'','a','\'','a','\'','a','\'','a','\'','a','\'','a','\'','a','\'','a','\'','a','\'','a','\'','a','\'','a','\'','a','\'','a','\'','a','\'','a','\'','a','\'','a','\'','a','\'','a','\'','a','\''}; 
Previous 17: main:buf:1={'g','g','g','g','g','g','g','g','g','g','g','g','g','g','g','g','g','g','g','g','g','g','g','g','g','g','g','g','g','g','g','g','g','g','g','g','g','g','g','g','g','g','g','g','g','g','g','g','g','g','g','g','g','g','g','g','g','g','g','g','g','g','g','g','g','g','g','g','g','g','g','g','g','g','g','g','g','g','g','g','g','g','g','g','g','g','g','g','g','g','g','g','g','g','g','g','g','g','g','g'}; 
Previous 18: main:buf:1={'_','_','_','_','_','_','_','_','_','_','_','_','_','_','_','_','_','_','_','_','_','_','_','_','_','_','_','_','_','_','_','_','_','_','_','_','_','_','_','_','_','_','_','_','_','_','_','_','_','_','_','_','_','_','_','_','_','_','_','_','_','_','_','_','_','_','_','_','_','_','_','_','_','_','_','_','_','_','_','_','_','_','_','_','_','_','_','_','_','_','_','_','_','_','_','_','_','_','_','_'}; 
Previous 19: main:buf:1={'a','b','c','d','e','f','g','h','i','j','a','b','c','d','e','f','g','h','i','j','a','b','c','d','e','f','g','h','i','j','a','b','c','d','e','f','g','h','i','j','a','b','c','d','e','f','g','h','i','j','a','b','c','d','e','f','g','h','i','j','a','b','c','d','e','f','g','h','i','j','a','b','c','d','e','f','g','h','i','j','a','b','c','d','e','f','g','h','i','j','a','b','c','d','e','f','g','h','i','j'}; 
Previous 20: main:buf:1={'a','a','a','a','a','a','a','a','a','a','a','a','a','a','a','a','a','a','a','a','a','a','a','a','a','a','a','a','a','a','a','a','a','a','a','a','a','a','a','a','a','a','a','a','a','a','a','a','a','a','b','b','b','b','b','b','b','b','b','b','b','b','b','b','b','b','b','b','b','b','b','b','b','b','b','b','b','b','c','c','c','c','c','c','c','c','c','c','c','c','c','c','c','c','c','c','c','c','c','c'}; 
Previous 21: main:buf:1={'>','0','0','0','0','0','0','0','0','0','0','0','0','0','0','0','0','0','0','0','0','0','0','0','0','0','0','0','0','0','0','0','0','0','0','0','0','0','0','0','0','0','0','0','0','0','0','0','0','0','0','0','0','0','0','0','0','0','0','0','0','0','0','0','0','0','0','0','0','0','0','0','0','0','0','0','0','0','0','0','0','0','0','0','0','0','0','0','0','0','0','0','0','0','0','0','0','0','0','0'}; 
Previous 22: main:buf:1={'a','b','c','d','e','f','g','h','i','j','k','l','m','n','o','p','q','r','s','t','u','v','w','x','y','z','A','B','C','D','E','F','G','H','I','J','K','L','M','N','O','P','Q','R','S','T','U','V','W','X','Y','Z','0','1','2','3','4','5','6','7','8','9','!','@','#','$','%','^','&','*','(','-',')','-','_','+','=','[',']','{','}','|',':',';','<','>','?','/','|','`','~','\'','%','.',',',' ','a','b','c','d'}; 

Program:
extern char __VERIFIER_nondet_char(void);
/*
Commit Number: cea58cb6d8fe0d27bfcbab57776bd36d5c724ec3
URL: https://github.com/GNOME/evolution-data-server/commit/cea58cb6d8fe0d27bfcbab57776bd36d5c724ec3
Project Name: evolution-data-server
License: GPL2
termination: false


*/
int strcspn(const char *strSrc, const char *str)
{
    const char *s;
    const char *t = strSrc;
    while (*t != '\0')
    {
        s = str;
        while (*s != '\0')
        {
            if (*t == *s )
            return t-strSrc;
            ++s;
        }
        ++t;
    }
    return 0;
}
int main()
{
    char buf[100];
    for( int i = 0 ; i < 99 ; i++ )
        buf[i] = __VERIFIER_nondet_char();
    buf[99] = '\0';
    char *p = buf;
    while( *p )
    {
        int len = strcspn( p , ""\n"");
        p += len;
    }
    return 0;

}

"
31,T,"main:buf:1={'-','-','-','-','-','-','-','-','-','-','-','-','-','-','-','-','-','-','-','-','-','-','-','-','-','-','-','-','-','-','-','-','=','=','=','=','=','=','=','=','=','=','=','=','=','=','=','=','=','=','=','=','=','=','=','=','=','=','=','=','=','=','+','+','+','+','+','+','+','+','+','+','+','+','+','+','+','+','+','+','+','+','+','+','+','+','+','+','+','+','+','+','+','+','+','+','+','+','+','+'}
",,TIMEOUT,LIKELY_NT,false,,"You generate concrete values for nondeterministic inputs in a C/C++ program.
Your goal is to produce ONE complete assignment set that is likely to make the program terminate.

Important rules:
1. Return a value for EVERY listed nondeterministic input ID.
2. Use each ID exactly once.
3. Respect the declared C/C++ type.
4. For an array, return the value as an array containing exactly the required number of elements.
5. For char arrays, each element must be exactly one character. Return the character itself without C single quotes.
6. Prefer small-magnitude values unless larger values are necessary to achieve the requested execution behavior.

Nondeterministic inputs:
- id: main:buf:1, type: char, array: true, size: 100, required elements: 100

Previously generated assignment sets are listed below. Generate a materially different set and do not duplicate any of them.
Previous 1: main:buf:1={':',':','@','A','1','$','a','B','c','D','e','F','g','H','i','J','k','L','m','N','o','P','q','R','s','T','u','V','w','X','y','Z','0','1','2','3','4','5','6','7','8','9','!','?','-','_','+','%','^','&','*','/','`','{','}','[',']','|','~',' ','a','b','c','d','e','f','g','h','i','j','k','l','m','n','o','p','q','r','s','t','u','v','w','x','y','z','A','B','C','D','E','F','G','H','I','J','K','L','M','N'}; 
Previous 2: main:buf:1={'a','a','a','a','a','a','a','a','a','a','a','a','a','a','a','a','a','a','a','a','a','a','a','a','a','a','a','a','a','a','a','a','a','a','a','a','a','a','a','a','a','a','a','a','a','a','a','a','a','a','a','a','a','a','a','a','a','a','a','a','a','a','a','a','a','a','a','a','a','a','a','a','a','a','a','a','a','a','a','a','a','a','a','a','a','a','a','a','a','a','a','a','a','a','a','a','a','a','a','a'}; 
Previous 3: main:buf:1={'0','a','a','a','a','a','a','a','a','a','a','a','a','a','a','a','a','a','a','a','a','a','a','a','a','a','a','a','a','a','a','a','a','a','a','a','a','a','a','a','a','a','a','a','a','a','a','a','a','a','a','a','a','a','a','a','a','a','a','a','a','a','a','a','a','a','a','a','a','a','a','a','a','a','a','a','a','a','a','a','a','a','a','a','a','a','a','a','a','a','a','a','a','a','a','a','a','a','a','a'}; 
Previous 4: main:buf:1={'{','0',',','a','a','a','a','a','a','a','a','a','a','a','a','a','a','a','a','a','a','a','a','a','a','a','a','a','a','a','a','a','a','a','a','a','a','a','a','a','a','a','a','a','a','a','a','a','a','a','a','a','a','a','a','a','a','a','a','a','a','a','a','a','a','a','a','a','a','a','a','a','a','a','a','a','a','a','a','a','a','a','a','a','a','a','a','a','a','a','a','a','a','a','a','a','a','a','a','a'}; 
Previous 5: main:buf:1={'A','A','A','A','A','A','A','A','A','A','A','A','A','A','A','A','A','A','A','A','A','A','A','A','A','A','A','A','A','A','A','A','A','A','A','A','A','A','A','A','A','A','A','A','A','A','A','A','A','A','B','B','B','B','B','B','B','B','B','B','B','B','B','B','B','B','B','B','B','B','B','B','B','B','B','B','B','B','B','B','B','B','B','B','B','B','B','B','B','B','B','B','B','B','B','B','B','B','C','D'}; 
Previous 6: main:buf:1={'b','b','b','b','b','b','b','b','b','b','b','b','b','b','b','b','b','b','b','b','b','b','b','b','b','b','b','b','b','b','b','b','b','b','b','b','b','b','b','b','b','b','b','b','b','b','b','b','b','b','b','b','b','b','b','b','b','b','b','b','b','b','b','b','b','b','b','b','b','b','b','b','b','b','b','b','b','b','b','b','b','b','b','b','b','b','b','b','b','b','b','b','b','b','b','b','b','b','b','b'}; 
Previous 7: main:buf:1={'a','a','a','a','a','a','a','a','a','a','a','a','a','a','a','a','a','a','a','a','a','a','a','a','a','a','a','a','a','a','a','a','a','a','a','a','a','a','a','a','a','a','a','a','a','a','a','a','a','a','a','a','a','a','a','a','a','a','a','a','a','a','a','a','a','a','a','a','a','a','a','a','a','a','a','a','a','a','a','a','a','a','a','a','a','a','a','a','a','a','a','a','a','a','a','a','a','a','b','b'}; 
Previous 8: main:buf:1={'\'','\'','\'','\'','\'','\'','\'','\'','\'','\'','\'','\'','\'','\'','\'','\'','\'','\'','\'','\'','\'','\'','\'','\'','\'','\'','\'','\'','\'','\'','\'','\'','\'','\'','\'','\'','\'','\'','\'','\'','\'','\'','\'','\'','\'','\'','\'','\'','\'','\'','\'','\'','\'','\'','\'','\'','\'','\'','\'','\'','\'','\'','\'','\'','\'','\'','\'','\'','\'','\'','\'','\'','\'','\'','\'','\'','\'','\'','\'','\'','\'','\'','\'','\'','\'','\'','\'','\'','\'','\'','\'','\'','\'','\'','\'','\'','\'','\'','\'','\''}; 
Previous 9: main:buf:1={'A','A','A','A','A','A','A','A','A','A','A','A','A','A','A','A','A','A','A','A','A','A','A','A','A','A','A','A','A','A','A','A','A','A','A','A','A','A','A','A','A','A','A','A','A','A','A','A','A','A','A','A','A','A','A','A','A','A','A','A','A','A','A','A','A','A','A','A','A','A','A','A','A','A','A','A','A','A','A','A','A','A','A','A','A','A','A','A','A','A','A','A','A','A','A','A','A','A','A','A'}; 
Previous 10: main:buf:1={'a','a','a','a','a','a','a','a','a','a','a','a','a','a','a','a','a','a','a','a','a','a','a','a','a','a','a','a','a','a','a','a','a','a','a','a','a','a','a','a','a','a','a','a','a','a','a','a','a','a','a','a','a','a','a','a','a','a','a','a','a','a','a','a','a','a','a','a','a','a','a','a','a','a','a','a','a','a','a','a','a','a','a','a','a','a','a','a','a','a','a','a','a','a','a','a','a','a','a','0'}; 
Previous 11: main:buf:1={'/','*','!','@','#','$','%','^','&','*','-','+','=','_','|','{','}',':',';','?','/','[',']',';','\'','`','~','1','2','3','4','5','6','7','8','9','0','a','b','c','d','e','f','g','h','i','j','k','l','m','n','o','p','q','r','s','t','u','v','w','x','y','z','A','B','C','D','E','F','G','H','I','J','K','L','M','N','O','P','Q','R','S','T','U','V','W','X','Y','Z','!','?','!','?','!','?','!','?','!','?','!'}; 
Previous 12: main:buf:1={'c','c','c','c','c','c','c','c','c','c','c','c','c','c','c','c','c','c','c','c','c','c','c','c','c','c','c','c','c','c','c','c','c','c','c','c','c','c','c','c','c','c','c','c','c','c','c','c','c','c','c','c','c','c','c','c','c','c','c','c','c','c','c','c','c','c','c','c','c','c','c','c','c','c','c','c','c','c','c','c','c','c','c','c','c','c','c','c','c','c','c','c','c','c','c','c','c','c','c','d'}; 
Previous 13: main:buf:1={'0','0','0','0','0','0','0','0','0','0','0','0','0','0','0','0','0','0','0','0','0','0','0','0','0','0','0','0','0','0','0','0','0','0','0','0','0','0','0','0','0','0','0','0','0','0','0','0','0','0','0','0','0','0','0','0','0','0','0','0','0','0','0','0','0','0','0','0','0','0','0','0','0','0','0','0','0','0','0','0','0','0','0','0','0','0','0','0','0','0','0','0','0','0','0','0','0','0','0','0'}; 
Previous 14: main:buf:1={'x','y','x','y','x','y','x','y','x','y','x','y','x','y','x','y','x','y','x','y','x','y','x','y','x','y','x','y','x','y','x','y','x','y','x','y','x','y','x','y','x','y','x','y','x','y','x','y','x','y','x','y','x','y','x','y','x','y','x','y','x','y','x','y','x','y','x','y','x','y','x','y','x','y','x','y','x','y','x','y','x','y','x','y','x','y','x','y','x','y','x','y','x','y','x','y','x','y','x','y'}; 
Previous 15: main:buf:1={'0','1','2','3','4','5','6','7','8','9','A','B','C','D','E','F','G','H','I','J','K','L','M','N','O','P','Q','R','S','T','U','V','W','X','Y','Z','a','b','c','d','e','f','g','h','i','j','k','l','m','n','o','p','q','r','s','t','u','v','w','x','y','z','!','@','#','$','%','^','&','*','(',')','-','_','=','+','[',']','{','}','|','/','?',' ','~','`',' ',' ','!','@','#','$','%','^','&','*','(',')','-','['}; 
Previous 16: main:buf:1={'\'','0','\'','\'','a','\'','a','\'','a','\'','a','\'','a','\'','a','\'','a','\'','a','\'','a','\'','a','\'','a','\'','a','\'','a','\'','a','\'','a','\'','a','\'','a','\'','a','\'','a','\'','a','\'','a','\'','a','\'','a','\'','a','\'','a','\'','a','\'','a','\'','a','\'','a','\'','a','\'','a','\'','a','\'','a','\'','a','\'','a','\'','a','\'','a','\'','a','\'','a','\'','a','\'','a','\'','a','\'','a','\'','a','\'','a','\'','a','\'','a','\'','a','\''}; 
Previous 17: main:buf:1={'g','g','g','g','g','g','g','g','g','g','g','g','g','g','g','g','g','g','g','g','g','g','g','g','g','g','g','g','g','g','g','g','g','g','g','g','g','g','g','g','g','g','g','g','g','g','g','g','g','g','g','g','g','g','g','g','g','g','g','g','g','g','g','g','g','g','g','g','g','g','g','g','g','g','g','g','g','g','g','g','g','g','g','g','g','g','g','g','g','g','g','g','g','g','g','g','g','g','g','g'}; 
Previous 18: main:buf:1={'_','_','_','_','_','_','_','_','_','_','_','_','_','_','_','_','_','_','_','_','_','_','_','_','_','_','_','_','_','_','_','_','_','_','_','_','_','_','_','_','_','_','_','_','_','_','_','_','_','_','_','_','_','_','_','_','_','_','_','_','_','_','_','_','_','_','_','_','_','_','_','_','_','_','_','_','_','_','_','_','_','_','_','_','_','_','_','_','_','_','_','_','_','_','_','_','_','_','_','_'}; 
Previous 19: main:buf:1={'a','b','c','d','e','f','g','h','i','j','a','b','c','d','e','f','g','h','i','j','a','b','c','d','e','f','g','h','i','j','a','b','c','d','e','f','g','h','i','j','a','b','c','d','e','f','g','h','i','j','a','b','c','d','e','f','g','h','i','j','a','b','c','d','e','f','g','h','i','j','a','b','c','d','e','f','g','h','i','j','a','b','c','d','e','f','g','h','i','j','a','b','c','d','e','f','g','h','i','j'}; 
Previous 20: main:buf:1={'a','a','a','a','a','a','a','a','a','a','a','a','a','a','a','a','a','a','a','a','a','a','a','a','a','a','a','a','a','a','a','a','a','a','a','a','a','a','a','a','a','a','a','a','a','a','a','a','a','a','b','b','b','b','b','b','b','b','b','b','b','b','b','b','b','b','b','b','b','b','b','b','b','b','b','b','b','b','c','c','c','c','c','c','c','c','c','c','c','c','c','c','c','c','c','c','c','c','c','c'}; 
Previous 21: main:buf:1={'>','0','0','0','0','0','0','0','0','0','0','0','0','0','0','0','0','0','0','0','0','0','0','0','0','0','0','0','0','0','0','0','0','0','0','0','0','0','0','0','0','0','0','0','0','0','0','0','0','0','0','0','0','0','0','0','0','0','0','0','0','0','0','0','0','0','0','0','0','0','0','0','0','0','0','0','0','0','0','0','0','0','0','0','0','0','0','0','0','0','0','0','0','0','0','0','0','0','0','0'}; 
Previous 22: main:buf:1={'a','b','c','d','e','f','g','h','i','j','k','l','m','n','o','p','q','r','s','t','u','v','w','x','y','z','A','B','C','D','E','F','G','H','I','J','K','L','M','N','O','P','Q','R','S','T','U','V','W','X','Y','Z','0','1','2','3','4','5','6','7','8','9','!','@','#','$','%','^','&','*','(','-',')','-','_','+','=','[',']','{','}','|',':',';','<','>','?','/','|','`','~','\'','%','.',',',' ','a','b','c','d'}; 
Previous 23: main:buf:1={'\'','0','\'','\'','\'','\'','\'','\'','\'','\'','\'','\'','\'','\'','\'','\'','\'','\'','\'','\'','\'','\'','\'','\'','\'','\'','\'','\'','\'','\'','\'','\'','\'','\'','\'','\'','\'','\'','\'','\'','\'','\'','\'','\'','\'','\'','\'','\'','\'','\'','\'','\'','\'','\'','\'','\'','\'','\'','\'','\'','\'','\'','\'','\'','\'','\'','\'','\'','\'','\'','\'','\'','\'','\'','\'','\'','\'','\'','\'','\'','\'','\'','\'','\'','\'','\'','\'','\'','\'','\'','\'','\'','\'','\'','\'','\'','\'','\'','\'','\''}; 

Program:
extern char __VERIFIER_nondet_char(void);
/*
Commit Number: cea58cb6d8fe0d27bfcbab57776bd36d5c724ec3
URL: https://github.com/GNOME/evolution-data-server/commit/cea58cb6d8fe0d27bfcbab57776bd36d5c724ec3
Project Name: evolution-data-server
License: GPL2
termination: false


*/
int strcspn(const char *strSrc, const char *str)
{
    const char *s;
    const char *t = strSrc;
    while (*t != '\0')
    {
        s = str;
        while (*s != '\0')
        {
            if (*t == *s )
            return t-strSrc;
            ++s;
        }
        ++t;
    }
    return 0;
}
int main()
{
    char buf[100];
    for( int i = 0 ; i < 99 ; i++ )
        buf[i] = __VERIFIER_nondet_char();
    buf[99] = '\0';
    char *p = buf;
    while( *p )
    {
        int len = strcspn( p , ""\n"");
        p += len;
    }
    return 0;

}

"
32,T,"main:buf:1={'w','p','k','r','G','d','e','Z','q','n','U','O','g','H','5','X','S','m','R','t','J','T','3','c','V','1','l','f','Z','2','u','P','w','L','b','6','Q','z','Z','v','P','x','9','f','c','F','S','q','m','2','D','E','r','C','i','Y','b','k','O','z','4','3','q','a','L','P','c','j','s','g','g','b','8','h','Y','D','n','u','a','n','x','A','p','w','S','l','v','V','g','k','R','o','3','i','e','q','J','n','p','z'}
",,TIMEOUT,LIKELY_NT,false,,"You generate concrete values for nondeterministic inputs in a C/C++ program.
Your goal is to produce ONE complete assignment set that is likely to make the program terminate.

Important rules:
1. Return a value for EVERY listed nondeterministic input ID.
2. Use each ID exactly once.
3. Respect the declared C/C++ type.
4. For an array, return the value as an array containing exactly the required number of elements.
5. For char arrays, each element must be exactly one character. Return the character itself without C single quotes.
6. Prefer small-magnitude values unless larger values are necessary to achieve the requested execution behavior.

Nondeterministic inputs:
- id: main:buf:1, type: char, array: true, size: 100, required elements: 100

Previously generated assignment sets are listed below. Generate a materially different set and do not duplicate any of them.
Previous 1: main:buf:1={':',':','@','A','1','$','a','B','c','D','e','F','g','H','i','J','k','L','m','N','o','P','q','R','s','T','u','V','w','X','y','Z','0','1','2','3','4','5','6','7','8','9','!','?','-','_','+','%','^','&','*','/','`','{','}','[',']','|','~',' ','a','b','c','d','e','f','g','h','i','j','k','l','m','n','o','p','q','r','s','t','u','v','w','x','y','z','A','B','C','D','E','F','G','H','I','J','K','L','M','N'}; 
Previous 2: main:buf:1={'a','a','a','a','a','a','a','a','a','a','a','a','a','a','a','a','a','a','a','a','a','a','a','a','a','a','a','a','a','a','a','a','a','a','a','a','a','a','a','a','a','a','a','a','a','a','a','a','a','a','a','a','a','a','a','a','a','a','a','a','a','a','a','a','a','a','a','a','a','a','a','a','a','a','a','a','a','a','a','a','a','a','a','a','a','a','a','a','a','a','a','a','a','a','a','a','a','a','a','a'}; 
Previous 3: main:buf:1={'0','a','a','a','a','a','a','a','a','a','a','a','a','a','a','a','a','a','a','a','a','a','a','a','a','a','a','a','a','a','a','a','a','a','a','a','a','a','a','a','a','a','a','a','a','a','a','a','a','a','a','a','a','a','a','a','a','a','a','a','a','a','a','a','a','a','a','a','a','a','a','a','a','a','a','a','a','a','a','a','a','a','a','a','a','a','a','a','a','a','a','a','a','a','a','a','a','a','a','a'}; 
Previous 4: main:buf:1={'{','0',',','a','a','a','a','a','a','a','a','a','a','a','a','a','a','a','a','a','a','a','a','a','a','a','a','a','a','a','a','a','a','a','a','a','a','a','a','a','a','a','a','a','a','a','a','a','a','a','a','a','a','a','a','a','a','a','a','a','a','a','a','a','a','a','a','a','a','a','a','a','a','a','a','a','a','a','a','a','a','a','a','a','a','a','a','a','a','a','a','a','a','a','a','a','a','a','a','a'}; 
Previous 5: main:buf:1={'A','A','A','A','A','A','A','A','A','A','A','A','A','A','A','A','A','A','A','A','A','A','A','A','A','A','A','A','A','A','A','A','A','A','A','A','A','A','A','A','A','A','A','A','A','A','A','A','A','A','B','B','B','B','B','B','B','B','B','B','B','B','B','B','B','B','B','B','B','B','B','B','B','B','B','B','B','B','B','B','B','B','B','B','B','B','B','B','B','B','B','B','B','B','B','B','B','B','C','D'}; 
Previous 6: main:buf:1={'b','b','b','b','b','b','b','b','b','b','b','b','b','b','b','b','b','b','b','b','b','b','b','b','b','b','b','b','b','b','b','b','b','b','b','b','b','b','b','b','b','b','b','b','b','b','b','b','b','b','b','b','b','b','b','b','b','b','b','b','b','b','b','b','b','b','b','b','b','b','b','b','b','b','b','b','b','b','b','b','b','b','b','b','b','b','b','b','b','b','b','b','b','b','b','b','b','b','b','b'}; 
Previous 7: main:buf:1={'a','a','a','a','a','a','a','a','a','a','a','a','a','a','a','a','a','a','a','a','a','a','a','a','a','a','a','a','a','a','a','a','a','a','a','a','a','a','a','a','a','a','a','a','a','a','a','a','a','a','a','a','a','a','a','a','a','a','a','a','a','a','a','a','a','a','a','a','a','a','a','a','a','a','a','a','a','a','a','a','a','a','a','a','a','a','a','a','a','a','a','a','a','a','a','a','a','a','b','b'}; 
Previous 8: main:buf:1={'\'','\'','\'','\'','\'','\'','\'','\'','\'','\'','\'','\'','\'','\'','\'','\'','\'','\'','\'','\'','\'','\'','\'','\'','\'','\'','\'','\'','\'','\'','\'','\'','\'','\'','\'','\'','\'','\'','\'','\'','\'','\'','\'','\'','\'','\'','\'','\'','\'','\'','\'','\'','\'','\'','\'','\'','\'','\'','\'','\'','\'','\'','\'','\'','\'','\'','\'','\'','\'','\'','\'','\'','\'','\'','\'','\'','\'','\'','\'','\'','\'','\'','\'','\'','\'','\'','\'','\'','\'','\'','\'','\'','\'','\'','\'','\'','\'','\'','\'','\''}; 
Previous 9: main:buf:1={'A','A','A','A','A','A','A','A','A','A','A','A','A','A','A','A','A','A','A','A','A','A','A','A','A','A','A','A','A','A','A','A','A','A','A','A','A','A','A','A','A','A','A','A','A','A','A','A','A','A','A','A','A','A','A','A','A','A','A','A','A','A','A','A','A','A','A','A','A','A','A','A','A','A','A','A','A','A','A','A','A','A','A','A','A','A','A','A','A','A','A','A','A','A','A','A','A','A','A','A'}; 
Previous 10: main:buf:1={'a','a','a','a','a','a','a','a','a','a','a','a','a','a','a','a','a','a','a','a','a','a','a','a','a','a','a','a','a','a','a','a','a','a','a','a','a','a','a','a','a','a','a','a','a','a','a','a','a','a','a','a','a','a','a','a','a','a','a','a','a','a','a','a','a','a','a','a','a','a','a','a','a','a','a','a','a','a','a','a','a','a','a','a','a','a','a','a','a','a','a','a','a','a','a','a','a','a','a','0'}; 
Previous 11: main:buf:1={'/','*','!','@','#','$','%','^','&','*','-','+','=','_','|','{','}',':',';','?','/','[',']',';','\'','`','~','1','2','3','4','5','6','7','8','9','0','a','b','c','d','e','f','g','h','i','j','k','l','m','n','o','p','q','r','s','t','u','v','w','x','y','z','A','B','C','D','E','F','G','H','I','J','K','L','M','N','O','P','Q','R','S','T','U','V','W','X','Y','Z','!','?','!','?','!','?','!','?','!','?','!'}; 
Previous 12: main:buf:1={'c','c','c','c','c','c','c','c','c','c','c','c','c','c','c','c','c','c','c','c','c','c','c','c','c','c','c','c','c','c','c','c','c','c','c','c','c','c','c','c','c','c','c','c','c','c','c','c','c','c','c','c','c','c','c','c','c','c','c','c','c','c','c','c','c','c','c','c','c','c','c','c','c','c','c','c','c','c','c','c','c','c','c','c','c','c','c','c','c','c','c','c','c','c','c','c','c','c','c','d'}; 
Previous 13: main:buf:1={'0','0','0','0','0','0','0','0','0','0','0','0','0','0','0','0','0','0','0','0','0','0','0','0','0','0','0','0','0','0','0','0','0','0','0','0','0','0','0','0','0','0','0','0','0','0','0','0','0','0','0','0','0','0','0','0','0','0','0','0','0','0','0','0','0','0','0','0','0','0','0','0','0','0','0','0','0','0','0','0','0','0','0','0','0','0','0','0','0','0','0','0','0','0','0','0','0','0','0','0'}; 
Previous 14: main:buf:1={'x','y','x','y','x','y','x','y','x','y','x','y','x','y','x','y','x','y','x','y','x','y','x','y','x','y','x','y','x','y','x','y','x','y','x','y','x','y','x','y','x','y','x','y','x','y','x','y','x','y','x','y','x','y','x','y','x','y','x','y','x','y','x','y','x','y','x','y','x','y','x','y','x','y','x','y','x','y','x','y','x','y','x','y','x','y','x','y','x','y','x','y','x','y','x','y','x','y','x','y'}; 
Previous 15: main:buf:1={'0','1','2','3','4','5','6','7','8','9','A','B','C','D','E','F','G','H','I','J','K','L','M','N','O','P','Q','R','S','T','U','V','W','X','Y','Z','a','b','c','d','e','f','g','h','i','j','k','l','m','n','o','p','q','r','s','t','u','v','w','x','y','z','!','@','#','$','%','^','&','*','(',')','-','_','=','+','[',']','{','}','|','/','?',' ','~','`',' ',' ','!','@','#','$','%','^','&','*','(',')','-','['}; 
Previous 16: main:buf:1={'\'','0','\'','\'','a','\'','a','\'','a','\'','a','\'','a','\'','a','\'','a','\'','a','\'','a','\'','a','\'','a','\'','a','\'','a','\'','a','\'','a','\'','a','\'','a','\'','a','\'','a','\'','a','\'','a','\'','a','\'','a','\'','a','\'','a','\'','a','\'','a','\'','a','\'','a','\'','a','\'','a','\'','a','\'','a','\'','a','\'','a','\'','a','\'','a','\'','a','\'','a','\'','a','\'','a','\'','a','\'','a','\'','a','\'','a','\'','a','\'','a','\'','a','\''}; 
Previous 17: main:buf:1={'g','g','g','g','g','g','g','g','g','g','g','g','g','g','g','g','g','g','g','g','g','g','g','g','g','g','g','g','g','g','g','g','g','g','g','g','g','g','g','g','g','g','g','g','g','g','g','g','g','g','g','g','g','g','g','g','g','g','g','g','g','g','g','g','g','g','g','g','g','g','g','g','g','g','g','g','g','g','g','g','g','g','g','g','g','g','g','g','g','g','g','g','g','g','g','g','g','g','g','g'}; 
Previous 18: main:buf:1={'_','_','_','_','_','_','_','_','_','_','_','_','_','_','_','_','_','_','_','_','_','_','_','_','_','_','_','_','_','_','_','_','_','_','_','_','_','_','_','_','_','_','_','_','_','_','_','_','_','_','_','_','_','_','_','_','_','_','_','_','_','_','_','_','_','_','_','_','_','_','_','_','_','_','_','_','_','_','_','_','_','_','_','_','_','_','_','_','_','_','_','_','_','_','_','_','_','_','_','_'}; 
Previous 19: main:buf:1={'a','b','c','d','e','f','g','h','i','j','a','b','c','d','e','f','g','h','i','j','a','b','c','d','e','f','g','h','i','j','a','b','c','d','e','f','g','h','i','j','a','b','c','d','e','f','g','h','i','j','a','b','c','d','e','f','g','h','i','j','a','b','c','d','e','f','g','h','i','j','a','b','c','d','e','f','g','h','i','j','a','b','c','d','e','f','g','h','i','j','a','b','c','d','e','f','g','h','i','j'}; 
Previous 20: main:buf:1={'a','a','a','a','a','a','a','a','a','a','a','a','a','a','a','a','a','a','a','a','a','a','a','a','a','a','a','a','a','a','a','a','a','a','a','a','a','a','a','a','a','a','a','a','a','a','a','a','a','a','b','b','b','b','b','b','b','b','b','b','b','b','b','b','b','b','b','b','b','b','b','b','b','b','b','b','b','b','c','c','c','c','c','c','c','c','c','c','c','c','c','c','c','c','c','c','c','c','c','c'}; 
Previous 21: main:buf:1={'>','0','0','0','0','0','0','0','0','0','0','0','0','0','0','0','0','0','0','0','0','0','0','0','0','0','0','0','0','0','0','0','0','0','0','0','0','0','0','0','0','0','0','0','0','0','0','0','0','0','0','0','0','0','0','0','0','0','0','0','0','0','0','0','0','0','0','0','0','0','0','0','0','0','0','0','0','0','0','0','0','0','0','0','0','0','0','0','0','0','0','0','0','0','0','0','0','0','0','0'}; 
Previous 22: main:buf:1={'a','b','c','d','e','f','g','h','i','j','k','l','m','n','o','p','q','r','s','t','u','v','w','x','y','z','A','B','C','D','E','F','G','H','I','J','K','L','M','N','O','P','Q','R','S','T','U','V','W','X','Y','Z','0','1','2','3','4','5','6','7','8','9','!','@','#','$','%','^','&','*','(','-',')','-','_','+','=','[',']','{','}','|',':',';','<','>','?','/','|','`','~','\'','%','.',',',' ','a','b','c','d'}; 
Previous 23: main:buf:1={'\'','0','\'','\'','\'','\'','\'','\'','\'','\'','\'','\'','\'','\'','\'','\'','\'','\'','\'','\'','\'','\'','\'','\'','\'','\'','\'','\'','\'','\'','\'','\'','\'','\'','\'','\'','\'','\'','\'','\'','\'','\'','\'','\'','\'','\'','\'','\'','\'','\'','\'','\'','\'','\'','\'','\'','\'','\'','\'','\'','\'','\'','\'','\'','\'','\'','\'','\'','\'','\'','\'','\'','\'','\'','\'','\'','\'','\'','\'','\'','\'','\'','\'','\'','\'','\'','\'','\'','\'','\'','\'','\'','\'','\'','\'','\'','\'','\'','\'','\''}; 
Previous 24: main:buf:1={'-','-','-','-','-','-','-','-','-','-','-','-','-','-','-','-','-','-','-','-','-','-','-','-','-','-','-','-','-','-','-','-','=','=','=','=','=','=','=','=','=','=','=','=','=','=','=','=','=','=','=','=','=','=','=','=','=','=','=','=','=','=','+','+','+','+','+','+','+','+','+','+','+','+','+','+','+','+','+','+','+','+','+','+','+','+','+','+','+','+','+','+','+','+','+','+','+','+','+','+'}; 

Program:
extern char __VERIFIER_nondet_char(void);
/*
Commit Number: cea58cb6d8fe0d27bfcbab57776bd36d5c724ec3
URL: https://github.com/GNOME/evolution-data-server/commit/cea58cb6d8fe0d27bfcbab57776bd36d5c724ec3
Project Name: evolution-data-server
License: GPL2
termination: false


*/
int strcspn(const char *strSrc, const char *str)
{
    const char *s;
    const char *t = strSrc;
    while (*t != '\0')
    {
        s = str;
        while (*s != '\0')
        {
            if (*t == *s )
            return t-strSrc;
            ++s;
        }
        ++t;
    }
    return 0;
}
int main()
{
    char buf[100];
    for( int i = 0 ; i < 99 ; i++ )
        buf[i] = __VERIFIER_nondet_char();
    buf[99] = '\0';
    char *p = buf;
    while( *p )
    {
        int len = strcspn( p , ""\n"");
        p += len;
    }
    return 0;

}

"
33,T,"main:buf:1={'\'','`','<','h','?','j','|','k','l','p','b','H','4','-','g','K','o','l','D',';','s','7','5','p','6','w','K','c','>','p','l','?','x','!','q','j','b','w','V','-','M','x','Z','t','y','M','m','}','O','A','e',';','9','C','0','6','?','-','i','c','1','9','u','j','U','T','p','u','#','Z','i','8','A','5','9','f','Z','t','b','g','-','k','g','n','P','q','n','r','Z','Y','!','%','g','a','u','z','e','M','e','z'}
",,TIMEOUT,LIKELY_NT,false,,"You generate concrete values for nondeterministic inputs in a C/C++ program.
Your goal is to produce ONE complete assignment set that is likely to make the program terminate.

Important rules:
1. Return a value for EVERY listed nondeterministic input ID.
2. Use each ID exactly once.
3. Respect the declared C/C++ type.
4. For an array, return the value as an array containing exactly the required number of elements.
5. For char arrays, each element must be exactly one character. Return the character itself without C single quotes.
6. Prefer small-magnitude values unless larger values are necessary to achieve the requested execution behavior.

Nondeterministic inputs:
- id: main:buf:1, type: char, array: true, size: 100, required elements: 100

Previously generated assignment sets are listed below. Generate a materially different set and do not duplicate any of them.
Previous 1: main:buf:1={':',':','@','A','1','$','a','B','c','D','e','F','g','H','i','J','k','L','m','N','o','P','q','R','s','T','u','V','w','X','y','Z','0','1','2','3','4','5','6','7','8','9','!','?','-','_','+','%','^','&','*','/','`','{','}','[',']','|','~',' ','a','b','c','d','e','f','g','h','i','j','k','l','m','n','o','p','q','r','s','t','u','v','w','x','y','z','A','B','C','D','E','F','G','H','I','J','K','L','M','N'}; 
Previous 2: main:buf:1={'a','a','a','a','a','a','a','a','a','a','a','a','a','a','a','a','a','a','a','a','a','a','a','a','a','a','a','a','a','a','a','a','a','a','a','a','a','a','a','a','a','a','a','a','a','a','a','a','a','a','a','a','a','a','a','a','a','a','a','a','a','a','a','a','a','a','a','a','a','a','a','a','a','a','a','a','a','a','a','a','a','a','a','a','a','a','a','a','a','a','a','a','a','a','a','a','a','a','a','a'}; 
Previous 3: main:buf:1={'0','a','a','a','a','a','a','a','a','a','a','a','a','a','a','a','a','a','a','a','a','a','a','a','a','a','a','a','a','a','a','a','a','a','a','a','a','a','a','a','a','a','a','a','a','a','a','a','a','a','a','a','a','a','a','a','a','a','a','a','a','a','a','a','a','a','a','a','a','a','a','a','a','a','a','a','a','a','a','a','a','a','a','a','a','a','a','a','a','a','a','a','a','a','a','a','a','a','a','a'}; 
Previous 4: main:buf:1={'{','0',',','a','a','a','a','a','a','a','a','a','a','a','a','a','a','a','a','a','a','a','a','a','a','a','a','a','a','a','a','a','a','a','a','a','a','a','a','a','a','a','a','a','a','a','a','a','a','a','a','a','a','a','a','a','a','a','a','a','a','a','a','a','a','a','a','a','a','a','a','a','a','a','a','a','a','a','a','a','a','a','a','a','a','a','a','a','a','a','a','a','a','a','a','a','a','a','a','a'}; 
Previous 5: main:buf:1={'A','A','A','A','A','A','A','A','A','A','A','A','A','A','A','A','A','A','A','A','A','A','A','A','A','A','A','A','A','A','A','A','A','A','A','A','A','A','A','A','A','A','A','A','A','A','A','A','A','A','B','B','B','B','B','B','B','B','B','B','B','B','B','B','B','B','B','B','B','B','B','B','B','B','B','B','B','B','B','B','B','B','B','B','B','B','B','B','B','B','B','B','B','B','B','B','B','B','C','D'}; 
Previous 6: main:buf:1={'b','b','b','b','b','b','b','b','b','b','b','b','b','b','b','b','b','b','b','b','b','b','b','b','b','b','b','b','b','b','b','b','b','b','b','b','b','b','b','b','b','b','b','b','b','b','b','b','b','b','b','b','b','b','b','b','b','b','b','b','b','b','b','b','b','b','b','b','b','b','b','b','b','b','b','b','b','b','b','b','b','b','b','b','b','b','b','b','b','b','b','b','b','b','b','b','b','b','b','b'}; 
Previous 7: main:buf:1={'a','a','a','a','a','a','a','a','a','a','a','a','a','a','a','a','a','a','a','a','a','a','a','a','a','a','a','a','a','a','a','a','a','a','a','a','a','a','a','a','a','a','a','a','a','a','a','a','a','a','a','a','a','a','a','a','a','a','a','a','a','a','a','a','a','a','a','a','a','a','a','a','a','a','a','a','a','a','a','a','a','a','a','a','a','a','a','a','a','a','a','a','a','a','a','a','a','a','b','b'}; 
Previous 8: main:buf:1={'\'','\'','\'','\'','\'','\'','\'','\'','\'','\'','\'','\'','\'','\'','\'','\'','\'','\'','\'','\'','\'','\'','\'','\'','\'','\'','\'','\'','\'','\'','\'','\'','\'','\'','\'','\'','\'','\'','\'','\'','\'','\'','\'','\'','\'','\'','\'','\'','\'','\'','\'','\'','\'','\'','\'','\'','\'','\'','\'','\'','\'','\'','\'','\'','\'','\'','\'','\'','\'','\'','\'','\'','\'','\'','\'','\'','\'','\'','\'','\'','\'','\'','\'','\'','\'','\'','\'','\'','\'','\'','\'','\'','\'','\'','\'','\'','\'','\'','\'','\''}; 
Previous 9: main:buf:1={'A','A','A','A','A','A','A','A','A','A','A','A','A','A','A','A','A','A','A','A','A','A','A','A','A','A','A','A','A','A','A','A','A','A','A','A','A','A','A','A','A','A','A','A','A','A','A','A','A','A','A','A','A','A','A','A','A','A','A','A','A','A','A','A','A','A','A','A','A','A','A','A','A','A','A','A','A','A','A','A','A','A','A','A','A','A','A','A','A','A','A','A','A','A','A','A','A','A','A','A'}; 
Previous 10: main:buf:1={'a','a','a','a','a','a','a','a','a','a','a','a','a','a','a','a','a','a','a','a','a','a','a','a','a','a','a','a','a','a','a','a','a','a','a','a','a','a','a','a','a','a','a','a','a','a','a','a','a','a','a','a','a','a','a','a','a','a','a','a','a','a','a','a','a','a','a','a','a','a','a','a','a','a','a','a','a','a','a','a','a','a','a','a','a','a','a','a','a','a','a','a','a','a','a','a','a','a','a','0'}; 
Previous 11: main:buf:1={'/','*','!','@','#','$','%','^','&','*','-','+','=','_','|','{','}',':',';','?','/','[',']',';','\'','`','~','1','2','3','4','5','6','7','8','9','0','a','b','c','d','e','f','g','h','i','j','k','l','m','n','o','p','q','r','s','t','u','v','w','x','y','z','A','B','C','D','E','F','G','H','I','J','K','L','M','N','O','P','Q','R','S','T','U','V','W','X','Y','Z','!','?','!','?','!','?','!','?','!','?','!'}; 
Previous 12: main:buf:1={'c','c','c','c','c','c','c','c','c','c','c','c','c','c','c','c','c','c','c','c','c','c','c','c','c','c','c','c','c','c','c','c','c','c','c','c','c','c','c','c','c','c','c','c','c','c','c','c','c','c','c','c','c','c','c','c','c','c','c','c','c','c','c','c','c','c','c','c','c','c','c','c','c','c','c','c','c','c','c','c','c','c','c','c','c','c','c','c','c','c','c','c','c','c','c','c','c','c','c','d'}; 
Previous 13: main:buf:1={'0','0','0','0','0','0','0','0','0','0','0','0','0','0','0','0','0','0','0','0','0','0','0','0','0','0','0','0','0','0','0','0','0','0','0','0','0','0','0','0','0','0','0','0','0','0','0','0','0','0','0','0','0','0','0','0','0','0','0','0','0','0','0','0','0','0','0','0','0','0','0','0','0','0','0','0','0','0','0','0','0','0','0','0','0','0','0','0','0','0','0','0','0','0','0','0','0','0','0','0'}; 
Previous 14: main:buf:1={'x','y','x','y','x','y','x','y','x','y','x','y','x','y','x','y','x','y','x','y','x','y','x','y','x','y','x','y','x','y','x','y','x','y','x','y','x','y','x','y','x','y','x','y','x','y','x','y','x','y','x','y','x','y','x','y','x','y','x','y','x','y','x','y','x','y','x','y','x','y','x','y','x','y','x','y','x','y','x','y','x','y','x','y','x','y','x','y','x','y','x','y','x','y','x','y','x','y','x','y'}; 
Previous 15: main:buf:1={'0','1','2','3','4','5','6','7','8','9','A','B','C','D','E','F','G','H','I','J','K','L','M','N','O','P','Q','R','S','T','U','V','W','X','Y','Z','a','b','c','d','e','f','g','h','i','j','k','l','m','n','o','p','q','r','s','t','u','v','w','x','y','z','!','@','#','$','%','^','&','*','(',')','-','_','=','+','[',']','{','}','|','/','?',' ','~','`',' ',' ','!','@','#','$','%','^','&','*','(',')','-','['}; 
Previous 16: main:buf:1={'\'','0','\'','\'','a','\'','a','\'','a','\'','a','\'','a','\'','a','\'','a','\'','a','\'','a','\'','a','\'','a','\'','a','\'','a','\'','a','\'','a','\'','a','\'','a','\'','a','\'','a','\'','a','\'','a','\'','a','\'','a','\'','a','\'','a','\'','a','\'','a','\'','a','\'','a','\'','a','\'','a','\'','a','\'','a','\'','a','\'','a','\'','a','\'','a','\'','a','\'','a','\'','a','\'','a','\'','a','\'','a','\'','a','\'','a','\'','a','\'','a','\'','a','\''}; 
Previous 17: main:buf:1={'g','g','g','g','g','g','g','g','g','g','g','g','g','g','g','g','g','g','g','g','g','g','g','g','g','g','g','g','g','g','g','g','g','g','g','g','g','g','g','g','g','g','g','g','g','g','g','g','g','g','g','g','g','g','g','g','g','g','g','g','g','g','g','g','g','g','g','g','g','g','g','g','g','g','g','g','g','g','g','g','g','g','g','g','g','g','g','g','g','g','g','g','g','g','g','g','g','g','g','g'}; 
Previous 18: main:buf:1={'_','_','_','_','_','_','_','_','_','_','_','_','_','_','_','_','_','_','_','_','_','_','_','_','_','_','_','_','_','_','_','_','_','_','_','_','_','_','_','_','_','_','_','_','_','_','_','_','_','_','_','_','_','_','_','_','_','_','_','_','_','_','_','_','_','_','_','_','_','_','_','_','_','_','_','_','_','_','_','_','_','_','_','_','_','_','_','_','_','_','_','_','_','_','_','_','_','_','_','_'}; 
Previous 19: main:buf:1={'a','b','c','d','e','f','g','h','i','j','a','b','c','d','e','f','g','h','i','j','a','b','c','d','e','f','g','h','i','j','a','b','c','d','e','f','g','h','i','j','a','b','c','d','e','f','g','h','i','j','a','b','c','d','e','f','g','h','i','j','a','b','c','d','e','f','g','h','i','j','a','b','c','d','e','f','g','h','i','j','a','b','c','d','e','f','g','h','i','j','a','b','c','d','e','f','g','h','i','j'}; 
Previous 20: main:buf:1={'a','a','a','a','a','a','a','a','a','a','a','a','a','a','a','a','a','a','a','a','a','a','a','a','a','a','a','a','a','a','a','a','a','a','a','a','a','a','a','a','a','a','a','a','a','a','a','a','a','a','b','b','b','b','b','b','b','b','b','b','b','b','b','b','b','b','b','b','b','b','b','b','b','b','b','b','b','b','c','c','c','c','c','c','c','c','c','c','c','c','c','c','c','c','c','c','c','c','c','c'}; 
Previous 21: main:buf:1={'>','0','0','0','0','0','0','0','0','0','0','0','0','0','0','0','0','0','0','0','0','0','0','0','0','0','0','0','0','0','0','0','0','0','0','0','0','0','0','0','0','0','0','0','0','0','0','0','0','0','0','0','0','0','0','0','0','0','0','0','0','0','0','0','0','0','0','0','0','0','0','0','0','0','0','0','0','0','0','0','0','0','0','0','0','0','0','0','0','0','0','0','0','0','0','0','0','0','0','0'}; 
Previous 22: main:buf:1={'a','b','c','d','e','f','g','h','i','j','k','l','m','n','o','p','q','r','s','t','u','v','w','x','y','z','A','B','C','D','E','F','G','H','I','J','K','L','M','N','O','P','Q','R','S','T','U','V','W','X','Y','Z','0','1','2','3','4','5','6','7','8','9','!','@','#','$','%','^','&','*','(','-',')','-','_','+','=','[',']','{','}','|',':',';','<','>','?','/','|','`','~','\'','%','.',',',' ','a','b','c','d'}; 
Previous 23: main:buf:1={'\'','0','\'','\'','\'','\'','\'','\'','\'','\'','\'','\'','\'','\'','\'','\'','\'','\'','\'','\'','\'','\'','\'','\'','\'','\'','\'','\'','\'','\'','\'','\'','\'','\'','\'','\'','\'','\'','\'','\'','\'','\'','\'','\'','\'','\'','\'','\'','\'','\'','\'','\'','\'','\'','\'','\'','\'','\'','\'','\'','\'','\'','\'','\'','\'','\'','\'','\'','\'','\'','\'','\'','\'','\'','\'','\'','\'','\'','\'','\'','\'','\'','\'','\'','\'','\'','\'','\'','\'','\'','\'','\'','\'','\'','\'','\'','\'','\'','\'','\''}; 
Previous 24: main:buf:1={'-','-','-','-','-','-','-','-','-','-','-','-','-','-','-','-','-','-','-','-','-','-','-','-','-','-','-','-','-','-','-','-','=','=','=','=','=','=','=','=','=','=','=','=','=','=','=','=','=','=','=','=','=','=','=','=','=','=','=','=','=','=','+','+','+','+','+','+','+','+','+','+','+','+','+','+','+','+','+','+','+','+','+','+','+','+','+','+','+','+','+','+','+','+','+','+','+','+','+','+'}; 
Previous 25: main:buf:1={'w','p','k','r','G','d','e','Z','q','n','U','O','g','H','5','X','S','m','R','t','J','T','3','c','V','1','l','f','Z','2','u','P','w','L','b','6','Q','z','Z','v','P','x','9','f','c','F','S','q','m','2','D','E','r','C','i','Y','b','k','O','z','4','3','q','a','L','P','c','j','s','g','g','b','8','h','Y','D','n','u','a','n','x','A','p','w','S','l','v','V','g','k','R','o','3','i','e','q','J','n','p','z'}; 

Program:
extern char __VERIFIER_nondet_char(void);
/*
Commit Number: cea58cb6d8fe0d27bfcbab57776bd36d5c724ec3
URL: https://github.com/GNOME/evolution-data-server/commit/cea58cb6d8fe0d27bfcbab57776bd36d5c724ec3
Project Name: evolution-data-server
License: GPL2
termination: false


*/
int strcspn(const char *strSrc, const char *str)
{
    const char *s;
    const char *t = strSrc;
    while (*t != '\0')
    {
        s = str;
        while (*s != '\0')
        {
            if (*t == *s )
            return t-strSrc;
            ++s;
        }
        ++t;
    }
    return 0;
}
int main()
{
    char buf[100];
    for( int i = 0 ; i < 99 ; i++ )
        buf[i] = __VERIFIER_nondet_char();
    buf[99] = '\0';
    char *p = buf;
    while( *p )
    {
        int len = strcspn( p , ""\n"");
        p += len;
    }
    return 0;

}

"
34,T,"main:buf:1={'C','C','C','C','C','C','C','C','C','C','C','C','C','C','C','C','C','C','C','C','C','C','C','C','C','C','C','C','C','C','C','C','C','C','C','C','C','C','C','C','C','C','C','C','C','C','C','C','C','C','C','C','C','C','C','C','C','C','C','C','C','C','C','C','C','C','C','C','C','C','C','C','C','C','C','C','C','C','C','C','C','C','C','C','C','C','C','C','C','C','C','C','C','C','C','C','C','C','C','C'}
",,TIMEOUT,LIKELY_NT,false,,"You generate concrete values for nondeterministic inputs in a C/C++ program.
Your goal is to produce ONE complete assignment set that is likely to make the program terminate.

Important rules:
1. Return a value for EVERY listed nondeterministic input ID.
2. Use each ID exactly once.
3. Respect the declared C/C++ type.
4. For an array, return the value as an array containing exactly the required number of elements.
5. For char arrays, each element must be exactly one character. Return the character itself without C single quotes.
6. Prefer small-magnitude values unless larger values are necessary to achieve the requested execution behavior.

Nondeterministic inputs:
- id: main:buf:1, type: char, array: true, size: 100, required elements: 100

Previously generated assignment sets are listed below. Generate a materially different set and do not duplicate any of them.
Previous 1: main:buf:1={':',':','@','A','1','$','a','B','c','D','e','F','g','H','i','J','k','L','m','N','o','P','q','R','s','T','u','V','w','X','y','Z','0','1','2','3','4','5','6','7','8','9','!','?','-','_','+','%','^','&','*','/','`','{','}','[',']','|','~',' ','a','b','c','d','e','f','g','h','i','j','k','l','m','n','o','p','q','r','s','t','u','v','w','x','y','z','A','B','C','D','E','F','G','H','I','J','K','L','M','N'}; 
Previous 2: main:buf:1={'a','a','a','a','a','a','a','a','a','a','a','a','a','a','a','a','a','a','a','a','a','a','a','a','a','a','a','a','a','a','a','a','a','a','a','a','a','a','a','a','a','a','a','a','a','a','a','a','a','a','a','a','a','a','a','a','a','a','a','a','a','a','a','a','a','a','a','a','a','a','a','a','a','a','a','a','a','a','a','a','a','a','a','a','a','a','a','a','a','a','a','a','a','a','a','a','a','a','a','a'}; 
Previous 3: main:buf:1={'0','a','a','a','a','a','a','a','a','a','a','a','a','a','a','a','a','a','a','a','a','a','a','a','a','a','a','a','a','a','a','a','a','a','a','a','a','a','a','a','a','a','a','a','a','a','a','a','a','a','a','a','a','a','a','a','a','a','a','a','a','a','a','a','a','a','a','a','a','a','a','a','a','a','a','a','a','a','a','a','a','a','a','a','a','a','a','a','a','a','a','a','a','a','a','a','a','a','a','a'}; 
Previous 4: main:buf:1={'{','0',',','a','a','a','a','a','a','a','a','a','a','a','a','a','a','a','a','a','a','a','a','a','a','a','a','a','a','a','a','a','a','a','a','a','a','a','a','a','a','a','a','a','a','a','a','a','a','a','a','a','a','a','a','a','a','a','a','a','a','a','a','a','a','a','a','a','a','a','a','a','a','a','a','a','a','a','a','a','a','a','a','a','a','a','a','a','a','a','a','a','a','a','a','a','a','a','a','a'}; 
Previous 5: main:buf:1={'A','A','A','A','A','A','A','A','A','A','A','A','A','A','A','A','A','A','A','A','A','A','A','A','A','A','A','A','A','A','A','A','A','A','A','A','A','A','A','A','A','A','A','A','A','A','A','A','A','A','B','B','B','B','B','B','B','B','B','B','B','B','B','B','B','B','B','B','B','B','B','B','B','B','B','B','B','B','B','B','B','B','B','B','B','B','B','B','B','B','B','B','B','B','B','B','B','B','C','D'}; 
Previous 6: main:buf:1={'b','b','b','b','b','b','b','b','b','b','b','b','b','b','b','b','b','b','b','b','b','b','b','b','b','b','b','b','b','b','b','b','b','b','b','b','b','b','b','b','b','b','b','b','b','b','b','b','b','b','b','b','b','b','b','b','b','b','b','b','b','b','b','b','b','b','b','b','b','b','b','b','b','b','b','b','b','b','b','b','b','b','b','b','b','b','b','b','b','b','b','b','b','b','b','b','b','b','b','b'}; 
Previous 7: main:buf:1={'a','a','a','a','a','a','a','a','a','a','a','a','a','a','a','a','a','a','a','a','a','a','a','a','a','a','a','a','a','a','a','a','a','a','a','a','a','a','a','a','a','a','a','a','a','a','a','a','a','a','a','a','a','a','a','a','a','a','a','a','a','a','a','a','a','a','a','a','a','a','a','a','a','a','a','a','a','a','a','a','a','a','a','a','a','a','a','a','a','a','a','a','a','a','a','a','a','a','b','b'}; 
Previous 8: main:buf:1={'\'','\'','\'','\'','\'','\'','\'','\'','\'','\'','\'','\'','\'','\'','\'','\'','\'','\'','\'','\'','\'','\'','\'','\'','\'','\'','\'','\'','\'','\'','\'','\'','\'','\'','\'','\'','\'','\'','\'','\'','\'','\'','\'','\'','\'','\'','\'','\'','\'','\'','\'','\'','\'','\'','\'','\'','\'','\'','\'','\'','\'','\'','\'','\'','\'','\'','\'','\'','\'','\'','\'','\'','\'','\'','\'','\'','\'','\'','\'','\'','\'','\'','\'','\'','\'','\'','\'','\'','\'','\'','\'','\'','\'','\'','\'','\'','\'','\'','\'','\''}; 
Previous 9: main:buf:1={'A','A','A','A','A','A','A','A','A','A','A','A','A','A','A','A','A','A','A','A','A','A','A','A','A','A','A','A','A','A','A','A','A','A','A','A','A','A','A','A','A','A','A','A','A','A','A','A','A','A','A','A','A','A','A','A','A','A','A','A','A','A','A','A','A','A','A','A','A','A','A','A','A','A','A','A','A','A','A','A','A','A','A','A','A','A','A','A','A','A','A','A','A','A','A','A','A','A','A','A'}; 
Previous 10: main:buf:1={'a','a','a','a','a','a','a','a','a','a','a','a','a','a','a','a','a','a','a','a','a','a','a','a','a','a','a','a','a','a','a','a','a','a','a','a','a','a','a','a','a','a','a','a','a','a','a','a','a','a','a','a','a','a','a','a','a','a','a','a','a','a','a','a','a','a','a','a','a','a','a','a','a','a','a','a','a','a','a','a','a','a','a','a','a','a','a','a','a','a','a','a','a','a','a','a','a','a','a','0'}; 
Previous 11: main:buf:1={'/','*','!','@','#','$','%','^','&','*','-','+','=','_','|','{','}',':',';','?','/','[',']',';','\'','`','~','1','2','3','4','5','6','7','8','9','0','a','b','c','d','e','f','g','h','i','j','k','l','m','n','o','p','q','r','s','t','u','v','w','x','y','z','A','B','C','D','E','F','G','H','I','J','K','L','M','N','O','P','Q','R','S','T','U','V','W','X','Y','Z','!','?','!','?','!','?','!','?','!','?','!'}; 
Previous 12: main:buf:1={'c','c','c','c','c','c','c','c','c','c','c','c','c','c','c','c','c','c','c','c','c','c','c','c','c','c','c','c','c','c','c','c','c','c','c','c','c','c','c','c','c','c','c','c','c','c','c','c','c','c','c','c','c','c','c','c','c','c','c','c','c','c','c','c','c','c','c','c','c','c','c','c','c','c','c','c','c','c','c','c','c','c','c','c','c','c','c','c','c','c','c','c','c','c','c','c','c','c','c','d'}; 
Previous 13: main:buf:1={'0','0','0','0','0','0','0','0','0','0','0','0','0','0','0','0','0','0','0','0','0','0','0','0','0','0','0','0','0','0','0','0','0','0','0','0','0','0','0','0','0','0','0','0','0','0','0','0','0','0','0','0','0','0','0','0','0','0','0','0','0','0','0','0','0','0','0','0','0','0','0','0','0','0','0','0','0','0','0','0','0','0','0','0','0','0','0','0','0','0','0','0','0','0','0','0','0','0','0','0'}; 
Previous 14: main:buf:1={'x','y','x','y','x','y','x','y','x','y','x','y','x','y','x','y','x','y','x','y','x','y','x','y','x','y','x','y','x','y','x','y','x','y','x','y','x','y','x','y','x','y','x','y','x','y','x','y','x','y','x','y','x','y','x','y','x','y','x','y','x','y','x','y','x','y','x','y','x','y','x','y','x','y','x','y','x','y','x','y','x','y','x','y','x','y','x','y','x','y','x','y','x','y','x','y','x','y','x','y'}; 
Previous 15: main:buf:1={'0','1','2','3','4','5','6','7','8','9','A','B','C','D','E','F','G','H','I','J','K','L','M','N','O','P','Q','R','S','T','U','V','W','X','Y','Z','a','b','c','d','e','f','g','h','i','j','k','l','m','n','o','p','q','r','s','t','u','v','w','x','y','z','!','@','#','$','%','^','&','*','(',')','-','_','=','+','[',']','{','}','|','/','?',' ','~','`',' ',' ','!','@','#','$','%','^','&','*','(',')','-','['}; 
Previous 16: main:buf:1={'\'','0','\'','\'','a','\'','a','\'','a','\'','a','\'','a','\'','a','\'','a','\'','a','\'','a','\'','a','\'','a','\'','a','\'','a','\'','a','\'','a','\'','a','\'','a','\'','a','\'','a','\'','a','\'','a','\'','a','\'','a','\'','a','\'','a','\'','a','\'','a','\'','a','\'','a','\'','a','\'','a','\'','a','\'','a','\'','a','\'','a','\'','a','\'','a','\'','a','\'','a','\'','a','\'','a','\'','a','\'','a','\'','a','\'','a','\'','a','\'','a','\'','a','\''}; 
Previous 17: main:buf:1={'g','g','g','g','g','g','g','g','g','g','g','g','g','g','g','g','g','g','g','g','g','g','g','g','g','g','g','g','g','g','g','g','g','g','g','g','g','g','g','g','g','g','g','g','g','g','g','g','g','g','g','g','g','g','g','g','g','g','g','g','g','g','g','g','g','g','g','g','g','g','g','g','g','g','g','g','g','g','g','g','g','g','g','g','g','g','g','g','g','g','g','g','g','g','g','g','g','g','g','g'}; 
Previous 18: main:buf:1={'_','_','_','_','_','_','_','_','_','_','_','_','_','_','_','_','_','_','_','_','_','_','_','_','_','_','_','_','_','_','_','_','_','_','_','_','_','_','_','_','_','_','_','_','_','_','_','_','_','_','_','_','_','_','_','_','_','_','_','_','_','_','_','_','_','_','_','_','_','_','_','_','_','_','_','_','_','_','_','_','_','_','_','_','_','_','_','_','_','_','_','_','_','_','_','_','_','_','_','_'}; 
Previous 19: main:buf:1={'a','b','c','d','e','f','g','h','i','j','a','b','c','d','e','f','g','h','i','j','a','b','c','d','e','f','g','h','i','j','a','b','c','d','e','f','g','h','i','j','a','b','c','d','e','f','g','h','i','j','a','b','c','d','e','f','g','h','i','j','a','b','c','d','e','f','g','h','i','j','a','b','c','d','e','f','g','h','i','j','a','b','c','d','e','f','g','h','i','j','a','b','c','d','e','f','g','h','i','j'}; 
Previous 20: main:buf:1={'a','a','a','a','a','a','a','a','a','a','a','a','a','a','a','a','a','a','a','a','a','a','a','a','a','a','a','a','a','a','a','a','a','a','a','a','a','a','a','a','a','a','a','a','a','a','a','a','a','a','b','b','b','b','b','b','b','b','b','b','b','b','b','b','b','b','b','b','b','b','b','b','b','b','b','b','b','b','c','c','c','c','c','c','c','c','c','c','c','c','c','c','c','c','c','c','c','c','c','c'}; 
Previous 21: main:buf:1={'>','0','0','0','0','0','0','0','0','0','0','0','0','0','0','0','0','0','0','0','0','0','0','0','0','0','0','0','0','0','0','0','0','0','0','0','0','0','0','0','0','0','0','0','0','0','0','0','0','0','0','0','0','0','0','0','0','0','0','0','0','0','0','0','0','0','0','0','0','0','0','0','0','0','0','0','0','0','0','0','0','0','0','0','0','0','0','0','0','0','0','0','0','0','0','0','0','0','0','0'}; 
Previous 22: main:buf:1={'a','b','c','d','e','f','g','h','i','j','k','l','m','n','o','p','q','r','s','t','u','v','w','x','y','z','A','B','C','D','E','F','G','H','I','J','K','L','M','N','O','P','Q','R','S','T','U','V','W','X','Y','Z','0','1','2','3','4','5','6','7','8','9','!','@','#','$','%','^','&','*','(','-',')','-','_','+','=','[',']','{','}','|',':',';','<','>','?','/','|','`','~','\'','%','.',',',' ','a','b','c','d'}; 
Previous 23: main:buf:1={'\'','0','\'','\'','\'','\'','\'','\'','\'','\'','\'','\'','\'','\'','\'','\'','\'','\'','\'','\'','\'','\'','\'','\'','\'','\'','\'','\'','\'','\'','\'','\'','\'','\'','\'','\'','\'','\'','\'','\'','\'','\'','\'','\'','\'','\'','\'','\'','\'','\'','\'','\'','\'','\'','\'','\'','\'','\'','\'','\'','\'','\'','\'','\'','\'','\'','\'','\'','\'','\'','\'','\'','\'','\'','\'','\'','\'','\'','\'','\'','\'','\'','\'','\'','\'','\'','\'','\'','\'','\'','\'','\'','\'','\'','\'','\'','\'','\'','\'','\''}; 
Previous 24: main:buf:1={'-','-','-','-','-','-','-','-','-','-','-','-','-','-','-','-','-','-','-','-','-','-','-','-','-','-','-','-','-','-','-','-','=','=','=','=','=','=','=','=','=','=','=','=','=','=','=','=','=','=','=','=','=','=','=','=','=','=','=','=','=','=','+','+','+','+','+','+','+','+','+','+','+','+','+','+','+','+','+','+','+','+','+','+','+','+','+','+','+','+','+','+','+','+','+','+','+','+','+','+'}; 
Previous 25: main:buf:1={'w','p','k','r','G','d','e','Z','q','n','U','O','g','H','5','X','S','m','R','t','J','T','3','c','V','1','l','f','Z','2','u','P','w','L','b','6','Q','z','Z','v','P','x','9','f','c','F','S','q','m','2','D','E','r','C','i','Y','b','k','O','z','4','3','q','a','L','P','c','j','s','g','g','b','8','h','Y','D','n','u','a','n','x','A','p','w','S','l','v','V','g','k','R','o','3','i','e','q','J','n','p','z'}; 
Previous 26: main:buf:1={'\'','`','<','h','?','j','|','k','l','p','b','H','4','-','g','K','o','l','D',';','s','7','5','p','6','w','K','c','>','p','l','?','x','!','q','j','b','w','V','-','M','x','Z','t','y','M','m','}','O','A','e',';','9','C','0','6','?','-','i','c','1','9','u','j','U','T','p','u','#','Z','i','8','A','5','9','f','Z','t','b','g','-','k','g','n','P','q','n','r','Z','Y','!','%','g','a','u','z','e','M','e','z'}; 

Program:
extern char __VERIFIER_nondet_char(void);
/*
Commit Number: cea58cb6d8fe0d27bfcbab57776bd36d5c724ec3
URL: https://github.com/GNOME/evolution-data-server/commit/cea58cb6d8fe0d27bfcbab57776bd36d5c724ec3
Project Name: evolution-data-server
License: GPL2
termination: false


*/
int strcspn(const char *strSrc, const char *str)
{
    const char *s;
    const char *t = strSrc;
    while (*t != '\0')
    {
        s = str;
        while (*s != '\0')
        {
            if (*t == *s )
            return t-strSrc;
            ++s;
        }
        ++t;
    }
    return 0;
}
int main()
{
    char buf[100];
    for( int i = 0 ; i < 99 ; i++ )
        buf[i] = __VERIFIER_nondet_char();
    buf[99] = '\0';
    char *p = buf;
    while( *p )
    {
        int len = strcspn( p , ""\n"");
        p += len;
    }
    return 0;

}

"
35,T,"main:buf:1={'0','0','0','0','0','0','0','0','0','0','0','0','0','0','0','0','0','0','0','0','0','0','0','0','0','0','0','0','0','0','0','0','0','0','0','0','0','0','0','0','0','0','0','0','0','0','0','0','0','0','0','0','0','0','0','0','0','0','0','0','0','0','0','0','0','0','0','0','0','0','0','0','0','0','0','0','0','0','0','0','0','0','0','0','0','0','0','0','0','0','0','0','0','0','0','0','0','0','0','0'}
",,DUPLICATE,,false,,"You generate concrete values for nondeterministic inputs in a C/C++ program.
Your goal is to produce ONE complete assignment set that is likely to make the program terminate.

Important rules:
1. Return a value for EVERY listed nondeterministic input ID.
2. Use each ID exactly once.
3. Respect the declared C/C++ type.
4. For an array, return the value as an array containing exactly the required number of elements.
5. For char arrays, each element must be exactly one character. Return the character itself without C single quotes.
6. Prefer small-magnitude values unless larger values are necessary to achieve the requested execution behavior.

Nondeterministic inputs:
- id: main:buf:1, type: char, array: true, size: 100, required elements: 100

Previously generated assignment sets are listed below. Generate a materially different set and do not duplicate any of them.
Previous 1: main:buf:1={':',':','@','A','1','$','a','B','c','D','e','F','g','H','i','J','k','L','m','N','o','P','q','R','s','T','u','V','w','X','y','Z','0','1','2','3','4','5','6','7','8','9','!','?','-','_','+','%','^','&','*','/','`','{','}','[',']','|','~',' ','a','b','c','d','e','f','g','h','i','j','k','l','m','n','o','p','q','r','s','t','u','v','w','x','y','z','A','B','C','D','E','F','G','H','I','J','K','L','M','N'}; 
Previous 2: main:buf:1={'a','a','a','a','a','a','a','a','a','a','a','a','a','a','a','a','a','a','a','a','a','a','a','a','a','a','a','a','a','a','a','a','a','a','a','a','a','a','a','a','a','a','a','a','a','a','a','a','a','a','a','a','a','a','a','a','a','a','a','a','a','a','a','a','a','a','a','a','a','a','a','a','a','a','a','a','a','a','a','a','a','a','a','a','a','a','a','a','a','a','a','a','a','a','a','a','a','a','a','a'}; 
Previous 3: main:buf:1={'0','a','a','a','a','a','a','a','a','a','a','a','a','a','a','a','a','a','a','a','a','a','a','a','a','a','a','a','a','a','a','a','a','a','a','a','a','a','a','a','a','a','a','a','a','a','a','a','a','a','a','a','a','a','a','a','a','a','a','a','a','a','a','a','a','a','a','a','a','a','a','a','a','a','a','a','a','a','a','a','a','a','a','a','a','a','a','a','a','a','a','a','a','a','a','a','a','a','a','a'}; 
Previous 4: main:buf:1={'{','0',',','a','a','a','a','a','a','a','a','a','a','a','a','a','a','a','a','a','a','a','a','a','a','a','a','a','a','a','a','a','a','a','a','a','a','a','a','a','a','a','a','a','a','a','a','a','a','a','a','a','a','a','a','a','a','a','a','a','a','a','a','a','a','a','a','a','a','a','a','a','a','a','a','a','a','a','a','a','a','a','a','a','a','a','a','a','a','a','a','a','a','a','a','a','a','a','a','a'}; 
Previous 5: main:buf:1={'A','A','A','A','A','A','A','A','A','A','A','A','A','A','A','A','A','A','A','A','A','A','A','A','A','A','A','A','A','A','A','A','A','A','A','A','A','A','A','A','A','A','A','A','A','A','A','A','A','A','B','B','B','B','B','B','B','B','B','B','B','B','B','B','B','B','B','B','B','B','B','B','B','B','B','B','B','B','B','B','B','B','B','B','B','B','B','B','B','B','B','B','B','B','B','B','B','B','C','D'}; 
Previous 6: main:buf:1={'b','b','b','b','b','b','b','b','b','b','b','b','b','b','b','b','b','b','b','b','b','b','b','b','b','b','b','b','b','b','b','b','b','b','b','b','b','b','b','b','b','b','b','b','b','b','b','b','b','b','b','b','b','b','b','b','b','b','b','b','b','b','b','b','b','b','b','b','b','b','b','b','b','b','b','b','b','b','b','b','b','b','b','b','b','b','b','b','b','b','b','b','b','b','b','b','b','b','b','b'}; 
Previous 7: main:buf:1={'a','a','a','a','a','a','a','a','a','a','a','a','a','a','a','a','a','a','a','a','a','a','a','a','a','a','a','a','a','a','a','a','a','a','a','a','a','a','a','a','a','a','a','a','a','a','a','a','a','a','a','a','a','a','a','a','a','a','a','a','a','a','a','a','a','a','a','a','a','a','a','a','a','a','a','a','a','a','a','a','a','a','a','a','a','a','a','a','a','a','a','a','a','a','a','a','a','a','b','b'}; 
Previous 8: main:buf:1={'\'','\'','\'','\'','\'','\'','\'','\'','\'','\'','\'','\'','\'','\'','\'','\'','\'','\'','\'','\'','\'','\'','\'','\'','\'','\'','\'','\'','\'','\'','\'','\'','\'','\'','\'','\'','\'','\'','\'','\'','\'','\'','\'','\'','\'','\'','\'','\'','\'','\'','\'','\'','\'','\'','\'','\'','\'','\'','\'','\'','\'','\'','\'','\'','\'','\'','\'','\'','\'','\'','\'','\'','\'','\'','\'','\'','\'','\'','\'','\'','\'','\'','\'','\'','\'','\'','\'','\'','\'','\'','\'','\'','\'','\'','\'','\'','\'','\'','\'','\''}; 
Previous 9: main:buf:1={'A','A','A','A','A','A','A','A','A','A','A','A','A','A','A','A','A','A','A','A','A','A','A','A','A','A','A','A','A','A','A','A','A','A','A','A','A','A','A','A','A','A','A','A','A','A','A','A','A','A','A','A','A','A','A','A','A','A','A','A','A','A','A','A','A','A','A','A','A','A','A','A','A','A','A','A','A','A','A','A','A','A','A','A','A','A','A','A','A','A','A','A','A','A','A','A','A','A','A','A'}; 
Previous 10: main:buf:1={'a','a','a','a','a','a','a','a','a','a','a','a','a','a','a','a','a','a','a','a','a','a','a','a','a','a','a','a','a','a','a','a','a','a','a','a','a','a','a','a','a','a','a','a','a','a','a','a','a','a','a','a','a','a','a','a','a','a','a','a','a','a','a','a','a','a','a','a','a','a','a','a','a','a','a','a','a','a','a','a','a','a','a','a','a','a','a','a','a','a','a','a','a','a','a','a','a','a','a','0'}; 
Previous 11: main:buf:1={'/','*','!','@','#','$','%','^','&','*','-','+','=','_','|','{','}',':',';','?','/','[',']',';','\'','`','~','1','2','3','4','5','6','7','8','9','0','a','b','c','d','e','f','g','h','i','j','k','l','m','n','o','p','q','r','s','t','u','v','w','x','y','z','A','B','C','D','E','F','G','H','I','J','K','L','M','N','O','P','Q','R','S','T','U','V','W','X','Y','Z','!','?','!','?','!','?','!','?','!','?','!'}; 
Previous 12: main:buf:1={'c','c','c','c','c','c','c','c','c','c','c','c','c','c','c','c','c','c','c','c','c','c','c','c','c','c','c','c','c','c','c','c','c','c','c','c','c','c','c','c','c','c','c','c','c','c','c','c','c','c','c','c','c','c','c','c','c','c','c','c','c','c','c','c','c','c','c','c','c','c','c','c','c','c','c','c','c','c','c','c','c','c','c','c','c','c','c','c','c','c','c','c','c','c','c','c','c','c','c','d'}; 
Previous 13: main:buf:1={'0','0','0','0','0','0','0','0','0','0','0','0','0','0','0','0','0','0','0','0','0','0','0','0','0','0','0','0','0','0','0','0','0','0','0','0','0','0','0','0','0','0','0','0','0','0','0','0','0','0','0','0','0','0','0','0','0','0','0','0','0','0','0','0','0','0','0','0','0','0','0','0','0','0','0','0','0','0','0','0','0','0','0','0','0','0','0','0','0','0','0','0','0','0','0','0','0','0','0','0'}; 
Previous 14: main:buf:1={'x','y','x','y','x','y','x','y','x','y','x','y','x','y','x','y','x','y','x','y','x','y','x','y','x','y','x','y','x','y','x','y','x','y','x','y','x','y','x','y','x','y','x','y','x','y','x','y','x','y','x','y','x','y','x','y','x','y','x','y','x','y','x','y','x','y','x','y','x','y','x','y','x','y','x','y','x','y','x','y','x','y','x','y','x','y','x','y','x','y','x','y','x','y','x','y','x','y','x','y'}; 
Previous 15: main:buf:1={'0','1','2','3','4','5','6','7','8','9','A','B','C','D','E','F','G','H','I','J','K','L','M','N','O','P','Q','R','S','T','U','V','W','X','Y','Z','a','b','c','d','e','f','g','h','i','j','k','l','m','n','o','p','q','r','s','t','u','v','w','x','y','z','!','@','#','$','%','^','&','*','(',')','-','_','=','+','[',']','{','}','|','/','?',' ','~','`',' ',' ','!','@','#','$','%','^','&','*','(',')','-','['}; 
Previous 16: main:buf:1={'\'','0','\'','\'','a','\'','a','\'','a','\'','a','\'','a','\'','a','\'','a','\'','a','\'','a','\'','a','\'','a','\'','a','\'','a','\'','a','\'','a','\'','a','\'','a','\'','a','\'','a','\'','a','\'','a','\'','a','\'','a','\'','a','\'','a','\'','a','\'','a','\'','a','\'','a','\'','a','\'','a','\'','a','\'','a','\'','a','\'','a','\'','a','\'','a','\'','a','\'','a','\'','a','\'','a','\'','a','\'','a','\'','a','\'','a','\'','a','\'','a','\'','a','\''}; 
Previous 17: main:buf:1={'g','g','g','g','g','g','g','g','g','g','g','g','g','g','g','g','g','g','g','g','g','g','g','g','g','g','g','g','g','g','g','g','g','g','g','g','g','g','g','g','g','g','g','g','g','g','g','g','g','g','g','g','g','g','g','g','g','g','g','g','g','g','g','g','g','g','g','g','g','g','g','g','g','g','g','g','g','g','g','g','g','g','g','g','g','g','g','g','g','g','g','g','g','g','g','g','g','g','g','g'}; 
Previous 18: main:buf:1={'_','_','_','_','_','_','_','_','_','_','_','_','_','_','_','_','_','_','_','_','_','_','_','_','_','_','_','_','_','_','_','_','_','_','_','_','_','_','_','_','_','_','_','_','_','_','_','_','_','_','_','_','_','_','_','_','_','_','_','_','_','_','_','_','_','_','_','_','_','_','_','_','_','_','_','_','_','_','_','_','_','_','_','_','_','_','_','_','_','_','_','_','_','_','_','_','_','_','_','_'}; 
Previous 19: main:buf:1={'a','b','c','d','e','f','g','h','i','j','a','b','c','d','e','f','g','h','i','j','a','b','c','d','e','f','g','h','i','j','a','b','c','d','e','f','g','h','i','j','a','b','c','d','e','f','g','h','i','j','a','b','c','d','e','f','g','h','i','j','a','b','c','d','e','f','g','h','i','j','a','b','c','d','e','f','g','h','i','j','a','b','c','d','e','f','g','h','i','j','a','b','c','d','e','f','g','h','i','j'}; 
Previous 20: main:buf:1={'a','a','a','a','a','a','a','a','a','a','a','a','a','a','a','a','a','a','a','a','a','a','a','a','a','a','a','a','a','a','a','a','a','a','a','a','a','a','a','a','a','a','a','a','a','a','a','a','a','a','b','b','b','b','b','b','b','b','b','b','b','b','b','b','b','b','b','b','b','b','b','b','b','b','b','b','b','b','c','c','c','c','c','c','c','c','c','c','c','c','c','c','c','c','c','c','c','c','c','c'}; 
Previous 21: main:buf:1={'>','0','0','0','0','0','0','0','0','0','0','0','0','0','0','0','0','0','0','0','0','0','0','0','0','0','0','0','0','0','0','0','0','0','0','0','0','0','0','0','0','0','0','0','0','0','0','0','0','0','0','0','0','0','0','0','0','0','0','0','0','0','0','0','0','0','0','0','0','0','0','0','0','0','0','0','0','0','0','0','0','0','0','0','0','0','0','0','0','0','0','0','0','0','0','0','0','0','0','0'}; 
Previous 22: main:buf:1={'a','b','c','d','e','f','g','h','i','j','k','l','m','n','o','p','q','r','s','t','u','v','w','x','y','z','A','B','C','D','E','F','G','H','I','J','K','L','M','N','O','P','Q','R','S','T','U','V','W','X','Y','Z','0','1','2','3','4','5','6','7','8','9','!','@','#','$','%','^','&','*','(','-',')','-','_','+','=','[',']','{','}','|',':',';','<','>','?','/','|','`','~','\'','%','.',',',' ','a','b','c','d'}; 
Previous 23: main:buf:1={'\'','0','\'','\'','\'','\'','\'','\'','\'','\'','\'','\'','\'','\'','\'','\'','\'','\'','\'','\'','\'','\'','\'','\'','\'','\'','\'','\'','\'','\'','\'','\'','\'','\'','\'','\'','\'','\'','\'','\'','\'','\'','\'','\'','\'','\'','\'','\'','\'','\'','\'','\'','\'','\'','\'','\'','\'','\'','\'','\'','\'','\'','\'','\'','\'','\'','\'','\'','\'','\'','\'','\'','\'','\'','\'','\'','\'','\'','\'','\'','\'','\'','\'','\'','\'','\'','\'','\'','\'','\'','\'','\'','\'','\'','\'','\'','\'','\'','\'','\''}; 
Previous 24: main:buf:1={'-','-','-','-','-','-','-','-','-','-','-','-','-','-','-','-','-','-','-','-','-','-','-','-','-','-','-','-','-','-','-','-','=','=','=','=','=','=','=','=','=','=','=','=','=','=','=','=','=','=','=','=','=','=','=','=','=','=','=','=','=','=','+','+','+','+','+','+','+','+','+','+','+','+','+','+','+','+','+','+','+','+','+','+','+','+','+','+','+','+','+','+','+','+','+','+','+','+','+','+'}; 
Previous 25: main:buf:1={'w','p','k','r','G','d','e','Z','q','n','U','O','g','H','5','X','S','m','R','t','J','T','3','c','V','1','l','f','Z','2','u','P','w','L','b','6','Q','z','Z','v','P','x','9','f','c','F','S','q','m','2','D','E','r','C','i','Y','b','k','O','z','4','3','q','a','L','P','c','j','s','g','g','b','8','h','Y','D','n','u','a','n','x','A','p','w','S','l','v','V','g','k','R','o','3','i','e','q','J','n','p','z'}; 
Previous 26: main:buf:1={'\'','`','<','h','?','j','|','k','l','p','b','H','4','-','g','K','o','l','D',';','s','7','5','p','6','w','K','c','>','p','l','?','x','!','q','j','b','w','V','-','M','x','Z','t','y','M','m','}','O','A','e',';','9','C','0','6','?','-','i','c','1','9','u','j','U','T','p','u','#','Z','i','8','A','5','9','f','Z','t','b','g','-','k','g','n','P','q','n','r','Z','Y','!','%','g','a','u','z','e','M','e','z'}; 
Previous 27: main:buf:1={'C','C','C','C','C','C','C','C','C','C','C','C','C','C','C','C','C','C','C','C','C','C','C','C','C','C','C','C','C','C','C','C','C','C','C','C','C','C','C','C','C','C','C','C','C','C','C','C','C','C','C','C','C','C','C','C','C','C','C','C','C','C','C','C','C','C','C','C','C','C','C','C','C','C','C','C','C','C','C','C','C','C','C','C','C','C','C','C','C','C','C','C','C','C','C','C','C','C','C','C'}; 

Program:
extern char __VERIFIER_nondet_char(void);
/*
Commit Number: cea58cb6d8fe0d27bfcbab57776bd36d5c724ec3
URL: https://github.com/GNOME/evolution-data-server/commit/cea58cb6d8fe0d27bfcbab57776bd36d5c724ec3
Project Name: evolution-data-server
License: GPL2
termination: false


*/
int strcspn(const char *strSrc, const char *str)
{
    const char *s;
    const char *t = strSrc;
    while (*t != '\0')
    {
        s = str;
        while (*s != '\0')
        {
            if (*t == *s )
            return t-strSrc;
            ++s;
        }
        ++t;
    }
    return 0;
}
int main()
{
    char buf[100];
    for( int i = 0 ; i < 99 ; i++ )
        buf[i] = __VERIFIER_nondet_char();
    buf[99] = '\0';
    char *p = buf;
    while( *p )
    {
        int len = strcspn( p , ""\n"");
        p += len;
    }
    return 0;

}

"
36,T,"main:buf:1={'\'','\'','a','a','a','a','a','a','a','a','a','a','a','a','a','a','a','a','a','a','a','a','a','a','a','a','a','a','a','a','a','a','a','a','a','a','a','a','a','a','a','a','a','a','a','a','a','a','a','a','a','a','a','a','a','a','a','a','a','a','a','a','a','a','a','a','a','a','a','a','a','a','a','a','a','a','a','a','a','a','a','a','a','a','a','a','a','a','a','a','a','a','a','a','a','a','a','a','a','a'}
",,TIMEOUT,LIKELY_NT,false,,"You generate concrete values for nondeterministic inputs in a C/C++ program.
Your goal is to produce ONE complete assignment set that is likely to make the program terminate.

Important rules:
1. Return a value for EVERY listed nondeterministic input ID.
2. Use each ID exactly once.
3. Respect the declared C/C++ type.
4. For an array, return the value as an array containing exactly the required number of elements.
5. For char arrays, each element must be exactly one character. Return the character itself without C single quotes.
6. Prefer small-magnitude values unless larger values are necessary to achieve the requested execution behavior.

Nondeterministic inputs:
- id: main:buf:1, type: char, array: true, size: 100, required elements: 100

Previously generated assignment sets are listed below. Generate a materially different set and do not duplicate any of them.
Previous 1: main:buf:1={':',':','@','A','1','$','a','B','c','D','e','F','g','H','i','J','k','L','m','N','o','P','q','R','s','T','u','V','w','X','y','Z','0','1','2','3','4','5','6','7','8','9','!','?','-','_','+','%','^','&','*','/','`','{','}','[',']','|','~',' ','a','b','c','d','e','f','g','h','i','j','k','l','m','n','o','p','q','r','s','t','u','v','w','x','y','z','A','B','C','D','E','F','G','H','I','J','K','L','M','N'}; 
Previous 2: main:buf:1={'a','a','a','a','a','a','a','a','a','a','a','a','a','a','a','a','a','a','a','a','a','a','a','a','a','a','a','a','a','a','a','a','a','a','a','a','a','a','a','a','a','a','a','a','a','a','a','a','a','a','a','a','a','a','a','a','a','a','a','a','a','a','a','a','a','a','a','a','a','a','a','a','a','a','a','a','a','a','a','a','a','a','a','a','a','a','a','a','a','a','a','a','a','a','a','a','a','a','a','a'}; 
Previous 3: main:buf:1={'0','a','a','a','a','a','a','a','a','a','a','a','a','a','a','a','a','a','a','a','a','a','a','a','a','a','a','a','a','a','a','a','a','a','a','a','a','a','a','a','a','a','a','a','a','a','a','a','a','a','a','a','a','a','a','a','a','a','a','a','a','a','a','a','a','a','a','a','a','a','a','a','a','a','a','a','a','a','a','a','a','a','a','a','a','a','a','a','a','a','a','a','a','a','a','a','a','a','a','a'}; 
Previous 4: main:buf:1={'{','0',',','a','a','a','a','a','a','a','a','a','a','a','a','a','a','a','a','a','a','a','a','a','a','a','a','a','a','a','a','a','a','a','a','a','a','a','a','a','a','a','a','a','a','a','a','a','a','a','a','a','a','a','a','a','a','a','a','a','a','a','a','a','a','a','a','a','a','a','a','a','a','a','a','a','a','a','a','a','a','a','a','a','a','a','a','a','a','a','a','a','a','a','a','a','a','a','a','a'}; 
Previous 5: main:buf:1={'A','A','A','A','A','A','A','A','A','A','A','A','A','A','A','A','A','A','A','A','A','A','A','A','A','A','A','A','A','A','A','A','A','A','A','A','A','A','A','A','A','A','A','A','A','A','A','A','A','A','B','B','B','B','B','B','B','B','B','B','B','B','B','B','B','B','B','B','B','B','B','B','B','B','B','B','B','B','B','B','B','B','B','B','B','B','B','B','B','B','B','B','B','B','B','B','B','B','C','D'}; 
Previous 6: main:buf:1={'b','b','b','b','b','b','b','b','b','b','b','b','b','b','b','b','b','b','b','b','b','b','b','b','b','b','b','b','b','b','b','b','b','b','b','b','b','b','b','b','b','b','b','b','b','b','b','b','b','b','b','b','b','b','b','b','b','b','b','b','b','b','b','b','b','b','b','b','b','b','b','b','b','b','b','b','b','b','b','b','b','b','b','b','b','b','b','b','b','b','b','b','b','b','b','b','b','b','b','b'}; 
Previous 7: main:buf:1={'a','a','a','a','a','a','a','a','a','a','a','a','a','a','a','a','a','a','a','a','a','a','a','a','a','a','a','a','a','a','a','a','a','a','a','a','a','a','a','a','a','a','a','a','a','a','a','a','a','a','a','a','a','a','a','a','a','a','a','a','a','a','a','a','a','a','a','a','a','a','a','a','a','a','a','a','a','a','a','a','a','a','a','a','a','a','a','a','a','a','a','a','a','a','a','a','a','a','b','b'}; 
Previous 8: main:buf:1={'\'','\'','\'','\'','\'','\'','\'','\'','\'','\'','\'','\'','\'','\'','\'','\'','\'','\'','\'','\'','\'','\'','\'','\'','\'','\'','\'','\'','\'','\'','\'','\'','\'','\'','\'','\'','\'','\'','\'','\'','\'','\'','\'','\'','\'','\'','\'','\'','\'','\'','\'','\'','\'','\'','\'','\'','\'','\'','\'','\'','\'','\'','\'','\'','\'','\'','\'','\'','\'','\'','\'','\'','\'','\'','\'','\'','\'','\'','\'','\'','\'','\'','\'','\'','\'','\'','\'','\'','\'','\'','\'','\'','\'','\'','\'','\'','\'','\'','\'','\''}; 
Previous 9: main:buf:1={'A','A','A','A','A','A','A','A','A','A','A','A','A','A','A','A','A','A','A','A','A','A','A','A','A','A','A','A','A','A','A','A','A','A','A','A','A','A','A','A','A','A','A','A','A','A','A','A','A','A','A','A','A','A','A','A','A','A','A','A','A','A','A','A','A','A','A','A','A','A','A','A','A','A','A','A','A','A','A','A','A','A','A','A','A','A','A','A','A','A','A','A','A','A','A','A','A','A','A','A'}; 
Previous 10: main:buf:1={'a','a','a','a','a','a','a','a','a','a','a','a','a','a','a','a','a','a','a','a','a','a','a','a','a','a','a','a','a','a','a','a','a','a','a','a','a','a','a','a','a','a','a','a','a','a','a','a','a','a','a','a','a','a','a','a','a','a','a','a','a','a','a','a','a','a','a','a','a','a','a','a','a','a','a','a','a','a','a','a','a','a','a','a','a','a','a','a','a','a','a','a','a','a','a','a','a','a','a','0'}; 
Previous 11: main:buf:1={'/','*','!','@','#','$','%','^','&','*','-','+','=','_','|','{','}',':',';','?','/','[',']',';','\'','`','~','1','2','3','4','5','6','7','8','9','0','a','b','c','d','e','f','g','h','i','j','k','l','m','n','o','p','q','r','s','t','u','v','w','x','y','z','A','B','C','D','E','F','G','H','I','J','K','L','M','N','O','P','Q','R','S','T','U','V','W','X','Y','Z','!','?','!','?','!','?','!','?','!','?','!'}; 
Previous 12: main:buf:1={'c','c','c','c','c','c','c','c','c','c','c','c','c','c','c','c','c','c','c','c','c','c','c','c','c','c','c','c','c','c','c','c','c','c','c','c','c','c','c','c','c','c','c','c','c','c','c','c','c','c','c','c','c','c','c','c','c','c','c','c','c','c','c','c','c','c','c','c','c','c','c','c','c','c','c','c','c','c','c','c','c','c','c','c','c','c','c','c','c','c','c','c','c','c','c','c','c','c','c','d'}; 
Previous 13: main:buf:1={'0','0','0','0','0','0','0','0','0','0','0','0','0','0','0','0','0','0','0','0','0','0','0','0','0','0','0','0','0','0','0','0','0','0','0','0','0','0','0','0','0','0','0','0','0','0','0','0','0','0','0','0','0','0','0','0','0','0','0','0','0','0','0','0','0','0','0','0','0','0','0','0','0','0','0','0','0','0','0','0','0','0','0','0','0','0','0','0','0','0','0','0','0','0','0','0','0','0','0','0'}; 
Previous 14: main:buf:1={'x','y','x','y','x','y','x','y','x','y','x','y','x','y','x','y','x','y','x','y','x','y','x','y','x','y','x','y','x','y','x','y','x','y','x','y','x','y','x','y','x','y','x','y','x','y','x','y','x','y','x','y','x','y','x','y','x','y','x','y','x','y','x','y','x','y','x','y','x','y','x','y','x','y','x','y','x','y','x','y','x','y','x','y','x','y','x','y','x','y','x','y','x','y','x','y','x','y','x','y'}; 
Previous 15: main:buf:1={'0','1','2','3','4','5','6','7','8','9','A','B','C','D','E','F','G','H','I','J','K','L','M','N','O','P','Q','R','S','T','U','V','W','X','Y','Z','a','b','c','d','e','f','g','h','i','j','k','l','m','n','o','p','q','r','s','t','u','v','w','x','y','z','!','@','#','$','%','^','&','*','(',')','-','_','=','+','[',']','{','}','|','/','?',' ','~','`',' ',' ','!','@','#','$','%','^','&','*','(',')','-','['}; 
Previous 16: main:buf:1={'\'','0','\'','\'','a','\'','a','\'','a','\'','a','\'','a','\'','a','\'','a','\'','a','\'','a','\'','a','\'','a','\'','a','\'','a','\'','a','\'','a','\'','a','\'','a','\'','a','\'','a','\'','a','\'','a','\'','a','\'','a','\'','a','\'','a','\'','a','\'','a','\'','a','\'','a','\'','a','\'','a','\'','a','\'','a','\'','a','\'','a','\'','a','\'','a','\'','a','\'','a','\'','a','\'','a','\'','a','\'','a','\'','a','\'','a','\'','a','\'','a','\'','a','\''}; 
Previous 17: main:buf:1={'g','g','g','g','g','g','g','g','g','g','g','g','g','g','g','g','g','g','g','g','g','g','g','g','g','g','g','g','g','g','g','g','g','g','g','g','g','g','g','g','g','g','g','g','g','g','g','g','g','g','g','g','g','g','g','g','g','g','g','g','g','g','g','g','g','g','g','g','g','g','g','g','g','g','g','g','g','g','g','g','g','g','g','g','g','g','g','g','g','g','g','g','g','g','g','g','g','g','g','g'}; 
Previous 18: main:buf:1={'_','_','_','_','_','_','_','_','_','_','_','_','_','_','_','_','_','_','_','_','_','_','_','_','_','_','_','_','_','_','_','_','_','_','_','_','_','_','_','_','_','_','_','_','_','_','_','_','_','_','_','_','_','_','_','_','_','_','_','_','_','_','_','_','_','_','_','_','_','_','_','_','_','_','_','_','_','_','_','_','_','_','_','_','_','_','_','_','_','_','_','_','_','_','_','_','_','_','_','_'}; 
Previous 19: main:buf:1={'a','b','c','d','e','f','g','h','i','j','a','b','c','d','e','f','g','h','i','j','a','b','c','d','e','f','g','h','i','j','a','b','c','d','e','f','g','h','i','j','a','b','c','d','e','f','g','h','i','j','a','b','c','d','e','f','g','h','i','j','a','b','c','d','e','f','g','h','i','j','a','b','c','d','e','f','g','h','i','j','a','b','c','d','e','f','g','h','i','j','a','b','c','d','e','f','g','h','i','j'}; 
Previous 20: main:buf:1={'a','a','a','a','a','a','a','a','a','a','a','a','a','a','a','a','a','a','a','a','a','a','a','a','a','a','a','a','a','a','a','a','a','a','a','a','a','a','a','a','a','a','a','a','a','a','a','a','a','a','b','b','b','b','b','b','b','b','b','b','b','b','b','b','b','b','b','b','b','b','b','b','b','b','b','b','b','b','c','c','c','c','c','c','c','c','c','c','c','c','c','c','c','c','c','c','c','c','c','c'}; 
Previous 21: main:buf:1={'>','0','0','0','0','0','0','0','0','0','0','0','0','0','0','0','0','0','0','0','0','0','0','0','0','0','0','0','0','0','0','0','0','0','0','0','0','0','0','0','0','0','0','0','0','0','0','0','0','0','0','0','0','0','0','0','0','0','0','0','0','0','0','0','0','0','0','0','0','0','0','0','0','0','0','0','0','0','0','0','0','0','0','0','0','0','0','0','0','0','0','0','0','0','0','0','0','0','0','0'}; 
Previous 22: main:buf:1={'a','b','c','d','e','f','g','h','i','j','k','l','m','n','o','p','q','r','s','t','u','v','w','x','y','z','A','B','C','D','E','F','G','H','I','J','K','L','M','N','O','P','Q','R','S','T','U','V','W','X','Y','Z','0','1','2','3','4','5','6','7','8','9','!','@','#','$','%','^','&','*','(','-',')','-','_','+','=','[',']','{','}','|',':',';','<','>','?','/','|','`','~','\'','%','.',',',' ','a','b','c','d'}; 
Previous 23: main:buf:1={'\'','0','\'','\'','\'','\'','\'','\'','\'','\'','\'','\'','\'','\'','\'','\'','\'','\'','\'','\'','\'','\'','\'','\'','\'','\'','\'','\'','\'','\'','\'','\'','\'','\'','\'','\'','\'','\'','\'','\'','\'','\'','\'','\'','\'','\'','\'','\'','\'','\'','\'','\'','\'','\'','\'','\'','\'','\'','\'','\'','\'','\'','\'','\'','\'','\'','\'','\'','\'','\'','\'','\'','\'','\'','\'','\'','\'','\'','\'','\'','\'','\'','\'','\'','\'','\'','\'','\'','\'','\'','\'','\'','\'','\'','\'','\'','\'','\'','\'','\''}; 
Previous 24: main:buf:1={'-','-','-','-','-','-','-','-','-','-','-','-','-','-','-','-','-','-','-','-','-','-','-','-','-','-','-','-','-','-','-','-','=','=','=','=','=','=','=','=','=','=','=','=','=','=','=','=','=','=','=','=','=','=','=','=','=','=','=','=','=','=','+','+','+','+','+','+','+','+','+','+','+','+','+','+','+','+','+','+','+','+','+','+','+','+','+','+','+','+','+','+','+','+','+','+','+','+','+','+'}; 
Previous 25: main:buf:1={'w','p','k','r','G','d','e','Z','q','n','U','O','g','H','5','X','S','m','R','t','J','T','3','c','V','1','l','f','Z','2','u','P','w','L','b','6','Q','z','Z','v','P','x','9','f','c','F','S','q','m','2','D','E','r','C','i','Y','b','k','O','z','4','3','q','a','L','P','c','j','s','g','g','b','8','h','Y','D','n','u','a','n','x','A','p','w','S','l','v','V','g','k','R','o','3','i','e','q','J','n','p','z'}; 
Previous 26: main:buf:1={'\'','`','<','h','?','j','|','k','l','p','b','H','4','-','g','K','o','l','D',';','s','7','5','p','6','w','K','c','>','p','l','?','x','!','q','j','b','w','V','-','M','x','Z','t','y','M','m','}','O','A','e',';','9','C','0','6','?','-','i','c','1','9','u','j','U','T','p','u','#','Z','i','8','A','5','9','f','Z','t','b','g','-','k','g','n','P','q','n','r','Z','Y','!','%','g','a','u','z','e','M','e','z'}; 
Previous 27: main:buf:1={'C','C','C','C','C','C','C','C','C','C','C','C','C','C','C','C','C','C','C','C','C','C','C','C','C','C','C','C','C','C','C','C','C','C','C','C','C','C','C','C','C','C','C','C','C','C','C','C','C','C','C','C','C','C','C','C','C','C','C','C','C','C','C','C','C','C','C','C','C','C','C','C','C','C','C','C','C','C','C','C','C','C','C','C','C','C','C','C','C','C','C','C','C','C','C','C','C','C','C','C'}; 

Program:
extern char __VERIFIER_nondet_char(void);
/*
Commit Number: cea58cb6d8fe0d27bfcbab57776bd36d5c724ec3
URL: https://github.com/GNOME/evolution-data-server/commit/cea58cb6d8fe0d27bfcbab57776bd36d5c724ec3
Project Name: evolution-data-server
License: GPL2
termination: false


*/
int strcspn(const char *strSrc, const char *str)
{
    const char *s;
    const char *t = strSrc;
    while (*t != '\0')
    {
        s = str;
        while (*s != '\0')
        {
            if (*t == *s )
            return t-strSrc;
            ++s;
        }
        ++t;
    }
    return 0;
}
int main()
{
    char buf[100];
    for( int i = 0 ; i < 99 ; i++ )
        buf[i] = __VERIFIER_nondet_char();
    buf[99] = '\0';
    char *p = buf;
    while( *p )
    {
        int len = strcspn( p , ""\n"");
        p += len;
    }
    return 0;

}

"
37,T,"main:buf:1={'\'','\'','\'','\'','\'','\'','\'','\'','\'','\'','\'','\'','\'','\'','\'','\'','\'','\'','\'','\'','\'','\'','\'','\'','\'','\'','\'','\'','\'','\'','\'','\'','\'','\'','\'','\'','\'','\'','\'','\'','\'','\'','\'','\'','\'','\'','\'','\'','\'','\'','\'','\'','\'','\'','\'','\'','\'','\'','\'','\'','\'','\'','\'','\'','\'','\'','\'','\'','\'','\'','\'','\'','\'','\'','\'','\'','\'','\'','\'','\'','\'','\'','\'','\'','\'','\'','\'','\'','\'','\'','\'','\'','\'','\'','\'','\'','\'','\'','\'','\''}
",,DUPLICATE,,false,,"You generate concrete values for nondeterministic inputs in a C/C++ program.
Your goal is to produce ONE complete assignment set that is likely to make the program terminate.

Important rules:
1. Return a value for EVERY listed nondeterministic input ID.
2. Use each ID exactly once.
3. Respect the declared C/C++ type.
4. For an array, return the value as an array containing exactly the required number of elements.
5. For char arrays, each element must be exactly one character. Return the character itself without C single quotes.
6. Prefer small-magnitude values unless larger values are necessary to achieve the requested execution behavior.

Nondeterministic inputs:
- id: main:buf:1, type: char, array: true, size: 100, required elements: 100

Previously generated assignment sets are listed below. Generate a materially different set and do not duplicate any of them.
Previous 1: main:buf:1={':',':','@','A','1','$','a','B','c','D','e','F','g','H','i','J','k','L','m','N','o','P','q','R','s','T','u','V','w','X','y','Z','0','1','2','3','4','5','6','7','8','9','!','?','-','_','+','%','^','&','*','/','`','{','}','[',']','|','~',' ','a','b','c','d','e','f','g','h','i','j','k','l','m','n','o','p','q','r','s','t','u','v','w','x','y','z','A','B','C','D','E','F','G','H','I','J','K','L','M','N'}; 
Previous 2: main:buf:1={'a','a','a','a','a','a','a','a','a','a','a','a','a','a','a','a','a','a','a','a','a','a','a','a','a','a','a','a','a','a','a','a','a','a','a','a','a','a','a','a','a','a','a','a','a','a','a','a','a','a','a','a','a','a','a','a','a','a','a','a','a','a','a','a','a','a','a','a','a','a','a','a','a','a','a','a','a','a','a','a','a','a','a','a','a','a','a','a','a','a','a','a','a','a','a','a','a','a','a','a'}; 
Previous 3: main:buf:1={'0','a','a','a','a','a','a','a','a','a','a','a','a','a','a','a','a','a','a','a','a','a','a','a','a','a','a','a','a','a','a','a','a','a','a','a','a','a','a','a','a','a','a','a','a','a','a','a','a','a','a','a','a','a','a','a','a','a','a','a','a','a','a','a','a','a','a','a','a','a','a','a','a','a','a','a','a','a','a','a','a','a','a','a','a','a','a','a','a','a','a','a','a','a','a','a','a','a','a','a'}; 
Previous 4: main:buf:1={'{','0',',','a','a','a','a','a','a','a','a','a','a','a','a','a','a','a','a','a','a','a','a','a','a','a','a','a','a','a','a','a','a','a','a','a','a','a','a','a','a','a','a','a','a','a','a','a','a','a','a','a','a','a','a','a','a','a','a','a','a','a','a','a','a','a','a','a','a','a','a','a','a','a','a','a','a','a','a','a','a','a','a','a','a','a','a','a','a','a','a','a','a','a','a','a','a','a','a','a'}; 
Previous 5: main:buf:1={'A','A','A','A','A','A','A','A','A','A','A','A','A','A','A','A','A','A','A','A','A','A','A','A','A','A','A','A','A','A','A','A','A','A','A','A','A','A','A','A','A','A','A','A','A','A','A','A','A','A','B','B','B','B','B','B','B','B','B','B','B','B','B','B','B','B','B','B','B','B','B','B','B','B','B','B','B','B','B','B','B','B','B','B','B','B','B','B','B','B','B','B','B','B','B','B','B','B','C','D'}; 
Previous 6: main:buf:1={'b','b','b','b','b','b','b','b','b','b','b','b','b','b','b','b','b','b','b','b','b','b','b','b','b','b','b','b','b','b','b','b','b','b','b','b','b','b','b','b','b','b','b','b','b','b','b','b','b','b','b','b','b','b','b','b','b','b','b','b','b','b','b','b','b','b','b','b','b','b','b','b','b','b','b','b','b','b','b','b','b','b','b','b','b','b','b','b','b','b','b','b','b','b','b','b','b','b','b','b'}; 
Previous 7: main:buf:1={'a','a','a','a','a','a','a','a','a','a','a','a','a','a','a','a','a','a','a','a','a','a','a','a','a','a','a','a','a','a','a','a','a','a','a','a','a','a','a','a','a','a','a','a','a','a','a','a','a','a','a','a','a','a','a','a','a','a','a','a','a','a','a','a','a','a','a','a','a','a','a','a','a','a','a','a','a','a','a','a','a','a','a','a','a','a','a','a','a','a','a','a','a','a','a','a','a','a','b','b'}; 
Previous 8: main:buf:1={'\'','\'','\'','\'','\'','\'','\'','\'','\'','\'','\'','\'','\'','\'','\'','\'','\'','\'','\'','\'','\'','\'','\'','\'','\'','\'','\'','\'','\'','\'','\'','\'','\'','\'','\'','\'','\'','\'','\'','\'','\'','\'','\'','\'','\'','\'','\'','\'','\'','\'','\'','\'','\'','\'','\'','\'','\'','\'','\'','\'','\'','\'','\'','\'','\'','\'','\'','\'','\'','\'','\'','\'','\'','\'','\'','\'','\'','\'','\'','\'','\'','\'','\'','\'','\'','\'','\'','\'','\'','\'','\'','\'','\'','\'','\'','\'','\'','\'','\'','\''}; 
Previous 9: main:buf:1={'A','A','A','A','A','A','A','A','A','A','A','A','A','A','A','A','A','A','A','A','A','A','A','A','A','A','A','A','A','A','A','A','A','A','A','A','A','A','A','A','A','A','A','A','A','A','A','A','A','A','A','A','A','A','A','A','A','A','A','A','A','A','A','A','A','A','A','A','A','A','A','A','A','A','A','A','A','A','A','A','A','A','A','A','A','A','A','A','A','A','A','A','A','A','A','A','A','A','A','A'}; 
Previous 10: main:buf:1={'a','a','a','a','a','a','a','a','a','a','a','a','a','a','a','a','a','a','a','a','a','a','a','a','a','a','a','a','a','a','a','a','a','a','a','a','a','a','a','a','a','a','a','a','a','a','a','a','a','a','a','a','a','a','a','a','a','a','a','a','a','a','a','a','a','a','a','a','a','a','a','a','a','a','a','a','a','a','a','a','a','a','a','a','a','a','a','a','a','a','a','a','a','a','a','a','a','a','a','0'}; 
Previous 11: main:buf:1={'/','*','!','@','#','$','%','^','&','*','-','+','=','_','|','{','}',':',';','?','/','[',']',';','\'','`','~','1','2','3','4','5','6','7','8','9','0','a','b','c','d','e','f','g','h','i','j','k','l','m','n','o','p','q','r','s','t','u','v','w','x','y','z','A','B','C','D','E','F','G','H','I','J','K','L','M','N','O','P','Q','R','S','T','U','V','W','X','Y','Z','!','?','!','?','!','?','!','?','!','?','!'}; 
Previous 12: main:buf:1={'c','c','c','c','c','c','c','c','c','c','c','c','c','c','c','c','c','c','c','c','c','c','c','c','c','c','c','c','c','c','c','c','c','c','c','c','c','c','c','c','c','c','c','c','c','c','c','c','c','c','c','c','c','c','c','c','c','c','c','c','c','c','c','c','c','c','c','c','c','c','c','c','c','c','c','c','c','c','c','c','c','c','c','c','c','c','c','c','c','c','c','c','c','c','c','c','c','c','c','d'}; 
Previous 13: main:buf:1={'0','0','0','0','0','0','0','0','0','0','0','0','0','0','0','0','0','0','0','0','0','0','0','0','0','0','0','0','0','0','0','0','0','0','0','0','0','0','0','0','0','0','0','0','0','0','0','0','0','0','0','0','0','0','0','0','0','0','0','0','0','0','0','0','0','0','0','0','0','0','0','0','0','0','0','0','0','0','0','0','0','0','0','0','0','0','0','0','0','0','0','0','0','0','0','0','0','0','0','0'}; 
Previous 14: main:buf:1={'x','y','x','y','x','y','x','y','x','y','x','y','x','y','x','y','x','y','x','y','x','y','x','y','x','y','x','y','x','y','x','y','x','y','x','y','x','y','x','y','x','y','x','y','x','y','x','y','x','y','x','y','x','y','x','y','x','y','x','y','x','y','x','y','x','y','x','y','x','y','x','y','x','y','x','y','x','y','x','y','x','y','x','y','x','y','x','y','x','y','x','y','x','y','x','y','x','y','x','y'}; 
Previous 15: main:buf:1={'0','1','2','3','4','5','6','7','8','9','A','B','C','D','E','F','G','H','I','J','K','L','M','N','O','P','Q','R','S','T','U','V','W','X','Y','Z','a','b','c','d','e','f','g','h','i','j','k','l','m','n','o','p','q','r','s','t','u','v','w','x','y','z','!','@','#','$','%','^','&','*','(',')','-','_','=','+','[',']','{','}','|','/','?',' ','~','`',' ',' ','!','@','#','$','%','^','&','*','(',')','-','['}; 
Previous 16: main:buf:1={'\'','0','\'','\'','a','\'','a','\'','a','\'','a','\'','a','\'','a','\'','a','\'','a','\'','a','\'','a','\'','a','\'','a','\'','a','\'','a','\'','a','\'','a','\'','a','\'','a','\'','a','\'','a','\'','a','\'','a','\'','a','\'','a','\'','a','\'','a','\'','a','\'','a','\'','a','\'','a','\'','a','\'','a','\'','a','\'','a','\'','a','\'','a','\'','a','\'','a','\'','a','\'','a','\'','a','\'','a','\'','a','\'','a','\'','a','\'','a','\'','a','\'','a','\''}; 
Previous 17: main:buf:1={'g','g','g','g','g','g','g','g','g','g','g','g','g','g','g','g','g','g','g','g','g','g','g','g','g','g','g','g','g','g','g','g','g','g','g','g','g','g','g','g','g','g','g','g','g','g','g','g','g','g','g','g','g','g','g','g','g','g','g','g','g','g','g','g','g','g','g','g','g','g','g','g','g','g','g','g','g','g','g','g','g','g','g','g','g','g','g','g','g','g','g','g','g','g','g','g','g','g','g','g'}; 
Previous 18: main:buf:1={'_','_','_','_','_','_','_','_','_','_','_','_','_','_','_','_','_','_','_','_','_','_','_','_','_','_','_','_','_','_','_','_','_','_','_','_','_','_','_','_','_','_','_','_','_','_','_','_','_','_','_','_','_','_','_','_','_','_','_','_','_','_','_','_','_','_','_','_','_','_','_','_','_','_','_','_','_','_','_','_','_','_','_','_','_','_','_','_','_','_','_','_','_','_','_','_','_','_','_','_'}; 
Previous 19: main:buf:1={'a','b','c','d','e','f','g','h','i','j','a','b','c','d','e','f','g','h','i','j','a','b','c','d','e','f','g','h','i','j','a','b','c','d','e','f','g','h','i','j','a','b','c','d','e','f','g','h','i','j','a','b','c','d','e','f','g','h','i','j','a','b','c','d','e','f','g','h','i','j','a','b','c','d','e','f','g','h','i','j','a','b','c','d','e','f','g','h','i','j','a','b','c','d','e','f','g','h','i','j'}; 
Previous 20: main:buf:1={'a','a','a','a','a','a','a','a','a','a','a','a','a','a','a','a','a','a','a','a','a','a','a','a','a','a','a','a','a','a','a','a','a','a','a','a','a','a','a','a','a','a','a','a','a','a','a','a','a','a','b','b','b','b','b','b','b','b','b','b','b','b','b','b','b','b','b','b','b','b','b','b','b','b','b','b','b','b','c','c','c','c','c','c','c','c','c','c','c','c','c','c','c','c','c','c','c','c','c','c'}; 
Previous 21: main:buf:1={'>','0','0','0','0','0','0','0','0','0','0','0','0','0','0','0','0','0','0','0','0','0','0','0','0','0','0','0','0','0','0','0','0','0','0','0','0','0','0','0','0','0','0','0','0','0','0','0','0','0','0','0','0','0','0','0','0','0','0','0','0','0','0','0','0','0','0','0','0','0','0','0','0','0','0','0','0','0','0','0','0','0','0','0','0','0','0','0','0','0','0','0','0','0','0','0','0','0','0','0'}; 
Previous 22: main:buf:1={'a','b','c','d','e','f','g','h','i','j','k','l','m','n','o','p','q','r','s','t','u','v','w','x','y','z','A','B','C','D','E','F','G','H','I','J','K','L','M','N','O','P','Q','R','S','T','U','V','W','X','Y','Z','0','1','2','3','4','5','6','7','8','9','!','@','#','$','%','^','&','*','(','-',')','-','_','+','=','[',']','{','}','|',':',';','<','>','?','/','|','`','~','\'','%','.',',',' ','a','b','c','d'}; 
Previous 23: main:buf:1={'\'','0','\'','\'','\'','\'','\'','\'','\'','\'','\'','\'','\'','\'','\'','\'','\'','\'','\'','\'','\'','\'','\'','\'','\'','\'','\'','\'','\'','\'','\'','\'','\'','\'','\'','\'','\'','\'','\'','\'','\'','\'','\'','\'','\'','\'','\'','\'','\'','\'','\'','\'','\'','\'','\'','\'','\'','\'','\'','\'','\'','\'','\'','\'','\'','\'','\'','\'','\'','\'','\'','\'','\'','\'','\'','\'','\'','\'','\'','\'','\'','\'','\'','\'','\'','\'','\'','\'','\'','\'','\'','\'','\'','\'','\'','\'','\'','\'','\'','\''}; 
Previous 24: main:buf:1={'-','-','-','-','-','-','-','-','-','-','-','-','-','-','-','-','-','-','-','-','-','-','-','-','-','-','-','-','-','-','-','-','=','=','=','=','=','=','=','=','=','=','=','=','=','=','=','=','=','=','=','=','=','=','=','=','=','=','=','=','=','=','+','+','+','+','+','+','+','+','+','+','+','+','+','+','+','+','+','+','+','+','+','+','+','+','+','+','+','+','+','+','+','+','+','+','+','+','+','+'}; 
Previous 25: main:buf:1={'w','p','k','r','G','d','e','Z','q','n','U','O','g','H','5','X','S','m','R','t','J','T','3','c','V','1','l','f','Z','2','u','P','w','L','b','6','Q','z','Z','v','P','x','9','f','c','F','S','q','m','2','D','E','r','C','i','Y','b','k','O','z','4','3','q','a','L','P','c','j','s','g','g','b','8','h','Y','D','n','u','a','n','x','A','p','w','S','l','v','V','g','k','R','o','3','i','e','q','J','n','p','z'}; 
Previous 26: main:buf:1={'\'','`','<','h','?','j','|','k','l','p','b','H','4','-','g','K','o','l','D',';','s','7','5','p','6','w','K','c','>','p','l','?','x','!','q','j','b','w','V','-','M','x','Z','t','y','M','m','}','O','A','e',';','9','C','0','6','?','-','i','c','1','9','u','j','U','T','p','u','#','Z','i','8','A','5','9','f','Z','t','b','g','-','k','g','n','P','q','n','r','Z','Y','!','%','g','a','u','z','e','M','e','z'}; 
Previous 27: main:buf:1={'C','C','C','C','C','C','C','C','C','C','C','C','C','C','C','C','C','C','C','C','C','C','C','C','C','C','C','C','C','C','C','C','C','C','C','C','C','C','C','C','C','C','C','C','C','C','C','C','C','C','C','C','C','C','C','C','C','C','C','C','C','C','C','C','C','C','C','C','C','C','C','C','C','C','C','C','C','C','C','C','C','C','C','C','C','C','C','C','C','C','C','C','C','C','C','C','C','C','C','C'}; 
Previous 28: main:buf:1={'\'','\'','a','a','a','a','a','a','a','a','a','a','a','a','a','a','a','a','a','a','a','a','a','a','a','a','a','a','a','a','a','a','a','a','a','a','a','a','a','a','a','a','a','a','a','a','a','a','a','a','a','a','a','a','a','a','a','a','a','a','a','a','a','a','a','a','a','a','a','a','a','a','a','a','a','a','a','a','a','a','a','a','a','a','a','a','a','a','a','a','a','a','a','a','a','a','a','a','a','a'}; 

Program:
extern char __VERIFIER_nondet_char(void);
/*
Commit Number: cea58cb6d8fe0d27bfcbab57776bd36d5c724ec3
URL: https://github.com/GNOME/evolution-data-server/commit/cea58cb6d8fe0d27bfcbab57776bd36d5c724ec3
Project Name: evolution-data-server
License: GPL2
termination: false


*/
int strcspn(const char *strSrc, const char *str)
{
    const char *s;
    const char *t = strSrc;
    while (*t != '\0')
    {
        s = str;
        while (*s != '\0')
        {
            if (*t == *s )
            return t-strSrc;
            ++s;
        }
        ++t;
    }
    return 0;
}
int main()
{
    char buf[100];
    for( int i = 0 ; i < 99 ; i++ )
        buf[i] = __VERIFIER_nondet_char();
    buf[99] = '\0';
    char *p = buf;
    while( *p )
    {
        int len = strcspn( p , ""\n"");
        p += len;
    }
    return 0;

}

"
38,T,"main:buf:1={'Z','Z','Z','Z','Z','Z','Z','Z','Z','Z','Z','Z','Z','Z','Z','Z','Z','Z','Z','Z','Z','Z','Z','Z','Z','Z','Z','Z','Z','Z','Z','Z','Z','Z','Z','Z','Z','Z','Z','Z','Z','Z','Z','Z','Z','Z','Z','Z','Z','Z','Z','Z','Z','Z','Z','Z','Z','Z','Z','Z','Z','Z','Z','Z','Z','Z','Z','Z','Z','Z','Z','Z','Z','Z','Z','Z','Z','Z','Z','Z','Z','Z','Z','Z','Z','Z','Z','Z','Z','Z','Z','Z','Z','Z','Z','Z','Z','Z','Z','Z'}
",,TIMEOUT,LIKELY_NT,false,,"You generate concrete values for nondeterministic inputs in a C/C++ program.
Your goal is to produce ONE complete assignment set that is likely to make the program terminate.

Important rules:
1. Return a value for EVERY listed nondeterministic input ID.
2. Use each ID exactly once.
3. Respect the declared C/C++ type.
4. For an array, return the value as an array containing exactly the required number of elements.
5. For char arrays, each element must be exactly one character. Return the character itself without C single quotes.
6. Prefer small-magnitude values unless larger values are necessary to achieve the requested execution behavior.

Nondeterministic inputs:
- id: main:buf:1, type: char, array: true, size: 100, required elements: 100

Previously generated assignment sets are listed below. Generate a materially different set and do not duplicate any of them.
Previous 1: main:buf:1={':',':','@','A','1','$','a','B','c','D','e','F','g','H','i','J','k','L','m','N','o','P','q','R','s','T','u','V','w','X','y','Z','0','1','2','3','4','5','6','7','8','9','!','?','-','_','+','%','^','&','*','/','`','{','}','[',']','|','~',' ','a','b','c','d','e','f','g','h','i','j','k','l','m','n','o','p','q','r','s','t','u','v','w','x','y','z','A','B','C','D','E','F','G','H','I','J','K','L','M','N'}; 
Previous 2: main:buf:1={'a','a','a','a','a','a','a','a','a','a','a','a','a','a','a','a','a','a','a','a','a','a','a','a','a','a','a','a','a','a','a','a','a','a','a','a','a','a','a','a','a','a','a','a','a','a','a','a','a','a','a','a','a','a','a','a','a','a','a','a','a','a','a','a','a','a','a','a','a','a','a','a','a','a','a','a','a','a','a','a','a','a','a','a','a','a','a','a','a','a','a','a','a','a','a','a','a','a','a','a'}; 
Previous 3: main:buf:1={'0','a','a','a','a','a','a','a','a','a','a','a','a','a','a','a','a','a','a','a','a','a','a','a','a','a','a','a','a','a','a','a','a','a','a','a','a','a','a','a','a','a','a','a','a','a','a','a','a','a','a','a','a','a','a','a','a','a','a','a','a','a','a','a','a','a','a','a','a','a','a','a','a','a','a','a','a','a','a','a','a','a','a','a','a','a','a','a','a','a','a','a','a','a','a','a','a','a','a','a'}; 
Previous 4: main:buf:1={'{','0',',','a','a','a','a','a','a','a','a','a','a','a','a','a','a','a','a','a','a','a','a','a','a','a','a','a','a','a','a','a','a','a','a','a','a','a','a','a','a','a','a','a','a','a','a','a','a','a','a','a','a','a','a','a','a','a','a','a','a','a','a','a','a','a','a','a','a','a','a','a','a','a','a','a','a','a','a','a','a','a','a','a','a','a','a','a','a','a','a','a','a','a','a','a','a','a','a','a'}; 
Previous 5: main:buf:1={'A','A','A','A','A','A','A','A','A','A','A','A','A','A','A','A','A','A','A','A','A','A','A','A','A','A','A','A','A','A','A','A','A','A','A','A','A','A','A','A','A','A','A','A','A','A','A','A','A','A','B','B','B','B','B','B','B','B','B','B','B','B','B','B','B','B','B','B','B','B','B','B','B','B','B','B','B','B','B','B','B','B','B','B','B','B','B','B','B','B','B','B','B','B','B','B','B','B','C','D'}; 
Previous 6: main:buf:1={'b','b','b','b','b','b','b','b','b','b','b','b','b','b','b','b','b','b','b','b','b','b','b','b','b','b','b','b','b','b','b','b','b','b','b','b','b','b','b','b','b','b','b','b','b','b','b','b','b','b','b','b','b','b','b','b','b','b','b','b','b','b','b','b','b','b','b','b','b','b','b','b','b','b','b','b','b','b','b','b','b','b','b','b','b','b','b','b','b','b','b','b','b','b','b','b','b','b','b','b'}; 
Previous 7: main:buf:1={'a','a','a','a','a','a','a','a','a','a','a','a','a','a','a','a','a','a','a','a','a','a','a','a','a','a','a','a','a','a','a','a','a','a','a','a','a','a','a','a','a','a','a','a','a','a','a','a','a','a','a','a','a','a','a','a','a','a','a','a','a','a','a','a','a','a','a','a','a','a','a','a','a','a','a','a','a','a','a','a','a','a','a','a','a','a','a','a','a','a','a','a','a','a','a','a','a','a','b','b'}; 
Previous 8: main:buf:1={'\'','\'','\'','\'','\'','\'','\'','\'','\'','\'','\'','\'','\'','\'','\'','\'','\'','\'','\'','\'','\'','\'','\'','\'','\'','\'','\'','\'','\'','\'','\'','\'','\'','\'','\'','\'','\'','\'','\'','\'','\'','\'','\'','\'','\'','\'','\'','\'','\'','\'','\'','\'','\'','\'','\'','\'','\'','\'','\'','\'','\'','\'','\'','\'','\'','\'','\'','\'','\'','\'','\'','\'','\'','\'','\'','\'','\'','\'','\'','\'','\'','\'','\'','\'','\'','\'','\'','\'','\'','\'','\'','\'','\'','\'','\'','\'','\'','\'','\'','\''}; 
Previous 9: main:buf:1={'A','A','A','A','A','A','A','A','A','A','A','A','A','A','A','A','A','A','A','A','A','A','A','A','A','A','A','A','A','A','A','A','A','A','A','A','A','A','A','A','A','A','A','A','A','A','A','A','A','A','A','A','A','A','A','A','A','A','A','A','A','A','A','A','A','A','A','A','A','A','A','A','A','A','A','A','A','A','A','A','A','A','A','A','A','A','A','A','A','A','A','A','A','A','A','A','A','A','A','A'}; 
Previous 10: main:buf:1={'a','a','a','a','a','a','a','a','a','a','a','a','a','a','a','a','a','a','a','a','a','a','a','a','a','a','a','a','a','a','a','a','a','a','a','a','a','a','a','a','a','a','a','a','a','a','a','a','a','a','a','a','a','a','a','a','a','a','a','a','a','a','a','a','a','a','a','a','a','a','a','a','a','a','a','a','a','a','a','a','a','a','a','a','a','a','a','a','a','a','a','a','a','a','a','a','a','a','a','0'}; 
Previous 11: main:buf:1={'/','*','!','@','#','$','%','^','&','*','-','+','=','_','|','{','}',':',';','?','/','[',']',';','\'','`','~','1','2','3','4','5','6','7','8','9','0','a','b','c','d','e','f','g','h','i','j','k','l','m','n','o','p','q','r','s','t','u','v','w','x','y','z','A','B','C','D','E','F','G','H','I','J','K','L','M','N','O','P','Q','R','S','T','U','V','W','X','Y','Z','!','?','!','?','!','?','!','?','!','?','!'}; 
Previous 12: main:buf:1={'c','c','c','c','c','c','c','c','c','c','c','c','c','c','c','c','c','c','c','c','c','c','c','c','c','c','c','c','c','c','c','c','c','c','c','c','c','c','c','c','c','c','c','c','c','c','c','c','c','c','c','c','c','c','c','c','c','c','c','c','c','c','c','c','c','c','c','c','c','c','c','c','c','c','c','c','c','c','c','c','c','c','c','c','c','c','c','c','c','c','c','c','c','c','c','c','c','c','c','d'}; 
Previous 13: main:buf:1={'0','0','0','0','0','0','0','0','0','0','0','0','0','0','0','0','0','0','0','0','0','0','0','0','0','0','0','0','0','0','0','0','0','0','0','0','0','0','0','0','0','0','0','0','0','0','0','0','0','0','0','0','0','0','0','0','0','0','0','0','0','0','0','0','0','0','0','0','0','0','0','0','0','0','0','0','0','0','0','0','0','0','0','0','0','0','0','0','0','0','0','0','0','0','0','0','0','0','0','0'}; 
Previous 14: main:buf:1={'x','y','x','y','x','y','x','y','x','y','x','y','x','y','x','y','x','y','x','y','x','y','x','y','x','y','x','y','x','y','x','y','x','y','x','y','x','y','x','y','x','y','x','y','x','y','x','y','x','y','x','y','x','y','x','y','x','y','x','y','x','y','x','y','x','y','x','y','x','y','x','y','x','y','x','y','x','y','x','y','x','y','x','y','x','y','x','y','x','y','x','y','x','y','x','y','x','y','x','y'}; 
Previous 15: main:buf:1={'0','1','2','3','4','5','6','7','8','9','A','B','C','D','E','F','G','H','I','J','K','L','M','N','O','P','Q','R','S','T','U','V','W','X','Y','Z','a','b','c','d','e','f','g','h','i','j','k','l','m','n','o','p','q','r','s','t','u','v','w','x','y','z','!','@','#','$','%','^','&','*','(',')','-','_','=','+','[',']','{','}','|','/','?',' ','~','`',' ',' ','!','@','#','$','%','^','&','*','(',')','-','['}; 
Previous 16: main:buf:1={'\'','0','\'','\'','a','\'','a','\'','a','\'','a','\'','a','\'','a','\'','a','\'','a','\'','a','\'','a','\'','a','\'','a','\'','a','\'','a','\'','a','\'','a','\'','a','\'','a','\'','a','\'','a','\'','a','\'','a','\'','a','\'','a','\'','a','\'','a','\'','a','\'','a','\'','a','\'','a','\'','a','\'','a','\'','a','\'','a','\'','a','\'','a','\'','a','\'','a','\'','a','\'','a','\'','a','\'','a','\'','a','\'','a','\'','a','\'','a','\'','a','\'','a','\''}; 
Previous 17: main:buf:1={'g','g','g','g','g','g','g','g','g','g','g','g','g','g','g','g','g','g','g','g','g','g','g','g','g','g','g','g','g','g','g','g','g','g','g','g','g','g','g','g','g','g','g','g','g','g','g','g','g','g','g','g','g','g','g','g','g','g','g','g','g','g','g','g','g','g','g','g','g','g','g','g','g','g','g','g','g','g','g','g','g','g','g','g','g','g','g','g','g','g','g','g','g','g','g','g','g','g','g','g'}; 
Previous 18: main:buf:1={'_','_','_','_','_','_','_','_','_','_','_','_','_','_','_','_','_','_','_','_','_','_','_','_','_','_','_','_','_','_','_','_','_','_','_','_','_','_','_','_','_','_','_','_','_','_','_','_','_','_','_','_','_','_','_','_','_','_','_','_','_','_','_','_','_','_','_','_','_','_','_','_','_','_','_','_','_','_','_','_','_','_','_','_','_','_','_','_','_','_','_','_','_','_','_','_','_','_','_','_'}; 
Previous 19: main:buf:1={'a','b','c','d','e','f','g','h','i','j','a','b','c','d','e','f','g','h','i','j','a','b','c','d','e','f','g','h','i','j','a','b','c','d','e','f','g','h','i','j','a','b','c','d','e','f','g','h','i','j','a','b','c','d','e','f','g','h','i','j','a','b','c','d','e','f','g','h','i','j','a','b','c','d','e','f','g','h','i','j','a','b','c','d','e','f','g','h','i','j','a','b','c','d','e','f','g','h','i','j'}; 
Previous 20: main:buf:1={'a','a','a','a','a','a','a','a','a','a','a','a','a','a','a','a','a','a','a','a','a','a','a','a','a','a','a','a','a','a','a','a','a','a','a','a','a','a','a','a','a','a','a','a','a','a','a','a','a','a','b','b','b','b','b','b','b','b','b','b','b','b','b','b','b','b','b','b','b','b','b','b','b','b','b','b','b','b','c','c','c','c','c','c','c','c','c','c','c','c','c','c','c','c','c','c','c','c','c','c'}; 
Previous 21: main:buf:1={'>','0','0','0','0','0','0','0','0','0','0','0','0','0','0','0','0','0','0','0','0','0','0','0','0','0','0','0','0','0','0','0','0','0','0','0','0','0','0','0','0','0','0','0','0','0','0','0','0','0','0','0','0','0','0','0','0','0','0','0','0','0','0','0','0','0','0','0','0','0','0','0','0','0','0','0','0','0','0','0','0','0','0','0','0','0','0','0','0','0','0','0','0','0','0','0','0','0','0','0'}; 
Previous 22: main:buf:1={'a','b','c','d','e','f','g','h','i','j','k','l','m','n','o','p','q','r','s','t','u','v','w','x','y','z','A','B','C','D','E','F','G','H','I','J','K','L','M','N','O','P','Q','R','S','T','U','V','W','X','Y','Z','0','1','2','3','4','5','6','7','8','9','!','@','#','$','%','^','&','*','(','-',')','-','_','+','=','[',']','{','}','|',':',';','<','>','?','/','|','`','~','\'','%','.',',',' ','a','b','c','d'}; 
Previous 23: main:buf:1={'\'','0','\'','\'','\'','\'','\'','\'','\'','\'','\'','\'','\'','\'','\'','\'','\'','\'','\'','\'','\'','\'','\'','\'','\'','\'','\'','\'','\'','\'','\'','\'','\'','\'','\'','\'','\'','\'','\'','\'','\'','\'','\'','\'','\'','\'','\'','\'','\'','\'','\'','\'','\'','\'','\'','\'','\'','\'','\'','\'','\'','\'','\'','\'','\'','\'','\'','\'','\'','\'','\'','\'','\'','\'','\'','\'','\'','\'','\'','\'','\'','\'','\'','\'','\'','\'','\'','\'','\'','\'','\'','\'','\'','\'','\'','\'','\'','\'','\'','\''}; 
Previous 24: main:buf:1={'-','-','-','-','-','-','-','-','-','-','-','-','-','-','-','-','-','-','-','-','-','-','-','-','-','-','-','-','-','-','-','-','=','=','=','=','=','=','=','=','=','=','=','=','=','=','=','=','=','=','=','=','=','=','=','=','=','=','=','=','=','=','+','+','+','+','+','+','+','+','+','+','+','+','+','+','+','+','+','+','+','+','+','+','+','+','+','+','+','+','+','+','+','+','+','+','+','+','+','+'}; 
Previous 25: main:buf:1={'w','p','k','r','G','d','e','Z','q','n','U','O','g','H','5','X','S','m','R','t','J','T','3','c','V','1','l','f','Z','2','u','P','w','L','b','6','Q','z','Z','v','P','x','9','f','c','F','S','q','m','2','D','E','r','C','i','Y','b','k','O','z','4','3','q','a','L','P','c','j','s','g','g','b','8','h','Y','D','n','u','a','n','x','A','p','w','S','l','v','V','g','k','R','o','3','i','e','q','J','n','p','z'}; 
Previous 26: main:buf:1={'\'','`','<','h','?','j','|','k','l','p','b','H','4','-','g','K','o','l','D',';','s','7','5','p','6','w','K','c','>','p','l','?','x','!','q','j','b','w','V','-','M','x','Z','t','y','M','m','}','O','A','e',';','9','C','0','6','?','-','i','c','1','9','u','j','U','T','p','u','#','Z','i','8','A','5','9','f','Z','t','b','g','-','k','g','n','P','q','n','r','Z','Y','!','%','g','a','u','z','e','M','e','z'}; 
Previous 27: main:buf:1={'C','C','C','C','C','C','C','C','C','C','C','C','C','C','C','C','C','C','C','C','C','C','C','C','C','C','C','C','C','C','C','C','C','C','C','C','C','C','C','C','C','C','C','C','C','C','C','C','C','C','C','C','C','C','C','C','C','C','C','C','C','C','C','C','C','C','C','C','C','C','C','C','C','C','C','C','C','C','C','C','C','C','C','C','C','C','C','C','C','C','C','C','C','C','C','C','C','C','C','C'}; 
Previous 28: main:buf:1={'\'','\'','a','a','a','a','a','a','a','a','a','a','a','a','a','a','a','a','a','a','a','a','a','a','a','a','a','a','a','a','a','a','a','a','a','a','a','a','a','a','a','a','a','a','a','a','a','a','a','a','a','a','a','a','a','a','a','a','a','a','a','a','a','a','a','a','a','a','a','a','a','a','a','a','a','a','a','a','a','a','a','a','a','a','a','a','a','a','a','a','a','a','a','a','a','a','a','a','a','a'}; 

Program:
extern char __VERIFIER_nondet_char(void);
/*
Commit Number: cea58cb6d8fe0d27bfcbab57776bd36d5c724ec3
URL: https://github.com/GNOME/evolution-data-server/commit/cea58cb6d8fe0d27bfcbab57776bd36d5c724ec3
Project Name: evolution-data-server
License: GPL2
termination: false


*/
int strcspn(const char *strSrc, const char *str)
{
    const char *s;
    const char *t = strSrc;
    while (*t != '\0')
    {
        s = str;
        while (*s != '\0')
        {
            if (*t == *s )
            return t-strSrc;
            ++s;
        }
        ++t;
    }
    return 0;
}
int main()
{
    char buf[100];
    for( int i = 0 ; i < 99 ; i++ )
        buf[i] = __VERIFIER_nondet_char();
    buf[99] = '\0';
    char *p = buf;
    while( *p )
    {
        int len = strcspn( p , ""\n"");
        p += len;
    }
    return 0;

}

"
39,T,"main:buf:1={'q','q','q','q','q','q','q','q','q','q','q','q','q','q','q','q','q','q','q','q','q','q','q','q','q','q','q','q','q','q','q','q','q','q','q','q','q','q','q','q','q','q','q','q','q','q','q','q','q','q','q','q','q','q','q','q','q','q','q','q','q','q','q','q','q','q','q','q','q','q','q','q','q','q','q','q','q','q','q','q','q','q','q','q','q','q','q','q','q','q','q','q','q','q','q','q','q','q','q','q'}
",,TIMEOUT,LIKELY_NT,false,,"You generate concrete values for nondeterministic inputs in a C/C++ program.
Your goal is to produce ONE complete assignment set that is likely to make the program terminate.

Important rules:
1. Return a value for EVERY listed nondeterministic input ID.
2. Use each ID exactly once.
3. Respect the declared C/C++ type.
4. For an array, return the value as an array containing exactly the required number of elements.
5. For char arrays, each element must be exactly one character. Return the character itself without C single quotes.
6. Prefer small-magnitude values unless larger values are necessary to achieve the requested execution behavior.

Nondeterministic inputs:
- id: main:buf:1, type: char, array: true, size: 100, required elements: 100

Previously generated assignment sets are listed below. Generate a materially different set and do not duplicate any of them.
Previous 1: main:buf:1={':',':','@','A','1','$','a','B','c','D','e','F','g','H','i','J','k','L','m','N','o','P','q','R','s','T','u','V','w','X','y','Z','0','1','2','3','4','5','6','7','8','9','!','?','-','_','+','%','^','&','*','/','`','{','}','[',']','|','~',' ','a','b','c','d','e','f','g','h','i','j','k','l','m','n','o','p','q','r','s','t','u','v','w','x','y','z','A','B','C','D','E','F','G','H','I','J','K','L','M','N'}; 
Previous 2: main:buf:1={'a','a','a','a','a','a','a','a','a','a','a','a','a','a','a','a','a','a','a','a','a','a','a','a','a','a','a','a','a','a','a','a','a','a','a','a','a','a','a','a','a','a','a','a','a','a','a','a','a','a','a','a','a','a','a','a','a','a','a','a','a','a','a','a','a','a','a','a','a','a','a','a','a','a','a','a','a','a','a','a','a','a','a','a','a','a','a','a','a','a','a','a','a','a','a','a','a','a','a','a'}; 
Previous 3: main:buf:1={'0','a','a','a','a','a','a','a','a','a','a','a','a','a','a','a','a','a','a','a','a','a','a','a','a','a','a','a','a','a','a','a','a','a','a','a','a','a','a','a','a','a','a','a','a','a','a','a','a','a','a','a','a','a','a','a','a','a','a','a','a','a','a','a','a','a','a','a','a','a','a','a','a','a','a','a','a','a','a','a','a','a','a','a','a','a','a','a','a','a','a','a','a','a','a','a','a','a','a','a'}; 
Previous 4: main:buf:1={'{','0',',','a','a','a','a','a','a','a','a','a','a','a','a','a','a','a','a','a','a','a','a','a','a','a','a','a','a','a','a','a','a','a','a','a','a','a','a','a','a','a','a','a','a','a','a','a','a','a','a','a','a','a','a','a','a','a','a','a','a','a','a','a','a','a','a','a','a','a','a','a','a','a','a','a','a','a','a','a','a','a','a','a','a','a','a','a','a','a','a','a','a','a','a','a','a','a','a','a'}; 
Previous 5: main:buf:1={'A','A','A','A','A','A','A','A','A','A','A','A','A','A','A','A','A','A','A','A','A','A','A','A','A','A','A','A','A','A','A','A','A','A','A','A','A','A','A','A','A','A','A','A','A','A','A','A','A','A','B','B','B','B','B','B','B','B','B','B','B','B','B','B','B','B','B','B','B','B','B','B','B','B','B','B','B','B','B','B','B','B','B','B','B','B','B','B','B','B','B','B','B','B','B','B','B','B','C','D'}; 
Previous 6: main:buf:1={'b','b','b','b','b','b','b','b','b','b','b','b','b','b','b','b','b','b','b','b','b','b','b','b','b','b','b','b','b','b','b','b','b','b','b','b','b','b','b','b','b','b','b','b','b','b','b','b','b','b','b','b','b','b','b','b','b','b','b','b','b','b','b','b','b','b','b','b','b','b','b','b','b','b','b','b','b','b','b','b','b','b','b','b','b','b','b','b','b','b','b','b','b','b','b','b','b','b','b','b'}; 
Previous 7: main:buf:1={'a','a','a','a','a','a','a','a','a','a','a','a','a','a','a','a','a','a','a','a','a','a','a','a','a','a','a','a','a','a','a','a','a','a','a','a','a','a','a','a','a','a','a','a','a','a','a','a','a','a','a','a','a','a','a','a','a','a','a','a','a','a','a','a','a','a','a','a','a','a','a','a','a','a','a','a','a','a','a','a','a','a','a','a','a','a','a','a','a','a','a','a','a','a','a','a','a','a','b','b'}; 
Previous 8: main:buf:1={'\'','\'','\'','\'','\'','\'','\'','\'','\'','\'','\'','\'','\'','\'','\'','\'','\'','\'','\'','\'','\'','\'','\'','\'','\'','\'','\'','\'','\'','\'','\'','\'','\'','\'','\'','\'','\'','\'','\'','\'','\'','\'','\'','\'','\'','\'','\'','\'','\'','\'','\'','\'','\'','\'','\'','\'','\'','\'','\'','\'','\'','\'','\'','\'','\'','\'','\'','\'','\'','\'','\'','\'','\'','\'','\'','\'','\'','\'','\'','\'','\'','\'','\'','\'','\'','\'','\'','\'','\'','\'','\'','\'','\'','\'','\'','\'','\'','\'','\'','\''}; 
Previous 9: main:buf:1={'A','A','A','A','A','A','A','A','A','A','A','A','A','A','A','A','A','A','A','A','A','A','A','A','A','A','A','A','A','A','A','A','A','A','A','A','A','A','A','A','A','A','A','A','A','A','A','A','A','A','A','A','A','A','A','A','A','A','A','A','A','A','A','A','A','A','A','A','A','A','A','A','A','A','A','A','A','A','A','A','A','A','A','A','A','A','A','A','A','A','A','A','A','A','A','A','A','A','A','A'}; 
Previous 10: main:buf:1={'a','a','a','a','a','a','a','a','a','a','a','a','a','a','a','a','a','a','a','a','a','a','a','a','a','a','a','a','a','a','a','a','a','a','a','a','a','a','a','a','a','a','a','a','a','a','a','a','a','a','a','a','a','a','a','a','a','a','a','a','a','a','a','a','a','a','a','a','a','a','a','a','a','a','a','a','a','a','a','a','a','a','a','a','a','a','a','a','a','a','a','a','a','a','a','a','a','a','a','0'}; 
Previous 11: main:buf:1={'/','*','!','@','#','$','%','^','&','*','-','+','=','_','|','{','}',':',';','?','/','[',']',';','\'','`','~','1','2','3','4','5','6','7','8','9','0','a','b','c','d','e','f','g','h','i','j','k','l','m','n','o','p','q','r','s','t','u','v','w','x','y','z','A','B','C','D','E','F','G','H','I','J','K','L','M','N','O','P','Q','R','S','T','U','V','W','X','Y','Z','!','?','!','?','!','?','!','?','!','?','!'}; 
Previous 12: main:buf:1={'c','c','c','c','c','c','c','c','c','c','c','c','c','c','c','c','c','c','c','c','c','c','c','c','c','c','c','c','c','c','c','c','c','c','c','c','c','c','c','c','c','c','c','c','c','c','c','c','c','c','c','c','c','c','c','c','c','c','c','c','c','c','c','c','c','c','c','c','c','c','c','c','c','c','c','c','c','c','c','c','c','c','c','c','c','c','c','c','c','c','c','c','c','c','c','c','c','c','c','d'}; 
Previous 13: main:buf:1={'0','0','0','0','0','0','0','0','0','0','0','0','0','0','0','0','0','0','0','0','0','0','0','0','0','0','0','0','0','0','0','0','0','0','0','0','0','0','0','0','0','0','0','0','0','0','0','0','0','0','0','0','0','0','0','0','0','0','0','0','0','0','0','0','0','0','0','0','0','0','0','0','0','0','0','0','0','0','0','0','0','0','0','0','0','0','0','0','0','0','0','0','0','0','0','0','0','0','0','0'}; 
Previous 14: main:buf:1={'x','y','x','y','x','y','x','y','x','y','x','y','x','y','x','y','x','y','x','y','x','y','x','y','x','y','x','y','x','y','x','y','x','y','x','y','x','y','x','y','x','y','x','y','x','y','x','y','x','y','x','y','x','y','x','y','x','y','x','y','x','y','x','y','x','y','x','y','x','y','x','y','x','y','x','y','x','y','x','y','x','y','x','y','x','y','x','y','x','y','x','y','x','y','x','y','x','y','x','y'}; 
Previous 15: main:buf:1={'0','1','2','3','4','5','6','7','8','9','A','B','C','D','E','F','G','H','I','J','K','L','M','N','O','P','Q','R','S','T','U','V','W','X','Y','Z','a','b','c','d','e','f','g','h','i','j','k','l','m','n','o','p','q','r','s','t','u','v','w','x','y','z','!','@','#','$','%','^','&','*','(',')','-','_','=','+','[',']','{','}','|','/','?',' ','~','`',' ',' ','!','@','#','$','%','^','&','*','(',')','-','['}; 
Previous 16: main:buf:1={'\'','0','\'','\'','a','\'','a','\'','a','\'','a','\'','a','\'','a','\'','a','\'','a','\'','a','\'','a','\'','a','\'','a','\'','a','\'','a','\'','a','\'','a','\'','a','\'','a','\'','a','\'','a','\'','a','\'','a','\'','a','\'','a','\'','a','\'','a','\'','a','\'','a','\'','a','\'','a','\'','a','\'','a','\'','a','\'','a','\'','a','\'','a','\'','a','\'','a','\'','a','\'','a','\'','a','\'','a','\'','a','\'','a','\'','a','\'','a','\'','a','\'','a','\''}; 
Previous 17: main:buf:1={'g','g','g','g','g','g','g','g','g','g','g','g','g','g','g','g','g','g','g','g','g','g','g','g','g','g','g','g','g','g','g','g','g','g','g','g','g','g','g','g','g','g','g','g','g','g','g','g','g','g','g','g','g','g','g','g','g','g','g','g','g','g','g','g','g','g','g','g','g','g','g','g','g','g','g','g','g','g','g','g','g','g','g','g','g','g','g','g','g','g','g','g','g','g','g','g','g','g','g','g'}; 
Previous 18: main:buf:1={'_','_','_','_','_','_','_','_','_','_','_','_','_','_','_','_','_','_','_','_','_','_','_','_','_','_','_','_','_','_','_','_','_','_','_','_','_','_','_','_','_','_','_','_','_','_','_','_','_','_','_','_','_','_','_','_','_','_','_','_','_','_','_','_','_','_','_','_','_','_','_','_','_','_','_','_','_','_','_','_','_','_','_','_','_','_','_','_','_','_','_','_','_','_','_','_','_','_','_','_'}; 
Previous 19: main:buf:1={'a','b','c','d','e','f','g','h','i','j','a','b','c','d','e','f','g','h','i','j','a','b','c','d','e','f','g','h','i','j','a','b','c','d','e','f','g','h','i','j','a','b','c','d','e','f','g','h','i','j','a','b','c','d','e','f','g','h','i','j','a','b','c','d','e','f','g','h','i','j','a','b','c','d','e','f','g','h','i','j','a','b','c','d','e','f','g','h','i','j','a','b','c','d','e','f','g','h','i','j'}; 
Previous 20: main:buf:1={'a','a','a','a','a','a','a','a','a','a','a','a','a','a','a','a','a','a','a','a','a','a','a','a','a','a','a','a','a','a','a','a','a','a','a','a','a','a','a','a','a','a','a','a','a','a','a','a','a','a','b','b','b','b','b','b','b','b','b','b','b','b','b','b','b','b','b','b','b','b','b','b','b','b','b','b','b','b','c','c','c','c','c','c','c','c','c','c','c','c','c','c','c','c','c','c','c','c','c','c'}; 
Previous 21: main:buf:1={'>','0','0','0','0','0','0','0','0','0','0','0','0','0','0','0','0','0','0','0','0','0','0','0','0','0','0','0','0','0','0','0','0','0','0','0','0','0','0','0','0','0','0','0','0','0','0','0','0','0','0','0','0','0','0','0','0','0','0','0','0','0','0','0','0','0','0','0','0','0','0','0','0','0','0','0','0','0','0','0','0','0','0','0','0','0','0','0','0','0','0','0','0','0','0','0','0','0','0','0'}; 
Previous 22: main:buf:1={'a','b','c','d','e','f','g','h','i','j','k','l','m','n','o','p','q','r','s','t','u','v','w','x','y','z','A','B','C','D','E','F','G','H','I','J','K','L','M','N','O','P','Q','R','S','T','U','V','W','X','Y','Z','0','1','2','3','4','5','6','7','8','9','!','@','#','$','%','^','&','*','(','-',')','-','_','+','=','[',']','{','}','|',':',';','<','>','?','/','|','`','~','\'','%','.',',',' ','a','b','c','d'}; 
Previous 23: main:buf:1={'\'','0','\'','\'','\'','\'','\'','\'','\'','\'','\'','\'','\'','\'','\'','\'','\'','\'','\'','\'','\'','\'','\'','\'','\'','\'','\'','\'','\'','\'','\'','\'','\'','\'','\'','\'','\'','\'','\'','\'','\'','\'','\'','\'','\'','\'','\'','\'','\'','\'','\'','\'','\'','\'','\'','\'','\'','\'','\'','\'','\'','\'','\'','\'','\'','\'','\'','\'','\'','\'','\'','\'','\'','\'','\'','\'','\'','\'','\'','\'','\'','\'','\'','\'','\'','\'','\'','\'','\'','\'','\'','\'','\'','\'','\'','\'','\'','\'','\'','\''}; 
Previous 24: main:buf:1={'-','-','-','-','-','-','-','-','-','-','-','-','-','-','-','-','-','-','-','-','-','-','-','-','-','-','-','-','-','-','-','-','=','=','=','=','=','=','=','=','=','=','=','=','=','=','=','=','=','=','=','=','=','=','=','=','=','=','=','=','=','=','+','+','+','+','+','+','+','+','+','+','+','+','+','+','+','+','+','+','+','+','+','+','+','+','+','+','+','+','+','+','+','+','+','+','+','+','+','+'}; 
Previous 25: main:buf:1={'w','p','k','r','G','d','e','Z','q','n','U','O','g','H','5','X','S','m','R','t','J','T','3','c','V','1','l','f','Z','2','u','P','w','L','b','6','Q','z','Z','v','P','x','9','f','c','F','S','q','m','2','D','E','r','C','i','Y','b','k','O','z','4','3','q','a','L','P','c','j','s','g','g','b','8','h','Y','D','n','u','a','n','x','A','p','w','S','l','v','V','g','k','R','o','3','i','e','q','J','n','p','z'}; 
Previous 26: main:buf:1={'\'','`','<','h','?','j','|','k','l','p','b','H','4','-','g','K','o','l','D',';','s','7','5','p','6','w','K','c','>','p','l','?','x','!','q','j','b','w','V','-','M','x','Z','t','y','M','m','}','O','A','e',';','9','C','0','6','?','-','i','c','1','9','u','j','U','T','p','u','#','Z','i','8','A','5','9','f','Z','t','b','g','-','k','g','n','P','q','n','r','Z','Y','!','%','g','a','u','z','e','M','e','z'}; 
Previous 27: main:buf:1={'C','C','C','C','C','C','C','C','C','C','C','C','C','C','C','C','C','C','C','C','C','C','C','C','C','C','C','C','C','C','C','C','C','C','C','C','C','C','C','C','C','C','C','C','C','C','C','C','C','C','C','C','C','C','C','C','C','C','C','C','C','C','C','C','C','C','C','C','C','C','C','C','C','C','C','C','C','C','C','C','C','C','C','C','C','C','C','C','C','C','C','C','C','C','C','C','C','C','C','C'}; 
Previous 28: main:buf:1={'\'','\'','a','a','a','a','a','a','a','a','a','a','a','a','a','a','a','a','a','a','a','a','a','a','a','a','a','a','a','a','a','a','a','a','a','a','a','a','a','a','a','a','a','a','a','a','a','a','a','a','a','a','a','a','a','a','a','a','a','a','a','a','a','a','a','a','a','a','a','a','a','a','a','a','a','a','a','a','a','a','a','a','a','a','a','a','a','a','a','a','a','a','a','a','a','a','a','a','a','a'}; 
Previous 29: main:buf:1={'Z','Z','Z','Z','Z','Z','Z','Z','Z','Z','Z','Z','Z','Z','Z','Z','Z','Z','Z','Z','Z','Z','Z','Z','Z','Z','Z','Z','Z','Z','Z','Z','Z','Z','Z','Z','Z','Z','Z','Z','Z','Z','Z','Z','Z','Z','Z','Z','Z','Z','Z','Z','Z','Z','Z','Z','Z','Z','Z','Z','Z','Z','Z','Z','Z','Z','Z','Z','Z','Z','Z','Z','Z','Z','Z','Z','Z','Z','Z','Z','Z','Z','Z','Z','Z','Z','Z','Z','Z','Z','Z','Z','Z','Z','Z','Z','Z','Z','Z','Z'}; 

Program:
extern char __VERIFIER_nondet_char(void);
/*
Commit Number: cea58cb6d8fe0d27bfcbab57776bd36d5c724ec3
URL: https://github.com/GNOME/evolution-data-server/commit/cea58cb6d8fe0d27bfcbab57776bd36d5c724ec3
Project Name: evolution-data-server
License: GPL2
termination: false


*/
int strcspn(const char *strSrc, const char *str)
{
    const char *s;
    const char *t = strSrc;
    while (*t != '\0')
    {
        s = str;
        while (*s != '\0')
        {
            if (*t == *s )
            return t-strSrc;
            ++s;
        }
        ++t;
    }
    return 0;
}
int main()
{
    char buf[100];
    for( int i = 0 ; i < 99 ; i++ )
        buf[i] = __VERIFIER_nondet_char();
    buf[99] = '\0';
    char *p = buf;
    while( *p )
    {
        int len = strcspn( p , ""\n"");
        p += len;
    }
    return 0;

}

"
40,T,"main:buf:1={'N','a','a','a','a','a','a','a','a','a','a','a','a','a','a','a','a','a','a','a','a','a','a','a','a','a','a','a','a','a','a','a','a','a','a','a','a','a','a','a','a','a','a','a','a','a','a','a','a','a','a','a','a','a','a','a','a','a','a','a','a','a','a','a','a','a','a','a','a','a','a','a','a','a','a','a','a','a','a','a','a','a','a','a','a','a','a','a','a','a','a','a','a','a','a','a','a','a','a','a'}
",,TIMEOUT,LIKELY_NT,false,,"You generate concrete values for nondeterministic inputs in a C/C++ program.
Your goal is to produce ONE complete assignment set that is likely to make the program terminate.

Important rules:
1. Return a value for EVERY listed nondeterministic input ID.
2. Use each ID exactly once.
3. Respect the declared C/C++ type.
4. For an array, return the value as an array containing exactly the required number of elements.
5. For char arrays, each element must be exactly one character. Return the character itself without C single quotes.
6. Prefer small-magnitude values unless larger values are necessary to achieve the requested execution behavior.

Nondeterministic inputs:
- id: main:buf:1, type: char, array: true, size: 100, required elements: 100

Previously generated assignment sets are listed below. Generate a materially different set and do not duplicate any of them.
Previous 1: main:buf:1={':',':','@','A','1','$','a','B','c','D','e','F','g','H','i','J','k','L','m','N','o','P','q','R','s','T','u','V','w','X','y','Z','0','1','2','3','4','5','6','7','8','9','!','?','-','_','+','%','^','&','*','/','`','{','}','[',']','|','~',' ','a','b','c','d','e','f','g','h','i','j','k','l','m','n','o','p','q','r','s','t','u','v','w','x','y','z','A','B','C','D','E','F','G','H','I','J','K','L','M','N'}; 
Previous 2: main:buf:1={'a','a','a','a','a','a','a','a','a','a','a','a','a','a','a','a','a','a','a','a','a','a','a','a','a','a','a','a','a','a','a','a','a','a','a','a','a','a','a','a','a','a','a','a','a','a','a','a','a','a','a','a','a','a','a','a','a','a','a','a','a','a','a','a','a','a','a','a','a','a','a','a','a','a','a','a','a','a','a','a','a','a','a','a','a','a','a','a','a','a','a','a','a','a','a','a','a','a','a','a'}; 
Previous 3: main:buf:1={'0','a','a','a','a','a','a','a','a','a','a','a','a','a','a','a','a','a','a','a','a','a','a','a','a','a','a','a','a','a','a','a','a','a','a','a','a','a','a','a','a','a','a','a','a','a','a','a','a','a','a','a','a','a','a','a','a','a','a','a','a','a','a','a','a','a','a','a','a','a','a','a','a','a','a','a','a','a','a','a','a','a','a','a','a','a','a','a','a','a','a','a','a','a','a','a','a','a','a','a'}; 
Previous 4: main:buf:1={'{','0',',','a','a','a','a','a','a','a','a','a','a','a','a','a','a','a','a','a','a','a','a','a','a','a','a','a','a','a','a','a','a','a','a','a','a','a','a','a','a','a','a','a','a','a','a','a','a','a','a','a','a','a','a','a','a','a','a','a','a','a','a','a','a','a','a','a','a','a','a','a','a','a','a','a','a','a','a','a','a','a','a','a','a','a','a','a','a','a','a','a','a','a','a','a','a','a','a','a'}; 
Previous 5: main:buf:1={'A','A','A','A','A','A','A','A','A','A','A','A','A','A','A','A','A','A','A','A','A','A','A','A','A','A','A','A','A','A','A','A','A','A','A','A','A','A','A','A','A','A','A','A','A','A','A','A','A','A','B','B','B','B','B','B','B','B','B','B','B','B','B','B','B','B','B','B','B','B','B','B','B','B','B','B','B','B','B','B','B','B','B','B','B','B','B','B','B','B','B','B','B','B','B','B','B','B','C','D'}; 
Previous 6: main:buf:1={'b','b','b','b','b','b','b','b','b','b','b','b','b','b','b','b','b','b','b','b','b','b','b','b','b','b','b','b','b','b','b','b','b','b','b','b','b','b','b','b','b','b','b','b','b','b','b','b','b','b','b','b','b','b','b','b','b','b','b','b','b','b','b','b','b','b','b','b','b','b','b','b','b','b','b','b','b','b','b','b','b','b','b','b','b','b','b','b','b','b','b','b','b','b','b','b','b','b','b','b'}; 
Previous 7: main:buf:1={'a','a','a','a','a','a','a','a','a','a','a','a','a','a','a','a','a','a','a','a','a','a','a','a','a','a','a','a','a','a','a','a','a','a','a','a','a','a','a','a','a','a','a','a','a','a','a','a','a','a','a','a','a','a','a','a','a','a','a','a','a','a','a','a','a','a','a','a','a','a','a','a','a','a','a','a','a','a','a','a','a','a','a','a','a','a','a','a','a','a','a','a','a','a','a','a','a','a','b','b'}; 
Previous 8: main:buf:1={'\'','\'','\'','\'','\'','\'','\'','\'','\'','\'','\'','\'','\'','\'','\'','\'','\'','\'','\'','\'','\'','\'','\'','\'','\'','\'','\'','\'','\'','\'','\'','\'','\'','\'','\'','\'','\'','\'','\'','\'','\'','\'','\'','\'','\'','\'','\'','\'','\'','\'','\'','\'','\'','\'','\'','\'','\'','\'','\'','\'','\'','\'','\'','\'','\'','\'','\'','\'','\'','\'','\'','\'','\'','\'','\'','\'','\'','\'','\'','\'','\'','\'','\'','\'','\'','\'','\'','\'','\'','\'','\'','\'','\'','\'','\'','\'','\'','\'','\'','\''}; 
Previous 9: main:buf:1={'A','A','A','A','A','A','A','A','A','A','A','A','A','A','A','A','A','A','A','A','A','A','A','A','A','A','A','A','A','A','A','A','A','A','A','A','A','A','A','A','A','A','A','A','A','A','A','A','A','A','A','A','A','A','A','A','A','A','A','A','A','A','A','A','A','A','A','A','A','A','A','A','A','A','A','A','A','A','A','A','A','A','A','A','A','A','A','A','A','A','A','A','A','A','A','A','A','A','A','A'}; 
Previous 10: main:buf:1={'a','a','a','a','a','a','a','a','a','a','a','a','a','a','a','a','a','a','a','a','a','a','a','a','a','a','a','a','a','a','a','a','a','a','a','a','a','a','a','a','a','a','a','a','a','a','a','a','a','a','a','a','a','a','a','a','a','a','a','a','a','a','a','a','a','a','a','a','a','a','a','a','a','a','a','a','a','a','a','a','a','a','a','a','a','a','a','a','a','a','a','a','a','a','a','a','a','a','a','0'}; 
Previous 11: main:buf:1={'/','*','!','@','#','$','%','^','&','*','-','+','=','_','|','{','}',':',';','?','/','[',']',';','\'','`','~','1','2','3','4','5','6','7','8','9','0','a','b','c','d','e','f','g','h','i','j','k','l','m','n','o','p','q','r','s','t','u','v','w','x','y','z','A','B','C','D','E','F','G','H','I','J','K','L','M','N','O','P','Q','R','S','T','U','V','W','X','Y','Z','!','?','!','?','!','?','!','?','!','?','!'}; 
Previous 12: main:buf:1={'c','c','c','c','c','c','c','c','c','c','c','c','c','c','c','c','c','c','c','c','c','c','c','c','c','c','c','c','c','c','c','c','c','c','c','c','c','c','c','c','c','c','c','c','c','c','c','c','c','c','c','c','c','c','c','c','c','c','c','c','c','c','c','c','c','c','c','c','c','c','c','c','c','c','c','c','c','c','c','c','c','c','c','c','c','c','c','c','c','c','c','c','c','c','c','c','c','c','c','d'}; 
Previous 13: main:buf:1={'0','0','0','0','0','0','0','0','0','0','0','0','0','0','0','0','0','0','0','0','0','0','0','0','0','0','0','0','0','0','0','0','0','0','0','0','0','0','0','0','0','0','0','0','0','0','0','0','0','0','0','0','0','0','0','0','0','0','0','0','0','0','0','0','0','0','0','0','0','0','0','0','0','0','0','0','0','0','0','0','0','0','0','0','0','0','0','0','0','0','0','0','0','0','0','0','0','0','0','0'}; 
Previous 14: main:buf:1={'x','y','x','y','x','y','x','y','x','y','x','y','x','y','x','y','x','y','x','y','x','y','x','y','x','y','x','y','x','y','x','y','x','y','x','y','x','y','x','y','x','y','x','y','x','y','x','y','x','y','x','y','x','y','x','y','x','y','x','y','x','y','x','y','x','y','x','y','x','y','x','y','x','y','x','y','x','y','x','y','x','y','x','y','x','y','x','y','x','y','x','y','x','y','x','y','x','y','x','y'}; 
Previous 15: main:buf:1={'0','1','2','3','4','5','6','7','8','9','A','B','C','D','E','F','G','H','I','J','K','L','M','N','O','P','Q','R','S','T','U','V','W','X','Y','Z','a','b','c','d','e','f','g','h','i','j','k','l','m','n','o','p','q','r','s','t','u','v','w','x','y','z','!','@','#','$','%','^','&','*','(',')','-','_','=','+','[',']','{','}','|','/','?',' ','~','`',' ',' ','!','@','#','$','%','^','&','*','(',')','-','['}; 
Previous 16: main:buf:1={'\'','0','\'','\'','a','\'','a','\'','a','\'','a','\'','a','\'','a','\'','a','\'','a','\'','a','\'','a','\'','a','\'','a','\'','a','\'','a','\'','a','\'','a','\'','a','\'','a','\'','a','\'','a','\'','a','\'','a','\'','a','\'','a','\'','a','\'','a','\'','a','\'','a','\'','a','\'','a','\'','a','\'','a','\'','a','\'','a','\'','a','\'','a','\'','a','\'','a','\'','a','\'','a','\'','a','\'','a','\'','a','\'','a','\'','a','\'','a','\'','a','\'','a','\''}; 
Previous 17: main:buf:1={'g','g','g','g','g','g','g','g','g','g','g','g','g','g','g','g','g','g','g','g','g','g','g','g','g','g','g','g','g','g','g','g','g','g','g','g','g','g','g','g','g','g','g','g','g','g','g','g','g','g','g','g','g','g','g','g','g','g','g','g','g','g','g','g','g','g','g','g','g','g','g','g','g','g','g','g','g','g','g','g','g','g','g','g','g','g','g','g','g','g','g','g','g','g','g','g','g','g','g','g'}; 
Previous 18: main:buf:1={'_','_','_','_','_','_','_','_','_','_','_','_','_','_','_','_','_','_','_','_','_','_','_','_','_','_','_','_','_','_','_','_','_','_','_','_','_','_','_','_','_','_','_','_','_','_','_','_','_','_','_','_','_','_','_','_','_','_','_','_','_','_','_','_','_','_','_','_','_','_','_','_','_','_','_','_','_','_','_','_','_','_','_','_','_','_','_','_','_','_','_','_','_','_','_','_','_','_','_','_'}; 
Previous 19: main:buf:1={'a','b','c','d','e','f','g','h','i','j','a','b','c','d','e','f','g','h','i','j','a','b','c','d','e','f','g','h','i','j','a','b','c','d','e','f','g','h','i','j','a','b','c','d','e','f','g','h','i','j','a','b','c','d','e','f','g','h','i','j','a','b','c','d','e','f','g','h','i','j','a','b','c','d','e','f','g','h','i','j','a','b','c','d','e','f','g','h','i','j','a','b','c','d','e','f','g','h','i','j'}; 
Previous 20: main:buf:1={'a','a','a','a','a','a','a','a','a','a','a','a','a','a','a','a','a','a','a','a','a','a','a','a','a','a','a','a','a','a','a','a','a','a','a','a','a','a','a','a','a','a','a','a','a','a','a','a','a','a','b','b','b','b','b','b','b','b','b','b','b','b','b','b','b','b','b','b','b','b','b','b','b','b','b','b','b','b','c','c','c','c','c','c','c','c','c','c','c','c','c','c','c','c','c','c','c','c','c','c'}; 
Previous 21: main:buf:1={'>','0','0','0','0','0','0','0','0','0','0','0','0','0','0','0','0','0','0','0','0','0','0','0','0','0','0','0','0','0','0','0','0','0','0','0','0','0','0','0','0','0','0','0','0','0','0','0','0','0','0','0','0','0','0','0','0','0','0','0','0','0','0','0','0','0','0','0','0','0','0','0','0','0','0','0','0','0','0','0','0','0','0','0','0','0','0','0','0','0','0','0','0','0','0','0','0','0','0','0'}; 
Previous 22: main:buf:1={'a','b','c','d','e','f','g','h','i','j','k','l','m','n','o','p','q','r','s','t','u','v','w','x','y','z','A','B','C','D','E','F','G','H','I','J','K','L','M','N','O','P','Q','R','S','T','U','V','W','X','Y','Z','0','1','2','3','4','5','6','7','8','9','!','@','#','$','%','^','&','*','(','-',')','-','_','+','=','[',']','{','}','|',':',';','<','>','?','/','|','`','~','\'','%','.',',',' ','a','b','c','d'}; 
Previous 23: main:buf:1={'\'','0','\'','\'','\'','\'','\'','\'','\'','\'','\'','\'','\'','\'','\'','\'','\'','\'','\'','\'','\'','\'','\'','\'','\'','\'','\'','\'','\'','\'','\'','\'','\'','\'','\'','\'','\'','\'','\'','\'','\'','\'','\'','\'','\'','\'','\'','\'','\'','\'','\'','\'','\'','\'','\'','\'','\'','\'','\'','\'','\'','\'','\'','\'','\'','\'','\'','\'','\'','\'','\'','\'','\'','\'','\'','\'','\'','\'','\'','\'','\'','\'','\'','\'','\'','\'','\'','\'','\'','\'','\'','\'','\'','\'','\'','\'','\'','\'','\'','\''}; 
Previous 24: main:buf:1={'-','-','-','-','-','-','-','-','-','-','-','-','-','-','-','-','-','-','-','-','-','-','-','-','-','-','-','-','-','-','-','-','=','=','=','=','=','=','=','=','=','=','=','=','=','=','=','=','=','=','=','=','=','=','=','=','=','=','=','=','=','=','+','+','+','+','+','+','+','+','+','+','+','+','+','+','+','+','+','+','+','+','+','+','+','+','+','+','+','+','+','+','+','+','+','+','+','+','+','+'}; 
Previous 25: main:buf:1={'w','p','k','r','G','d','e','Z','q','n','U','O','g','H','5','X','S','m','R','t','J','T','3','c','V','1','l','f','Z','2','u','P','w','L','b','6','Q','z','Z','v','P','x','9','f','c','F','S','q','m','2','D','E','r','C','i','Y','b','k','O','z','4','3','q','a','L','P','c','j','s','g','g','b','8','h','Y','D','n','u','a','n','x','A','p','w','S','l','v','V','g','k','R','o','3','i','e','q','J','n','p','z'}; 
Previous 26: main:buf:1={'\'','`','<','h','?','j','|','k','l','p','b','H','4','-','g','K','o','l','D',';','s','7','5','p','6','w','K','c','>','p','l','?','x','!','q','j','b','w','V','-','M','x','Z','t','y','M','m','}','O','A','e',';','9','C','0','6','?','-','i','c','1','9','u','j','U','T','p','u','#','Z','i','8','A','5','9','f','Z','t','b','g','-','k','g','n','P','q','n','r','Z','Y','!','%','g','a','u','z','e','M','e','z'}; 
Previous 27: main:buf:1={'C','C','C','C','C','C','C','C','C','C','C','C','C','C','C','C','C','C','C','C','C','C','C','C','C','C','C','C','C','C','C','C','C','C','C','C','C','C','C','C','C','C','C','C','C','C','C','C','C','C','C','C','C','C','C','C','C','C','C','C','C','C','C','C','C','C','C','C','C','C','C','C','C','C','C','C','C','C','C','C','C','C','C','C','C','C','C','C','C','C','C','C','C','C','C','C','C','C','C','C'}; 
Previous 28: main:buf:1={'\'','\'','a','a','a','a','a','a','a','a','a','a','a','a','a','a','a','a','a','a','a','a','a','a','a','a','a','a','a','a','a','a','a','a','a','a','a','a','a','a','a','a','a','a','a','a','a','a','a','a','a','a','a','a','a','a','a','a','a','a','a','a','a','a','a','a','a','a','a','a','a','a','a','a','a','a','a','a','a','a','a','a','a','a','a','a','a','a','a','a','a','a','a','a','a','a','a','a','a','a'}; 
Previous 29: main:buf:1={'Z','Z','Z','Z','Z','Z','Z','Z','Z','Z','Z','Z','Z','Z','Z','Z','Z','Z','Z','Z','Z','Z','Z','Z','Z','Z','Z','Z','Z','Z','Z','Z','Z','Z','Z','Z','Z','Z','Z','Z','Z','Z','Z','Z','Z','Z','Z','Z','Z','Z','Z','Z','Z','Z','Z','Z','Z','Z','Z','Z','Z','Z','Z','Z','Z','Z','Z','Z','Z','Z','Z','Z','Z','Z','Z','Z','Z','Z','Z','Z','Z','Z','Z','Z','Z','Z','Z','Z','Z','Z','Z','Z','Z','Z','Z','Z','Z','Z','Z','Z'}; 
Previous 30: main:buf:1={'q','q','q','q','q','q','q','q','q','q','q','q','q','q','q','q','q','q','q','q','q','q','q','q','q','q','q','q','q','q','q','q','q','q','q','q','q','q','q','q','q','q','q','q','q','q','q','q','q','q','q','q','q','q','q','q','q','q','q','q','q','q','q','q','q','q','q','q','q','q','q','q','q','q','q','q','q','q','q','q','q','q','q','q','q','q','q','q','q','q','q','q','q','q','q','q','q','q','q','q'}; 

Program:
extern char __VERIFIER_nondet_char(void);
/*
Commit Number: cea58cb6d8fe0d27bfcbab57776bd36d5c724ec3
URL: https://github.com/GNOME/evolution-data-server/commit/cea58cb6d8fe0d27bfcbab57776bd36d5c724ec3
Project Name: evolution-data-server
License: GPL2
termination: false


*/
int strcspn(const char *strSrc, const char *str)
{
    const char *s;
    const char *t = strSrc;
    while (*t != '\0')
    {
        s = str;
        while (*s != '\0')
        {
            if (*t == *s )
            return t-strSrc;
            ++s;
        }
        ++t;
    }
    return 0;
}
int main()
{
    char buf[100];
    for( int i = 0 ; i < 99 ; i++ )
        buf[i] = __VERIFIER_nondet_char();
    buf[99] = '\0';
    char *p = buf;
    while( *p )
    {
        int len = strcspn( p , ""\n"");
        p += len;
    }
    return 0;

}

"
41,T,"main:buf:1={'A','B','C','D','E','F','G','H','I','J','K','L','M','N','O','P','Q','R','S','T','U','V','W','X','Y','Z','a','b','c','d','e','f','g','h','i','j','k','l','m','n','o','p','q','r','s','t','u','v','w','x','y','z','0','1','2','3','4','5','6','7','8','9','!','@','#','$','%','^','&','*','(',')','-','_','=','[',']','{','}','|',':',';','<','>',',','?','/','~','`',' ','!','#','1','x','y','c','d','e','f','g'}
",,TIMEOUT,LIKELY_NT,false,,"You generate concrete values for nondeterministic inputs in a C/C++ program.
Your goal is to produce ONE complete assignment set that is likely to make the program terminate.

Important rules:
1. Return a value for EVERY listed nondeterministic input ID.
2. Use each ID exactly once.
3. Respect the declared C/C++ type.
4. For an array, return the value as an array containing exactly the required number of elements.
5. For char arrays, each element must be exactly one character. Return the character itself without C single quotes.
6. Prefer small-magnitude values unless larger values are necessary to achieve the requested execution behavior.

Nondeterministic inputs:
- id: main:buf:1, type: char, array: true, size: 100, required elements: 100

Previously generated assignment sets are listed below. Generate a materially different set and do not duplicate any of them.
Previous 1: main:buf:1={':',':','@','A','1','$','a','B','c','D','e','F','g','H','i','J','k','L','m','N','o','P','q','R','s','T','u','V','w','X','y','Z','0','1','2','3','4','5','6','7','8','9','!','?','-','_','+','%','^','&','*','/','`','{','}','[',']','|','~',' ','a','b','c','d','e','f','g','h','i','j','k','l','m','n','o','p','q','r','s','t','u','v','w','x','y','z','A','B','C','D','E','F','G','H','I','J','K','L','M','N'}; 
Previous 2: main:buf:1={'a','a','a','a','a','a','a','a','a','a','a','a','a','a','a','a','a','a','a','a','a','a','a','a','a','a','a','a','a','a','a','a','a','a','a','a','a','a','a','a','a','a','a','a','a','a','a','a','a','a','a','a','a','a','a','a','a','a','a','a','a','a','a','a','a','a','a','a','a','a','a','a','a','a','a','a','a','a','a','a','a','a','a','a','a','a','a','a','a','a','a','a','a','a','a','a','a','a','a','a'}; 
Previous 3: main:buf:1={'0','a','a','a','a','a','a','a','a','a','a','a','a','a','a','a','a','a','a','a','a','a','a','a','a','a','a','a','a','a','a','a','a','a','a','a','a','a','a','a','a','a','a','a','a','a','a','a','a','a','a','a','a','a','a','a','a','a','a','a','a','a','a','a','a','a','a','a','a','a','a','a','a','a','a','a','a','a','a','a','a','a','a','a','a','a','a','a','a','a','a','a','a','a','a','a','a','a','a','a'}; 
Previous 4: main:buf:1={'{','0',',','a','a','a','a','a','a','a','a','a','a','a','a','a','a','a','a','a','a','a','a','a','a','a','a','a','a','a','a','a','a','a','a','a','a','a','a','a','a','a','a','a','a','a','a','a','a','a','a','a','a','a','a','a','a','a','a','a','a','a','a','a','a','a','a','a','a','a','a','a','a','a','a','a','a','a','a','a','a','a','a','a','a','a','a','a','a','a','a','a','a','a','a','a','a','a','a','a'}; 
Previous 5: main:buf:1={'A','A','A','A','A','A','A','A','A','A','A','A','A','A','A','A','A','A','A','A','A','A','A','A','A','A','A','A','A','A','A','A','A','A','A','A','A','A','A','A','A','A','A','A','A','A','A','A','A','A','B','B','B','B','B','B','B','B','B','B','B','B','B','B','B','B','B','B','B','B','B','B','B','B','B','B','B','B','B','B','B','B','B','B','B','B','B','B','B','B','B','B','B','B','B','B','B','B','C','D'}; 
Previous 6: main:buf:1={'b','b','b','b','b','b','b','b','b','b','b','b','b','b','b','b','b','b','b','b','b','b','b','b','b','b','b','b','b','b','b','b','b','b','b','b','b','b','b','b','b','b','b','b','b','b','b','b','b','b','b','b','b','b','b','b','b','b','b','b','b','b','b','b','b','b','b','b','b','b','b','b','b','b','b','b','b','b','b','b','b','b','b','b','b','b','b','b','b','b','b','b','b','b','b','b','b','b','b','b'}; 
Previous 7: main:buf:1={'a','a','a','a','a','a','a','a','a','a','a','a','a','a','a','a','a','a','a','a','a','a','a','a','a','a','a','a','a','a','a','a','a','a','a','a','a','a','a','a','a','a','a','a','a','a','a','a','a','a','a','a','a','a','a','a','a','a','a','a','a','a','a','a','a','a','a','a','a','a','a','a','a','a','a','a','a','a','a','a','a','a','a','a','a','a','a','a','a','a','a','a','a','a','a','a','a','a','b','b'}; 
Previous 8: main:buf:1={'\'','\'','\'','\'','\'','\'','\'','\'','\'','\'','\'','\'','\'','\'','\'','\'','\'','\'','\'','\'','\'','\'','\'','\'','\'','\'','\'','\'','\'','\'','\'','\'','\'','\'','\'','\'','\'','\'','\'','\'','\'','\'','\'','\'','\'','\'','\'','\'','\'','\'','\'','\'','\'','\'','\'','\'','\'','\'','\'','\'','\'','\'','\'','\'','\'','\'','\'','\'','\'','\'','\'','\'','\'','\'','\'','\'','\'','\'','\'','\'','\'','\'','\'','\'','\'','\'','\'','\'','\'','\'','\'','\'','\'','\'','\'','\'','\'','\'','\'','\''}; 
Previous 9: main:buf:1={'A','A','A','A','A','A','A','A','A','A','A','A','A','A','A','A','A','A','A','A','A','A','A','A','A','A','A','A','A','A','A','A','A','A','A','A','A','A','A','A','A','A','A','A','A','A','A','A','A','A','A','A','A','A','A','A','A','A','A','A','A','A','A','A','A','A','A','A','A','A','A','A','A','A','A','A','A','A','A','A','A','A','A','A','A','A','A','A','A','A','A','A','A','A','A','A','A','A','A','A'}; 
Previous 10: main:buf:1={'a','a','a','a','a','a','a','a','a','a','a','a','a','a','a','a','a','a','a','a','a','a','a','a','a','a','a','a','a','a','a','a','a','a','a','a','a','a','a','a','a','a','a','a','a','a','a','a','a','a','a','a','a','a','a','a','a','a','a','a','a','a','a','a','a','a','a','a','a','a','a','a','a','a','a','a','a','a','a','a','a','a','a','a','a','a','a','a','a','a','a','a','a','a','a','a','a','a','a','0'}; 
Previous 11: main:buf:1={'/','*','!','@','#','$','%','^','&','*','-','+','=','_','|','{','}',':',';','?','/','[',']',';','\'','`','~','1','2','3','4','5','6','7','8','9','0','a','b','c','d','e','f','g','h','i','j','k','l','m','n','o','p','q','r','s','t','u','v','w','x','y','z','A','B','C','D','E','F','G','H','I','J','K','L','M','N','O','P','Q','R','S','T','U','V','W','X','Y','Z','!','?','!','?','!','?','!','?','!','?','!'}; 
Previous 12: main:buf:1={'c','c','c','c','c','c','c','c','c','c','c','c','c','c','c','c','c','c','c','c','c','c','c','c','c','c','c','c','c','c','c','c','c','c','c','c','c','c','c','c','c','c','c','c','c','c','c','c','c','c','c','c','c','c','c','c','c','c','c','c','c','c','c','c','c','c','c','c','c','c','c','c','c','c','c','c','c','c','c','c','c','c','c','c','c','c','c','c','c','c','c','c','c','c','c','c','c','c','c','d'}; 
Previous 13: main:buf:1={'0','0','0','0','0','0','0','0','0','0','0','0','0','0','0','0','0','0','0','0','0','0','0','0','0','0','0','0','0','0','0','0','0','0','0','0','0','0','0','0','0','0','0','0','0','0','0','0','0','0','0','0','0','0','0','0','0','0','0','0','0','0','0','0','0','0','0','0','0','0','0','0','0','0','0','0','0','0','0','0','0','0','0','0','0','0','0','0','0','0','0','0','0','0','0','0','0','0','0','0'}; 
Previous 14: main:buf:1={'x','y','x','y','x','y','x','y','x','y','x','y','x','y','x','y','x','y','x','y','x','y','x','y','x','y','x','y','x','y','x','y','x','y','x','y','x','y','x','y','x','y','x','y','x','y','x','y','x','y','x','y','x','y','x','y','x','y','x','y','x','y','x','y','x','y','x','y','x','y','x','y','x','y','x','y','x','y','x','y','x','y','x','y','x','y','x','y','x','y','x','y','x','y','x','y','x','y','x','y'}; 
Previous 15: main:buf:1={'0','1','2','3','4','5','6','7','8','9','A','B','C','D','E','F','G','H','I','J','K','L','M','N','O','P','Q','R','S','T','U','V','W','X','Y','Z','a','b','c','d','e','f','g','h','i','j','k','l','m','n','o','p','q','r','s','t','u','v','w','x','y','z','!','@','#','$','%','^','&','*','(',')','-','_','=','+','[',']','{','}','|','/','?',' ','~','`',' ',' ','!','@','#','$','%','^','&','*','(',')','-','['}; 
Previous 16: main:buf:1={'\'','0','\'','\'','a','\'','a','\'','a','\'','a','\'','a','\'','a','\'','a','\'','a','\'','a','\'','a','\'','a','\'','a','\'','a','\'','a','\'','a','\'','a','\'','a','\'','a','\'','a','\'','a','\'','a','\'','a','\'','a','\'','a','\'','a','\'','a','\'','a','\'','a','\'','a','\'','a','\'','a','\'','a','\'','a','\'','a','\'','a','\'','a','\'','a','\'','a','\'','a','\'','a','\'','a','\'','a','\'','a','\'','a','\'','a','\'','a','\'','a','\'','a','\''}; 
Previous 17: main:buf:1={'g','g','g','g','g','g','g','g','g','g','g','g','g','g','g','g','g','g','g','g','g','g','g','g','g','g','g','g','g','g','g','g','g','g','g','g','g','g','g','g','g','g','g','g','g','g','g','g','g','g','g','g','g','g','g','g','g','g','g','g','g','g','g','g','g','g','g','g','g','g','g','g','g','g','g','g','g','g','g','g','g','g','g','g','g','g','g','g','g','g','g','g','g','g','g','g','g','g','g','g'}; 
Previous 18: main:buf:1={'_','_','_','_','_','_','_','_','_','_','_','_','_','_','_','_','_','_','_','_','_','_','_','_','_','_','_','_','_','_','_','_','_','_','_','_','_','_','_','_','_','_','_','_','_','_','_','_','_','_','_','_','_','_','_','_','_','_','_','_','_','_','_','_','_','_','_','_','_','_','_','_','_','_','_','_','_','_','_','_','_','_','_','_','_','_','_','_','_','_','_','_','_','_','_','_','_','_','_','_'}; 
Previous 19: main:buf:1={'a','b','c','d','e','f','g','h','i','j','a','b','c','d','e','f','g','h','i','j','a','b','c','d','e','f','g','h','i','j','a','b','c','d','e','f','g','h','i','j','a','b','c','d','e','f','g','h','i','j','a','b','c','d','e','f','g','h','i','j','a','b','c','d','e','f','g','h','i','j','a','b','c','d','e','f','g','h','i','j','a','b','c','d','e','f','g','h','i','j','a','b','c','d','e','f','g','h','i','j'}; 
Previous 20: main:buf:1={'a','a','a','a','a','a','a','a','a','a','a','a','a','a','a','a','a','a','a','a','a','a','a','a','a','a','a','a','a','a','a','a','a','a','a','a','a','a','a','a','a','a','a','a','a','a','a','a','a','a','b','b','b','b','b','b','b','b','b','b','b','b','b','b','b','b','b','b','b','b','b','b','b','b','b','b','b','b','c','c','c','c','c','c','c','c','c','c','c','c','c','c','c','c','c','c','c','c','c','c'}; 
Previous 21: main:buf:1={'>','0','0','0','0','0','0','0','0','0','0','0','0','0','0','0','0','0','0','0','0','0','0','0','0','0','0','0','0','0','0','0','0','0','0','0','0','0','0','0','0','0','0','0','0','0','0','0','0','0','0','0','0','0','0','0','0','0','0','0','0','0','0','0','0','0','0','0','0','0','0','0','0','0','0','0','0','0','0','0','0','0','0','0','0','0','0','0','0','0','0','0','0','0','0','0','0','0','0','0'}; 
Previous 22: main:buf:1={'a','b','c','d','e','f','g','h','i','j','k','l','m','n','o','p','q','r','s','t','u','v','w','x','y','z','A','B','C','D','E','F','G','H','I','J','K','L','M','N','O','P','Q','R','S','T','U','V','W','X','Y','Z','0','1','2','3','4','5','6','7','8','9','!','@','#','$','%','^','&','*','(','-',')','-','_','+','=','[',']','{','}','|',':',';','<','>','?','/','|','`','~','\'','%','.',',',' ','a','b','c','d'}; 
Previous 23: main:buf:1={'\'','0','\'','\'','\'','\'','\'','\'','\'','\'','\'','\'','\'','\'','\'','\'','\'','\'','\'','\'','\'','\'','\'','\'','\'','\'','\'','\'','\'','\'','\'','\'','\'','\'','\'','\'','\'','\'','\'','\'','\'','\'','\'','\'','\'','\'','\'','\'','\'','\'','\'','\'','\'','\'','\'','\'','\'','\'','\'','\'','\'','\'','\'','\'','\'','\'','\'','\'','\'','\'','\'','\'','\'','\'','\'','\'','\'','\'','\'','\'','\'','\'','\'','\'','\'','\'','\'','\'','\'','\'','\'','\'','\'','\'','\'','\'','\'','\'','\'','\''}; 
Previous 24: main:buf:1={'-','-','-','-','-','-','-','-','-','-','-','-','-','-','-','-','-','-','-','-','-','-','-','-','-','-','-','-','-','-','-','-','=','=','=','=','=','=','=','=','=','=','=','=','=','=','=','=','=','=','=','=','=','=','=','=','=','=','=','=','=','=','+','+','+','+','+','+','+','+','+','+','+','+','+','+','+','+','+','+','+','+','+','+','+','+','+','+','+','+','+','+','+','+','+','+','+','+','+','+'}; 
Previous 25: main:buf:1={'w','p','k','r','G','d','e','Z','q','n','U','O','g','H','5','X','S','m','R','t','J','T','3','c','V','1','l','f','Z','2','u','P','w','L','b','6','Q','z','Z','v','P','x','9','f','c','F','S','q','m','2','D','E','r','C','i','Y','b','k','O','z','4','3','q','a','L','P','c','j','s','g','g','b','8','h','Y','D','n','u','a','n','x','A','p','w','S','l','v','V','g','k','R','o','3','i','e','q','J','n','p','z'}; 
Previous 26: main:buf:1={'\'','`','<','h','?','j','|','k','l','p','b','H','4','-','g','K','o','l','D',';','s','7','5','p','6','w','K','c','>','p','l','?','x','!','q','j','b','w','V','-','M','x','Z','t','y','M','m','}','O','A','e',';','9','C','0','6','?','-','i','c','1','9','u','j','U','T','p','u','#','Z','i','8','A','5','9','f','Z','t','b','g','-','k','g','n','P','q','n','r','Z','Y','!','%','g','a','u','z','e','M','e','z'}; 
Previous 27: main:buf:1={'C','C','C','C','C','C','C','C','C','C','C','C','C','C','C','C','C','C','C','C','C','C','C','C','C','C','C','C','C','C','C','C','C','C','C','C','C','C','C','C','C','C','C','C','C','C','C','C','C','C','C','C','C','C','C','C','C','C','C','C','C','C','C','C','C','C','C','C','C','C','C','C','C','C','C','C','C','C','C','C','C','C','C','C','C','C','C','C','C','C','C','C','C','C','C','C','C','C','C','C'}; 
Previous 28: main:buf:1={'\'','\'','a','a','a','a','a','a','a','a','a','a','a','a','a','a','a','a','a','a','a','a','a','a','a','a','a','a','a','a','a','a','a','a','a','a','a','a','a','a','a','a','a','a','a','a','a','a','a','a','a','a','a','a','a','a','a','a','a','a','a','a','a','a','a','a','a','a','a','a','a','a','a','a','a','a','a','a','a','a','a','a','a','a','a','a','a','a','a','a','a','a','a','a','a','a','a','a','a','a'}; 
Previous 29: main:buf:1={'Z','Z','Z','Z','Z','Z','Z','Z','Z','Z','Z','Z','Z','Z','Z','Z','Z','Z','Z','Z','Z','Z','Z','Z','Z','Z','Z','Z','Z','Z','Z','Z','Z','Z','Z','Z','Z','Z','Z','Z','Z','Z','Z','Z','Z','Z','Z','Z','Z','Z','Z','Z','Z','Z','Z','Z','Z','Z','Z','Z','Z','Z','Z','Z','Z','Z','Z','Z','Z','Z','Z','Z','Z','Z','Z','Z','Z','Z','Z','Z','Z','Z','Z','Z','Z','Z','Z','Z','Z','Z','Z','Z','Z','Z','Z','Z','Z','Z','Z','Z'}; 
Previous 30: main:buf:1={'q','q','q','q','q','q','q','q','q','q','q','q','q','q','q','q','q','q','q','q','q','q','q','q','q','q','q','q','q','q','q','q','q','q','q','q','q','q','q','q','q','q','q','q','q','q','q','q','q','q','q','q','q','q','q','q','q','q','q','q','q','q','q','q','q','q','q','q','q','q','q','q','q','q','q','q','q','q','q','q','q','q','q','q','q','q','q','q','q','q','q','q','q','q','q','q','q','q','q','q'}; 
Previous 31: main:buf:1={'N','a','a','a','a','a','a','a','a','a','a','a','a','a','a','a','a','a','a','a','a','a','a','a','a','a','a','a','a','a','a','a','a','a','a','a','a','a','a','a','a','a','a','a','a','a','a','a','a','a','a','a','a','a','a','a','a','a','a','a','a','a','a','a','a','a','a','a','a','a','a','a','a','a','a','a','a','a','a','a','a','a','a','a','a','a','a','a','a','a','a','a','a','a','a','a','a','a','a','a'}; 

Program:
extern char __VERIFIER_nondet_char(void);
/*
Commit Number: cea58cb6d8fe0d27bfcbab57776bd36d5c724ec3
URL: https://github.com/GNOME/evolution-data-server/commit/cea58cb6d8fe0d27bfcbab57776bd36d5c724ec3
Project Name: evolution-data-server
License: GPL2
termination: false


*/
int strcspn(const char *strSrc, const char *str)
{
    const char *s;
    const char *t = strSrc;
    while (*t != '\0')
    {
        s = str;
        while (*s != '\0')
        {
            if (*t == *s )
            return t-strSrc;
            ++s;
        }
        ++t;
    }
    return 0;
}
int main()
{
    char buf[100];
    for( int i = 0 ; i < 99 ; i++ )
        buf[i] = __VERIFIER_nondet_char();
    buf[99] = '\0';
    char *p = buf;
    while( *p )
    {
        int len = strcspn( p , ""\n"");
        p += len;
    }
    return 0;

}

"
42,T,"main:buf:1={'m','n','m','n','m','n','m','n','m','n','m','n','m','n','m','n','m','n','m','n','m','n','m','n','m','n','m','n','m','n','m','n','m','n','m','n','m','n','m','n','m','n','m','n','m','n','m','n','m','n','m','n','m','n','m','n','m','n','m','n','m','n','m','n','m','n','m','n','m','n','m','n','m','n','m','n','m','n','m','n','m','n','m','n','m','n','m','n','m','n','m','n','m','n','m','n','m','n','m','n'}
",,TIMEOUT,LIKELY_NT,false,,"You generate concrete values for nondeterministic inputs in a C/C++ program.
Your goal is to produce ONE complete assignment set that is likely to make the program terminate.

Important rules:
1. Return a value for EVERY listed nondeterministic input ID.
2. Use each ID exactly once.
3. Respect the declared C/C++ type.
4. For an array, return the value as an array containing exactly the required number of elements.
5. For char arrays, each element must be exactly one character. Return the character itself without C single quotes.
6. Prefer small-magnitude values unless larger values are necessary to achieve the requested execution behavior.

Nondeterministic inputs:
- id: main:buf:1, type: char, array: true, size: 100, required elements: 100

Previously generated assignment sets are listed below. Generate a materially different set and do not duplicate any of them.
Previous 1: main:buf:1={':',':','@','A','1','$','a','B','c','D','e','F','g','H','i','J','k','L','m','N','o','P','q','R','s','T','u','V','w','X','y','Z','0','1','2','3','4','5','6','7','8','9','!','?','-','_','+','%','^','&','*','/','`','{','}','[',']','|','~',' ','a','b','c','d','e','f','g','h','i','j','k','l','m','n','o','p','q','r','s','t','u','v','w','x','y','z','A','B','C','D','E','F','G','H','I','J','K','L','M','N'}; 
Previous 2: main:buf:1={'a','a','a','a','a','a','a','a','a','a','a','a','a','a','a','a','a','a','a','a','a','a','a','a','a','a','a','a','a','a','a','a','a','a','a','a','a','a','a','a','a','a','a','a','a','a','a','a','a','a','a','a','a','a','a','a','a','a','a','a','a','a','a','a','a','a','a','a','a','a','a','a','a','a','a','a','a','a','a','a','a','a','a','a','a','a','a','a','a','a','a','a','a','a','a','a','a','a','a','a'}; 
Previous 3: main:buf:1={'0','a','a','a','a','a','a','a','a','a','a','a','a','a','a','a','a','a','a','a','a','a','a','a','a','a','a','a','a','a','a','a','a','a','a','a','a','a','a','a','a','a','a','a','a','a','a','a','a','a','a','a','a','a','a','a','a','a','a','a','a','a','a','a','a','a','a','a','a','a','a','a','a','a','a','a','a','a','a','a','a','a','a','a','a','a','a','a','a','a','a','a','a','a','a','a','a','a','a','a'}; 
Previous 4: main:buf:1={'{','0',',','a','a','a','a','a','a','a','a','a','a','a','a','a','a','a','a','a','a','a','a','a','a','a','a','a','a','a','a','a','a','a','a','a','a','a','a','a','a','a','a','a','a','a','a','a','a','a','a','a','a','a','a','a','a','a','a','a','a','a','a','a','a','a','a','a','a','a','a','a','a','a','a','a','a','a','a','a','a','a','a','a','a','a','a','a','a','a','a','a','a','a','a','a','a','a','a','a'}; 
Previous 5: main:buf:1={'A','A','A','A','A','A','A','A','A','A','A','A','A','A','A','A','A','A','A','A','A','A','A','A','A','A','A','A','A','A','A','A','A','A','A','A','A','A','A','A','A','A','A','A','A','A','A','A','A','A','B','B','B','B','B','B','B','B','B','B','B','B','B','B','B','B','B','B','B','B','B','B','B','B','B','B','B','B','B','B','B','B','B','B','B','B','B','B','B','B','B','B','B','B','B','B','B','B','C','D'}; 
Previous 6: main:buf:1={'b','b','b','b','b','b','b','b','b','b','b','b','b','b','b','b','b','b','b','b','b','b','b','b','b','b','b','b','b','b','b','b','b','b','b','b','b','b','b','b','b','b','b','b','b','b','b','b','b','b','b','b','b','b','b','b','b','b','b','b','b','b','b','b','b','b','b','b','b','b','b','b','b','b','b','b','b','b','b','b','b','b','b','b','b','b','b','b','b','b','b','b','b','b','b','b','b','b','b','b'}; 
Previous 7: main:buf:1={'a','a','a','a','a','a','a','a','a','a','a','a','a','a','a','a','a','a','a','a','a','a','a','a','a','a','a','a','a','a','a','a','a','a','a','a','a','a','a','a','a','a','a','a','a','a','a','a','a','a','a','a','a','a','a','a','a','a','a','a','a','a','a','a','a','a','a','a','a','a','a','a','a','a','a','a','a','a','a','a','a','a','a','a','a','a','a','a','a','a','a','a','a','a','a','a','a','a','b','b'}; 
Previous 8: main:buf:1={'\'','\'','\'','\'','\'','\'','\'','\'','\'','\'','\'','\'','\'','\'','\'','\'','\'','\'','\'','\'','\'','\'','\'','\'','\'','\'','\'','\'','\'','\'','\'','\'','\'','\'','\'','\'','\'','\'','\'','\'','\'','\'','\'','\'','\'','\'','\'','\'','\'','\'','\'','\'','\'','\'','\'','\'','\'','\'','\'','\'','\'','\'','\'','\'','\'','\'','\'','\'','\'','\'','\'','\'','\'','\'','\'','\'','\'','\'','\'','\'','\'','\'','\'','\'','\'','\'','\'','\'','\'','\'','\'','\'','\'','\'','\'','\'','\'','\'','\'','\''}; 
Previous 9: main:buf:1={'A','A','A','A','A','A','A','A','A','A','A','A','A','A','A','A','A','A','A','A','A','A','A','A','A','A','A','A','A','A','A','A','A','A','A','A','A','A','A','A','A','A','A','A','A','A','A','A','A','A','A','A','A','A','A','A','A','A','A','A','A','A','A','A','A','A','A','A','A','A','A','A','A','A','A','A','A','A','A','A','A','A','A','A','A','A','A','A','A','A','A','A','A','A','A','A','A','A','A','A'}; 
Previous 10: main:buf:1={'a','a','a','a','a','a','a','a','a','a','a','a','a','a','a','a','a','a','a','a','a','a','a','a','a','a','a','a','a','a','a','a','a','a','a','a','a','a','a','a','a','a','a','a','a','a','a','a','a','a','a','a','a','a','a','a','a','a','a','a','a','a','a','a','a','a','a','a','a','a','a','a','a','a','a','a','a','a','a','a','a','a','a','a','a','a','a','a','a','a','a','a','a','a','a','a','a','a','a','0'}; 
Previous 11: main:buf:1={'/','*','!','@','#','$','%','^','&','*','-','+','=','_','|','{','}',':',';','?','/','[',']',';','\'','`','~','1','2','3','4','5','6','7','8','9','0','a','b','c','d','e','f','g','h','i','j','k','l','m','n','o','p','q','r','s','t','u','v','w','x','y','z','A','B','C','D','E','F','G','H','I','J','K','L','M','N','O','P','Q','R','S','T','U','V','W','X','Y','Z','!','?','!','?','!','?','!','?','!','?','!'}; 
Previous 12: main:buf:1={'c','c','c','c','c','c','c','c','c','c','c','c','c','c','c','c','c','c','c','c','c','c','c','c','c','c','c','c','c','c','c','c','c','c','c','c','c','c','c','c','c','c','c','c','c','c','c','c','c','c','c','c','c','c','c','c','c','c','c','c','c','c','c','c','c','c','c','c','c','c','c','c','c','c','c','c','c','c','c','c','c','c','c','c','c','c','c','c','c','c','c','c','c','c','c','c','c','c','c','d'}; 
Previous 13: main:buf:1={'0','0','0','0','0','0','0','0','0','0','0','0','0','0','0','0','0','0','0','0','0','0','0','0','0','0','0','0','0','0','0','0','0','0','0','0','0','0','0','0','0','0','0','0','0','0','0','0','0','0','0','0','0','0','0','0','0','0','0','0','0','0','0','0','0','0','0','0','0','0','0','0','0','0','0','0','0','0','0','0','0','0','0','0','0','0','0','0','0','0','0','0','0','0','0','0','0','0','0','0'}; 
Previous 14: main:buf:1={'x','y','x','y','x','y','x','y','x','y','x','y','x','y','x','y','x','y','x','y','x','y','x','y','x','y','x','y','x','y','x','y','x','y','x','y','x','y','x','y','x','y','x','y','x','y','x','y','x','y','x','y','x','y','x','y','x','y','x','y','x','y','x','y','x','y','x','y','x','y','x','y','x','y','x','y','x','y','x','y','x','y','x','y','x','y','x','y','x','y','x','y','x','y','x','y','x','y','x','y'}; 
Previous 15: main:buf:1={'0','1','2','3','4','5','6','7','8','9','A','B','C','D','E','F','G','H','I','J','K','L','M','N','O','P','Q','R','S','T','U','V','W','X','Y','Z','a','b','c','d','e','f','g','h','i','j','k','l','m','n','o','p','q','r','s','t','u','v','w','x','y','z','!','@','#','$','%','^','&','*','(',')','-','_','=','+','[',']','{','}','|','/','?',' ','~','`',' ',' ','!','@','#','$','%','^','&','*','(',')','-','['}; 
Previous 16: main:buf:1={'\'','0','\'','\'','a','\'','a','\'','a','\'','a','\'','a','\'','a','\'','a','\'','a','\'','a','\'','a','\'','a','\'','a','\'','a','\'','a','\'','a','\'','a','\'','a','\'','a','\'','a','\'','a','\'','a','\'','a','\'','a','\'','a','\'','a','\'','a','\'','a','\'','a','\'','a','\'','a','\'','a','\'','a','\'','a','\'','a','\'','a','\'','a','\'','a','\'','a','\'','a','\'','a','\'','a','\'','a','\'','a','\'','a','\'','a','\'','a','\'','a','\'','a','\''}; 
Previous 17: main:buf:1={'g','g','g','g','g','g','g','g','g','g','g','g','g','g','g','g','g','g','g','g','g','g','g','g','g','g','g','g','g','g','g','g','g','g','g','g','g','g','g','g','g','g','g','g','g','g','g','g','g','g','g','g','g','g','g','g','g','g','g','g','g','g','g','g','g','g','g','g','g','g','g','g','g','g','g','g','g','g','g','g','g','g','g','g','g','g','g','g','g','g','g','g','g','g','g','g','g','g','g','g'}; 
Previous 18: main:buf:1={'_','_','_','_','_','_','_','_','_','_','_','_','_','_','_','_','_','_','_','_','_','_','_','_','_','_','_','_','_','_','_','_','_','_','_','_','_','_','_','_','_','_','_','_','_','_','_','_','_','_','_','_','_','_','_','_','_','_','_','_','_','_','_','_','_','_','_','_','_','_','_','_','_','_','_','_','_','_','_','_','_','_','_','_','_','_','_','_','_','_','_','_','_','_','_','_','_','_','_','_'}; 
Previous 19: main:buf:1={'a','b','c','d','e','f','g','h','i','j','a','b','c','d','e','f','g','h','i','j','a','b','c','d','e','f','g','h','i','j','a','b','c','d','e','f','g','h','i','j','a','b','c','d','e','f','g','h','i','j','a','b','c','d','e','f','g','h','i','j','a','b','c','d','e','f','g','h','i','j','a','b','c','d','e','f','g','h','i','j','a','b','c','d','e','f','g','h','i','j','a','b','c','d','e','f','g','h','i','j'}; 
Previous 20: main:buf:1={'a','a','a','a','a','a','a','a','a','a','a','a','a','a','a','a','a','a','a','a','a','a','a','a','a','a','a','a','a','a','a','a','a','a','a','a','a','a','a','a','a','a','a','a','a','a','a','a','a','a','b','b','b','b','b','b','b','b','b','b','b','b','b','b','b','b','b','b','b','b','b','b','b','b','b','b','b','b','c','c','c','c','c','c','c','c','c','c','c','c','c','c','c','c','c','c','c','c','c','c'}; 
Previous 21: main:buf:1={'>','0','0','0','0','0','0','0','0','0','0','0','0','0','0','0','0','0','0','0','0','0','0','0','0','0','0','0','0','0','0','0','0','0','0','0','0','0','0','0','0','0','0','0','0','0','0','0','0','0','0','0','0','0','0','0','0','0','0','0','0','0','0','0','0','0','0','0','0','0','0','0','0','0','0','0','0','0','0','0','0','0','0','0','0','0','0','0','0','0','0','0','0','0','0','0','0','0','0','0'}; 
Previous 22: main:buf:1={'a','b','c','d','e','f','g','h','i','j','k','l','m','n','o','p','q','r','s','t','u','v','w','x','y','z','A','B','C','D','E','F','G','H','I','J','K','L','M','N','O','P','Q','R','S','T','U','V','W','X','Y','Z','0','1','2','3','4','5','6','7','8','9','!','@','#','$','%','^','&','*','(','-',')','-','_','+','=','[',']','{','}','|',':',';','<','>','?','/','|','`','~','\'','%','.',',',' ','a','b','c','d'}; 
Previous 23: main:buf:1={'\'','0','\'','\'','\'','\'','\'','\'','\'','\'','\'','\'','\'','\'','\'','\'','\'','\'','\'','\'','\'','\'','\'','\'','\'','\'','\'','\'','\'','\'','\'','\'','\'','\'','\'','\'','\'','\'','\'','\'','\'','\'','\'','\'','\'','\'','\'','\'','\'','\'','\'','\'','\'','\'','\'','\'','\'','\'','\'','\'','\'','\'','\'','\'','\'','\'','\'','\'','\'','\'','\'','\'','\'','\'','\'','\'','\'','\'','\'','\'','\'','\'','\'','\'','\'','\'','\'','\'','\'','\'','\'','\'','\'','\'','\'','\'','\'','\'','\'','\''}; 
Previous 24: main:buf:1={'-','-','-','-','-','-','-','-','-','-','-','-','-','-','-','-','-','-','-','-','-','-','-','-','-','-','-','-','-','-','-','-','=','=','=','=','=','=','=','=','=','=','=','=','=','=','=','=','=','=','=','=','=','=','=','=','=','=','=','=','=','=','+','+','+','+','+','+','+','+','+','+','+','+','+','+','+','+','+','+','+','+','+','+','+','+','+','+','+','+','+','+','+','+','+','+','+','+','+','+'}; 
Previous 25: main:buf:1={'w','p','k','r','G','d','e','Z','q','n','U','O','g','H','5','X','S','m','R','t','J','T','3','c','V','1','l','f','Z','2','u','P','w','L','b','6','Q','z','Z','v','P','x','9','f','c','F','S','q','m','2','D','E','r','C','i','Y','b','k','O','z','4','3','q','a','L','P','c','j','s','g','g','b','8','h','Y','D','n','u','a','n','x','A','p','w','S','l','v','V','g','k','R','o','3','i','e','q','J','n','p','z'}; 
Previous 26: main:buf:1={'\'','`','<','h','?','j','|','k','l','p','b','H','4','-','g','K','o','l','D',';','s','7','5','p','6','w','K','c','>','p','l','?','x','!','q','j','b','w','V','-','M','x','Z','t','y','M','m','}','O','A','e',';','9','C','0','6','?','-','i','c','1','9','u','j','U','T','p','u','#','Z','i','8','A','5','9','f','Z','t','b','g','-','k','g','n','P','q','n','r','Z','Y','!','%','g','a','u','z','e','M','e','z'}; 
Previous 27: main:buf:1={'C','C','C','C','C','C','C','C','C','C','C','C','C','C','C','C','C','C','C','C','C','C','C','C','C','C','C','C','C','C','C','C','C','C','C','C','C','C','C','C','C','C','C','C','C','C','C','C','C','C','C','C','C','C','C','C','C','C','C','C','C','C','C','C','C','C','C','C','C','C','C','C','C','C','C','C','C','C','C','C','C','C','C','C','C','C','C','C','C','C','C','C','C','C','C','C','C','C','C','C'}; 
Previous 28: main:buf:1={'\'','\'','a','a','a','a','a','a','a','a','a','a','a','a','a','a','a','a','a','a','a','a','a','a','a','a','a','a','a','a','a','a','a','a','a','a','a','a','a','a','a','a','a','a','a','a','a','a','a','a','a','a','a','a','a','a','a','a','a','a','a','a','a','a','a','a','a','a','a','a','a','a','a','a','a','a','a','a','a','a','a','a','a','a','a','a','a','a','a','a','a','a','a','a','a','a','a','a','a','a'}; 
Previous 29: main:buf:1={'Z','Z','Z','Z','Z','Z','Z','Z','Z','Z','Z','Z','Z','Z','Z','Z','Z','Z','Z','Z','Z','Z','Z','Z','Z','Z','Z','Z','Z','Z','Z','Z','Z','Z','Z','Z','Z','Z','Z','Z','Z','Z','Z','Z','Z','Z','Z','Z','Z','Z','Z','Z','Z','Z','Z','Z','Z','Z','Z','Z','Z','Z','Z','Z','Z','Z','Z','Z','Z','Z','Z','Z','Z','Z','Z','Z','Z','Z','Z','Z','Z','Z','Z','Z','Z','Z','Z','Z','Z','Z','Z','Z','Z','Z','Z','Z','Z','Z','Z','Z'}; 
Previous 30: main:buf:1={'q','q','q','q','q','q','q','q','q','q','q','q','q','q','q','q','q','q','q','q','q','q','q','q','q','q','q','q','q','q','q','q','q','q','q','q','q','q','q','q','q','q','q','q','q','q','q','q','q','q','q','q','q','q','q','q','q','q','q','q','q','q','q','q','q','q','q','q','q','q','q','q','q','q','q','q','q','q','q','q','q','q','q','q','q','q','q','q','q','q','q','q','q','q','q','q','q','q','q','q'}; 
Previous 31: main:buf:1={'N','a','a','a','a','a','a','a','a','a','a','a','a','a','a','a','a','a','a','a','a','a','a','a','a','a','a','a','a','a','a','a','a','a','a','a','a','a','a','a','a','a','a','a','a','a','a','a','a','a','a','a','a','a','a','a','a','a','a','a','a','a','a','a','a','a','a','a','a','a','a','a','a','a','a','a','a','a','a','a','a','a','a','a','a','a','a','a','a','a','a','a','a','a','a','a','a','a','a','a'}; 
Previous 32: main:buf:1={'A','B','C','D','E','F','G','H','I','J','K','L','M','N','O','P','Q','R','S','T','U','V','W','X','Y','Z','a','b','c','d','e','f','g','h','i','j','k','l','m','n','o','p','q','r','s','t','u','v','w','x','y','z','0','1','2','3','4','5','6','7','8','9','!','@','#','$','%','^','&','*','(',')','-','_','=','[',']','{','}','|',':',';','<','>',',','?','/','~','`',' ','!','#','1','x','y','c','d','e','f','g'}; 

Program:
extern char __VERIFIER_nondet_char(void);
/*
Commit Number: cea58cb6d8fe0d27bfcbab57776bd36d5c724ec3
URL: https://github.com/GNOME/evolution-data-server/commit/cea58cb6d8fe0d27bfcbab57776bd36d5c724ec3
Project Name: evolution-data-server
License: GPL2
termination: false


*/
int strcspn(const char *strSrc, const char *str)
{
    const char *s;
    const char *t = strSrc;
    while (*t != '\0')
    {
        s = str;
        while (*s != '\0')
        {
            if (*t == *s )
            return t-strSrc;
            ++s;
        }
        ++t;
    }
    return 0;
}
int main()
{
    char buf[100];
    for( int i = 0 ; i < 99 ; i++ )
        buf[i] = __VERIFIER_nondet_char();
    buf[99] = '\0';
    char *p = buf;
    while( *p )
    {
        int len = strcspn( p , ""\n"");
        p += len;
    }
    return 0;

}

"
43,T,"main:buf:1={'z','z','z','z','z','z','z','z','z','z','z','z','z','z','z','z','z','z','z','z','z','z','z','z','z','z','z','z','z','z','z','z','z','z','z','z','z','z','z','z','z','z','z','z','z','z','z','z','z','z','z','z','z','z','z','z','z','z','z','z','z','z','z','z','z','z','z','z','z','z','z','z','z','z','z','z','z','z','z','z','z','z','z','z','z','z','z','z','z','z','z','z','z','z','z','z','z','z','z','z'}
",,TIMEOUT,LIKELY_NT,false,,"You generate concrete values for nondeterministic inputs in a C/C++ program.
Your goal is to produce ONE complete assignment set that is likely to make the program terminate.

Important rules:
1. Return a value for EVERY listed nondeterministic input ID.
2. Use each ID exactly once.
3. Respect the declared C/C++ type.
4. For an array, return the value as an array containing exactly the required number of elements.
5. For char arrays, each element must be exactly one character. Return the character itself without C single quotes.
6. Prefer small-magnitude values unless larger values are necessary to achieve the requested execution behavior.

Nondeterministic inputs:
- id: main:buf:1, type: char, array: true, size: 100, required elements: 100

Previously generated assignment sets are listed below. Generate a materially different set and do not duplicate any of them.
Previous 1: main:buf:1={':',':','@','A','1','$','a','B','c','D','e','F','g','H','i','J','k','L','m','N','o','P','q','R','s','T','u','V','w','X','y','Z','0','1','2','3','4','5','6','7','8','9','!','?','-','_','+','%','^','&','*','/','`','{','}','[',']','|','~',' ','a','b','c','d','e','f','g','h','i','j','k','l','m','n','o','p','q','r','s','t','u','v','w','x','y','z','A','B','C','D','E','F','G','H','I','J','K','L','M','N'}; 
Previous 2: main:buf:1={'a','a','a','a','a','a','a','a','a','a','a','a','a','a','a','a','a','a','a','a','a','a','a','a','a','a','a','a','a','a','a','a','a','a','a','a','a','a','a','a','a','a','a','a','a','a','a','a','a','a','a','a','a','a','a','a','a','a','a','a','a','a','a','a','a','a','a','a','a','a','a','a','a','a','a','a','a','a','a','a','a','a','a','a','a','a','a','a','a','a','a','a','a','a','a','a','a','a','a','a'}; 
Previous 3: main:buf:1={'0','a','a','a','a','a','a','a','a','a','a','a','a','a','a','a','a','a','a','a','a','a','a','a','a','a','a','a','a','a','a','a','a','a','a','a','a','a','a','a','a','a','a','a','a','a','a','a','a','a','a','a','a','a','a','a','a','a','a','a','a','a','a','a','a','a','a','a','a','a','a','a','a','a','a','a','a','a','a','a','a','a','a','a','a','a','a','a','a','a','a','a','a','a','a','a','a','a','a','a'}; 
Previous 4: main:buf:1={'{','0',',','a','a','a','a','a','a','a','a','a','a','a','a','a','a','a','a','a','a','a','a','a','a','a','a','a','a','a','a','a','a','a','a','a','a','a','a','a','a','a','a','a','a','a','a','a','a','a','a','a','a','a','a','a','a','a','a','a','a','a','a','a','a','a','a','a','a','a','a','a','a','a','a','a','a','a','a','a','a','a','a','a','a','a','a','a','a','a','a','a','a','a','a','a','a','a','a','a'}; 
Previous 5: main:buf:1={'A','A','A','A','A','A','A','A','A','A','A','A','A','A','A','A','A','A','A','A','A','A','A','A','A','A','A','A','A','A','A','A','A','A','A','A','A','A','A','A','A','A','A','A','A','A','A','A','A','A','B','B','B','B','B','B','B','B','B','B','B','B','B','B','B','B','B','B','B','B','B','B','B','B','B','B','B','B','B','B','B','B','B','B','B','B','B','B','B','B','B','B','B','B','B','B','B','B','C','D'}; 
Previous 6: main:buf:1={'b','b','b','b','b','b','b','b','b','b','b','b','b','b','b','b','b','b','b','b','b','b','b','b','b','b','b','b','b','b','b','b','b','b','b','b','b','b','b','b','b','b','b','b','b','b','b','b','b','b','b','b','b','b','b','b','b','b','b','b','b','b','b','b','b','b','b','b','b','b','b','b','b','b','b','b','b','b','b','b','b','b','b','b','b','b','b','b','b','b','b','b','b','b','b','b','b','b','b','b'}; 
Previous 7: main:buf:1={'a','a','a','a','a','a','a','a','a','a','a','a','a','a','a','a','a','a','a','a','a','a','a','a','a','a','a','a','a','a','a','a','a','a','a','a','a','a','a','a','a','a','a','a','a','a','a','a','a','a','a','a','a','a','a','a','a','a','a','a','a','a','a','a','a','a','a','a','a','a','a','a','a','a','a','a','a','a','a','a','a','a','a','a','a','a','a','a','a','a','a','a','a','a','a','a','a','a','b','b'}; 
Previous 8: main:buf:1={'\'','\'','\'','\'','\'','\'','\'','\'','\'','\'','\'','\'','\'','\'','\'','\'','\'','\'','\'','\'','\'','\'','\'','\'','\'','\'','\'','\'','\'','\'','\'','\'','\'','\'','\'','\'','\'','\'','\'','\'','\'','\'','\'','\'','\'','\'','\'','\'','\'','\'','\'','\'','\'','\'','\'','\'','\'','\'','\'','\'','\'','\'','\'','\'','\'','\'','\'','\'','\'','\'','\'','\'','\'','\'','\'','\'','\'','\'','\'','\'','\'','\'','\'','\'','\'','\'','\'','\'','\'','\'','\'','\'','\'','\'','\'','\'','\'','\'','\'','\''}; 
Previous 9: main:buf:1={'A','A','A','A','A','A','A','A','A','A','A','A','A','A','A','A','A','A','A','A','A','A','A','A','A','A','A','A','A','A','A','A','A','A','A','A','A','A','A','A','A','A','A','A','A','A','A','A','A','A','A','A','A','A','A','A','A','A','A','A','A','A','A','A','A','A','A','A','A','A','A','A','A','A','A','A','A','A','A','A','A','A','A','A','A','A','A','A','A','A','A','A','A','A','A','A','A','A','A','A'}; 
Previous 10: main:buf:1={'a','a','a','a','a','a','a','a','a','a','a','a','a','a','a','a','a','a','a','a','a','a','a','a','a','a','a','a','a','a','a','a','a','a','a','a','a','a','a','a','a','a','a','a','a','a','a','a','a','a','a','a','a','a','a','a','a','a','a','a','a','a','a','a','a','a','a','a','a','a','a','a','a','a','a','a','a','a','a','a','a','a','a','a','a','a','a','a','a','a','a','a','a','a','a','a','a','a','a','0'}; 
Previous 11: main:buf:1={'/','*','!','@','#','$','%','^','&','*','-','+','=','_','|','{','}',':',';','?','/','[',']',';','\'','`','~','1','2','3','4','5','6','7','8','9','0','a','b','c','d','e','f','g','h','i','j','k','l','m','n','o','p','q','r','s','t','u','v','w','x','y','z','A','B','C','D','E','F','G','H','I','J','K','L','M','N','O','P','Q','R','S','T','U','V','W','X','Y','Z','!','?','!','?','!','?','!','?','!','?','!'}; 
Previous 12: main:buf:1={'c','c','c','c','c','c','c','c','c','c','c','c','c','c','c','c','c','c','c','c','c','c','c','c','c','c','c','c','c','c','c','c','c','c','c','c','c','c','c','c','c','c','c','c','c','c','c','c','c','c','c','c','c','c','c','c','c','c','c','c','c','c','c','c','c','c','c','c','c','c','c','c','c','c','c','c','c','c','c','c','c','c','c','c','c','c','c','c','c','c','c','c','c','c','c','c','c','c','c','d'}; 
Previous 13: main:buf:1={'0','0','0','0','0','0','0','0','0','0','0','0','0','0','0','0','0','0','0','0','0','0','0','0','0','0','0','0','0','0','0','0','0','0','0','0','0','0','0','0','0','0','0','0','0','0','0','0','0','0','0','0','0','0','0','0','0','0','0','0','0','0','0','0','0','0','0','0','0','0','0','0','0','0','0','0','0','0','0','0','0','0','0','0','0','0','0','0','0','0','0','0','0','0','0','0','0','0','0','0'}; 
Previous 14: main:buf:1={'x','y','x','y','x','y','x','y','x','y','x','y','x','y','x','y','x','y','x','y','x','y','x','y','x','y','x','y','x','y','x','y','x','y','x','y','x','y','x','y','x','y','x','y','x','y','x','y','x','y','x','y','x','y','x','y','x','y','x','y','x','y','x','y','x','y','x','y','x','y','x','y','x','y','x','y','x','y','x','y','x','y','x','y','x','y','x','y','x','y','x','y','x','y','x','y','x','y','x','y'}; 
Previous 15: main:buf:1={'0','1','2','3','4','5','6','7','8','9','A','B','C','D','E','F','G','H','I','J','K','L','M','N','O','P','Q','R','S','T','U','V','W','X','Y','Z','a','b','c','d','e','f','g','h','i','j','k','l','m','n','o','p','q','r','s','t','u','v','w','x','y','z','!','@','#','$','%','^','&','*','(',')','-','_','=','+','[',']','{','}','|','/','?',' ','~','`',' ',' ','!','@','#','$','%','^','&','*','(',')','-','['}; 
Previous 16: main:buf:1={'\'','0','\'','\'','a','\'','a','\'','a','\'','a','\'','a','\'','a','\'','a','\'','a','\'','a','\'','a','\'','a','\'','a','\'','a','\'','a','\'','a','\'','a','\'','a','\'','a','\'','a','\'','a','\'','a','\'','a','\'','a','\'','a','\'','a','\'','a','\'','a','\'','a','\'','a','\'','a','\'','a','\'','a','\'','a','\'','a','\'','a','\'','a','\'','a','\'','a','\'','a','\'','a','\'','a','\'','a','\'','a','\'','a','\'','a','\'','a','\'','a','\'','a','\''}; 
Previous 17: main:buf:1={'g','g','g','g','g','g','g','g','g','g','g','g','g','g','g','g','g','g','g','g','g','g','g','g','g','g','g','g','g','g','g','g','g','g','g','g','g','g','g','g','g','g','g','g','g','g','g','g','g','g','g','g','g','g','g','g','g','g','g','g','g','g','g','g','g','g','g','g','g','g','g','g','g','g','g','g','g','g','g','g','g','g','g','g','g','g','g','g','g','g','g','g','g','g','g','g','g','g','g','g'}; 
Previous 18: main:buf:1={'_','_','_','_','_','_','_','_','_','_','_','_','_','_','_','_','_','_','_','_','_','_','_','_','_','_','_','_','_','_','_','_','_','_','_','_','_','_','_','_','_','_','_','_','_','_','_','_','_','_','_','_','_','_','_','_','_','_','_','_','_','_','_','_','_','_','_','_','_','_','_','_','_','_','_','_','_','_','_','_','_','_','_','_','_','_','_','_','_','_','_','_','_','_','_','_','_','_','_','_'}; 
Previous 19: main:buf:1={'a','b','c','d','e','f','g','h','i','j','a','b','c','d','e','f','g','h','i','j','a','b','c','d','e','f','g','h','i','j','a','b','c','d','e','f','g','h','i','j','a','b','c','d','e','f','g','h','i','j','a','b','c','d','e','f','g','h','i','j','a','b','c','d','e','f','g','h','i','j','a','b','c','d','e','f','g','h','i','j','a','b','c','d','e','f','g','h','i','j','a','b','c','d','e','f','g','h','i','j'}; 
Previous 20: main:buf:1={'a','a','a','a','a','a','a','a','a','a','a','a','a','a','a','a','a','a','a','a','a','a','a','a','a','a','a','a','a','a','a','a','a','a','a','a','a','a','a','a','a','a','a','a','a','a','a','a','a','a','b','b','b','b','b','b','b','b','b','b','b','b','b','b','b','b','b','b','b','b','b','b','b','b','b','b','b','b','c','c','c','c','c','c','c','c','c','c','c','c','c','c','c','c','c','c','c','c','c','c'}; 
Previous 21: main:buf:1={'>','0','0','0','0','0','0','0','0','0','0','0','0','0','0','0','0','0','0','0','0','0','0','0','0','0','0','0','0','0','0','0','0','0','0','0','0','0','0','0','0','0','0','0','0','0','0','0','0','0','0','0','0','0','0','0','0','0','0','0','0','0','0','0','0','0','0','0','0','0','0','0','0','0','0','0','0','0','0','0','0','0','0','0','0','0','0','0','0','0','0','0','0','0','0','0','0','0','0','0'}; 
Previous 22: main:buf:1={'a','b','c','d','e','f','g','h','i','j','k','l','m','n','o','p','q','r','s','t','u','v','w','x','y','z','A','B','C','D','E','F','G','H','I','J','K','L','M','N','O','P','Q','R','S','T','U','V','W','X','Y','Z','0','1','2','3','4','5','6','7','8','9','!','@','#','$','%','^','&','*','(','-',')','-','_','+','=','[',']','{','}','|',':',';','<','>','?','/','|','`','~','\'','%','.',',',' ','a','b','c','d'}; 
Previous 23: main:buf:1={'\'','0','\'','\'','\'','\'','\'','\'','\'','\'','\'','\'','\'','\'','\'','\'','\'','\'','\'','\'','\'','\'','\'','\'','\'','\'','\'','\'','\'','\'','\'','\'','\'','\'','\'','\'','\'','\'','\'','\'','\'','\'','\'','\'','\'','\'','\'','\'','\'','\'','\'','\'','\'','\'','\'','\'','\'','\'','\'','\'','\'','\'','\'','\'','\'','\'','\'','\'','\'','\'','\'','\'','\'','\'','\'','\'','\'','\'','\'','\'','\'','\'','\'','\'','\'','\'','\'','\'','\'','\'','\'','\'','\'','\'','\'','\'','\'','\'','\'','\''}; 
Previous 24: main:buf:1={'-','-','-','-','-','-','-','-','-','-','-','-','-','-','-','-','-','-','-','-','-','-','-','-','-','-','-','-','-','-','-','-','=','=','=','=','=','=','=','=','=','=','=','=','=','=','=','=','=','=','=','=','=','=','=','=','=','=','=','=','=','=','+','+','+','+','+','+','+','+','+','+','+','+','+','+','+','+','+','+','+','+','+','+','+','+','+','+','+','+','+','+','+','+','+','+','+','+','+','+'}; 
Previous 25: main:buf:1={'w','p','k','r','G','d','e','Z','q','n','U','O','g','H','5','X','S','m','R','t','J','T','3','c','V','1','l','f','Z','2','u','P','w','L','b','6','Q','z','Z','v','P','x','9','f','c','F','S','q','m','2','D','E','r','C','i','Y','b','k','O','z','4','3','q','a','L','P','c','j','s','g','g','b','8','h','Y','D','n','u','a','n','x','A','p','w','S','l','v','V','g','k','R','o','3','i','e','q','J','n','p','z'}; 
Previous 26: main:buf:1={'\'','`','<','h','?','j','|','k','l','p','b','H','4','-','g','K','o','l','D',';','s','7','5','p','6','w','K','c','>','p','l','?','x','!','q','j','b','w','V','-','M','x','Z','t','y','M','m','}','O','A','e',';','9','C','0','6','?','-','i','c','1','9','u','j','U','T','p','u','#','Z','i','8','A','5','9','f','Z','t','b','g','-','k','g','n','P','q','n','r','Z','Y','!','%','g','a','u','z','e','M','e','z'}; 
Previous 27: main:buf:1={'C','C','C','C','C','C','C','C','C','C','C','C','C','C','C','C','C','C','C','C','C','C','C','C','C','C','C','C','C','C','C','C','C','C','C','C','C','C','C','C','C','C','C','C','C','C','C','C','C','C','C','C','C','C','C','C','C','C','C','C','C','C','C','C','C','C','C','C','C','C','C','C','C','C','C','C','C','C','C','C','C','C','C','C','C','C','C','C','C','C','C','C','C','C','C','C','C','C','C','C'}; 
Previous 28: main:buf:1={'\'','\'','a','a','a','a','a','a','a','a','a','a','a','a','a','a','a','a','a','a','a','a','a','a','a','a','a','a','a','a','a','a','a','a','a','a','a','a','a','a','a','a','a','a','a','a','a','a','a','a','a','a','a','a','a','a','a','a','a','a','a','a','a','a','a','a','a','a','a','a','a','a','a','a','a','a','a','a','a','a','a','a','a','a','a','a','a','a','a','a','a','a','a','a','a','a','a','a','a','a'}; 
Previous 29: main:buf:1={'Z','Z','Z','Z','Z','Z','Z','Z','Z','Z','Z','Z','Z','Z','Z','Z','Z','Z','Z','Z','Z','Z','Z','Z','Z','Z','Z','Z','Z','Z','Z','Z','Z','Z','Z','Z','Z','Z','Z','Z','Z','Z','Z','Z','Z','Z','Z','Z','Z','Z','Z','Z','Z','Z','Z','Z','Z','Z','Z','Z','Z','Z','Z','Z','Z','Z','Z','Z','Z','Z','Z','Z','Z','Z','Z','Z','Z','Z','Z','Z','Z','Z','Z','Z','Z','Z','Z','Z','Z','Z','Z','Z','Z','Z','Z','Z','Z','Z','Z','Z'}; 
Previous 30: main:buf:1={'q','q','q','q','q','q','q','q','q','q','q','q','q','q','q','q','q','q','q','q','q','q','q','q','q','q','q','q','q','q','q','q','q','q','q','q','q','q','q','q','q','q','q','q','q','q','q','q','q','q','q','q','q','q','q','q','q','q','q','q','q','q','q','q','q','q','q','q','q','q','q','q','q','q','q','q','q','q','q','q','q','q','q','q','q','q','q','q','q','q','q','q','q','q','q','q','q','q','q','q'}; 
Previous 31: main:buf:1={'N','a','a','a','a','a','a','a','a','a','a','a','a','a','a','a','a','a','a','a','a','a','a','a','a','a','a','a','a','a','a','a','a','a','a','a','a','a','a','a','a','a','a','a','a','a','a','a','a','a','a','a','a','a','a','a','a','a','a','a','a','a','a','a','a','a','a','a','a','a','a','a','a','a','a','a','a','a','a','a','a','a','a','a','a','a','a','a','a','a','a','a','a','a','a','a','a','a','a','a'}; 
Previous 32: main:buf:1={'A','B','C','D','E','F','G','H','I','J','K','L','M','N','O','P','Q','R','S','T','U','V','W','X','Y','Z','a','b','c','d','e','f','g','h','i','j','k','l','m','n','o','p','q','r','s','t','u','v','w','x','y','z','0','1','2','3','4','5','6','7','8','9','!','@','#','$','%','^','&','*','(',')','-','_','=','[',']','{','}','|',':',';','<','>',',','?','/','~','`',' ','!','#','1','x','y','c','d','e','f','g'}; 
Previous 33: main:buf:1={'m','n','m','n','m','n','m','n','m','n','m','n','m','n','m','n','m','n','m','n','m','n','m','n','m','n','m','n','m','n','m','n','m','n','m','n','m','n','m','n','m','n','m','n','m','n','m','n','m','n','m','n','m','n','m','n','m','n','m','n','m','n','m','n','m','n','m','n','m','n','m','n','m','n','m','n','m','n','m','n','m','n','m','n','m','n','m','n','m','n','m','n','m','n','m','n','m','n','m','n'}; 

Program:
extern char __VERIFIER_nondet_char(void);
/*
Commit Number: cea58cb6d8fe0d27bfcbab57776bd36d5c724ec3
URL: https://github.com/GNOME/evolution-data-server/commit/cea58cb6d8fe0d27bfcbab57776bd36d5c724ec3
Project Name: evolution-data-server
License: GPL2
termination: false


*/
int strcspn(const char *strSrc, const char *str)
{
    const char *s;
    const char *t = strSrc;
    while (*t != '\0')
    {
        s = str;
        while (*s != '\0')
        {
            if (*t == *s )
            return t-strSrc;
            ++s;
        }
        ++t;
    }
    return 0;
}
int main()
{
    char buf[100];
    for( int i = 0 ; i < 99 ; i++ )
        buf[i] = __VERIFIER_nondet_char();
    buf[99] = '\0';
    char *p = buf;
    while( *p )
    {
        int len = strcspn( p , ""\n"");
        p += len;
    }
    return 0;

}

"
44,T,"main:buf:1={'\'','\'','\'','\'','\'','\'','\'','\'','\'','\'','\'','\'','\'','\'','\'','\'','\'','\'','\'','\'','\'','\'','\'','\'','\'','\'','\'','\'','\'','\'','\'','\'','\'','\'','\'','\'','\'','\'','\'','\'','\'','\'','\'','\'','\'','\'','\'','\'','\'','\'','\'','\'','\'','\'','\'','\'','\'','\'','\'','\'','\'','\'','\'','\'','\'','\'','\'','\'','\'','\'','\'','\'','\'','\'','\'','\'','\'','\'','\'','\'','\'','\'','\'','\'','\'','\'','\'','\'','\'','\'','\'','\'','\'','\'','\'','\'','\'','\'','\'','\''}
",,DUPLICATE,,false,,"You generate concrete values for nondeterministic inputs in a C/C++ program.
Your goal is to produce ONE complete assignment set that is likely to make the program terminate.

Important rules:
1. Return a value for EVERY listed nondeterministic input ID.
2. Use each ID exactly once.
3. Respect the declared C/C++ type.
4. For an array, return the value as an array containing exactly the required number of elements.
5. For char arrays, each element must be exactly one character. Return the character itself without C single quotes.
6. Prefer small-magnitude values unless larger values are necessary to achieve the requested execution behavior.

Nondeterministic inputs:
- id: main:buf:1, type: char, array: true, size: 100, required elements: 100

Previously generated assignment sets are listed below. Generate a materially different set and do not duplicate any of them.
Previous 1: main:buf:1={':',':','@','A','1','$','a','B','c','D','e','F','g','H','i','J','k','L','m','N','o','P','q','R','s','T','u','V','w','X','y','Z','0','1','2','3','4','5','6','7','8','9','!','?','-','_','+','%','^','&','*','/','`','{','}','[',']','|','~',' ','a','b','c','d','e','f','g','h','i','j','k','l','m','n','o','p','q','r','s','t','u','v','w','x','y','z','A','B','C','D','E','F','G','H','I','J','K','L','M','N'}; 
Previous 2: main:buf:1={'a','a','a','a','a','a','a','a','a','a','a','a','a','a','a','a','a','a','a','a','a','a','a','a','a','a','a','a','a','a','a','a','a','a','a','a','a','a','a','a','a','a','a','a','a','a','a','a','a','a','a','a','a','a','a','a','a','a','a','a','a','a','a','a','a','a','a','a','a','a','a','a','a','a','a','a','a','a','a','a','a','a','a','a','a','a','a','a','a','a','a','a','a','a','a','a','a','a','a','a'}; 
Previous 3: main:buf:1={'0','a','a','a','a','a','a','a','a','a','a','a','a','a','a','a','a','a','a','a','a','a','a','a','a','a','a','a','a','a','a','a','a','a','a','a','a','a','a','a','a','a','a','a','a','a','a','a','a','a','a','a','a','a','a','a','a','a','a','a','a','a','a','a','a','a','a','a','a','a','a','a','a','a','a','a','a','a','a','a','a','a','a','a','a','a','a','a','a','a','a','a','a','a','a','a','a','a','a','a'}; 
Previous 4: main:buf:1={'{','0',',','a','a','a','a','a','a','a','a','a','a','a','a','a','a','a','a','a','a','a','a','a','a','a','a','a','a','a','a','a','a','a','a','a','a','a','a','a','a','a','a','a','a','a','a','a','a','a','a','a','a','a','a','a','a','a','a','a','a','a','a','a','a','a','a','a','a','a','a','a','a','a','a','a','a','a','a','a','a','a','a','a','a','a','a','a','a','a','a','a','a','a','a','a','a','a','a','a'}; 
Previous 5: main:buf:1={'A','A','A','A','A','A','A','A','A','A','A','A','A','A','A','A','A','A','A','A','A','A','A','A','A','A','A','A','A','A','A','A','A','A','A','A','A','A','A','A','A','A','A','A','A','A','A','A','A','A','B','B','B','B','B','B','B','B','B','B','B','B','B','B','B','B','B','B','B','B','B','B','B','B','B','B','B','B','B','B','B','B','B','B','B','B','B','B','B','B','B','B','B','B','B','B','B','B','C','D'}; 
Previous 6: main:buf:1={'b','b','b','b','b','b','b','b','b','b','b','b','b','b','b','b','b','b','b','b','b','b','b','b','b','b','b','b','b','b','b','b','b','b','b','b','b','b','b','b','b','b','b','b','b','b','b','b','b','b','b','b','b','b','b','b','b','b','b','b','b','b','b','b','b','b','b','b','b','b','b','b','b','b','b','b','b','b','b','b','b','b','b','b','b','b','b','b','b','b','b','b','b','b','b','b','b','b','b','b'}; 
Previous 7: main:buf:1={'a','a','a','a','a','a','a','a','a','a','a','a','a','a','a','a','a','a','a','a','a','a','a','a','a','a','a','a','a','a','a','a','a','a','a','a','a','a','a','a','a','a','a','a','a','a','a','a','a','a','a','a','a','a','a','a','a','a','a','a','a','a','a','a','a','a','a','a','a','a','a','a','a','a','a','a','a','a','a','a','a','a','a','a','a','a','a','a','a','a','a','a','a','a','a','a','a','a','b','b'}; 
Previous 8: main:buf:1={'\'','\'','\'','\'','\'','\'','\'','\'','\'','\'','\'','\'','\'','\'','\'','\'','\'','\'','\'','\'','\'','\'','\'','\'','\'','\'','\'','\'','\'','\'','\'','\'','\'','\'','\'','\'','\'','\'','\'','\'','\'','\'','\'','\'','\'','\'','\'','\'','\'','\'','\'','\'','\'','\'','\'','\'','\'','\'','\'','\'','\'','\'','\'','\'','\'','\'','\'','\'','\'','\'','\'','\'','\'','\'','\'','\'','\'','\'','\'','\'','\'','\'','\'','\'','\'','\'','\'','\'','\'','\'','\'','\'','\'','\'','\'','\'','\'','\'','\'','\''}; 
Previous 9: main:buf:1={'A','A','A','A','A','A','A','A','A','A','A','A','A','A','A','A','A','A','A','A','A','A','A','A','A','A','A','A','A','A','A','A','A','A','A','A','A','A','A','A','A','A','A','A','A','A','A','A','A','A','A','A','A','A','A','A','A','A','A','A','A','A','A','A','A','A','A','A','A','A','A','A','A','A','A','A','A','A','A','A','A','A','A','A','A','A','A','A','A','A','A','A','A','A','A','A','A','A','A','A'}; 
Previous 10: main:buf:1={'a','a','a','a','a','a','a','a','a','a','a','a','a','a','a','a','a','a','a','a','a','a','a','a','a','a','a','a','a','a','a','a','a','a','a','a','a','a','a','a','a','a','a','a','a','a','a','a','a','a','a','a','a','a','a','a','a','a','a','a','a','a','a','a','a','a','a','a','a','a','a','a','a','a','a','a','a','a','a','a','a','a','a','a','a','a','a','a','a','a','a','a','a','a','a','a','a','a','a','0'}; 
Previous 11: main:buf:1={'/','*','!','@','#','$','%','^','&','*','-','+','=','_','|','{','}',':',';','?','/','[',']',';','\'','`','~','1','2','3','4','5','6','7','8','9','0','a','b','c','d','e','f','g','h','i','j','k','l','m','n','o','p','q','r','s','t','u','v','w','x','y','z','A','B','C','D','E','F','G','H','I','J','K','L','M','N','O','P','Q','R','S','T','U','V','W','X','Y','Z','!','?','!','?','!','?','!','?','!','?','!'}; 
Previous 12: main:buf:1={'c','c','c','c','c','c','c','c','c','c','c','c','c','c','c','c','c','c','c','c','c','c','c','c','c','c','c','c','c','c','c','c','c','c','c','c','c','c','c','c','c','c','c','c','c','c','c','c','c','c','c','c','c','c','c','c','c','c','c','c','c','c','c','c','c','c','c','c','c','c','c','c','c','c','c','c','c','c','c','c','c','c','c','c','c','c','c','c','c','c','c','c','c','c','c','c','c','c','c','d'}; 
Previous 13: main:buf:1={'0','0','0','0','0','0','0','0','0','0','0','0','0','0','0','0','0','0','0','0','0','0','0','0','0','0','0','0','0','0','0','0','0','0','0','0','0','0','0','0','0','0','0','0','0','0','0','0','0','0','0','0','0','0','0','0','0','0','0','0','0','0','0','0','0','0','0','0','0','0','0','0','0','0','0','0','0','0','0','0','0','0','0','0','0','0','0','0','0','0','0','0','0','0','0','0','0','0','0','0'}; 
Previous 14: main:buf:1={'x','y','x','y','x','y','x','y','x','y','x','y','x','y','x','y','x','y','x','y','x','y','x','y','x','y','x','y','x','y','x','y','x','y','x','y','x','y','x','y','x','y','x','y','x','y','x','y','x','y','x','y','x','y','x','y','x','y','x','y','x','y','x','y','x','y','x','y','x','y','x','y','x','y','x','y','x','y','x','y','x','y','x','y','x','y','x','y','x','y','x','y','x','y','x','y','x','y','x','y'}; 
Previous 15: main:buf:1={'0','1','2','3','4','5','6','7','8','9','A','B','C','D','E','F','G','H','I','J','K','L','M','N','O','P','Q','R','S','T','U','V','W','X','Y','Z','a','b','c','d','e','f','g','h','i','j','k','l','m','n','o','p','q','r','s','t','u','v','w','x','y','z','!','@','#','$','%','^','&','*','(',')','-','_','=','+','[',']','{','}','|','/','?',' ','~','`',' ',' ','!','@','#','$','%','^','&','*','(',')','-','['}; 
Previous 16: main:buf:1={'\'','0','\'','\'','a','\'','a','\'','a','\'','a','\'','a','\'','a','\'','a','\'','a','\'','a','\'','a','\'','a','\'','a','\'','a','\'','a','\'','a','\'','a','\'','a','\'','a','\'','a','\'','a','\'','a','\'','a','\'','a','\'','a','\'','a','\'','a','\'','a','\'','a','\'','a','\'','a','\'','a','\'','a','\'','a','\'','a','\'','a','\'','a','\'','a','\'','a','\'','a','\'','a','\'','a','\'','a','\'','a','\'','a','\'','a','\'','a','\'','a','\'','a','\''}; 
Previous 17: main:buf:1={'g','g','g','g','g','g','g','g','g','g','g','g','g','g','g','g','g','g','g','g','g','g','g','g','g','g','g','g','g','g','g','g','g','g','g','g','g','g','g','g','g','g','g','g','g','g','g','g','g','g','g','g','g','g','g','g','g','g','g','g','g','g','g','g','g','g','g','g','g','g','g','g','g','g','g','g','g','g','g','g','g','g','g','g','g','g','g','g','g','g','g','g','g','g','g','g','g','g','g','g'}; 
Previous 18: main:buf:1={'_','_','_','_','_','_','_','_','_','_','_','_','_','_','_','_','_','_','_','_','_','_','_','_','_','_','_','_','_','_','_','_','_','_','_','_','_','_','_','_','_','_','_','_','_','_','_','_','_','_','_','_','_','_','_','_','_','_','_','_','_','_','_','_','_','_','_','_','_','_','_','_','_','_','_','_','_','_','_','_','_','_','_','_','_','_','_','_','_','_','_','_','_','_','_','_','_','_','_','_'}; 
Previous 19: main:buf:1={'a','b','c','d','e','f','g','h','i','j','a','b','c','d','e','f','g','h','i','j','a','b','c','d','e','f','g','h','i','j','a','b','c','d','e','f','g','h','i','j','a','b','c','d','e','f','g','h','i','j','a','b','c','d','e','f','g','h','i','j','a','b','c','d','e','f','g','h','i','j','a','b','c','d','e','f','g','h','i','j','a','b','c','d','e','f','g','h','i','j','a','b','c','d','e','f','g','h','i','j'}; 
Previous 20: main:buf:1={'a','a','a','a','a','a','a','a','a','a','a','a','a','a','a','a','a','a','a','a','a','a','a','a','a','a','a','a','a','a','a','a','a','a','a','a','a','a','a','a','a','a','a','a','a','a','a','a','a','a','b','b','b','b','b','b','b','b','b','b','b','b','b','b','b','b','b','b','b','b','b','b','b','b','b','b','b','b','c','c','c','c','c','c','c','c','c','c','c','c','c','c','c','c','c','c','c','c','c','c'}; 
Previous 21: main:buf:1={'>','0','0','0','0','0','0','0','0','0','0','0','0','0','0','0','0','0','0','0','0','0','0','0','0','0','0','0','0','0','0','0','0','0','0','0','0','0','0','0','0','0','0','0','0','0','0','0','0','0','0','0','0','0','0','0','0','0','0','0','0','0','0','0','0','0','0','0','0','0','0','0','0','0','0','0','0','0','0','0','0','0','0','0','0','0','0','0','0','0','0','0','0','0','0','0','0','0','0','0'}; 
Previous 22: main:buf:1={'a','b','c','d','e','f','g','h','i','j','k','l','m','n','o','p','q','r','s','t','u','v','w','x','y','z','A','B','C','D','E','F','G','H','I','J','K','L','M','N','O','P','Q','R','S','T','U','V','W','X','Y','Z','0','1','2','3','4','5','6','7','8','9','!','@','#','$','%','^','&','*','(','-',')','-','_','+','=','[',']','{','}','|',':',';','<','>','?','/','|','`','~','\'','%','.',',',' ','a','b','c','d'}; 
Previous 23: main:buf:1={'\'','0','\'','\'','\'','\'','\'','\'','\'','\'','\'','\'','\'','\'','\'','\'','\'','\'','\'','\'','\'','\'','\'','\'','\'','\'','\'','\'','\'','\'','\'','\'','\'','\'','\'','\'','\'','\'','\'','\'','\'','\'','\'','\'','\'','\'','\'','\'','\'','\'','\'','\'','\'','\'','\'','\'','\'','\'','\'','\'','\'','\'','\'','\'','\'','\'','\'','\'','\'','\'','\'','\'','\'','\'','\'','\'','\'','\'','\'','\'','\'','\'','\'','\'','\'','\'','\'','\'','\'','\'','\'','\'','\'','\'','\'','\'','\'','\'','\'','\''}; 
Previous 24: main:buf:1={'-','-','-','-','-','-','-','-','-','-','-','-','-','-','-','-','-','-','-','-','-','-','-','-','-','-','-','-','-','-','-','-','=','=','=','=','=','=','=','=','=','=','=','=','=','=','=','=','=','=','=','=','=','=','=','=','=','=','=','=','=','=','+','+','+','+','+','+','+','+','+','+','+','+','+','+','+','+','+','+','+','+','+','+','+','+','+','+','+','+','+','+','+','+','+','+','+','+','+','+'}; 
Previous 25: main:buf:1={'w','p','k','r','G','d','e','Z','q','n','U','O','g','H','5','X','S','m','R','t','J','T','3','c','V','1','l','f','Z','2','u','P','w','L','b','6','Q','z','Z','v','P','x','9','f','c','F','S','q','m','2','D','E','r','C','i','Y','b','k','O','z','4','3','q','a','L','P','c','j','s','g','g','b','8','h','Y','D','n','u','a','n','x','A','p','w','S','l','v','V','g','k','R','o','3','i','e','q','J','n','p','z'}; 
Previous 26: main:buf:1={'\'','`','<','h','?','j','|','k','l','p','b','H','4','-','g','K','o','l','D',';','s','7','5','p','6','w','K','c','>','p','l','?','x','!','q','j','b','w','V','-','M','x','Z','t','y','M','m','}','O','A','e',';','9','C','0','6','?','-','i','c','1','9','u','j','U','T','p','u','#','Z','i','8','A','5','9','f','Z','t','b','g','-','k','g','n','P','q','n','r','Z','Y','!','%','g','a','u','z','e','M','e','z'}; 
Previous 27: main:buf:1={'C','C','C','C','C','C','C','C','C','C','C','C','C','C','C','C','C','C','C','C','C','C','C','C','C','C','C','C','C','C','C','C','C','C','C','C','C','C','C','C','C','C','C','C','C','C','C','C','C','C','C','C','C','C','C','C','C','C','C','C','C','C','C','C','C','C','C','C','C','C','C','C','C','C','C','C','C','C','C','C','C','C','C','C','C','C','C','C','C','C','C','C','C','C','C','C','C','C','C','C'}; 
Previous 28: main:buf:1={'\'','\'','a','a','a','a','a','a','a','a','a','a','a','a','a','a','a','a','a','a','a','a','a','a','a','a','a','a','a','a','a','a','a','a','a','a','a','a','a','a','a','a','a','a','a','a','a','a','a','a','a','a','a','a','a','a','a','a','a','a','a','a','a','a','a','a','a','a','a','a','a','a','a','a','a','a','a','a','a','a','a','a','a','a','a','a','a','a','a','a','a','a','a','a','a','a','a','a','a','a'}; 
Previous 29: main:buf:1={'Z','Z','Z','Z','Z','Z','Z','Z','Z','Z','Z','Z','Z','Z','Z','Z','Z','Z','Z','Z','Z','Z','Z','Z','Z','Z','Z','Z','Z','Z','Z','Z','Z','Z','Z','Z','Z','Z','Z','Z','Z','Z','Z','Z','Z','Z','Z','Z','Z','Z','Z','Z','Z','Z','Z','Z','Z','Z','Z','Z','Z','Z','Z','Z','Z','Z','Z','Z','Z','Z','Z','Z','Z','Z','Z','Z','Z','Z','Z','Z','Z','Z','Z','Z','Z','Z','Z','Z','Z','Z','Z','Z','Z','Z','Z','Z','Z','Z','Z','Z'}; 
Previous 30: main:buf:1={'q','q','q','q','q','q','q','q','q','q','q','q','q','q','q','q','q','q','q','q','q','q','q','q','q','q','q','q','q','q','q','q','q','q','q','q','q','q','q','q','q','q','q','q','q','q','q','q','q','q','q','q','q','q','q','q','q','q','q','q','q','q','q','q','q','q','q','q','q','q','q','q','q','q','q','q','q','q','q','q','q','q','q','q','q','q','q','q','q','q','q','q','q','q','q','q','q','q','q','q'}; 
Previous 31: main:buf:1={'N','a','a','a','a','a','a','a','a','a','a','a','a','a','a','a','a','a','a','a','a','a','a','a','a','a','a','a','a','a','a','a','a','a','a','a','a','a','a','a','a','a','a','a','a','a','a','a','a','a','a','a','a','a','a','a','a','a','a','a','a','a','a','a','a','a','a','a','a','a','a','a','a','a','a','a','a','a','a','a','a','a','a','a','a','a','a','a','a','a','a','a','a','a','a','a','a','a','a','a'}; 
Previous 32: main:buf:1={'A','B','C','D','E','F','G','H','I','J','K','L','M','N','O','P','Q','R','S','T','U','V','W','X','Y','Z','a','b','c','d','e','f','g','h','i','j','k','l','m','n','o','p','q','r','s','t','u','v','w','x','y','z','0','1','2','3','4','5','6','7','8','9','!','@','#','$','%','^','&','*','(',')','-','_','=','[',']','{','}','|',':',';','<','>',',','?','/','~','`',' ','!','#','1','x','y','c','d','e','f','g'}; 
Previous 33: main:buf:1={'m','n','m','n','m','n','m','n','m','n','m','n','m','n','m','n','m','n','m','n','m','n','m','n','m','n','m','n','m','n','m','n','m','n','m','n','m','n','m','n','m','n','m','n','m','n','m','n','m','n','m','n','m','n','m','n','m','n','m','n','m','n','m','n','m','n','m','n','m','n','m','n','m','n','m','n','m','n','m','n','m','n','m','n','m','n','m','n','m','n','m','n','m','n','m','n','m','n','m','n'}; 
Previous 34: main:buf:1={'z','z','z','z','z','z','z','z','z','z','z','z','z','z','z','z','z','z','z','z','z','z','z','z','z','z','z','z','z','z','z','z','z','z','z','z','z','z','z','z','z','z','z','z','z','z','z','z','z','z','z','z','z','z','z','z','z','z','z','z','z','z','z','z','z','z','z','z','z','z','z','z','z','z','z','z','z','z','z','z','z','z','z','z','z','z','z','z','z','z','z','z','z','z','z','z','z','z','z','z'}; 

Program:
extern char __VERIFIER_nondet_char(void);
/*
Commit Number: cea58cb6d8fe0d27bfcbab57776bd36d5c724ec3
URL: https://github.com/GNOME/evolution-data-server/commit/cea58cb6d8fe0d27bfcbab57776bd36d5c724ec3
Project Name: evolution-data-server
License: GPL2
termination: false


*/
int strcspn(const char *strSrc, const char *str)
{
    const char *s;
    const char *t = strSrc;
    while (*t != '\0')
    {
        s = str;
        while (*s != '\0')
        {
            if (*t == *s )
            return t-strSrc;
            ++s;
        }
        ++t;
    }
    return 0;
}
int main()
{
    char buf[100];
    for( int i = 0 ; i < 99 ; i++ )
        buf[i] = __VERIFIER_nondet_char();
    buf[99] = '\0';
    char *p = buf;
    while( *p )
    {
        int len = strcspn( p , ""\n"");
        p += len;
    }
    return 0;

}

"
45,T,"main:buf:1={'\'','\'','\'','\'','\'','\'','\'','\'','\'','\'','\'','\'','\'','\'','\'','\'','\'','\'','\'','\'','\'','\'','\'','\'','\'','\'','\'','\'','\'','\'','\'','\'','\'','\'','\'','\'','\'','\'','\'','\'','\'','\'','\'','\'','\'','\'','\'','\'','\'','\'','\'','\'','\'','\'','\'','\'','\'','\'','\'','\'','\'','\'','\'','\'','\'','\'','\'','\'','\'','\'','\'','\'','\'','\'','\'','\'','\'','\'','\'','\'','\'','\'','\'','\'','\'','\'','\'','\'','\'','\'','\'','\'','\'','\'','\'','\'','\'','\'','\'','\''}
",,DUPLICATE,,false,,"You generate concrete values for nondeterministic inputs in a C/C++ program.
Your goal is to produce ONE complete assignment set that is likely to make the program terminate.

Important rules:
1. Return a value for EVERY listed nondeterministic input ID.
2. Use each ID exactly once.
3. Respect the declared C/C++ type.
4. For an array, return the value as an array containing exactly the required number of elements.
5. For char arrays, each element must be exactly one character. Return the character itself without C single quotes.
6. Prefer small-magnitude values unless larger values are necessary to achieve the requested execution behavior.

Nondeterministic inputs:
- id: main:buf:1, type: char, array: true, size: 100, required elements: 100

Previously generated assignment sets are listed below. Generate a materially different set and do not duplicate any of them.
Previous 1: main:buf:1={':',':','@','A','1','$','a','B','c','D','e','F','g','H','i','J','k','L','m','N','o','P','q','R','s','T','u','V','w','X','y','Z','0','1','2','3','4','5','6','7','8','9','!','?','-','_','+','%','^','&','*','/','`','{','}','[',']','|','~',' ','a','b','c','d','e','f','g','h','i','j','k','l','m','n','o','p','q','r','s','t','u','v','w','x','y','z','A','B','C','D','E','F','G','H','I','J','K','L','M','N'}; 
Previous 2: main:buf:1={'a','a','a','a','a','a','a','a','a','a','a','a','a','a','a','a','a','a','a','a','a','a','a','a','a','a','a','a','a','a','a','a','a','a','a','a','a','a','a','a','a','a','a','a','a','a','a','a','a','a','a','a','a','a','a','a','a','a','a','a','a','a','a','a','a','a','a','a','a','a','a','a','a','a','a','a','a','a','a','a','a','a','a','a','a','a','a','a','a','a','a','a','a','a','a','a','a','a','a','a'}; 
Previous 3: main:buf:1={'0','a','a','a','a','a','a','a','a','a','a','a','a','a','a','a','a','a','a','a','a','a','a','a','a','a','a','a','a','a','a','a','a','a','a','a','a','a','a','a','a','a','a','a','a','a','a','a','a','a','a','a','a','a','a','a','a','a','a','a','a','a','a','a','a','a','a','a','a','a','a','a','a','a','a','a','a','a','a','a','a','a','a','a','a','a','a','a','a','a','a','a','a','a','a','a','a','a','a','a'}; 
Previous 4: main:buf:1={'{','0',',','a','a','a','a','a','a','a','a','a','a','a','a','a','a','a','a','a','a','a','a','a','a','a','a','a','a','a','a','a','a','a','a','a','a','a','a','a','a','a','a','a','a','a','a','a','a','a','a','a','a','a','a','a','a','a','a','a','a','a','a','a','a','a','a','a','a','a','a','a','a','a','a','a','a','a','a','a','a','a','a','a','a','a','a','a','a','a','a','a','a','a','a','a','a','a','a','a'}; 
Previous 5: main:buf:1={'A','A','A','A','A','A','A','A','A','A','A','A','A','A','A','A','A','A','A','A','A','A','A','A','A','A','A','A','A','A','A','A','A','A','A','A','A','A','A','A','A','A','A','A','A','A','A','A','A','A','B','B','B','B','B','B','B','B','B','B','B','B','B','B','B','B','B','B','B','B','B','B','B','B','B','B','B','B','B','B','B','B','B','B','B','B','B','B','B','B','B','B','B','B','B','B','B','B','C','D'}; 
Previous 6: main:buf:1={'b','b','b','b','b','b','b','b','b','b','b','b','b','b','b','b','b','b','b','b','b','b','b','b','b','b','b','b','b','b','b','b','b','b','b','b','b','b','b','b','b','b','b','b','b','b','b','b','b','b','b','b','b','b','b','b','b','b','b','b','b','b','b','b','b','b','b','b','b','b','b','b','b','b','b','b','b','b','b','b','b','b','b','b','b','b','b','b','b','b','b','b','b','b','b','b','b','b','b','b'}; 
Previous 7: main:buf:1={'a','a','a','a','a','a','a','a','a','a','a','a','a','a','a','a','a','a','a','a','a','a','a','a','a','a','a','a','a','a','a','a','a','a','a','a','a','a','a','a','a','a','a','a','a','a','a','a','a','a','a','a','a','a','a','a','a','a','a','a','a','a','a','a','a','a','a','a','a','a','a','a','a','a','a','a','a','a','a','a','a','a','a','a','a','a','a','a','a','a','a','a','a','a','a','a','a','a','b','b'}; 
Previous 8: main:buf:1={'\'','\'','\'','\'','\'','\'','\'','\'','\'','\'','\'','\'','\'','\'','\'','\'','\'','\'','\'','\'','\'','\'','\'','\'','\'','\'','\'','\'','\'','\'','\'','\'','\'','\'','\'','\'','\'','\'','\'','\'','\'','\'','\'','\'','\'','\'','\'','\'','\'','\'','\'','\'','\'','\'','\'','\'','\'','\'','\'','\'','\'','\'','\'','\'','\'','\'','\'','\'','\'','\'','\'','\'','\'','\'','\'','\'','\'','\'','\'','\'','\'','\'','\'','\'','\'','\'','\'','\'','\'','\'','\'','\'','\'','\'','\'','\'','\'','\'','\'','\''}; 
Previous 9: main:buf:1={'A','A','A','A','A','A','A','A','A','A','A','A','A','A','A','A','A','A','A','A','A','A','A','A','A','A','A','A','A','A','A','A','A','A','A','A','A','A','A','A','A','A','A','A','A','A','A','A','A','A','A','A','A','A','A','A','A','A','A','A','A','A','A','A','A','A','A','A','A','A','A','A','A','A','A','A','A','A','A','A','A','A','A','A','A','A','A','A','A','A','A','A','A','A','A','A','A','A','A','A'}; 
Previous 10: main:buf:1={'a','a','a','a','a','a','a','a','a','a','a','a','a','a','a','a','a','a','a','a','a','a','a','a','a','a','a','a','a','a','a','a','a','a','a','a','a','a','a','a','a','a','a','a','a','a','a','a','a','a','a','a','a','a','a','a','a','a','a','a','a','a','a','a','a','a','a','a','a','a','a','a','a','a','a','a','a','a','a','a','a','a','a','a','a','a','a','a','a','a','a','a','a','a','a','a','a','a','a','0'}; 
Previous 11: main:buf:1={'/','*','!','@','#','$','%','^','&','*','-','+','=','_','|','{','}',':',';','?','/','[',']',';','\'','`','~','1','2','3','4','5','6','7','8','9','0','a','b','c','d','e','f','g','h','i','j','k','l','m','n','o','p','q','r','s','t','u','v','w','x','y','z','A','B','C','D','E','F','G','H','I','J','K','L','M','N','O','P','Q','R','S','T','U','V','W','X','Y','Z','!','?','!','?','!','?','!','?','!','?','!'}; 
Previous 12: main:buf:1={'c','c','c','c','c','c','c','c','c','c','c','c','c','c','c','c','c','c','c','c','c','c','c','c','c','c','c','c','c','c','c','c','c','c','c','c','c','c','c','c','c','c','c','c','c','c','c','c','c','c','c','c','c','c','c','c','c','c','c','c','c','c','c','c','c','c','c','c','c','c','c','c','c','c','c','c','c','c','c','c','c','c','c','c','c','c','c','c','c','c','c','c','c','c','c','c','c','c','c','d'}; 
Previous 13: main:buf:1={'0','0','0','0','0','0','0','0','0','0','0','0','0','0','0','0','0','0','0','0','0','0','0','0','0','0','0','0','0','0','0','0','0','0','0','0','0','0','0','0','0','0','0','0','0','0','0','0','0','0','0','0','0','0','0','0','0','0','0','0','0','0','0','0','0','0','0','0','0','0','0','0','0','0','0','0','0','0','0','0','0','0','0','0','0','0','0','0','0','0','0','0','0','0','0','0','0','0','0','0'}; 
Previous 14: main:buf:1={'x','y','x','y','x','y','x','y','x','y','x','y','x','y','x','y','x','y','x','y','x','y','x','y','x','y','x','y','x','y','x','y','x','y','x','y','x','y','x','y','x','y','x','y','x','y','x','y','x','y','x','y','x','y','x','y','x','y','x','y','x','y','x','y','x','y','x','y','x','y','x','y','x','y','x','y','x','y','x','y','x','y','x','y','x','y','x','y','x','y','x','y','x','y','x','y','x','y','x','y'}; 
Previous 15: main:buf:1={'0','1','2','3','4','5','6','7','8','9','A','B','C','D','E','F','G','H','I','J','K','L','M','N','O','P','Q','R','S','T','U','V','W','X','Y','Z','a','b','c','d','e','f','g','h','i','j','k','l','m','n','o','p','q','r','s','t','u','v','w','x','y','z','!','@','#','$','%','^','&','*','(',')','-','_','=','+','[',']','{','}','|','/','?',' ','~','`',' ',' ','!','@','#','$','%','^','&','*','(',')','-','['}; 
Previous 16: main:buf:1={'\'','0','\'','\'','a','\'','a','\'','a','\'','a','\'','a','\'','a','\'','a','\'','a','\'','a','\'','a','\'','a','\'','a','\'','a','\'','a','\'','a','\'','a','\'','a','\'','a','\'','a','\'','a','\'','a','\'','a','\'','a','\'','a','\'','a','\'','a','\'','a','\'','a','\'','a','\'','a','\'','a','\'','a','\'','a','\'','a','\'','a','\'','a','\'','a','\'','a','\'','a','\'','a','\'','a','\'','a','\'','a','\'','a','\'','a','\'','a','\'','a','\'','a','\''}; 
Previous 17: main:buf:1={'g','g','g','g','g','g','g','g','g','g','g','g','g','g','g','g','g','g','g','g','g','g','g','g','g','g','g','g','g','g','g','g','g','g','g','g','g','g','g','g','g','g','g','g','g','g','g','g','g','g','g','g','g','g','g','g','g','g','g','g','g','g','g','g','g','g','g','g','g','g','g','g','g','g','g','g','g','g','g','g','g','g','g','g','g','g','g','g','g','g','g','g','g','g','g','g','g','g','g','g'}; 
Previous 18: main:buf:1={'_','_','_','_','_','_','_','_','_','_','_','_','_','_','_','_','_','_','_','_','_','_','_','_','_','_','_','_','_','_','_','_','_','_','_','_','_','_','_','_','_','_','_','_','_','_','_','_','_','_','_','_','_','_','_','_','_','_','_','_','_','_','_','_','_','_','_','_','_','_','_','_','_','_','_','_','_','_','_','_','_','_','_','_','_','_','_','_','_','_','_','_','_','_','_','_','_','_','_','_'}; 
Previous 19: main:buf:1={'a','b','c','d','e','f','g','h','i','j','a','b','c','d','e','f','g','h','i','j','a','b','c','d','e','f','g','h','i','j','a','b','c','d','e','f','g','h','i','j','a','b','c','d','e','f','g','h','i','j','a','b','c','d','e','f','g','h','i','j','a','b','c','d','e','f','g','h','i','j','a','b','c','d','e','f','g','h','i','j','a','b','c','d','e','f','g','h','i','j','a','b','c','d','e','f','g','h','i','j'}; 
Previous 20: main:buf:1={'a','a','a','a','a','a','a','a','a','a','a','a','a','a','a','a','a','a','a','a','a','a','a','a','a','a','a','a','a','a','a','a','a','a','a','a','a','a','a','a','a','a','a','a','a','a','a','a','a','a','b','b','b','b','b','b','b','b','b','b','b','b','b','b','b','b','b','b','b','b','b','b','b','b','b','b','b','b','c','c','c','c','c','c','c','c','c','c','c','c','c','c','c','c','c','c','c','c','c','c'}; 
Previous 21: main:buf:1={'>','0','0','0','0','0','0','0','0','0','0','0','0','0','0','0','0','0','0','0','0','0','0','0','0','0','0','0','0','0','0','0','0','0','0','0','0','0','0','0','0','0','0','0','0','0','0','0','0','0','0','0','0','0','0','0','0','0','0','0','0','0','0','0','0','0','0','0','0','0','0','0','0','0','0','0','0','0','0','0','0','0','0','0','0','0','0','0','0','0','0','0','0','0','0','0','0','0','0','0'}; 
Previous 22: main:buf:1={'a','b','c','d','e','f','g','h','i','j','k','l','m','n','o','p','q','r','s','t','u','v','w','x','y','z','A','B','C','D','E','F','G','H','I','J','K','L','M','N','O','P','Q','R','S','T','U','V','W','X','Y','Z','0','1','2','3','4','5','6','7','8','9','!','@','#','$','%','^','&','*','(','-',')','-','_','+','=','[',']','{','}','|',':',';','<','>','?','/','|','`','~','\'','%','.',',',' ','a','b','c','d'}; 
Previous 23: main:buf:1={'\'','0','\'','\'','\'','\'','\'','\'','\'','\'','\'','\'','\'','\'','\'','\'','\'','\'','\'','\'','\'','\'','\'','\'','\'','\'','\'','\'','\'','\'','\'','\'','\'','\'','\'','\'','\'','\'','\'','\'','\'','\'','\'','\'','\'','\'','\'','\'','\'','\'','\'','\'','\'','\'','\'','\'','\'','\'','\'','\'','\'','\'','\'','\'','\'','\'','\'','\'','\'','\'','\'','\'','\'','\'','\'','\'','\'','\'','\'','\'','\'','\'','\'','\'','\'','\'','\'','\'','\'','\'','\'','\'','\'','\'','\'','\'','\'','\'','\'','\''}; 
Previous 24: main:buf:1={'-','-','-','-','-','-','-','-','-','-','-','-','-','-','-','-','-','-','-','-','-','-','-','-','-','-','-','-','-','-','-','-','=','=','=','=','=','=','=','=','=','=','=','=','=','=','=','=','=','=','=','=','=','=','=','=','=','=','=','=','=','=','+','+','+','+','+','+','+','+','+','+','+','+','+','+','+','+','+','+','+','+','+','+','+','+','+','+','+','+','+','+','+','+','+','+','+','+','+','+'}; 
Previous 25: main:buf:1={'w','p','k','r','G','d','e','Z','q','n','U','O','g','H','5','X','S','m','R','t','J','T','3','c','V','1','l','f','Z','2','u','P','w','L','b','6','Q','z','Z','v','P','x','9','f','c','F','S','q','m','2','D','E','r','C','i','Y','b','k','O','z','4','3','q','a','L','P','c','j','s','g','g','b','8','h','Y','D','n','u','a','n','x','A','p','w','S','l','v','V','g','k','R','o','3','i','e','q','J','n','p','z'}; 
Previous 26: main:buf:1={'\'','`','<','h','?','j','|','k','l','p','b','H','4','-','g','K','o','l','D',';','s','7','5','p','6','w','K','c','>','p','l','?','x','!','q','j','b','w','V','-','M','x','Z','t','y','M','m','}','O','A','e',';','9','C','0','6','?','-','i','c','1','9','u','j','U','T','p','u','#','Z','i','8','A','5','9','f','Z','t','b','g','-','k','g','n','P','q','n','r','Z','Y','!','%','g','a','u','z','e','M','e','z'}; 
Previous 27: main:buf:1={'C','C','C','C','C','C','C','C','C','C','C','C','C','C','C','C','C','C','C','C','C','C','C','C','C','C','C','C','C','C','C','C','C','C','C','C','C','C','C','C','C','C','C','C','C','C','C','C','C','C','C','C','C','C','C','C','C','C','C','C','C','C','C','C','C','C','C','C','C','C','C','C','C','C','C','C','C','C','C','C','C','C','C','C','C','C','C','C','C','C','C','C','C','C','C','C','C','C','C','C'}; 
Previous 28: main:buf:1={'\'','\'','a','a','a','a','a','a','a','a','a','a','a','a','a','a','a','a','a','a','a','a','a','a','a','a','a','a','a','a','a','a','a','a','a','a','a','a','a','a','a','a','a','a','a','a','a','a','a','a','a','a','a','a','a','a','a','a','a','a','a','a','a','a','a','a','a','a','a','a','a','a','a','a','a','a','a','a','a','a','a','a','a','a','a','a','a','a','a','a','a','a','a','a','a','a','a','a','a','a'}; 
Previous 29: main:buf:1={'Z','Z','Z','Z','Z','Z','Z','Z','Z','Z','Z','Z','Z','Z','Z','Z','Z','Z','Z','Z','Z','Z','Z','Z','Z','Z','Z','Z','Z','Z','Z','Z','Z','Z','Z','Z','Z','Z','Z','Z','Z','Z','Z','Z','Z','Z','Z','Z','Z','Z','Z','Z','Z','Z','Z','Z','Z','Z','Z','Z','Z','Z','Z','Z','Z','Z','Z','Z','Z','Z','Z','Z','Z','Z','Z','Z','Z','Z','Z','Z','Z','Z','Z','Z','Z','Z','Z','Z','Z','Z','Z','Z','Z','Z','Z','Z','Z','Z','Z','Z'}; 
Previous 30: main:buf:1={'q','q','q','q','q','q','q','q','q','q','q','q','q','q','q','q','q','q','q','q','q','q','q','q','q','q','q','q','q','q','q','q','q','q','q','q','q','q','q','q','q','q','q','q','q','q','q','q','q','q','q','q','q','q','q','q','q','q','q','q','q','q','q','q','q','q','q','q','q','q','q','q','q','q','q','q','q','q','q','q','q','q','q','q','q','q','q','q','q','q','q','q','q','q','q','q','q','q','q','q'}; 
Previous 31: main:buf:1={'N','a','a','a','a','a','a','a','a','a','a','a','a','a','a','a','a','a','a','a','a','a','a','a','a','a','a','a','a','a','a','a','a','a','a','a','a','a','a','a','a','a','a','a','a','a','a','a','a','a','a','a','a','a','a','a','a','a','a','a','a','a','a','a','a','a','a','a','a','a','a','a','a','a','a','a','a','a','a','a','a','a','a','a','a','a','a','a','a','a','a','a','a','a','a','a','a','a','a','a'}; 
Previous 32: main:buf:1={'A','B','C','D','E','F','G','H','I','J','K','L','M','N','O','P','Q','R','S','T','U','V','W','X','Y','Z','a','b','c','d','e','f','g','h','i','j','k','l','m','n','o','p','q','r','s','t','u','v','w','x','y','z','0','1','2','3','4','5','6','7','8','9','!','@','#','$','%','^','&','*','(',')','-','_','=','[',']','{','}','|',':',';','<','>',',','?','/','~','`',' ','!','#','1','x','y','c','d','e','f','g'}; 
Previous 33: main:buf:1={'m','n','m','n','m','n','m','n','m','n','m','n','m','n','m','n','m','n','m','n','m','n','m','n','m','n','m','n','m','n','m','n','m','n','m','n','m','n','m','n','m','n','m','n','m','n','m','n','m','n','m','n','m','n','m','n','m','n','m','n','m','n','m','n','m','n','m','n','m','n','m','n','m','n','m','n','m','n','m','n','m','n','m','n','m','n','m','n','m','n','m','n','m','n','m','n','m','n','m','n'}; 
Previous 34: main:buf:1={'z','z','z','z','z','z','z','z','z','z','z','z','z','z','z','z','z','z','z','z','z','z','z','z','z','z','z','z','z','z','z','z','z','z','z','z','z','z','z','z','z','z','z','z','z','z','z','z','z','z','z','z','z','z','z','z','z','z','z','z','z','z','z','z','z','z','z','z','z','z','z','z','z','z','z','z','z','z','z','z','z','z','z','z','z','z','z','z','z','z','z','z','z','z','z','z','z','z','z','z'}; 

Program:
extern char __VERIFIER_nondet_char(void);
/*
Commit Number: cea58cb6d8fe0d27bfcbab57776bd36d5c724ec3
URL: https://github.com/GNOME/evolution-data-server/commit/cea58cb6d8fe0d27bfcbab57776bd36d5c724ec3
Project Name: evolution-data-server
License: GPL2
termination: false


*/
int strcspn(const char *strSrc, const char *str)
{
    const char *s;
    const char *t = strSrc;
    while (*t != '\0')
    {
        s = str;
        while (*s != '\0')
        {
            if (*t == *s )
            return t-strSrc;
            ++s;
        }
        ++t;
    }
    return 0;
}
int main()
{
    char buf[100];
    for( int i = 0 ; i < 99 ; i++ )
        buf[i] = __VERIFIER_nondet_char();
    buf[99] = '\0';
    char *p = buf;
    while( *p )
    {
        int len = strcspn( p , ""\n"");
        p += len;
    }
    return 0;

}

"
46,T,"main:buf:1={'A','B','C','D','E','F','G','H','I','J','K','L','M','N','O','P','Q','R','S','T','U','V','W','X','Y','Z','a','b','c','d','e','f','g','h','i','j','k','l','m','n','o','p','q','r','s','t','u','v','w','x','y','z','0','1','2','3','4','5','6','7','8','9','!','@','#','$','%','^','&','*','(',')','-','_','+','=','[',']','{','}','|',';',';',':',',','.','<','>','?',' ','/','?','?','?','?','?','?','?','?','?'}
",,TIMEOUT,LIKELY_NT,false,,"You generate concrete values for nondeterministic inputs in a C/C++ program.
Your goal is to produce ONE complete assignment set that is likely to make the program terminate.

Important rules:
1. Return a value for EVERY listed nondeterministic input ID.
2. Use each ID exactly once.
3. Respect the declared C/C++ type.
4. For an array, return the value as an array containing exactly the required number of elements.
5. For char arrays, each element must be exactly one character. Return the character itself without C single quotes.
6. Prefer small-magnitude values unless larger values are necessary to achieve the requested execution behavior.

Nondeterministic inputs:
- id: main:buf:1, type: char, array: true, size: 100, required elements: 100

Previously generated assignment sets are listed below. Generate a materially different set and do not duplicate any of them.
Previous 1: main:buf:1={':',':','@','A','1','$','a','B','c','D','e','F','g','H','i','J','k','L','m','N','o','P','q','R','s','T','u','V','w','X','y','Z','0','1','2','3','4','5','6','7','8','9','!','?','-','_','+','%','^','&','*','/','`','{','}','[',']','|','~',' ','a','b','c','d','e','f','g','h','i','j','k','l','m','n','o','p','q','r','s','t','u','v','w','x','y','z','A','B','C','D','E','F','G','H','I','J','K','L','M','N'}; 
Previous 2: main:buf:1={'a','a','a','a','a','a','a','a','a','a','a','a','a','a','a','a','a','a','a','a','a','a','a','a','a','a','a','a','a','a','a','a','a','a','a','a','a','a','a','a','a','a','a','a','a','a','a','a','a','a','a','a','a','a','a','a','a','a','a','a','a','a','a','a','a','a','a','a','a','a','a','a','a','a','a','a','a','a','a','a','a','a','a','a','a','a','a','a','a','a','a','a','a','a','a','a','a','a','a','a'}; 
Previous 3: main:buf:1={'0','a','a','a','a','a','a','a','a','a','a','a','a','a','a','a','a','a','a','a','a','a','a','a','a','a','a','a','a','a','a','a','a','a','a','a','a','a','a','a','a','a','a','a','a','a','a','a','a','a','a','a','a','a','a','a','a','a','a','a','a','a','a','a','a','a','a','a','a','a','a','a','a','a','a','a','a','a','a','a','a','a','a','a','a','a','a','a','a','a','a','a','a','a','a','a','a','a','a','a'}; 
Previous 4: main:buf:1={'{','0',',','a','a','a','a','a','a','a','a','a','a','a','a','a','a','a','a','a','a','a','a','a','a','a','a','a','a','a','a','a','a','a','a','a','a','a','a','a','a','a','a','a','a','a','a','a','a','a','a','a','a','a','a','a','a','a','a','a','a','a','a','a','a','a','a','a','a','a','a','a','a','a','a','a','a','a','a','a','a','a','a','a','a','a','a','a','a','a','a','a','a','a','a','a','a','a','a','a'}; 
Previous 5: main:buf:1={'A','A','A','A','A','A','A','A','A','A','A','A','A','A','A','A','A','A','A','A','A','A','A','A','A','A','A','A','A','A','A','A','A','A','A','A','A','A','A','A','A','A','A','A','A','A','A','A','A','A','B','B','B','B','B','B','B','B','B','B','B','B','B','B','B','B','B','B','B','B','B','B','B','B','B','B','B','B','B','B','B','B','B','B','B','B','B','B','B','B','B','B','B','B','B','B','B','B','C','D'}; 
Previous 6: main:buf:1={'b','b','b','b','b','b','b','b','b','b','b','b','b','b','b','b','b','b','b','b','b','b','b','b','b','b','b','b','b','b','b','b','b','b','b','b','b','b','b','b','b','b','b','b','b','b','b','b','b','b','b','b','b','b','b','b','b','b','b','b','b','b','b','b','b','b','b','b','b','b','b','b','b','b','b','b','b','b','b','b','b','b','b','b','b','b','b','b','b','b','b','b','b','b','b','b','b','b','b','b'}; 
Previous 7: main:buf:1={'a','a','a','a','a','a','a','a','a','a','a','a','a','a','a','a','a','a','a','a','a','a','a','a','a','a','a','a','a','a','a','a','a','a','a','a','a','a','a','a','a','a','a','a','a','a','a','a','a','a','a','a','a','a','a','a','a','a','a','a','a','a','a','a','a','a','a','a','a','a','a','a','a','a','a','a','a','a','a','a','a','a','a','a','a','a','a','a','a','a','a','a','a','a','a','a','a','a','b','b'}; 
Previous 8: main:buf:1={'\'','\'','\'','\'','\'','\'','\'','\'','\'','\'','\'','\'','\'','\'','\'','\'','\'','\'','\'','\'','\'','\'','\'','\'','\'','\'','\'','\'','\'','\'','\'','\'','\'','\'','\'','\'','\'','\'','\'','\'','\'','\'','\'','\'','\'','\'','\'','\'','\'','\'','\'','\'','\'','\'','\'','\'','\'','\'','\'','\'','\'','\'','\'','\'','\'','\'','\'','\'','\'','\'','\'','\'','\'','\'','\'','\'','\'','\'','\'','\'','\'','\'','\'','\'','\'','\'','\'','\'','\'','\'','\'','\'','\'','\'','\'','\'','\'','\'','\'','\''}; 
Previous 9: main:buf:1={'A','A','A','A','A','A','A','A','A','A','A','A','A','A','A','A','A','A','A','A','A','A','A','A','A','A','A','A','A','A','A','A','A','A','A','A','A','A','A','A','A','A','A','A','A','A','A','A','A','A','A','A','A','A','A','A','A','A','A','A','A','A','A','A','A','A','A','A','A','A','A','A','A','A','A','A','A','A','A','A','A','A','A','A','A','A','A','A','A','A','A','A','A','A','A','A','A','A','A','A'}; 
Previous 10: main:buf:1={'a','a','a','a','a','a','a','a','a','a','a','a','a','a','a','a','a','a','a','a','a','a','a','a','a','a','a','a','a','a','a','a','a','a','a','a','a','a','a','a','a','a','a','a','a','a','a','a','a','a','a','a','a','a','a','a','a','a','a','a','a','a','a','a','a','a','a','a','a','a','a','a','a','a','a','a','a','a','a','a','a','a','a','a','a','a','a','a','a','a','a','a','a','a','a','a','a','a','a','0'}; 
Previous 11: main:buf:1={'/','*','!','@','#','$','%','^','&','*','-','+','=','_','|','{','}',':',';','?','/','[',']',';','\'','`','~','1','2','3','4','5','6','7','8','9','0','a','b','c','d','e','f','g','h','i','j','k','l','m','n','o','p','q','r','s','t','u','v','w','x','y','z','A','B','C','D','E','F','G','H','I','J','K','L','M','N','O','P','Q','R','S','T','U','V','W','X','Y','Z','!','?','!','?','!','?','!','?','!','?','!'}; 
Previous 12: main:buf:1={'c','c','c','c','c','c','c','c','c','c','c','c','c','c','c','c','c','c','c','c','c','c','c','c','c','c','c','c','c','c','c','c','c','c','c','c','c','c','c','c','c','c','c','c','c','c','c','c','c','c','c','c','c','c','c','c','c','c','c','c','c','c','c','c','c','c','c','c','c','c','c','c','c','c','c','c','c','c','c','c','c','c','c','c','c','c','c','c','c','c','c','c','c','c','c','c','c','c','c','d'}; 
Previous 13: main:buf:1={'0','0','0','0','0','0','0','0','0','0','0','0','0','0','0','0','0','0','0','0','0','0','0','0','0','0','0','0','0','0','0','0','0','0','0','0','0','0','0','0','0','0','0','0','0','0','0','0','0','0','0','0','0','0','0','0','0','0','0','0','0','0','0','0','0','0','0','0','0','0','0','0','0','0','0','0','0','0','0','0','0','0','0','0','0','0','0','0','0','0','0','0','0','0','0','0','0','0','0','0'}; 
Previous 14: main:buf:1={'x','y','x','y','x','y','x','y','x','y','x','y','x','y','x','y','x','y','x','y','x','y','x','y','x','y','x','y','x','y','x','y','x','y','x','y','x','y','x','y','x','y','x','y','x','y','x','y','x','y','x','y','x','y','x','y','x','y','x','y','x','y','x','y','x','y','x','y','x','y','x','y','x','y','x','y','x','y','x','y','x','y','x','y','x','y','x','y','x','y','x','y','x','y','x','y','x','y','x','y'}; 
Previous 15: main:buf:1={'0','1','2','3','4','5','6','7','8','9','A','B','C','D','E','F','G','H','I','J','K','L','M','N','O','P','Q','R','S','T','U','V','W','X','Y','Z','a','b','c','d','e','f','g','h','i','j','k','l','m','n','o','p','q','r','s','t','u','v','w','x','y','z','!','@','#','$','%','^','&','*','(',')','-','_','=','+','[',']','{','}','|','/','?',' ','~','`',' ',' ','!','@','#','$','%','^','&','*','(',')','-','['}; 
Previous 16: main:buf:1={'\'','0','\'','\'','a','\'','a','\'','a','\'','a','\'','a','\'','a','\'','a','\'','a','\'','a','\'','a','\'','a','\'','a','\'','a','\'','a','\'','a','\'','a','\'','a','\'','a','\'','a','\'','a','\'','a','\'','a','\'','a','\'','a','\'','a','\'','a','\'','a','\'','a','\'','a','\'','a','\'','a','\'','a','\'','a','\'','a','\'','a','\'','a','\'','a','\'','a','\'','a','\'','a','\'','a','\'','a','\'','a','\'','a','\'','a','\'','a','\'','a','\'','a','\''}; 
Previous 17: main:buf:1={'g','g','g','g','g','g','g','g','g','g','g','g','g','g','g','g','g','g','g','g','g','g','g','g','g','g','g','g','g','g','g','g','g','g','g','g','g','g','g','g','g','g','g','g','g','g','g','g','g','g','g','g','g','g','g','g','g','g','g','g','g','g','g','g','g','g','g','g','g','g','g','g','g','g','g','g','g','g','g','g','g','g','g','g','g','g','g','g','g','g','g','g','g','g','g','g','g','g','g','g'}; 
Previous 18: main:buf:1={'_','_','_','_','_','_','_','_','_','_','_','_','_','_','_','_','_','_','_','_','_','_','_','_','_','_','_','_','_','_','_','_','_','_','_','_','_','_','_','_','_','_','_','_','_','_','_','_','_','_','_','_','_','_','_','_','_','_','_','_','_','_','_','_','_','_','_','_','_','_','_','_','_','_','_','_','_','_','_','_','_','_','_','_','_','_','_','_','_','_','_','_','_','_','_','_','_','_','_','_'}; 
Previous 19: main:buf:1={'a','b','c','d','e','f','g','h','i','j','a','b','c','d','e','f','g','h','i','j','a','b','c','d','e','f','g','h','i','j','a','b','c','d','e','f','g','h','i','j','a','b','c','d','e','f','g','h','i','j','a','b','c','d','e','f','g','h','i','j','a','b','c','d','e','f','g','h','i','j','a','b','c','d','e','f','g','h','i','j','a','b','c','d','e','f','g','h','i','j','a','b','c','d','e','f','g','h','i','j'}; 
Previous 20: main:buf:1={'a','a','a','a','a','a','a','a','a','a','a','a','a','a','a','a','a','a','a','a','a','a','a','a','a','a','a','a','a','a','a','a','a','a','a','a','a','a','a','a','a','a','a','a','a','a','a','a','a','a','b','b','b','b','b','b','b','b','b','b','b','b','b','b','b','b','b','b','b','b','b','b','b','b','b','b','b','b','c','c','c','c','c','c','c','c','c','c','c','c','c','c','c','c','c','c','c','c','c','c'}; 
Previous 21: main:buf:1={'>','0','0','0','0','0','0','0','0','0','0','0','0','0','0','0','0','0','0','0','0','0','0','0','0','0','0','0','0','0','0','0','0','0','0','0','0','0','0','0','0','0','0','0','0','0','0','0','0','0','0','0','0','0','0','0','0','0','0','0','0','0','0','0','0','0','0','0','0','0','0','0','0','0','0','0','0','0','0','0','0','0','0','0','0','0','0','0','0','0','0','0','0','0','0','0','0','0','0','0'}; 
Previous 22: main:buf:1={'a','b','c','d','e','f','g','h','i','j','k','l','m','n','o','p','q','r','s','t','u','v','w','x','y','z','A','B','C','D','E','F','G','H','I','J','K','L','M','N','O','P','Q','R','S','T','U','V','W','X','Y','Z','0','1','2','3','4','5','6','7','8','9','!','@','#','$','%','^','&','*','(','-',')','-','_','+','=','[',']','{','}','|',':',';','<','>','?','/','|','`','~','\'','%','.',',',' ','a','b','c','d'}; 
Previous 23: main:buf:1={'\'','0','\'','\'','\'','\'','\'','\'','\'','\'','\'','\'','\'','\'','\'','\'','\'','\'','\'','\'','\'','\'','\'','\'','\'','\'','\'','\'','\'','\'','\'','\'','\'','\'','\'','\'','\'','\'','\'','\'','\'','\'','\'','\'','\'','\'','\'','\'','\'','\'','\'','\'','\'','\'','\'','\'','\'','\'','\'','\'','\'','\'','\'','\'','\'','\'','\'','\'','\'','\'','\'','\'','\'','\'','\'','\'','\'','\'','\'','\'','\'','\'','\'','\'','\'','\'','\'','\'','\'','\'','\'','\'','\'','\'','\'','\'','\'','\'','\'','\''}; 
Previous 24: main:buf:1={'-','-','-','-','-','-','-','-','-','-','-','-','-','-','-','-','-','-','-','-','-','-','-','-','-','-','-','-','-','-','-','-','=','=','=','=','=','=','=','=','=','=','=','=','=','=','=','=','=','=','=','=','=','=','=','=','=','=','=','=','=','=','+','+','+','+','+','+','+','+','+','+','+','+','+','+','+','+','+','+','+','+','+','+','+','+','+','+','+','+','+','+','+','+','+','+','+','+','+','+'}; 
Previous 25: main:buf:1={'w','p','k','r','G','d','e','Z','q','n','U','O','g','H','5','X','S','m','R','t','J','T','3','c','V','1','l','f','Z','2','u','P','w','L','b','6','Q','z','Z','v','P','x','9','f','c','F','S','q','m','2','D','E','r','C','i','Y','b','k','O','z','4','3','q','a','L','P','c','j','s','g','g','b','8','h','Y','D','n','u','a','n','x','A','p','w','S','l','v','V','g','k','R','o','3','i','e','q','J','n','p','z'}; 
Previous 26: main:buf:1={'\'','`','<','h','?','j','|','k','l','p','b','H','4','-','g','K','o','l','D',';','s','7','5','p','6','w','K','c','>','p','l','?','x','!','q','j','b','w','V','-','M','x','Z','t','y','M','m','}','O','A','e',';','9','C','0','6','?','-','i','c','1','9','u','j','U','T','p','u','#','Z','i','8','A','5','9','f','Z','t','b','g','-','k','g','n','P','q','n','r','Z','Y','!','%','g','a','u','z','e','M','e','z'}; 
Previous 27: main:buf:1={'C','C','C','C','C','C','C','C','C','C','C','C','C','C','C','C','C','C','C','C','C','C','C','C','C','C','C','C','C','C','C','C','C','C','C','C','C','C','C','C','C','C','C','C','C','C','C','C','C','C','C','C','C','C','C','C','C','C','C','C','C','C','C','C','C','C','C','C','C','C','C','C','C','C','C','C','C','C','C','C','C','C','C','C','C','C','C','C','C','C','C','C','C','C','C','C','C','C','C','C'}; 
Previous 28: main:buf:1={'\'','\'','a','a','a','a','a','a','a','a','a','a','a','a','a','a','a','a','a','a','a','a','a','a','a','a','a','a','a','a','a','a','a','a','a','a','a','a','a','a','a','a','a','a','a','a','a','a','a','a','a','a','a','a','a','a','a','a','a','a','a','a','a','a','a','a','a','a','a','a','a','a','a','a','a','a','a','a','a','a','a','a','a','a','a','a','a','a','a','a','a','a','a','a','a','a','a','a','a','a'}; 
Previous 29: main:buf:1={'Z','Z','Z','Z','Z','Z','Z','Z','Z','Z','Z','Z','Z','Z','Z','Z','Z','Z','Z','Z','Z','Z','Z','Z','Z','Z','Z','Z','Z','Z','Z','Z','Z','Z','Z','Z','Z','Z','Z','Z','Z','Z','Z','Z','Z','Z','Z','Z','Z','Z','Z','Z','Z','Z','Z','Z','Z','Z','Z','Z','Z','Z','Z','Z','Z','Z','Z','Z','Z','Z','Z','Z','Z','Z','Z','Z','Z','Z','Z','Z','Z','Z','Z','Z','Z','Z','Z','Z','Z','Z','Z','Z','Z','Z','Z','Z','Z','Z','Z','Z'}; 
Previous 30: main:buf:1={'q','q','q','q','q','q','q','q','q','q','q','q','q','q','q','q','q','q','q','q','q','q','q','q','q','q','q','q','q','q','q','q','q','q','q','q','q','q','q','q','q','q','q','q','q','q','q','q','q','q','q','q','q','q','q','q','q','q','q','q','q','q','q','q','q','q','q','q','q','q','q','q','q','q','q','q','q','q','q','q','q','q','q','q','q','q','q','q','q','q','q','q','q','q','q','q','q','q','q','q'}; 
Previous 31: main:buf:1={'N','a','a','a','a','a','a','a','a','a','a','a','a','a','a','a','a','a','a','a','a','a','a','a','a','a','a','a','a','a','a','a','a','a','a','a','a','a','a','a','a','a','a','a','a','a','a','a','a','a','a','a','a','a','a','a','a','a','a','a','a','a','a','a','a','a','a','a','a','a','a','a','a','a','a','a','a','a','a','a','a','a','a','a','a','a','a','a','a','a','a','a','a','a','a','a','a','a','a','a'}; 
Previous 32: main:buf:1={'A','B','C','D','E','F','G','H','I','J','K','L','M','N','O','P','Q','R','S','T','U','V','W','X','Y','Z','a','b','c','d','e','f','g','h','i','j','k','l','m','n','o','p','q','r','s','t','u','v','w','x','y','z','0','1','2','3','4','5','6','7','8','9','!','@','#','$','%','^','&','*','(',')','-','_','=','[',']','{','}','|',':',';','<','>',',','?','/','~','`',' ','!','#','1','x','y','c','d','e','f','g'}; 
Previous 33: main:buf:1={'m','n','m','n','m','n','m','n','m','n','m','n','m','n','m','n','m','n','m','n','m','n','m','n','m','n','m','n','m','n','m','n','m','n','m','n','m','n','m','n','m','n','m','n','m','n','m','n','m','n','m','n','m','n','m','n','m','n','m','n','m','n','m','n','m','n','m','n','m','n','m','n','m','n','m','n','m','n','m','n','m','n','m','n','m','n','m','n','m','n','m','n','m','n','m','n','m','n','m','n'}; 
Previous 34: main:buf:1={'z','z','z','z','z','z','z','z','z','z','z','z','z','z','z','z','z','z','z','z','z','z','z','z','z','z','z','z','z','z','z','z','z','z','z','z','z','z','z','z','z','z','z','z','z','z','z','z','z','z','z','z','z','z','z','z','z','z','z','z','z','z','z','z','z','z','z','z','z','z','z','z','z','z','z','z','z','z','z','z','z','z','z','z','z','z','z','z','z','z','z','z','z','z','z','z','z','z','z','z'}; 

Program:
extern char __VERIFIER_nondet_char(void);
/*
Commit Number: cea58cb6d8fe0d27bfcbab57776bd36d5c724ec3
URL: https://github.com/GNOME/evolution-data-server/commit/cea58cb6d8fe0d27bfcbab57776bd36d5c724ec3
Project Name: evolution-data-server
License: GPL2
termination: false


*/
int strcspn(const char *strSrc, const char *str)
{
    const char *s;
    const char *t = strSrc;
    while (*t != '\0')
    {
        s = str;
        while (*s != '\0')
        {
            if (*t == *s )
            return t-strSrc;
            ++s;
        }
        ++t;
    }
    return 0;
}
int main()
{
    char buf[100];
    for( int i = 0 ; i < 99 ; i++ )
        buf[i] = __VERIFIER_nondet_char();
    buf[99] = '\0';
    char *p = buf;
    while( *p )
    {
        int len = strcspn( p , ""\n"");
        p += len;
    }
    return 0;

}

"
47,T,"main:buf:1={'\'','\'','\'','\'','\'','\'','\'','\'','\'','\'','\'','\'','\'','\'','\'','\'','\'','\'','\'','\'','\'','\'','\'','\'','\'','\'','\'','\'','\'','\'','\'','\'','\'','\'','\'','\'','\'','\'','\'','\'','\'','\'','\'','\'','\'','\'','\'','\'','\'','\'','\'','\'','\'','\'','\'','\'','\'','\'','\'','\'','\'','\'','\'','\'','\'','\'','\'','\'','\'','\'','\'','\'','\'','\'','\'','\'','\'','\'','\'','\'','\'','\'','\'','\'','\'','\'','\'','\'','\'','\'','\'','\'','\'','\'','\'','\'','\'','\'','a','a'}
",,TIMEOUT,LIKELY_NT,false,,"You generate concrete values for nondeterministic inputs in a C/C++ program.
Your goal is to produce ONE complete assignment set that is likely to make the program terminate.

Important rules:
1. Return a value for EVERY listed nondeterministic input ID.
2. Use each ID exactly once.
3. Respect the declared C/C++ type.
4. For an array, return the value as an array containing exactly the required number of elements.
5. For char arrays, each element must be exactly one character. Return the character itself without C single quotes.
6. Prefer small-magnitude values unless larger values are necessary to achieve the requested execution behavior.

Nondeterministic inputs:
- id: main:buf:1, type: char, array: true, size: 100, required elements: 100

Previously generated assignment sets are listed below. Generate a materially different set and do not duplicate any of them.
Previous 1: main:buf:1={':',':','@','A','1','$','a','B','c','D','e','F','g','H','i','J','k','L','m','N','o','P','q','R','s','T','u','V','w','X','y','Z','0','1','2','3','4','5','6','7','8','9','!','?','-','_','+','%','^','&','*','/','`','{','}','[',']','|','~',' ','a','b','c','d','e','f','g','h','i','j','k','l','m','n','o','p','q','r','s','t','u','v','w','x','y','z','A','B','C','D','E','F','G','H','I','J','K','L','M','N'}; 
Previous 2: main:buf:1={'a','a','a','a','a','a','a','a','a','a','a','a','a','a','a','a','a','a','a','a','a','a','a','a','a','a','a','a','a','a','a','a','a','a','a','a','a','a','a','a','a','a','a','a','a','a','a','a','a','a','a','a','a','a','a','a','a','a','a','a','a','a','a','a','a','a','a','a','a','a','a','a','a','a','a','a','a','a','a','a','a','a','a','a','a','a','a','a','a','a','a','a','a','a','a','a','a','a','a','a'}; 
Previous 3: main:buf:1={'0','a','a','a','a','a','a','a','a','a','a','a','a','a','a','a','a','a','a','a','a','a','a','a','a','a','a','a','a','a','a','a','a','a','a','a','a','a','a','a','a','a','a','a','a','a','a','a','a','a','a','a','a','a','a','a','a','a','a','a','a','a','a','a','a','a','a','a','a','a','a','a','a','a','a','a','a','a','a','a','a','a','a','a','a','a','a','a','a','a','a','a','a','a','a','a','a','a','a','a'}; 
Previous 4: main:buf:1={'{','0',',','a','a','a','a','a','a','a','a','a','a','a','a','a','a','a','a','a','a','a','a','a','a','a','a','a','a','a','a','a','a','a','a','a','a','a','a','a','a','a','a','a','a','a','a','a','a','a','a','a','a','a','a','a','a','a','a','a','a','a','a','a','a','a','a','a','a','a','a','a','a','a','a','a','a','a','a','a','a','a','a','a','a','a','a','a','a','a','a','a','a','a','a','a','a','a','a','a'}; 
Previous 5: main:buf:1={'A','A','A','A','A','A','A','A','A','A','A','A','A','A','A','A','A','A','A','A','A','A','A','A','A','A','A','A','A','A','A','A','A','A','A','A','A','A','A','A','A','A','A','A','A','A','A','A','A','A','B','B','B','B','B','B','B','B','B','B','B','B','B','B','B','B','B','B','B','B','B','B','B','B','B','B','B','B','B','B','B','B','B','B','B','B','B','B','B','B','B','B','B','B','B','B','B','B','C','D'}; 
Previous 6: main:buf:1={'b','b','b','b','b','b','b','b','b','b','b','b','b','b','b','b','b','b','b','b','b','b','b','b','b','b','b','b','b','b','b','b','b','b','b','b','b','b','b','b','b','b','b','b','b','b','b','b','b','b','b','b','b','b','b','b','b','b','b','b','b','b','b','b','b','b','b','b','b','b','b','b','b','b','b','b','b','b','b','b','b','b','b','b','b','b','b','b','b','b','b','b','b','b','b','b','b','b','b','b'}; 
Previous 7: main:buf:1={'a','a','a','a','a','a','a','a','a','a','a','a','a','a','a','a','a','a','a','a','a','a','a','a','a','a','a','a','a','a','a','a','a','a','a','a','a','a','a','a','a','a','a','a','a','a','a','a','a','a','a','a','a','a','a','a','a','a','a','a','a','a','a','a','a','a','a','a','a','a','a','a','a','a','a','a','a','a','a','a','a','a','a','a','a','a','a','a','a','a','a','a','a','a','a','a','a','a','b','b'}; 
Previous 8: main:buf:1={'\'','\'','\'','\'','\'','\'','\'','\'','\'','\'','\'','\'','\'','\'','\'','\'','\'','\'','\'','\'','\'','\'','\'','\'','\'','\'','\'','\'','\'','\'','\'','\'','\'','\'','\'','\'','\'','\'','\'','\'','\'','\'','\'','\'','\'','\'','\'','\'','\'','\'','\'','\'','\'','\'','\'','\'','\'','\'','\'','\'','\'','\'','\'','\'','\'','\'','\'','\'','\'','\'','\'','\'','\'','\'','\'','\'','\'','\'','\'','\'','\'','\'','\'','\'','\'','\'','\'','\'','\'','\'','\'','\'','\'','\'','\'','\'','\'','\'','\'','\''}; 
Previous 9: main:buf:1={'A','A','A','A','A','A','A','A','A','A','A','A','A','A','A','A','A','A','A','A','A','A','A','A','A','A','A','A','A','A','A','A','A','A','A','A','A','A','A','A','A','A','A','A','A','A','A','A','A','A','A','A','A','A','A','A','A','A','A','A','A','A','A','A','A','A','A','A','A','A','A','A','A','A','A','A','A','A','A','A','A','A','A','A','A','A','A','A','A','A','A','A','A','A','A','A','A','A','A','A'}; 
Previous 10: main:buf:1={'a','a','a','a','a','a','a','a','a','a','a','a','a','a','a','a','a','a','a','a','a','a','a','a','a','a','a','a','a','a','a','a','a','a','a','a','a','a','a','a','a','a','a','a','a','a','a','a','a','a','a','a','a','a','a','a','a','a','a','a','a','a','a','a','a','a','a','a','a','a','a','a','a','a','a','a','a','a','a','a','a','a','a','a','a','a','a','a','a','a','a','a','a','a','a','a','a','a','a','0'}; 
Previous 11: main:buf:1={'/','*','!','@','#','$','%','^','&','*','-','+','=','_','|','{','}',':',';','?','/','[',']',';','\'','`','~','1','2','3','4','5','6','7','8','9','0','a','b','c','d','e','f','g','h','i','j','k','l','m','n','o','p','q','r','s','t','u','v','w','x','y','z','A','B','C','D','E','F','G','H','I','J','K','L','M','N','O','P','Q','R','S','T','U','V','W','X','Y','Z','!','?','!','?','!','?','!','?','!','?','!'}; 
Previous 12: main:buf:1={'c','c','c','c','c','c','c','c','c','c','c','c','c','c','c','c','c','c','c','c','c','c','c','c','c','c','c','c','c','c','c','c','c','c','c','c','c','c','c','c','c','c','c','c','c','c','c','c','c','c','c','c','c','c','c','c','c','c','c','c','c','c','c','c','c','c','c','c','c','c','c','c','c','c','c','c','c','c','c','c','c','c','c','c','c','c','c','c','c','c','c','c','c','c','c','c','c','c','c','d'}; 
Previous 13: main:buf:1={'0','0','0','0','0','0','0','0','0','0','0','0','0','0','0','0','0','0','0','0','0','0','0','0','0','0','0','0','0','0','0','0','0','0','0','0','0','0','0','0','0','0','0','0','0','0','0','0','0','0','0','0','0','0','0','0','0','0','0','0','0','0','0','0','0','0','0','0','0','0','0','0','0','0','0','0','0','0','0','0','0','0','0','0','0','0','0','0','0','0','0','0','0','0','0','0','0','0','0','0'}; 
Previous 14: main:buf:1={'x','y','x','y','x','y','x','y','x','y','x','y','x','y','x','y','x','y','x','y','x','y','x','y','x','y','x','y','x','y','x','y','x','y','x','y','x','y','x','y','x','y','x','y','x','y','x','y','x','y','x','y','x','y','x','y','x','y','x','y','x','y','x','y','x','y','x','y','x','y','x','y','x','y','x','y','x','y','x','y','x','y','x','y','x','y','x','y','x','y','x','y','x','y','x','y','x','y','x','y'}; 
Previous 15: main:buf:1={'0','1','2','3','4','5','6','7','8','9','A','B','C','D','E','F','G','H','I','J','K','L','M','N','O','P','Q','R','S','T','U','V','W','X','Y','Z','a','b','c','d','e','f','g','h','i','j','k','l','m','n','o','p','q','r','s','t','u','v','w','x','y','z','!','@','#','$','%','^','&','*','(',')','-','_','=','+','[',']','{','}','|','/','?',' ','~','`',' ',' ','!','@','#','$','%','^','&','*','(',')','-','['}; 
Previous 16: main:buf:1={'\'','0','\'','\'','a','\'','a','\'','a','\'','a','\'','a','\'','a','\'','a','\'','a','\'','a','\'','a','\'','a','\'','a','\'','a','\'','a','\'','a','\'','a','\'','a','\'','a','\'','a','\'','a','\'','a','\'','a','\'','a','\'','a','\'','a','\'','a','\'','a','\'','a','\'','a','\'','a','\'','a','\'','a','\'','a','\'','a','\'','a','\'','a','\'','a','\'','a','\'','a','\'','a','\'','a','\'','a','\'','a','\'','a','\'','a','\'','a','\'','a','\'','a','\''}; 
Previous 17: main:buf:1={'g','g','g','g','g','g','g','g','g','g','g','g','g','g','g','g','g','g','g','g','g','g','g','g','g','g','g','g','g','g','g','g','g','g','g','g','g','g','g','g','g','g','g','g','g','g','g','g','g','g','g','g','g','g','g','g','g','g','g','g','g','g','g','g','g','g','g','g','g','g','g','g','g','g','g','g','g','g','g','g','g','g','g','g','g','g','g','g','g','g','g','g','g','g','g','g','g','g','g','g'}; 
Previous 18: main:buf:1={'_','_','_','_','_','_','_','_','_','_','_','_','_','_','_','_','_','_','_','_','_','_','_','_','_','_','_','_','_','_','_','_','_','_','_','_','_','_','_','_','_','_','_','_','_','_','_','_','_','_','_','_','_','_','_','_','_','_','_','_','_','_','_','_','_','_','_','_','_','_','_','_','_','_','_','_','_','_','_','_','_','_','_','_','_','_','_','_','_','_','_','_','_','_','_','_','_','_','_','_'}; 
Previous 19: main:buf:1={'a','b','c','d','e','f','g','h','i','j','a','b','c','d','e','f','g','h','i','j','a','b','c','d','e','f','g','h','i','j','a','b','c','d','e','f','g','h','i','j','a','b','c','d','e','f','g','h','i','j','a','b','c','d','e','f','g','h','i','j','a','b','c','d','e','f','g','h','i','j','a','b','c','d','e','f','g','h','i','j','a','b','c','d','e','f','g','h','i','j','a','b','c','d','e','f','g','h','i','j'}; 
Previous 20: main:buf:1={'a','a','a','a','a','a','a','a','a','a','a','a','a','a','a','a','a','a','a','a','a','a','a','a','a','a','a','a','a','a','a','a','a','a','a','a','a','a','a','a','a','a','a','a','a','a','a','a','a','a','b','b','b','b','b','b','b','b','b','b','b','b','b','b','b','b','b','b','b','b','b','b','b','b','b','b','b','b','c','c','c','c','c','c','c','c','c','c','c','c','c','c','c','c','c','c','c','c','c','c'}; 
Previous 21: main:buf:1={'>','0','0','0','0','0','0','0','0','0','0','0','0','0','0','0','0','0','0','0','0','0','0','0','0','0','0','0','0','0','0','0','0','0','0','0','0','0','0','0','0','0','0','0','0','0','0','0','0','0','0','0','0','0','0','0','0','0','0','0','0','0','0','0','0','0','0','0','0','0','0','0','0','0','0','0','0','0','0','0','0','0','0','0','0','0','0','0','0','0','0','0','0','0','0','0','0','0','0','0'}; 
Previous 22: main:buf:1={'a','b','c','d','e','f','g','h','i','j','k','l','m','n','o','p','q','r','s','t','u','v','w','x','y','z','A','B','C','D','E','F','G','H','I','J','K','L','M','N','O','P','Q','R','S','T','U','V','W','X','Y','Z','0','1','2','3','4','5','6','7','8','9','!','@','#','$','%','^','&','*','(','-',')','-','_','+','=','[',']','{','}','|',':',';','<','>','?','/','|','`','~','\'','%','.',',',' ','a','b','c','d'}; 
Previous 23: main:buf:1={'\'','0','\'','\'','\'','\'','\'','\'','\'','\'','\'','\'','\'','\'','\'','\'','\'','\'','\'','\'','\'','\'','\'','\'','\'','\'','\'','\'','\'','\'','\'','\'','\'','\'','\'','\'','\'','\'','\'','\'','\'','\'','\'','\'','\'','\'','\'','\'','\'','\'','\'','\'','\'','\'','\'','\'','\'','\'','\'','\'','\'','\'','\'','\'','\'','\'','\'','\'','\'','\'','\'','\'','\'','\'','\'','\'','\'','\'','\'','\'','\'','\'','\'','\'','\'','\'','\'','\'','\'','\'','\'','\'','\'','\'','\'','\'','\'','\'','\'','\''}; 
Previous 24: main:buf:1={'-','-','-','-','-','-','-','-','-','-','-','-','-','-','-','-','-','-','-','-','-','-','-','-','-','-','-','-','-','-','-','-','=','=','=','=','=','=','=','=','=','=','=','=','=','=','=','=','=','=','=','=','=','=','=','=','=','=','=','=','=','=','+','+','+','+','+','+','+','+','+','+','+','+','+','+','+','+','+','+','+','+','+','+','+','+','+','+','+','+','+','+','+','+','+','+','+','+','+','+'}; 
Previous 25: main:buf:1={'w','p','k','r','G','d','e','Z','q','n','U','O','g','H','5','X','S','m','R','t','J','T','3','c','V','1','l','f','Z','2','u','P','w','L','b','6','Q','z','Z','v','P','x','9','f','c','F','S','q','m','2','D','E','r','C','i','Y','b','k','O','z','4','3','q','a','L','P','c','j','s','g','g','b','8','h','Y','D','n','u','a','n','x','A','p','w','S','l','v','V','g','k','R','o','3','i','e','q','J','n','p','z'}; 
Previous 26: main:buf:1={'\'','`','<','h','?','j','|','k','l','p','b','H','4','-','g','K','o','l','D',';','s','7','5','p','6','w','K','c','>','p','l','?','x','!','q','j','b','w','V','-','M','x','Z','t','y','M','m','}','O','A','e',';','9','C','0','6','?','-','i','c','1','9','u','j','U','T','p','u','#','Z','i','8','A','5','9','f','Z','t','b','g','-','k','g','n','P','q','n','r','Z','Y','!','%','g','a','u','z','e','M','e','z'}; 
Previous 27: main:buf:1={'C','C','C','C','C','C','C','C','C','C','C','C','C','C','C','C','C','C','C','C','C','C','C','C','C','C','C','C','C','C','C','C','C','C','C','C','C','C','C','C','C','C','C','C','C','C','C','C','C','C','C','C','C','C','C','C','C','C','C','C','C','C','C','C','C','C','C','C','C','C','C','C','C','C','C','C','C','C','C','C','C','C','C','C','C','C','C','C','C','C','C','C','C','C','C','C','C','C','C','C'}; 
Previous 28: main:buf:1={'\'','\'','a','a','a','a','a','a','a','a','a','a','a','a','a','a','a','a','a','a','a','a','a','a','a','a','a','a','a','a','a','a','a','a','a','a','a','a','a','a','a','a','a','a','a','a','a','a','a','a','a','a','a','a','a','a','a','a','a','a','a','a','a','a','a','a','a','a','a','a','a','a','a','a','a','a','a','a','a','a','a','a','a','a','a','a','a','a','a','a','a','a','a','a','a','a','a','a','a','a'}; 
Previous 29: main:buf:1={'Z','Z','Z','Z','Z','Z','Z','Z','Z','Z','Z','Z','Z','Z','Z','Z','Z','Z','Z','Z','Z','Z','Z','Z','Z','Z','Z','Z','Z','Z','Z','Z','Z','Z','Z','Z','Z','Z','Z','Z','Z','Z','Z','Z','Z','Z','Z','Z','Z','Z','Z','Z','Z','Z','Z','Z','Z','Z','Z','Z','Z','Z','Z','Z','Z','Z','Z','Z','Z','Z','Z','Z','Z','Z','Z','Z','Z','Z','Z','Z','Z','Z','Z','Z','Z','Z','Z','Z','Z','Z','Z','Z','Z','Z','Z','Z','Z','Z','Z','Z'}; 
Previous 30: main:buf:1={'q','q','q','q','q','q','q','q','q','q','q','q','q','q','q','q','q','q','q','q','q','q','q','q','q','q','q','q','q','q','q','q','q','q','q','q','q','q','q','q','q','q','q','q','q','q','q','q','q','q','q','q','q','q','q','q','q','q','q','q','q','q','q','q','q','q','q','q','q','q','q','q','q','q','q','q','q','q','q','q','q','q','q','q','q','q','q','q','q','q','q','q','q','q','q','q','q','q','q','q'}; 
Previous 31: main:buf:1={'N','a','a','a','a','a','a','a','a','a','a','a','a','a','a','a','a','a','a','a','a','a','a','a','a','a','a','a','a','a','a','a','a','a','a','a','a','a','a','a','a','a','a','a','a','a','a','a','a','a','a','a','a','a','a','a','a','a','a','a','a','a','a','a','a','a','a','a','a','a','a','a','a','a','a','a','a','a','a','a','a','a','a','a','a','a','a','a','a','a','a','a','a','a','a','a','a','a','a','a'}; 
Previous 32: main:buf:1={'A','B','C','D','E','F','G','H','I','J','K','L','M','N','O','P','Q','R','S','T','U','V','W','X','Y','Z','a','b','c','d','e','f','g','h','i','j','k','l','m','n','o','p','q','r','s','t','u','v','w','x','y','z','0','1','2','3','4','5','6','7','8','9','!','@','#','$','%','^','&','*','(',')','-','_','=','[',']','{','}','|',':',';','<','>',',','?','/','~','`',' ','!','#','1','x','y','c','d','e','f','g'}; 
Previous 33: main:buf:1={'m','n','m','n','m','n','m','n','m','n','m','n','m','n','m','n','m','n','m','n','m','n','m','n','m','n','m','n','m','n','m','n','m','n','m','n','m','n','m','n','m','n','m','n','m','n','m','n','m','n','m','n','m','n','m','n','m','n','m','n','m','n','m','n','m','n','m','n','m','n','m','n','m','n','m','n','m','n','m','n','m','n','m','n','m','n','m','n','m','n','m','n','m','n','m','n','m','n','m','n'}; 
Previous 34: main:buf:1={'z','z','z','z','z','z','z','z','z','z','z','z','z','z','z','z','z','z','z','z','z','z','z','z','z','z','z','z','z','z','z','z','z','z','z','z','z','z','z','z','z','z','z','z','z','z','z','z','z','z','z','z','z','z','z','z','z','z','z','z','z','z','z','z','z','z','z','z','z','z','z','z','z','z','z','z','z','z','z','z','z','z','z','z','z','z','z','z','z','z','z','z','z','z','z','z','z','z','z','z'}; 
Previous 35: main:buf:1={'A','B','C','D','E','F','G','H','I','J','K','L','M','N','O','P','Q','R','S','T','U','V','W','X','Y','Z','a','b','c','d','e','f','g','h','i','j','k','l','m','n','o','p','q','r','s','t','u','v','w','x','y','z','0','1','2','3','4','5','6','7','8','9','!','@','#','$','%','^','&','*','(',')','-','_','+','=','[',']','{','}','|',';',';',':',',','.','<','>','?',' ','/','?','?','?','?','?','?','?','?','?'}; 

Program:
extern char __VERIFIER_nondet_char(void);
/*
Commit Number: cea58cb6d8fe0d27bfcbab57776bd36d5c724ec3
URL: https://github.com/GNOME/evolution-data-server/commit/cea58cb6d8fe0d27bfcbab57776bd36d5c724ec3
Project Name: evolution-data-server
License: GPL2
termination: false


*/
int strcspn(const char *strSrc, const char *str)
{
    const char *s;
    const char *t = strSrc;
    while (*t != '\0')
    {
        s = str;
        while (*s != '\0')
        {
            if (*t == *s )
            return t-strSrc;
            ++s;
        }
        ++t;
    }
    return 0;
}
int main()
{
    char buf[100];
    for( int i = 0 ; i < 99 ; i++ )
        buf[i] = __VERIFIER_nondet_char();
    buf[99] = '\0';
    char *p = buf;
    while( *p )
    {
        int len = strcspn( p , ""\n"");
        p += len;
    }
    return 0;

}

"
48,T,"main:buf:1={'\'','\'','\'','\'','\'','\'','\'','\'','\'','\'','\'','\'','\'','\'','\'','\'','\'','\'','\'','\'','\'','\'','\'','\'','\'','\'','\'','\'','\'','\'','\'','\'','\'','\'','\'','\'','\'','\'','\'','\'','\'','\'','\'','\'','\'','\'','\'','\'','\'','\'','\'','\'','\'','\'','\'','\'','\'','\'','\'','\'','\'','\'','\'','\'','\'','\'','\'','\'','\'','\'','\'','\'','\'','\'','\'','\'','\'','\'','\'','\'','\'','\'','\'','\'','\'','\'','\'','\'','\'','\'','\'','\'','\'','\'','\'','\'','\'','\'','\'','\''}
",,DUPLICATE,,false,,"You generate concrete values for nondeterministic inputs in a C/C++ program.
Your goal is to produce ONE complete assignment set that is likely to make the program terminate.

Important rules:
1. Return a value for EVERY listed nondeterministic input ID.
2. Use each ID exactly once.
3. Respect the declared C/C++ type.
4. For an array, return the value as an array containing exactly the required number of elements.
5. For char arrays, each element must be exactly one character. Return the character itself without C single quotes.
6. Prefer small-magnitude values unless larger values are necessary to achieve the requested execution behavior.

Nondeterministic inputs:
- id: main:buf:1, type: char, array: true, size: 100, required elements: 100

Previously generated assignment sets are listed below. Generate a materially different set and do not duplicate any of them.
Previous 1: main:buf:1={':',':','@','A','1','$','a','B','c','D','e','F','g','H','i','J','k','L','m','N','o','P','q','R','s','T','u','V','w','X','y','Z','0','1','2','3','4','5','6','7','8','9','!','?','-','_','+','%','^','&','*','/','`','{','}','[',']','|','~',' ','a','b','c','d','e','f','g','h','i','j','k','l','m','n','o','p','q','r','s','t','u','v','w','x','y','z','A','B','C','D','E','F','G','H','I','J','K','L','M','N'}; 
Previous 2: main:buf:1={'a','a','a','a','a','a','a','a','a','a','a','a','a','a','a','a','a','a','a','a','a','a','a','a','a','a','a','a','a','a','a','a','a','a','a','a','a','a','a','a','a','a','a','a','a','a','a','a','a','a','a','a','a','a','a','a','a','a','a','a','a','a','a','a','a','a','a','a','a','a','a','a','a','a','a','a','a','a','a','a','a','a','a','a','a','a','a','a','a','a','a','a','a','a','a','a','a','a','a','a'}; 
Previous 3: main:buf:1={'0','a','a','a','a','a','a','a','a','a','a','a','a','a','a','a','a','a','a','a','a','a','a','a','a','a','a','a','a','a','a','a','a','a','a','a','a','a','a','a','a','a','a','a','a','a','a','a','a','a','a','a','a','a','a','a','a','a','a','a','a','a','a','a','a','a','a','a','a','a','a','a','a','a','a','a','a','a','a','a','a','a','a','a','a','a','a','a','a','a','a','a','a','a','a','a','a','a','a','a'}; 
Previous 4: main:buf:1={'{','0',',','a','a','a','a','a','a','a','a','a','a','a','a','a','a','a','a','a','a','a','a','a','a','a','a','a','a','a','a','a','a','a','a','a','a','a','a','a','a','a','a','a','a','a','a','a','a','a','a','a','a','a','a','a','a','a','a','a','a','a','a','a','a','a','a','a','a','a','a','a','a','a','a','a','a','a','a','a','a','a','a','a','a','a','a','a','a','a','a','a','a','a','a','a','a','a','a','a'}; 
Previous 5: main:buf:1={'A','A','A','A','A','A','A','A','A','A','A','A','A','A','A','A','A','A','A','A','A','A','A','A','A','A','A','A','A','A','A','A','A','A','A','A','A','A','A','A','A','A','A','A','A','A','A','A','A','A','B','B','B','B','B','B','B','B','B','B','B','B','B','B','B','B','B','B','B','B','B','B','B','B','B','B','B','B','B','B','B','B','B','B','B','B','B','B','B','B','B','B','B','B','B','B','B','B','C','D'}; 
Previous 6: main:buf:1={'b','b','b','b','b','b','b','b','b','b','b','b','b','b','b','b','b','b','b','b','b','b','b','b','b','b','b','b','b','b','b','b','b','b','b','b','b','b','b','b','b','b','b','b','b','b','b','b','b','b','b','b','b','b','b','b','b','b','b','b','b','b','b','b','b','b','b','b','b','b','b','b','b','b','b','b','b','b','b','b','b','b','b','b','b','b','b','b','b','b','b','b','b','b','b','b','b','b','b','b'}; 
Previous 7: main:buf:1={'a','a','a','a','a','a','a','a','a','a','a','a','a','a','a','a','a','a','a','a','a','a','a','a','a','a','a','a','a','a','a','a','a','a','a','a','a','a','a','a','a','a','a','a','a','a','a','a','a','a','a','a','a','a','a','a','a','a','a','a','a','a','a','a','a','a','a','a','a','a','a','a','a','a','a','a','a','a','a','a','a','a','a','a','a','a','a','a','a','a','a','a','a','a','a','a','a','a','b','b'}; 
Previous 8: main:buf:1={'\'','\'','\'','\'','\'','\'','\'','\'','\'','\'','\'','\'','\'','\'','\'','\'','\'','\'','\'','\'','\'','\'','\'','\'','\'','\'','\'','\'','\'','\'','\'','\'','\'','\'','\'','\'','\'','\'','\'','\'','\'','\'','\'','\'','\'','\'','\'','\'','\'','\'','\'','\'','\'','\'','\'','\'','\'','\'','\'','\'','\'','\'','\'','\'','\'','\'','\'','\'','\'','\'','\'','\'','\'','\'','\'','\'','\'','\'','\'','\'','\'','\'','\'','\'','\'','\'','\'','\'','\'','\'','\'','\'','\'','\'','\'','\'','\'','\'','\'','\''}; 
Previous 9: main:buf:1={'A','A','A','A','A','A','A','A','A','A','A','A','A','A','A','A','A','A','A','A','A','A','A','A','A','A','A','A','A','A','A','A','A','A','A','A','A','A','A','A','A','A','A','A','A','A','A','A','A','A','A','A','A','A','A','A','A','A','A','A','A','A','A','A','A','A','A','A','A','A','A','A','A','A','A','A','A','A','A','A','A','A','A','A','A','A','A','A','A','A','A','A','A','A','A','A','A','A','A','A'}; 
Previous 10: main:buf:1={'a','a','a','a','a','a','a','a','a','a','a','a','a','a','a','a','a','a','a','a','a','a','a','a','a','a','a','a','a','a','a','a','a','a','a','a','a','a','a','a','a','a','a','a','a','a','a','a','a','a','a','a','a','a','a','a','a','a','a','a','a','a','a','a','a','a','a','a','a','a','a','a','a','a','a','a','a','a','a','a','a','a','a','a','a','a','a','a','a','a','a','a','a','a','a','a','a','a','a','0'}; 
Previous 11: main:buf:1={'/','*','!','@','#','$','%','^','&','*','-','+','=','_','|','{','}',':',';','?','/','[',']',';','\'','`','~','1','2','3','4','5','6','7','8','9','0','a','b','c','d','e','f','g','h','i','j','k','l','m','n','o','p','q','r','s','t','u','v','w','x','y','z','A','B','C','D','E','F','G','H','I','J','K','L','M','N','O','P','Q','R','S','T','U','V','W','X','Y','Z','!','?','!','?','!','?','!','?','!','?','!'}; 
Previous 12: main:buf:1={'c','c','c','c','c','c','c','c','c','c','c','c','c','c','c','c','c','c','c','c','c','c','c','c','c','c','c','c','c','c','c','c','c','c','c','c','c','c','c','c','c','c','c','c','c','c','c','c','c','c','c','c','c','c','c','c','c','c','c','c','c','c','c','c','c','c','c','c','c','c','c','c','c','c','c','c','c','c','c','c','c','c','c','c','c','c','c','c','c','c','c','c','c','c','c','c','c','c','c','d'}; 
Previous 13: main:buf:1={'0','0','0','0','0','0','0','0','0','0','0','0','0','0','0','0','0','0','0','0','0','0','0','0','0','0','0','0','0','0','0','0','0','0','0','0','0','0','0','0','0','0','0','0','0','0','0','0','0','0','0','0','0','0','0','0','0','0','0','0','0','0','0','0','0','0','0','0','0','0','0','0','0','0','0','0','0','0','0','0','0','0','0','0','0','0','0','0','0','0','0','0','0','0','0','0','0','0','0','0'}; 
Previous 14: main:buf:1={'x','y','x','y','x','y','x','y','x','y','x','y','x','y','x','y','x','y','x','y','x','y','x','y','x','y','x','y','x','y','x','y','x','y','x','y','x','y','x','y','x','y','x','y','x','y','x','y','x','y','x','y','x','y','x','y','x','y','x','y','x','y','x','y','x','y','x','y','x','y','x','y','x','y','x','y','x','y','x','y','x','y','x','y','x','y','x','y','x','y','x','y','x','y','x','y','x','y','x','y'}; 
Previous 15: main:buf:1={'0','1','2','3','4','5','6','7','8','9','A','B','C','D','E','F','G','H','I','J','K','L','M','N','O','P','Q','R','S','T','U','V','W','X','Y','Z','a','b','c','d','e','f','g','h','i','j','k','l','m','n','o','p','q','r','s','t','u','v','w','x','y','z','!','@','#','$','%','^','&','*','(',')','-','_','=','+','[',']','{','}','|','/','?',' ','~','`',' ',' ','!','@','#','$','%','^','&','*','(',')','-','['}; 
Previous 16: main:buf:1={'\'','0','\'','\'','a','\'','a','\'','a','\'','a','\'','a','\'','a','\'','a','\'','a','\'','a','\'','a','\'','a','\'','a','\'','a','\'','a','\'','a','\'','a','\'','a','\'','a','\'','a','\'','a','\'','a','\'','a','\'','a','\'','a','\'','a','\'','a','\'','a','\'','a','\'','a','\'','a','\'','a','\'','a','\'','a','\'','a','\'','a','\'','a','\'','a','\'','a','\'','a','\'','a','\'','a','\'','a','\'','a','\'','a','\'','a','\'','a','\'','a','\'','a','\''}; 
Previous 17: main:buf:1={'g','g','g','g','g','g','g','g','g','g','g','g','g','g','g','g','g','g','g','g','g','g','g','g','g','g','g','g','g','g','g','g','g','g','g','g','g','g','g','g','g','g','g','g','g','g','g','g','g','g','g','g','g','g','g','g','g','g','g','g','g','g','g','g','g','g','g','g','g','g','g','g','g','g','g','g','g','g','g','g','g','g','g','g','g','g','g','g','g','g','g','g','g','g','g','g','g','g','g','g'}; 
Previous 18: main:buf:1={'_','_','_','_','_','_','_','_','_','_','_','_','_','_','_','_','_','_','_','_','_','_','_','_','_','_','_','_','_','_','_','_','_','_','_','_','_','_','_','_','_','_','_','_','_','_','_','_','_','_','_','_','_','_','_','_','_','_','_','_','_','_','_','_','_','_','_','_','_','_','_','_','_','_','_','_','_','_','_','_','_','_','_','_','_','_','_','_','_','_','_','_','_','_','_','_','_','_','_','_'}; 
Previous 19: main:buf:1={'a','b','c','d','e','f','g','h','i','j','a','b','c','d','e','f','g','h','i','j','a','b','c','d','e','f','g','h','i','j','a','b','c','d','e','f','g','h','i','j','a','b','c','d','e','f','g','h','i','j','a','b','c','d','e','f','g','h','i','j','a','b','c','d','e','f','g','h','i','j','a','b','c','d','e','f','g','h','i','j','a','b','c','d','e','f','g','h','i','j','a','b','c','d','e','f','g','h','i','j'}; 
Previous 20: main:buf:1={'a','a','a','a','a','a','a','a','a','a','a','a','a','a','a','a','a','a','a','a','a','a','a','a','a','a','a','a','a','a','a','a','a','a','a','a','a','a','a','a','a','a','a','a','a','a','a','a','a','a','b','b','b','b','b','b','b','b','b','b','b','b','b','b','b','b','b','b','b','b','b','b','b','b','b','b','b','b','c','c','c','c','c','c','c','c','c','c','c','c','c','c','c','c','c','c','c','c','c','c'}; 
Previous 21: main:buf:1={'>','0','0','0','0','0','0','0','0','0','0','0','0','0','0','0','0','0','0','0','0','0','0','0','0','0','0','0','0','0','0','0','0','0','0','0','0','0','0','0','0','0','0','0','0','0','0','0','0','0','0','0','0','0','0','0','0','0','0','0','0','0','0','0','0','0','0','0','0','0','0','0','0','0','0','0','0','0','0','0','0','0','0','0','0','0','0','0','0','0','0','0','0','0','0','0','0','0','0','0'}; 
Previous 22: main:buf:1={'a','b','c','d','e','f','g','h','i','j','k','l','m','n','o','p','q','r','s','t','u','v','w','x','y','z','A','B','C','D','E','F','G','H','I','J','K','L','M','N','O','P','Q','R','S','T','U','V','W','X','Y','Z','0','1','2','3','4','5','6','7','8','9','!','@','#','$','%','^','&','*','(','-',')','-','_','+','=','[',']','{','}','|',':',';','<','>','?','/','|','`','~','\'','%','.',',',' ','a','b','c','d'}; 
Previous 23: main:buf:1={'\'','0','\'','\'','\'','\'','\'','\'','\'','\'','\'','\'','\'','\'','\'','\'','\'','\'','\'','\'','\'','\'','\'','\'','\'','\'','\'','\'','\'','\'','\'','\'','\'','\'','\'','\'','\'','\'','\'','\'','\'','\'','\'','\'','\'','\'','\'','\'','\'','\'','\'','\'','\'','\'','\'','\'','\'','\'','\'','\'','\'','\'','\'','\'','\'','\'','\'','\'','\'','\'','\'','\'','\'','\'','\'','\'','\'','\'','\'','\'','\'','\'','\'','\'','\'','\'','\'','\'','\'','\'','\'','\'','\'','\'','\'','\'','\'','\'','\'','\''}; 
Previous 24: main:buf:1={'-','-','-','-','-','-','-','-','-','-','-','-','-','-','-','-','-','-','-','-','-','-','-','-','-','-','-','-','-','-','-','-','=','=','=','=','=','=','=','=','=','=','=','=','=','=','=','=','=','=','=','=','=','=','=','=','=','=','=','=','=','=','+','+','+','+','+','+','+','+','+','+','+','+','+','+','+','+','+','+','+','+','+','+','+','+','+','+','+','+','+','+','+','+','+','+','+','+','+','+'}; 
Previous 25: main:buf:1={'w','p','k','r','G','d','e','Z','q','n','U','O','g','H','5','X','S','m','R','t','J','T','3','c','V','1','l','f','Z','2','u','P','w','L','b','6','Q','z','Z','v','P','x','9','f','c','F','S','q','m','2','D','E','r','C','i','Y','b','k','O','z','4','3','q','a','L','P','c','j','s','g','g','b','8','h','Y','D','n','u','a','n','x','A','p','w','S','l','v','V','g','k','R','o','3','i','e','q','J','n','p','z'}; 
Previous 26: main:buf:1={'\'','`','<','h','?','j','|','k','l','p','b','H','4','-','g','K','o','l','D',';','s','7','5','p','6','w','K','c','>','p','l','?','x','!','q','j','b','w','V','-','M','x','Z','t','y','M','m','}','O','A','e',';','9','C','0','6','?','-','i','c','1','9','u','j','U','T','p','u','#','Z','i','8','A','5','9','f','Z','t','b','g','-','k','g','n','P','q','n','r','Z','Y','!','%','g','a','u','z','e','M','e','z'}; 
Previous 27: main:buf:1={'C','C','C','C','C','C','C','C','C','C','C','C','C','C','C','C','C','C','C','C','C','C','C','C','C','C','C','C','C','C','C','C','C','C','C','C','C','C','C','C','C','C','C','C','C','C','C','C','C','C','C','C','C','C','C','C','C','C','C','C','C','C','C','C','C','C','C','C','C','C','C','C','C','C','C','C','C','C','C','C','C','C','C','C','C','C','C','C','C','C','C','C','C','C','C','C','C','C','C','C'}; 
Previous 28: main:buf:1={'\'','\'','a','a','a','a','a','a','a','a','a','a','a','a','a','a','a','a','a','a','a','a','a','a','a','a','a','a','a','a','a','a','a','a','a','a','a','a','a','a','a','a','a','a','a','a','a','a','a','a','a','a','a','a','a','a','a','a','a','a','a','a','a','a','a','a','a','a','a','a','a','a','a','a','a','a','a','a','a','a','a','a','a','a','a','a','a','a','a','a','a','a','a','a','a','a','a','a','a','a'}; 
Previous 29: main:buf:1={'Z','Z','Z','Z','Z','Z','Z','Z','Z','Z','Z','Z','Z','Z','Z','Z','Z','Z','Z','Z','Z','Z','Z','Z','Z','Z','Z','Z','Z','Z','Z','Z','Z','Z','Z','Z','Z','Z','Z','Z','Z','Z','Z','Z','Z','Z','Z','Z','Z','Z','Z','Z','Z','Z','Z','Z','Z','Z','Z','Z','Z','Z','Z','Z','Z','Z','Z','Z','Z','Z','Z','Z','Z','Z','Z','Z','Z','Z','Z','Z','Z','Z','Z','Z','Z','Z','Z','Z','Z','Z','Z','Z','Z','Z','Z','Z','Z','Z','Z','Z'}; 
Previous 30: main:buf:1={'q','q','q','q','q','q','q','q','q','q','q','q','q','q','q','q','q','q','q','q','q','q','q','q','q','q','q','q','q','q','q','q','q','q','q','q','q','q','q','q','q','q','q','q','q','q','q','q','q','q','q','q','q','q','q','q','q','q','q','q','q','q','q','q','q','q','q','q','q','q','q','q','q','q','q','q','q','q','q','q','q','q','q','q','q','q','q','q','q','q','q','q','q','q','q','q','q','q','q','q'}; 
Previous 31: main:buf:1={'N','a','a','a','a','a','a','a','a','a','a','a','a','a','a','a','a','a','a','a','a','a','a','a','a','a','a','a','a','a','a','a','a','a','a','a','a','a','a','a','a','a','a','a','a','a','a','a','a','a','a','a','a','a','a','a','a','a','a','a','a','a','a','a','a','a','a','a','a','a','a','a','a','a','a','a','a','a','a','a','a','a','a','a','a','a','a','a','a','a','a','a','a','a','a','a','a','a','a','a'}; 
Previous 32: main:buf:1={'A','B','C','D','E','F','G','H','I','J','K','L','M','N','O','P','Q','R','S','T','U','V','W','X','Y','Z','a','b','c','d','e','f','g','h','i','j','k','l','m','n','o','p','q','r','s','t','u','v','w','x','y','z','0','1','2','3','4','5','6','7','8','9','!','@','#','$','%','^','&','*','(',')','-','_','=','[',']','{','}','|',':',';','<','>',',','?','/','~','`',' ','!','#','1','x','y','c','d','e','f','g'}; 
Previous 33: main:buf:1={'m','n','m','n','m','n','m','n','m','n','m','n','m','n','m','n','m','n','m','n','m','n','m','n','m','n','m','n','m','n','m','n','m','n','m','n','m','n','m','n','m','n','m','n','m','n','m','n','m','n','m','n','m','n','m','n','m','n','m','n','m','n','m','n','m','n','m','n','m','n','m','n','m','n','m','n','m','n','m','n','m','n','m','n','m','n','m','n','m','n','m','n','m','n','m','n','m','n','m','n'}; 
Previous 34: main:buf:1={'z','z','z','z','z','z','z','z','z','z','z','z','z','z','z','z','z','z','z','z','z','z','z','z','z','z','z','z','z','z','z','z','z','z','z','z','z','z','z','z','z','z','z','z','z','z','z','z','z','z','z','z','z','z','z','z','z','z','z','z','z','z','z','z','z','z','z','z','z','z','z','z','z','z','z','z','z','z','z','z','z','z','z','z','z','z','z','z','z','z','z','z','z','z','z','z','z','z','z','z'}; 
Previous 35: main:buf:1={'A','B','C','D','E','F','G','H','I','J','K','L','M','N','O','P','Q','R','S','T','U','V','W','X','Y','Z','a','b','c','d','e','f','g','h','i','j','k','l','m','n','o','p','q','r','s','t','u','v','w','x','y','z','0','1','2','3','4','5','6','7','8','9','!','@','#','$','%','^','&','*','(',')','-','_','+','=','[',']','{','}','|',';',';',':',',','.','<','>','?',' ','/','?','?','?','?','?','?','?','?','?'}; 
Previous 36: main:buf:1={'\'','\'','\'','\'','\'','\'','\'','\'','\'','\'','\'','\'','\'','\'','\'','\'','\'','\'','\'','\'','\'','\'','\'','\'','\'','\'','\'','\'','\'','\'','\'','\'','\'','\'','\'','\'','\'','\'','\'','\'','\'','\'','\'','\'','\'','\'','\'','\'','\'','\'','\'','\'','\'','\'','\'','\'','\'','\'','\'','\'','\'','\'','\'','\'','\'','\'','\'','\'','\'','\'','\'','\'','\'','\'','\'','\'','\'','\'','\'','\'','\'','\'','\'','\'','\'','\'','\'','\'','\'','\'','\'','\'','\'','\'','\'','\'','\'','\'','a','a'}; 

Program:
extern char __VERIFIER_nondet_char(void);
/*
Commit Number: cea58cb6d8fe0d27bfcbab57776bd36d5c724ec3
URL: https://github.com/GNOME/evolution-data-server/commit/cea58cb6d8fe0d27bfcbab57776bd36d5c724ec3
Project Name: evolution-data-server
License: GPL2
termination: false


*/
int strcspn(const char *strSrc, const char *str)
{
    const char *s;
    const char *t = strSrc;
    while (*t != '\0')
    {
        s = str;
        while (*s != '\0')
        {
            if (*t == *s )
            return t-strSrc;
            ++s;
        }
        ++t;
    }
    return 0;
}
int main()
{
    char buf[100];
    for( int i = 0 ; i < 99 ; i++ )
        buf[i] = __VERIFIER_nondet_char();
    buf[99] = '\0';
    char *p = buf;
    while( *p )
    {
        int len = strcspn( p , ""\n"");
        p += len;
    }
    return 0;

}

"
49,T,"main:buf:1={'\'','0','\'',',','\'','0','\'',',','\'','0','\'',',','\'','0','\'',',','\'','0','\'',',','\'','0','\'',',','\'','0','\'',',','\'','0','\'',',','\'','0','\'',',','\'','0','\'',',','\'','0','\'',',','\'','0','\'',',','\'','0','\'',',','\'','0','\'',',','\'','0','\'',',','\'','0','\'',',','\'','0','\'',',','\'','0','\'',',','\'','0','\'',',','\'','0','\'',',','\'','0','\'',',','\'','0','\'',',','\'','0','\'',',','\'','0','\'',',','\'','0','\'',','}
",,TIMEOUT,LIKELY_NT,false,,"You generate concrete values for nondeterministic inputs in a C/C++ program.
Your goal is to produce ONE complete assignment set that is likely to make the program terminate.

Important rules:
1. Return a value for EVERY listed nondeterministic input ID.
2. Use each ID exactly once.
3. Respect the declared C/C++ type.
4. For an array, return the value as an array containing exactly the required number of elements.
5. For char arrays, each element must be exactly one character. Return the character itself without C single quotes.
6. Prefer small-magnitude values unless larger values are necessary to achieve the requested execution behavior.

Nondeterministic inputs:
- id: main:buf:1, type: char, array: true, size: 100, required elements: 100

Previously generated assignment sets are listed below. Generate a materially different set and do not duplicate any of them.
Previous 1: main:buf:1={':',':','@','A','1','$','a','B','c','D','e','F','g','H','i','J','k','L','m','N','o','P','q','R','s','T','u','V','w','X','y','Z','0','1','2','3','4','5','6','7','8','9','!','?','-','_','+','%','^','&','*','/','`','{','}','[',']','|','~',' ','a','b','c','d','e','f','g','h','i','j','k','l','m','n','o','p','q','r','s','t','u','v','w','x','y','z','A','B','C','D','E','F','G','H','I','J','K','L','M','N'}; 
Previous 2: main:buf:1={'a','a','a','a','a','a','a','a','a','a','a','a','a','a','a','a','a','a','a','a','a','a','a','a','a','a','a','a','a','a','a','a','a','a','a','a','a','a','a','a','a','a','a','a','a','a','a','a','a','a','a','a','a','a','a','a','a','a','a','a','a','a','a','a','a','a','a','a','a','a','a','a','a','a','a','a','a','a','a','a','a','a','a','a','a','a','a','a','a','a','a','a','a','a','a','a','a','a','a','a'}; 
Previous 3: main:buf:1={'0','a','a','a','a','a','a','a','a','a','a','a','a','a','a','a','a','a','a','a','a','a','a','a','a','a','a','a','a','a','a','a','a','a','a','a','a','a','a','a','a','a','a','a','a','a','a','a','a','a','a','a','a','a','a','a','a','a','a','a','a','a','a','a','a','a','a','a','a','a','a','a','a','a','a','a','a','a','a','a','a','a','a','a','a','a','a','a','a','a','a','a','a','a','a','a','a','a','a','a'}; 
Previous 4: main:buf:1={'{','0',',','a','a','a','a','a','a','a','a','a','a','a','a','a','a','a','a','a','a','a','a','a','a','a','a','a','a','a','a','a','a','a','a','a','a','a','a','a','a','a','a','a','a','a','a','a','a','a','a','a','a','a','a','a','a','a','a','a','a','a','a','a','a','a','a','a','a','a','a','a','a','a','a','a','a','a','a','a','a','a','a','a','a','a','a','a','a','a','a','a','a','a','a','a','a','a','a','a'}; 
Previous 5: main:buf:1={'A','A','A','A','A','A','A','A','A','A','A','A','A','A','A','A','A','A','A','A','A','A','A','A','A','A','A','A','A','A','A','A','A','A','A','A','A','A','A','A','A','A','A','A','A','A','A','A','A','A','B','B','B','B','B','B','B','B','B','B','B','B','B','B','B','B','B','B','B','B','B','B','B','B','B','B','B','B','B','B','B','B','B','B','B','B','B','B','B','B','B','B','B','B','B','B','B','B','C','D'}; 
Previous 6: main:buf:1={'b','b','b','b','b','b','b','b','b','b','b','b','b','b','b','b','b','b','b','b','b','b','b','b','b','b','b','b','b','b','b','b','b','b','b','b','b','b','b','b','b','b','b','b','b','b','b','b','b','b','b','b','b','b','b','b','b','b','b','b','b','b','b','b','b','b','b','b','b','b','b','b','b','b','b','b','b','b','b','b','b','b','b','b','b','b','b','b','b','b','b','b','b','b','b','b','b','b','b','b'}; 
Previous 7: main:buf:1={'a','a','a','a','a','a','a','a','a','a','a','a','a','a','a','a','a','a','a','a','a','a','a','a','a','a','a','a','a','a','a','a','a','a','a','a','a','a','a','a','a','a','a','a','a','a','a','a','a','a','a','a','a','a','a','a','a','a','a','a','a','a','a','a','a','a','a','a','a','a','a','a','a','a','a','a','a','a','a','a','a','a','a','a','a','a','a','a','a','a','a','a','a','a','a','a','a','a','b','b'}; 
Previous 8: main:buf:1={'\'','\'','\'','\'','\'','\'','\'','\'','\'','\'','\'','\'','\'','\'','\'','\'','\'','\'','\'','\'','\'','\'','\'','\'','\'','\'','\'','\'','\'','\'','\'','\'','\'','\'','\'','\'','\'','\'','\'','\'','\'','\'','\'','\'','\'','\'','\'','\'','\'','\'','\'','\'','\'','\'','\'','\'','\'','\'','\'','\'','\'','\'','\'','\'','\'','\'','\'','\'','\'','\'','\'','\'','\'','\'','\'','\'','\'','\'','\'','\'','\'','\'','\'','\'','\'','\'','\'','\'','\'','\'','\'','\'','\'','\'','\'','\'','\'','\'','\'','\''}; 
Previous 9: main:buf:1={'A','A','A','A','A','A','A','A','A','A','A','A','A','A','A','A','A','A','A','A','A','A','A','A','A','A','A','A','A','A','A','A','A','A','A','A','A','A','A','A','A','A','A','A','A','A','A','A','A','A','A','A','A','A','A','A','A','A','A','A','A','A','A','A','A','A','A','A','A','A','A','A','A','A','A','A','A','A','A','A','A','A','A','A','A','A','A','A','A','A','A','A','A','A','A','A','A','A','A','A'}; 
Previous 10: main:buf:1={'a','a','a','a','a','a','a','a','a','a','a','a','a','a','a','a','a','a','a','a','a','a','a','a','a','a','a','a','a','a','a','a','a','a','a','a','a','a','a','a','a','a','a','a','a','a','a','a','a','a','a','a','a','a','a','a','a','a','a','a','a','a','a','a','a','a','a','a','a','a','a','a','a','a','a','a','a','a','a','a','a','a','a','a','a','a','a','a','a','a','a','a','a','a','a','a','a','a','a','0'}; 
Previous 11: main:buf:1={'/','*','!','@','#','$','%','^','&','*','-','+','=','_','|','{','}',':',';','?','/','[',']',';','\'','`','~','1','2','3','4','5','6','7','8','9','0','a','b','c','d','e','f','g','h','i','j','k','l','m','n','o','p','q','r','s','t','u','v','w','x','y','z','A','B','C','D','E','F','G','H','I','J','K','L','M','N','O','P','Q','R','S','T','U','V','W','X','Y','Z','!','?','!','?','!','?','!','?','!','?','!'}; 
Previous 12: main:buf:1={'c','c','c','c','c','c','c','c','c','c','c','c','c','c','c','c','c','c','c','c','c','c','c','c','c','c','c','c','c','c','c','c','c','c','c','c','c','c','c','c','c','c','c','c','c','c','c','c','c','c','c','c','c','c','c','c','c','c','c','c','c','c','c','c','c','c','c','c','c','c','c','c','c','c','c','c','c','c','c','c','c','c','c','c','c','c','c','c','c','c','c','c','c','c','c','c','c','c','c','d'}; 
Previous 13: main:buf:1={'0','0','0','0','0','0','0','0','0','0','0','0','0','0','0','0','0','0','0','0','0','0','0','0','0','0','0','0','0','0','0','0','0','0','0','0','0','0','0','0','0','0','0','0','0','0','0','0','0','0','0','0','0','0','0','0','0','0','0','0','0','0','0','0','0','0','0','0','0','0','0','0','0','0','0','0','0','0','0','0','0','0','0','0','0','0','0','0','0','0','0','0','0','0','0','0','0','0','0','0'}; 
Previous 14: main:buf:1={'x','y','x','y','x','y','x','y','x','y','x','y','x','y','x','y','x','y','x','y','x','y','x','y','x','y','x','y','x','y','x','y','x','y','x','y','x','y','x','y','x','y','x','y','x','y','x','y','x','y','x','y','x','y','x','y','x','y','x','y','x','y','x','y','x','y','x','y','x','y','x','y','x','y','x','y','x','y','x','y','x','y','x','y','x','y','x','y','x','y','x','y','x','y','x','y','x','y','x','y'}; 
Previous 15: main:buf:1={'0','1','2','3','4','5','6','7','8','9','A','B','C','D','E','F','G','H','I','J','K','L','M','N','O','P','Q','R','S','T','U','V','W','X','Y','Z','a','b','c','d','e','f','g','h','i','j','k','l','m','n','o','p','q','r','s','t','u','v','w','x','y','z','!','@','#','$','%','^','&','*','(',')','-','_','=','+','[',']','{','}','|','/','?',' ','~','`',' ',' ','!','@','#','$','%','^','&','*','(',')','-','['}; 
Previous 16: main:buf:1={'\'','0','\'','\'','a','\'','a','\'','a','\'','a','\'','a','\'','a','\'','a','\'','a','\'','a','\'','a','\'','a','\'','a','\'','a','\'','a','\'','a','\'','a','\'','a','\'','a','\'','a','\'','a','\'','a','\'','a','\'','a','\'','a','\'','a','\'','a','\'','a','\'','a','\'','a','\'','a','\'','a','\'','a','\'','a','\'','a','\'','a','\'','a','\'','a','\'','a','\'','a','\'','a','\'','a','\'','a','\'','a','\'','a','\'','a','\'','a','\'','a','\'','a','\''}; 
Previous 17: main:buf:1={'g','g','g','g','g','g','g','g','g','g','g','g','g','g','g','g','g','g','g','g','g','g','g','g','g','g','g','g','g','g','g','g','g','g','g','g','g','g','g','g','g','g','g','g','g','g','g','g','g','g','g','g','g','g','g','g','g','g','g','g','g','g','g','g','g','g','g','g','g','g','g','g','g','g','g','g','g','g','g','g','g','g','g','g','g','g','g','g','g','g','g','g','g','g','g','g','g','g','g','g'}; 
Previous 18: main:buf:1={'_','_','_','_','_','_','_','_','_','_','_','_','_','_','_','_','_','_','_','_','_','_','_','_','_','_','_','_','_','_','_','_','_','_','_','_','_','_','_','_','_','_','_','_','_','_','_','_','_','_','_','_','_','_','_','_','_','_','_','_','_','_','_','_','_','_','_','_','_','_','_','_','_','_','_','_','_','_','_','_','_','_','_','_','_','_','_','_','_','_','_','_','_','_','_','_','_','_','_','_'}; 
Previous 19: main:buf:1={'a','b','c','d','e','f','g','h','i','j','a','b','c','d','e','f','g','h','i','j','a','b','c','d','e','f','g','h','i','j','a','b','c','d','e','f','g','h','i','j','a','b','c','d','e','f','g','h','i','j','a','b','c','d','e','f','g','h','i','j','a','b','c','d','e','f','g','h','i','j','a','b','c','d','e','f','g','h','i','j','a','b','c','d','e','f','g','h','i','j','a','b','c','d','e','f','g','h','i','j'}; 
Previous 20: main:buf:1={'a','a','a','a','a','a','a','a','a','a','a','a','a','a','a','a','a','a','a','a','a','a','a','a','a','a','a','a','a','a','a','a','a','a','a','a','a','a','a','a','a','a','a','a','a','a','a','a','a','a','b','b','b','b','b','b','b','b','b','b','b','b','b','b','b','b','b','b','b','b','b','b','b','b','b','b','b','b','c','c','c','c','c','c','c','c','c','c','c','c','c','c','c','c','c','c','c','c','c','c'}; 
Previous 21: main:buf:1={'>','0','0','0','0','0','0','0','0','0','0','0','0','0','0','0','0','0','0','0','0','0','0','0','0','0','0','0','0','0','0','0','0','0','0','0','0','0','0','0','0','0','0','0','0','0','0','0','0','0','0','0','0','0','0','0','0','0','0','0','0','0','0','0','0','0','0','0','0','0','0','0','0','0','0','0','0','0','0','0','0','0','0','0','0','0','0','0','0','0','0','0','0','0','0','0','0','0','0','0'}; 
Previous 22: main:buf:1={'a','b','c','d','e','f','g','h','i','j','k','l','m','n','o','p','q','r','s','t','u','v','w','x','y','z','A','B','C','D','E','F','G','H','I','J','K','L','M','N','O','P','Q','R','S','T','U','V','W','X','Y','Z','0','1','2','3','4','5','6','7','8','9','!','@','#','$','%','^','&','*','(','-',')','-','_','+','=','[',']','{','}','|',':',';','<','>','?','/','|','`','~','\'','%','.',',',' ','a','b','c','d'}; 
Previous 23: main:buf:1={'\'','0','\'','\'','\'','\'','\'','\'','\'','\'','\'','\'','\'','\'','\'','\'','\'','\'','\'','\'','\'','\'','\'','\'','\'','\'','\'','\'','\'','\'','\'','\'','\'','\'','\'','\'','\'','\'','\'','\'','\'','\'','\'','\'','\'','\'','\'','\'','\'','\'','\'','\'','\'','\'','\'','\'','\'','\'','\'','\'','\'','\'','\'','\'','\'','\'','\'','\'','\'','\'','\'','\'','\'','\'','\'','\'','\'','\'','\'','\'','\'','\'','\'','\'','\'','\'','\'','\'','\'','\'','\'','\'','\'','\'','\'','\'','\'','\'','\'','\''}; 
Previous 24: main:buf:1={'-','-','-','-','-','-','-','-','-','-','-','-','-','-','-','-','-','-','-','-','-','-','-','-','-','-','-','-','-','-','-','-','=','=','=','=','=','=','=','=','=','=','=','=','=','=','=','=','=','=','=','=','=','=','=','=','=','=','=','=','=','=','+','+','+','+','+','+','+','+','+','+','+','+','+','+','+','+','+','+','+','+','+','+','+','+','+','+','+','+','+','+','+','+','+','+','+','+','+','+'}; 
Previous 25: main:buf:1={'w','p','k','r','G','d','e','Z','q','n','U','O','g','H','5','X','S','m','R','t','J','T','3','c','V','1','l','f','Z','2','u','P','w','L','b','6','Q','z','Z','v','P','x','9','f','c','F','S','q','m','2','D','E','r','C','i','Y','b','k','O','z','4','3','q','a','L','P','c','j','s','g','g','b','8','h','Y','D','n','u','a','n','x','A','p','w','S','l','v','V','g','k','R','o','3','i','e','q','J','n','p','z'}; 
Previous 26: main:buf:1={'\'','`','<','h','?','j','|','k','l','p','b','H','4','-','g','K','o','l','D',';','s','7','5','p','6','w','K','c','>','p','l','?','x','!','q','j','b','w','V','-','M','x','Z','t','y','M','m','}','O','A','e',';','9','C','0','6','?','-','i','c','1','9','u','j','U','T','p','u','#','Z','i','8','A','5','9','f','Z','t','b','g','-','k','g','n','P','q','n','r','Z','Y','!','%','g','a','u','z','e','M','e','z'}; 
Previous 27: main:buf:1={'C','C','C','C','C','C','C','C','C','C','C','C','C','C','C','C','C','C','C','C','C','C','C','C','C','C','C','C','C','C','C','C','C','C','C','C','C','C','C','C','C','C','C','C','C','C','C','C','C','C','C','C','C','C','C','C','C','C','C','C','C','C','C','C','C','C','C','C','C','C','C','C','C','C','C','C','C','C','C','C','C','C','C','C','C','C','C','C','C','C','C','C','C','C','C','C','C','C','C','C'}; 
Previous 28: main:buf:1={'\'','\'','a','a','a','a','a','a','a','a','a','a','a','a','a','a','a','a','a','a','a','a','a','a','a','a','a','a','a','a','a','a','a','a','a','a','a','a','a','a','a','a','a','a','a','a','a','a','a','a','a','a','a','a','a','a','a','a','a','a','a','a','a','a','a','a','a','a','a','a','a','a','a','a','a','a','a','a','a','a','a','a','a','a','a','a','a','a','a','a','a','a','a','a','a','a','a','a','a','a'}; 
Previous 29: main:buf:1={'Z','Z','Z','Z','Z','Z','Z','Z','Z','Z','Z','Z','Z','Z','Z','Z','Z','Z','Z','Z','Z','Z','Z','Z','Z','Z','Z','Z','Z','Z','Z','Z','Z','Z','Z','Z','Z','Z','Z','Z','Z','Z','Z','Z','Z','Z','Z','Z','Z','Z','Z','Z','Z','Z','Z','Z','Z','Z','Z','Z','Z','Z','Z','Z','Z','Z','Z','Z','Z','Z','Z','Z','Z','Z','Z','Z','Z','Z','Z','Z','Z','Z','Z','Z','Z','Z','Z','Z','Z','Z','Z','Z','Z','Z','Z','Z','Z','Z','Z','Z'}; 
Previous 30: main:buf:1={'q','q','q','q','q','q','q','q','q','q','q','q','q','q','q','q','q','q','q','q','q','q','q','q','q','q','q','q','q','q','q','q','q','q','q','q','q','q','q','q','q','q','q','q','q','q','q','q','q','q','q','q','q','q','q','q','q','q','q','q','q','q','q','q','q','q','q','q','q','q','q','q','q','q','q','q','q','q','q','q','q','q','q','q','q','q','q','q','q','q','q','q','q','q','q','q','q','q','q','q'}; 
Previous 31: main:buf:1={'N','a','a','a','a','a','a','a','a','a','a','a','a','a','a','a','a','a','a','a','a','a','a','a','a','a','a','a','a','a','a','a','a','a','a','a','a','a','a','a','a','a','a','a','a','a','a','a','a','a','a','a','a','a','a','a','a','a','a','a','a','a','a','a','a','a','a','a','a','a','a','a','a','a','a','a','a','a','a','a','a','a','a','a','a','a','a','a','a','a','a','a','a','a','a','a','a','a','a','a'}; 
Previous 32: main:buf:1={'A','B','C','D','E','F','G','H','I','J','K','L','M','N','O','P','Q','R','S','T','U','V','W','X','Y','Z','a','b','c','d','e','f','g','h','i','j','k','l','m','n','o','p','q','r','s','t','u','v','w','x','y','z','0','1','2','3','4','5','6','7','8','9','!','@','#','$','%','^','&','*','(',')','-','_','=','[',']','{','}','|',':',';','<','>',',','?','/','~','`',' ','!','#','1','x','y','c','d','e','f','g'}; 
Previous 33: main:buf:1={'m','n','m','n','m','n','m','n','m','n','m','n','m','n','m','n','m','n','m','n','m','n','m','n','m','n','m','n','m','n','m','n','m','n','m','n','m','n','m','n','m','n','m','n','m','n','m','n','m','n','m','n','m','n','m','n','m','n','m','n','m','n','m','n','m','n','m','n','m','n','m','n','m','n','m','n','m','n','m','n','m','n','m','n','m','n','m','n','m','n','m','n','m','n','m','n','m','n','m','n'}; 
Previous 34: main:buf:1={'z','z','z','z','z','z','z','z','z','z','z','z','z','z','z','z','z','z','z','z','z','z','z','z','z','z','z','z','z','z','z','z','z','z','z','z','z','z','z','z','z','z','z','z','z','z','z','z','z','z','z','z','z','z','z','z','z','z','z','z','z','z','z','z','z','z','z','z','z','z','z','z','z','z','z','z','z','z','z','z','z','z','z','z','z','z','z','z','z','z','z','z','z','z','z','z','z','z','z','z'}; 
Previous 35: main:buf:1={'A','B','C','D','E','F','G','H','I','J','K','L','M','N','O','P','Q','R','S','T','U','V','W','X','Y','Z','a','b','c','d','e','f','g','h','i','j','k','l','m','n','o','p','q','r','s','t','u','v','w','x','y','z','0','1','2','3','4','5','6','7','8','9','!','@','#','$','%','^','&','*','(',')','-','_','+','=','[',']','{','}','|',';',';',':',',','.','<','>','?',' ','/','?','?','?','?','?','?','?','?','?'}; 
Previous 36: main:buf:1={'\'','\'','\'','\'','\'','\'','\'','\'','\'','\'','\'','\'','\'','\'','\'','\'','\'','\'','\'','\'','\'','\'','\'','\'','\'','\'','\'','\'','\'','\'','\'','\'','\'','\'','\'','\'','\'','\'','\'','\'','\'','\'','\'','\'','\'','\'','\'','\'','\'','\'','\'','\'','\'','\'','\'','\'','\'','\'','\'','\'','\'','\'','\'','\'','\'','\'','\'','\'','\'','\'','\'','\'','\'','\'','\'','\'','\'','\'','\'','\'','\'','\'','\'','\'','\'','\'','\'','\'','\'','\'','\'','\'','\'','\'','\'','\'','\'','\'','a','a'}; 

Program:
extern char __VERIFIER_nondet_char(void);
/*
Commit Number: cea58cb6d8fe0d27bfcbab57776bd36d5c724ec3
URL: https://github.com/GNOME/evolution-data-server/commit/cea58cb6d8fe0d27bfcbab57776bd36d5c724ec3
Project Name: evolution-data-server
License: GPL2
termination: false


*/
int strcspn(const char *strSrc, const char *str)
{
    const char *s;
    const char *t = strSrc;
    while (*t != '\0')
    {
        s = str;
        while (*s != '\0')
        {
            if (*t == *s )
            return t-strSrc;
            ++s;
        }
        ++t;
    }
    return 0;
}
int main()
{
    char buf[100];
    for( int i = 0 ; i < 99 ; i++ )
        buf[i] = __VERIFIER_nondet_char();
    buf[99] = '\0';
    char *p = buf;
    while( *p )
    {
        int len = strcspn( p , ""\n"");
        p += len;
    }
    return 0;

}

"
50,T,"main:buf:1={'\'','0','\'','\'','a','\'','\'','a','\'','\'','a','\'','\'','a','\'','\'','a','\'','\'','a','\'','\'','a','\'','\'','a','\'','\'','a','\'','\'','a','\'','\'','a','\'','\'','a','\'','\'','a','\'','\'','a','\'','\'','a','\'','\'','a','\'','\'','a','\'','\'','a','\'','\'','a','\'','\'','a','\'','\'','a','\'','\'','a','\'','\'','a','\'','\'','a','\'','\'','a','\'','\'','a','\'','\'','a','\'','\'','a','\'','\'','a','\'','\'','a','\'','\'','a','\'','\'','a','\'','\''}
",,TIMEOUT,LIKELY_NT,false,,"You generate concrete values for nondeterministic inputs in a C/C++ program.
Your goal is to produce ONE complete assignment set that is likely to make the program terminate.

Important rules:
1. Return a value for EVERY listed nondeterministic input ID.
2. Use each ID exactly once.
3. Respect the declared C/C++ type.
4. For an array, return the value as an array containing exactly the required number of elements.
5. For char arrays, each element must be exactly one character. Return the character itself without C single quotes.
6. Prefer small-magnitude values unless larger values are necessary to achieve the requested execution behavior.

Nondeterministic inputs:
- id: main:buf:1, type: char, array: true, size: 100, required elements: 100

Previously generated assignment sets are listed below. Generate a materially different set and do not duplicate any of them.
Previous 1: main:buf:1={':',':','@','A','1','$','a','B','c','D','e','F','g','H','i','J','k','L','m','N','o','P','q','R','s','T','u','V','w','X','y','Z','0','1','2','3','4','5','6','7','8','9','!','?','-','_','+','%','^','&','*','/','`','{','}','[',']','|','~',' ','a','b','c','d','e','f','g','h','i','j','k','l','m','n','o','p','q','r','s','t','u','v','w','x','y','z','A','B','C','D','E','F','G','H','I','J','K','L','M','N'}; 
Previous 2: main:buf:1={'a','a','a','a','a','a','a','a','a','a','a','a','a','a','a','a','a','a','a','a','a','a','a','a','a','a','a','a','a','a','a','a','a','a','a','a','a','a','a','a','a','a','a','a','a','a','a','a','a','a','a','a','a','a','a','a','a','a','a','a','a','a','a','a','a','a','a','a','a','a','a','a','a','a','a','a','a','a','a','a','a','a','a','a','a','a','a','a','a','a','a','a','a','a','a','a','a','a','a','a'}; 
Previous 3: main:buf:1={'0','a','a','a','a','a','a','a','a','a','a','a','a','a','a','a','a','a','a','a','a','a','a','a','a','a','a','a','a','a','a','a','a','a','a','a','a','a','a','a','a','a','a','a','a','a','a','a','a','a','a','a','a','a','a','a','a','a','a','a','a','a','a','a','a','a','a','a','a','a','a','a','a','a','a','a','a','a','a','a','a','a','a','a','a','a','a','a','a','a','a','a','a','a','a','a','a','a','a','a'}; 
Previous 4: main:buf:1={'{','0',',','a','a','a','a','a','a','a','a','a','a','a','a','a','a','a','a','a','a','a','a','a','a','a','a','a','a','a','a','a','a','a','a','a','a','a','a','a','a','a','a','a','a','a','a','a','a','a','a','a','a','a','a','a','a','a','a','a','a','a','a','a','a','a','a','a','a','a','a','a','a','a','a','a','a','a','a','a','a','a','a','a','a','a','a','a','a','a','a','a','a','a','a','a','a','a','a','a'}; 
Previous 5: main:buf:1={'A','A','A','A','A','A','A','A','A','A','A','A','A','A','A','A','A','A','A','A','A','A','A','A','A','A','A','A','A','A','A','A','A','A','A','A','A','A','A','A','A','A','A','A','A','A','A','A','A','A','B','B','B','B','B','B','B','B','B','B','B','B','B','B','B','B','B','B','B','B','B','B','B','B','B','B','B','B','B','B','B','B','B','B','B','B','B','B','B','B','B','B','B','B','B','B','B','B','C','D'}; 
Previous 6: main:buf:1={'b','b','b','b','b','b','b','b','b','b','b','b','b','b','b','b','b','b','b','b','b','b','b','b','b','b','b','b','b','b','b','b','b','b','b','b','b','b','b','b','b','b','b','b','b','b','b','b','b','b','b','b','b','b','b','b','b','b','b','b','b','b','b','b','b','b','b','b','b','b','b','b','b','b','b','b','b','b','b','b','b','b','b','b','b','b','b','b','b','b','b','b','b','b','b','b','b','b','b','b'}; 
Previous 7: main:buf:1={'a','a','a','a','a','a','a','a','a','a','a','a','a','a','a','a','a','a','a','a','a','a','a','a','a','a','a','a','a','a','a','a','a','a','a','a','a','a','a','a','a','a','a','a','a','a','a','a','a','a','a','a','a','a','a','a','a','a','a','a','a','a','a','a','a','a','a','a','a','a','a','a','a','a','a','a','a','a','a','a','a','a','a','a','a','a','a','a','a','a','a','a','a','a','a','a','a','a','b','b'}; 
Previous 8: main:buf:1={'\'','\'','\'','\'','\'','\'','\'','\'','\'','\'','\'','\'','\'','\'','\'','\'','\'','\'','\'','\'','\'','\'','\'','\'','\'','\'','\'','\'','\'','\'','\'','\'','\'','\'','\'','\'','\'','\'','\'','\'','\'','\'','\'','\'','\'','\'','\'','\'','\'','\'','\'','\'','\'','\'','\'','\'','\'','\'','\'','\'','\'','\'','\'','\'','\'','\'','\'','\'','\'','\'','\'','\'','\'','\'','\'','\'','\'','\'','\'','\'','\'','\'','\'','\'','\'','\'','\'','\'','\'','\'','\'','\'','\'','\'','\'','\'','\'','\'','\'','\''}; 
Previous 9: main:buf:1={'A','A','A','A','A','A','A','A','A','A','A','A','A','A','A','A','A','A','A','A','A','A','A','A','A','A','A','A','A','A','A','A','A','A','A','A','A','A','A','A','A','A','A','A','A','A','A','A','A','A','A','A','A','A','A','A','A','A','A','A','A','A','A','A','A','A','A','A','A','A','A','A','A','A','A','A','A','A','A','A','A','A','A','A','A','A','A','A','A','A','A','A','A','A','A','A','A','A','A','A'}; 
Previous 10: main:buf:1={'a','a','a','a','a','a','a','a','a','a','a','a','a','a','a','a','a','a','a','a','a','a','a','a','a','a','a','a','a','a','a','a','a','a','a','a','a','a','a','a','a','a','a','a','a','a','a','a','a','a','a','a','a','a','a','a','a','a','a','a','a','a','a','a','a','a','a','a','a','a','a','a','a','a','a','a','a','a','a','a','a','a','a','a','a','a','a','a','a','a','a','a','a','a','a','a','a','a','a','0'}; 
Previous 11: main:buf:1={'/','*','!','@','#','$','%','^','&','*','-','+','=','_','|','{','}',':',';','?','/','[',']',';','\'','`','~','1','2','3','4','5','6','7','8','9','0','a','b','c','d','e','f','g','h','i','j','k','l','m','n','o','p','q','r','s','t','u','v','w','x','y','z','A','B','C','D','E','F','G','H','I','J','K','L','M','N','O','P','Q','R','S','T','U','V','W','X','Y','Z','!','?','!','?','!','?','!','?','!','?','!'}; 
Previous 12: main:buf:1={'c','c','c','c','c','c','c','c','c','c','c','c','c','c','c','c','c','c','c','c','c','c','c','c','c','c','c','c','c','c','c','c','c','c','c','c','c','c','c','c','c','c','c','c','c','c','c','c','c','c','c','c','c','c','c','c','c','c','c','c','c','c','c','c','c','c','c','c','c','c','c','c','c','c','c','c','c','c','c','c','c','c','c','c','c','c','c','c','c','c','c','c','c','c','c','c','c','c','c','d'}; 
Previous 13: main:buf:1={'0','0','0','0','0','0','0','0','0','0','0','0','0','0','0','0','0','0','0','0','0','0','0','0','0','0','0','0','0','0','0','0','0','0','0','0','0','0','0','0','0','0','0','0','0','0','0','0','0','0','0','0','0','0','0','0','0','0','0','0','0','0','0','0','0','0','0','0','0','0','0','0','0','0','0','0','0','0','0','0','0','0','0','0','0','0','0','0','0','0','0','0','0','0','0','0','0','0','0','0'}; 
Previous 14: main:buf:1={'x','y','x','y','x','y','x','y','x','y','x','y','x','y','x','y','x','y','x','y','x','y','x','y','x','y','x','y','x','y','x','y','x','y','x','y','x','y','x','y','x','y','x','y','x','y','x','y','x','y','x','y','x','y','x','y','x','y','x','y','x','y','x','y','x','y','x','y','x','y','x','y','x','y','x','y','x','y','x','y','x','y','x','y','x','y','x','y','x','y','x','y','x','y','x','y','x','y','x','y'}; 
Previous 15: main:buf:1={'0','1','2','3','4','5','6','7','8','9','A','B','C','D','E','F','G','H','I','J','K','L','M','N','O','P','Q','R','S','T','U','V','W','X','Y','Z','a','b','c','d','e','f','g','h','i','j','k','l','m','n','o','p','q','r','s','t','u','v','w','x','y','z','!','@','#','$','%','^','&','*','(',')','-','_','=','+','[',']','{','}','|','/','?',' ','~','`',' ',' ','!','@','#','$','%','^','&','*','(',')','-','['}; 
Previous 16: main:buf:1={'\'','0','\'','\'','a','\'','a','\'','a','\'','a','\'','a','\'','a','\'','a','\'','a','\'','a','\'','a','\'','a','\'','a','\'','a','\'','a','\'','a','\'','a','\'','a','\'','a','\'','a','\'','a','\'','a','\'','a','\'','a','\'','a','\'','a','\'','a','\'','a','\'','a','\'','a','\'','a','\'','a','\'','a','\'','a','\'','a','\'','a','\'','a','\'','a','\'','a','\'','a','\'','a','\'','a','\'','a','\'','a','\'','a','\'','a','\'','a','\'','a','\'','a','\''}; 
Previous 17: main:buf:1={'g','g','g','g','g','g','g','g','g','g','g','g','g','g','g','g','g','g','g','g','g','g','g','g','g','g','g','g','g','g','g','g','g','g','g','g','g','g','g','g','g','g','g','g','g','g','g','g','g','g','g','g','g','g','g','g','g','g','g','g','g','g','g','g','g','g','g','g','g','g','g','g','g','g','g','g','g','g','g','g','g','g','g','g','g','g','g','g','g','g','g','g','g','g','g','g','g','g','g','g'}; 
Previous 18: main:buf:1={'_','_','_','_','_','_','_','_','_','_','_','_','_','_','_','_','_','_','_','_','_','_','_','_','_','_','_','_','_','_','_','_','_','_','_','_','_','_','_','_','_','_','_','_','_','_','_','_','_','_','_','_','_','_','_','_','_','_','_','_','_','_','_','_','_','_','_','_','_','_','_','_','_','_','_','_','_','_','_','_','_','_','_','_','_','_','_','_','_','_','_','_','_','_','_','_','_','_','_','_'}; 
Previous 19: main:buf:1={'a','b','c','d','e','f','g','h','i','j','a','b','c','d','e','f','g','h','i','j','a','b','c','d','e','f','g','h','i','j','a','b','c','d','e','f','g','h','i','j','a','b','c','d','e','f','g','h','i','j','a','b','c','d','e','f','g','h','i','j','a','b','c','d','e','f','g','h','i','j','a','b','c','d','e','f','g','h','i','j','a','b','c','d','e','f','g','h','i','j','a','b','c','d','e','f','g','h','i','j'}; 
Previous 20: main:buf:1={'a','a','a','a','a','a','a','a','a','a','a','a','a','a','a','a','a','a','a','a','a','a','a','a','a','a','a','a','a','a','a','a','a','a','a','a','a','a','a','a','a','a','a','a','a','a','a','a','a','a','b','b','b','b','b','b','b','b','b','b','b','b','b','b','b','b','b','b','b','b','b','b','b','b','b','b','b','b','c','c','c','c','c','c','c','c','c','c','c','c','c','c','c','c','c','c','c','c','c','c'}; 
Previous 21: main:buf:1={'>','0','0','0','0','0','0','0','0','0','0','0','0','0','0','0','0','0','0','0','0','0','0','0','0','0','0','0','0','0','0','0','0','0','0','0','0','0','0','0','0','0','0','0','0','0','0','0','0','0','0','0','0','0','0','0','0','0','0','0','0','0','0','0','0','0','0','0','0','0','0','0','0','0','0','0','0','0','0','0','0','0','0','0','0','0','0','0','0','0','0','0','0','0','0','0','0','0','0','0'}; 
Previous 22: main:buf:1={'a','b','c','d','e','f','g','h','i','j','k','l','m','n','o','p','q','r','s','t','u','v','w','x','y','z','A','B','C','D','E','F','G','H','I','J','K','L','M','N','O','P','Q','R','S','T','U','V','W','X','Y','Z','0','1','2','3','4','5','6','7','8','9','!','@','#','$','%','^','&','*','(','-',')','-','_','+','=','[',']','{','}','|',':',';','<','>','?','/','|','`','~','\'','%','.',',',' ','a','b','c','d'}; 
Previous 23: main:buf:1={'\'','0','\'','\'','\'','\'','\'','\'','\'','\'','\'','\'','\'','\'','\'','\'','\'','\'','\'','\'','\'','\'','\'','\'','\'','\'','\'','\'','\'','\'','\'','\'','\'','\'','\'','\'','\'','\'','\'','\'','\'','\'','\'','\'','\'','\'','\'','\'','\'','\'','\'','\'','\'','\'','\'','\'','\'','\'','\'','\'','\'','\'','\'','\'','\'','\'','\'','\'','\'','\'','\'','\'','\'','\'','\'','\'','\'','\'','\'','\'','\'','\'','\'','\'','\'','\'','\'','\'','\'','\'','\'','\'','\'','\'','\'','\'','\'','\'','\'','\''}; 
Previous 24: main:buf:1={'-','-','-','-','-','-','-','-','-','-','-','-','-','-','-','-','-','-','-','-','-','-','-','-','-','-','-','-','-','-','-','-','=','=','=','=','=','=','=','=','=','=','=','=','=','=','=','=','=','=','=','=','=','=','=','=','=','=','=','=','=','=','+','+','+','+','+','+','+','+','+','+','+','+','+','+','+','+','+','+','+','+','+','+','+','+','+','+','+','+','+','+','+','+','+','+','+','+','+','+'}; 
Previous 25: main:buf:1={'w','p','k','r','G','d','e','Z','q','n','U','O','g','H','5','X','S','m','R','t','J','T','3','c','V','1','l','f','Z','2','u','P','w','L','b','6','Q','z','Z','v','P','x','9','f','c','F','S','q','m','2','D','E','r','C','i','Y','b','k','O','z','4','3','q','a','L','P','c','j','s','g','g','b','8','h','Y','D','n','u','a','n','x','A','p','w','S','l','v','V','g','k','R','o','3','i','e','q','J','n','p','z'}; 
Previous 26: main:buf:1={'\'','`','<','h','?','j','|','k','l','p','b','H','4','-','g','K','o','l','D',';','s','7','5','p','6','w','K','c','>','p','l','?','x','!','q','j','b','w','V','-','M','x','Z','t','y','M','m','}','O','A','e',';','9','C','0','6','?','-','i','c','1','9','u','j','U','T','p','u','#','Z','i','8','A','5','9','f','Z','t','b','g','-','k','g','n','P','q','n','r','Z','Y','!','%','g','a','u','z','e','M','e','z'}; 
Previous 27: main:buf:1={'C','C','C','C','C','C','C','C','C','C','C','C','C','C','C','C','C','C','C','C','C','C','C','C','C','C','C','C','C','C','C','C','C','C','C','C','C','C','C','C','C','C','C','C','C','C','C','C','C','C','C','C','C','C','C','C','C','C','C','C','C','C','C','C','C','C','C','C','C','C','C','C','C','C','C','C','C','C','C','C','C','C','C','C','C','C','C','C','C','C','C','C','C','C','C','C','C','C','C','C'}; 
Previous 28: main:buf:1={'\'','\'','a','a','a','a','a','a','a','a','a','a','a','a','a','a','a','a','a','a','a','a','a','a','a','a','a','a','a','a','a','a','a','a','a','a','a','a','a','a','a','a','a','a','a','a','a','a','a','a','a','a','a','a','a','a','a','a','a','a','a','a','a','a','a','a','a','a','a','a','a','a','a','a','a','a','a','a','a','a','a','a','a','a','a','a','a','a','a','a','a','a','a','a','a','a','a','a','a','a'}; 
Previous 29: main:buf:1={'Z','Z','Z','Z','Z','Z','Z','Z','Z','Z','Z','Z','Z','Z','Z','Z','Z','Z','Z','Z','Z','Z','Z','Z','Z','Z','Z','Z','Z','Z','Z','Z','Z','Z','Z','Z','Z','Z','Z','Z','Z','Z','Z','Z','Z','Z','Z','Z','Z','Z','Z','Z','Z','Z','Z','Z','Z','Z','Z','Z','Z','Z','Z','Z','Z','Z','Z','Z','Z','Z','Z','Z','Z','Z','Z','Z','Z','Z','Z','Z','Z','Z','Z','Z','Z','Z','Z','Z','Z','Z','Z','Z','Z','Z','Z','Z','Z','Z','Z','Z'}; 
Previous 30: main:buf:1={'q','q','q','q','q','q','q','q','q','q','q','q','q','q','q','q','q','q','q','q','q','q','q','q','q','q','q','q','q','q','q','q','q','q','q','q','q','q','q','q','q','q','q','q','q','q','q','q','q','q','q','q','q','q','q','q','q','q','q','q','q','q','q','q','q','q','q','q','q','q','q','q','q','q','q','q','q','q','q','q','q','q','q','q','q','q','q','q','q','q','q','q','q','q','q','q','q','q','q','q'}; 
Previous 31: main:buf:1={'N','a','a','a','a','a','a','a','a','a','a','a','a','a','a','a','a','a','a','a','a','a','a','a','a','a','a','a','a','a','a','a','a','a','a','a','a','a','a','a','a','a','a','a','a','a','a','a','a','a','a','a','a','a','a','a','a','a','a','a','a','a','a','a','a','a','a','a','a','a','a','a','a','a','a','a','a','a','a','a','a','a','a','a','a','a','a','a','a','a','a','a','a','a','a','a','a','a','a','a'}; 
Previous 32: main:buf:1={'A','B','C','D','E','F','G','H','I','J','K','L','M','N','O','P','Q','R','S','T','U','V','W','X','Y','Z','a','b','c','d','e','f','g','h','i','j','k','l','m','n','o','p','q','r','s','t','u','v','w','x','y','z','0','1','2','3','4','5','6','7','8','9','!','@','#','$','%','^','&','*','(',')','-','_','=','[',']','{','}','|',':',';','<','>',',','?','/','~','`',' ','!','#','1','x','y','c','d','e','f','g'}; 
Previous 33: main:buf:1={'m','n','m','n','m','n','m','n','m','n','m','n','m','n','m','n','m','n','m','n','m','n','m','n','m','n','m','n','m','n','m','n','m','n','m','n','m','n','m','n','m','n','m','n','m','n','m','n','m','n','m','n','m','n','m','n','m','n','m','n','m','n','m','n','m','n','m','n','m','n','m','n','m','n','m','n','m','n','m','n','m','n','m','n','m','n','m','n','m','n','m','n','m','n','m','n','m','n','m','n'}; 
Previous 34: main:buf:1={'z','z','z','z','z','z','z','z','z','z','z','z','z','z','z','z','z','z','z','z','z','z','z','z','z','z','z','z','z','z','z','z','z','z','z','z','z','z','z','z','z','z','z','z','z','z','z','z','z','z','z','z','z','z','z','z','z','z','z','z','z','z','z','z','z','z','z','z','z','z','z','z','z','z','z','z','z','z','z','z','z','z','z','z','z','z','z','z','z','z','z','z','z','z','z','z','z','z','z','z'}; 
Previous 35: main:buf:1={'A','B','C','D','E','F','G','H','I','J','K','L','M','N','O','P','Q','R','S','T','U','V','W','X','Y','Z','a','b','c','d','e','f','g','h','i','j','k','l','m','n','o','p','q','r','s','t','u','v','w','x','y','z','0','1','2','3','4','5','6','7','8','9','!','@','#','$','%','^','&','*','(',')','-','_','+','=','[',']','{','}','|',';',';',':',',','.','<','>','?',' ','/','?','?','?','?','?','?','?','?','?'}; 
Previous 36: main:buf:1={'\'','\'','\'','\'','\'','\'','\'','\'','\'','\'','\'','\'','\'','\'','\'','\'','\'','\'','\'','\'','\'','\'','\'','\'','\'','\'','\'','\'','\'','\'','\'','\'','\'','\'','\'','\'','\'','\'','\'','\'','\'','\'','\'','\'','\'','\'','\'','\'','\'','\'','\'','\'','\'','\'','\'','\'','\'','\'','\'','\'','\'','\'','\'','\'','\'','\'','\'','\'','\'','\'','\'','\'','\'','\'','\'','\'','\'','\'','\'','\'','\'','\'','\'','\'','\'','\'','\'','\'','\'','\'','\'','\'','\'','\'','\'','\'','\'','\'','a','a'}; 
Previous 37: main:buf:1={'\'','0','\'',',','\'','0','\'',',','\'','0','\'',',','\'','0','\'',',','\'','0','\'',',','\'','0','\'',',','\'','0','\'',',','\'','0','\'',',','\'','0','\'',',','\'','0','\'',',','\'','0','\'',',','\'','0','\'',',','\'','0','\'',',','\'','0','\'',',','\'','0','\'',',','\'','0','\'',',','\'','0','\'',',','\'','0','\'',',','\'','0','\'',',','\'','0','\'',',','\'','0','\'',',','\'','0','\'',',','\'','0','\'',',','\'','0','\'',',','\'','0','\'',','}; 

Program:
extern char __VERIFIER_nondet_char(void);
/*
Commit Number: cea58cb6d8fe0d27bfcbab57776bd36d5c724ec3
URL: https://github.com/GNOME/evolution-data-server/commit/cea58cb6d8fe0d27bfcbab57776bd36d5c724ec3
Project Name: evolution-data-server
License: GPL2
termination: false


*/
int strcspn(const char *strSrc, const char *str)
{
    const char *s;
    const char *t = strSrc;
    while (*t != '\0')
    {
        s = str;
        while (*s != '\0')
        {
            if (*t == *s )
            return t-strSrc;
            ++s;
        }
        ++t;
    }
    return 0;
}
int main()
{
    char buf[100];
    for( int i = 0 ; i < 99 ; i++ )
        buf[i] = __VERIFIER_nondet_char();
    buf[99] = '\0';
    char *p = buf;
    while( *p )
    {
        int len = strcspn( p , ""\n"");
        p += len;
    }
    return 0;

}

"
51,NT,"main:buf:1={'\'','\'','\'','\'','\'','\'','\'','\'','\'','\'','\'','\'','\'','\'','\'','\'','\'','\'','\'','\'','\'','\'','\'','\'','\'','\'','\'','\'','\'','\'','\'','\'','\'','\'','\'','\'','\'','\'','\'','\'','\'','\'','\'','\'','\'','\'','\'','\'','\'','\'','\'','\'','\'','\'','\'','\'','\'','\'','\'','\'','\'','\'','\'','\'','\'','\'','\'','\'','\'','\'','\'','\'','\'','\'','\'','\'','\'','\'','\'','\'','\'','\'','\'','\'','\'','\'','\'','\'','\'','\'','\'','\'','\'','\'','\'','\'','\'','\'','\'','\''}
",,DUPLICATE,,false,,"You generate concrete values for nondeterministic inputs in a C/C++ program.
Your goal is to produce ONE complete assignment set that is likely to make the program not terminate.

Important rules:
1. Return a value for EVERY listed nondeterministic input ID.
2. Use each ID exactly once.
3. Respect the declared C/C++ type.
4. For an array, return the value as an array containing exactly the required number of elements.
5. For char arrays, each element must be exactly one character. Return the character itself without C single quotes.
6. Prefer small-magnitude values unless larger values are necessary to achieve the requested execution behavior.

Nondeterministic inputs:
- id: main:buf:1, type: char, array: true, size: 100, required elements: 100

Previously generated assignment sets are listed below. Generate a materially different set and do not duplicate any of them.
Previous 1: main:buf:1={':',':','@','A','1','$','a','B','c','D','e','F','g','H','i','J','k','L','m','N','o','P','q','R','s','T','u','V','w','X','y','Z','0','1','2','3','4','5','6','7','8','9','!','?','-','_','+','%','^','&','*','/','`','{','}','[',']','|','~',' ','a','b','c','d','e','f','g','h','i','j','k','l','m','n','o','p','q','r','s','t','u','v','w','x','y','z','A','B','C','D','E','F','G','H','I','J','K','L','M','N'}; 
Previous 2: main:buf:1={'a','a','a','a','a','a','a','a','a','a','a','a','a','a','a','a','a','a','a','a','a','a','a','a','a','a','a','a','a','a','a','a','a','a','a','a','a','a','a','a','a','a','a','a','a','a','a','a','a','a','a','a','a','a','a','a','a','a','a','a','a','a','a','a','a','a','a','a','a','a','a','a','a','a','a','a','a','a','a','a','a','a','a','a','a','a','a','a','a','a','a','a','a','a','a','a','a','a','a','a'}; 
Previous 3: main:buf:1={'0','a','a','a','a','a','a','a','a','a','a','a','a','a','a','a','a','a','a','a','a','a','a','a','a','a','a','a','a','a','a','a','a','a','a','a','a','a','a','a','a','a','a','a','a','a','a','a','a','a','a','a','a','a','a','a','a','a','a','a','a','a','a','a','a','a','a','a','a','a','a','a','a','a','a','a','a','a','a','a','a','a','a','a','a','a','a','a','a','a','a','a','a','a','a','a','a','a','a','a'}; 
Previous 4: main:buf:1={'{','0',',','a','a','a','a','a','a','a','a','a','a','a','a','a','a','a','a','a','a','a','a','a','a','a','a','a','a','a','a','a','a','a','a','a','a','a','a','a','a','a','a','a','a','a','a','a','a','a','a','a','a','a','a','a','a','a','a','a','a','a','a','a','a','a','a','a','a','a','a','a','a','a','a','a','a','a','a','a','a','a','a','a','a','a','a','a','a','a','a','a','a','a','a','a','a','a','a','a'}; 
Previous 5: main:buf:1={'A','A','A','A','A','A','A','A','A','A','A','A','A','A','A','A','A','A','A','A','A','A','A','A','A','A','A','A','A','A','A','A','A','A','A','A','A','A','A','A','A','A','A','A','A','A','A','A','A','A','B','B','B','B','B','B','B','B','B','B','B','B','B','B','B','B','B','B','B','B','B','B','B','B','B','B','B','B','B','B','B','B','B','B','B','B','B','B','B','B','B','B','B','B','B','B','B','B','C','D'}; 
Previous 6: main:buf:1={'b','b','b','b','b','b','b','b','b','b','b','b','b','b','b','b','b','b','b','b','b','b','b','b','b','b','b','b','b','b','b','b','b','b','b','b','b','b','b','b','b','b','b','b','b','b','b','b','b','b','b','b','b','b','b','b','b','b','b','b','b','b','b','b','b','b','b','b','b','b','b','b','b','b','b','b','b','b','b','b','b','b','b','b','b','b','b','b','b','b','b','b','b','b','b','b','b','b','b','b'}; 
Previous 7: main:buf:1={'a','a','a','a','a','a','a','a','a','a','a','a','a','a','a','a','a','a','a','a','a','a','a','a','a','a','a','a','a','a','a','a','a','a','a','a','a','a','a','a','a','a','a','a','a','a','a','a','a','a','a','a','a','a','a','a','a','a','a','a','a','a','a','a','a','a','a','a','a','a','a','a','a','a','a','a','a','a','a','a','a','a','a','a','a','a','a','a','a','a','a','a','a','a','a','a','a','a','b','b'}; 
Previous 8: main:buf:1={'\'','\'','\'','\'','\'','\'','\'','\'','\'','\'','\'','\'','\'','\'','\'','\'','\'','\'','\'','\'','\'','\'','\'','\'','\'','\'','\'','\'','\'','\'','\'','\'','\'','\'','\'','\'','\'','\'','\'','\'','\'','\'','\'','\'','\'','\'','\'','\'','\'','\'','\'','\'','\'','\'','\'','\'','\'','\'','\'','\'','\'','\'','\'','\'','\'','\'','\'','\'','\'','\'','\'','\'','\'','\'','\'','\'','\'','\'','\'','\'','\'','\'','\'','\'','\'','\'','\'','\'','\'','\'','\'','\'','\'','\'','\'','\'','\'','\'','\'','\''}; 
Previous 9: main:buf:1={'A','A','A','A','A','A','A','A','A','A','A','A','A','A','A','A','A','A','A','A','A','A','A','A','A','A','A','A','A','A','A','A','A','A','A','A','A','A','A','A','A','A','A','A','A','A','A','A','A','A','A','A','A','A','A','A','A','A','A','A','A','A','A','A','A','A','A','A','A','A','A','A','A','A','A','A','A','A','A','A','A','A','A','A','A','A','A','A','A','A','A','A','A','A','A','A','A','A','A','A'}; 
Previous 10: main:buf:1={'a','a','a','a','a','a','a','a','a','a','a','a','a','a','a','a','a','a','a','a','a','a','a','a','a','a','a','a','a','a','a','a','a','a','a','a','a','a','a','a','a','a','a','a','a','a','a','a','a','a','a','a','a','a','a','a','a','a','a','a','a','a','a','a','a','a','a','a','a','a','a','a','a','a','a','a','a','a','a','a','a','a','a','a','a','a','a','a','a','a','a','a','a','a','a','a','a','a','a','0'}; 
Previous 11: main:buf:1={'/','*','!','@','#','$','%','^','&','*','-','+','=','_','|','{','}',':',';','?','/','[',']',';','\'','`','~','1','2','3','4','5','6','7','8','9','0','a','b','c','d','e','f','g','h','i','j','k','l','m','n','o','p','q','r','s','t','u','v','w','x','y','z','A','B','C','D','E','F','G','H','I','J','K','L','M','N','O','P','Q','R','S','T','U','V','W','X','Y','Z','!','?','!','?','!','?','!','?','!','?','!'}; 
Previous 12: main:buf:1={'c','c','c','c','c','c','c','c','c','c','c','c','c','c','c','c','c','c','c','c','c','c','c','c','c','c','c','c','c','c','c','c','c','c','c','c','c','c','c','c','c','c','c','c','c','c','c','c','c','c','c','c','c','c','c','c','c','c','c','c','c','c','c','c','c','c','c','c','c','c','c','c','c','c','c','c','c','c','c','c','c','c','c','c','c','c','c','c','c','c','c','c','c','c','c','c','c','c','c','d'}; 
Previous 13: main:buf:1={'0','0','0','0','0','0','0','0','0','0','0','0','0','0','0','0','0','0','0','0','0','0','0','0','0','0','0','0','0','0','0','0','0','0','0','0','0','0','0','0','0','0','0','0','0','0','0','0','0','0','0','0','0','0','0','0','0','0','0','0','0','0','0','0','0','0','0','0','0','0','0','0','0','0','0','0','0','0','0','0','0','0','0','0','0','0','0','0','0','0','0','0','0','0','0','0','0','0','0','0'}; 
Previous 14: main:buf:1={'x','y','x','y','x','y','x','y','x','y','x','y','x','y','x','y','x','y','x','y','x','y','x','y','x','y','x','y','x','y','x','y','x','y','x','y','x','y','x','y','x','y','x','y','x','y','x','y','x','y','x','y','x','y','x','y','x','y','x','y','x','y','x','y','x','y','x','y','x','y','x','y','x','y','x','y','x','y','x','y','x','y','x','y','x','y','x','y','x','y','x','y','x','y','x','y','x','y','x','y'}; 
Previous 15: main:buf:1={'0','1','2','3','4','5','6','7','8','9','A','B','C','D','E','F','G','H','I','J','K','L','M','N','O','P','Q','R','S','T','U','V','W','X','Y','Z','a','b','c','d','e','f','g','h','i','j','k','l','m','n','o','p','q','r','s','t','u','v','w','x','y','z','!','@','#','$','%','^','&','*','(',')','-','_','=','+','[',']','{','}','|','/','?',' ','~','`',' ',' ','!','@','#','$','%','^','&','*','(',')','-','['}; 
Previous 16: main:buf:1={'\'','0','\'','\'','a','\'','a','\'','a','\'','a','\'','a','\'','a','\'','a','\'','a','\'','a','\'','a','\'','a','\'','a','\'','a','\'','a','\'','a','\'','a','\'','a','\'','a','\'','a','\'','a','\'','a','\'','a','\'','a','\'','a','\'','a','\'','a','\'','a','\'','a','\'','a','\'','a','\'','a','\'','a','\'','a','\'','a','\'','a','\'','a','\'','a','\'','a','\'','a','\'','a','\'','a','\'','a','\'','a','\'','a','\'','a','\'','a','\'','a','\'','a','\''}; 
Previous 17: main:buf:1={'g','g','g','g','g','g','g','g','g','g','g','g','g','g','g','g','g','g','g','g','g','g','g','g','g','g','g','g','g','g','g','g','g','g','g','g','g','g','g','g','g','g','g','g','g','g','g','g','g','g','g','g','g','g','g','g','g','g','g','g','g','g','g','g','g','g','g','g','g','g','g','g','g','g','g','g','g','g','g','g','g','g','g','g','g','g','g','g','g','g','g','g','g','g','g','g','g','g','g','g'}; 
Previous 18: main:buf:1={'_','_','_','_','_','_','_','_','_','_','_','_','_','_','_','_','_','_','_','_','_','_','_','_','_','_','_','_','_','_','_','_','_','_','_','_','_','_','_','_','_','_','_','_','_','_','_','_','_','_','_','_','_','_','_','_','_','_','_','_','_','_','_','_','_','_','_','_','_','_','_','_','_','_','_','_','_','_','_','_','_','_','_','_','_','_','_','_','_','_','_','_','_','_','_','_','_','_','_','_'}; 
Previous 19: main:buf:1={'a','b','c','d','e','f','g','h','i','j','a','b','c','d','e','f','g','h','i','j','a','b','c','d','e','f','g','h','i','j','a','b','c','d','e','f','g','h','i','j','a','b','c','d','e','f','g','h','i','j','a','b','c','d','e','f','g','h','i','j','a','b','c','d','e','f','g','h','i','j','a','b','c','d','e','f','g','h','i','j','a','b','c','d','e','f','g','h','i','j','a','b','c','d','e','f','g','h','i','j'}; 
Previous 20: main:buf:1={'a','a','a','a','a','a','a','a','a','a','a','a','a','a','a','a','a','a','a','a','a','a','a','a','a','a','a','a','a','a','a','a','a','a','a','a','a','a','a','a','a','a','a','a','a','a','a','a','a','a','b','b','b','b','b','b','b','b','b','b','b','b','b','b','b','b','b','b','b','b','b','b','b','b','b','b','b','b','c','c','c','c','c','c','c','c','c','c','c','c','c','c','c','c','c','c','c','c','c','c'}; 
Previous 21: main:buf:1={'>','0','0','0','0','0','0','0','0','0','0','0','0','0','0','0','0','0','0','0','0','0','0','0','0','0','0','0','0','0','0','0','0','0','0','0','0','0','0','0','0','0','0','0','0','0','0','0','0','0','0','0','0','0','0','0','0','0','0','0','0','0','0','0','0','0','0','0','0','0','0','0','0','0','0','0','0','0','0','0','0','0','0','0','0','0','0','0','0','0','0','0','0','0','0','0','0','0','0','0'}; 
Previous 22: main:buf:1={'a','b','c','d','e','f','g','h','i','j','k','l','m','n','o','p','q','r','s','t','u','v','w','x','y','z','A','B','C','D','E','F','G','H','I','J','K','L','M','N','O','P','Q','R','S','T','U','V','W','X','Y','Z','0','1','2','3','4','5','6','7','8','9','!','@','#','$','%','^','&','*','(','-',')','-','_','+','=','[',']','{','}','|',':',';','<','>','?','/','|','`','~','\'','%','.',',',' ','a','b','c','d'}; 
Previous 23: main:buf:1={'\'','0','\'','\'','\'','\'','\'','\'','\'','\'','\'','\'','\'','\'','\'','\'','\'','\'','\'','\'','\'','\'','\'','\'','\'','\'','\'','\'','\'','\'','\'','\'','\'','\'','\'','\'','\'','\'','\'','\'','\'','\'','\'','\'','\'','\'','\'','\'','\'','\'','\'','\'','\'','\'','\'','\'','\'','\'','\'','\'','\'','\'','\'','\'','\'','\'','\'','\'','\'','\'','\'','\'','\'','\'','\'','\'','\'','\'','\'','\'','\'','\'','\'','\'','\'','\'','\'','\'','\'','\'','\'','\'','\'','\'','\'','\'','\'','\'','\'','\''}; 
Previous 24: main:buf:1={'-','-','-','-','-','-','-','-','-','-','-','-','-','-','-','-','-','-','-','-','-','-','-','-','-','-','-','-','-','-','-','-','=','=','=','=','=','=','=','=','=','=','=','=','=','=','=','=','=','=','=','=','=','=','=','=','=','=','=','=','=','=','+','+','+','+','+','+','+','+','+','+','+','+','+','+','+','+','+','+','+','+','+','+','+','+','+','+','+','+','+','+','+','+','+','+','+','+','+','+'}; 
Previous 25: main:buf:1={'w','p','k','r','G','d','e','Z','q','n','U','O','g','H','5','X','S','m','R','t','J','T','3','c','V','1','l','f','Z','2','u','P','w','L','b','6','Q','z','Z','v','P','x','9','f','c','F','S','q','m','2','D','E','r','C','i','Y','b','k','O','z','4','3','q','a','L','P','c','j','s','g','g','b','8','h','Y','D','n','u','a','n','x','A','p','w','S','l','v','V','g','k','R','o','3','i','e','q','J','n','p','z'}; 
Previous 26: main:buf:1={'\'','`','<','h','?','j','|','k','l','p','b','H','4','-','g','K','o','l','D',';','s','7','5','p','6','w','K','c','>','p','l','?','x','!','q','j','b','w','V','-','M','x','Z','t','y','M','m','}','O','A','e',';','9','C','0','6','?','-','i','c','1','9','u','j','U','T','p','u','#','Z','i','8','A','5','9','f','Z','t','b','g','-','k','g','n','P','q','n','r','Z','Y','!','%','g','a','u','z','e','M','e','z'}; 
Previous 27: main:buf:1={'C','C','C','C','C','C','C','C','C','C','C','C','C','C','C','C','C','C','C','C','C','C','C','C','C','C','C','C','C','C','C','C','C','C','C','C','C','C','C','C','C','C','C','C','C','C','C','C','C','C','C','C','C','C','C','C','C','C','C','C','C','C','C','C','C','C','C','C','C','C','C','C','C','C','C','C','C','C','C','C','C','C','C','C','C','C','C','C','C','C','C','C','C','C','C','C','C','C','C','C'}; 
Previous 28: main:buf:1={'\'','\'','a','a','a','a','a','a','a','a','a','a','a','a','a','a','a','a','a','a','a','a','a','a','a','a','a','a','a','a','a','a','a','a','a','a','a','a','a','a','a','a','a','a','a','a','a','a','a','a','a','a','a','a','a','a','a','a','a','a','a','a','a','a','a','a','a','a','a','a','a','a','a','a','a','a','a','a','a','a','a','a','a','a','a','a','a','a','a','a','a','a','a','a','a','a','a','a','a','a'}; 
Previous 29: main:buf:1={'Z','Z','Z','Z','Z','Z','Z','Z','Z','Z','Z','Z','Z','Z','Z','Z','Z','Z','Z','Z','Z','Z','Z','Z','Z','Z','Z','Z','Z','Z','Z','Z','Z','Z','Z','Z','Z','Z','Z','Z','Z','Z','Z','Z','Z','Z','Z','Z','Z','Z','Z','Z','Z','Z','Z','Z','Z','Z','Z','Z','Z','Z','Z','Z','Z','Z','Z','Z','Z','Z','Z','Z','Z','Z','Z','Z','Z','Z','Z','Z','Z','Z','Z','Z','Z','Z','Z','Z','Z','Z','Z','Z','Z','Z','Z','Z','Z','Z','Z','Z'}; 
Previous 30: main:buf:1={'q','q','q','q','q','q','q','q','q','q','q','q','q','q','q','q','q','q','q','q','q','q','q','q','q','q','q','q','q','q','q','q','q','q','q','q','q','q','q','q','q','q','q','q','q','q','q','q','q','q','q','q','q','q','q','q','q','q','q','q','q','q','q','q','q','q','q','q','q','q','q','q','q','q','q','q','q','q','q','q','q','q','q','q','q','q','q','q','q','q','q','q','q','q','q','q','q','q','q','q'}; 
Previous 31: main:buf:1={'N','a','a','a','a','a','a','a','a','a','a','a','a','a','a','a','a','a','a','a','a','a','a','a','a','a','a','a','a','a','a','a','a','a','a','a','a','a','a','a','a','a','a','a','a','a','a','a','a','a','a','a','a','a','a','a','a','a','a','a','a','a','a','a','a','a','a','a','a','a','a','a','a','a','a','a','a','a','a','a','a','a','a','a','a','a','a','a','a','a','a','a','a','a','a','a','a','a','a','a'}; 
Previous 32: main:buf:1={'A','B','C','D','E','F','G','H','I','J','K','L','M','N','O','P','Q','R','S','T','U','V','W','X','Y','Z','a','b','c','d','e','f','g','h','i','j','k','l','m','n','o','p','q','r','s','t','u','v','w','x','y','z','0','1','2','3','4','5','6','7','8','9','!','@','#','$','%','^','&','*','(',')','-','_','=','[',']','{','}','|',':',';','<','>',',','?','/','~','`',' ','!','#','1','x','y','c','d','e','f','g'}; 
Previous 33: main:buf:1={'m','n','m','n','m','n','m','n','m','n','m','n','m','n','m','n','m','n','m','n','m','n','m','n','m','n','m','n','m','n','m','n','m','n','m','n','m','n','m','n','m','n','m','n','m','n','m','n','m','n','m','n','m','n','m','n','m','n','m','n','m','n','m','n','m','n','m','n','m','n','m','n','m','n','m','n','m','n','m','n','m','n','m','n','m','n','m','n','m','n','m','n','m','n','m','n','m','n','m','n'}; 
Previous 34: main:buf:1={'z','z','z','z','z','z','z','z','z','z','z','z','z','z','z','z','z','z','z','z','z','z','z','z','z','z','z','z','z','z','z','z','z','z','z','z','z','z','z','z','z','z','z','z','z','z','z','z','z','z','z','z','z','z','z','z','z','z','z','z','z','z','z','z','z','z','z','z','z','z','z','z','z','z','z','z','z','z','z','z','z','z','z','z','z','z','z','z','z','z','z','z','z','z','z','z','z','z','z','z'}; 
Previous 35: main:buf:1={'A','B','C','D','E','F','G','H','I','J','K','L','M','N','O','P','Q','R','S','T','U','V','W','X','Y','Z','a','b','c','d','e','f','g','h','i','j','k','l','m','n','o','p','q','r','s','t','u','v','w','x','y','z','0','1','2','3','4','5','6','7','8','9','!','@','#','$','%','^','&','*','(',')','-','_','+','=','[',']','{','}','|',';',';',':',',','.','<','>','?',' ','/','?','?','?','?','?','?','?','?','?'}; 
Previous 36: main:buf:1={'\'','\'','\'','\'','\'','\'','\'','\'','\'','\'','\'','\'','\'','\'','\'','\'','\'','\'','\'','\'','\'','\'','\'','\'','\'','\'','\'','\'','\'','\'','\'','\'','\'','\'','\'','\'','\'','\'','\'','\'','\'','\'','\'','\'','\'','\'','\'','\'','\'','\'','\'','\'','\'','\'','\'','\'','\'','\'','\'','\'','\'','\'','\'','\'','\'','\'','\'','\'','\'','\'','\'','\'','\'','\'','\'','\'','\'','\'','\'','\'','\'','\'','\'','\'','\'','\'','\'','\'','\'','\'','\'','\'','\'','\'','\'','\'','\'','\'','a','a'}; 
Previous 37: main:buf:1={'\'','0','\'',',','\'','0','\'',',','\'','0','\'',',','\'','0','\'',',','\'','0','\'',',','\'','0','\'',',','\'','0','\'',',','\'','0','\'',',','\'','0','\'',',','\'','0','\'',',','\'','0','\'',',','\'','0','\'',',','\'','0','\'',',','\'','0','\'',',','\'','0','\'',',','\'','0','\'',',','\'','0','\'',',','\'','0','\'',',','\'','0','\'',',','\'','0','\'',',','\'','0','\'',',','\'','0','\'',',','\'','0','\'',',','\'','0','\'',',','\'','0','\'',','}; 
Previous 38: main:buf:1={'\'','0','\'','\'','a','\'','\'','a','\'','\'','a','\'','\'','a','\'','\'','a','\'','\'','a','\'','\'','a','\'','\'','a','\'','\'','a','\'','\'','a','\'','\'','a','\'','\'','a','\'','\'','a','\'','\'','a','\'','\'','a','\'','\'','a','\'','\'','a','\'','\'','a','\'','\'','a','\'','\'','a','\'','\'','a','\'','\'','a','\'','\'','a','\'','\'','a','\'','\'','a','\'','\'','a','\'','\'','a','\'','\'','a','\'','\'','a','\'','\'','a','\'','\'','a','\'','\'','a','\'','\''}; 

Program:
extern char __VERIFIER_nondet_char(void);
/*
Commit Number: cea58cb6d8fe0d27bfcbab57776bd36d5c724ec3
URL: https://github.com/GNOME/evolution-data-server/commit/cea58cb6d8fe0d27bfcbab57776bd36d5c724ec3
Project Name: evolution-data-server
License: GPL2
termination: false


*/
int strcspn(const char *strSrc, const char *str)
{
    const char *s;
    const char *t = strSrc;
    while (*t != '\0')
    {
        s = str;
        while (*s != '\0')
        {
            if (*t == *s )
            return t-strSrc;
            ++s;
        }
        ++t;
    }
    return 0;
}
int main()
{
    char buf[100];
    for( int i = 0 ; i < 99 ; i++ )
        buf[i] = __VERIFIER_nondet_char();
    buf[99] = '\0';
    char *p = buf;
    while( *p )
    {
        int len = strcspn( p , ""\n"");
        p += len;
    }
    return 0;

}

"
52,NT,"main:buf:1={'\'','a','\'','\'','b','\'','\'','c','\'','\'','d','\'','\'','e','\'','\'','f','\'','\'','g','\'','\'','h','\'','\'','i','\'','\'','j','\'','\'','a','\'','\'','b','\'','\'','c','\'','\'','d','\'','\'','e','\'','\'','f','\'','\'','g','\'','\'','h','\'','\'','i','\'','\'','j','\'','\'','a','\'','\'','b','\'','\'','c','\'','\'','d','\'','\'','e','\'','\'','f','\'','\'','g','\'','\'','h','\'','\'','i','\'','\'','j','\'','\'','a','\'','\'','b','\'','\'','c','\'','\''}
",/home/quasar/Documents/FocusTNT/results_InputGeneration/FSE/loop/Incorrect_Initialization_1_NT/input_generator_artifacts/generated_programs/Incorrect_Initialization_1_NT_TestCase1.c,TIMEOUT,LIKELY_NT,true,,"You generate concrete values for nondeterministic inputs in a C/C++ program.
Your goal is to produce ONE complete assignment set that is likely to make the program not terminate.

Important rules:
1. Return a value for EVERY listed nondeterministic input ID.
2. Use each ID exactly once.
3. Respect the declared C/C++ type.
4. For an array, return the value as an array containing exactly the required number of elements.
5. For char arrays, each element must be exactly one character. Return the character itself without C single quotes.
6. Prefer small-magnitude values unless larger values are necessary to achieve the requested execution behavior.

Nondeterministic inputs:
- id: main:buf:1, type: char, array: true, size: 100, required elements: 100

Previously generated assignment sets are listed below. Generate a materially different set and do not duplicate any of them.
Previous 1: main:buf:1={':',':','@','A','1','$','a','B','c','D','e','F','g','H','i','J','k','L','m','N','o','P','q','R','s','T','u','V','w','X','y','Z','0','1','2','3','4','5','6','7','8','9','!','?','-','_','+','%','^','&','*','/','`','{','}','[',']','|','~',' ','a','b','c','d','e','f','g','h','i','j','k','l','m','n','o','p','q','r','s','t','u','v','w','x','y','z','A','B','C','D','E','F','G','H','I','J','K','L','M','N'}; 
Previous 2: main:buf:1={'a','a','a','a','a','a','a','a','a','a','a','a','a','a','a','a','a','a','a','a','a','a','a','a','a','a','a','a','a','a','a','a','a','a','a','a','a','a','a','a','a','a','a','a','a','a','a','a','a','a','a','a','a','a','a','a','a','a','a','a','a','a','a','a','a','a','a','a','a','a','a','a','a','a','a','a','a','a','a','a','a','a','a','a','a','a','a','a','a','a','a','a','a','a','a','a','a','a','a','a'}; 
Previous 3: main:buf:1={'0','a','a','a','a','a','a','a','a','a','a','a','a','a','a','a','a','a','a','a','a','a','a','a','a','a','a','a','a','a','a','a','a','a','a','a','a','a','a','a','a','a','a','a','a','a','a','a','a','a','a','a','a','a','a','a','a','a','a','a','a','a','a','a','a','a','a','a','a','a','a','a','a','a','a','a','a','a','a','a','a','a','a','a','a','a','a','a','a','a','a','a','a','a','a','a','a','a','a','a'}; 
Previous 4: main:buf:1={'{','0',',','a','a','a','a','a','a','a','a','a','a','a','a','a','a','a','a','a','a','a','a','a','a','a','a','a','a','a','a','a','a','a','a','a','a','a','a','a','a','a','a','a','a','a','a','a','a','a','a','a','a','a','a','a','a','a','a','a','a','a','a','a','a','a','a','a','a','a','a','a','a','a','a','a','a','a','a','a','a','a','a','a','a','a','a','a','a','a','a','a','a','a','a','a','a','a','a','a'}; 
Previous 5: main:buf:1={'A','A','A','A','A','A','A','A','A','A','A','A','A','A','A','A','A','A','A','A','A','A','A','A','A','A','A','A','A','A','A','A','A','A','A','A','A','A','A','A','A','A','A','A','A','A','A','A','A','A','B','B','B','B','B','B','B','B','B','B','B','B','B','B','B','B','B','B','B','B','B','B','B','B','B','B','B','B','B','B','B','B','B','B','B','B','B','B','B','B','B','B','B','B','B','B','B','B','C','D'}; 
Previous 6: main:buf:1={'b','b','b','b','b','b','b','b','b','b','b','b','b','b','b','b','b','b','b','b','b','b','b','b','b','b','b','b','b','b','b','b','b','b','b','b','b','b','b','b','b','b','b','b','b','b','b','b','b','b','b','b','b','b','b','b','b','b','b','b','b','b','b','b','b','b','b','b','b','b','b','b','b','b','b','b','b','b','b','b','b','b','b','b','b','b','b','b','b','b','b','b','b','b','b','b','b','b','b','b'}; 
Previous 7: main:buf:1={'a','a','a','a','a','a','a','a','a','a','a','a','a','a','a','a','a','a','a','a','a','a','a','a','a','a','a','a','a','a','a','a','a','a','a','a','a','a','a','a','a','a','a','a','a','a','a','a','a','a','a','a','a','a','a','a','a','a','a','a','a','a','a','a','a','a','a','a','a','a','a','a','a','a','a','a','a','a','a','a','a','a','a','a','a','a','a','a','a','a','a','a','a','a','a','a','a','a','b','b'}; 
Previous 8: main:buf:1={'\'','\'','\'','\'','\'','\'','\'','\'','\'','\'','\'','\'','\'','\'','\'','\'','\'','\'','\'','\'','\'','\'','\'','\'','\'','\'','\'','\'','\'','\'','\'','\'','\'','\'','\'','\'','\'','\'','\'','\'','\'','\'','\'','\'','\'','\'','\'','\'','\'','\'','\'','\'','\'','\'','\'','\'','\'','\'','\'','\'','\'','\'','\'','\'','\'','\'','\'','\'','\'','\'','\'','\'','\'','\'','\'','\'','\'','\'','\'','\'','\'','\'','\'','\'','\'','\'','\'','\'','\'','\'','\'','\'','\'','\'','\'','\'','\'','\'','\'','\''}; 
Previous 9: main:buf:1={'A','A','A','A','A','A','A','A','A','A','A','A','A','A','A','A','A','A','A','A','A','A','A','A','A','A','A','A','A','A','A','A','A','A','A','A','A','A','A','A','A','A','A','A','A','A','A','A','A','A','A','A','A','A','A','A','A','A','A','A','A','A','A','A','A','A','A','A','A','A','A','A','A','A','A','A','A','A','A','A','A','A','A','A','A','A','A','A','A','A','A','A','A','A','A','A','A','A','A','A'}; 
Previous 10: main:buf:1={'a','a','a','a','a','a','a','a','a','a','a','a','a','a','a','a','a','a','a','a','a','a','a','a','a','a','a','a','a','a','a','a','a','a','a','a','a','a','a','a','a','a','a','a','a','a','a','a','a','a','a','a','a','a','a','a','a','a','a','a','a','a','a','a','a','a','a','a','a','a','a','a','a','a','a','a','a','a','a','a','a','a','a','a','a','a','a','a','a','a','a','a','a','a','a','a','a','a','a','0'}; 
Previous 11: main:buf:1={'/','*','!','@','#','$','%','^','&','*','-','+','=','_','|','{','}',':',';','?','/','[',']',';','\'','`','~','1','2','3','4','5','6','7','8','9','0','a','b','c','d','e','f','g','h','i','j','k','l','m','n','o','p','q','r','s','t','u','v','w','x','y','z','A','B','C','D','E','F','G','H','I','J','K','L','M','N','O','P','Q','R','S','T','U','V','W','X','Y','Z','!','?','!','?','!','?','!','?','!','?','!'}; 
Previous 12: main:buf:1={'c','c','c','c','c','c','c','c','c','c','c','c','c','c','c','c','c','c','c','c','c','c','c','c','c','c','c','c','c','c','c','c','c','c','c','c','c','c','c','c','c','c','c','c','c','c','c','c','c','c','c','c','c','c','c','c','c','c','c','c','c','c','c','c','c','c','c','c','c','c','c','c','c','c','c','c','c','c','c','c','c','c','c','c','c','c','c','c','c','c','c','c','c','c','c','c','c','c','c','d'}; 
Previous 13: main:buf:1={'0','0','0','0','0','0','0','0','0','0','0','0','0','0','0','0','0','0','0','0','0','0','0','0','0','0','0','0','0','0','0','0','0','0','0','0','0','0','0','0','0','0','0','0','0','0','0','0','0','0','0','0','0','0','0','0','0','0','0','0','0','0','0','0','0','0','0','0','0','0','0','0','0','0','0','0','0','0','0','0','0','0','0','0','0','0','0','0','0','0','0','0','0','0','0','0','0','0','0','0'}; 
Previous 14: main:buf:1={'x','y','x','y','x','y','x','y','x','y','x','y','x','y','x','y','x','y','x','y','x','y','x','y','x','y','x','y','x','y','x','y','x','y','x','y','x','y','x','y','x','y','x','y','x','y','x','y','x','y','x','y','x','y','x','y','x','y','x','y','x','y','x','y','x','y','x','y','x','y','x','y','x','y','x','y','x','y','x','y','x','y','x','y','x','y','x','y','x','y','x','y','x','y','x','y','x','y','x','y'}; 
Previous 15: main:buf:1={'0','1','2','3','4','5','6','7','8','9','A','B','C','D','E','F','G','H','I','J','K','L','M','N','O','P','Q','R','S','T','U','V','W','X','Y','Z','a','b','c','d','e','f','g','h','i','j','k','l','m','n','o','p','q','r','s','t','u','v','w','x','y','z','!','@','#','$','%','^','&','*','(',')','-','_','=','+','[',']','{','}','|','/','?',' ','~','`',' ',' ','!','@','#','$','%','^','&','*','(',')','-','['}; 
Previous 16: main:buf:1={'\'','0','\'','\'','a','\'','a','\'','a','\'','a','\'','a','\'','a','\'','a','\'','a','\'','a','\'','a','\'','a','\'','a','\'','a','\'','a','\'','a','\'','a','\'','a','\'','a','\'','a','\'','a','\'','a','\'','a','\'','a','\'','a','\'','a','\'','a','\'','a','\'','a','\'','a','\'','a','\'','a','\'','a','\'','a','\'','a','\'','a','\'','a','\'','a','\'','a','\'','a','\'','a','\'','a','\'','a','\'','a','\'','a','\'','a','\'','a','\'','a','\'','a','\''}; 
Previous 17: main:buf:1={'g','g','g','g','g','g','g','g','g','g','g','g','g','g','g','g','g','g','g','g','g','g','g','g','g','g','g','g','g','g','g','g','g','g','g','g','g','g','g','g','g','g','g','g','g','g','g','g','g','g','g','g','g','g','g','g','g','g','g','g','g','g','g','g','g','g','g','g','g','g','g','g','g','g','g','g','g','g','g','g','g','g','g','g','g','g','g','g','g','g','g','g','g','g','g','g','g','g','g','g'}; 
Previous 18: main:buf:1={'_','_','_','_','_','_','_','_','_','_','_','_','_','_','_','_','_','_','_','_','_','_','_','_','_','_','_','_','_','_','_','_','_','_','_','_','_','_','_','_','_','_','_','_','_','_','_','_','_','_','_','_','_','_','_','_','_','_','_','_','_','_','_','_','_','_','_','_','_','_','_','_','_','_','_','_','_','_','_','_','_','_','_','_','_','_','_','_','_','_','_','_','_','_','_','_','_','_','_','_'}; 
Previous 19: main:buf:1={'a','b','c','d','e','f','g','h','i','j','a','b','c','d','e','f','g','h','i','j','a','b','c','d','e','f','g','h','i','j','a','b','c','d','e','f','g','h','i','j','a','b','c','d','e','f','g','h','i','j','a','b','c','d','e','f','g','h','i','j','a','b','c','d','e','f','g','h','i','j','a','b','c','d','e','f','g','h','i','j','a','b','c','d','e','f','g','h','i','j','a','b','c','d','e','f','g','h','i','j'}; 
Previous 20: main:buf:1={'a','a','a','a','a','a','a','a','a','a','a','a','a','a','a','a','a','a','a','a','a','a','a','a','a','a','a','a','a','a','a','a','a','a','a','a','a','a','a','a','a','a','a','a','a','a','a','a','a','a','b','b','b','b','b','b','b','b','b','b','b','b','b','b','b','b','b','b','b','b','b','b','b','b','b','b','b','b','c','c','c','c','c','c','c','c','c','c','c','c','c','c','c','c','c','c','c','c','c','c'}; 
Previous 21: main:buf:1={'>','0','0','0','0','0','0','0','0','0','0','0','0','0','0','0','0','0','0','0','0','0','0','0','0','0','0','0','0','0','0','0','0','0','0','0','0','0','0','0','0','0','0','0','0','0','0','0','0','0','0','0','0','0','0','0','0','0','0','0','0','0','0','0','0','0','0','0','0','0','0','0','0','0','0','0','0','0','0','0','0','0','0','0','0','0','0','0','0','0','0','0','0','0','0','0','0','0','0','0'}; 
Previous 22: main:buf:1={'a','b','c','d','e','f','g','h','i','j','k','l','m','n','o','p','q','r','s','t','u','v','w','x','y','z','A','B','C','D','E','F','G','H','I','J','K','L','M','N','O','P','Q','R','S','T','U','V','W','X','Y','Z','0','1','2','3','4','5','6','7','8','9','!','@','#','$','%','^','&','*','(','-',')','-','_','+','=','[',']','{','}','|',':',';','<','>','?','/','|','`','~','\'','%','.',',',' ','a','b','c','d'}; 
Previous 23: main:buf:1={'\'','0','\'','\'','\'','\'','\'','\'','\'','\'','\'','\'','\'','\'','\'','\'','\'','\'','\'','\'','\'','\'','\'','\'','\'','\'','\'','\'','\'','\'','\'','\'','\'','\'','\'','\'','\'','\'','\'','\'','\'','\'','\'','\'','\'','\'','\'','\'','\'','\'','\'','\'','\'','\'','\'','\'','\'','\'','\'','\'','\'','\'','\'','\'','\'','\'','\'','\'','\'','\'','\'','\'','\'','\'','\'','\'','\'','\'','\'','\'','\'','\'','\'','\'','\'','\'','\'','\'','\'','\'','\'','\'','\'','\'','\'','\'','\'','\'','\'','\''}; 
Previous 24: main:buf:1={'-','-','-','-','-','-','-','-','-','-','-','-','-','-','-','-','-','-','-','-','-','-','-','-','-','-','-','-','-','-','-','-','=','=','=','=','=','=','=','=','=','=','=','=','=','=','=','=','=','=','=','=','=','=','=','=','=','=','=','=','=','=','+','+','+','+','+','+','+','+','+','+','+','+','+','+','+','+','+','+','+','+','+','+','+','+','+','+','+','+','+','+','+','+','+','+','+','+','+','+'}; 
Previous 25: main:buf:1={'w','p','k','r','G','d','e','Z','q','n','U','O','g','H','5','X','S','m','R','t','J','T','3','c','V','1','l','f','Z','2','u','P','w','L','b','6','Q','z','Z','v','P','x','9','f','c','F','S','q','m','2','D','E','r','C','i','Y','b','k','O','z','4','3','q','a','L','P','c','j','s','g','g','b','8','h','Y','D','n','u','a','n','x','A','p','w','S','l','v','V','g','k','R','o','3','i','e','q','J','n','p','z'}; 
Previous 26: main:buf:1={'\'','`','<','h','?','j','|','k','l','p','b','H','4','-','g','K','o','l','D',';','s','7','5','p','6','w','K','c','>','p','l','?','x','!','q','j','b','w','V','-','M','x','Z','t','y','M','m','}','O','A','e',';','9','C','0','6','?','-','i','c','1','9','u','j','U','T','p','u','#','Z','i','8','A','5','9','f','Z','t','b','g','-','k','g','n','P','q','n','r','Z','Y','!','%','g','a','u','z','e','M','e','z'}; 
Previous 27: main:buf:1={'C','C','C','C','C','C','C','C','C','C','C','C','C','C','C','C','C','C','C','C','C','C','C','C','C','C','C','C','C','C','C','C','C','C','C','C','C','C','C','C','C','C','C','C','C','C','C','C','C','C','C','C','C','C','C','C','C','C','C','C','C','C','C','C','C','C','C','C','C','C','C','C','C','C','C','C','C','C','C','C','C','C','C','C','C','C','C','C','C','C','C','C','C','C','C','C','C','C','C','C'}; 
Previous 28: main:buf:1={'\'','\'','a','a','a','a','a','a','a','a','a','a','a','a','a','a','a','a','a','a','a','a','a','a','a','a','a','a','a','a','a','a','a','a','a','a','a','a','a','a','a','a','a','a','a','a','a','a','a','a','a','a','a','a','a','a','a','a','a','a','a','a','a','a','a','a','a','a','a','a','a','a','a','a','a','a','a','a','a','a','a','a','a','a','a','a','a','a','a','a','a','a','a','a','a','a','a','a','a','a'}; 
Previous 29: main:buf:1={'Z','Z','Z','Z','Z','Z','Z','Z','Z','Z','Z','Z','Z','Z','Z','Z','Z','Z','Z','Z','Z','Z','Z','Z','Z','Z','Z','Z','Z','Z','Z','Z','Z','Z','Z','Z','Z','Z','Z','Z','Z','Z','Z','Z','Z','Z','Z','Z','Z','Z','Z','Z','Z','Z','Z','Z','Z','Z','Z','Z','Z','Z','Z','Z','Z','Z','Z','Z','Z','Z','Z','Z','Z','Z','Z','Z','Z','Z','Z','Z','Z','Z','Z','Z','Z','Z','Z','Z','Z','Z','Z','Z','Z','Z','Z','Z','Z','Z','Z','Z'}; 
Previous 30: main:buf:1={'q','q','q','q','q','q','q','q','q','q','q','q','q','q','q','q','q','q','q','q','q','q','q','q','q','q','q','q','q','q','q','q','q','q','q','q','q','q','q','q','q','q','q','q','q','q','q','q','q','q','q','q','q','q','q','q','q','q','q','q','q','q','q','q','q','q','q','q','q','q','q','q','q','q','q','q','q','q','q','q','q','q','q','q','q','q','q','q','q','q','q','q','q','q','q','q','q','q','q','q'}; 
Previous 31: main:buf:1={'N','a','a','a','a','a','a','a','a','a','a','a','a','a','a','a','a','a','a','a','a','a','a','a','a','a','a','a','a','a','a','a','a','a','a','a','a','a','a','a','a','a','a','a','a','a','a','a','a','a','a','a','a','a','a','a','a','a','a','a','a','a','a','a','a','a','a','a','a','a','a','a','a','a','a','a','a','a','a','a','a','a','a','a','a','a','a','a','a','a','a','a','a','a','a','a','a','a','a','a'}; 
Previous 32: main:buf:1={'A','B','C','D','E','F','G','H','I','J','K','L','M','N','O','P','Q','R','S','T','U','V','W','X','Y','Z','a','b','c','d','e','f','g','h','i','j','k','l','m','n','o','p','q','r','s','t','u','v','w','x','y','z','0','1','2','3','4','5','6','7','8','9','!','@','#','$','%','^','&','*','(',')','-','_','=','[',']','{','}','|',':',';','<','>',',','?','/','~','`',' ','!','#','1','x','y','c','d','e','f','g'}; 
Previous 33: main:buf:1={'m','n','m','n','m','n','m','n','m','n','m','n','m','n','m','n','m','n','m','n','m','n','m','n','m','n','m','n','m','n','m','n','m','n','m','n','m','n','m','n','m','n','m','n','m','n','m','n','m','n','m','n','m','n','m','n','m','n','m','n','m','n','m','n','m','n','m','n','m','n','m','n','m','n','m','n','m','n','m','n','m','n','m','n','m','n','m','n','m','n','m','n','m','n','m','n','m','n','m','n'}; 
Previous 34: main:buf:1={'z','z','z','z','z','z','z','z','z','z','z','z','z','z','z','z','z','z','z','z','z','z','z','z','z','z','z','z','z','z','z','z','z','z','z','z','z','z','z','z','z','z','z','z','z','z','z','z','z','z','z','z','z','z','z','z','z','z','z','z','z','z','z','z','z','z','z','z','z','z','z','z','z','z','z','z','z','z','z','z','z','z','z','z','z','z','z','z','z','z','z','z','z','z','z','z','z','z','z','z'}; 
Previous 35: main:buf:1={'A','B','C','D','E','F','G','H','I','J','K','L','M','N','O','P','Q','R','S','T','U','V','W','X','Y','Z','a','b','c','d','e','f','g','h','i','j','k','l','m','n','o','p','q','r','s','t','u','v','w','x','y','z','0','1','2','3','4','5','6','7','8','9','!','@','#','$','%','^','&','*','(',')','-','_','+','=','[',']','{','}','|',';',';',':',',','.','<','>','?',' ','/','?','?','?','?','?','?','?','?','?'}; 
Previous 36: main:buf:1={'\'','\'','\'','\'','\'','\'','\'','\'','\'','\'','\'','\'','\'','\'','\'','\'','\'','\'','\'','\'','\'','\'','\'','\'','\'','\'','\'','\'','\'','\'','\'','\'','\'','\'','\'','\'','\'','\'','\'','\'','\'','\'','\'','\'','\'','\'','\'','\'','\'','\'','\'','\'','\'','\'','\'','\'','\'','\'','\'','\'','\'','\'','\'','\'','\'','\'','\'','\'','\'','\'','\'','\'','\'','\'','\'','\'','\'','\'','\'','\'','\'','\'','\'','\'','\'','\'','\'','\'','\'','\'','\'','\'','\'','\'','\'','\'','\'','\'','a','a'}; 
Previous 37: main:buf:1={'\'','0','\'',',','\'','0','\'',',','\'','0','\'',',','\'','0','\'',',','\'','0','\'',',','\'','0','\'',',','\'','0','\'',',','\'','0','\'',',','\'','0','\'',',','\'','0','\'',',','\'','0','\'',',','\'','0','\'',',','\'','0','\'',',','\'','0','\'',',','\'','0','\'',',','\'','0','\'',',','\'','0','\'',',','\'','0','\'',',','\'','0','\'',',','\'','0','\'',',','\'','0','\'',',','\'','0','\'',',','\'','0','\'',',','\'','0','\'',',','\'','0','\'',','}; 
Previous 38: main:buf:1={'\'','0','\'','\'','a','\'','\'','a','\'','\'','a','\'','\'','a','\'','\'','a','\'','\'','a','\'','\'','a','\'','\'','a','\'','\'','a','\'','\'','a','\'','\'','a','\'','\'','a','\'','\'','a','\'','\'','a','\'','\'','a','\'','\'','a','\'','\'','a','\'','\'','a','\'','\'','a','\'','\'','a','\'','\'','a','\'','\'','a','\'','\'','a','\'','\'','a','\'','\'','a','\'','\'','a','\'','\'','a','\'','\'','a','\'','\'','a','\'','\'','a','\'','\'','a','\'','\'','a','\'','\''}; 

Program:
extern char __VERIFIER_nondet_char(void);
/*
Commit Number: cea58cb6d8fe0d27bfcbab57776bd36d5c724ec3
URL: https://github.com/GNOME/evolution-data-server/commit/cea58cb6d8fe0d27bfcbab57776bd36d5c724ec3
Project Name: evolution-data-server
License: GPL2
termination: false


*/
int strcspn(const char *strSrc, const char *str)
{
    const char *s;
    const char *t = strSrc;
    while (*t != '\0')
    {
        s = str;
        while (*s != '\0')
        {
            if (*t == *s )
            return t-strSrc;
            ++s;
        }
        ++t;
    }
    return 0;
}
int main()
{
    char buf[100];
    for( int i = 0 ; i < 99 ; i++ )
        buf[i] = __VERIFIER_nondet_char();
    buf[99] = '\0';
    char *p = buf;
    while( *p )
    {
        int len = strcspn( p , ""\n"");
        p += len;
    }
    return 0;

}

"
53,NT,"main:buf:1={'\'','\'','\'','\'','\'','\'','\'','\'','\'','\'','\'','\'','\'','\'','\'','\'','\'','\'','\'','\'','\'','\'','\'','\'','\'','\'','\'','\'','\'','\'','\'','\'','\'','\'','\'','\'','\'','\'','\'','\'','\'','\'','\'','\'','\'','\'','\'','\'','\'','\'','\'','\'','\'','\'','\'','\'','\'','\'','\'','\'','\'','\'','\'','\'','\'','\'','\'','\'','\'','\'','\'','\'','\'','\'','\'','\'','\'','\'','\'','\'','\'','\'','\'','\'','\'','\'','\'','\'','\'','\'','\'','\'','\'','\'','\'','\'','\'','\'','\'','\''}
",,DUPLICATE,,false,,"You generate concrete values for nondeterministic inputs in a C/C++ program.
Your goal is to produce ONE complete assignment set that is likely to make the program not terminate.

Important rules:
1. Return a value for EVERY listed nondeterministic input ID.
2. Use each ID exactly once.
3. Respect the declared C/C++ type.
4. For an array, return the value as an array containing exactly the required number of elements.
5. For char arrays, each element must be exactly one character. Return the character itself without C single quotes.
6. Prefer small-magnitude values unless larger values are necessary to achieve the requested execution behavior.

Nondeterministic inputs:
- id: main:buf:1, type: char, array: true, size: 100, required elements: 100

Previously generated assignment sets are listed below. Generate a materially different set and do not duplicate any of them.
Previous 1: main:buf:1={':',':','@','A','1','$','a','B','c','D','e','F','g','H','i','J','k','L','m','N','o','P','q','R','s','T','u','V','w','X','y','Z','0','1','2','3','4','5','6','7','8','9','!','?','-','_','+','%','^','&','*','/','`','{','}','[',']','|','~',' ','a','b','c','d','e','f','g','h','i','j','k','l','m','n','o','p','q','r','s','t','u','v','w','x','y','z','A','B','C','D','E','F','G','H','I','J','K','L','M','N'}; 
Previous 2: main:buf:1={'a','a','a','a','a','a','a','a','a','a','a','a','a','a','a','a','a','a','a','a','a','a','a','a','a','a','a','a','a','a','a','a','a','a','a','a','a','a','a','a','a','a','a','a','a','a','a','a','a','a','a','a','a','a','a','a','a','a','a','a','a','a','a','a','a','a','a','a','a','a','a','a','a','a','a','a','a','a','a','a','a','a','a','a','a','a','a','a','a','a','a','a','a','a','a','a','a','a','a','a'}; 
Previous 3: main:buf:1={'0','a','a','a','a','a','a','a','a','a','a','a','a','a','a','a','a','a','a','a','a','a','a','a','a','a','a','a','a','a','a','a','a','a','a','a','a','a','a','a','a','a','a','a','a','a','a','a','a','a','a','a','a','a','a','a','a','a','a','a','a','a','a','a','a','a','a','a','a','a','a','a','a','a','a','a','a','a','a','a','a','a','a','a','a','a','a','a','a','a','a','a','a','a','a','a','a','a','a','a'}; 
Previous 4: main:buf:1={'{','0',',','a','a','a','a','a','a','a','a','a','a','a','a','a','a','a','a','a','a','a','a','a','a','a','a','a','a','a','a','a','a','a','a','a','a','a','a','a','a','a','a','a','a','a','a','a','a','a','a','a','a','a','a','a','a','a','a','a','a','a','a','a','a','a','a','a','a','a','a','a','a','a','a','a','a','a','a','a','a','a','a','a','a','a','a','a','a','a','a','a','a','a','a','a','a','a','a','a'}; 
Previous 5: main:buf:1={'A','A','A','A','A','A','A','A','A','A','A','A','A','A','A','A','A','A','A','A','A','A','A','A','A','A','A','A','A','A','A','A','A','A','A','A','A','A','A','A','A','A','A','A','A','A','A','A','A','A','B','B','B','B','B','B','B','B','B','B','B','B','B','B','B','B','B','B','B','B','B','B','B','B','B','B','B','B','B','B','B','B','B','B','B','B','B','B','B','B','B','B','B','B','B','B','B','B','C','D'}; 
Previous 6: main:buf:1={'b','b','b','b','b','b','b','b','b','b','b','b','b','b','b','b','b','b','b','b','b','b','b','b','b','b','b','b','b','b','b','b','b','b','b','b','b','b','b','b','b','b','b','b','b','b','b','b','b','b','b','b','b','b','b','b','b','b','b','b','b','b','b','b','b','b','b','b','b','b','b','b','b','b','b','b','b','b','b','b','b','b','b','b','b','b','b','b','b','b','b','b','b','b','b','b','b','b','b','b'}; 
Previous 7: main:buf:1={'a','a','a','a','a','a','a','a','a','a','a','a','a','a','a','a','a','a','a','a','a','a','a','a','a','a','a','a','a','a','a','a','a','a','a','a','a','a','a','a','a','a','a','a','a','a','a','a','a','a','a','a','a','a','a','a','a','a','a','a','a','a','a','a','a','a','a','a','a','a','a','a','a','a','a','a','a','a','a','a','a','a','a','a','a','a','a','a','a','a','a','a','a','a','a','a','a','a','b','b'}; 
Previous 8: main:buf:1={'\'','\'','\'','\'','\'','\'','\'','\'','\'','\'','\'','\'','\'','\'','\'','\'','\'','\'','\'','\'','\'','\'','\'','\'','\'','\'','\'','\'','\'','\'','\'','\'','\'','\'','\'','\'','\'','\'','\'','\'','\'','\'','\'','\'','\'','\'','\'','\'','\'','\'','\'','\'','\'','\'','\'','\'','\'','\'','\'','\'','\'','\'','\'','\'','\'','\'','\'','\'','\'','\'','\'','\'','\'','\'','\'','\'','\'','\'','\'','\'','\'','\'','\'','\'','\'','\'','\'','\'','\'','\'','\'','\'','\'','\'','\'','\'','\'','\'','\'','\''}; 
Previous 9: main:buf:1={'A','A','A','A','A','A','A','A','A','A','A','A','A','A','A','A','A','A','A','A','A','A','A','A','A','A','A','A','A','A','A','A','A','A','A','A','A','A','A','A','A','A','A','A','A','A','A','A','A','A','A','A','A','A','A','A','A','A','A','A','A','A','A','A','A','A','A','A','A','A','A','A','A','A','A','A','A','A','A','A','A','A','A','A','A','A','A','A','A','A','A','A','A','A','A','A','A','A','A','A'}; 
Previous 10: main:buf:1={'a','a','a','a','a','a','a','a','a','a','a','a','a','a','a','a','a','a','a','a','a','a','a','a','a','a','a','a','a','a','a','a','a','a','a','a','a','a','a','a','a','a','a','a','a','a','a','a','a','a','a','a','a','a','a','a','a','a','a','a','a','a','a','a','a','a','a','a','a','a','a','a','a','a','a','a','a','a','a','a','a','a','a','a','a','a','a','a','a','a','a','a','a','a','a','a','a','a','a','0'}; 
Previous 11: main:buf:1={'/','*','!','@','#','$','%','^','&','*','-','+','=','_','|','{','}',':',';','?','/','[',']',';','\'','`','~','1','2','3','4','5','6','7','8','9','0','a','b','c','d','e','f','g','h','i','j','k','l','m','n','o','p','q','r','s','t','u','v','w','x','y','z','A','B','C','D','E','F','G','H','I','J','K','L','M','N','O','P','Q','R','S','T','U','V','W','X','Y','Z','!','?','!','?','!','?','!','?','!','?','!'}; 
Previous 12: main:buf:1={'c','c','c','c','c','c','c','c','c','c','c','c','c','c','c','c','c','c','c','c','c','c','c','c','c','c','c','c','c','c','c','c','c','c','c','c','c','c','c','c','c','c','c','c','c','c','c','c','c','c','c','c','c','c','c','c','c','c','c','c','c','c','c','c','c','c','c','c','c','c','c','c','c','c','c','c','c','c','c','c','c','c','c','c','c','c','c','c','c','c','c','c','c','c','c','c','c','c','c','d'}; 
Previous 13: main:buf:1={'0','0','0','0','0','0','0','0','0','0','0','0','0','0','0','0','0','0','0','0','0','0','0','0','0','0','0','0','0','0','0','0','0','0','0','0','0','0','0','0','0','0','0','0','0','0','0','0','0','0','0','0','0','0','0','0','0','0','0','0','0','0','0','0','0','0','0','0','0','0','0','0','0','0','0','0','0','0','0','0','0','0','0','0','0','0','0','0','0','0','0','0','0','0','0','0','0','0','0','0'}; 
Previous 14: main:buf:1={'x','y','x','y','x','y','x','y','x','y','x','y','x','y','x','y','x','y','x','y','x','y','x','y','x','y','x','y','x','y','x','y','x','y','x','y','x','y','x','y','x','y','x','y','x','y','x','y','x','y','x','y','x','y','x','y','x','y','x','y','x','y','x','y','x','y','x','y','x','y','x','y','x','y','x','y','x','y','x','y','x','y','x','y','x','y','x','y','x','y','x','y','x','y','x','y','x','y','x','y'}; 
Previous 15: main:buf:1={'0','1','2','3','4','5','6','7','8','9','A','B','C','D','E','F','G','H','I','J','K','L','M','N','O','P','Q','R','S','T','U','V','W','X','Y','Z','a','b','c','d','e','f','g','h','i','j','k','l','m','n','o','p','q','r','s','t','u','v','w','x','y','z','!','@','#','$','%','^','&','*','(',')','-','_','=','+','[',']','{','}','|','/','?',' ','~','`',' ',' ','!','@','#','$','%','^','&','*','(',')','-','['}; 
Previous 16: main:buf:1={'\'','0','\'','\'','a','\'','a','\'','a','\'','a','\'','a','\'','a','\'','a','\'','a','\'','a','\'','a','\'','a','\'','a','\'','a','\'','a','\'','a','\'','a','\'','a','\'','a','\'','a','\'','a','\'','a','\'','a','\'','a','\'','a','\'','a','\'','a','\'','a','\'','a','\'','a','\'','a','\'','a','\'','a','\'','a','\'','a','\'','a','\'','a','\'','a','\'','a','\'','a','\'','a','\'','a','\'','a','\'','a','\'','a','\'','a','\'','a','\'','a','\'','a','\''}; 
Previous 17: main:buf:1={'g','g','g','g','g','g','g','g','g','g','g','g','g','g','g','g','g','g','g','g','g','g','g','g','g','g','g','g','g','g','g','g','g','g','g','g','g','g','g','g','g','g','g','g','g','g','g','g','g','g','g','g','g','g','g','g','g','g','g','g','g','g','g','g','g','g','g','g','g','g','g','g','g','g','g','g','g','g','g','g','g','g','g','g','g','g','g','g','g','g','g','g','g','g','g','g','g','g','g','g'}; 
Previous 18: main:buf:1={'_','_','_','_','_','_','_','_','_','_','_','_','_','_','_','_','_','_','_','_','_','_','_','_','_','_','_','_','_','_','_','_','_','_','_','_','_','_','_','_','_','_','_','_','_','_','_','_','_','_','_','_','_','_','_','_','_','_','_','_','_','_','_','_','_','_','_','_','_','_','_','_','_','_','_','_','_','_','_','_','_','_','_','_','_','_','_','_','_','_','_','_','_','_','_','_','_','_','_','_'}; 
Previous 19: main:buf:1={'a','b','c','d','e','f','g','h','i','j','a','b','c','d','e','f','g','h','i','j','a','b','c','d','e','f','g','h','i','j','a','b','c','d','e','f','g','h','i','j','a','b','c','d','e','f','g','h','i','j','a','b','c','d','e','f','g','h','i','j','a','b','c','d','e','f','g','h','i','j','a','b','c','d','e','f','g','h','i','j','a','b','c','d','e','f','g','h','i','j','a','b','c','d','e','f','g','h','i','j'}; 
Previous 20: main:buf:1={'a','a','a','a','a','a','a','a','a','a','a','a','a','a','a','a','a','a','a','a','a','a','a','a','a','a','a','a','a','a','a','a','a','a','a','a','a','a','a','a','a','a','a','a','a','a','a','a','a','a','b','b','b','b','b','b','b','b','b','b','b','b','b','b','b','b','b','b','b','b','b','b','b','b','b','b','b','b','c','c','c','c','c','c','c','c','c','c','c','c','c','c','c','c','c','c','c','c','c','c'}; 
Previous 21: main:buf:1={'>','0','0','0','0','0','0','0','0','0','0','0','0','0','0','0','0','0','0','0','0','0','0','0','0','0','0','0','0','0','0','0','0','0','0','0','0','0','0','0','0','0','0','0','0','0','0','0','0','0','0','0','0','0','0','0','0','0','0','0','0','0','0','0','0','0','0','0','0','0','0','0','0','0','0','0','0','0','0','0','0','0','0','0','0','0','0','0','0','0','0','0','0','0','0','0','0','0','0','0'}; 
Previous 22: main:buf:1={'a','b','c','d','e','f','g','h','i','j','k','l','m','n','o','p','q','r','s','t','u','v','w','x','y','z','A','B','C','D','E','F','G','H','I','J','K','L','M','N','O','P','Q','R','S','T','U','V','W','X','Y','Z','0','1','2','3','4','5','6','7','8','9','!','@','#','$','%','^','&','*','(','-',')','-','_','+','=','[',']','{','}','|',':',';','<','>','?','/','|','`','~','\'','%','.',',',' ','a','b','c','d'}; 
Previous 23: main:buf:1={'\'','0','\'','\'','\'','\'','\'','\'','\'','\'','\'','\'','\'','\'','\'','\'','\'','\'','\'','\'','\'','\'','\'','\'','\'','\'','\'','\'','\'','\'','\'','\'','\'','\'','\'','\'','\'','\'','\'','\'','\'','\'','\'','\'','\'','\'','\'','\'','\'','\'','\'','\'','\'','\'','\'','\'','\'','\'','\'','\'','\'','\'','\'','\'','\'','\'','\'','\'','\'','\'','\'','\'','\'','\'','\'','\'','\'','\'','\'','\'','\'','\'','\'','\'','\'','\'','\'','\'','\'','\'','\'','\'','\'','\'','\'','\'','\'','\'','\'','\''}; 
Previous 24: main:buf:1={'-','-','-','-','-','-','-','-','-','-','-','-','-','-','-','-','-','-','-','-','-','-','-','-','-','-','-','-','-','-','-','-','=','=','=','=','=','=','=','=','=','=','=','=','=','=','=','=','=','=','=','=','=','=','=','=','=','=','=','=','=','=','+','+','+','+','+','+','+','+','+','+','+','+','+','+','+','+','+','+','+','+','+','+','+','+','+','+','+','+','+','+','+','+','+','+','+','+','+','+'}; 
Previous 25: main:buf:1={'w','p','k','r','G','d','e','Z','q','n','U','O','g','H','5','X','S','m','R','t','J','T','3','c','V','1','l','f','Z','2','u','P','w','L','b','6','Q','z','Z','v','P','x','9','f','c','F','S','q','m','2','D','E','r','C','i','Y','b','k','O','z','4','3','q','a','L','P','c','j','s','g','g','b','8','h','Y','D','n','u','a','n','x','A','p','w','S','l','v','V','g','k','R','o','3','i','e','q','J','n','p','z'}; 
Previous 26: main:buf:1={'\'','`','<','h','?','j','|','k','l','p','b','H','4','-','g','K','o','l','D',';','s','7','5','p','6','w','K','c','>','p','l','?','x','!','q','j','b','w','V','-','M','x','Z','t','y','M','m','}','O','A','e',';','9','C','0','6','?','-','i','c','1','9','u','j','U','T','p','u','#','Z','i','8','A','5','9','f','Z','t','b','g','-','k','g','n','P','q','n','r','Z','Y','!','%','g','a','u','z','e','M','e','z'}; 
Previous 27: main:buf:1={'C','C','C','C','C','C','C','C','C','C','C','C','C','C','C','C','C','C','C','C','C','C','C','C','C','C','C','C','C','C','C','C','C','C','C','C','C','C','C','C','C','C','C','C','C','C','C','C','C','C','C','C','C','C','C','C','C','C','C','C','C','C','C','C','C','C','C','C','C','C','C','C','C','C','C','C','C','C','C','C','C','C','C','C','C','C','C','C','C','C','C','C','C','C','C','C','C','C','C','C'}; 
Previous 28: main:buf:1={'\'','\'','a','a','a','a','a','a','a','a','a','a','a','a','a','a','a','a','a','a','a','a','a','a','a','a','a','a','a','a','a','a','a','a','a','a','a','a','a','a','a','a','a','a','a','a','a','a','a','a','a','a','a','a','a','a','a','a','a','a','a','a','a','a','a','a','a','a','a','a','a','a','a','a','a','a','a','a','a','a','a','a','a','a','a','a','a','a','a','a','a','a','a','a','a','a','a','a','a','a'}; 
Previous 29: main:buf:1={'Z','Z','Z','Z','Z','Z','Z','Z','Z','Z','Z','Z','Z','Z','Z','Z','Z','Z','Z','Z','Z','Z','Z','Z','Z','Z','Z','Z','Z','Z','Z','Z','Z','Z','Z','Z','Z','Z','Z','Z','Z','Z','Z','Z','Z','Z','Z','Z','Z','Z','Z','Z','Z','Z','Z','Z','Z','Z','Z','Z','Z','Z','Z','Z','Z','Z','Z','Z','Z','Z','Z','Z','Z','Z','Z','Z','Z','Z','Z','Z','Z','Z','Z','Z','Z','Z','Z','Z','Z','Z','Z','Z','Z','Z','Z','Z','Z','Z','Z','Z'}; 
Previous 30: main:buf:1={'q','q','q','q','q','q','q','q','q','q','q','q','q','q','q','q','q','q','q','q','q','q','q','q','q','q','q','q','q','q','q','q','q','q','q','q','q','q','q','q','q','q','q','q','q','q','q','q','q','q','q','q','q','q','q','q','q','q','q','q','q','q','q','q','q','q','q','q','q','q','q','q','q','q','q','q','q','q','q','q','q','q','q','q','q','q','q','q','q','q','q','q','q','q','q','q','q','q','q','q'}; 
Previous 31: main:buf:1={'N','a','a','a','a','a','a','a','a','a','a','a','a','a','a','a','a','a','a','a','a','a','a','a','a','a','a','a','a','a','a','a','a','a','a','a','a','a','a','a','a','a','a','a','a','a','a','a','a','a','a','a','a','a','a','a','a','a','a','a','a','a','a','a','a','a','a','a','a','a','a','a','a','a','a','a','a','a','a','a','a','a','a','a','a','a','a','a','a','a','a','a','a','a','a','a','a','a','a','a'}; 
Previous 32: main:buf:1={'A','B','C','D','E','F','G','H','I','J','K','L','M','N','O','P','Q','R','S','T','U','V','W','X','Y','Z','a','b','c','d','e','f','g','h','i','j','k','l','m','n','o','p','q','r','s','t','u','v','w','x','y','z','0','1','2','3','4','5','6','7','8','9','!','@','#','$','%','^','&','*','(',')','-','_','=','[',']','{','}','|',':',';','<','>',',','?','/','~','`',' ','!','#','1','x','y','c','d','e','f','g'}; 
Previous 33: main:buf:1={'m','n','m','n','m','n','m','n','m','n','m','n','m','n','m','n','m','n','m','n','m','n','m','n','m','n','m','n','m','n','m','n','m','n','m','n','m','n','m','n','m','n','m','n','m','n','m','n','m','n','m','n','m','n','m','n','m','n','m','n','m','n','m','n','m','n','m','n','m','n','m','n','m','n','m','n','m','n','m','n','m','n','m','n','m','n','m','n','m','n','m','n','m','n','m','n','m','n','m','n'}; 
Previous 34: main:buf:1={'z','z','z','z','z','z','z','z','z','z','z','z','z','z','z','z','z','z','z','z','z','z','z','z','z','z','z','z','z','z','z','z','z','z','z','z','z','z','z','z','z','z','z','z','z','z','z','z','z','z','z','z','z','z','z','z','z','z','z','z','z','z','z','z','z','z','z','z','z','z','z','z','z','z','z','z','z','z','z','z','z','z','z','z','z','z','z','z','z','z','z','z','z','z','z','z','z','z','z','z'}; 
Previous 35: main:buf:1={'A','B','C','D','E','F','G','H','I','J','K','L','M','N','O','P','Q','R','S','T','U','V','W','X','Y','Z','a','b','c','d','e','f','g','h','i','j','k','l','m','n','o','p','q','r','s','t','u','v','w','x','y','z','0','1','2','3','4','5','6','7','8','9','!','@','#','$','%','^','&','*','(',')','-','_','+','=','[',']','{','}','|',';',';',':',',','.','<','>','?',' ','/','?','?','?','?','?','?','?','?','?'}; 
Previous 36: main:buf:1={'\'','\'','\'','\'','\'','\'','\'','\'','\'','\'','\'','\'','\'','\'','\'','\'','\'','\'','\'','\'','\'','\'','\'','\'','\'','\'','\'','\'','\'','\'','\'','\'','\'','\'','\'','\'','\'','\'','\'','\'','\'','\'','\'','\'','\'','\'','\'','\'','\'','\'','\'','\'','\'','\'','\'','\'','\'','\'','\'','\'','\'','\'','\'','\'','\'','\'','\'','\'','\'','\'','\'','\'','\'','\'','\'','\'','\'','\'','\'','\'','\'','\'','\'','\'','\'','\'','\'','\'','\'','\'','\'','\'','\'','\'','\'','\'','\'','\'','a','a'}; 
Previous 37: main:buf:1={'\'','0','\'',',','\'','0','\'',',','\'','0','\'',',','\'','0','\'',',','\'','0','\'',',','\'','0','\'',',','\'','0','\'',',','\'','0','\'',',','\'','0','\'',',','\'','0','\'',',','\'','0','\'',',','\'','0','\'',',','\'','0','\'',',','\'','0','\'',',','\'','0','\'',',','\'','0','\'',',','\'','0','\'',',','\'','0','\'',',','\'','0','\'',',','\'','0','\'',',','\'','0','\'',',','\'','0','\'',',','\'','0','\'',',','\'','0','\'',',','\'','0','\'',','}; 
Previous 38: main:buf:1={'\'','0','\'','\'','a','\'','\'','a','\'','\'','a','\'','\'','a','\'','\'','a','\'','\'','a','\'','\'','a','\'','\'','a','\'','\'','a','\'','\'','a','\'','\'','a','\'','\'','a','\'','\'','a','\'','\'','a','\'','\'','a','\'','\'','a','\'','\'','a','\'','\'','a','\'','\'','a','\'','\'','a','\'','\'','a','\'','\'','a','\'','\'','a','\'','\'','a','\'','\'','a','\'','\'','a','\'','\'','a','\'','\'','a','\'','\'','a','\'','\'','a','\'','\'','a','\'','\'','a','\'','\''}; 
Previous 39: main:buf:1={'\'','a','\'','\'','b','\'','\'','c','\'','\'','d','\'','\'','e','\'','\'','f','\'','\'','g','\'','\'','h','\'','\'','i','\'','\'','j','\'','\'','a','\'','\'','b','\'','\'','c','\'','\'','d','\'','\'','e','\'','\'','f','\'','\'','g','\'','\'','h','\'','\'','i','\'','\'','j','\'','\'','a','\'','\'','b','\'','\'','c','\'','\'','d','\'','\'','e','\'','\'','f','\'','\'','g','\'','\'','h','\'','\'','i','\'','\'','j','\'','\'','a','\'','\'','b','\'','\'','c','\'','\''}; 

Program:
extern char __VERIFIER_nondet_char(void);
/*
Commit Number: cea58cb6d8fe0d27bfcbab57776bd36d5c724ec3
URL: https://github.com/GNOME/evolution-data-server/commit/cea58cb6d8fe0d27bfcbab57776bd36d5c724ec3
Project Name: evolution-data-server
License: GPL2
termination: false


*/
int strcspn(const char *strSrc, const char *str)
{
    const char *s;
    const char *t = strSrc;
    while (*t != '\0')
    {
        s = str;
        while (*s != '\0')
        {
            if (*t == *s )
            return t-strSrc;
            ++s;
        }
        ++t;
    }
    return 0;
}
int main()
{
    char buf[100];
    for( int i = 0 ; i < 99 ; i++ )
        buf[i] = __VERIFIER_nondet_char();
    buf[99] = '\0';
    char *p = buf;
    while( *p )
    {
        int len = strcspn( p , ""\n"");
        p += len;
    }
    return 0;

}

"
54,NT,"main:buf:1={'X','X','X','X','X','X','X','X','X','X','X','X','X','X','X','X','X','X','X','X','X','X','X','X','X','X','X','X','X','X','X','X','X','X','X','X','X','X','X','X','X','X','X','X','X','X','X','X','X','X','X','X','X','X','X','X','X','X','X','X','X','X','X','X','X','X','X','X','X','X','X','X','X','X','X','X','X','X','X','X','X','X','X','X','X','X','X','X','X','X','X','X','X','X','X','X','X','X','X','X'}
",/home/quasar/Documents/FocusTNT/results_InputGeneration/FSE/loop/Incorrect_Initialization_1_NT/input_generator_artifacts/generated_programs/Incorrect_Initialization_1_NT_TestCase2.c,TIMEOUT,LIKELY_NT,true,,"You generate concrete values for nondeterministic inputs in a C/C++ program.
Your goal is to produce ONE complete assignment set that is likely to make the program not terminate.

Important rules:
1. Return a value for EVERY listed nondeterministic input ID.
2. Use each ID exactly once.
3. Respect the declared C/C++ type.
4. For an array, return the value as an array containing exactly the required number of elements.
5. For char arrays, each element must be exactly one character. Return the character itself without C single quotes.
6. Prefer small-magnitude values unless larger values are necessary to achieve the requested execution behavior.

Nondeterministic inputs:
- id: main:buf:1, type: char, array: true, size: 100, required elements: 100

Previously generated assignment sets are listed below. Generate a materially different set and do not duplicate any of them.
Previous 1: main:buf:1={':',':','@','A','1','$','a','B','c','D','e','F','g','H','i','J','k','L','m','N','o','P','q','R','s','T','u','V','w','X','y','Z','0','1','2','3','4','5','6','7','8','9','!','?','-','_','+','%','^','&','*','/','`','{','}','[',']','|','~',' ','a','b','c','d','e','f','g','h','i','j','k','l','m','n','o','p','q','r','s','t','u','v','w','x','y','z','A','B','C','D','E','F','G','H','I','J','K','L','M','N'}; 
Previous 2: main:buf:1={'a','a','a','a','a','a','a','a','a','a','a','a','a','a','a','a','a','a','a','a','a','a','a','a','a','a','a','a','a','a','a','a','a','a','a','a','a','a','a','a','a','a','a','a','a','a','a','a','a','a','a','a','a','a','a','a','a','a','a','a','a','a','a','a','a','a','a','a','a','a','a','a','a','a','a','a','a','a','a','a','a','a','a','a','a','a','a','a','a','a','a','a','a','a','a','a','a','a','a','a'}; 
Previous 3: main:buf:1={'0','a','a','a','a','a','a','a','a','a','a','a','a','a','a','a','a','a','a','a','a','a','a','a','a','a','a','a','a','a','a','a','a','a','a','a','a','a','a','a','a','a','a','a','a','a','a','a','a','a','a','a','a','a','a','a','a','a','a','a','a','a','a','a','a','a','a','a','a','a','a','a','a','a','a','a','a','a','a','a','a','a','a','a','a','a','a','a','a','a','a','a','a','a','a','a','a','a','a','a'}; 
Previous 4: main:buf:1={'{','0',',','a','a','a','a','a','a','a','a','a','a','a','a','a','a','a','a','a','a','a','a','a','a','a','a','a','a','a','a','a','a','a','a','a','a','a','a','a','a','a','a','a','a','a','a','a','a','a','a','a','a','a','a','a','a','a','a','a','a','a','a','a','a','a','a','a','a','a','a','a','a','a','a','a','a','a','a','a','a','a','a','a','a','a','a','a','a','a','a','a','a','a','a','a','a','a','a','a'}; 
Previous 5: main:buf:1={'A','A','A','A','A','A','A','A','A','A','A','A','A','A','A','A','A','A','A','A','A','A','A','A','A','A','A','A','A','A','A','A','A','A','A','A','A','A','A','A','A','A','A','A','A','A','A','A','A','A','B','B','B','B','B','B','B','B','B','B','B','B','B','B','B','B','B','B','B','B','B','B','B','B','B','B','B','B','B','B','B','B','B','B','B','B','B','B','B','B','B','B','B','B','B','B','B','B','C','D'}; 
Previous 6: main:buf:1={'b','b','b','b','b','b','b','b','b','b','b','b','b','b','b','b','b','b','b','b','b','b','b','b','b','b','b','b','b','b','b','b','b','b','b','b','b','b','b','b','b','b','b','b','b','b','b','b','b','b','b','b','b','b','b','b','b','b','b','b','b','b','b','b','b','b','b','b','b','b','b','b','b','b','b','b','b','b','b','b','b','b','b','b','b','b','b','b','b','b','b','b','b','b','b','b','b','b','b','b'}; 
Previous 7: main:buf:1={'a','a','a','a','a','a','a','a','a','a','a','a','a','a','a','a','a','a','a','a','a','a','a','a','a','a','a','a','a','a','a','a','a','a','a','a','a','a','a','a','a','a','a','a','a','a','a','a','a','a','a','a','a','a','a','a','a','a','a','a','a','a','a','a','a','a','a','a','a','a','a','a','a','a','a','a','a','a','a','a','a','a','a','a','a','a','a','a','a','a','a','a','a','a','a','a','a','a','b','b'}; 
Previous 8: main:buf:1={'\'','\'','\'','\'','\'','\'','\'','\'','\'','\'','\'','\'','\'','\'','\'','\'','\'','\'','\'','\'','\'','\'','\'','\'','\'','\'','\'','\'','\'','\'','\'','\'','\'','\'','\'','\'','\'','\'','\'','\'','\'','\'','\'','\'','\'','\'','\'','\'','\'','\'','\'','\'','\'','\'','\'','\'','\'','\'','\'','\'','\'','\'','\'','\'','\'','\'','\'','\'','\'','\'','\'','\'','\'','\'','\'','\'','\'','\'','\'','\'','\'','\'','\'','\'','\'','\'','\'','\'','\'','\'','\'','\'','\'','\'','\'','\'','\'','\'','\'','\''}; 
Previous 9: main:buf:1={'A','A','A','A','A','A','A','A','A','A','A','A','A','A','A','A','A','A','A','A','A','A','A','A','A','A','A','A','A','A','A','A','A','A','A','A','A','A','A','A','A','A','A','A','A','A','A','A','A','A','A','A','A','A','A','A','A','A','A','A','A','A','A','A','A','A','A','A','A','A','A','A','A','A','A','A','A','A','A','A','A','A','A','A','A','A','A','A','A','A','A','A','A','A','A','A','A','A','A','A'}; 
Previous 10: main:buf:1={'a','a','a','a','a','a','a','a','a','a','a','a','a','a','a','a','a','a','a','a','a','a','a','a','a','a','a','a','a','a','a','a','a','a','a','a','a','a','a','a','a','a','a','a','a','a','a','a','a','a','a','a','a','a','a','a','a','a','a','a','a','a','a','a','a','a','a','a','a','a','a','a','a','a','a','a','a','a','a','a','a','a','a','a','a','a','a','a','a','a','a','a','a','a','a','a','a','a','a','0'}; 
Previous 11: main:buf:1={'/','*','!','@','#','$','%','^','&','*','-','+','=','_','|','{','}',':',';','?','/','[',']',';','\'','`','~','1','2','3','4','5','6','7','8','9','0','a','b','c','d','e','f','g','h','i','j','k','l','m','n','o','p','q','r','s','t','u','v','w','x','y','z','A','B','C','D','E','F','G','H','I','J','K','L','M','N','O','P','Q','R','S','T','U','V','W','X','Y','Z','!','?','!','?','!','?','!','?','!','?','!'}; 
Previous 12: main:buf:1={'c','c','c','c','c','c','c','c','c','c','c','c','c','c','c','c','c','c','c','c','c','c','c','c','c','c','c','c','c','c','c','c','c','c','c','c','c','c','c','c','c','c','c','c','c','c','c','c','c','c','c','c','c','c','c','c','c','c','c','c','c','c','c','c','c','c','c','c','c','c','c','c','c','c','c','c','c','c','c','c','c','c','c','c','c','c','c','c','c','c','c','c','c','c','c','c','c','c','c','d'}; 
Previous 13: main:buf:1={'0','0','0','0','0','0','0','0','0','0','0','0','0','0','0','0','0','0','0','0','0','0','0','0','0','0','0','0','0','0','0','0','0','0','0','0','0','0','0','0','0','0','0','0','0','0','0','0','0','0','0','0','0','0','0','0','0','0','0','0','0','0','0','0','0','0','0','0','0','0','0','0','0','0','0','0','0','0','0','0','0','0','0','0','0','0','0','0','0','0','0','0','0','0','0','0','0','0','0','0'}; 
Previous 14: main:buf:1={'x','y','x','y','x','y','x','y','x','y','x','y','x','y','x','y','x','y','x','y','x','y','x','y','x','y','x','y','x','y','x','y','x','y','x','y','x','y','x','y','x','y','x','y','x','y','x','y','x','y','x','y','x','y','x','y','x','y','x','y','x','y','x','y','x','y','x','y','x','y','x','y','x','y','x','y','x','y','x','y','x','y','x','y','x','y','x','y','x','y','x','y','x','y','x','y','x','y','x','y'}; 
Previous 15: main:buf:1={'0','1','2','3','4','5','6','7','8','9','A','B','C','D','E','F','G','H','I','J','K','L','M','N','O','P','Q','R','S','T','U','V','W','X','Y','Z','a','b','c','d','e','f','g','h','i','j','k','l','m','n','o','p','q','r','s','t','u','v','w','x','y','z','!','@','#','$','%','^','&','*','(',')','-','_','=','+','[',']','{','}','|','/','?',' ','~','`',' ',' ','!','@','#','$','%','^','&','*','(',')','-','['}; 
Previous 16: main:buf:1={'\'','0','\'','\'','a','\'','a','\'','a','\'','a','\'','a','\'','a','\'','a','\'','a','\'','a','\'','a','\'','a','\'','a','\'','a','\'','a','\'','a','\'','a','\'','a','\'','a','\'','a','\'','a','\'','a','\'','a','\'','a','\'','a','\'','a','\'','a','\'','a','\'','a','\'','a','\'','a','\'','a','\'','a','\'','a','\'','a','\'','a','\'','a','\'','a','\'','a','\'','a','\'','a','\'','a','\'','a','\'','a','\'','a','\'','a','\'','a','\'','a','\'','a','\''}; 
Previous 17: main:buf:1={'g','g','g','g','g','g','g','g','g','g','g','g','g','g','g','g','g','g','g','g','g','g','g','g','g','g','g','g','g','g','g','g','g','g','g','g','g','g','g','g','g','g','g','g','g','g','g','g','g','g','g','g','g','g','g','g','g','g','g','g','g','g','g','g','g','g','g','g','g','g','g','g','g','g','g','g','g','g','g','g','g','g','g','g','g','g','g','g','g','g','g','g','g','g','g','g','g','g','g','g'}; 
Previous 18: main:buf:1={'_','_','_','_','_','_','_','_','_','_','_','_','_','_','_','_','_','_','_','_','_','_','_','_','_','_','_','_','_','_','_','_','_','_','_','_','_','_','_','_','_','_','_','_','_','_','_','_','_','_','_','_','_','_','_','_','_','_','_','_','_','_','_','_','_','_','_','_','_','_','_','_','_','_','_','_','_','_','_','_','_','_','_','_','_','_','_','_','_','_','_','_','_','_','_','_','_','_','_','_'}; 
Previous 19: main:buf:1={'a','b','c','d','e','f','g','h','i','j','a','b','c','d','e','f','g','h','i','j','a','b','c','d','e','f','g','h','i','j','a','b','c','d','e','f','g','h','i','j','a','b','c','d','e','f','g','h','i','j','a','b','c','d','e','f','g','h','i','j','a','b','c','d','e','f','g','h','i','j','a','b','c','d','e','f','g','h','i','j','a','b','c','d','e','f','g','h','i','j','a','b','c','d','e','f','g','h','i','j'}; 
Previous 20: main:buf:1={'a','a','a','a','a','a','a','a','a','a','a','a','a','a','a','a','a','a','a','a','a','a','a','a','a','a','a','a','a','a','a','a','a','a','a','a','a','a','a','a','a','a','a','a','a','a','a','a','a','a','b','b','b','b','b','b','b','b','b','b','b','b','b','b','b','b','b','b','b','b','b','b','b','b','b','b','b','b','c','c','c','c','c','c','c','c','c','c','c','c','c','c','c','c','c','c','c','c','c','c'}; 
Previous 21: main:buf:1={'>','0','0','0','0','0','0','0','0','0','0','0','0','0','0','0','0','0','0','0','0','0','0','0','0','0','0','0','0','0','0','0','0','0','0','0','0','0','0','0','0','0','0','0','0','0','0','0','0','0','0','0','0','0','0','0','0','0','0','0','0','0','0','0','0','0','0','0','0','0','0','0','0','0','0','0','0','0','0','0','0','0','0','0','0','0','0','0','0','0','0','0','0','0','0','0','0','0','0','0'}; 
Previous 22: main:buf:1={'a','b','c','d','e','f','g','h','i','j','k','l','m','n','o','p','q','r','s','t','u','v','w','x','y','z','A','B','C','D','E','F','G','H','I','J','K','L','M','N','O','P','Q','R','S','T','U','V','W','X','Y','Z','0','1','2','3','4','5','6','7','8','9','!','@','#','$','%','^','&','*','(','-',')','-','_','+','=','[',']','{','}','|',':',';','<','>','?','/','|','`','~','\'','%','.',',',' ','a','b','c','d'}; 
Previous 23: main:buf:1={'\'','0','\'','\'','\'','\'','\'','\'','\'','\'','\'','\'','\'','\'','\'','\'','\'','\'','\'','\'','\'','\'','\'','\'','\'','\'','\'','\'','\'','\'','\'','\'','\'','\'','\'','\'','\'','\'','\'','\'','\'','\'','\'','\'','\'','\'','\'','\'','\'','\'','\'','\'','\'','\'','\'','\'','\'','\'','\'','\'','\'','\'','\'','\'','\'','\'','\'','\'','\'','\'','\'','\'','\'','\'','\'','\'','\'','\'','\'','\'','\'','\'','\'','\'','\'','\'','\'','\'','\'','\'','\'','\'','\'','\'','\'','\'','\'','\'','\'','\''}; 
Previous 24: main:buf:1={'-','-','-','-','-','-','-','-','-','-','-','-','-','-','-','-','-','-','-','-','-','-','-','-','-','-','-','-','-','-','-','-','=','=','=','=','=','=','=','=','=','=','=','=','=','=','=','=','=','=','=','=','=','=','=','=','=','=','=','=','=','=','+','+','+','+','+','+','+','+','+','+','+','+','+','+','+','+','+','+','+','+','+','+','+','+','+','+','+','+','+','+','+','+','+','+','+','+','+','+'}; 
Previous 25: main:buf:1={'w','p','k','r','G','d','e','Z','q','n','U','O','g','H','5','X','S','m','R','t','J','T','3','c','V','1','l','f','Z','2','u','P','w','L','b','6','Q','z','Z','v','P','x','9','f','c','F','S','q','m','2','D','E','r','C','i','Y','b','k','O','z','4','3','q','a','L','P','c','j','s','g','g','b','8','h','Y','D','n','u','a','n','x','A','p','w','S','l','v','V','g','k','R','o','3','i','e','q','J','n','p','z'}; 
Previous 26: main:buf:1={'\'','`','<','h','?','j','|','k','l','p','b','H','4','-','g','K','o','l','D',';','s','7','5','p','6','w','K','c','>','p','l','?','x','!','q','j','b','w','V','-','M','x','Z','t','y','M','m','}','O','A','e',';','9','C','0','6','?','-','i','c','1','9','u','j','U','T','p','u','#','Z','i','8','A','5','9','f','Z','t','b','g','-','k','g','n','P','q','n','r','Z','Y','!','%','g','a','u','z','e','M','e','z'}; 
Previous 27: main:buf:1={'C','C','C','C','C','C','C','C','C','C','C','C','C','C','C','C','C','C','C','C','C','C','C','C','C','C','C','C','C','C','C','C','C','C','C','C','C','C','C','C','C','C','C','C','C','C','C','C','C','C','C','C','C','C','C','C','C','C','C','C','C','C','C','C','C','C','C','C','C','C','C','C','C','C','C','C','C','C','C','C','C','C','C','C','C','C','C','C','C','C','C','C','C','C','C','C','C','C','C','C'}; 
Previous 28: main:buf:1={'\'','\'','a','a','a','a','a','a','a','a','a','a','a','a','a','a','a','a','a','a','a','a','a','a','a','a','a','a','a','a','a','a','a','a','a','a','a','a','a','a','a','a','a','a','a','a','a','a','a','a','a','a','a','a','a','a','a','a','a','a','a','a','a','a','a','a','a','a','a','a','a','a','a','a','a','a','a','a','a','a','a','a','a','a','a','a','a','a','a','a','a','a','a','a','a','a','a','a','a','a'}; 
Previous 29: main:buf:1={'Z','Z','Z','Z','Z','Z','Z','Z','Z','Z','Z','Z','Z','Z','Z','Z','Z','Z','Z','Z','Z','Z','Z','Z','Z','Z','Z','Z','Z','Z','Z','Z','Z','Z','Z','Z','Z','Z','Z','Z','Z','Z','Z','Z','Z','Z','Z','Z','Z','Z','Z','Z','Z','Z','Z','Z','Z','Z','Z','Z','Z','Z','Z','Z','Z','Z','Z','Z','Z','Z','Z','Z','Z','Z','Z','Z','Z','Z','Z','Z','Z','Z','Z','Z','Z','Z','Z','Z','Z','Z','Z','Z','Z','Z','Z','Z','Z','Z','Z','Z'}; 
Previous 30: main:buf:1={'q','q','q','q','q','q','q','q','q','q','q','q','q','q','q','q','q','q','q','q','q','q','q','q','q','q','q','q','q','q','q','q','q','q','q','q','q','q','q','q','q','q','q','q','q','q','q','q','q','q','q','q','q','q','q','q','q','q','q','q','q','q','q','q','q','q','q','q','q','q','q','q','q','q','q','q','q','q','q','q','q','q','q','q','q','q','q','q','q','q','q','q','q','q','q','q','q','q','q','q'}; 
Previous 31: main:buf:1={'N','a','a','a','a','a','a','a','a','a','a','a','a','a','a','a','a','a','a','a','a','a','a','a','a','a','a','a','a','a','a','a','a','a','a','a','a','a','a','a','a','a','a','a','a','a','a','a','a','a','a','a','a','a','a','a','a','a','a','a','a','a','a','a','a','a','a','a','a','a','a','a','a','a','a','a','a','a','a','a','a','a','a','a','a','a','a','a','a','a','a','a','a','a','a','a','a','a','a','a'}; 
Previous 32: main:buf:1={'A','B','C','D','E','F','G','H','I','J','K','L','M','N','O','P','Q','R','S','T','U','V','W','X','Y','Z','a','b','c','d','e','f','g','h','i','j','k','l','m','n','o','p','q','r','s','t','u','v','w','x','y','z','0','1','2','3','4','5','6','7','8','9','!','@','#','$','%','^','&','*','(',')','-','_','=','[',']','{','}','|',':',';','<','>',',','?','/','~','`',' ','!','#','1','x','y','c','d','e','f','g'}; 
Previous 33: main:buf:1={'m','n','m','n','m','n','m','n','m','n','m','n','m','n','m','n','m','n','m','n','m','n','m','n','m','n','m','n','m','n','m','n','m','n','m','n','m','n','m','n','m','n','m','n','m','n','m','n','m','n','m','n','m','n','m','n','m','n','m','n','m','n','m','n','m','n','m','n','m','n','m','n','m','n','m','n','m','n','m','n','m','n','m','n','m','n','m','n','m','n','m','n','m','n','m','n','m','n','m','n'}; 
Previous 34: main:buf:1={'z','z','z','z','z','z','z','z','z','z','z','z','z','z','z','z','z','z','z','z','z','z','z','z','z','z','z','z','z','z','z','z','z','z','z','z','z','z','z','z','z','z','z','z','z','z','z','z','z','z','z','z','z','z','z','z','z','z','z','z','z','z','z','z','z','z','z','z','z','z','z','z','z','z','z','z','z','z','z','z','z','z','z','z','z','z','z','z','z','z','z','z','z','z','z','z','z','z','z','z'}; 
Previous 35: main:buf:1={'A','B','C','D','E','F','G','H','I','J','K','L','M','N','O','P','Q','R','S','T','U','V','W','X','Y','Z','a','b','c','d','e','f','g','h','i','j','k','l','m','n','o','p','q','r','s','t','u','v','w','x','y','z','0','1','2','3','4','5','6','7','8','9','!','@','#','$','%','^','&','*','(',')','-','_','+','=','[',']','{','}','|',';',';',':',',','.','<','>','?',' ','/','?','?','?','?','?','?','?','?','?'}; 
Previous 36: main:buf:1={'\'','\'','\'','\'','\'','\'','\'','\'','\'','\'','\'','\'','\'','\'','\'','\'','\'','\'','\'','\'','\'','\'','\'','\'','\'','\'','\'','\'','\'','\'','\'','\'','\'','\'','\'','\'','\'','\'','\'','\'','\'','\'','\'','\'','\'','\'','\'','\'','\'','\'','\'','\'','\'','\'','\'','\'','\'','\'','\'','\'','\'','\'','\'','\'','\'','\'','\'','\'','\'','\'','\'','\'','\'','\'','\'','\'','\'','\'','\'','\'','\'','\'','\'','\'','\'','\'','\'','\'','\'','\'','\'','\'','\'','\'','\'','\'','\'','\'','a','a'}; 
Previous 37: main:buf:1={'\'','0','\'',',','\'','0','\'',',','\'','0','\'',',','\'','0','\'',',','\'','0','\'',',','\'','0','\'',',','\'','0','\'',',','\'','0','\'',',','\'','0','\'',',','\'','0','\'',',','\'','0','\'',',','\'','0','\'',',','\'','0','\'',',','\'','0','\'',',','\'','0','\'',',','\'','0','\'',',','\'','0','\'',',','\'','0','\'',',','\'','0','\'',',','\'','0','\'',',','\'','0','\'',',','\'','0','\'',',','\'','0','\'',',','\'','0','\'',',','\'','0','\'',','}; 
Previous 38: main:buf:1={'\'','0','\'','\'','a','\'','\'','a','\'','\'','a','\'','\'','a','\'','\'','a','\'','\'','a','\'','\'','a','\'','\'','a','\'','\'','a','\'','\'','a','\'','\'','a','\'','\'','a','\'','\'','a','\'','\'','a','\'','\'','a','\'','\'','a','\'','\'','a','\'','\'','a','\'','\'','a','\'','\'','a','\'','\'','a','\'','\'','a','\'','\'','a','\'','\'','a','\'','\'','a','\'','\'','a','\'','\'','a','\'','\'','a','\'','\'','a','\'','\'','a','\'','\'','a','\'','\'','a','\'','\''}; 
Previous 39: main:buf:1={'\'','a','\'','\'','b','\'','\'','c','\'','\'','d','\'','\'','e','\'','\'','f','\'','\'','g','\'','\'','h','\'','\'','i','\'','\'','j','\'','\'','a','\'','\'','b','\'','\'','c','\'','\'','d','\'','\'','e','\'','\'','f','\'','\'','g','\'','\'','h','\'','\'','i','\'','\'','j','\'','\'','a','\'','\'','b','\'','\'','c','\'','\'','d','\'','\'','e','\'','\'','f','\'','\'','g','\'','\'','h','\'','\'','i','\'','\'','j','\'','\'','a','\'','\'','b','\'','\'','c','\'','\''}; 

Program:
extern char __VERIFIER_nondet_char(void);
/*
Commit Number: cea58cb6d8fe0d27bfcbab57776bd36d5c724ec3
URL: https://github.com/GNOME/evolution-data-server/commit/cea58cb6d8fe0d27bfcbab57776bd36d5c724ec3
Project Name: evolution-data-server
License: GPL2
termination: false


*/
int strcspn(const char *strSrc, const char *str)
{
    const char *s;
    const char *t = strSrc;
    while (*t != '\0')
    {
        s = str;
        while (*s != '\0')
        {
            if (*t == *s )
            return t-strSrc;
            ++s;
        }
        ++t;
    }
    return 0;
}
int main()
{
    char buf[100];
    for( int i = 0 ; i < 99 ; i++ )
        buf[i] = __VERIFIER_nondet_char();
    buf[99] = '\0';
    char *p = buf;
    while( *p )
    {
        int len = strcspn( p , ""\n"");
        p += len;
    }
    return 0;

}

"
55,NT,"main:buf:1={'A','B','C','D','E','F','G','H','I','J','K','L','M','N','O','P','Q','R','S','T','U','V','W','X','Y','Z','A','B','C','D','E','F','G','H','I','J','K','L','M','N','O','P','Q','R','S','T','U','V','W','X','Y','Z','A','B','C','D','E','F','G','H','I','J','K','L','M','N','O','P','Q','R','S','T','U','V','W','X','Y','Z','A','B','C','D','E','F','G','H','I','J','K','L','M','N','O','P','Q','R','S','T','U','a'}
",/home/quasar/Documents/FocusTNT/results_InputGeneration/FSE/loop/Incorrect_Initialization_1_NT/input_generator_artifacts/generated_programs/Incorrect_Initialization_1_NT_TestCase3.c,TIMEOUT,LIKELY_NT,true,,"You generate concrete values for nondeterministic inputs in a C/C++ program.
Your goal is to produce ONE complete assignment set that is likely to make the program not terminate.

Important rules:
1. Return a value for EVERY listed nondeterministic input ID.
2. Use each ID exactly once.
3. Respect the declared C/C++ type.
4. For an array, return the value as an array containing exactly the required number of elements.
5. For char arrays, each element must be exactly one character. Return the character itself without C single quotes.
6. Prefer small-magnitude values unless larger values are necessary to achieve the requested execution behavior.

Nondeterministic inputs:
- id: main:buf:1, type: char, array: true, size: 100, required elements: 100

Previously generated assignment sets are listed below. Generate a materially different set and do not duplicate any of them.
Previous 1: main:buf:1={':',':','@','A','1','$','a','B','c','D','e','F','g','H','i','J','k','L','m','N','o','P','q','R','s','T','u','V','w','X','y','Z','0','1','2','3','4','5','6','7','8','9','!','?','-','_','+','%','^','&','*','/','`','{','}','[',']','|','~',' ','a','b','c','d','e','f','g','h','i','j','k','l','m','n','o','p','q','r','s','t','u','v','w','x','y','z','A','B','C','D','E','F','G','H','I','J','K','L','M','N'}; 
Previous 2: main:buf:1={'a','a','a','a','a','a','a','a','a','a','a','a','a','a','a','a','a','a','a','a','a','a','a','a','a','a','a','a','a','a','a','a','a','a','a','a','a','a','a','a','a','a','a','a','a','a','a','a','a','a','a','a','a','a','a','a','a','a','a','a','a','a','a','a','a','a','a','a','a','a','a','a','a','a','a','a','a','a','a','a','a','a','a','a','a','a','a','a','a','a','a','a','a','a','a','a','a','a','a','a'}; 
Previous 3: main:buf:1={'0','a','a','a','a','a','a','a','a','a','a','a','a','a','a','a','a','a','a','a','a','a','a','a','a','a','a','a','a','a','a','a','a','a','a','a','a','a','a','a','a','a','a','a','a','a','a','a','a','a','a','a','a','a','a','a','a','a','a','a','a','a','a','a','a','a','a','a','a','a','a','a','a','a','a','a','a','a','a','a','a','a','a','a','a','a','a','a','a','a','a','a','a','a','a','a','a','a','a','a'}; 
Previous 4: main:buf:1={'{','0',',','a','a','a','a','a','a','a','a','a','a','a','a','a','a','a','a','a','a','a','a','a','a','a','a','a','a','a','a','a','a','a','a','a','a','a','a','a','a','a','a','a','a','a','a','a','a','a','a','a','a','a','a','a','a','a','a','a','a','a','a','a','a','a','a','a','a','a','a','a','a','a','a','a','a','a','a','a','a','a','a','a','a','a','a','a','a','a','a','a','a','a','a','a','a','a','a','a'}; 
Previous 5: main:buf:1={'A','A','A','A','A','A','A','A','A','A','A','A','A','A','A','A','A','A','A','A','A','A','A','A','A','A','A','A','A','A','A','A','A','A','A','A','A','A','A','A','A','A','A','A','A','A','A','A','A','A','B','B','B','B','B','B','B','B','B','B','B','B','B','B','B','B','B','B','B','B','B','B','B','B','B','B','B','B','B','B','B','B','B','B','B','B','B','B','B','B','B','B','B','B','B','B','B','B','C','D'}; 
Previous 6: main:buf:1={'b','b','b','b','b','b','b','b','b','b','b','b','b','b','b','b','b','b','b','b','b','b','b','b','b','b','b','b','b','b','b','b','b','b','b','b','b','b','b','b','b','b','b','b','b','b','b','b','b','b','b','b','b','b','b','b','b','b','b','b','b','b','b','b','b','b','b','b','b','b','b','b','b','b','b','b','b','b','b','b','b','b','b','b','b','b','b','b','b','b','b','b','b','b','b','b','b','b','b','b'}; 
Previous 7: main:buf:1={'a','a','a','a','a','a','a','a','a','a','a','a','a','a','a','a','a','a','a','a','a','a','a','a','a','a','a','a','a','a','a','a','a','a','a','a','a','a','a','a','a','a','a','a','a','a','a','a','a','a','a','a','a','a','a','a','a','a','a','a','a','a','a','a','a','a','a','a','a','a','a','a','a','a','a','a','a','a','a','a','a','a','a','a','a','a','a','a','a','a','a','a','a','a','a','a','a','a','b','b'}; 
Previous 8: main:buf:1={'\'','\'','\'','\'','\'','\'','\'','\'','\'','\'','\'','\'','\'','\'','\'','\'','\'','\'','\'','\'','\'','\'','\'','\'','\'','\'','\'','\'','\'','\'','\'','\'','\'','\'','\'','\'','\'','\'','\'','\'','\'','\'','\'','\'','\'','\'','\'','\'','\'','\'','\'','\'','\'','\'','\'','\'','\'','\'','\'','\'','\'','\'','\'','\'','\'','\'','\'','\'','\'','\'','\'','\'','\'','\'','\'','\'','\'','\'','\'','\'','\'','\'','\'','\'','\'','\'','\'','\'','\'','\'','\'','\'','\'','\'','\'','\'','\'','\'','\'','\''}; 
Previous 9: main:buf:1={'A','A','A','A','A','A','A','A','A','A','A','A','A','A','A','A','A','A','A','A','A','A','A','A','A','A','A','A','A','A','A','A','A','A','A','A','A','A','A','A','A','A','A','A','A','A','A','A','A','A','A','A','A','A','A','A','A','A','A','A','A','A','A','A','A','A','A','A','A','A','A','A','A','A','A','A','A','A','A','A','A','A','A','A','A','A','A','A','A','A','A','A','A','A','A','A','A','A','A','A'}; 
Previous 10: main:buf:1={'a','a','a','a','a','a','a','a','a','a','a','a','a','a','a','a','a','a','a','a','a','a','a','a','a','a','a','a','a','a','a','a','a','a','a','a','a','a','a','a','a','a','a','a','a','a','a','a','a','a','a','a','a','a','a','a','a','a','a','a','a','a','a','a','a','a','a','a','a','a','a','a','a','a','a','a','a','a','a','a','a','a','a','a','a','a','a','a','a','a','a','a','a','a','a','a','a','a','a','0'}; 
Previous 11: main:buf:1={'/','*','!','@','#','$','%','^','&','*','-','+','=','_','|','{','}',':',';','?','/','[',']',';','\'','`','~','1','2','3','4','5','6','7','8','9','0','a','b','c','d','e','f','g','h','i','j','k','l','m','n','o','p','q','r','s','t','u','v','w','x','y','z','A','B','C','D','E','F','G','H','I','J','K','L','M','N','O','P','Q','R','S','T','U','V','W','X','Y','Z','!','?','!','?','!','?','!','?','!','?','!'}; 
Previous 12: main:buf:1={'c','c','c','c','c','c','c','c','c','c','c','c','c','c','c','c','c','c','c','c','c','c','c','c','c','c','c','c','c','c','c','c','c','c','c','c','c','c','c','c','c','c','c','c','c','c','c','c','c','c','c','c','c','c','c','c','c','c','c','c','c','c','c','c','c','c','c','c','c','c','c','c','c','c','c','c','c','c','c','c','c','c','c','c','c','c','c','c','c','c','c','c','c','c','c','c','c','c','c','d'}; 
Previous 13: main:buf:1={'0','0','0','0','0','0','0','0','0','0','0','0','0','0','0','0','0','0','0','0','0','0','0','0','0','0','0','0','0','0','0','0','0','0','0','0','0','0','0','0','0','0','0','0','0','0','0','0','0','0','0','0','0','0','0','0','0','0','0','0','0','0','0','0','0','0','0','0','0','0','0','0','0','0','0','0','0','0','0','0','0','0','0','0','0','0','0','0','0','0','0','0','0','0','0','0','0','0','0','0'}; 
Previous 14: main:buf:1={'x','y','x','y','x','y','x','y','x','y','x','y','x','y','x','y','x','y','x','y','x','y','x','y','x','y','x','y','x','y','x','y','x','y','x','y','x','y','x','y','x','y','x','y','x','y','x','y','x','y','x','y','x','y','x','y','x','y','x','y','x','y','x','y','x','y','x','y','x','y','x','y','x','y','x','y','x','y','x','y','x','y','x','y','x','y','x','y','x','y','x','y','x','y','x','y','x','y','x','y'}; 
Previous 15: main:buf:1={'0','1','2','3','4','5','6','7','8','9','A','B','C','D','E','F','G','H','I','J','K','L','M','N','O','P','Q','R','S','T','U','V','W','X','Y','Z','a','b','c','d','e','f','g','h','i','j','k','l','m','n','o','p','q','r','s','t','u','v','w','x','y','z','!','@','#','$','%','^','&','*','(',')','-','_','=','+','[',']','{','}','|','/','?',' ','~','`',' ',' ','!','@','#','$','%','^','&','*','(',')','-','['}; 
Previous 16: main:buf:1={'\'','0','\'','\'','a','\'','a','\'','a','\'','a','\'','a','\'','a','\'','a','\'','a','\'','a','\'','a','\'','a','\'','a','\'','a','\'','a','\'','a','\'','a','\'','a','\'','a','\'','a','\'','a','\'','a','\'','a','\'','a','\'','a','\'','a','\'','a','\'','a','\'','a','\'','a','\'','a','\'','a','\'','a','\'','a','\'','a','\'','a','\'','a','\'','a','\'','a','\'','a','\'','a','\'','a','\'','a','\'','a','\'','a','\'','a','\'','a','\'','a','\'','a','\''}; 
Previous 17: main:buf:1={'g','g','g','g','g','g','g','g','g','g','g','g','g','g','g','g','g','g','g','g','g','g','g','g','g','g','g','g','g','g','g','g','g','g','g','g','g','g','g','g','g','g','g','g','g','g','g','g','g','g','g','g','g','g','g','g','g','g','g','g','g','g','g','g','g','g','g','g','g','g','g','g','g','g','g','g','g','g','g','g','g','g','g','g','g','g','g','g','g','g','g','g','g','g','g','g','g','g','g','g'}; 
Previous 18: main:buf:1={'_','_','_','_','_','_','_','_','_','_','_','_','_','_','_','_','_','_','_','_','_','_','_','_','_','_','_','_','_','_','_','_','_','_','_','_','_','_','_','_','_','_','_','_','_','_','_','_','_','_','_','_','_','_','_','_','_','_','_','_','_','_','_','_','_','_','_','_','_','_','_','_','_','_','_','_','_','_','_','_','_','_','_','_','_','_','_','_','_','_','_','_','_','_','_','_','_','_','_','_'}; 
Previous 19: main:buf:1={'a','b','c','d','e','f','g','h','i','j','a','b','c','d','e','f','g','h','i','j','a','b','c','d','e','f','g','h','i','j','a','b','c','d','e','f','g','h','i','j','a','b','c','d','e','f','g','h','i','j','a','b','c','d','e','f','g','h','i','j','a','b','c','d','e','f','g','h','i','j','a','b','c','d','e','f','g','h','i','j','a','b','c','d','e','f','g','h','i','j','a','b','c','d','e','f','g','h','i','j'}; 
Previous 20: main:buf:1={'a','a','a','a','a','a','a','a','a','a','a','a','a','a','a','a','a','a','a','a','a','a','a','a','a','a','a','a','a','a','a','a','a','a','a','a','a','a','a','a','a','a','a','a','a','a','a','a','a','a','b','b','b','b','b','b','b','b','b','b','b','b','b','b','b','b','b','b','b','b','b','b','b','b','b','b','b','b','c','c','c','c','c','c','c','c','c','c','c','c','c','c','c','c','c','c','c','c','c','c'}; 
Previous 21: main:buf:1={'>','0','0','0','0','0','0','0','0','0','0','0','0','0','0','0','0','0','0','0','0','0','0','0','0','0','0','0','0','0','0','0','0','0','0','0','0','0','0','0','0','0','0','0','0','0','0','0','0','0','0','0','0','0','0','0','0','0','0','0','0','0','0','0','0','0','0','0','0','0','0','0','0','0','0','0','0','0','0','0','0','0','0','0','0','0','0','0','0','0','0','0','0','0','0','0','0','0','0','0'}; 
Previous 22: main:buf:1={'a','b','c','d','e','f','g','h','i','j','k','l','m','n','o','p','q','r','s','t','u','v','w','x','y','z','A','B','C','D','E','F','G','H','I','J','K','L','M','N','O','P','Q','R','S','T','U','V','W','X','Y','Z','0','1','2','3','4','5','6','7','8','9','!','@','#','$','%','^','&','*','(','-',')','-','_','+','=','[',']','{','}','|',':',';','<','>','?','/','|','`','~','\'','%','.',',',' ','a','b','c','d'}; 
Previous 23: main:buf:1={'\'','0','\'','\'','\'','\'','\'','\'','\'','\'','\'','\'','\'','\'','\'','\'','\'','\'','\'','\'','\'','\'','\'','\'','\'','\'','\'','\'','\'','\'','\'','\'','\'','\'','\'','\'','\'','\'','\'','\'','\'','\'','\'','\'','\'','\'','\'','\'','\'','\'','\'','\'','\'','\'','\'','\'','\'','\'','\'','\'','\'','\'','\'','\'','\'','\'','\'','\'','\'','\'','\'','\'','\'','\'','\'','\'','\'','\'','\'','\'','\'','\'','\'','\'','\'','\'','\'','\'','\'','\'','\'','\'','\'','\'','\'','\'','\'','\'','\'','\''}; 
Previous 24: main:buf:1={'-','-','-','-','-','-','-','-','-','-','-','-','-','-','-','-','-','-','-','-','-','-','-','-','-','-','-','-','-','-','-','-','=','=','=','=','=','=','=','=','=','=','=','=','=','=','=','=','=','=','=','=','=','=','=','=','=','=','=','=','=','=','+','+','+','+','+','+','+','+','+','+','+','+','+','+','+','+','+','+','+','+','+','+','+','+','+','+','+','+','+','+','+','+','+','+','+','+','+','+'}; 
Previous 25: main:buf:1={'w','p','k','r','G','d','e','Z','q','n','U','O','g','H','5','X','S','m','R','t','J','T','3','c','V','1','l','f','Z','2','u','P','w','L','b','6','Q','z','Z','v','P','x','9','f','c','F','S','q','m','2','D','E','r','C','i','Y','b','k','O','z','4','3','q','a','L','P','c','j','s','g','g','b','8','h','Y','D','n','u','a','n','x','A','p','w','S','l','v','V','g','k','R','o','3','i','e','q','J','n','p','z'}; 
Previous 26: main:buf:1={'\'','`','<','h','?','j','|','k','l','p','b','H','4','-','g','K','o','l','D',';','s','7','5','p','6','w','K','c','>','p','l','?','x','!','q','j','b','w','V','-','M','x','Z','t','y','M','m','}','O','A','e',';','9','C','0','6','?','-','i','c','1','9','u','j','U','T','p','u','#','Z','i','8','A','5','9','f','Z','t','b','g','-','k','g','n','P','q','n','r','Z','Y','!','%','g','a','u','z','e','M','e','z'}; 
Previous 27: main:buf:1={'C','C','C','C','C','C','C','C','C','C','C','C','C','C','C','C','C','C','C','C','C','C','C','C','C','C','C','C','C','C','C','C','C','C','C','C','C','C','C','C','C','C','C','C','C','C','C','C','C','C','C','C','C','C','C','C','C','C','C','C','C','C','C','C','C','C','C','C','C','C','C','C','C','C','C','C','C','C','C','C','C','C','C','C','C','C','C','C','C','C','C','C','C','C','C','C','C','C','C','C'}; 
Previous 28: main:buf:1={'\'','\'','a','a','a','a','a','a','a','a','a','a','a','a','a','a','a','a','a','a','a','a','a','a','a','a','a','a','a','a','a','a','a','a','a','a','a','a','a','a','a','a','a','a','a','a','a','a','a','a','a','a','a','a','a','a','a','a','a','a','a','a','a','a','a','a','a','a','a','a','a','a','a','a','a','a','a','a','a','a','a','a','a','a','a','a','a','a','a','a','a','a','a','a','a','a','a','a','a','a'}; 
Previous 29: main:buf:1={'Z','Z','Z','Z','Z','Z','Z','Z','Z','Z','Z','Z','Z','Z','Z','Z','Z','Z','Z','Z','Z','Z','Z','Z','Z','Z','Z','Z','Z','Z','Z','Z','Z','Z','Z','Z','Z','Z','Z','Z','Z','Z','Z','Z','Z','Z','Z','Z','Z','Z','Z','Z','Z','Z','Z','Z','Z','Z','Z','Z','Z','Z','Z','Z','Z','Z','Z','Z','Z','Z','Z','Z','Z','Z','Z','Z','Z','Z','Z','Z','Z','Z','Z','Z','Z','Z','Z','Z','Z','Z','Z','Z','Z','Z','Z','Z','Z','Z','Z','Z'}; 
Previous 30: main:buf:1={'q','q','q','q','q','q','q','q','q','q','q','q','q','q','q','q','q','q','q','q','q','q','q','q','q','q','q','q','q','q','q','q','q','q','q','q','q','q','q','q','q','q','q','q','q','q','q','q','q','q','q','q','q','q','q','q','q','q','q','q','q','q','q','q','q','q','q','q','q','q','q','q','q','q','q','q','q','q','q','q','q','q','q','q','q','q','q','q','q','q','q','q','q','q','q','q','q','q','q','q'}; 
Previous 31: main:buf:1={'N','a','a','a','a','a','a','a','a','a','a','a','a','a','a','a','a','a','a','a','a','a','a','a','a','a','a','a','a','a','a','a','a','a','a','a','a','a','a','a','a','a','a','a','a','a','a','a','a','a','a','a','a','a','a','a','a','a','a','a','a','a','a','a','a','a','a','a','a','a','a','a','a','a','a','a','a','a','a','a','a','a','a','a','a','a','a','a','a','a','a','a','a','a','a','a','a','a','a','a'}; 
Previous 32: main:buf:1={'A','B','C','D','E','F','G','H','I','J','K','L','M','N','O','P','Q','R','S','T','U','V','W','X','Y','Z','a','b','c','d','e','f','g','h','i','j','k','l','m','n','o','p','q','r','s','t','u','v','w','x','y','z','0','1','2','3','4','5','6','7','8','9','!','@','#','$','%','^','&','*','(',')','-','_','=','[',']','{','}','|',':',';','<','>',',','?','/','~','`',' ','!','#','1','x','y','c','d','e','f','g'}; 
Previous 33: main:buf:1={'m','n','m','n','m','n','m','n','m','n','m','n','m','n','m','n','m','n','m','n','m','n','m','n','m','n','m','n','m','n','m','n','m','n','m','n','m','n','m','n','m','n','m','n','m','n','m','n','m','n','m','n','m','n','m','n','m','n','m','n','m','n','m','n','m','n','m','n','m','n','m','n','m','n','m','n','m','n','m','n','m','n','m','n','m','n','m','n','m','n','m','n','m','n','m','n','m','n','m','n'}; 
Previous 34: main:buf:1={'z','z','z','z','z','z','z','z','z','z','z','z','z','z','z','z','z','z','z','z','z','z','z','z','z','z','z','z','z','z','z','z','z','z','z','z','z','z','z','z','z','z','z','z','z','z','z','z','z','z','z','z','z','z','z','z','z','z','z','z','z','z','z','z','z','z','z','z','z','z','z','z','z','z','z','z','z','z','z','z','z','z','z','z','z','z','z','z','z','z','z','z','z','z','z','z','z','z','z','z'}; 
Previous 35: main:buf:1={'A','B','C','D','E','F','G','H','I','J','K','L','M','N','O','P','Q','R','S','T','U','V','W','X','Y','Z','a','b','c','d','e','f','g','h','i','j','k','l','m','n','o','p','q','r','s','t','u','v','w','x','y','z','0','1','2','3','4','5','6','7','8','9','!','@','#','$','%','^','&','*','(',')','-','_','+','=','[',']','{','}','|',';',';',':',',','.','<','>','?',' ','/','?','?','?','?','?','?','?','?','?'}; 
Previous 36: main:buf:1={'\'','\'','\'','\'','\'','\'','\'','\'','\'','\'','\'','\'','\'','\'','\'','\'','\'','\'','\'','\'','\'','\'','\'','\'','\'','\'','\'','\'','\'','\'','\'','\'','\'','\'','\'','\'','\'','\'','\'','\'','\'','\'','\'','\'','\'','\'','\'','\'','\'','\'','\'','\'','\'','\'','\'','\'','\'','\'','\'','\'','\'','\'','\'','\'','\'','\'','\'','\'','\'','\'','\'','\'','\'','\'','\'','\'','\'','\'','\'','\'','\'','\'','\'','\'','\'','\'','\'','\'','\'','\'','\'','\'','\'','\'','\'','\'','\'','\'','a','a'}; 
Previous 37: main:buf:1={'\'','0','\'',',','\'','0','\'',',','\'','0','\'',',','\'','0','\'',',','\'','0','\'',',','\'','0','\'',',','\'','0','\'',',','\'','0','\'',',','\'','0','\'',',','\'','0','\'',',','\'','0','\'',',','\'','0','\'',',','\'','0','\'',',','\'','0','\'',',','\'','0','\'',',','\'','0','\'',',','\'','0','\'',',','\'','0','\'',',','\'','0','\'',',','\'','0','\'',',','\'','0','\'',',','\'','0','\'',',','\'','0','\'',',','\'','0','\'',',','\'','0','\'',','}; 
Previous 38: main:buf:1={'\'','0','\'','\'','a','\'','\'','a','\'','\'','a','\'','\'','a','\'','\'','a','\'','\'','a','\'','\'','a','\'','\'','a','\'','\'','a','\'','\'','a','\'','\'','a','\'','\'','a','\'','\'','a','\'','\'','a','\'','\'','a','\'','\'','a','\'','\'','a','\'','\'','a','\'','\'','a','\'','\'','a','\'','\'','a','\'','\'','a','\'','\'','a','\'','\'','a','\'','\'','a','\'','\'','a','\'','\'','a','\'','\'','a','\'','\'','a','\'','\'','a','\'','\'','a','\'','\'','a','\'','\''}; 
Previous 39: main:buf:1={'\'','a','\'','\'','b','\'','\'','c','\'','\'','d','\'','\'','e','\'','\'','f','\'','\'','g','\'','\'','h','\'','\'','i','\'','\'','j','\'','\'','a','\'','\'','b','\'','\'','c','\'','\'','d','\'','\'','e','\'','\'','f','\'','\'','g','\'','\'','h','\'','\'','i','\'','\'','j','\'','\'','a','\'','\'','b','\'','\'','c','\'','\'','d','\'','\'','e','\'','\'','f','\'','\'','g','\'','\'','h','\'','\'','i','\'','\'','j','\'','\'','a','\'','\'','b','\'','\'','c','\'','\''}; 
Previous 40: main:buf:1={'X','X','X','X','X','X','X','X','X','X','X','X','X','X','X','X','X','X','X','X','X','X','X','X','X','X','X','X','X','X','X','X','X','X','X','X','X','X','X','X','X','X','X','X','X','X','X','X','X','X','X','X','X','X','X','X','X','X','X','X','X','X','X','X','X','X','X','X','X','X','X','X','X','X','X','X','X','X','X','X','X','X','X','X','X','X','X','X','X','X','X','X','X','X','X','X','X','X','X','X'}; 

Program:
extern char __VERIFIER_nondet_char(void);
/*
Commit Number: cea58cb6d8fe0d27bfcbab57776bd36d5c724ec3
URL: https://github.com/GNOME/evolution-data-server/commit/cea58cb6d8fe0d27bfcbab57776bd36d5c724ec3
Project Name: evolution-data-server
License: GPL2
termination: false


*/
int strcspn(const char *strSrc, const char *str)
{
    const char *s;
    const char *t = strSrc;
    while (*t != '\0')
    {
        s = str;
        while (*s != '\0')
        {
            if (*t == *s )
            return t-strSrc;
            ++s;
        }
        ++t;
    }
    return 0;
}
int main()
{
    char buf[100];
    for( int i = 0 ; i < 99 ; i++ )
        buf[i] = __VERIFIER_nondet_char();
    buf[99] = '\0';
    char *p = buf;
    while( *p )
    {
        int len = strcspn( p , ""\n"");
        p += len;
    }
    return 0;

}

"
56,NT,"main:buf:1={'_','a','a','a','a','a','a','a','a','a','a','a','a','a','a','a','a','a','a','a','a','a','a','a','a','a','a','a','a','a','a','a','a','a','a','a','a','a','a','a','a','a','a','a','a','a','a','a','a','a','a','a','a','a','a','a','a','a','a','a','a','a','a','a','a','a','a','a','a','a','a','a','a','a','a','a','a','a','a','a','a','a','a','a','a','a','a','a','a','a','a','a','a','a','a','a','a','a','a','a'}
",/home/quasar/Documents/FocusTNT/results_InputGeneration/FSE/loop/Incorrect_Initialization_1_NT/input_generator_artifacts/generated_programs/Incorrect_Initialization_1_NT_TestCase4.c,TIMEOUT,LIKELY_NT,true,,"You generate concrete values for nondeterministic inputs in a C/C++ program.
Your goal is to produce ONE complete assignment set that is likely to make the program not terminate.

Important rules:
1. Return a value for EVERY listed nondeterministic input ID.
2. Use each ID exactly once.
3. Respect the declared C/C++ type.
4. For an array, return the value as an array containing exactly the required number of elements.
5. For char arrays, each element must be exactly one character. Return the character itself without C single quotes.
6. Prefer small-magnitude values unless larger values are necessary to achieve the requested execution behavior.

Nondeterministic inputs:
- id: main:buf:1, type: char, array: true, size: 100, required elements: 100

Previously generated assignment sets are listed below. Generate a materially different set and do not duplicate any of them.
Previous 1: main:buf:1={':',':','@','A','1','$','a','B','c','D','e','F','g','H','i','J','k','L','m','N','o','P','q','R','s','T','u','V','w','X','y','Z','0','1','2','3','4','5','6','7','8','9','!','?','-','_','+','%','^','&','*','/','`','{','}','[',']','|','~',' ','a','b','c','d','e','f','g','h','i','j','k','l','m','n','o','p','q','r','s','t','u','v','w','x','y','z','A','B','C','D','E','F','G','H','I','J','K','L','M','N'}; 
Previous 2: main:buf:1={'a','a','a','a','a','a','a','a','a','a','a','a','a','a','a','a','a','a','a','a','a','a','a','a','a','a','a','a','a','a','a','a','a','a','a','a','a','a','a','a','a','a','a','a','a','a','a','a','a','a','a','a','a','a','a','a','a','a','a','a','a','a','a','a','a','a','a','a','a','a','a','a','a','a','a','a','a','a','a','a','a','a','a','a','a','a','a','a','a','a','a','a','a','a','a','a','a','a','a','a'}; 
Previous 3: main:buf:1={'0','a','a','a','a','a','a','a','a','a','a','a','a','a','a','a','a','a','a','a','a','a','a','a','a','a','a','a','a','a','a','a','a','a','a','a','a','a','a','a','a','a','a','a','a','a','a','a','a','a','a','a','a','a','a','a','a','a','a','a','a','a','a','a','a','a','a','a','a','a','a','a','a','a','a','a','a','a','a','a','a','a','a','a','a','a','a','a','a','a','a','a','a','a','a','a','a','a','a','a'}; 
Previous 4: main:buf:1={'{','0',',','a','a','a','a','a','a','a','a','a','a','a','a','a','a','a','a','a','a','a','a','a','a','a','a','a','a','a','a','a','a','a','a','a','a','a','a','a','a','a','a','a','a','a','a','a','a','a','a','a','a','a','a','a','a','a','a','a','a','a','a','a','a','a','a','a','a','a','a','a','a','a','a','a','a','a','a','a','a','a','a','a','a','a','a','a','a','a','a','a','a','a','a','a','a','a','a','a'}; 
Previous 5: main:buf:1={'A','A','A','A','A','A','A','A','A','A','A','A','A','A','A','A','A','A','A','A','A','A','A','A','A','A','A','A','A','A','A','A','A','A','A','A','A','A','A','A','A','A','A','A','A','A','A','A','A','A','B','B','B','B','B','B','B','B','B','B','B','B','B','B','B','B','B','B','B','B','B','B','B','B','B','B','B','B','B','B','B','B','B','B','B','B','B','B','B','B','B','B','B','B','B','B','B','B','C','D'}; 
Previous 6: main:buf:1={'b','b','b','b','b','b','b','b','b','b','b','b','b','b','b','b','b','b','b','b','b','b','b','b','b','b','b','b','b','b','b','b','b','b','b','b','b','b','b','b','b','b','b','b','b','b','b','b','b','b','b','b','b','b','b','b','b','b','b','b','b','b','b','b','b','b','b','b','b','b','b','b','b','b','b','b','b','b','b','b','b','b','b','b','b','b','b','b','b','b','b','b','b','b','b','b','b','b','b','b'}; 
Previous 7: main:buf:1={'a','a','a','a','a','a','a','a','a','a','a','a','a','a','a','a','a','a','a','a','a','a','a','a','a','a','a','a','a','a','a','a','a','a','a','a','a','a','a','a','a','a','a','a','a','a','a','a','a','a','a','a','a','a','a','a','a','a','a','a','a','a','a','a','a','a','a','a','a','a','a','a','a','a','a','a','a','a','a','a','a','a','a','a','a','a','a','a','a','a','a','a','a','a','a','a','a','a','b','b'}; 
Previous 8: main:buf:1={'\'','\'','\'','\'','\'','\'','\'','\'','\'','\'','\'','\'','\'','\'','\'','\'','\'','\'','\'','\'','\'','\'','\'','\'','\'','\'','\'','\'','\'','\'','\'','\'','\'','\'','\'','\'','\'','\'','\'','\'','\'','\'','\'','\'','\'','\'','\'','\'','\'','\'','\'','\'','\'','\'','\'','\'','\'','\'','\'','\'','\'','\'','\'','\'','\'','\'','\'','\'','\'','\'','\'','\'','\'','\'','\'','\'','\'','\'','\'','\'','\'','\'','\'','\'','\'','\'','\'','\'','\'','\'','\'','\'','\'','\'','\'','\'','\'','\'','\'','\''}; 
Previous 9: main:buf:1={'A','A','A','A','A','A','A','A','A','A','A','A','A','A','A','A','A','A','A','A','A','A','A','A','A','A','A','A','A','A','A','A','A','A','A','A','A','A','A','A','A','A','A','A','A','A','A','A','A','A','A','A','A','A','A','A','A','A','A','A','A','A','A','A','A','A','A','A','A','A','A','A','A','A','A','A','A','A','A','A','A','A','A','A','A','A','A','A','A','A','A','A','A','A','A','A','A','A','A','A'}; 
Previous 10: main:buf:1={'a','a','a','a','a','a','a','a','a','a','a','a','a','a','a','a','a','a','a','a','a','a','a','a','a','a','a','a','a','a','a','a','a','a','a','a','a','a','a','a','a','a','a','a','a','a','a','a','a','a','a','a','a','a','a','a','a','a','a','a','a','a','a','a','a','a','a','a','a','a','a','a','a','a','a','a','a','a','a','a','a','a','a','a','a','a','a','a','a','a','a','a','a','a','a','a','a','a','a','0'}; 
Previous 11: main:buf:1={'/','*','!','@','#','$','%','^','&','*','-','+','=','_','|','{','}',':',';','?','/','[',']',';','\'','`','~','1','2','3','4','5','6','7','8','9','0','a','b','c','d','e','f','g','h','i','j','k','l','m','n','o','p','q','r','s','t','u','v','w','x','y','z','A','B','C','D','E','F','G','H','I','J','K','L','M','N','O','P','Q','R','S','T','U','V','W','X','Y','Z','!','?','!','?','!','?','!','?','!','?','!'}; 
Previous 12: main:buf:1={'c','c','c','c','c','c','c','c','c','c','c','c','c','c','c','c','c','c','c','c','c','c','c','c','c','c','c','c','c','c','c','c','c','c','c','c','c','c','c','c','c','c','c','c','c','c','c','c','c','c','c','c','c','c','c','c','c','c','c','c','c','c','c','c','c','c','c','c','c','c','c','c','c','c','c','c','c','c','c','c','c','c','c','c','c','c','c','c','c','c','c','c','c','c','c','c','c','c','c','d'}; 
Previous 13: main:buf:1={'0','0','0','0','0','0','0','0','0','0','0','0','0','0','0','0','0','0','0','0','0','0','0','0','0','0','0','0','0','0','0','0','0','0','0','0','0','0','0','0','0','0','0','0','0','0','0','0','0','0','0','0','0','0','0','0','0','0','0','0','0','0','0','0','0','0','0','0','0','0','0','0','0','0','0','0','0','0','0','0','0','0','0','0','0','0','0','0','0','0','0','0','0','0','0','0','0','0','0','0'}; 
Previous 14: main:buf:1={'x','y','x','y','x','y','x','y','x','y','x','y','x','y','x','y','x','y','x','y','x','y','x','y','x','y','x','y','x','y','x','y','x','y','x','y','x','y','x','y','x','y','x','y','x','y','x','y','x','y','x','y','x','y','x','y','x','y','x','y','x','y','x','y','x','y','x','y','x','y','x','y','x','y','x','y','x','y','x','y','x','y','x','y','x','y','x','y','x','y','x','y','x','y','x','y','x','y','x','y'}; 
Previous 15: main:buf:1={'0','1','2','3','4','5','6','7','8','9','A','B','C','D','E','F','G','H','I','J','K','L','M','N','O','P','Q','R','S','T','U','V','W','X','Y','Z','a','b','c','d','e','f','g','h','i','j','k','l','m','n','o','p','q','r','s','t','u','v','w','x','y','z','!','@','#','$','%','^','&','*','(',')','-','_','=','+','[',']','{','}','|','/','?',' ','~','`',' ',' ','!','@','#','$','%','^','&','*','(',')','-','['}; 
Previous 16: main:buf:1={'\'','0','\'','\'','a','\'','a','\'','a','\'','a','\'','a','\'','a','\'','a','\'','a','\'','a','\'','a','\'','a','\'','a','\'','a','\'','a','\'','a','\'','a','\'','a','\'','a','\'','a','\'','a','\'','a','\'','a','\'','a','\'','a','\'','a','\'','a','\'','a','\'','a','\'','a','\'','a','\'','a','\'','a','\'','a','\'','a','\'','a','\'','a','\'','a','\'','a','\'','a','\'','a','\'','a','\'','a','\'','a','\'','a','\'','a','\'','a','\'','a','\'','a','\''}; 
Previous 17: main:buf:1={'g','g','g','g','g','g','g','g','g','g','g','g','g','g','g','g','g','g','g','g','g','g','g','g','g','g','g','g','g','g','g','g','g','g','g','g','g','g','g','g','g','g','g','g','g','g','g','g','g','g','g','g','g','g','g','g','g','g','g','g','g','g','g','g','g','g','g','g','g','g','g','g','g','g','g','g','g','g','g','g','g','g','g','g','g','g','g','g','g','g','g','g','g','g','g','g','g','g','g','g'}; 
Previous 18: main:buf:1={'_','_','_','_','_','_','_','_','_','_','_','_','_','_','_','_','_','_','_','_','_','_','_','_','_','_','_','_','_','_','_','_','_','_','_','_','_','_','_','_','_','_','_','_','_','_','_','_','_','_','_','_','_','_','_','_','_','_','_','_','_','_','_','_','_','_','_','_','_','_','_','_','_','_','_','_','_','_','_','_','_','_','_','_','_','_','_','_','_','_','_','_','_','_','_','_','_','_','_','_'}; 
Previous 19: main:buf:1={'a','b','c','d','e','f','g','h','i','j','a','b','c','d','e','f','g','h','i','j','a','b','c','d','e','f','g','h','i','j','a','b','c','d','e','f','g','h','i','j','a','b','c','d','e','f','g','h','i','j','a','b','c','d','e','f','g','h','i','j','a','b','c','d','e','f','g','h','i','j','a','b','c','d','e','f','g','h','i','j','a','b','c','d','e','f','g','h','i','j','a','b','c','d','e','f','g','h','i','j'}; 
Previous 20: main:buf:1={'a','a','a','a','a','a','a','a','a','a','a','a','a','a','a','a','a','a','a','a','a','a','a','a','a','a','a','a','a','a','a','a','a','a','a','a','a','a','a','a','a','a','a','a','a','a','a','a','a','a','b','b','b','b','b','b','b','b','b','b','b','b','b','b','b','b','b','b','b','b','b','b','b','b','b','b','b','b','c','c','c','c','c','c','c','c','c','c','c','c','c','c','c','c','c','c','c','c','c','c'}; 
Previous 21: main:buf:1={'>','0','0','0','0','0','0','0','0','0','0','0','0','0','0','0','0','0','0','0','0','0','0','0','0','0','0','0','0','0','0','0','0','0','0','0','0','0','0','0','0','0','0','0','0','0','0','0','0','0','0','0','0','0','0','0','0','0','0','0','0','0','0','0','0','0','0','0','0','0','0','0','0','0','0','0','0','0','0','0','0','0','0','0','0','0','0','0','0','0','0','0','0','0','0','0','0','0','0','0'}; 
Previous 22: main:buf:1={'a','b','c','d','e','f','g','h','i','j','k','l','m','n','o','p','q','r','s','t','u','v','w','x','y','z','A','B','C','D','E','F','G','H','I','J','K','L','M','N','O','P','Q','R','S','T','U','V','W','X','Y','Z','0','1','2','3','4','5','6','7','8','9','!','@','#','$','%','^','&','*','(','-',')','-','_','+','=','[',']','{','}','|',':',';','<','>','?','/','|','`','~','\'','%','.',',',' ','a','b','c','d'}; 
Previous 23: main:buf:1={'\'','0','\'','\'','\'','\'','\'','\'','\'','\'','\'','\'','\'','\'','\'','\'','\'','\'','\'','\'','\'','\'','\'','\'','\'','\'','\'','\'','\'','\'','\'','\'','\'','\'','\'','\'','\'','\'','\'','\'','\'','\'','\'','\'','\'','\'','\'','\'','\'','\'','\'','\'','\'','\'','\'','\'','\'','\'','\'','\'','\'','\'','\'','\'','\'','\'','\'','\'','\'','\'','\'','\'','\'','\'','\'','\'','\'','\'','\'','\'','\'','\'','\'','\'','\'','\'','\'','\'','\'','\'','\'','\'','\'','\'','\'','\'','\'','\'','\'','\''}; 
Previous 24: main:buf:1={'-','-','-','-','-','-','-','-','-','-','-','-','-','-','-','-','-','-','-','-','-','-','-','-','-','-','-','-','-','-','-','-','=','=','=','=','=','=','=','=','=','=','=','=','=','=','=','=','=','=','=','=','=','=','=','=','=','=','=','=','=','=','+','+','+','+','+','+','+','+','+','+','+','+','+','+','+','+','+','+','+','+','+','+','+','+','+','+','+','+','+','+','+','+','+','+','+','+','+','+'}; 
Previous 25: main:buf:1={'w','p','k','r','G','d','e','Z','q','n','U','O','g','H','5','X','S','m','R','t','J','T','3','c','V','1','l','f','Z','2','u','P','w','L','b','6','Q','z','Z','v','P','x','9','f','c','F','S','q','m','2','D','E','r','C','i','Y','b','k','O','z','4','3','q','a','L','P','c','j','s','g','g','b','8','h','Y','D','n','u','a','n','x','A','p','w','S','l','v','V','g','k','R','o','3','i','e','q','J','n','p','z'}; 
Previous 26: main:buf:1={'\'','`','<','h','?','j','|','k','l','p','b','H','4','-','g','K','o','l','D',';','s','7','5','p','6','w','K','c','>','p','l','?','x','!','q','j','b','w','V','-','M','x','Z','t','y','M','m','}','O','A','e',';','9','C','0','6','?','-','i','c','1','9','u','j','U','T','p','u','#','Z','i','8','A','5','9','f','Z','t','b','g','-','k','g','n','P','q','n','r','Z','Y','!','%','g','a','u','z','e','M','e','z'}; 
Previous 27: main:buf:1={'C','C','C','C','C','C','C','C','C','C','C','C','C','C','C','C','C','C','C','C','C','C','C','C','C','C','C','C','C','C','C','C','C','C','C','C','C','C','C','C','C','C','C','C','C','C','C','C','C','C','C','C','C','C','C','C','C','C','C','C','C','C','C','C','C','C','C','C','C','C','C','C','C','C','C','C','C','C','C','C','C','C','C','C','C','C','C','C','C','C','C','C','C','C','C','C','C','C','C','C'}; 
Previous 28: main:buf:1={'\'','\'','a','a','a','a','a','a','a','a','a','a','a','a','a','a','a','a','a','a','a','a','a','a','a','a','a','a','a','a','a','a','a','a','a','a','a','a','a','a','a','a','a','a','a','a','a','a','a','a','a','a','a','a','a','a','a','a','a','a','a','a','a','a','a','a','a','a','a','a','a','a','a','a','a','a','a','a','a','a','a','a','a','a','a','a','a','a','a','a','a','a','a','a','a','a','a','a','a','a'}; 
Previous 29: main:buf:1={'Z','Z','Z','Z','Z','Z','Z','Z','Z','Z','Z','Z','Z','Z','Z','Z','Z','Z','Z','Z','Z','Z','Z','Z','Z','Z','Z','Z','Z','Z','Z','Z','Z','Z','Z','Z','Z','Z','Z','Z','Z','Z','Z','Z','Z','Z','Z','Z','Z','Z','Z','Z','Z','Z','Z','Z','Z','Z','Z','Z','Z','Z','Z','Z','Z','Z','Z','Z','Z','Z','Z','Z','Z','Z','Z','Z','Z','Z','Z','Z','Z','Z','Z','Z','Z','Z','Z','Z','Z','Z','Z','Z','Z','Z','Z','Z','Z','Z','Z','Z'}; 
Previous 30: main:buf:1={'q','q','q','q','q','q','q','q','q','q','q','q','q','q','q','q','q','q','q','q','q','q','q','q','q','q','q','q','q','q','q','q','q','q','q','q','q','q','q','q','q','q','q','q','q','q','q','q','q','q','q','q','q','q','q','q','q','q','q','q','q','q','q','q','q','q','q','q','q','q','q','q','q','q','q','q','q','q','q','q','q','q','q','q','q','q','q','q','q','q','q','q','q','q','q','q','q','q','q','q'}; 
Previous 31: main:buf:1={'N','a','a','a','a','a','a','a','a','a','a','a','a','a','a','a','a','a','a','a','a','a','a','a','a','a','a','a','a','a','a','a','a','a','a','a','a','a','a','a','a','a','a','a','a','a','a','a','a','a','a','a','a','a','a','a','a','a','a','a','a','a','a','a','a','a','a','a','a','a','a','a','a','a','a','a','a','a','a','a','a','a','a','a','a','a','a','a','a','a','a','a','a','a','a','a','a','a','a','a'}; 
Previous 32: main:buf:1={'A','B','C','D','E','F','G','H','I','J','K','L','M','N','O','P','Q','R','S','T','U','V','W','X','Y','Z','a','b','c','d','e','f','g','h','i','j','k','l','m','n','o','p','q','r','s','t','u','v','w','x','y','z','0','1','2','3','4','5','6','7','8','9','!','@','#','$','%','^','&','*','(',')','-','_','=','[',']','{','}','|',':',';','<','>',',','?','/','~','`',' ','!','#','1','x','y','c','d','e','f','g'}; 
Previous 33: main:buf:1={'m','n','m','n','m','n','m','n','m','n','m','n','m','n','m','n','m','n','m','n','m','n','m','n','m','n','m','n','m','n','m','n','m','n','m','n','m','n','m','n','m','n','m','n','m','n','m','n','m','n','m','n','m','n','m','n','m','n','m','n','m','n','m','n','m','n','m','n','m','n','m','n','m','n','m','n','m','n','m','n','m','n','m','n','m','n','m','n','m','n','m','n','m','n','m','n','m','n','m','n'}; 
Previous 34: main:buf:1={'z','z','z','z','z','z','z','z','z','z','z','z','z','z','z','z','z','z','z','z','z','z','z','z','z','z','z','z','z','z','z','z','z','z','z','z','z','z','z','z','z','z','z','z','z','z','z','z','z','z','z','z','z','z','z','z','z','z','z','z','z','z','z','z','z','z','z','z','z','z','z','z','z','z','z','z','z','z','z','z','z','z','z','z','z','z','z','z','z','z','z','z','z','z','z','z','z','z','z','z'}; 
Previous 35: main:buf:1={'A','B','C','D','E','F','G','H','I','J','K','L','M','N','O','P','Q','R','S','T','U','V','W','X','Y','Z','a','b','c','d','e','f','g','h','i','j','k','l','m','n','o','p','q','r','s','t','u','v','w','x','y','z','0','1','2','3','4','5','6','7','8','9','!','@','#','$','%','^','&','*','(',')','-','_','+','=','[',']','{','}','|',';',';',':',',','.','<','>','?',' ','/','?','?','?','?','?','?','?','?','?'}; 
Previous 36: main:buf:1={'\'','\'','\'','\'','\'','\'','\'','\'','\'','\'','\'','\'','\'','\'','\'','\'','\'','\'','\'','\'','\'','\'','\'','\'','\'','\'','\'','\'','\'','\'','\'','\'','\'','\'','\'','\'','\'','\'','\'','\'','\'','\'','\'','\'','\'','\'','\'','\'','\'','\'','\'','\'','\'','\'','\'','\'','\'','\'','\'','\'','\'','\'','\'','\'','\'','\'','\'','\'','\'','\'','\'','\'','\'','\'','\'','\'','\'','\'','\'','\'','\'','\'','\'','\'','\'','\'','\'','\'','\'','\'','\'','\'','\'','\'','\'','\'','\'','\'','a','a'}; 
Previous 37: main:buf:1={'\'','0','\'',',','\'','0','\'',',','\'','0','\'',',','\'','0','\'',',','\'','0','\'',',','\'','0','\'',',','\'','0','\'',',','\'','0','\'',',','\'','0','\'',',','\'','0','\'',',','\'','0','\'',',','\'','0','\'',',','\'','0','\'',',','\'','0','\'',',','\'','0','\'',',','\'','0','\'',',','\'','0','\'',',','\'','0','\'',',','\'','0','\'',',','\'','0','\'',',','\'','0','\'',',','\'','0','\'',',','\'','0','\'',',','\'','0','\'',',','\'','0','\'',','}; 
Previous 38: main:buf:1={'\'','0','\'','\'','a','\'','\'','a','\'','\'','a','\'','\'','a','\'','\'','a','\'','\'','a','\'','\'','a','\'','\'','a','\'','\'','a','\'','\'','a','\'','\'','a','\'','\'','a','\'','\'','a','\'','\'','a','\'','\'','a','\'','\'','a','\'','\'','a','\'','\'','a','\'','\'','a','\'','\'','a','\'','\'','a','\'','\'','a','\'','\'','a','\'','\'','a','\'','\'','a','\'','\'','a','\'','\'','a','\'','\'','a','\'','\'','a','\'','\'','a','\'','\'','a','\'','\'','a','\'','\''}; 
Previous 39: main:buf:1={'\'','a','\'','\'','b','\'','\'','c','\'','\'','d','\'','\'','e','\'','\'','f','\'','\'','g','\'','\'','h','\'','\'','i','\'','\'','j','\'','\'','a','\'','\'','b','\'','\'','c','\'','\'','d','\'','\'','e','\'','\'','f','\'','\'','g','\'','\'','h','\'','\'','i','\'','\'','j','\'','\'','a','\'','\'','b','\'','\'','c','\'','\'','d','\'','\'','e','\'','\'','f','\'','\'','g','\'','\'','h','\'','\'','i','\'','\'','j','\'','\'','a','\'','\'','b','\'','\'','c','\'','\''}; 
Previous 40: main:buf:1={'X','X','X','X','X','X','X','X','X','X','X','X','X','X','X','X','X','X','X','X','X','X','X','X','X','X','X','X','X','X','X','X','X','X','X','X','X','X','X','X','X','X','X','X','X','X','X','X','X','X','X','X','X','X','X','X','X','X','X','X','X','X','X','X','X','X','X','X','X','X','X','X','X','X','X','X','X','X','X','X','X','X','X','X','X','X','X','X','X','X','X','X','X','X','X','X','X','X','X','X'}; 
Previous 41: main:buf:1={'A','B','C','D','E','F','G','H','I','J','K','L','M','N','O','P','Q','R','S','T','U','V','W','X','Y','Z','A','B','C','D','E','F','G','H','I','J','K','L','M','N','O','P','Q','R','S','T','U','V','W','X','Y','Z','A','B','C','D','E','F','G','H','I','J','K','L','M','N','O','P','Q','R','S','T','U','V','W','X','Y','Z','A','B','C','D','E','F','G','H','I','J','K','L','M','N','O','P','Q','R','S','T','U','a'}; 

Program:
extern char __VERIFIER_nondet_char(void);
/*
Commit Number: cea58cb6d8fe0d27bfcbab57776bd36d5c724ec3
URL: https://github.com/GNOME/evolution-data-server/commit/cea58cb6d8fe0d27bfcbab57776bd36d5c724ec3
Project Name: evolution-data-server
License: GPL2
termination: false


*/
int strcspn(const char *strSrc, const char *str)
{
    const char *s;
    const char *t = strSrc;
    while (*t != '\0')
    {
        s = str;
        while (*s != '\0')
        {
            if (*t == *s )
            return t-strSrc;
            ++s;
        }
        ++t;
    }
    return 0;
}
int main()
{
    char buf[100];
    for( int i = 0 ; i < 99 ; i++ )
        buf[i] = __VERIFIER_nondet_char();
    buf[99] = '\0';
    char *p = buf;
    while( *p )
    {
        int len = strcspn( p , ""\n"");
        p += len;
    }
    return 0;

}

"
57,NT,"main:buf:1={'n','a','a','a','a','a','a','a','a','a','a','a','a','a','a','a','a','a','a','a','a','a','a','a','a','a','a','a','a','a','a','a','a','a','a','a','a','a','a','a','a','a','a','a','a','a','a','a','a','a','a','a','a','a','a','a','a','a','a','a','a','a','a','a','a','a','a','a','a','a','a','a','a','a','a','a','a','a','a','a','a','a','a','a','a','a','a','a','a','a','a','a','a','a','a','a','a','a','a','a'}
",/home/quasar/Documents/FocusTNT/results_InputGeneration/FSE/loop/Incorrect_Initialization_1_NT/input_generator_artifacts/generated_programs/Incorrect_Initialization_1_NT_TestCase5.c,TIMEOUT,LIKELY_NT,true,,"You generate concrete values for nondeterministic inputs in a C/C++ program.
Your goal is to produce ONE complete assignment set that is likely to make the program not terminate.

Important rules:
1. Return a value for EVERY listed nondeterministic input ID.
2. Use each ID exactly once.
3. Respect the declared C/C++ type.
4. For an array, return the value as an array containing exactly the required number of elements.
5. For char arrays, each element must be exactly one character. Return the character itself without C single quotes.
6. Prefer small-magnitude values unless larger values are necessary to achieve the requested execution behavior.

Nondeterministic inputs:
- id: main:buf:1, type: char, array: true, size: 100, required elements: 100

Previously generated assignment sets are listed below. Generate a materially different set and do not duplicate any of them.
Previous 1: main:buf:1={':',':','@','A','1','$','a','B','c','D','e','F','g','H','i','J','k','L','m','N','o','P','q','R','s','T','u','V','w','X','y','Z','0','1','2','3','4','5','6','7','8','9','!','?','-','_','+','%','^','&','*','/','`','{','}','[',']','|','~',' ','a','b','c','d','e','f','g','h','i','j','k','l','m','n','o','p','q','r','s','t','u','v','w','x','y','z','A','B','C','D','E','F','G','H','I','J','K','L','M','N'}; 
Previous 2: main:buf:1={'a','a','a','a','a','a','a','a','a','a','a','a','a','a','a','a','a','a','a','a','a','a','a','a','a','a','a','a','a','a','a','a','a','a','a','a','a','a','a','a','a','a','a','a','a','a','a','a','a','a','a','a','a','a','a','a','a','a','a','a','a','a','a','a','a','a','a','a','a','a','a','a','a','a','a','a','a','a','a','a','a','a','a','a','a','a','a','a','a','a','a','a','a','a','a','a','a','a','a','a'}; 
Previous 3: main:buf:1={'0','a','a','a','a','a','a','a','a','a','a','a','a','a','a','a','a','a','a','a','a','a','a','a','a','a','a','a','a','a','a','a','a','a','a','a','a','a','a','a','a','a','a','a','a','a','a','a','a','a','a','a','a','a','a','a','a','a','a','a','a','a','a','a','a','a','a','a','a','a','a','a','a','a','a','a','a','a','a','a','a','a','a','a','a','a','a','a','a','a','a','a','a','a','a','a','a','a','a','a'}; 
Previous 4: main:buf:1={'{','0',',','a','a','a','a','a','a','a','a','a','a','a','a','a','a','a','a','a','a','a','a','a','a','a','a','a','a','a','a','a','a','a','a','a','a','a','a','a','a','a','a','a','a','a','a','a','a','a','a','a','a','a','a','a','a','a','a','a','a','a','a','a','a','a','a','a','a','a','a','a','a','a','a','a','a','a','a','a','a','a','a','a','a','a','a','a','a','a','a','a','a','a','a','a','a','a','a','a'}; 
Previous 5: main:buf:1={'A','A','A','A','A','A','A','A','A','A','A','A','A','A','A','A','A','A','A','A','A','A','A','A','A','A','A','A','A','A','A','A','A','A','A','A','A','A','A','A','A','A','A','A','A','A','A','A','A','A','B','B','B','B','B','B','B','B','B','B','B','B','B','B','B','B','B','B','B','B','B','B','B','B','B','B','B','B','B','B','B','B','B','B','B','B','B','B','B','B','B','B','B','B','B','B','B','B','C','D'}; 
Previous 6: main:buf:1={'b','b','b','b','b','b','b','b','b','b','b','b','b','b','b','b','b','b','b','b','b','b','b','b','b','b','b','b','b','b','b','b','b','b','b','b','b','b','b','b','b','b','b','b','b','b','b','b','b','b','b','b','b','b','b','b','b','b','b','b','b','b','b','b','b','b','b','b','b','b','b','b','b','b','b','b','b','b','b','b','b','b','b','b','b','b','b','b','b','b','b','b','b','b','b','b','b','b','b','b'}; 
Previous 7: main:buf:1={'a','a','a','a','a','a','a','a','a','a','a','a','a','a','a','a','a','a','a','a','a','a','a','a','a','a','a','a','a','a','a','a','a','a','a','a','a','a','a','a','a','a','a','a','a','a','a','a','a','a','a','a','a','a','a','a','a','a','a','a','a','a','a','a','a','a','a','a','a','a','a','a','a','a','a','a','a','a','a','a','a','a','a','a','a','a','a','a','a','a','a','a','a','a','a','a','a','a','b','b'}; 
Previous 8: main:buf:1={'\'','\'','\'','\'','\'','\'','\'','\'','\'','\'','\'','\'','\'','\'','\'','\'','\'','\'','\'','\'','\'','\'','\'','\'','\'','\'','\'','\'','\'','\'','\'','\'','\'','\'','\'','\'','\'','\'','\'','\'','\'','\'','\'','\'','\'','\'','\'','\'','\'','\'','\'','\'','\'','\'','\'','\'','\'','\'','\'','\'','\'','\'','\'','\'','\'','\'','\'','\'','\'','\'','\'','\'','\'','\'','\'','\'','\'','\'','\'','\'','\'','\'','\'','\'','\'','\'','\'','\'','\'','\'','\'','\'','\'','\'','\'','\'','\'','\'','\'','\''}; 
Previous 9: main:buf:1={'A','A','A','A','A','A','A','A','A','A','A','A','A','A','A','A','A','A','A','A','A','A','A','A','A','A','A','A','A','A','A','A','A','A','A','A','A','A','A','A','A','A','A','A','A','A','A','A','A','A','A','A','A','A','A','A','A','A','A','A','A','A','A','A','A','A','A','A','A','A','A','A','A','A','A','A','A','A','A','A','A','A','A','A','A','A','A','A','A','A','A','A','A','A','A','A','A','A','A','A'}; 
Previous 10: main:buf:1={'a','a','a','a','a','a','a','a','a','a','a','a','a','a','a','a','a','a','a','a','a','a','a','a','a','a','a','a','a','a','a','a','a','a','a','a','a','a','a','a','a','a','a','a','a','a','a','a','a','a','a','a','a','a','a','a','a','a','a','a','a','a','a','a','a','a','a','a','a','a','a','a','a','a','a','a','a','a','a','a','a','a','a','a','a','a','a','a','a','a','a','a','a','a','a','a','a','a','a','0'}; 
Previous 11: main:buf:1={'/','*','!','@','#','$','%','^','&','*','-','+','=','_','|','{','}',':',';','?','/','[',']',';','\'','`','~','1','2','3','4','5','6','7','8','9','0','a','b','c','d','e','f','g','h','i','j','k','l','m','n','o','p','q','r','s','t','u','v','w','x','y','z','A','B','C','D','E','F','G','H','I','J','K','L','M','N','O','P','Q','R','S','T','U','V','W','X','Y','Z','!','?','!','?','!','?','!','?','!','?','!'}; 
Previous 12: main:buf:1={'c','c','c','c','c','c','c','c','c','c','c','c','c','c','c','c','c','c','c','c','c','c','c','c','c','c','c','c','c','c','c','c','c','c','c','c','c','c','c','c','c','c','c','c','c','c','c','c','c','c','c','c','c','c','c','c','c','c','c','c','c','c','c','c','c','c','c','c','c','c','c','c','c','c','c','c','c','c','c','c','c','c','c','c','c','c','c','c','c','c','c','c','c','c','c','c','c','c','c','d'}; 
Previous 13: main:buf:1={'0','0','0','0','0','0','0','0','0','0','0','0','0','0','0','0','0','0','0','0','0','0','0','0','0','0','0','0','0','0','0','0','0','0','0','0','0','0','0','0','0','0','0','0','0','0','0','0','0','0','0','0','0','0','0','0','0','0','0','0','0','0','0','0','0','0','0','0','0','0','0','0','0','0','0','0','0','0','0','0','0','0','0','0','0','0','0','0','0','0','0','0','0','0','0','0','0','0','0','0'}; 
Previous 14: main:buf:1={'x','y','x','y','x','y','x','y','x','y','x','y','x','y','x','y','x','y','x','y','x','y','x','y','x','y','x','y','x','y','x','y','x','y','x','y','x','y','x','y','x','y','x','y','x','y','x','y','x','y','x','y','x','y','x','y','x','y','x','y','x','y','x','y','x','y','x','y','x','y','x','y','x','y','x','y','x','y','x','y','x','y','x','y','x','y','x','y','x','y','x','y','x','y','x','y','x','y','x','y'}; 
Previous 15: main:buf:1={'0','1','2','3','4','5','6','7','8','9','A','B','C','D','E','F','G','H','I','J','K','L','M','N','O','P','Q','R','S','T','U','V','W','X','Y','Z','a','b','c','d','e','f','g','h','i','j','k','l','m','n','o','p','q','r','s','t','u','v','w','x','y','z','!','@','#','$','%','^','&','*','(',')','-','_','=','+','[',']','{','}','|','/','?',' ','~','`',' ',' ','!','@','#','$','%','^','&','*','(',')','-','['}; 
Previous 16: main:buf:1={'\'','0','\'','\'','a','\'','a','\'','a','\'','a','\'','a','\'','a','\'','a','\'','a','\'','a','\'','a','\'','a','\'','a','\'','a','\'','a','\'','a','\'','a','\'','a','\'','a','\'','a','\'','a','\'','a','\'','a','\'','a','\'','a','\'','a','\'','a','\'','a','\'','a','\'','a','\'','a','\'','a','\'','a','\'','a','\'','a','\'','a','\'','a','\'','a','\'','a','\'','a','\'','a','\'','a','\'','a','\'','a','\'','a','\'','a','\'','a','\'','a','\'','a','\''}; 
Previous 17: main:buf:1={'g','g','g','g','g','g','g','g','g','g','g','g','g','g','g','g','g','g','g','g','g','g','g','g','g','g','g','g','g','g','g','g','g','g','g','g','g','g','g','g','g','g','g','g','g','g','g','g','g','g','g','g','g','g','g','g','g','g','g','g','g','g','g','g','g','g','g','g','g','g','g','g','g','g','g','g','g','g','g','g','g','g','g','g','g','g','g','g','g','g','g','g','g','g','g','g','g','g','g','g'}; 
Previous 18: main:buf:1={'_','_','_','_','_','_','_','_','_','_','_','_','_','_','_','_','_','_','_','_','_','_','_','_','_','_','_','_','_','_','_','_','_','_','_','_','_','_','_','_','_','_','_','_','_','_','_','_','_','_','_','_','_','_','_','_','_','_','_','_','_','_','_','_','_','_','_','_','_','_','_','_','_','_','_','_','_','_','_','_','_','_','_','_','_','_','_','_','_','_','_','_','_','_','_','_','_','_','_','_'}; 
Previous 19: main:buf:1={'a','b','c','d','e','f','g','h','i','j','a','b','c','d','e','f','g','h','i','j','a','b','c','d','e','f','g','h','i','j','a','b','c','d','e','f','g','h','i','j','a','b','c','d','e','f','g','h','i','j','a','b','c','d','e','f','g','h','i','j','a','b','c','d','e','f','g','h','i','j','a','b','c','d','e','f','g','h','i','j','a','b','c','d','e','f','g','h','i','j','a','b','c','d','e','f','g','h','i','j'}; 
Previous 20: main:buf:1={'a','a','a','a','a','a','a','a','a','a','a','a','a','a','a','a','a','a','a','a','a','a','a','a','a','a','a','a','a','a','a','a','a','a','a','a','a','a','a','a','a','a','a','a','a','a','a','a','a','a','b','b','b','b','b','b','b','b','b','b','b','b','b','b','b','b','b','b','b','b','b','b','b','b','b','b','b','b','c','c','c','c','c','c','c','c','c','c','c','c','c','c','c','c','c','c','c','c','c','c'}; 
Previous 21: main:buf:1={'>','0','0','0','0','0','0','0','0','0','0','0','0','0','0','0','0','0','0','0','0','0','0','0','0','0','0','0','0','0','0','0','0','0','0','0','0','0','0','0','0','0','0','0','0','0','0','0','0','0','0','0','0','0','0','0','0','0','0','0','0','0','0','0','0','0','0','0','0','0','0','0','0','0','0','0','0','0','0','0','0','0','0','0','0','0','0','0','0','0','0','0','0','0','0','0','0','0','0','0'}; 
Previous 22: main:buf:1={'a','b','c','d','e','f','g','h','i','j','k','l','m','n','o','p','q','r','s','t','u','v','w','x','y','z','A','B','C','D','E','F','G','H','I','J','K','L','M','N','O','P','Q','R','S','T','U','V','W','X','Y','Z','0','1','2','3','4','5','6','7','8','9','!','@','#','$','%','^','&','*','(','-',')','-','_','+','=','[',']','{','}','|',':',';','<','>','?','/','|','`','~','\'','%','.',',',' ','a','b','c','d'}; 
Previous 23: main:buf:1={'\'','0','\'','\'','\'','\'','\'','\'','\'','\'','\'','\'','\'','\'','\'','\'','\'','\'','\'','\'','\'','\'','\'','\'','\'','\'','\'','\'','\'','\'','\'','\'','\'','\'','\'','\'','\'','\'','\'','\'','\'','\'','\'','\'','\'','\'','\'','\'','\'','\'','\'','\'','\'','\'','\'','\'','\'','\'','\'','\'','\'','\'','\'','\'','\'','\'','\'','\'','\'','\'','\'','\'','\'','\'','\'','\'','\'','\'','\'','\'','\'','\'','\'','\'','\'','\'','\'','\'','\'','\'','\'','\'','\'','\'','\'','\'','\'','\'','\'','\''}; 
Previous 24: main:buf:1={'-','-','-','-','-','-','-','-','-','-','-','-','-','-','-','-','-','-','-','-','-','-','-','-','-','-','-','-','-','-','-','-','=','=','=','=','=','=','=','=','=','=','=','=','=','=','=','=','=','=','=','=','=','=','=','=','=','=','=','=','=','=','+','+','+','+','+','+','+','+','+','+','+','+','+','+','+','+','+','+','+','+','+','+','+','+','+','+','+','+','+','+','+','+','+','+','+','+','+','+'}; 
Previous 25: main:buf:1={'w','p','k','r','G','d','e','Z','q','n','U','O','g','H','5','X','S','m','R','t','J','T','3','c','V','1','l','f','Z','2','u','P','w','L','b','6','Q','z','Z','v','P','x','9','f','c','F','S','q','m','2','D','E','r','C','i','Y','b','k','O','z','4','3','q','a','L','P','c','j','s','g','g','b','8','h','Y','D','n','u','a','n','x','A','p','w','S','l','v','V','g','k','R','o','3','i','e','q','J','n','p','z'}; 
Previous 26: main:buf:1={'\'','`','<','h','?','j','|','k','l','p','b','H','4','-','g','K','o','l','D',';','s','7','5','p','6','w','K','c','>','p','l','?','x','!','q','j','b','w','V','-','M','x','Z','t','y','M','m','}','O','A','e',';','9','C','0','6','?','-','i','c','1','9','u','j','U','T','p','u','#','Z','i','8','A','5','9','f','Z','t','b','g','-','k','g','n','P','q','n','r','Z','Y','!','%','g','a','u','z','e','M','e','z'}; 
Previous 27: main:buf:1={'C','C','C','C','C','C','C','C','C','C','C','C','C','C','C','C','C','C','C','C','C','C','C','C','C','C','C','C','C','C','C','C','C','C','C','C','C','C','C','C','C','C','C','C','C','C','C','C','C','C','C','C','C','C','C','C','C','C','C','C','C','C','C','C','C','C','C','C','C','C','C','C','C','C','C','C','C','C','C','C','C','C','C','C','C','C','C','C','C','C','C','C','C','C','C','C','C','C','C','C'}; 
Previous 28: main:buf:1={'\'','\'','a','a','a','a','a','a','a','a','a','a','a','a','a','a','a','a','a','a','a','a','a','a','a','a','a','a','a','a','a','a','a','a','a','a','a','a','a','a','a','a','a','a','a','a','a','a','a','a','a','a','a','a','a','a','a','a','a','a','a','a','a','a','a','a','a','a','a','a','a','a','a','a','a','a','a','a','a','a','a','a','a','a','a','a','a','a','a','a','a','a','a','a','a','a','a','a','a','a'}; 
Previous 29: main:buf:1={'Z','Z','Z','Z','Z','Z','Z','Z','Z','Z','Z','Z','Z','Z','Z','Z','Z','Z','Z','Z','Z','Z','Z','Z','Z','Z','Z','Z','Z','Z','Z','Z','Z','Z','Z','Z','Z','Z','Z','Z','Z','Z','Z','Z','Z','Z','Z','Z','Z','Z','Z','Z','Z','Z','Z','Z','Z','Z','Z','Z','Z','Z','Z','Z','Z','Z','Z','Z','Z','Z','Z','Z','Z','Z','Z','Z','Z','Z','Z','Z','Z','Z','Z','Z','Z','Z','Z','Z','Z','Z','Z','Z','Z','Z','Z','Z','Z','Z','Z','Z'}; 
Previous 30: main:buf:1={'q','q','q','q','q','q','q','q','q','q','q','q','q','q','q','q','q','q','q','q','q','q','q','q','q','q','q','q','q','q','q','q','q','q','q','q','q','q','q','q','q','q','q','q','q','q','q','q','q','q','q','q','q','q','q','q','q','q','q','q','q','q','q','q','q','q','q','q','q','q','q','q','q','q','q','q','q','q','q','q','q','q','q','q','q','q','q','q','q','q','q','q','q','q','q','q','q','q','q','q'}; 
Previous 31: main:buf:1={'N','a','a','a','a','a','a','a','a','a','a','a','a','a','a','a','a','a','a','a','a','a','a','a','a','a','a','a','a','a','a','a','a','a','a','a','a','a','a','a','a','a','a','a','a','a','a','a','a','a','a','a','a','a','a','a','a','a','a','a','a','a','a','a','a','a','a','a','a','a','a','a','a','a','a','a','a','a','a','a','a','a','a','a','a','a','a','a','a','a','a','a','a','a','a','a','a','a','a','a'}; 
Previous 32: main:buf:1={'A','B','C','D','E','F','G','H','I','J','K','L','M','N','O','P','Q','R','S','T','U','V','W','X','Y','Z','a','b','c','d','e','f','g','h','i','j','k','l','m','n','o','p','q','r','s','t','u','v','w','x','y','z','0','1','2','3','4','5','6','7','8','9','!','@','#','$','%','^','&','*','(',')','-','_','=','[',']','{','}','|',':',';','<','>',',','?','/','~','`',' ','!','#','1','x','y','c','d','e','f','g'}; 
Previous 33: main:buf:1={'m','n','m','n','m','n','m','n','m','n','m','n','m','n','m','n','m','n','m','n','m','n','m','n','m','n','m','n','m','n','m','n','m','n','m','n','m','n','m','n','m','n','m','n','m','n','m','n','m','n','m','n','m','n','m','n','m','n','m','n','m','n','m','n','m','n','m','n','m','n','m','n','m','n','m','n','m','n','m','n','m','n','m','n','m','n','m','n','m','n','m','n','m','n','m','n','m','n','m','n'}; 
Previous 34: main:buf:1={'z','z','z','z','z','z','z','z','z','z','z','z','z','z','z','z','z','z','z','z','z','z','z','z','z','z','z','z','z','z','z','z','z','z','z','z','z','z','z','z','z','z','z','z','z','z','z','z','z','z','z','z','z','z','z','z','z','z','z','z','z','z','z','z','z','z','z','z','z','z','z','z','z','z','z','z','z','z','z','z','z','z','z','z','z','z','z','z','z','z','z','z','z','z','z','z','z','z','z','z'}; 
Previous 35: main:buf:1={'A','B','C','D','E','F','G','H','I','J','K','L','M','N','O','P','Q','R','S','T','U','V','W','X','Y','Z','a','b','c','d','e','f','g','h','i','j','k','l','m','n','o','p','q','r','s','t','u','v','w','x','y','z','0','1','2','3','4','5','6','7','8','9','!','@','#','$','%','^','&','*','(',')','-','_','+','=','[',']','{','}','|',';',';',':',',','.','<','>','?',' ','/','?','?','?','?','?','?','?','?','?'}; 
Previous 36: main:buf:1={'\'','\'','\'','\'','\'','\'','\'','\'','\'','\'','\'','\'','\'','\'','\'','\'','\'','\'','\'','\'','\'','\'','\'','\'','\'','\'','\'','\'','\'','\'','\'','\'','\'','\'','\'','\'','\'','\'','\'','\'','\'','\'','\'','\'','\'','\'','\'','\'','\'','\'','\'','\'','\'','\'','\'','\'','\'','\'','\'','\'','\'','\'','\'','\'','\'','\'','\'','\'','\'','\'','\'','\'','\'','\'','\'','\'','\'','\'','\'','\'','\'','\'','\'','\'','\'','\'','\'','\'','\'','\'','\'','\'','\'','\'','\'','\'','\'','\'','a','a'}; 
Previous 37: main:buf:1={'\'','0','\'',',','\'','0','\'',',','\'','0','\'',',','\'','0','\'',',','\'','0','\'',',','\'','0','\'',',','\'','0','\'',',','\'','0','\'',',','\'','0','\'',',','\'','0','\'',',','\'','0','\'',',','\'','0','\'',',','\'','0','\'',',','\'','0','\'',',','\'','0','\'',',','\'','0','\'',',','\'','0','\'',',','\'','0','\'',',','\'','0','\'',',','\'','0','\'',',','\'','0','\'',',','\'','0','\'',',','\'','0','\'',',','\'','0','\'',',','\'','0','\'',','}; 
Previous 38: main:buf:1={'\'','0','\'','\'','a','\'','\'','a','\'','\'','a','\'','\'','a','\'','\'','a','\'','\'','a','\'','\'','a','\'','\'','a','\'','\'','a','\'','\'','a','\'','\'','a','\'','\'','a','\'','\'','a','\'','\'','a','\'','\'','a','\'','\'','a','\'','\'','a','\'','\'','a','\'','\'','a','\'','\'','a','\'','\'','a','\'','\'','a','\'','\'','a','\'','\'','a','\'','\'','a','\'','\'','a','\'','\'','a','\'','\'','a','\'','\'','a','\'','\'','a','\'','\'','a','\'','\'','a','\'','\''}; 
Previous 39: main:buf:1={'\'','a','\'','\'','b','\'','\'','c','\'','\'','d','\'','\'','e','\'','\'','f','\'','\'','g','\'','\'','h','\'','\'','i','\'','\'','j','\'','\'','a','\'','\'','b','\'','\'','c','\'','\'','d','\'','\'','e','\'','\'','f','\'','\'','g','\'','\'','h','\'','\'','i','\'','\'','j','\'','\'','a','\'','\'','b','\'','\'','c','\'','\'','d','\'','\'','e','\'','\'','f','\'','\'','g','\'','\'','h','\'','\'','i','\'','\'','j','\'','\'','a','\'','\'','b','\'','\'','c','\'','\''}; 
Previous 40: main:buf:1={'X','X','X','X','X','X','X','X','X','X','X','X','X','X','X','X','X','X','X','X','X','X','X','X','X','X','X','X','X','X','X','X','X','X','X','X','X','X','X','X','X','X','X','X','X','X','X','X','X','X','X','X','X','X','X','X','X','X','X','X','X','X','X','X','X','X','X','X','X','X','X','X','X','X','X','X','X','X','X','X','X','X','X','X','X','X','X','X','X','X','X','X','X','X','X','X','X','X','X','X'}; 
Previous 41: main:buf:1={'A','B','C','D','E','F','G','H','I','J','K','L','M','N','O','P','Q','R','S','T','U','V','W','X','Y','Z','A','B','C','D','E','F','G','H','I','J','K','L','M','N','O','P','Q','R','S','T','U','V','W','X','Y','Z','A','B','C','D','E','F','G','H','I','J','K','L','M','N','O','P','Q','R','S','T','U','V','W','X','Y','Z','A','B','C','D','E','F','G','H','I','J','K','L','M','N','O','P','Q','R','S','T','U','a'}; 
Previous 42: main:buf:1={'_','a','a','a','a','a','a','a','a','a','a','a','a','a','a','a','a','a','a','a','a','a','a','a','a','a','a','a','a','a','a','a','a','a','a','a','a','a','a','a','a','a','a','a','a','a','a','a','a','a','a','a','a','a','a','a','a','a','a','a','a','a','a','a','a','a','a','a','a','a','a','a','a','a','a','a','a','a','a','a','a','a','a','a','a','a','a','a','a','a','a','a','a','a','a','a','a','a','a','a'}; 

Program:
extern char __VERIFIER_nondet_char(void);
/*
Commit Number: cea58cb6d8fe0d27bfcbab57776bd36d5c724ec3
URL: https://github.com/GNOME/evolution-data-server/commit/cea58cb6d8fe0d27bfcbab57776bd36d5c724ec3
Project Name: evolution-data-server
License: GPL2
termination: false


*/
int strcspn(const char *strSrc, const char *str)
{
    const char *s;
    const char *t = strSrc;
    while (*t != '\0')
    {
        s = str;
        while (*s != '\0')
        {
            if (*t == *s )
            return t-strSrc;
            ++s;
        }
        ++t;
    }
    return 0;
}
int main()
{
    char buf[100];
    for( int i = 0 ; i < 99 ; i++ )
        buf[i] = __VERIFIER_nondet_char();
    buf[99] = '\0';
    char *p = buf;
    while( *p )
    {
        int len = strcspn( p , ""\n"");
        p += len;
    }
    return 0;

}

"
58,NT,"main:buf:1={'a','b','c','d','e','f','g','h','i','j','k','l','a','b','c','d','e','f','g','h','i','j','k','l','a','b','c','d','e','f','g','h','i','j','k','l','a','b','c','d','e','f','g','h','i','j','k','l','a','b','c','d','e','f','g','h','i','j','k','l','a','b','c','d','e','f','g','h','i','j','k','l','a','b','c','d','e','f','g','h','i','j','k','l','a','b','c','d','e','f','g','h','i','j','k','l','a','b','c','d'}
",/home/quasar/Documents/FocusTNT/results_InputGeneration/FSE/loop/Incorrect_Initialization_1_NT/input_generator_artifacts/generated_programs/Incorrect_Initialization_1_NT_TestCase6.c,TIMEOUT,LIKELY_NT,true,,"You generate concrete values for nondeterministic inputs in a C/C++ program.
Your goal is to produce ONE complete assignment set that is likely to make the program not terminate.

Important rules:
1. Return a value for EVERY listed nondeterministic input ID.
2. Use each ID exactly once.
3. Respect the declared C/C++ type.
4. For an array, return the value as an array containing exactly the required number of elements.
5. For char arrays, each element must be exactly one character. Return the character itself without C single quotes.
6. Prefer small-magnitude values unless larger values are necessary to achieve the requested execution behavior.

Nondeterministic inputs:
- id: main:buf:1, type: char, array: true, size: 100, required elements: 100

Previously generated assignment sets are listed below. Generate a materially different set and do not duplicate any of them.
Previous 1: main:buf:1={':',':','@','A','1','$','a','B','c','D','e','F','g','H','i','J','k','L','m','N','o','P','q','R','s','T','u','V','w','X','y','Z','0','1','2','3','4','5','6','7','8','9','!','?','-','_','+','%','^','&','*','/','`','{','}','[',']','|','~',' ','a','b','c','d','e','f','g','h','i','j','k','l','m','n','o','p','q','r','s','t','u','v','w','x','y','z','A','B','C','D','E','F','G','H','I','J','K','L','M','N'}; 
Previous 2: main:buf:1={'a','a','a','a','a','a','a','a','a','a','a','a','a','a','a','a','a','a','a','a','a','a','a','a','a','a','a','a','a','a','a','a','a','a','a','a','a','a','a','a','a','a','a','a','a','a','a','a','a','a','a','a','a','a','a','a','a','a','a','a','a','a','a','a','a','a','a','a','a','a','a','a','a','a','a','a','a','a','a','a','a','a','a','a','a','a','a','a','a','a','a','a','a','a','a','a','a','a','a','a'}; 
Previous 3: main:buf:1={'0','a','a','a','a','a','a','a','a','a','a','a','a','a','a','a','a','a','a','a','a','a','a','a','a','a','a','a','a','a','a','a','a','a','a','a','a','a','a','a','a','a','a','a','a','a','a','a','a','a','a','a','a','a','a','a','a','a','a','a','a','a','a','a','a','a','a','a','a','a','a','a','a','a','a','a','a','a','a','a','a','a','a','a','a','a','a','a','a','a','a','a','a','a','a','a','a','a','a','a'}; 
Previous 4: main:buf:1={'{','0',',','a','a','a','a','a','a','a','a','a','a','a','a','a','a','a','a','a','a','a','a','a','a','a','a','a','a','a','a','a','a','a','a','a','a','a','a','a','a','a','a','a','a','a','a','a','a','a','a','a','a','a','a','a','a','a','a','a','a','a','a','a','a','a','a','a','a','a','a','a','a','a','a','a','a','a','a','a','a','a','a','a','a','a','a','a','a','a','a','a','a','a','a','a','a','a','a','a'}; 
Previous 5: main:buf:1={'A','A','A','A','A','A','A','A','A','A','A','A','A','A','A','A','A','A','A','A','A','A','A','A','A','A','A','A','A','A','A','A','A','A','A','A','A','A','A','A','A','A','A','A','A','A','A','A','A','A','B','B','B','B','B','B','B','B','B','B','B','B','B','B','B','B','B','B','B','B','B','B','B','B','B','B','B','B','B','B','B','B','B','B','B','B','B','B','B','B','B','B','B','B','B','B','B','B','C','D'}; 
Previous 6: main:buf:1={'b','b','b','b','b','b','b','b','b','b','b','b','b','b','b','b','b','b','b','b','b','b','b','b','b','b','b','b','b','b','b','b','b','b','b','b','b','b','b','b','b','b','b','b','b','b','b','b','b','b','b','b','b','b','b','b','b','b','b','b','b','b','b','b','b','b','b','b','b','b','b','b','b','b','b','b','b','b','b','b','b','b','b','b','b','b','b','b','b','b','b','b','b','b','b','b','b','b','b','b'}; 
Previous 7: main:buf:1={'a','a','a','a','a','a','a','a','a','a','a','a','a','a','a','a','a','a','a','a','a','a','a','a','a','a','a','a','a','a','a','a','a','a','a','a','a','a','a','a','a','a','a','a','a','a','a','a','a','a','a','a','a','a','a','a','a','a','a','a','a','a','a','a','a','a','a','a','a','a','a','a','a','a','a','a','a','a','a','a','a','a','a','a','a','a','a','a','a','a','a','a','a','a','a','a','a','a','b','b'}; 
Previous 8: main:buf:1={'\'','\'','\'','\'','\'','\'','\'','\'','\'','\'','\'','\'','\'','\'','\'','\'','\'','\'','\'','\'','\'','\'','\'','\'','\'','\'','\'','\'','\'','\'','\'','\'','\'','\'','\'','\'','\'','\'','\'','\'','\'','\'','\'','\'','\'','\'','\'','\'','\'','\'','\'','\'','\'','\'','\'','\'','\'','\'','\'','\'','\'','\'','\'','\'','\'','\'','\'','\'','\'','\'','\'','\'','\'','\'','\'','\'','\'','\'','\'','\'','\'','\'','\'','\'','\'','\'','\'','\'','\'','\'','\'','\'','\'','\'','\'','\'','\'','\'','\'','\''}; 
Previous 9: main:buf:1={'A','A','A','A','A','A','A','A','A','A','A','A','A','A','A','A','A','A','A','A','A','A','A','A','A','A','A','A','A','A','A','A','A','A','A','A','A','A','A','A','A','A','A','A','A','A','A','A','A','A','A','A','A','A','A','A','A','A','A','A','A','A','A','A','A','A','A','A','A','A','A','A','A','A','A','A','A','A','A','A','A','A','A','A','A','A','A','A','A','A','A','A','A','A','A','A','A','A','A','A'}; 
Previous 10: main:buf:1={'a','a','a','a','a','a','a','a','a','a','a','a','a','a','a','a','a','a','a','a','a','a','a','a','a','a','a','a','a','a','a','a','a','a','a','a','a','a','a','a','a','a','a','a','a','a','a','a','a','a','a','a','a','a','a','a','a','a','a','a','a','a','a','a','a','a','a','a','a','a','a','a','a','a','a','a','a','a','a','a','a','a','a','a','a','a','a','a','a','a','a','a','a','a','a','a','a','a','a','0'}; 
Previous 11: main:buf:1={'/','*','!','@','#','$','%','^','&','*','-','+','=','_','|','{','}',':',';','?','/','[',']',';','\'','`','~','1','2','3','4','5','6','7','8','9','0','a','b','c','d','e','f','g','h','i','j','k','l','m','n','o','p','q','r','s','t','u','v','w','x','y','z','A','B','C','D','E','F','G','H','I','J','K','L','M','N','O','P','Q','R','S','T','U','V','W','X','Y','Z','!','?','!','?','!','?','!','?','!','?','!'}; 
Previous 12: main:buf:1={'c','c','c','c','c','c','c','c','c','c','c','c','c','c','c','c','c','c','c','c','c','c','c','c','c','c','c','c','c','c','c','c','c','c','c','c','c','c','c','c','c','c','c','c','c','c','c','c','c','c','c','c','c','c','c','c','c','c','c','c','c','c','c','c','c','c','c','c','c','c','c','c','c','c','c','c','c','c','c','c','c','c','c','c','c','c','c','c','c','c','c','c','c','c','c','c','c','c','c','d'}; 
Previous 13: main:buf:1={'0','0','0','0','0','0','0','0','0','0','0','0','0','0','0','0','0','0','0','0','0','0','0','0','0','0','0','0','0','0','0','0','0','0','0','0','0','0','0','0','0','0','0','0','0','0','0','0','0','0','0','0','0','0','0','0','0','0','0','0','0','0','0','0','0','0','0','0','0','0','0','0','0','0','0','0','0','0','0','0','0','0','0','0','0','0','0','0','0','0','0','0','0','0','0','0','0','0','0','0'}; 
Previous 14: main:buf:1={'x','y','x','y','x','y','x','y','x','y','x','y','x','y','x','y','x','y','x','y','x','y','x','y','x','y','x','y','x','y','x','y','x','y','x','y','x','y','x','y','x','y','x','y','x','y','x','y','x','y','x','y','x','y','x','y','x','y','x','y','x','y','x','y','x','y','x','y','x','y','x','y','x','y','x','y','x','y','x','y','x','y','x','y','x','y','x','y','x','y','x','y','x','y','x','y','x','y','x','y'}; 
Previous 15: main:buf:1={'0','1','2','3','4','5','6','7','8','9','A','B','C','D','E','F','G','H','I','J','K','L','M','N','O','P','Q','R','S','T','U','V','W','X','Y','Z','a','b','c','d','e','f','g','h','i','j','k','l','m','n','o','p','q','r','s','t','u','v','w','x','y','z','!','@','#','$','%','^','&','*','(',')','-','_','=','+','[',']','{','}','|','/','?',' ','~','`',' ',' ','!','@','#','$','%','^','&','*','(',')','-','['}; 
Previous 16: main:buf:1={'\'','0','\'','\'','a','\'','a','\'','a','\'','a','\'','a','\'','a','\'','a','\'','a','\'','a','\'','a','\'','a','\'','a','\'','a','\'','a','\'','a','\'','a','\'','a','\'','a','\'','a','\'','a','\'','a','\'','a','\'','a','\'','a','\'','a','\'','a','\'','a','\'','a','\'','a','\'','a','\'','a','\'','a','\'','a','\'','a','\'','a','\'','a','\'','a','\'','a','\'','a','\'','a','\'','a','\'','a','\'','a','\'','a','\'','a','\'','a','\'','a','\'','a','\''}; 
Previous 17: main:buf:1={'g','g','g','g','g','g','g','g','g','g','g','g','g','g','g','g','g','g','g','g','g','g','g','g','g','g','g','g','g','g','g','g','g','g','g','g','g','g','g','g','g','g','g','g','g','g','g','g','g','g','g','g','g','g','g','g','g','g','g','g','g','g','g','g','g','g','g','g','g','g','g','g','g','g','g','g','g','g','g','g','g','g','g','g','g','g','g','g','g','g','g','g','g','g','g','g','g','g','g','g'}; 
Previous 18: main:buf:1={'_','_','_','_','_','_','_','_','_','_','_','_','_','_','_','_','_','_','_','_','_','_','_','_','_','_','_','_','_','_','_','_','_','_','_','_','_','_','_','_','_','_','_','_','_','_','_','_','_','_','_','_','_','_','_','_','_','_','_','_','_','_','_','_','_','_','_','_','_','_','_','_','_','_','_','_','_','_','_','_','_','_','_','_','_','_','_','_','_','_','_','_','_','_','_','_','_','_','_','_'}; 
Previous 19: main:buf:1={'a','b','c','d','e','f','g','h','i','j','a','b','c','d','e','f','g','h','i','j','a','b','c','d','e','f','g','h','i','j','a','b','c','d','e','f','g','h','i','j','a','b','c','d','e','f','g','h','i','j','a','b','c','d','e','f','g','h','i','j','a','b','c','d','e','f','g','h','i','j','a','b','c','d','e','f','g','h','i','j','a','b','c','d','e','f','g','h','i','j','a','b','c','d','e','f','g','h','i','j'}; 
Previous 20: main:buf:1={'a','a','a','a','a','a','a','a','a','a','a','a','a','a','a','a','a','a','a','a','a','a','a','a','a','a','a','a','a','a','a','a','a','a','a','a','a','a','a','a','a','a','a','a','a','a','a','a','a','a','b','b','b','b','b','b','b','b','b','b','b','b','b','b','b','b','b','b','b','b','b','b','b','b','b','b','b','b','c','c','c','c','c','c','c','c','c','c','c','c','c','c','c','c','c','c','c','c','c','c'}; 
Previous 21: main:buf:1={'>','0','0','0','0','0','0','0','0','0','0','0','0','0','0','0','0','0','0','0','0','0','0','0','0','0','0','0','0','0','0','0','0','0','0','0','0','0','0','0','0','0','0','0','0','0','0','0','0','0','0','0','0','0','0','0','0','0','0','0','0','0','0','0','0','0','0','0','0','0','0','0','0','0','0','0','0','0','0','0','0','0','0','0','0','0','0','0','0','0','0','0','0','0','0','0','0','0','0','0'}; 
Previous 22: main:buf:1={'a','b','c','d','e','f','g','h','i','j','k','l','m','n','o','p','q','r','s','t','u','v','w','x','y','z','A','B','C','D','E','F','G','H','I','J','K','L','M','N','O','P','Q','R','S','T','U','V','W','X','Y','Z','0','1','2','3','4','5','6','7','8','9','!','@','#','$','%','^','&','*','(','-',')','-','_','+','=','[',']','{','}','|',':',';','<','>','?','/','|','`','~','\'','%','.',',',' ','a','b','c','d'}; 
Previous 23: main:buf:1={'\'','0','\'','\'','\'','\'','\'','\'','\'','\'','\'','\'','\'','\'','\'','\'','\'','\'','\'','\'','\'','\'','\'','\'','\'','\'','\'','\'','\'','\'','\'','\'','\'','\'','\'','\'','\'','\'','\'','\'','\'','\'','\'','\'','\'','\'','\'','\'','\'','\'','\'','\'','\'','\'','\'','\'','\'','\'','\'','\'','\'','\'','\'','\'','\'','\'','\'','\'','\'','\'','\'','\'','\'','\'','\'','\'','\'','\'','\'','\'','\'','\'','\'','\'','\'','\'','\'','\'','\'','\'','\'','\'','\'','\'','\'','\'','\'','\'','\'','\''}; 
Previous 24: main:buf:1={'-','-','-','-','-','-','-','-','-','-','-','-','-','-','-','-','-','-','-','-','-','-','-','-','-','-','-','-','-','-','-','-','=','=','=','=','=','=','=','=','=','=','=','=','=','=','=','=','=','=','=','=','=','=','=','=','=','=','=','=','=','=','+','+','+','+','+','+','+','+','+','+','+','+','+','+','+','+','+','+','+','+','+','+','+','+','+','+','+','+','+','+','+','+','+','+','+','+','+','+'}; 
Previous 25: main:buf:1={'w','p','k','r','G','d','e','Z','q','n','U','O','g','H','5','X','S','m','R','t','J','T','3','c','V','1','l','f','Z','2','u','P','w','L','b','6','Q','z','Z','v','P','x','9','f','c','F','S','q','m','2','D','E','r','C','i','Y','b','k','O','z','4','3','q','a','L','P','c','j','s','g','g','b','8','h','Y','D','n','u','a','n','x','A','p','w','S','l','v','V','g','k','R','o','3','i','e','q','J','n','p','z'}; 
Previous 26: main:buf:1={'\'','`','<','h','?','j','|','k','l','p','b','H','4','-','g','K','o','l','D',';','s','7','5','p','6','w','K','c','>','p','l','?','x','!','q','j','b','w','V','-','M','x','Z','t','y','M','m','}','O','A','e',';','9','C','0','6','?','-','i','c','1','9','u','j','U','T','p','u','#','Z','i','8','A','5','9','f','Z','t','b','g','-','k','g','n','P','q','n','r','Z','Y','!','%','g','a','u','z','e','M','e','z'}; 
Previous 27: main:buf:1={'C','C','C','C','C','C','C','C','C','C','C','C','C','C','C','C','C','C','C','C','C','C','C','C','C','C','C','C','C','C','C','C','C','C','C','C','C','C','C','C','C','C','C','C','C','C','C','C','C','C','C','C','C','C','C','C','C','C','C','C','C','C','C','C','C','C','C','C','C','C','C','C','C','C','C','C','C','C','C','C','C','C','C','C','C','C','C','C','C','C','C','C','C','C','C','C','C','C','C','C'}; 
Previous 28: main:buf:1={'\'','\'','a','a','a','a','a','a','a','a','a','a','a','a','a','a','a','a','a','a','a','a','a','a','a','a','a','a','a','a','a','a','a','a','a','a','a','a','a','a','a','a','a','a','a','a','a','a','a','a','a','a','a','a','a','a','a','a','a','a','a','a','a','a','a','a','a','a','a','a','a','a','a','a','a','a','a','a','a','a','a','a','a','a','a','a','a','a','a','a','a','a','a','a','a','a','a','a','a','a'}; 
Previous 29: main:buf:1={'Z','Z','Z','Z','Z','Z','Z','Z','Z','Z','Z','Z','Z','Z','Z','Z','Z','Z','Z','Z','Z','Z','Z','Z','Z','Z','Z','Z','Z','Z','Z','Z','Z','Z','Z','Z','Z','Z','Z','Z','Z','Z','Z','Z','Z','Z','Z','Z','Z','Z','Z','Z','Z','Z','Z','Z','Z','Z','Z','Z','Z','Z','Z','Z','Z','Z','Z','Z','Z','Z','Z','Z','Z','Z','Z','Z','Z','Z','Z','Z','Z','Z','Z','Z','Z','Z','Z','Z','Z','Z','Z','Z','Z','Z','Z','Z','Z','Z','Z','Z'}; 
Previous 30: main:buf:1={'q','q','q','q','q','q','q','q','q','q','q','q','q','q','q','q','q','q','q','q','q','q','q','q','q','q','q','q','q','q','q','q','q','q','q','q','q','q','q','q','q','q','q','q','q','q','q','q','q','q','q','q','q','q','q','q','q','q','q','q','q','q','q','q','q','q','q','q','q','q','q','q','q','q','q','q','q','q','q','q','q','q','q','q','q','q','q','q','q','q','q','q','q','q','q','q','q','q','q','q'}; 
Previous 31: main:buf:1={'N','a','a','a','a','a','a','a','a','a','a','a','a','a','a','a','a','a','a','a','a','a','a','a','a','a','a','a','a','a','a','a','a','a','a','a','a','a','a','a','a','a','a','a','a','a','a','a','a','a','a','a','a','a','a','a','a','a','a','a','a','a','a','a','a','a','a','a','a','a','a','a','a','a','a','a','a','a','a','a','a','a','a','a','a','a','a','a','a','a','a','a','a','a','a','a','a','a','a','a'}; 
Previous 32: main:buf:1={'A','B','C','D','E','F','G','H','I','J','K','L','M','N','O','P','Q','R','S','T','U','V','W','X','Y','Z','a','b','c','d','e','f','g','h','i','j','k','l','m','n','o','p','q','r','s','t','u','v','w','x','y','z','0','1','2','3','4','5','6','7','8','9','!','@','#','$','%','^','&','*','(',')','-','_','=','[',']','{','}','|',':',';','<','>',',','?','/','~','`',' ','!','#','1','x','y','c','d','e','f','g'}; 
Previous 33: main:buf:1={'m','n','m','n','m','n','m','n','m','n','m','n','m','n','m','n','m','n','m','n','m','n','m','n','m','n','m','n','m','n','m','n','m','n','m','n','m','n','m','n','m','n','m','n','m','n','m','n','m','n','m','n','m','n','m','n','m','n','m','n','m','n','m','n','m','n','m','n','m','n','m','n','m','n','m','n','m','n','m','n','m','n','m','n','m','n','m','n','m','n','m','n','m','n','m','n','m','n','m','n'}; 
Previous 34: main:buf:1={'z','z','z','z','z','z','z','z','z','z','z','z','z','z','z','z','z','z','z','z','z','z','z','z','z','z','z','z','z','z','z','z','z','z','z','z','z','z','z','z','z','z','z','z','z','z','z','z','z','z','z','z','z','z','z','z','z','z','z','z','z','z','z','z','z','z','z','z','z','z','z','z','z','z','z','z','z','z','z','z','z','z','z','z','z','z','z','z','z','z','z','z','z','z','z','z','z','z','z','z'}; 
Previous 35: main:buf:1={'A','B','C','D','E','F','G','H','I','J','K','L','M','N','O','P','Q','R','S','T','U','V','W','X','Y','Z','a','b','c','d','e','f','g','h','i','j','k','l','m','n','o','p','q','r','s','t','u','v','w','x','y','z','0','1','2','3','4','5','6','7','8','9','!','@','#','$','%','^','&','*','(',')','-','_','+','=','[',']','{','}','|',';',';',':',',','.','<','>','?',' ','/','?','?','?','?','?','?','?','?','?'}; 
Previous 36: main:buf:1={'\'','\'','\'','\'','\'','\'','\'','\'','\'','\'','\'','\'','\'','\'','\'','\'','\'','\'','\'','\'','\'','\'','\'','\'','\'','\'','\'','\'','\'','\'','\'','\'','\'','\'','\'','\'','\'','\'','\'','\'','\'','\'','\'','\'','\'','\'','\'','\'','\'','\'','\'','\'','\'','\'','\'','\'','\'','\'','\'','\'','\'','\'','\'','\'','\'','\'','\'','\'','\'','\'','\'','\'','\'','\'','\'','\'','\'','\'','\'','\'','\'','\'','\'','\'','\'','\'','\'','\'','\'','\'','\'','\'','\'','\'','\'','\'','\'','\'','a','a'}; 
Previous 37: main:buf:1={'\'','0','\'',',','\'','0','\'',',','\'','0','\'',',','\'','0','\'',',','\'','0','\'',',','\'','0','\'',',','\'','0','\'',',','\'','0','\'',',','\'','0','\'',',','\'','0','\'',',','\'','0','\'',',','\'','0','\'',',','\'','0','\'',',','\'','0','\'',',','\'','0','\'',',','\'','0','\'',',','\'','0','\'',',','\'','0','\'',',','\'','0','\'',',','\'','0','\'',',','\'','0','\'',',','\'','0','\'',',','\'','0','\'',',','\'','0','\'',',','\'','0','\'',','}; 
Previous 38: main:buf:1={'\'','0','\'','\'','a','\'','\'','a','\'','\'','a','\'','\'','a','\'','\'','a','\'','\'','a','\'','\'','a','\'','\'','a','\'','\'','a','\'','\'','a','\'','\'','a','\'','\'','a','\'','\'','a','\'','\'','a','\'','\'','a','\'','\'','a','\'','\'','a','\'','\'','a','\'','\'','a','\'','\'','a','\'','\'','a','\'','\'','a','\'','\'','a','\'','\'','a','\'','\'','a','\'','\'','a','\'','\'','a','\'','\'','a','\'','\'','a','\'','\'','a','\'','\'','a','\'','\'','a','\'','\''}; 
Previous 39: main:buf:1={'\'','a','\'','\'','b','\'','\'','c','\'','\'','d','\'','\'','e','\'','\'','f','\'','\'','g','\'','\'','h','\'','\'','i','\'','\'','j','\'','\'','a','\'','\'','b','\'','\'','c','\'','\'','d','\'','\'','e','\'','\'','f','\'','\'','g','\'','\'','h','\'','\'','i','\'','\'','j','\'','\'','a','\'','\'','b','\'','\'','c','\'','\'','d','\'','\'','e','\'','\'','f','\'','\'','g','\'','\'','h','\'','\'','i','\'','\'','j','\'','\'','a','\'','\'','b','\'','\'','c','\'','\''}; 
Previous 40: main:buf:1={'X','X','X','X','X','X','X','X','X','X','X','X','X','X','X','X','X','X','X','X','X','X','X','X','X','X','X','X','X','X','X','X','X','X','X','X','X','X','X','X','X','X','X','X','X','X','X','X','X','X','X','X','X','X','X','X','X','X','X','X','X','X','X','X','X','X','X','X','X','X','X','X','X','X','X','X','X','X','X','X','X','X','X','X','X','X','X','X','X','X','X','X','X','X','X','X','X','X','X','X'}; 
Previous 41: main:buf:1={'A','B','C','D','E','F','G','H','I','J','K','L','M','N','O','P','Q','R','S','T','U','V','W','X','Y','Z','A','B','C','D','E','F','G','H','I','J','K','L','M','N','O','P','Q','R','S','T','U','V','W','X','Y','Z','A','B','C','D','E','F','G','H','I','J','K','L','M','N','O','P','Q','R','S','T','U','V','W','X','Y','Z','A','B','C','D','E','F','G','H','I','J','K','L','M','N','O','P','Q','R','S','T','U','a'}; 
Previous 42: main:buf:1={'_','a','a','a','a','a','a','a','a','a','a','a','a','a','a','a','a','a','a','a','a','a','a','a','a','a','a','a','a','a','a','a','a','a','a','a','a','a','a','a','a','a','a','a','a','a','a','a','a','a','a','a','a','a','a','a','a','a','a','a','a','a','a','a','a','a','a','a','a','a','a','a','a','a','a','a','a','a','a','a','a','a','a','a','a','a','a','a','a','a','a','a','a','a','a','a','a','a','a','a'}; 
Previous 43: main:buf:1={'n','a','a','a','a','a','a','a','a','a','a','a','a','a','a','a','a','a','a','a','a','a','a','a','a','a','a','a','a','a','a','a','a','a','a','a','a','a','a','a','a','a','a','a','a','a','a','a','a','a','a','a','a','a','a','a','a','a','a','a','a','a','a','a','a','a','a','a','a','a','a','a','a','a','a','a','a','a','a','a','a','a','a','a','a','a','a','a','a','a','a','a','a','a','a','a','a','a','a','a'}; 

Program:
extern char __VERIFIER_nondet_char(void);
/*
Commit Number: cea58cb6d8fe0d27bfcbab57776bd36d5c724ec3
URL: https://github.com/GNOME/evolution-data-server/commit/cea58cb6d8fe0d27bfcbab57776bd36d5c724ec3
Project Name: evolution-data-server
License: GPL2
termination: false


*/
int strcspn(const char *strSrc, const char *str)
{
    const char *s;
    const char *t = strSrc;
    while (*t != '\0')
    {
        s = str;
        while (*s != '\0')
        {
            if (*t == *s )
            return t-strSrc;
            ++s;
        }
        ++t;
    }
    return 0;
}
int main()
{
    char buf[100];
    for( int i = 0 ; i < 99 ; i++ )
        buf[i] = __VERIFIER_nondet_char();
    buf[99] = '\0';
    char *p = buf;
    while( *p )
    {
        int len = strcspn( p , ""\n"");
        p += len;
    }
    return 0;

}

"
59,NT,"main:buf:1={'d','d','d','d','d','d','d','d','d','d','d','d','d','d','d','d','d','d','d','d','d','d','d','d','d','d','d','d','d','d','d','d','d','d','d','d','d','d','d','d','d','d','d','d','d','d','d','d','d','d','d','d','d','d','d','d','d','d','d','d','d','d','d','d','d','d','d','d','d','d','d','d','d','d','d','d','d','d','d','d','d','d','d','d','d','d','d','d','d','d','d','d','d','d','d','d','d','d','d','d'}
",/home/quasar/Documents/FocusTNT/results_InputGeneration/FSE/loop/Incorrect_Initialization_1_NT/input_generator_artifacts/generated_programs/Incorrect_Initialization_1_NT_TestCase7.c,TIMEOUT,LIKELY_NT,true,,"You generate concrete values for nondeterministic inputs in a C/C++ program.
Your goal is to produce ONE complete assignment set that is likely to make the program not terminate.

Important rules:
1. Return a value for EVERY listed nondeterministic input ID.
2. Use each ID exactly once.
3. Respect the declared C/C++ type.
4. For an array, return the value as an array containing exactly the required number of elements.
5. For char arrays, each element must be exactly one character. Return the character itself without C single quotes.
6. Prefer small-magnitude values unless larger values are necessary to achieve the requested execution behavior.

Nondeterministic inputs:
- id: main:buf:1, type: char, array: true, size: 100, required elements: 100

Previously generated assignment sets are listed below. Generate a materially different set and do not duplicate any of them.
Previous 1: main:buf:1={':',':','@','A','1','$','a','B','c','D','e','F','g','H','i','J','k','L','m','N','o','P','q','R','s','T','u','V','w','X','y','Z','0','1','2','3','4','5','6','7','8','9','!','?','-','_','+','%','^','&','*','/','`','{','}','[',']','|','~',' ','a','b','c','d','e','f','g','h','i','j','k','l','m','n','o','p','q','r','s','t','u','v','w','x','y','z','A','B','C','D','E','F','G','H','I','J','K','L','M','N'}; 
Previous 2: main:buf:1={'a','a','a','a','a','a','a','a','a','a','a','a','a','a','a','a','a','a','a','a','a','a','a','a','a','a','a','a','a','a','a','a','a','a','a','a','a','a','a','a','a','a','a','a','a','a','a','a','a','a','a','a','a','a','a','a','a','a','a','a','a','a','a','a','a','a','a','a','a','a','a','a','a','a','a','a','a','a','a','a','a','a','a','a','a','a','a','a','a','a','a','a','a','a','a','a','a','a','a','a'}; 
Previous 3: main:buf:1={'0','a','a','a','a','a','a','a','a','a','a','a','a','a','a','a','a','a','a','a','a','a','a','a','a','a','a','a','a','a','a','a','a','a','a','a','a','a','a','a','a','a','a','a','a','a','a','a','a','a','a','a','a','a','a','a','a','a','a','a','a','a','a','a','a','a','a','a','a','a','a','a','a','a','a','a','a','a','a','a','a','a','a','a','a','a','a','a','a','a','a','a','a','a','a','a','a','a','a','a'}; 
Previous 4: main:buf:1={'{','0',',','a','a','a','a','a','a','a','a','a','a','a','a','a','a','a','a','a','a','a','a','a','a','a','a','a','a','a','a','a','a','a','a','a','a','a','a','a','a','a','a','a','a','a','a','a','a','a','a','a','a','a','a','a','a','a','a','a','a','a','a','a','a','a','a','a','a','a','a','a','a','a','a','a','a','a','a','a','a','a','a','a','a','a','a','a','a','a','a','a','a','a','a','a','a','a','a','a'}; 
Previous 5: main:buf:1={'A','A','A','A','A','A','A','A','A','A','A','A','A','A','A','A','A','A','A','A','A','A','A','A','A','A','A','A','A','A','A','A','A','A','A','A','A','A','A','A','A','A','A','A','A','A','A','A','A','A','B','B','B','B','B','B','B','B','B','B','B','B','B','B','B','B','B','B','B','B','B','B','B','B','B','B','B','B','B','B','B','B','B','B','B','B','B','B','B','B','B','B','B','B','B','B','B','B','C','D'}; 
Previous 6: main:buf:1={'b','b','b','b','b','b','b','b','b','b','b','b','b','b','b','b','b','b','b','b','b','b','b','b','b','b','b','b','b','b','b','b','b','b','b','b','b','b','b','b','b','b','b','b','b','b','b','b','b','b','b','b','b','b','b','b','b','b','b','b','b','b','b','b','b','b','b','b','b','b','b','b','b','b','b','b','b','b','b','b','b','b','b','b','b','b','b','b','b','b','b','b','b','b','b','b','b','b','b','b'}; 
Previous 7: main:buf:1={'a','a','a','a','a','a','a','a','a','a','a','a','a','a','a','a','a','a','a','a','a','a','a','a','a','a','a','a','a','a','a','a','a','a','a','a','a','a','a','a','a','a','a','a','a','a','a','a','a','a','a','a','a','a','a','a','a','a','a','a','a','a','a','a','a','a','a','a','a','a','a','a','a','a','a','a','a','a','a','a','a','a','a','a','a','a','a','a','a','a','a','a','a','a','a','a','a','a','b','b'}; 
Previous 8: main:buf:1={'\'','\'','\'','\'','\'','\'','\'','\'','\'','\'','\'','\'','\'','\'','\'','\'','\'','\'','\'','\'','\'','\'','\'','\'','\'','\'','\'','\'','\'','\'','\'','\'','\'','\'','\'','\'','\'','\'','\'','\'','\'','\'','\'','\'','\'','\'','\'','\'','\'','\'','\'','\'','\'','\'','\'','\'','\'','\'','\'','\'','\'','\'','\'','\'','\'','\'','\'','\'','\'','\'','\'','\'','\'','\'','\'','\'','\'','\'','\'','\'','\'','\'','\'','\'','\'','\'','\'','\'','\'','\'','\'','\'','\'','\'','\'','\'','\'','\'','\'','\''}; 
Previous 9: main:buf:1={'A','A','A','A','A','A','A','A','A','A','A','A','A','A','A','A','A','A','A','A','A','A','A','A','A','A','A','A','A','A','A','A','A','A','A','A','A','A','A','A','A','A','A','A','A','A','A','A','A','A','A','A','A','A','A','A','A','A','A','A','A','A','A','A','A','A','A','A','A','A','A','A','A','A','A','A','A','A','A','A','A','A','A','A','A','A','A','A','A','A','A','A','A','A','A','A','A','A','A','A'}; 
Previous 10: main:buf:1={'a','a','a','a','a','a','a','a','a','a','a','a','a','a','a','a','a','a','a','a','a','a','a','a','a','a','a','a','a','a','a','a','a','a','a','a','a','a','a','a','a','a','a','a','a','a','a','a','a','a','a','a','a','a','a','a','a','a','a','a','a','a','a','a','a','a','a','a','a','a','a','a','a','a','a','a','a','a','a','a','a','a','a','a','a','a','a','a','a','a','a','a','a','a','a','a','a','a','a','0'}; 
Previous 11: main:buf:1={'/','*','!','@','#','$','%','^','&','*','-','+','=','_','|','{','}',':',';','?','/','[',']',';','\'','`','~','1','2','3','4','5','6','7','8','9','0','a','b','c','d','e','f','g','h','i','j','k','l','m','n','o','p','q','r','s','t','u','v','w','x','y','z','A','B','C','D','E','F','G','H','I','J','K','L','M','N','O','P','Q','R','S','T','U','V','W','X','Y','Z','!','?','!','?','!','?','!','?','!','?','!'}; 
Previous 12: main:buf:1={'c','c','c','c','c','c','c','c','c','c','c','c','c','c','c','c','c','c','c','c','c','c','c','c','c','c','c','c','c','c','c','c','c','c','c','c','c','c','c','c','c','c','c','c','c','c','c','c','c','c','c','c','c','c','c','c','c','c','c','c','c','c','c','c','c','c','c','c','c','c','c','c','c','c','c','c','c','c','c','c','c','c','c','c','c','c','c','c','c','c','c','c','c','c','c','c','c','c','c','d'}; 
Previous 13: main:buf:1={'0','0','0','0','0','0','0','0','0','0','0','0','0','0','0','0','0','0','0','0','0','0','0','0','0','0','0','0','0','0','0','0','0','0','0','0','0','0','0','0','0','0','0','0','0','0','0','0','0','0','0','0','0','0','0','0','0','0','0','0','0','0','0','0','0','0','0','0','0','0','0','0','0','0','0','0','0','0','0','0','0','0','0','0','0','0','0','0','0','0','0','0','0','0','0','0','0','0','0','0'}; 
Previous 14: main:buf:1={'x','y','x','y','x','y','x','y','x','y','x','y','x','y','x','y','x','y','x','y','x','y','x','y','x','y','x','y','x','y','x','y','x','y','x','y','x','y','x','y','x','y','x','y','x','y','x','y','x','y','x','y','x','y','x','y','x','y','x','y','x','y','x','y','x','y','x','y','x','y','x','y','x','y','x','y','x','y','x','y','x','y','x','y','x','y','x','y','x','y','x','y','x','y','x','y','x','y','x','y'}; 
Previous 15: main:buf:1={'0','1','2','3','4','5','6','7','8','9','A','B','C','D','E','F','G','H','I','J','K','L','M','N','O','P','Q','R','S','T','U','V','W','X','Y','Z','a','b','c','d','e','f','g','h','i','j','k','l','m','n','o','p','q','r','s','t','u','v','w','x','y','z','!','@','#','$','%','^','&','*','(',')','-','_','=','+','[',']','{','}','|','/','?',' ','~','`',' ',' ','!','@','#','$','%','^','&','*','(',')','-','['}; 
Previous 16: main:buf:1={'\'','0','\'','\'','a','\'','a','\'','a','\'','a','\'','a','\'','a','\'','a','\'','a','\'','a','\'','a','\'','a','\'','a','\'','a','\'','a','\'','a','\'','a','\'','a','\'','a','\'','a','\'','a','\'','a','\'','a','\'','a','\'','a','\'','a','\'','a','\'','a','\'','a','\'','a','\'','a','\'','a','\'','a','\'','a','\'','a','\'','a','\'','a','\'','a','\'','a','\'','a','\'','a','\'','a','\'','a','\'','a','\'','a','\'','a','\'','a','\'','a','\'','a','\''}; 
Previous 17: main:buf:1={'g','g','g','g','g','g','g','g','g','g','g','g','g','g','g','g','g','g','g','g','g','g','g','g','g','g','g','g','g','g','g','g','g','g','g','g','g','g','g','g','g','g','g','g','g','g','g','g','g','g','g','g','g','g','g','g','g','g','g','g','g','g','g','g','g','g','g','g','g','g','g','g','g','g','g','g','g','g','g','g','g','g','g','g','g','g','g','g','g','g','g','g','g','g','g','g','g','g','g','g'}; 
Previous 18: main:buf:1={'_','_','_','_','_','_','_','_','_','_','_','_','_','_','_','_','_','_','_','_','_','_','_','_','_','_','_','_','_','_','_','_','_','_','_','_','_','_','_','_','_','_','_','_','_','_','_','_','_','_','_','_','_','_','_','_','_','_','_','_','_','_','_','_','_','_','_','_','_','_','_','_','_','_','_','_','_','_','_','_','_','_','_','_','_','_','_','_','_','_','_','_','_','_','_','_','_','_','_','_'}; 
Previous 19: main:buf:1={'a','b','c','d','e','f','g','h','i','j','a','b','c','d','e','f','g','h','i','j','a','b','c','d','e','f','g','h','i','j','a','b','c','d','e','f','g','h','i','j','a','b','c','d','e','f','g','h','i','j','a','b','c','d','e','f','g','h','i','j','a','b','c','d','e','f','g','h','i','j','a','b','c','d','e','f','g','h','i','j','a','b','c','d','e','f','g','h','i','j','a','b','c','d','e','f','g','h','i','j'}; 
Previous 20: main:buf:1={'a','a','a','a','a','a','a','a','a','a','a','a','a','a','a','a','a','a','a','a','a','a','a','a','a','a','a','a','a','a','a','a','a','a','a','a','a','a','a','a','a','a','a','a','a','a','a','a','a','a','b','b','b','b','b','b','b','b','b','b','b','b','b','b','b','b','b','b','b','b','b','b','b','b','b','b','b','b','c','c','c','c','c','c','c','c','c','c','c','c','c','c','c','c','c','c','c','c','c','c'}; 
Previous 21: main:buf:1={'>','0','0','0','0','0','0','0','0','0','0','0','0','0','0','0','0','0','0','0','0','0','0','0','0','0','0','0','0','0','0','0','0','0','0','0','0','0','0','0','0','0','0','0','0','0','0','0','0','0','0','0','0','0','0','0','0','0','0','0','0','0','0','0','0','0','0','0','0','0','0','0','0','0','0','0','0','0','0','0','0','0','0','0','0','0','0','0','0','0','0','0','0','0','0','0','0','0','0','0'}; 
Previous 22: main:buf:1={'a','b','c','d','e','f','g','h','i','j','k','l','m','n','o','p','q','r','s','t','u','v','w','x','y','z','A','B','C','D','E','F','G','H','I','J','K','L','M','N','O','P','Q','R','S','T','U','V','W','X','Y','Z','0','1','2','3','4','5','6','7','8','9','!','@','#','$','%','^','&','*','(','-',')','-','_','+','=','[',']','{','}','|',':',';','<','>','?','/','|','`','~','\'','%','.',',',' ','a','b','c','d'}; 
Previous 23: main:buf:1={'\'','0','\'','\'','\'','\'','\'','\'','\'','\'','\'','\'','\'','\'','\'','\'','\'','\'','\'','\'','\'','\'','\'','\'','\'','\'','\'','\'','\'','\'','\'','\'','\'','\'','\'','\'','\'','\'','\'','\'','\'','\'','\'','\'','\'','\'','\'','\'','\'','\'','\'','\'','\'','\'','\'','\'','\'','\'','\'','\'','\'','\'','\'','\'','\'','\'','\'','\'','\'','\'','\'','\'','\'','\'','\'','\'','\'','\'','\'','\'','\'','\'','\'','\'','\'','\'','\'','\'','\'','\'','\'','\'','\'','\'','\'','\'','\'','\'','\'','\''}; 
Previous 24: main:buf:1={'-','-','-','-','-','-','-','-','-','-','-','-','-','-','-','-','-','-','-','-','-','-','-','-','-','-','-','-','-','-','-','-','=','=','=','=','=','=','=','=','=','=','=','=','=','=','=','=','=','=','=','=','=','=','=','=','=','=','=','=','=','=','+','+','+','+','+','+','+','+','+','+','+','+','+','+','+','+','+','+','+','+','+','+','+','+','+','+','+','+','+','+','+','+','+','+','+','+','+','+'}; 
Previous 25: main:buf:1={'w','p','k','r','G','d','e','Z','q','n','U','O','g','H','5','X','S','m','R','t','J','T','3','c','V','1','l','f','Z','2','u','P','w','L','b','6','Q','z','Z','v','P','x','9','f','c','F','S','q','m','2','D','E','r','C','i','Y','b','k','O','z','4','3','q','a','L','P','c','j','s','g','g','b','8','h','Y','D','n','u','a','n','x','A','p','w','S','l','v','V','g','k','R','o','3','i','e','q','J','n','p','z'}; 
Previous 26: main:buf:1={'\'','`','<','h','?','j','|','k','l','p','b','H','4','-','g','K','o','l','D',';','s','7','5','p','6','w','K','c','>','p','l','?','x','!','q','j','b','w','V','-','M','x','Z','t','y','M','m','}','O','A','e',';','9','C','0','6','?','-','i','c','1','9','u','j','U','T','p','u','#','Z','i','8','A','5','9','f','Z','t','b','g','-','k','g','n','P','q','n','r','Z','Y','!','%','g','a','u','z','e','M','e','z'}; 
Previous 27: main:buf:1={'C','C','C','C','C','C','C','C','C','C','C','C','C','C','C','C','C','C','C','C','C','C','C','C','C','C','C','C','C','C','C','C','C','C','C','C','C','C','C','C','C','C','C','C','C','C','C','C','C','C','C','C','C','C','C','C','C','C','C','C','C','C','C','C','C','C','C','C','C','C','C','C','C','C','C','C','C','C','C','C','C','C','C','C','C','C','C','C','C','C','C','C','C','C','C','C','C','C','C','C'}; 
Previous 28: main:buf:1={'\'','\'','a','a','a','a','a','a','a','a','a','a','a','a','a','a','a','a','a','a','a','a','a','a','a','a','a','a','a','a','a','a','a','a','a','a','a','a','a','a','a','a','a','a','a','a','a','a','a','a','a','a','a','a','a','a','a','a','a','a','a','a','a','a','a','a','a','a','a','a','a','a','a','a','a','a','a','a','a','a','a','a','a','a','a','a','a','a','a','a','a','a','a','a','a','a','a','a','a','a'}; 
Previous 29: main:buf:1={'Z','Z','Z','Z','Z','Z','Z','Z','Z','Z','Z','Z','Z','Z','Z','Z','Z','Z','Z','Z','Z','Z','Z','Z','Z','Z','Z','Z','Z','Z','Z','Z','Z','Z','Z','Z','Z','Z','Z','Z','Z','Z','Z','Z','Z','Z','Z','Z','Z','Z','Z','Z','Z','Z','Z','Z','Z','Z','Z','Z','Z','Z','Z','Z','Z','Z','Z','Z','Z','Z','Z','Z','Z','Z','Z','Z','Z','Z','Z','Z','Z','Z','Z','Z','Z','Z','Z','Z','Z','Z','Z','Z','Z','Z','Z','Z','Z','Z','Z','Z'}; 
Previous 30: main:buf:1={'q','q','q','q','q','q','q','q','q','q','q','q','q','q','q','q','q','q','q','q','q','q','q','q','q','q','q','q','q','q','q','q','q','q','q','q','q','q','q','q','q','q','q','q','q','q','q','q','q','q','q','q','q','q','q','q','q','q','q','q','q','q','q','q','q','q','q','q','q','q','q','q','q','q','q','q','q','q','q','q','q','q','q','q','q','q','q','q','q','q','q','q','q','q','q','q','q','q','q','q'}; 
Previous 31: main:buf:1={'N','a','a','a','a','a','a','a','a','a','a','a','a','a','a','a','a','a','a','a','a','a','a','a','a','a','a','a','a','a','a','a','a','a','a','a','a','a','a','a','a','a','a','a','a','a','a','a','a','a','a','a','a','a','a','a','a','a','a','a','a','a','a','a','a','a','a','a','a','a','a','a','a','a','a','a','a','a','a','a','a','a','a','a','a','a','a','a','a','a','a','a','a','a','a','a','a','a','a','a'}; 
Previous 32: main:buf:1={'A','B','C','D','E','F','G','H','I','J','K','L','M','N','O','P','Q','R','S','T','U','V','W','X','Y','Z','a','b','c','d','e','f','g','h','i','j','k','l','m','n','o','p','q','r','s','t','u','v','w','x','y','z','0','1','2','3','4','5','6','7','8','9','!','@','#','$','%','^','&','*','(',')','-','_','=','[',']','{','}','|',':',';','<','>',',','?','/','~','`',' ','!','#','1','x','y','c','d','e','f','g'}; 
Previous 33: main:buf:1={'m','n','m','n','m','n','m','n','m','n','m','n','m','n','m','n','m','n','m','n','m','n','m','n','m','n','m','n','m','n','m','n','m','n','m','n','m','n','m','n','m','n','m','n','m','n','m','n','m','n','m','n','m','n','m','n','m','n','m','n','m','n','m','n','m','n','m','n','m','n','m','n','m','n','m','n','m','n','m','n','m','n','m','n','m','n','m','n','m','n','m','n','m','n','m','n','m','n','m','n'}; 
Previous 34: main:buf:1={'z','z','z','z','z','z','z','z','z','z','z','z','z','z','z','z','z','z','z','z','z','z','z','z','z','z','z','z','z','z','z','z','z','z','z','z','z','z','z','z','z','z','z','z','z','z','z','z','z','z','z','z','z','z','z','z','z','z','z','z','z','z','z','z','z','z','z','z','z','z','z','z','z','z','z','z','z','z','z','z','z','z','z','z','z','z','z','z','z','z','z','z','z','z','z','z','z','z','z','z'}; 
Previous 35: main:buf:1={'A','B','C','D','E','F','G','H','I','J','K','L','M','N','O','P','Q','R','S','T','U','V','W','X','Y','Z','a','b','c','d','e','f','g','h','i','j','k','l','m','n','o','p','q','r','s','t','u','v','w','x','y','z','0','1','2','3','4','5','6','7','8','9','!','@','#','$','%','^','&','*','(',')','-','_','+','=','[',']','{','}','|',';',';',':',',','.','<','>','?',' ','/','?','?','?','?','?','?','?','?','?'}; 
Previous 36: main:buf:1={'\'','\'','\'','\'','\'','\'','\'','\'','\'','\'','\'','\'','\'','\'','\'','\'','\'','\'','\'','\'','\'','\'','\'','\'','\'','\'','\'','\'','\'','\'','\'','\'','\'','\'','\'','\'','\'','\'','\'','\'','\'','\'','\'','\'','\'','\'','\'','\'','\'','\'','\'','\'','\'','\'','\'','\'','\'','\'','\'','\'','\'','\'','\'','\'','\'','\'','\'','\'','\'','\'','\'','\'','\'','\'','\'','\'','\'','\'','\'','\'','\'','\'','\'','\'','\'','\'','\'','\'','\'','\'','\'','\'','\'','\'','\'','\'','\'','\'','a','a'}; 
Previous 37: main:buf:1={'\'','0','\'',',','\'','0','\'',',','\'','0','\'',',','\'','0','\'',',','\'','0','\'',',','\'','0','\'',',','\'','0','\'',',','\'','0','\'',',','\'','0','\'',',','\'','0','\'',',','\'','0','\'',',','\'','0','\'',',','\'','0','\'',',','\'','0','\'',',','\'','0','\'',',','\'','0','\'',',','\'','0','\'',',','\'','0','\'',',','\'','0','\'',',','\'','0','\'',',','\'','0','\'',',','\'','0','\'',',','\'','0','\'',',','\'','0','\'',',','\'','0','\'',','}; 
Previous 38: main:buf:1={'\'','0','\'','\'','a','\'','\'','a','\'','\'','a','\'','\'','a','\'','\'','a','\'','\'','a','\'','\'','a','\'','\'','a','\'','\'','a','\'','\'','a','\'','\'','a','\'','\'','a','\'','\'','a','\'','\'','a','\'','\'','a','\'','\'','a','\'','\'','a','\'','\'','a','\'','\'','a','\'','\'','a','\'','\'','a','\'','\'','a','\'','\'','a','\'','\'','a','\'','\'','a','\'','\'','a','\'','\'','a','\'','\'','a','\'','\'','a','\'','\'','a','\'','\'','a','\'','\'','a','\'','\''}; 
Previous 39: main:buf:1={'\'','a','\'','\'','b','\'','\'','c','\'','\'','d','\'','\'','e','\'','\'','f','\'','\'','g','\'','\'','h','\'','\'','i','\'','\'','j','\'','\'','a','\'','\'','b','\'','\'','c','\'','\'','d','\'','\'','e','\'','\'','f','\'','\'','g','\'','\'','h','\'','\'','i','\'','\'','j','\'','\'','a','\'','\'','b','\'','\'','c','\'','\'','d','\'','\'','e','\'','\'','f','\'','\'','g','\'','\'','h','\'','\'','i','\'','\'','j','\'','\'','a','\'','\'','b','\'','\'','c','\'','\''}; 
Previous 40: main:buf:1={'X','X','X','X','X','X','X','X','X','X','X','X','X','X','X','X','X','X','X','X','X','X','X','X','X','X','X','X','X','X','X','X','X','X','X','X','X','X','X','X','X','X','X','X','X','X','X','X','X','X','X','X','X','X','X','X','X','X','X','X','X','X','X','X','X','X','X','X','X','X','X','X','X','X','X','X','X','X','X','X','X','X','X','X','X','X','X','X','X','X','X','X','X','X','X','X','X','X','X','X'}; 
Previous 41: main:buf:1={'A','B','C','D','E','F','G','H','I','J','K','L','M','N','O','P','Q','R','S','T','U','V','W','X','Y','Z','A','B','C','D','E','F','G','H','I','J','K','L','M','N','O','P','Q','R','S','T','U','V','W','X','Y','Z','A','B','C','D','E','F','G','H','I','J','K','L','M','N','O','P','Q','R','S','T','U','V','W','X','Y','Z','A','B','C','D','E','F','G','H','I','J','K','L','M','N','O','P','Q','R','S','T','U','a'}; 
Previous 42: main:buf:1={'_','a','a','a','a','a','a','a','a','a','a','a','a','a','a','a','a','a','a','a','a','a','a','a','a','a','a','a','a','a','a','a','a','a','a','a','a','a','a','a','a','a','a','a','a','a','a','a','a','a','a','a','a','a','a','a','a','a','a','a','a','a','a','a','a','a','a','a','a','a','a','a','a','a','a','a','a','a','a','a','a','a','a','a','a','a','a','a','a','a','a','a','a','a','a','a','a','a','a','a'}; 
Previous 43: main:buf:1={'n','a','a','a','a','a','a','a','a','a','a','a','a','a','a','a','a','a','a','a','a','a','a','a','a','a','a','a','a','a','a','a','a','a','a','a','a','a','a','a','a','a','a','a','a','a','a','a','a','a','a','a','a','a','a','a','a','a','a','a','a','a','a','a','a','a','a','a','a','a','a','a','a','a','a','a','a','a','a','a','a','a','a','a','a','a','a','a','a','a','a','a','a','a','a','a','a','a','a','a'}; 
Previous 44: main:buf:1={'a','b','c','d','e','f','g','h','i','j','k','l','a','b','c','d','e','f','g','h','i','j','k','l','a','b','c','d','e','f','g','h','i','j','k','l','a','b','c','d','e','f','g','h','i','j','k','l','a','b','c','d','e','f','g','h','i','j','k','l','a','b','c','d','e','f','g','h','i','j','k','l','a','b','c','d','e','f','g','h','i','j','k','l','a','b','c','d','e','f','g','h','i','j','k','l','a','b','c','d'}; 

Program:
extern char __VERIFIER_nondet_char(void);
/*
Commit Number: cea58cb6d8fe0d27bfcbab57776bd36d5c724ec3
URL: https://github.com/GNOME/evolution-data-server/commit/cea58cb6d8fe0d27bfcbab57776bd36d5c724ec3
Project Name: evolution-data-server
License: GPL2
termination: false


*/
int strcspn(const char *strSrc, const char *str)
{
    const char *s;
    const char *t = strSrc;
    while (*t != '\0')
    {
        s = str;
        while (*s != '\0')
        {
            if (*t == *s )
            return t-strSrc;
            ++s;
        }
        ++t;
    }
    return 0;
}
int main()
{
    char buf[100];
    for( int i = 0 ; i < 99 ; i++ )
        buf[i] = __VERIFIER_nondet_char();
    buf[99] = '\0';
    char *p = buf;
    while( *p )
    {
        int len = strcspn( p , ""\n"");
        p += len;
    }
    return 0;

}

"
60,NT,"main:buf:1={':','a','a','a','a','a','a','a','a','a','a','a','a','a','a','a','a','a','a','a','a','a','a','a','a','a','a','a','a','a','a','a','a','a','a','a','a','a','a','a','a','a','a','a','a','a','a','a','a','a','a','a','a','a','a','a','a','a','a','a','a','a','a','a','a','a','a','a','a','a','a','a','a','a','a','a','a','a','a','a','a','a','a','a','a','a','a','a','a','a','a','a','a','a','a','a','a','x','y','a'}
",/home/quasar/Documents/FocusTNT/results_InputGeneration/FSE/loop/Incorrect_Initialization_1_NT/input_generator_artifacts/generated_programs/Incorrect_Initialization_1_NT_TestCase8.c,TIMEOUT,LIKELY_NT,true,,"You generate concrete values for nondeterministic inputs in a C/C++ program.
Your goal is to produce ONE complete assignment set that is likely to make the program not terminate.

Important rules:
1. Return a value for EVERY listed nondeterministic input ID.
2. Use each ID exactly once.
3. Respect the declared C/C++ type.
4. For an array, return the value as an array containing exactly the required number of elements.
5. For char arrays, each element must be exactly one character. Return the character itself without C single quotes.
6. Prefer small-magnitude values unless larger values are necessary to achieve the requested execution behavior.

Nondeterministic inputs:
- id: main:buf:1, type: char, array: true, size: 100, required elements: 100

Previously generated assignment sets are listed below. Generate a materially different set and do not duplicate any of them.
Previous 1: main:buf:1={':',':','@','A','1','$','a','B','c','D','e','F','g','H','i','J','k','L','m','N','o','P','q','R','s','T','u','V','w','X','y','Z','0','1','2','3','4','5','6','7','8','9','!','?','-','_','+','%','^','&','*','/','`','{','}','[',']','|','~',' ','a','b','c','d','e','f','g','h','i','j','k','l','m','n','o','p','q','r','s','t','u','v','w','x','y','z','A','B','C','D','E','F','G','H','I','J','K','L','M','N'}; 
Previous 2: main:buf:1={'a','a','a','a','a','a','a','a','a','a','a','a','a','a','a','a','a','a','a','a','a','a','a','a','a','a','a','a','a','a','a','a','a','a','a','a','a','a','a','a','a','a','a','a','a','a','a','a','a','a','a','a','a','a','a','a','a','a','a','a','a','a','a','a','a','a','a','a','a','a','a','a','a','a','a','a','a','a','a','a','a','a','a','a','a','a','a','a','a','a','a','a','a','a','a','a','a','a','a','a'}; 
Previous 3: main:buf:1={'0','a','a','a','a','a','a','a','a','a','a','a','a','a','a','a','a','a','a','a','a','a','a','a','a','a','a','a','a','a','a','a','a','a','a','a','a','a','a','a','a','a','a','a','a','a','a','a','a','a','a','a','a','a','a','a','a','a','a','a','a','a','a','a','a','a','a','a','a','a','a','a','a','a','a','a','a','a','a','a','a','a','a','a','a','a','a','a','a','a','a','a','a','a','a','a','a','a','a','a'}; 
Previous 4: main:buf:1={'{','0',',','a','a','a','a','a','a','a','a','a','a','a','a','a','a','a','a','a','a','a','a','a','a','a','a','a','a','a','a','a','a','a','a','a','a','a','a','a','a','a','a','a','a','a','a','a','a','a','a','a','a','a','a','a','a','a','a','a','a','a','a','a','a','a','a','a','a','a','a','a','a','a','a','a','a','a','a','a','a','a','a','a','a','a','a','a','a','a','a','a','a','a','a','a','a','a','a','a'}; 
Previous 5: main:buf:1={'A','A','A','A','A','A','A','A','A','A','A','A','A','A','A','A','A','A','A','A','A','A','A','A','A','A','A','A','A','A','A','A','A','A','A','A','A','A','A','A','A','A','A','A','A','A','A','A','A','A','B','B','B','B','B','B','B','B','B','B','B','B','B','B','B','B','B','B','B','B','B','B','B','B','B','B','B','B','B','B','B','B','B','B','B','B','B','B','B','B','B','B','B','B','B','B','B','B','C','D'}; 
Previous 6: main:buf:1={'b','b','b','b','b','b','b','b','b','b','b','b','b','b','b','b','b','b','b','b','b','b','b','b','b','b','b','b','b','b','b','b','b','b','b','b','b','b','b','b','b','b','b','b','b','b','b','b','b','b','b','b','b','b','b','b','b','b','b','b','b','b','b','b','b','b','b','b','b','b','b','b','b','b','b','b','b','b','b','b','b','b','b','b','b','b','b','b','b','b','b','b','b','b','b','b','b','b','b','b'}; 
Previous 7: main:buf:1={'a','a','a','a','a','a','a','a','a','a','a','a','a','a','a','a','a','a','a','a','a','a','a','a','a','a','a','a','a','a','a','a','a','a','a','a','a','a','a','a','a','a','a','a','a','a','a','a','a','a','a','a','a','a','a','a','a','a','a','a','a','a','a','a','a','a','a','a','a','a','a','a','a','a','a','a','a','a','a','a','a','a','a','a','a','a','a','a','a','a','a','a','a','a','a','a','a','a','b','b'}; 
Previous 8: main:buf:1={'\'','\'','\'','\'','\'','\'','\'','\'','\'','\'','\'','\'','\'','\'','\'','\'','\'','\'','\'','\'','\'','\'','\'','\'','\'','\'','\'','\'','\'','\'','\'','\'','\'','\'','\'','\'','\'','\'','\'','\'','\'','\'','\'','\'','\'','\'','\'','\'','\'','\'','\'','\'','\'','\'','\'','\'','\'','\'','\'','\'','\'','\'','\'','\'','\'','\'','\'','\'','\'','\'','\'','\'','\'','\'','\'','\'','\'','\'','\'','\'','\'','\'','\'','\'','\'','\'','\'','\'','\'','\'','\'','\'','\'','\'','\'','\'','\'','\'','\'','\''}; 
Previous 9: main:buf:1={'A','A','A','A','A','A','A','A','A','A','A','A','A','A','A','A','A','A','A','A','A','A','A','A','A','A','A','A','A','A','A','A','A','A','A','A','A','A','A','A','A','A','A','A','A','A','A','A','A','A','A','A','A','A','A','A','A','A','A','A','A','A','A','A','A','A','A','A','A','A','A','A','A','A','A','A','A','A','A','A','A','A','A','A','A','A','A','A','A','A','A','A','A','A','A','A','A','A','A','A'}; 
Previous 10: main:buf:1={'a','a','a','a','a','a','a','a','a','a','a','a','a','a','a','a','a','a','a','a','a','a','a','a','a','a','a','a','a','a','a','a','a','a','a','a','a','a','a','a','a','a','a','a','a','a','a','a','a','a','a','a','a','a','a','a','a','a','a','a','a','a','a','a','a','a','a','a','a','a','a','a','a','a','a','a','a','a','a','a','a','a','a','a','a','a','a','a','a','a','a','a','a','a','a','a','a','a','a','0'}; 
Previous 11: main:buf:1={'/','*','!','@','#','$','%','^','&','*','-','+','=','_','|','{','}',':',';','?','/','[',']',';','\'','`','~','1','2','3','4','5','6','7','8','9','0','a','b','c','d','e','f','g','h','i','j','k','l','m','n','o','p','q','r','s','t','u','v','w','x','y','z','A','B','C','D','E','F','G','H','I','J','K','L','M','N','O','P','Q','R','S','T','U','V','W','X','Y','Z','!','?','!','?','!','?','!','?','!','?','!'}; 
Previous 12: main:buf:1={'c','c','c','c','c','c','c','c','c','c','c','c','c','c','c','c','c','c','c','c','c','c','c','c','c','c','c','c','c','c','c','c','c','c','c','c','c','c','c','c','c','c','c','c','c','c','c','c','c','c','c','c','c','c','c','c','c','c','c','c','c','c','c','c','c','c','c','c','c','c','c','c','c','c','c','c','c','c','c','c','c','c','c','c','c','c','c','c','c','c','c','c','c','c','c','c','c','c','c','d'}; 
Previous 13: main:buf:1={'0','0','0','0','0','0','0','0','0','0','0','0','0','0','0','0','0','0','0','0','0','0','0','0','0','0','0','0','0','0','0','0','0','0','0','0','0','0','0','0','0','0','0','0','0','0','0','0','0','0','0','0','0','0','0','0','0','0','0','0','0','0','0','0','0','0','0','0','0','0','0','0','0','0','0','0','0','0','0','0','0','0','0','0','0','0','0','0','0','0','0','0','0','0','0','0','0','0','0','0'}; 
Previous 14: main:buf:1={'x','y','x','y','x','y','x','y','x','y','x','y','x','y','x','y','x','y','x','y','x','y','x','y','x','y','x','y','x','y','x','y','x','y','x','y','x','y','x','y','x','y','x','y','x','y','x','y','x','y','x','y','x','y','x','y','x','y','x','y','x','y','x','y','x','y','x','y','x','y','x','y','x','y','x','y','x','y','x','y','x','y','x','y','x','y','x','y','x','y','x','y','x','y','x','y','x','y','x','y'}; 
Previous 15: main:buf:1={'0','1','2','3','4','5','6','7','8','9','A','B','C','D','E','F','G','H','I','J','K','L','M','N','O','P','Q','R','S','T','U','V','W','X','Y','Z','a','b','c','d','e','f','g','h','i','j','k','l','m','n','o','p','q','r','s','t','u','v','w','x','y','z','!','@','#','$','%','^','&','*','(',')','-','_','=','+','[',']','{','}','|','/','?',' ','~','`',' ',' ','!','@','#','$','%','^','&','*','(',')','-','['}; 
Previous 16: main:buf:1={'\'','0','\'','\'','a','\'','a','\'','a','\'','a','\'','a','\'','a','\'','a','\'','a','\'','a','\'','a','\'','a','\'','a','\'','a','\'','a','\'','a','\'','a','\'','a','\'','a','\'','a','\'','a','\'','a','\'','a','\'','a','\'','a','\'','a','\'','a','\'','a','\'','a','\'','a','\'','a','\'','a','\'','a','\'','a','\'','a','\'','a','\'','a','\'','a','\'','a','\'','a','\'','a','\'','a','\'','a','\'','a','\'','a','\'','a','\'','a','\'','a','\'','a','\''}; 
Previous 17: main:buf:1={'g','g','g','g','g','g','g','g','g','g','g','g','g','g','g','g','g','g','g','g','g','g','g','g','g','g','g','g','g','g','g','g','g','g','g','g','g','g','g','g','g','g','g','g','g','g','g','g','g','g','g','g','g','g','g','g','g','g','g','g','g','g','g','g','g','g','g','g','g','g','g','g','g','g','g','g','g','g','g','g','g','g','g','g','g','g','g','g','g','g','g','g','g','g','g','g','g','g','g','g'}; 
Previous 18: main:buf:1={'_','_','_','_','_','_','_','_','_','_','_','_','_','_','_','_','_','_','_','_','_','_','_','_','_','_','_','_','_','_','_','_','_','_','_','_','_','_','_','_','_','_','_','_','_','_','_','_','_','_','_','_','_','_','_','_','_','_','_','_','_','_','_','_','_','_','_','_','_','_','_','_','_','_','_','_','_','_','_','_','_','_','_','_','_','_','_','_','_','_','_','_','_','_','_','_','_','_','_','_'}; 
Previous 19: main:buf:1={'a','b','c','d','e','f','g','h','i','j','a','b','c','d','e','f','g','h','i','j','a','b','c','d','e','f','g','h','i','j','a','b','c','d','e','f','g','h','i','j','a','b','c','d','e','f','g','h','i','j','a','b','c','d','e','f','g','h','i','j','a','b','c','d','e','f','g','h','i','j','a','b','c','d','e','f','g','h','i','j','a','b','c','d','e','f','g','h','i','j','a','b','c','d','e','f','g','h','i','j'}; 
Previous 20: main:buf:1={'a','a','a','a','a','a','a','a','a','a','a','a','a','a','a','a','a','a','a','a','a','a','a','a','a','a','a','a','a','a','a','a','a','a','a','a','a','a','a','a','a','a','a','a','a','a','a','a','a','a','b','b','b','b','b','b','b','b','b','b','b','b','b','b','b','b','b','b','b','b','b','b','b','b','b','b','b','b','c','c','c','c','c','c','c','c','c','c','c','c','c','c','c','c','c','c','c','c','c','c'}; 
Previous 21: main:buf:1={'>','0','0','0','0','0','0','0','0','0','0','0','0','0','0','0','0','0','0','0','0','0','0','0','0','0','0','0','0','0','0','0','0','0','0','0','0','0','0','0','0','0','0','0','0','0','0','0','0','0','0','0','0','0','0','0','0','0','0','0','0','0','0','0','0','0','0','0','0','0','0','0','0','0','0','0','0','0','0','0','0','0','0','0','0','0','0','0','0','0','0','0','0','0','0','0','0','0','0','0'}; 
Previous 22: main:buf:1={'a','b','c','d','e','f','g','h','i','j','k','l','m','n','o','p','q','r','s','t','u','v','w','x','y','z','A','B','C','D','E','F','G','H','I','J','K','L','M','N','O','P','Q','R','S','T','U','V','W','X','Y','Z','0','1','2','3','4','5','6','7','8','9','!','@','#','$','%','^','&','*','(','-',')','-','_','+','=','[',']','{','}','|',':',';','<','>','?','/','|','`','~','\'','%','.',',',' ','a','b','c','d'}; 
Previous 23: main:buf:1={'\'','0','\'','\'','\'','\'','\'','\'','\'','\'','\'','\'','\'','\'','\'','\'','\'','\'','\'','\'','\'','\'','\'','\'','\'','\'','\'','\'','\'','\'','\'','\'','\'','\'','\'','\'','\'','\'','\'','\'','\'','\'','\'','\'','\'','\'','\'','\'','\'','\'','\'','\'','\'','\'','\'','\'','\'','\'','\'','\'','\'','\'','\'','\'','\'','\'','\'','\'','\'','\'','\'','\'','\'','\'','\'','\'','\'','\'','\'','\'','\'','\'','\'','\'','\'','\'','\'','\'','\'','\'','\'','\'','\'','\'','\'','\'','\'','\'','\'','\''}; 
Previous 24: main:buf:1={'-','-','-','-','-','-','-','-','-','-','-','-','-','-','-','-','-','-','-','-','-','-','-','-','-','-','-','-','-','-','-','-','=','=','=','=','=','=','=','=','=','=','=','=','=','=','=','=','=','=','=','=','=','=','=','=','=','=','=','=','=','=','+','+','+','+','+','+','+','+','+','+','+','+','+','+','+','+','+','+','+','+','+','+','+','+','+','+','+','+','+','+','+','+','+','+','+','+','+','+'}; 
Previous 25: main:buf:1={'w','p','k','r','G','d','e','Z','q','n','U','O','g','H','5','X','S','m','R','t','J','T','3','c','V','1','l','f','Z','2','u','P','w','L','b','6','Q','z','Z','v','P','x','9','f','c','F','S','q','m','2','D','E','r','C','i','Y','b','k','O','z','4','3','q','a','L','P','c','j','s','g','g','b','8','h','Y','D','n','u','a','n','x','A','p','w','S','l','v','V','g','k','R','o','3','i','e','q','J','n','p','z'}; 
Previous 26: main:buf:1={'\'','`','<','h','?','j','|','k','l','p','b','H','4','-','g','K','o','l','D',';','s','7','5','p','6','w','K','c','>','p','l','?','x','!','q','j','b','w','V','-','M','x','Z','t','y','M','m','}','O','A','e',';','9','C','0','6','?','-','i','c','1','9','u','j','U','T','p','u','#','Z','i','8','A','5','9','f','Z','t','b','g','-','k','g','n','P','q','n','r','Z','Y','!','%','g','a','u','z','e','M','e','z'}; 
Previous 27: main:buf:1={'C','C','C','C','C','C','C','C','C','C','C','C','C','C','C','C','C','C','C','C','C','C','C','C','C','C','C','C','C','C','C','C','C','C','C','C','C','C','C','C','C','C','C','C','C','C','C','C','C','C','C','C','C','C','C','C','C','C','C','C','C','C','C','C','C','C','C','C','C','C','C','C','C','C','C','C','C','C','C','C','C','C','C','C','C','C','C','C','C','C','C','C','C','C','C','C','C','C','C','C'}; 
Previous 28: main:buf:1={'\'','\'','a','a','a','a','a','a','a','a','a','a','a','a','a','a','a','a','a','a','a','a','a','a','a','a','a','a','a','a','a','a','a','a','a','a','a','a','a','a','a','a','a','a','a','a','a','a','a','a','a','a','a','a','a','a','a','a','a','a','a','a','a','a','a','a','a','a','a','a','a','a','a','a','a','a','a','a','a','a','a','a','a','a','a','a','a','a','a','a','a','a','a','a','a','a','a','a','a','a'}; 
Previous 29: main:buf:1={'Z','Z','Z','Z','Z','Z','Z','Z','Z','Z','Z','Z','Z','Z','Z','Z','Z','Z','Z','Z','Z','Z','Z','Z','Z','Z','Z','Z','Z','Z','Z','Z','Z','Z','Z','Z','Z','Z','Z','Z','Z','Z','Z','Z','Z','Z','Z','Z','Z','Z','Z','Z','Z','Z','Z','Z','Z','Z','Z','Z','Z','Z','Z','Z','Z','Z','Z','Z','Z','Z','Z','Z','Z','Z','Z','Z','Z','Z','Z','Z','Z','Z','Z','Z','Z','Z','Z','Z','Z','Z','Z','Z','Z','Z','Z','Z','Z','Z','Z','Z'}; 
Previous 30: main:buf:1={'q','q','q','q','q','q','q','q','q','q','q','q','q','q','q','q','q','q','q','q','q','q','q','q','q','q','q','q','q','q','q','q','q','q','q','q','q','q','q','q','q','q','q','q','q','q','q','q','q','q','q','q','q','q','q','q','q','q','q','q','q','q','q','q','q','q','q','q','q','q','q','q','q','q','q','q','q','q','q','q','q','q','q','q','q','q','q','q','q','q','q','q','q','q','q','q','q','q','q','q'}; 
Previous 31: main:buf:1={'N','a','a','a','a','a','a','a','a','a','a','a','a','a','a','a','a','a','a','a','a','a','a','a','a','a','a','a','a','a','a','a','a','a','a','a','a','a','a','a','a','a','a','a','a','a','a','a','a','a','a','a','a','a','a','a','a','a','a','a','a','a','a','a','a','a','a','a','a','a','a','a','a','a','a','a','a','a','a','a','a','a','a','a','a','a','a','a','a','a','a','a','a','a','a','a','a','a','a','a'}; 
Previous 32: main:buf:1={'A','B','C','D','E','F','G','H','I','J','K','L','M','N','O','P','Q','R','S','T','U','V','W','X','Y','Z','a','b','c','d','e','f','g','h','i','j','k','l','m','n','o','p','q','r','s','t','u','v','w','x','y','z','0','1','2','3','4','5','6','7','8','9','!','@','#','$','%','^','&','*','(',')','-','_','=','[',']','{','}','|',':',';','<','>',',','?','/','~','`',' ','!','#','1','x','y','c','d','e','f','g'}; 
Previous 33: main:buf:1={'m','n','m','n','m','n','m','n','m','n','m','n','m','n','m','n','m','n','m','n','m','n','m','n','m','n','m','n','m','n','m','n','m','n','m','n','m','n','m','n','m','n','m','n','m','n','m','n','m','n','m','n','m','n','m','n','m','n','m','n','m','n','m','n','m','n','m','n','m','n','m','n','m','n','m','n','m','n','m','n','m','n','m','n','m','n','m','n','m','n','m','n','m','n','m','n','m','n','m','n'}; 
Previous 34: main:buf:1={'z','z','z','z','z','z','z','z','z','z','z','z','z','z','z','z','z','z','z','z','z','z','z','z','z','z','z','z','z','z','z','z','z','z','z','z','z','z','z','z','z','z','z','z','z','z','z','z','z','z','z','z','z','z','z','z','z','z','z','z','z','z','z','z','z','z','z','z','z','z','z','z','z','z','z','z','z','z','z','z','z','z','z','z','z','z','z','z','z','z','z','z','z','z','z','z','z','z','z','z'}; 
Previous 35: main:buf:1={'A','B','C','D','E','F','G','H','I','J','K','L','M','N','O','P','Q','R','S','T','U','V','W','X','Y','Z','a','b','c','d','e','f','g','h','i','j','k','l','m','n','o','p','q','r','s','t','u','v','w','x','y','z','0','1','2','3','4','5','6','7','8','9','!','@','#','$','%','^','&','*','(',')','-','_','+','=','[',']','{','}','|',';',';',':',',','.','<','>','?',' ','/','?','?','?','?','?','?','?','?','?'}; 
Previous 36: main:buf:1={'\'','\'','\'','\'','\'','\'','\'','\'','\'','\'','\'','\'','\'','\'','\'','\'','\'','\'','\'','\'','\'','\'','\'','\'','\'','\'','\'','\'','\'','\'','\'','\'','\'','\'','\'','\'','\'','\'','\'','\'','\'','\'','\'','\'','\'','\'','\'','\'','\'','\'','\'','\'','\'','\'','\'','\'','\'','\'','\'','\'','\'','\'','\'','\'','\'','\'','\'','\'','\'','\'','\'','\'','\'','\'','\'','\'','\'','\'','\'','\'','\'','\'','\'','\'','\'','\'','\'','\'','\'','\'','\'','\'','\'','\'','\'','\'','\'','\'','a','a'}; 
Previous 37: main:buf:1={'\'','0','\'',',','\'','0','\'',',','\'','0','\'',',','\'','0','\'',',','\'','0','\'',',','\'','0','\'',',','\'','0','\'',',','\'','0','\'',',','\'','0','\'',',','\'','0','\'',',','\'','0','\'',',','\'','0','\'',',','\'','0','\'',',','\'','0','\'',',','\'','0','\'',',','\'','0','\'',',','\'','0','\'',',','\'','0','\'',',','\'','0','\'',',','\'','0','\'',',','\'','0','\'',',','\'','0','\'',',','\'','0','\'',',','\'','0','\'',',','\'','0','\'',','}; 
Previous 38: main:buf:1={'\'','0','\'','\'','a','\'','\'','a','\'','\'','a','\'','\'','a','\'','\'','a','\'','\'','a','\'','\'','a','\'','\'','a','\'','\'','a','\'','\'','a','\'','\'','a','\'','\'','a','\'','\'','a','\'','\'','a','\'','\'','a','\'','\'','a','\'','\'','a','\'','\'','a','\'','\'','a','\'','\'','a','\'','\'','a','\'','\'','a','\'','\'','a','\'','\'','a','\'','\'','a','\'','\'','a','\'','\'','a','\'','\'','a','\'','\'','a','\'','\'','a','\'','\'','a','\'','\'','a','\'','\''}; 
Previous 39: main:buf:1={'\'','a','\'','\'','b','\'','\'','c','\'','\'','d','\'','\'','e','\'','\'','f','\'','\'','g','\'','\'','h','\'','\'','i','\'','\'','j','\'','\'','a','\'','\'','b','\'','\'','c','\'','\'','d','\'','\'','e','\'','\'','f','\'','\'','g','\'','\'','h','\'','\'','i','\'','\'','j','\'','\'','a','\'','\'','b','\'','\'','c','\'','\'','d','\'','\'','e','\'','\'','f','\'','\'','g','\'','\'','h','\'','\'','i','\'','\'','j','\'','\'','a','\'','\'','b','\'','\'','c','\'','\''}; 
Previous 40: main:buf:1={'X','X','X','X','X','X','X','X','X','X','X','X','X','X','X','X','X','X','X','X','X','X','X','X','X','X','X','X','X','X','X','X','X','X','X','X','X','X','X','X','X','X','X','X','X','X','X','X','X','X','X','X','X','X','X','X','X','X','X','X','X','X','X','X','X','X','X','X','X','X','X','X','X','X','X','X','X','X','X','X','X','X','X','X','X','X','X','X','X','X','X','X','X','X','X','X','X','X','X','X'}; 
Previous 41: main:buf:1={'A','B','C','D','E','F','G','H','I','J','K','L','M','N','O','P','Q','R','S','T','U','V','W','X','Y','Z','A','B','C','D','E','F','G','H','I','J','K','L','M','N','O','P','Q','R','S','T','U','V','W','X','Y','Z','A','B','C','D','E','F','G','H','I','J','K','L','M','N','O','P','Q','R','S','T','U','V','W','X','Y','Z','A','B','C','D','E','F','G','H','I','J','K','L','M','N','O','P','Q','R','S','T','U','a'}; 
Previous 42: main:buf:1={'_','a','a','a','a','a','a','a','a','a','a','a','a','a','a','a','a','a','a','a','a','a','a','a','a','a','a','a','a','a','a','a','a','a','a','a','a','a','a','a','a','a','a','a','a','a','a','a','a','a','a','a','a','a','a','a','a','a','a','a','a','a','a','a','a','a','a','a','a','a','a','a','a','a','a','a','a','a','a','a','a','a','a','a','a','a','a','a','a','a','a','a','a','a','a','a','a','a','a','a'}; 
Previous 43: main:buf:1={'n','a','a','a','a','a','a','a','a','a','a','a','a','a','a','a','a','a','a','a','a','a','a','a','a','a','a','a','a','a','a','a','a','a','a','a','a','a','a','a','a','a','a','a','a','a','a','a','a','a','a','a','a','a','a','a','a','a','a','a','a','a','a','a','a','a','a','a','a','a','a','a','a','a','a','a','a','a','a','a','a','a','a','a','a','a','a','a','a','a','a','a','a','a','a','a','a','a','a','a'}; 
Previous 44: main:buf:1={'a','b','c','d','e','f','g','h','i','j','k','l','a','b','c','d','e','f','g','h','i','j','k','l','a','b','c','d','e','f','g','h','i','j','k','l','a','b','c','d','e','f','g','h','i','j','k','l','a','b','c','d','e','f','g','h','i','j','k','l','a','b','c','d','e','f','g','h','i','j','k','l','a','b','c','d','e','f','g','h','i','j','k','l','a','b','c','d','e','f','g','h','i','j','k','l','a','b','c','d'}; 
Previous 45: main:buf:1={'d','d','d','d','d','d','d','d','d','d','d','d','d','d','d','d','d','d','d','d','d','d','d','d','d','d','d','d','d','d','d','d','d','d','d','d','d','d','d','d','d','d','d','d','d','d','d','d','d','d','d','d','d','d','d','d','d','d','d','d','d','d','d','d','d','d','d','d','d','d','d','d','d','d','d','d','d','d','d','d','d','d','d','d','d','d','d','d','d','d','d','d','d','d','d','d','d','d','d','d'}; 

Program:
extern char __VERIFIER_nondet_char(void);
/*
Commit Number: cea58cb6d8fe0d27bfcbab57776bd36d5c724ec3
URL: https://github.com/GNOME/evolution-data-server/commit/cea58cb6d8fe0d27bfcbab57776bd36d5c724ec3
Project Name: evolution-data-server
License: GPL2
termination: false


*/
int strcspn(const char *strSrc, const char *str)
{
    const char *s;
    const char *t = strSrc;
    while (*t != '\0')
    {
        s = str;
        while (*s != '\0')
        {
            if (*t == *s )
            return t-strSrc;
            ++s;
        }
        ++t;
    }
    return 0;
}
int main()
{
    char buf[100];
    for( int i = 0 ; i < 99 ; i++ )
        buf[i] = __VERIFIER_nondet_char();
    buf[99] = '\0';
    char *p = buf;
    while( *p )
    {
        int len = strcspn( p , ""\n"");
        p += len;
    }
    return 0;

}

"
61,NT,"main:buf:1={'\'','x','0','1','\'',',','\'','x','0','2','\'',',','\'','x','0','3','\'',',','\'','x','0','4','\'',',','\'','x','0','5','\'',',','\'','x','0','6','\'',',','\'','x','0','7','\'',',','\'','x','0','8','\'',',','\'','x','0','9','\'',',','\'','x','0','a','\'',',','\'','x','0','b','\'',',','\'','x','0','c','\'',',','\'','x','0','d','\'',',','\'','x','0','e','\'',',','\'','x','0','f','\'',',','\'','x','0','1','0','\'',',','\'','x','0'}
",/home/quasar/Documents/FocusTNT/results_InputGeneration/FSE/loop/Incorrect_Initialization_1_NT/input_generator_artifacts/generated_programs/Incorrect_Initialization_1_NT_TestCase9.c,TIMEOUT,LIKELY_NT,true,,"You generate concrete values for nondeterministic inputs in a C/C++ program.
Your goal is to produce ONE complete assignment set that is likely to make the program not terminate.

Important rules:
1. Return a value for EVERY listed nondeterministic input ID.
2. Use each ID exactly once.
3. Respect the declared C/C++ type.
4. For an array, return the value as an array containing exactly the required number of elements.
5. For char arrays, each element must be exactly one character. Return the character itself without C single quotes.
6. Prefer small-magnitude values unless larger values are necessary to achieve the requested execution behavior.

Nondeterministic inputs:
- id: main:buf:1, type: char, array: true, size: 100, required elements: 100

Previously generated assignment sets are listed below. Generate a materially different set and do not duplicate any of them.
Previous 1: main:buf:1={':',':','@','A','1','$','a','B','c','D','e','F','g','H','i','J','k','L','m','N','o','P','q','R','s','T','u','V','w','X','y','Z','0','1','2','3','4','5','6','7','8','9','!','?','-','_','+','%','^','&','*','/','`','{','}','[',']','|','~',' ','a','b','c','d','e','f','g','h','i','j','k','l','m','n','o','p','q','r','s','t','u','v','w','x','y','z','A','B','C','D','E','F','G','H','I','J','K','L','M','N'}; 
Previous 2: main:buf:1={'a','a','a','a','a','a','a','a','a','a','a','a','a','a','a','a','a','a','a','a','a','a','a','a','a','a','a','a','a','a','a','a','a','a','a','a','a','a','a','a','a','a','a','a','a','a','a','a','a','a','a','a','a','a','a','a','a','a','a','a','a','a','a','a','a','a','a','a','a','a','a','a','a','a','a','a','a','a','a','a','a','a','a','a','a','a','a','a','a','a','a','a','a','a','a','a','a','a','a','a'}; 
Previous 3: main:buf:1={'0','a','a','a','a','a','a','a','a','a','a','a','a','a','a','a','a','a','a','a','a','a','a','a','a','a','a','a','a','a','a','a','a','a','a','a','a','a','a','a','a','a','a','a','a','a','a','a','a','a','a','a','a','a','a','a','a','a','a','a','a','a','a','a','a','a','a','a','a','a','a','a','a','a','a','a','a','a','a','a','a','a','a','a','a','a','a','a','a','a','a','a','a','a','a','a','a','a','a','a'}; 
Previous 4: main:buf:1={'{','0',',','a','a','a','a','a','a','a','a','a','a','a','a','a','a','a','a','a','a','a','a','a','a','a','a','a','a','a','a','a','a','a','a','a','a','a','a','a','a','a','a','a','a','a','a','a','a','a','a','a','a','a','a','a','a','a','a','a','a','a','a','a','a','a','a','a','a','a','a','a','a','a','a','a','a','a','a','a','a','a','a','a','a','a','a','a','a','a','a','a','a','a','a','a','a','a','a','a'}; 
Previous 5: main:buf:1={'A','A','A','A','A','A','A','A','A','A','A','A','A','A','A','A','A','A','A','A','A','A','A','A','A','A','A','A','A','A','A','A','A','A','A','A','A','A','A','A','A','A','A','A','A','A','A','A','A','A','B','B','B','B','B','B','B','B','B','B','B','B','B','B','B','B','B','B','B','B','B','B','B','B','B','B','B','B','B','B','B','B','B','B','B','B','B','B','B','B','B','B','B','B','B','B','B','B','C','D'}; 
Previous 6: main:buf:1={'b','b','b','b','b','b','b','b','b','b','b','b','b','b','b','b','b','b','b','b','b','b','b','b','b','b','b','b','b','b','b','b','b','b','b','b','b','b','b','b','b','b','b','b','b','b','b','b','b','b','b','b','b','b','b','b','b','b','b','b','b','b','b','b','b','b','b','b','b','b','b','b','b','b','b','b','b','b','b','b','b','b','b','b','b','b','b','b','b','b','b','b','b','b','b','b','b','b','b','b'}; 
Previous 7: main:buf:1={'a','a','a','a','a','a','a','a','a','a','a','a','a','a','a','a','a','a','a','a','a','a','a','a','a','a','a','a','a','a','a','a','a','a','a','a','a','a','a','a','a','a','a','a','a','a','a','a','a','a','a','a','a','a','a','a','a','a','a','a','a','a','a','a','a','a','a','a','a','a','a','a','a','a','a','a','a','a','a','a','a','a','a','a','a','a','a','a','a','a','a','a','a','a','a','a','a','a','b','b'}; 
Previous 8: main:buf:1={'\'','\'','\'','\'','\'','\'','\'','\'','\'','\'','\'','\'','\'','\'','\'','\'','\'','\'','\'','\'','\'','\'','\'','\'','\'','\'','\'','\'','\'','\'','\'','\'','\'','\'','\'','\'','\'','\'','\'','\'','\'','\'','\'','\'','\'','\'','\'','\'','\'','\'','\'','\'','\'','\'','\'','\'','\'','\'','\'','\'','\'','\'','\'','\'','\'','\'','\'','\'','\'','\'','\'','\'','\'','\'','\'','\'','\'','\'','\'','\'','\'','\'','\'','\'','\'','\'','\'','\'','\'','\'','\'','\'','\'','\'','\'','\'','\'','\'','\'','\''}; 
Previous 9: main:buf:1={'A','A','A','A','A','A','A','A','A','A','A','A','A','A','A','A','A','A','A','A','A','A','A','A','A','A','A','A','A','A','A','A','A','A','A','A','A','A','A','A','A','A','A','A','A','A','A','A','A','A','A','A','A','A','A','A','A','A','A','A','A','A','A','A','A','A','A','A','A','A','A','A','A','A','A','A','A','A','A','A','A','A','A','A','A','A','A','A','A','A','A','A','A','A','A','A','A','A','A','A'}; 
Previous 10: main:buf:1={'a','a','a','a','a','a','a','a','a','a','a','a','a','a','a','a','a','a','a','a','a','a','a','a','a','a','a','a','a','a','a','a','a','a','a','a','a','a','a','a','a','a','a','a','a','a','a','a','a','a','a','a','a','a','a','a','a','a','a','a','a','a','a','a','a','a','a','a','a','a','a','a','a','a','a','a','a','a','a','a','a','a','a','a','a','a','a','a','a','a','a','a','a','a','a','a','a','a','a','0'}; 
Previous 11: main:buf:1={'/','*','!','@','#','$','%','^','&','*','-','+','=','_','|','{','}',':',';','?','/','[',']',';','\'','`','~','1','2','3','4','5','6','7','8','9','0','a','b','c','d','e','f','g','h','i','j','k','l','m','n','o','p','q','r','s','t','u','v','w','x','y','z','A','B','C','D','E','F','G','H','I','J','K','L','M','N','O','P','Q','R','S','T','U','V','W','X','Y','Z','!','?','!','?','!','?','!','?','!','?','!'}; 
Previous 12: main:buf:1={'c','c','c','c','c','c','c','c','c','c','c','c','c','c','c','c','c','c','c','c','c','c','c','c','c','c','c','c','c','c','c','c','c','c','c','c','c','c','c','c','c','c','c','c','c','c','c','c','c','c','c','c','c','c','c','c','c','c','c','c','c','c','c','c','c','c','c','c','c','c','c','c','c','c','c','c','c','c','c','c','c','c','c','c','c','c','c','c','c','c','c','c','c','c','c','c','c','c','c','d'}; 
Previous 13: main:buf:1={'0','0','0','0','0','0','0','0','0','0','0','0','0','0','0','0','0','0','0','0','0','0','0','0','0','0','0','0','0','0','0','0','0','0','0','0','0','0','0','0','0','0','0','0','0','0','0','0','0','0','0','0','0','0','0','0','0','0','0','0','0','0','0','0','0','0','0','0','0','0','0','0','0','0','0','0','0','0','0','0','0','0','0','0','0','0','0','0','0','0','0','0','0','0','0','0','0','0','0','0'}; 
Previous 14: main:buf:1={'x','y','x','y','x','y','x','y','x','y','x','y','x','y','x','y','x','y','x','y','x','y','x','y','x','y','x','y','x','y','x','y','x','y','x','y','x','y','x','y','x','y','x','y','x','y','x','y','x','y','x','y','x','y','x','y','x','y','x','y','x','y','x','y','x','y','x','y','x','y','x','y','x','y','x','y','x','y','x','y','x','y','x','y','x','y','x','y','x','y','x','y','x','y','x','y','x','y','x','y'}; 
Previous 15: main:buf:1={'0','1','2','3','4','5','6','7','8','9','A','B','C','D','E','F','G','H','I','J','K','L','M','N','O','P','Q','R','S','T','U','V','W','X','Y','Z','a','b','c','d','e','f','g','h','i','j','k','l','m','n','o','p','q','r','s','t','u','v','w','x','y','z','!','@','#','$','%','^','&','*','(',')','-','_','=','+','[',']','{','}','|','/','?',' ','~','`',' ',' ','!','@','#','$','%','^','&','*','(',')','-','['}; 
Previous 16: main:buf:1={'\'','0','\'','\'','a','\'','a','\'','a','\'','a','\'','a','\'','a','\'','a','\'','a','\'','a','\'','a','\'','a','\'','a','\'','a','\'','a','\'','a','\'','a','\'','a','\'','a','\'','a','\'','a','\'','a','\'','a','\'','a','\'','a','\'','a','\'','a','\'','a','\'','a','\'','a','\'','a','\'','a','\'','a','\'','a','\'','a','\'','a','\'','a','\'','a','\'','a','\'','a','\'','a','\'','a','\'','a','\'','a','\'','a','\'','a','\'','a','\'','a','\'','a','\''}; 
Previous 17: main:buf:1={'g','g','g','g','g','g','g','g','g','g','g','g','g','g','g','g','g','g','g','g','g','g','g','g','g','g','g','g','g','g','g','g','g','g','g','g','g','g','g','g','g','g','g','g','g','g','g','g','g','g','g','g','g','g','g','g','g','g','g','g','g','g','g','g','g','g','g','g','g','g','g','g','g','g','g','g','g','g','g','g','g','g','g','g','g','g','g','g','g','g','g','g','g','g','g','g','g','g','g','g'}; 
Previous 18: main:buf:1={'_','_','_','_','_','_','_','_','_','_','_','_','_','_','_','_','_','_','_','_','_','_','_','_','_','_','_','_','_','_','_','_','_','_','_','_','_','_','_','_','_','_','_','_','_','_','_','_','_','_','_','_','_','_','_','_','_','_','_','_','_','_','_','_','_','_','_','_','_','_','_','_','_','_','_','_','_','_','_','_','_','_','_','_','_','_','_','_','_','_','_','_','_','_','_','_','_','_','_','_'}; 
Previous 19: main:buf:1={'a','b','c','d','e','f','g','h','i','j','a','b','c','d','e','f','g','h','i','j','a','b','c','d','e','f','g','h','i','j','a','b','c','d','e','f','g','h','i','j','a','b','c','d','e','f','g','h','i','j','a','b','c','d','e','f','g','h','i','j','a','b','c','d','e','f','g','h','i','j','a','b','c','d','e','f','g','h','i','j','a','b','c','d','e','f','g','h','i','j','a','b','c','d','e','f','g','h','i','j'}; 
Previous 20: main:buf:1={'a','a','a','a','a','a','a','a','a','a','a','a','a','a','a','a','a','a','a','a','a','a','a','a','a','a','a','a','a','a','a','a','a','a','a','a','a','a','a','a','a','a','a','a','a','a','a','a','a','a','b','b','b','b','b','b','b','b','b','b','b','b','b','b','b','b','b','b','b','b','b','b','b','b','b','b','b','b','c','c','c','c','c','c','c','c','c','c','c','c','c','c','c','c','c','c','c','c','c','c'}; 
Previous 21: main:buf:1={'>','0','0','0','0','0','0','0','0','0','0','0','0','0','0','0','0','0','0','0','0','0','0','0','0','0','0','0','0','0','0','0','0','0','0','0','0','0','0','0','0','0','0','0','0','0','0','0','0','0','0','0','0','0','0','0','0','0','0','0','0','0','0','0','0','0','0','0','0','0','0','0','0','0','0','0','0','0','0','0','0','0','0','0','0','0','0','0','0','0','0','0','0','0','0','0','0','0','0','0'}; 
Previous 22: main:buf:1={'a','b','c','d','e','f','g','h','i','j','k','l','m','n','o','p','q','r','s','t','u','v','w','x','y','z','A','B','C','D','E','F','G','H','I','J','K','L','M','N','O','P','Q','R','S','T','U','V','W','X','Y','Z','0','1','2','3','4','5','6','7','8','9','!','@','#','$','%','^','&','*','(','-',')','-','_','+','=','[',']','{','}','|',':',';','<','>','?','/','|','`','~','\'','%','.',',',' ','a','b','c','d'}; 
Previous 23: main:buf:1={'\'','0','\'','\'','\'','\'','\'','\'','\'','\'','\'','\'','\'','\'','\'','\'','\'','\'','\'','\'','\'','\'','\'','\'','\'','\'','\'','\'','\'','\'','\'','\'','\'','\'','\'','\'','\'','\'','\'','\'','\'','\'','\'','\'','\'','\'','\'','\'','\'','\'','\'','\'','\'','\'','\'','\'','\'','\'','\'','\'','\'','\'','\'','\'','\'','\'','\'','\'','\'','\'','\'','\'','\'','\'','\'','\'','\'','\'','\'','\'','\'','\'','\'','\'','\'','\'','\'','\'','\'','\'','\'','\'','\'','\'','\'','\'','\'','\'','\'','\''}; 
Previous 24: main:buf:1={'-','-','-','-','-','-','-','-','-','-','-','-','-','-','-','-','-','-','-','-','-','-','-','-','-','-','-','-','-','-','-','-','=','=','=','=','=','=','=','=','=','=','=','=','=','=','=','=','=','=','=','=','=','=','=','=','=','=','=','=','=','=','+','+','+','+','+','+','+','+','+','+','+','+','+','+','+','+','+','+','+','+','+','+','+','+','+','+','+','+','+','+','+','+','+','+','+','+','+','+'}; 
Previous 25: main:buf:1={'w','p','k','r','G','d','e','Z','q','n','U','O','g','H','5','X','S','m','R','t','J','T','3','c','V','1','l','f','Z','2','u','P','w','L','b','6','Q','z','Z','v','P','x','9','f','c','F','S','q','m','2','D','E','r','C','i','Y','b','k','O','z','4','3','q','a','L','P','c','j','s','g','g','b','8','h','Y','D','n','u','a','n','x','A','p','w','S','l','v','V','g','k','R','o','3','i','e','q','J','n','p','z'}; 
Previous 26: main:buf:1={'\'','`','<','h','?','j','|','k','l','p','b','H','4','-','g','K','o','l','D',';','s','7','5','p','6','w','K','c','>','p','l','?','x','!','q','j','b','w','V','-','M','x','Z','t','y','M','m','}','O','A','e',';','9','C','0','6','?','-','i','c','1','9','u','j','U','T','p','u','#','Z','i','8','A','5','9','f','Z','t','b','g','-','k','g','n','P','q','n','r','Z','Y','!','%','g','a','u','z','e','M','e','z'}; 
Previous 27: main:buf:1={'C','C','C','C','C','C','C','C','C','C','C','C','C','C','C','C','C','C','C','C','C','C','C','C','C','C','C','C','C','C','C','C','C','C','C','C','C','C','C','C','C','C','C','C','C','C','C','C','C','C','C','C','C','C','C','C','C','C','C','C','C','C','C','C','C','C','C','C','C','C','C','C','C','C','C','C','C','C','C','C','C','C','C','C','C','C','C','C','C','C','C','C','C','C','C','C','C','C','C','C'}; 
Previous 28: main:buf:1={'\'','\'','a','a','a','a','a','a','a','a','a','a','a','a','a','a','a','a','a','a','a','a','a','a','a','a','a','a','a','a','a','a','a','a','a','a','a','a','a','a','a','a','a','a','a','a','a','a','a','a','a','a','a','a','a','a','a','a','a','a','a','a','a','a','a','a','a','a','a','a','a','a','a','a','a','a','a','a','a','a','a','a','a','a','a','a','a','a','a','a','a','a','a','a','a','a','a','a','a','a'}; 
Previous 29: main:buf:1={'Z','Z','Z','Z','Z','Z','Z','Z','Z','Z','Z','Z','Z','Z','Z','Z','Z','Z','Z','Z','Z','Z','Z','Z','Z','Z','Z','Z','Z','Z','Z','Z','Z','Z','Z','Z','Z','Z','Z','Z','Z','Z','Z','Z','Z','Z','Z','Z','Z','Z','Z','Z','Z','Z','Z','Z','Z','Z','Z','Z','Z','Z','Z','Z','Z','Z','Z','Z','Z','Z','Z','Z','Z','Z','Z','Z','Z','Z','Z','Z','Z','Z','Z','Z','Z','Z','Z','Z','Z','Z','Z','Z','Z','Z','Z','Z','Z','Z','Z','Z'}; 
Previous 30: main:buf:1={'q','q','q','q','q','q','q','q','q','q','q','q','q','q','q','q','q','q','q','q','q','q','q','q','q','q','q','q','q','q','q','q','q','q','q','q','q','q','q','q','q','q','q','q','q','q','q','q','q','q','q','q','q','q','q','q','q','q','q','q','q','q','q','q','q','q','q','q','q','q','q','q','q','q','q','q','q','q','q','q','q','q','q','q','q','q','q','q','q','q','q','q','q','q','q','q','q','q','q','q'}; 
Previous 31: main:buf:1={'N','a','a','a','a','a','a','a','a','a','a','a','a','a','a','a','a','a','a','a','a','a','a','a','a','a','a','a','a','a','a','a','a','a','a','a','a','a','a','a','a','a','a','a','a','a','a','a','a','a','a','a','a','a','a','a','a','a','a','a','a','a','a','a','a','a','a','a','a','a','a','a','a','a','a','a','a','a','a','a','a','a','a','a','a','a','a','a','a','a','a','a','a','a','a','a','a','a','a','a'}; 
Previous 32: main:buf:1={'A','B','C','D','E','F','G','H','I','J','K','L','M','N','O','P','Q','R','S','T','U','V','W','X','Y','Z','a','b','c','d','e','f','g','h','i','j','k','l','m','n','o','p','q','r','s','t','u','v','w','x','y','z','0','1','2','3','4','5','6','7','8','9','!','@','#','$','%','^','&','*','(',')','-','_','=','[',']','{','}','|',':',';','<','>',',','?','/','~','`',' ','!','#','1','x','y','c','d','e','f','g'}; 
Previous 33: main:buf:1={'m','n','m','n','m','n','m','n','m','n','m','n','m','n','m','n','m','n','m','n','m','n','m','n','m','n','m','n','m','n','m','n','m','n','m','n','m','n','m','n','m','n','m','n','m','n','m','n','m','n','m','n','m','n','m','n','m','n','m','n','m','n','m','n','m','n','m','n','m','n','m','n','m','n','m','n','m','n','m','n','m','n','m','n','m','n','m','n','m','n','m','n','m','n','m','n','m','n','m','n'}; 
Previous 34: main:buf:1={'z','z','z','z','z','z','z','z','z','z','z','z','z','z','z','z','z','z','z','z','z','z','z','z','z','z','z','z','z','z','z','z','z','z','z','z','z','z','z','z','z','z','z','z','z','z','z','z','z','z','z','z','z','z','z','z','z','z','z','z','z','z','z','z','z','z','z','z','z','z','z','z','z','z','z','z','z','z','z','z','z','z','z','z','z','z','z','z','z','z','z','z','z','z','z','z','z','z','z','z'}; 
Previous 35: main:buf:1={'A','B','C','D','E','F','G','H','I','J','K','L','M','N','O','P','Q','R','S','T','U','V','W','X','Y','Z','a','b','c','d','e','f','g','h','i','j','k','l','m','n','o','p','q','r','s','t','u','v','w','x','y','z','0','1','2','3','4','5','6','7','8','9','!','@','#','$','%','^','&','*','(',')','-','_','+','=','[',']','{','}','|',';',';',':',',','.','<','>','?',' ','/','?','?','?','?','?','?','?','?','?'}; 
Previous 36: main:buf:1={'\'','\'','\'','\'','\'','\'','\'','\'','\'','\'','\'','\'','\'','\'','\'','\'','\'','\'','\'','\'','\'','\'','\'','\'','\'','\'','\'','\'','\'','\'','\'','\'','\'','\'','\'','\'','\'','\'','\'','\'','\'','\'','\'','\'','\'','\'','\'','\'','\'','\'','\'','\'','\'','\'','\'','\'','\'','\'','\'','\'','\'','\'','\'','\'','\'','\'','\'','\'','\'','\'','\'','\'','\'','\'','\'','\'','\'','\'','\'','\'','\'','\'','\'','\'','\'','\'','\'','\'','\'','\'','\'','\'','\'','\'','\'','\'','\'','\'','a','a'}; 
Previous 37: main:buf:1={'\'','0','\'',',','\'','0','\'',',','\'','0','\'',',','\'','0','\'',',','\'','0','\'',',','\'','0','\'',',','\'','0','\'',',','\'','0','\'',',','\'','0','\'',',','\'','0','\'',',','\'','0','\'',',','\'','0','\'',',','\'','0','\'',',','\'','0','\'',',','\'','0','\'',',','\'','0','\'',',','\'','0','\'',',','\'','0','\'',',','\'','0','\'',',','\'','0','\'',',','\'','0','\'',',','\'','0','\'',',','\'','0','\'',',','\'','0','\'',',','\'','0','\'',','}; 
Previous 38: main:buf:1={'\'','0','\'','\'','a','\'','\'','a','\'','\'','a','\'','\'','a','\'','\'','a','\'','\'','a','\'','\'','a','\'','\'','a','\'','\'','a','\'','\'','a','\'','\'','a','\'','\'','a','\'','\'','a','\'','\'','a','\'','\'','a','\'','\'','a','\'','\'','a','\'','\'','a','\'','\'','a','\'','\'','a','\'','\'','a','\'','\'','a','\'','\'','a','\'','\'','a','\'','\'','a','\'','\'','a','\'','\'','a','\'','\'','a','\'','\'','a','\'','\'','a','\'','\'','a','\'','\'','a','\'','\''}; 
Previous 39: main:buf:1={'\'','a','\'','\'','b','\'','\'','c','\'','\'','d','\'','\'','e','\'','\'','f','\'','\'','g','\'','\'','h','\'','\'','i','\'','\'','j','\'','\'','a','\'','\'','b','\'','\'','c','\'','\'','d','\'','\'','e','\'','\'','f','\'','\'','g','\'','\'','h','\'','\'','i','\'','\'','j','\'','\'','a','\'','\'','b','\'','\'','c','\'','\'','d','\'','\'','e','\'','\'','f','\'','\'','g','\'','\'','h','\'','\'','i','\'','\'','j','\'','\'','a','\'','\'','b','\'','\'','c','\'','\''}; 
Previous 40: main:buf:1={'X','X','X','X','X','X','X','X','X','X','X','X','X','X','X','X','X','X','X','X','X','X','X','X','X','X','X','X','X','X','X','X','X','X','X','X','X','X','X','X','X','X','X','X','X','X','X','X','X','X','X','X','X','X','X','X','X','X','X','X','X','X','X','X','X','X','X','X','X','X','X','X','X','X','X','X','X','X','X','X','X','X','X','X','X','X','X','X','X','X','X','X','X','X','X','X','X','X','X','X'}; 
Previous 41: main:buf:1={'A','B','C','D','E','F','G','H','I','J','K','L','M','N','O','P','Q','R','S','T','U','V','W','X','Y','Z','A','B','C','D','E','F','G','H','I','J','K','L','M','N','O','P','Q','R','S','T','U','V','W','X','Y','Z','A','B','C','D','E','F','G','H','I','J','K','L','M','N','O','P','Q','R','S','T','U','V','W','X','Y','Z','A','B','C','D','E','F','G','H','I','J','K','L','M','N','O','P','Q','R','S','T','U','a'}; 
Previous 42: main:buf:1={'_','a','a','a','a','a','a','a','a','a','a','a','a','a','a','a','a','a','a','a','a','a','a','a','a','a','a','a','a','a','a','a','a','a','a','a','a','a','a','a','a','a','a','a','a','a','a','a','a','a','a','a','a','a','a','a','a','a','a','a','a','a','a','a','a','a','a','a','a','a','a','a','a','a','a','a','a','a','a','a','a','a','a','a','a','a','a','a','a','a','a','a','a','a','a','a','a','a','a','a'}; 
Previous 43: main:buf:1={'n','a','a','a','a','a','a','a','a','a','a','a','a','a','a','a','a','a','a','a','a','a','a','a','a','a','a','a','a','a','a','a','a','a','a','a','a','a','a','a','a','a','a','a','a','a','a','a','a','a','a','a','a','a','a','a','a','a','a','a','a','a','a','a','a','a','a','a','a','a','a','a','a','a','a','a','a','a','a','a','a','a','a','a','a','a','a','a','a','a','a','a','a','a','a','a','a','a','a','a'}; 
Previous 44: main:buf:1={'a','b','c','d','e','f','g','h','i','j','k','l','a','b','c','d','e','f','g','h','i','j','k','l','a','b','c','d','e','f','g','h','i','j','k','l','a','b','c','d','e','f','g','h','i','j','k','l','a','b','c','d','e','f','g','h','i','j','k','l','a','b','c','d','e','f','g','h','i','j','k','l','a','b','c','d','e','f','g','h','i','j','k','l','a','b','c','d','e','f','g','h','i','j','k','l','a','b','c','d'}; 
Previous 45: main:buf:1={'d','d','d','d','d','d','d','d','d','d','d','d','d','d','d','d','d','d','d','d','d','d','d','d','d','d','d','d','d','d','d','d','d','d','d','d','d','d','d','d','d','d','d','d','d','d','d','d','d','d','d','d','d','d','d','d','d','d','d','d','d','d','d','d','d','d','d','d','d','d','d','d','d','d','d','d','d','d','d','d','d','d','d','d','d','d','d','d','d','d','d','d','d','d','d','d','d','d','d','d'}; 
Previous 46: main:buf:1={':','a','a','a','a','a','a','a','a','a','a','a','a','a','a','a','a','a','a','a','a','a','a','a','a','a','a','a','a','a','a','a','a','a','a','a','a','a','a','a','a','a','a','a','a','a','a','a','a','a','a','a','a','a','a','a','a','a','a','a','a','a','a','a','a','a','a','a','a','a','a','a','a','a','a','a','a','a','a','a','a','a','a','a','a','a','a','a','a','a','a','a','a','a','a','a','a','x','y','a'}; 

Program:
extern char __VERIFIER_nondet_char(void);
/*
Commit Number: cea58cb6d8fe0d27bfcbab57776bd36d5c724ec3
URL: https://github.com/GNOME/evolution-data-server/commit/cea58cb6d8fe0d27bfcbab57776bd36d5c724ec3
Project Name: evolution-data-server
License: GPL2
termination: false


*/
int strcspn(const char *strSrc, const char *str)
{
    const char *s;
    const char *t = strSrc;
    while (*t != '\0')
    {
        s = str;
        while (*s != '\0')
        {
            if (*t == *s )
            return t-strSrc;
            ++s;
        }
        ++t;
    }
    return 0;
}
int main()
{
    char buf[100];
    for( int i = 0 ; i < 99 ; i++ )
        buf[i] = __VERIFIER_nondet_char();
    buf[99] = '\0';
    char *p = buf;
    while( *p )
    {
        int len = strcspn( p , ""\n"");
        p += len;
    }
    return 0;

}

"
62,NT,"main:buf:1={'x','x','x','x','x','x','x','x','x','x','x','x','x','x','x','x','x','x','x','x','x','x','x','x','x','x','x','x','x','x','x','x','x','x','x','x','x','x','x','x','x','x','x','x','x','x','x','x','x','x','x','x','x','x','x','x','x','x','x','x','x','x','x','x','x','x','x','x','x','x','x','x','x','x','x','x','x','x','x','x','x','x','x','x','x','x','x','x','x','x','x','x','x','x','x','x','x','x','x','x'}
",/home/quasar/Documents/FocusTNT/results_InputGeneration/FSE/loop/Incorrect_Initialization_1_NT/input_generator_artifacts/generated_programs/Incorrect_Initialization_1_NT_TestCase10.c,TIMEOUT,LIKELY_NT,true,,"You generate concrete values for nondeterministic inputs in a C/C++ program.
Your goal is to produce ONE complete assignment set that is likely to make the program not terminate.

Important rules:
1. Return a value for EVERY listed nondeterministic input ID.
2. Use each ID exactly once.
3. Respect the declared C/C++ type.
4. For an array, return the value as an array containing exactly the required number of elements.
5. For char arrays, each element must be exactly one character. Return the character itself without C single quotes.
6. Prefer small-magnitude values unless larger values are necessary to achieve the requested execution behavior.

Nondeterministic inputs:
- id: main:buf:1, type: char, array: true, size: 100, required elements: 100

Previously generated assignment sets are listed below. Generate a materially different set and do not duplicate any of them.
Previous 1: main:buf:1={':',':','@','A','1','$','a','B','c','D','e','F','g','H','i','J','k','L','m','N','o','P','q','R','s','T','u','V','w','X','y','Z','0','1','2','3','4','5','6','7','8','9','!','?','-','_','+','%','^','&','*','/','`','{','}','[',']','|','~',' ','a','b','c','d','e','f','g','h','i','j','k','l','m','n','o','p','q','r','s','t','u','v','w','x','y','z','A','B','C','D','E','F','G','H','I','J','K','L','M','N'}; 
Previous 2: main:buf:1={'a','a','a','a','a','a','a','a','a','a','a','a','a','a','a','a','a','a','a','a','a','a','a','a','a','a','a','a','a','a','a','a','a','a','a','a','a','a','a','a','a','a','a','a','a','a','a','a','a','a','a','a','a','a','a','a','a','a','a','a','a','a','a','a','a','a','a','a','a','a','a','a','a','a','a','a','a','a','a','a','a','a','a','a','a','a','a','a','a','a','a','a','a','a','a','a','a','a','a','a'}; 
Previous 3: main:buf:1={'0','a','a','a','a','a','a','a','a','a','a','a','a','a','a','a','a','a','a','a','a','a','a','a','a','a','a','a','a','a','a','a','a','a','a','a','a','a','a','a','a','a','a','a','a','a','a','a','a','a','a','a','a','a','a','a','a','a','a','a','a','a','a','a','a','a','a','a','a','a','a','a','a','a','a','a','a','a','a','a','a','a','a','a','a','a','a','a','a','a','a','a','a','a','a','a','a','a','a','a'}; 
Previous 4: main:buf:1={'{','0',',','a','a','a','a','a','a','a','a','a','a','a','a','a','a','a','a','a','a','a','a','a','a','a','a','a','a','a','a','a','a','a','a','a','a','a','a','a','a','a','a','a','a','a','a','a','a','a','a','a','a','a','a','a','a','a','a','a','a','a','a','a','a','a','a','a','a','a','a','a','a','a','a','a','a','a','a','a','a','a','a','a','a','a','a','a','a','a','a','a','a','a','a','a','a','a','a','a'}; 
Previous 5: main:buf:1={'A','A','A','A','A','A','A','A','A','A','A','A','A','A','A','A','A','A','A','A','A','A','A','A','A','A','A','A','A','A','A','A','A','A','A','A','A','A','A','A','A','A','A','A','A','A','A','A','A','A','B','B','B','B','B','B','B','B','B','B','B','B','B','B','B','B','B','B','B','B','B','B','B','B','B','B','B','B','B','B','B','B','B','B','B','B','B','B','B','B','B','B','B','B','B','B','B','B','C','D'}; 
Previous 6: main:buf:1={'b','b','b','b','b','b','b','b','b','b','b','b','b','b','b','b','b','b','b','b','b','b','b','b','b','b','b','b','b','b','b','b','b','b','b','b','b','b','b','b','b','b','b','b','b','b','b','b','b','b','b','b','b','b','b','b','b','b','b','b','b','b','b','b','b','b','b','b','b','b','b','b','b','b','b','b','b','b','b','b','b','b','b','b','b','b','b','b','b','b','b','b','b','b','b','b','b','b','b','b'}; 
Previous 7: main:buf:1={'a','a','a','a','a','a','a','a','a','a','a','a','a','a','a','a','a','a','a','a','a','a','a','a','a','a','a','a','a','a','a','a','a','a','a','a','a','a','a','a','a','a','a','a','a','a','a','a','a','a','a','a','a','a','a','a','a','a','a','a','a','a','a','a','a','a','a','a','a','a','a','a','a','a','a','a','a','a','a','a','a','a','a','a','a','a','a','a','a','a','a','a','a','a','a','a','a','a','b','b'}; 
Previous 8: main:buf:1={'\'','\'','\'','\'','\'','\'','\'','\'','\'','\'','\'','\'','\'','\'','\'','\'','\'','\'','\'','\'','\'','\'','\'','\'','\'','\'','\'','\'','\'','\'','\'','\'','\'','\'','\'','\'','\'','\'','\'','\'','\'','\'','\'','\'','\'','\'','\'','\'','\'','\'','\'','\'','\'','\'','\'','\'','\'','\'','\'','\'','\'','\'','\'','\'','\'','\'','\'','\'','\'','\'','\'','\'','\'','\'','\'','\'','\'','\'','\'','\'','\'','\'','\'','\'','\'','\'','\'','\'','\'','\'','\'','\'','\'','\'','\'','\'','\'','\'','\'','\''}; 
Previous 9: main:buf:1={'A','A','A','A','A','A','A','A','A','A','A','A','A','A','A','A','A','A','A','A','A','A','A','A','A','A','A','A','A','A','A','A','A','A','A','A','A','A','A','A','A','A','A','A','A','A','A','A','A','A','A','A','A','A','A','A','A','A','A','A','A','A','A','A','A','A','A','A','A','A','A','A','A','A','A','A','A','A','A','A','A','A','A','A','A','A','A','A','A','A','A','A','A','A','A','A','A','A','A','A'}; 
Previous 10: main:buf:1={'a','a','a','a','a','a','a','a','a','a','a','a','a','a','a','a','a','a','a','a','a','a','a','a','a','a','a','a','a','a','a','a','a','a','a','a','a','a','a','a','a','a','a','a','a','a','a','a','a','a','a','a','a','a','a','a','a','a','a','a','a','a','a','a','a','a','a','a','a','a','a','a','a','a','a','a','a','a','a','a','a','a','a','a','a','a','a','a','a','a','a','a','a','a','a','a','a','a','a','0'}; 
Previous 11: main:buf:1={'/','*','!','@','#','$','%','^','&','*','-','+','=','_','|','{','}',':',';','?','/','[',']',';','\'','`','~','1','2','3','4','5','6','7','8','9','0','a','b','c','d','e','f','g','h','i','j','k','l','m','n','o','p','q','r','s','t','u','v','w','x','y','z','A','B','C','D','E','F','G','H','I','J','K','L','M','N','O','P','Q','R','S','T','U','V','W','X','Y','Z','!','?','!','?','!','?','!','?','!','?','!'}; 
Previous 12: main:buf:1={'c','c','c','c','c','c','c','c','c','c','c','c','c','c','c','c','c','c','c','c','c','c','c','c','c','c','c','c','c','c','c','c','c','c','c','c','c','c','c','c','c','c','c','c','c','c','c','c','c','c','c','c','c','c','c','c','c','c','c','c','c','c','c','c','c','c','c','c','c','c','c','c','c','c','c','c','c','c','c','c','c','c','c','c','c','c','c','c','c','c','c','c','c','c','c','c','c','c','c','d'}; 
Previous 13: main:buf:1={'0','0','0','0','0','0','0','0','0','0','0','0','0','0','0','0','0','0','0','0','0','0','0','0','0','0','0','0','0','0','0','0','0','0','0','0','0','0','0','0','0','0','0','0','0','0','0','0','0','0','0','0','0','0','0','0','0','0','0','0','0','0','0','0','0','0','0','0','0','0','0','0','0','0','0','0','0','0','0','0','0','0','0','0','0','0','0','0','0','0','0','0','0','0','0','0','0','0','0','0'}; 
Previous 14: main:buf:1={'x','y','x','y','x','y','x','y','x','y','x','y','x','y','x','y','x','y','x','y','x','y','x','y','x','y','x','y','x','y','x','y','x','y','x','y','x','y','x','y','x','y','x','y','x','y','x','y','x','y','x','y','x','y','x','y','x','y','x','y','x','y','x','y','x','y','x','y','x','y','x','y','x','y','x','y','x','y','x','y','x','y','x','y','x','y','x','y','x','y','x','y','x','y','x','y','x','y','x','y'}; 
Previous 15: main:buf:1={'0','1','2','3','4','5','6','7','8','9','A','B','C','D','E','F','G','H','I','J','K','L','M','N','O','P','Q','R','S','T','U','V','W','X','Y','Z','a','b','c','d','e','f','g','h','i','j','k','l','m','n','o','p','q','r','s','t','u','v','w','x','y','z','!','@','#','$','%','^','&','*','(',')','-','_','=','+','[',']','{','}','|','/','?',' ','~','`',' ',' ','!','@','#','$','%','^','&','*','(',')','-','['}; 
Previous 16: main:buf:1={'\'','0','\'','\'','a','\'','a','\'','a','\'','a','\'','a','\'','a','\'','a','\'','a','\'','a','\'','a','\'','a','\'','a','\'','a','\'','a','\'','a','\'','a','\'','a','\'','a','\'','a','\'','a','\'','a','\'','a','\'','a','\'','a','\'','a','\'','a','\'','a','\'','a','\'','a','\'','a','\'','a','\'','a','\'','a','\'','a','\'','a','\'','a','\'','a','\'','a','\'','a','\'','a','\'','a','\'','a','\'','a','\'','a','\'','a','\'','a','\'','a','\'','a','\''}; 
Previous 17: main:buf:1={'g','g','g','g','g','g','g','g','g','g','g','g','g','g','g','g','g','g','g','g','g','g','g','g','g','g','g','g','g','g','g','g','g','g','g','g','g','g','g','g','g','g','g','g','g','g','g','g','g','g','g','g','g','g','g','g','g','g','g','g','g','g','g','g','g','g','g','g','g','g','g','g','g','g','g','g','g','g','g','g','g','g','g','g','g','g','g','g','g','g','g','g','g','g','g','g','g','g','g','g'}; 
Previous 18: main:buf:1={'_','_','_','_','_','_','_','_','_','_','_','_','_','_','_','_','_','_','_','_','_','_','_','_','_','_','_','_','_','_','_','_','_','_','_','_','_','_','_','_','_','_','_','_','_','_','_','_','_','_','_','_','_','_','_','_','_','_','_','_','_','_','_','_','_','_','_','_','_','_','_','_','_','_','_','_','_','_','_','_','_','_','_','_','_','_','_','_','_','_','_','_','_','_','_','_','_','_','_','_'}; 
Previous 19: main:buf:1={'a','b','c','d','e','f','g','h','i','j','a','b','c','d','e','f','g','h','i','j','a','b','c','d','e','f','g','h','i','j','a','b','c','d','e','f','g','h','i','j','a','b','c','d','e','f','g','h','i','j','a','b','c','d','e','f','g','h','i','j','a','b','c','d','e','f','g','h','i','j','a','b','c','d','e','f','g','h','i','j','a','b','c','d','e','f','g','h','i','j','a','b','c','d','e','f','g','h','i','j'}; 
Previous 20: main:buf:1={'a','a','a','a','a','a','a','a','a','a','a','a','a','a','a','a','a','a','a','a','a','a','a','a','a','a','a','a','a','a','a','a','a','a','a','a','a','a','a','a','a','a','a','a','a','a','a','a','a','a','b','b','b','b','b','b','b','b','b','b','b','b','b','b','b','b','b','b','b','b','b','b','b','b','b','b','b','b','c','c','c','c','c','c','c','c','c','c','c','c','c','c','c','c','c','c','c','c','c','c'}; 
Previous 21: main:buf:1={'>','0','0','0','0','0','0','0','0','0','0','0','0','0','0','0','0','0','0','0','0','0','0','0','0','0','0','0','0','0','0','0','0','0','0','0','0','0','0','0','0','0','0','0','0','0','0','0','0','0','0','0','0','0','0','0','0','0','0','0','0','0','0','0','0','0','0','0','0','0','0','0','0','0','0','0','0','0','0','0','0','0','0','0','0','0','0','0','0','0','0','0','0','0','0','0','0','0','0','0'}; 
Previous 22: main:buf:1={'a','b','c','d','e','f','g','h','i','j','k','l','m','n','o','p','q','r','s','t','u','v','w','x','y','z','A','B','C','D','E','F','G','H','I','J','K','L','M','N','O','P','Q','R','S','T','U','V','W','X','Y','Z','0','1','2','3','4','5','6','7','8','9','!','@','#','$','%','^','&','*','(','-',')','-','_','+','=','[',']','{','}','|',':',';','<','>','?','/','|','`','~','\'','%','.',',',' ','a','b','c','d'}; 
Previous 23: main:buf:1={'\'','0','\'','\'','\'','\'','\'','\'','\'','\'','\'','\'','\'','\'','\'','\'','\'','\'','\'','\'','\'','\'','\'','\'','\'','\'','\'','\'','\'','\'','\'','\'','\'','\'','\'','\'','\'','\'','\'','\'','\'','\'','\'','\'','\'','\'','\'','\'','\'','\'','\'','\'','\'','\'','\'','\'','\'','\'','\'','\'','\'','\'','\'','\'','\'','\'','\'','\'','\'','\'','\'','\'','\'','\'','\'','\'','\'','\'','\'','\'','\'','\'','\'','\'','\'','\'','\'','\'','\'','\'','\'','\'','\'','\'','\'','\'','\'','\'','\'','\''}; 
Previous 24: main:buf:1={'-','-','-','-','-','-','-','-','-','-','-','-','-','-','-','-','-','-','-','-','-','-','-','-','-','-','-','-','-','-','-','-','=','=','=','=','=','=','=','=','=','=','=','=','=','=','=','=','=','=','=','=','=','=','=','=','=','=','=','=','=','=','+','+','+','+','+','+','+','+','+','+','+','+','+','+','+','+','+','+','+','+','+','+','+','+','+','+','+','+','+','+','+','+','+','+','+','+','+','+'}; 
Previous 25: main:buf:1={'w','p','k','r','G','d','e','Z','q','n','U','O','g','H','5','X','S','m','R','t','J','T','3','c','V','1','l','f','Z','2','u','P','w','L','b','6','Q','z','Z','v','P','x','9','f','c','F','S','q','m','2','D','E','r','C','i','Y','b','k','O','z','4','3','q','a','L','P','c','j','s','g','g','b','8','h','Y','D','n','u','a','n','x','A','p','w','S','l','v','V','g','k','R','o','3','i','e','q','J','n','p','z'}; 
Previous 26: main:buf:1={'\'','`','<','h','?','j','|','k','l','p','b','H','4','-','g','K','o','l','D',';','s','7','5','p','6','w','K','c','>','p','l','?','x','!','q','j','b','w','V','-','M','x','Z','t','y','M','m','}','O','A','e',';','9','C','0','6','?','-','i','c','1','9','u','j','U','T','p','u','#','Z','i','8','A','5','9','f','Z','t','b','g','-','k','g','n','P','q','n','r','Z','Y','!','%','g','a','u','z','e','M','e','z'}; 
Previous 27: main:buf:1={'C','C','C','C','C','C','C','C','C','C','C','C','C','C','C','C','C','C','C','C','C','C','C','C','C','C','C','C','C','C','C','C','C','C','C','C','C','C','C','C','C','C','C','C','C','C','C','C','C','C','C','C','C','C','C','C','C','C','C','C','C','C','C','C','C','C','C','C','C','C','C','C','C','C','C','C','C','C','C','C','C','C','C','C','C','C','C','C','C','C','C','C','C','C','C','C','C','C','C','C'}; 
Previous 28: main:buf:1={'\'','\'','a','a','a','a','a','a','a','a','a','a','a','a','a','a','a','a','a','a','a','a','a','a','a','a','a','a','a','a','a','a','a','a','a','a','a','a','a','a','a','a','a','a','a','a','a','a','a','a','a','a','a','a','a','a','a','a','a','a','a','a','a','a','a','a','a','a','a','a','a','a','a','a','a','a','a','a','a','a','a','a','a','a','a','a','a','a','a','a','a','a','a','a','a','a','a','a','a','a'}; 
Previous 29: main:buf:1={'Z','Z','Z','Z','Z','Z','Z','Z','Z','Z','Z','Z','Z','Z','Z','Z','Z','Z','Z','Z','Z','Z','Z','Z','Z','Z','Z','Z','Z','Z','Z','Z','Z','Z','Z','Z','Z','Z','Z','Z','Z','Z','Z','Z','Z','Z','Z','Z','Z','Z','Z','Z','Z','Z','Z','Z','Z','Z','Z','Z','Z','Z','Z','Z','Z','Z','Z','Z','Z','Z','Z','Z','Z','Z','Z','Z','Z','Z','Z','Z','Z','Z','Z','Z','Z','Z','Z','Z','Z','Z','Z','Z','Z','Z','Z','Z','Z','Z','Z','Z'}; 
Previous 30: main:buf:1={'q','q','q','q','q','q','q','q','q','q','q','q','q','q','q','q','q','q','q','q','q','q','q','q','q','q','q','q','q','q','q','q','q','q','q','q','q','q','q','q','q','q','q','q','q','q','q','q','q','q','q','q','q','q','q','q','q','q','q','q','q','q','q','q','q','q','q','q','q','q','q','q','q','q','q','q','q','q','q','q','q','q','q','q','q','q','q','q','q','q','q','q','q','q','q','q','q','q','q','q'}; 
Previous 31: main:buf:1={'N','a','a','a','a','a','a','a','a','a','a','a','a','a','a','a','a','a','a','a','a','a','a','a','a','a','a','a','a','a','a','a','a','a','a','a','a','a','a','a','a','a','a','a','a','a','a','a','a','a','a','a','a','a','a','a','a','a','a','a','a','a','a','a','a','a','a','a','a','a','a','a','a','a','a','a','a','a','a','a','a','a','a','a','a','a','a','a','a','a','a','a','a','a','a','a','a','a','a','a'}; 
Previous 32: main:buf:1={'A','B','C','D','E','F','G','H','I','J','K','L','M','N','O','P','Q','R','S','T','U','V','W','X','Y','Z','a','b','c','d','e','f','g','h','i','j','k','l','m','n','o','p','q','r','s','t','u','v','w','x','y','z','0','1','2','3','4','5','6','7','8','9','!','@','#','$','%','^','&','*','(',')','-','_','=','[',']','{','}','|',':',';','<','>',',','?','/','~','`',' ','!','#','1','x','y','c','d','e','f','g'}; 
Previous 33: main:buf:1={'m','n','m','n','m','n','m','n','m','n','m','n','m','n','m','n','m','n','m','n','m','n','m','n','m','n','m','n','m','n','m','n','m','n','m','n','m','n','m','n','m','n','m','n','m','n','m','n','m','n','m','n','m','n','m','n','m','n','m','n','m','n','m','n','m','n','m','n','m','n','m','n','m','n','m','n','m','n','m','n','m','n','m','n','m','n','m','n','m','n','m','n','m','n','m','n','m','n','m','n'}; 
Previous 34: main:buf:1={'z','z','z','z','z','z','z','z','z','z','z','z','z','z','z','z','z','z','z','z','z','z','z','z','z','z','z','z','z','z','z','z','z','z','z','z','z','z','z','z','z','z','z','z','z','z','z','z','z','z','z','z','z','z','z','z','z','z','z','z','z','z','z','z','z','z','z','z','z','z','z','z','z','z','z','z','z','z','z','z','z','z','z','z','z','z','z','z','z','z','z','z','z','z','z','z','z','z','z','z'}; 
Previous 35: main:buf:1={'A','B','C','D','E','F','G','H','I','J','K','L','M','N','O','P','Q','R','S','T','U','V','W','X','Y','Z','a','b','c','d','e','f','g','h','i','j','k','l','m','n','o','p','q','r','s','t','u','v','w','x','y','z','0','1','2','3','4','5','6','7','8','9','!','@','#','$','%','^','&','*','(',')','-','_','+','=','[',']','{','}','|',';',';',':',',','.','<','>','?',' ','/','?','?','?','?','?','?','?','?','?'}; 
Previous 36: main:buf:1={'\'','\'','\'','\'','\'','\'','\'','\'','\'','\'','\'','\'','\'','\'','\'','\'','\'','\'','\'','\'','\'','\'','\'','\'','\'','\'','\'','\'','\'','\'','\'','\'','\'','\'','\'','\'','\'','\'','\'','\'','\'','\'','\'','\'','\'','\'','\'','\'','\'','\'','\'','\'','\'','\'','\'','\'','\'','\'','\'','\'','\'','\'','\'','\'','\'','\'','\'','\'','\'','\'','\'','\'','\'','\'','\'','\'','\'','\'','\'','\'','\'','\'','\'','\'','\'','\'','\'','\'','\'','\'','\'','\'','\'','\'','\'','\'','\'','\'','a','a'}; 
Previous 37: main:buf:1={'\'','0','\'',',','\'','0','\'',',','\'','0','\'',',','\'','0','\'',',','\'','0','\'',',','\'','0','\'',',','\'','0','\'',',','\'','0','\'',',','\'','0','\'',',','\'','0','\'',',','\'','0','\'',',','\'','0','\'',',','\'','0','\'',',','\'','0','\'',',','\'','0','\'',',','\'','0','\'',',','\'','0','\'',',','\'','0','\'',',','\'','0','\'',',','\'','0','\'',',','\'','0','\'',',','\'','0','\'',',','\'','0','\'',',','\'','0','\'',',','\'','0','\'',','}; 
Previous 38: main:buf:1={'\'','0','\'','\'','a','\'','\'','a','\'','\'','a','\'','\'','a','\'','\'','a','\'','\'','a','\'','\'','a','\'','\'','a','\'','\'','a','\'','\'','a','\'','\'','a','\'','\'','a','\'','\'','a','\'','\'','a','\'','\'','a','\'','\'','a','\'','\'','a','\'','\'','a','\'','\'','a','\'','\'','a','\'','\'','a','\'','\'','a','\'','\'','a','\'','\'','a','\'','\'','a','\'','\'','a','\'','\'','a','\'','\'','a','\'','\'','a','\'','\'','a','\'','\'','a','\'','\'','a','\'','\''}; 
Previous 39: main:buf:1={'\'','a','\'','\'','b','\'','\'','c','\'','\'','d','\'','\'','e','\'','\'','f','\'','\'','g','\'','\'','h','\'','\'','i','\'','\'','j','\'','\'','a','\'','\'','b','\'','\'','c','\'','\'','d','\'','\'','e','\'','\'','f','\'','\'','g','\'','\'','h','\'','\'','i','\'','\'','j','\'','\'','a','\'','\'','b','\'','\'','c','\'','\'','d','\'','\'','e','\'','\'','f','\'','\'','g','\'','\'','h','\'','\'','i','\'','\'','j','\'','\'','a','\'','\'','b','\'','\'','c','\'','\''}; 
Previous 40: main:buf:1={'X','X','X','X','X','X','X','X','X','X','X','X','X','X','X','X','X','X','X','X','X','X','X','X','X','X','X','X','X','X','X','X','X','X','X','X','X','X','X','X','X','X','X','X','X','X','X','X','X','X','X','X','X','X','X','X','X','X','X','X','X','X','X','X','X','X','X','X','X','X','X','X','X','X','X','X','X','X','X','X','X','X','X','X','X','X','X','X','X','X','X','X','X','X','X','X','X','X','X','X'}; 
Previous 41: main:buf:1={'A','B','C','D','E','F','G','H','I','J','K','L','M','N','O','P','Q','R','S','T','U','V','W','X','Y','Z','A','B','C','D','E','F','G','H','I','J','K','L','M','N','O','P','Q','R','S','T','U','V','W','X','Y','Z','A','B','C','D','E','F','G','H','I','J','K','L','M','N','O','P','Q','R','S','T','U','V','W','X','Y','Z','A','B','C','D','E','F','G','H','I','J','K','L','M','N','O','P','Q','R','S','T','U','a'}; 
Previous 42: main:buf:1={'_','a','a','a','a','a','a','a','a','a','a','a','a','a','a','a','a','a','a','a','a','a','a','a','a','a','a','a','a','a','a','a','a','a','a','a','a','a','a','a','a','a','a','a','a','a','a','a','a','a','a','a','a','a','a','a','a','a','a','a','a','a','a','a','a','a','a','a','a','a','a','a','a','a','a','a','a','a','a','a','a','a','a','a','a','a','a','a','a','a','a','a','a','a','a','a','a','a','a','a'}; 
Previous 43: main:buf:1={'n','a','a','a','a','a','a','a','a','a','a','a','a','a','a','a','a','a','a','a','a','a','a','a','a','a','a','a','a','a','a','a','a','a','a','a','a','a','a','a','a','a','a','a','a','a','a','a','a','a','a','a','a','a','a','a','a','a','a','a','a','a','a','a','a','a','a','a','a','a','a','a','a','a','a','a','a','a','a','a','a','a','a','a','a','a','a','a','a','a','a','a','a','a','a','a','a','a','a','a'}; 
Previous 44: main:buf:1={'a','b','c','d','e','f','g','h','i','j','k','l','a','b','c','d','e','f','g','h','i','j','k','l','a','b','c','d','e','f','g','h','i','j','k','l','a','b','c','d','e','f','g','h','i','j','k','l','a','b','c','d','e','f','g','h','i','j','k','l','a','b','c','d','e','f','g','h','i','j','k','l','a','b','c','d','e','f','g','h','i','j','k','l','a','b','c','d','e','f','g','h','i','j','k','l','a','b','c','d'}; 
Previous 45: main:buf:1={'d','d','d','d','d','d','d','d','d','d','d','d','d','d','d','d','d','d','d','d','d','d','d','d','d','d','d','d','d','d','d','d','d','d','d','d','d','d','d','d','d','d','d','d','d','d','d','d','d','d','d','d','d','d','d','d','d','d','d','d','d','d','d','d','d','d','d','d','d','d','d','d','d','d','d','d','d','d','d','d','d','d','d','d','d','d','d','d','d','d','d','d','d','d','d','d','d','d','d','d'}; 
Previous 46: main:buf:1={':','a','a','a','a','a','a','a','a','a','a','a','a','a','a','a','a','a','a','a','a','a','a','a','a','a','a','a','a','a','a','a','a','a','a','a','a','a','a','a','a','a','a','a','a','a','a','a','a','a','a','a','a','a','a','a','a','a','a','a','a','a','a','a','a','a','a','a','a','a','a','a','a','a','a','a','a','a','a','a','a','a','a','a','a','a','a','a','a','a','a','a','a','a','a','a','a','x','y','a'}; 
Previous 47: main:buf:1={'\'','x','0','1','\'',',','\'','x','0','2','\'',',','\'','x','0','3','\'',',','\'','x','0','4','\'',',','\'','x','0','5','\'',',','\'','x','0','6','\'',',','\'','x','0','7','\'',',','\'','x','0','8','\'',',','\'','x','0','9','\'',',','\'','x','0','a','\'',',','\'','x','0','b','\'',',','\'','x','0','c','\'',',','\'','x','0','d','\'',',','\'','x','0','e','\'',',','\'','x','0','f','\'',',','\'','x','0','1','0','\'',',','\'','x','0'}; 

Program:
extern char __VERIFIER_nondet_char(void);
/*
Commit Number: cea58cb6d8fe0d27bfcbab57776bd36d5c724ec3
URL: https://github.com/GNOME/evolution-data-server/commit/cea58cb6d8fe0d27bfcbab57776bd36d5c724ec3
Project Name: evolution-data-server
License: GPL2
termination: false


*/
int strcspn(const char *strSrc, const char *str)
{
    const char *s;
    const char *t = strSrc;
    while (*t != '\0')
    {
        s = str;
        while (*s != '\0')
        {
            if (*t == *s )
            return t-strSrc;
            ++s;
        }
        ++t;
    }
    return 0;
}
int main()
{
    char buf[100];
    for( int i = 0 ; i < 99 ; i++ )
        buf[i] = __VERIFIER_nondet_char();
    buf[99] = '\0';
    char *p = buf;
    while( *p )
    {
        int len = strcspn( p , ""\n"");
        p += len;
    }
    return 0;

}

"
