Candidate,Target,Assignments,ProgramPath,ExecutionResult,Label,Accepted,Error,Prompt
1,T,"main:array:1={'}','a','a','a','a','a','a','a','a','a','a','a','a','a','a','a','a','a','a','a','a','a','a','a','a','a','a','a','a','a','a','a','a','a','a','a','a','a','a','a','a','a','a','a','a','a','a','a','a','a','a','a','a','a','a','a','a','a','a','a','a','a','a','a','a','a','a','a','a','a','a','a','a','a','a','a','a','a','a','a','a','a','a','a','a','a','a','a','a','a','a','a','a','a','a','a','a','a','a','a','a'}
",/home/quasar/Documents/FocusTNT/results_InputGeneration/FSE/loop/Incorrect_Control_Statement_1_T/input_generator_artifacts/generated_programs/Incorrect_Control_Statement_1_T_TestCase1.c,COMPLETED,T,true,,"You generate concrete values for nondeterministic inputs in a C/C++ program.
Your goal is to produce ONE complete assignment set that is likely to make the program terminate.

Important rules:
1. Return a value for EVERY listed nondeterministic input ID.
2. Use each ID exactly once.
3. Respect the declared C/C++ type.
4. For an array, return the value as an array containing exactly the required number of elements.
5. For char arrays, each element must be exactly one character. Return the character itself without C single quotes.
6. Prefer small-magnitude values unless larger values are necessary to achieve the requested execution behavior.

Nondeterministic inputs:
- id: main:array:1, type: char, array: true, size: 101, required elements: 101

Program:
extern char __VERIFIER_nondet_char(void);
/*
Commit Number: e6801c90311679fc0854af73da95fe58079c59f4
URL: https://github.com/FreeRADIUS/freeradius-server/commit/e6801c90311679fc0854af73da95fe58079c59f4
Project Name: freeradius-serve
License: GPL2
termination: TRUE
*/
int main()
{
    int stop = 0;
    char array[101];
    for( int i = 0 ; i < 100 ; i++ )
        array[i] =  __VERIFIER_nondet_char();
    array[100] = 0;
    char* p = array;
    while( (*p) && (!stop) )
    {
        switch(*p){
        case '}':
            stop = 1;
            break;

        case ':':
            if( *(p+1) && (*(p+1) == '-')){
                p += 2;
                stop = 1;
                break;
            }

        default:
            p++;
            break;
        }
    }
    return 0;
}

"
2,T,"main:array:1={'0','a','a','a','a','a','a','a','a','a','a','a','a','a','a','a','a','a','a','a','a','a','a','a','a','a','a','a','a','a','a','a','a','a','a','a','a','a','a','a','a','a','a','a','a','a','a','a','a','a','a','a','a','a','a','a','a','a','a','a','a','a','a','a','a','a','a','a','a','a','a','a','a','a','a','a','a','a','a','a','a','a','a','a','a','a','a','a','a','a','a','a','a','a','a','a','a','a','a','a','a'}
",/home/quasar/Documents/FocusTNT/results_InputGeneration/FSE/loop/Incorrect_Control_Statement_1_T/input_generator_artifacts/generated_programs/Incorrect_Control_Statement_1_T_TestCase2.c,COMPLETED,T,true,,"You generate concrete values for nondeterministic inputs in a C/C++ program.
Your goal is to produce ONE complete assignment set that is likely to make the program terminate.

Important rules:
1. Return a value for EVERY listed nondeterministic input ID.
2. Use each ID exactly once.
3. Respect the declared C/C++ type.
4. For an array, return the value as an array containing exactly the required number of elements.
5. For char arrays, each element must be exactly one character. Return the character itself without C single quotes.
6. Prefer small-magnitude values unless larger values are necessary to achieve the requested execution behavior.

Nondeterministic inputs:
- id: main:array:1, type: char, array: true, size: 101, required elements: 101

Previously generated assignment sets are listed below. Generate a materially different set and do not duplicate any of them.
Previous 1: main:array:1={'}','a','a','a','a','a','a','a','a','a','a','a','a','a','a','a','a','a','a','a','a','a','a','a','a','a','a','a','a','a','a','a','a','a','a','a','a','a','a','a','a','a','a','a','a','a','a','a','a','a','a','a','a','a','a','a','a','a','a','a','a','a','a','a','a','a','a','a','a','a','a','a','a','a','a','a','a','a','a','a','a','a','a','a','a','a','a','a','a','a','a','a','a','a','a','a','a','a','a','a','a'}; 

Program:
extern char __VERIFIER_nondet_char(void);
/*
Commit Number: e6801c90311679fc0854af73da95fe58079c59f4
URL: https://github.com/FreeRADIUS/freeradius-server/commit/e6801c90311679fc0854af73da95fe58079c59f4
Project Name: freeradius-serve
License: GPL2
termination: TRUE
*/
int main()
{
    int stop = 0;
    char array[101];
    for( int i = 0 ; i < 100 ; i++ )
        array[i] =  __VERIFIER_nondet_char();
    array[100] = 0;
    char* p = array;
    while( (*p) && (!stop) )
    {
        switch(*p){
        case '}':
            stop = 1;
            break;

        case ':':
            if( *(p+1) && (*(p+1) == '-')){
                p += 2;
                stop = 1;
                break;
            }

        default:
            p++;
            break;
        }
    }
    return 0;
}

"
3,T,"main:array:1={'}','a','a','a','a','a','a','a','a','a','a','a','a','a','a','a','a','a','a','a','a','a','a','a','a','a','a','a','a','a','a','a','a','a','a','a','a','a','a','a','a','a','a','a','a','a','a','a','a','a','a','a','a','a','a','a','a','a','a','a','a','a','a','a','a','a','a','a','a','a','a','a','a','a','a','a','a','a','a','a','a','a','a','a','a','a','a','a','a','a','a','a','a','a','a','a','a','a','a','a','a'}
",,DUPLICATE,,false,,"You generate concrete values for nondeterministic inputs in a C/C++ program.
Your goal is to produce ONE complete assignment set that is likely to make the program terminate.

Important rules:
1. Return a value for EVERY listed nondeterministic input ID.
2. Use each ID exactly once.
3. Respect the declared C/C++ type.
4. For an array, return the value as an array containing exactly the required number of elements.
5. For char arrays, each element must be exactly one character. Return the character itself without C single quotes.
6. Prefer small-magnitude values unless larger values are necessary to achieve the requested execution behavior.

Nondeterministic inputs:
- id: main:array:1, type: char, array: true, size: 101, required elements: 101

Previously generated assignment sets are listed below. Generate a materially different set and do not duplicate any of them.
Previous 1: main:array:1={'}','a','a','a','a','a','a','a','a','a','a','a','a','a','a','a','a','a','a','a','a','a','a','a','a','a','a','a','a','a','a','a','a','a','a','a','a','a','a','a','a','a','a','a','a','a','a','a','a','a','a','a','a','a','a','a','a','a','a','a','a','a','a','a','a','a','a','a','a','a','a','a','a','a','a','a','a','a','a','a','a','a','a','a','a','a','a','a','a','a','a','a','a','a','a','a','a','a','a','a','a'}; 
Previous 2: main:array:1={'0','a','a','a','a','a','a','a','a','a','a','a','a','a','a','a','a','a','a','a','a','a','a','a','a','a','a','a','a','a','a','a','a','a','a','a','a','a','a','a','a','a','a','a','a','a','a','a','a','a','a','a','a','a','a','a','a','a','a','a','a','a','a','a','a','a','a','a','a','a','a','a','a','a','a','a','a','a','a','a','a','a','a','a','a','a','a','a','a','a','a','a','a','a','a','a','a','a','a','a','a'}; 

Program:
extern char __VERIFIER_nondet_char(void);
/*
Commit Number: e6801c90311679fc0854af73da95fe58079c59f4
URL: https://github.com/FreeRADIUS/freeradius-server/commit/e6801c90311679fc0854af73da95fe58079c59f4
Project Name: freeradius-serve
License: GPL2
termination: TRUE
*/
int main()
{
    int stop = 0;
    char array[101];
    for( int i = 0 ; i < 100 ; i++ )
        array[i] =  __VERIFIER_nondet_char();
    array[100] = 0;
    char* p = array;
    while( (*p) && (!stop) )
    {
        switch(*p){
        case '}':
            stop = 1;
            break;

        case ':':
            if( *(p+1) && (*(p+1) == '-')){
                p += 2;
                stop = 1;
                break;
            }

        default:
            p++;
            break;
        }
    }
    return 0;
}

"
4,T,"main:array:1={'a','a','a','a','a','a','a','a','a','a','a','a','a','a','a','a','a','a','a','a','a','a','a','a','a','a','a','a','a','a','a','a','a','a','a','a','a','a','a','a','a','a','a','a','a','a','a','a','a','a','a','a','a','a','a','a','a','a','a','a','a','a','a','a','a','a','a','a','a','a','a','a','a','a','a','a','a','a','a','a','a','a','a','a','a','a','a','a','a','a','a','a','a','a','a','a','a','a','a','a','a'}
",/home/quasar/Documents/FocusTNT/results_InputGeneration/FSE/loop/Incorrect_Control_Statement_1_T/input_generator_artifacts/generated_programs/Incorrect_Control_Statement_1_T_TestCase3.c,COMPLETED,T,true,,"You generate concrete values for nondeterministic inputs in a C/C++ program.
Your goal is to produce ONE complete assignment set that is likely to make the program terminate.

Important rules:
1. Return a value for EVERY listed nondeterministic input ID.
2. Use each ID exactly once.
3. Respect the declared C/C++ type.
4. For an array, return the value as an array containing exactly the required number of elements.
5. For char arrays, each element must be exactly one character. Return the character itself without C single quotes.
6. Prefer small-magnitude values unless larger values are necessary to achieve the requested execution behavior.

Nondeterministic inputs:
- id: main:array:1, type: char, array: true, size: 101, required elements: 101

Previously generated assignment sets are listed below. Generate a materially different set and do not duplicate any of them.
Previous 1: main:array:1={'}','a','a','a','a','a','a','a','a','a','a','a','a','a','a','a','a','a','a','a','a','a','a','a','a','a','a','a','a','a','a','a','a','a','a','a','a','a','a','a','a','a','a','a','a','a','a','a','a','a','a','a','a','a','a','a','a','a','a','a','a','a','a','a','a','a','a','a','a','a','a','a','a','a','a','a','a','a','a','a','a','a','a','a','a','a','a','a','a','a','a','a','a','a','a','a','a','a','a','a','a'}; 
Previous 2: main:array:1={'0','a','a','a','a','a','a','a','a','a','a','a','a','a','a','a','a','a','a','a','a','a','a','a','a','a','a','a','a','a','a','a','a','a','a','a','a','a','a','a','a','a','a','a','a','a','a','a','a','a','a','a','a','a','a','a','a','a','a','a','a','a','a','a','a','a','a','a','a','a','a','a','a','a','a','a','a','a','a','a','a','a','a','a','a','a','a','a','a','a','a','a','a','a','a','a','a','a','a','a','a'}; 

Program:
extern char __VERIFIER_nondet_char(void);
/*
Commit Number: e6801c90311679fc0854af73da95fe58079c59f4
URL: https://github.com/FreeRADIUS/freeradius-server/commit/e6801c90311679fc0854af73da95fe58079c59f4
Project Name: freeradius-serve
License: GPL2
termination: TRUE
*/
int main()
{
    int stop = 0;
    char array[101];
    for( int i = 0 ; i < 100 ; i++ )
        array[i] =  __VERIFIER_nondet_char();
    array[100] = 0;
    char* p = array;
    while( (*p) && (!stop) )
    {
        switch(*p){
        case '}':
            stop = 1;
            break;

        case ':':
            if( *(p+1) && (*(p+1) == '-')){
                p += 2;
                stop = 1;
                break;
            }

        default:
            p++;
            break;
        }
    }
    return 0;
}

"
5,T,"main:array:1={'}','a','a','a','a','a','a','a','a','a','a','a','a','a','a','a','a','a','a','a','a','a','a','a','a','a','a','a','a','a','a','a','a','a','a','a','a','a','a','a','a','a','a','a','a','a','a','a','a','a','a','a','a','a','a','a','a','a','a','a','a','a','a','a','a','a','a','a','a','a','a','a','a','a','a','a','a','a','a','a','a','a','a','a','a','a','a','a','a','a','a','a','a','a','a','a','a','a','a','a','a'}
",,DUPLICATE,,false,,"You generate concrete values for nondeterministic inputs in a C/C++ program.
Your goal is to produce ONE complete assignment set that is likely to make the program terminate.

Important rules:
1. Return a value for EVERY listed nondeterministic input ID.
2. Use each ID exactly once.
3. Respect the declared C/C++ type.
4. For an array, return the value as an array containing exactly the required number of elements.
5. For char arrays, each element must be exactly one character. Return the character itself without C single quotes.
6. Prefer small-magnitude values unless larger values are necessary to achieve the requested execution behavior.

Nondeterministic inputs:
- id: main:array:1, type: char, array: true, size: 101, required elements: 101

Previously generated assignment sets are listed below. Generate a materially different set and do not duplicate any of them.
Previous 1: main:array:1={'}','a','a','a','a','a','a','a','a','a','a','a','a','a','a','a','a','a','a','a','a','a','a','a','a','a','a','a','a','a','a','a','a','a','a','a','a','a','a','a','a','a','a','a','a','a','a','a','a','a','a','a','a','a','a','a','a','a','a','a','a','a','a','a','a','a','a','a','a','a','a','a','a','a','a','a','a','a','a','a','a','a','a','a','a','a','a','a','a','a','a','a','a','a','a','a','a','a','a','a','a'}; 
Previous 2: main:array:1={'0','a','a','a','a','a','a','a','a','a','a','a','a','a','a','a','a','a','a','a','a','a','a','a','a','a','a','a','a','a','a','a','a','a','a','a','a','a','a','a','a','a','a','a','a','a','a','a','a','a','a','a','a','a','a','a','a','a','a','a','a','a','a','a','a','a','a','a','a','a','a','a','a','a','a','a','a','a','a','a','a','a','a','a','a','a','a','a','a','a','a','a','a','a','a','a','a','a','a','a','a'}; 
Previous 3: main:array:1={'a','a','a','a','a','a','a','a','a','a','a','a','a','a','a','a','a','a','a','a','a','a','a','a','a','a','a','a','a','a','a','a','a','a','a','a','a','a','a','a','a','a','a','a','a','a','a','a','a','a','a','a','a','a','a','a','a','a','a','a','a','a','a','a','a','a','a','a','a','a','a','a','a','a','a','a','a','a','a','a','a','a','a','a','a','a','a','a','a','a','a','a','a','a','a','a','a','a','a','a','a'}; 

Program:
extern char __VERIFIER_nondet_char(void);
/*
Commit Number: e6801c90311679fc0854af73da95fe58079c59f4
URL: https://github.com/FreeRADIUS/freeradius-server/commit/e6801c90311679fc0854af73da95fe58079c59f4
Project Name: freeradius-serve
License: GPL2
termination: TRUE
*/
int main()
{
    int stop = 0;
    char array[101];
    for( int i = 0 ; i < 100 ; i++ )
        array[i] =  __VERIFIER_nondet_char();
    array[100] = 0;
    char* p = array;
    while( (*p) && (!stop) )
    {
        switch(*p){
        case '}':
            stop = 1;
            break;

        case ':':
            if( *(p+1) && (*(p+1) == '-')){
                p += 2;
                stop = 1;
                break;
            }

        default:
            p++;
            break;
        }
    }
    return 0;
}

"
6,T,"main:array:1={' ',' ',' ',' ',' ',' ',' ',' ',' ',' ',' ',' ',' ',' ',' ',' ',' ',' ',' ',' ',' ',' ',' ',' ',' ',' ',' ',' ',' ',' ',' ',' ',' ',' ',' ',' ',' ',' ',' ',' ',' ',' ',' ',' ',' ',' ',' ',' ',' ',' ',' ',' ',' ',' ',' ',' ',' ',' ',' ',' ',' ',' ',' ',' ',' ',' ',' ',' ',' ',' ',' ',' ',' ',' ',' ',' ',' ',' ',' ',' ',' ',' ',' ',' ',' ',' ',' ',' ',' ',' ',' ',' ',' ',' ',' ',' ',' ',' ',' ',' ',' '}
",/home/quasar/Documents/FocusTNT/results_InputGeneration/FSE/loop/Incorrect_Control_Statement_1_T/input_generator_artifacts/generated_programs/Incorrect_Control_Statement_1_T_TestCase4.c,COMPLETED,T,true,,"You generate concrete values for nondeterministic inputs in a C/C++ program.
Your goal is to produce ONE complete assignment set that is likely to make the program terminate.

Important rules:
1. Return a value for EVERY listed nondeterministic input ID.
2. Use each ID exactly once.
3. Respect the declared C/C++ type.
4. For an array, return the value as an array containing exactly the required number of elements.
5. For char arrays, each element must be exactly one character. Return the character itself without C single quotes.
6. Prefer small-magnitude values unless larger values are necessary to achieve the requested execution behavior.

Nondeterministic inputs:
- id: main:array:1, type: char, array: true, size: 101, required elements: 101

Previously generated assignment sets are listed below. Generate a materially different set and do not duplicate any of them.
Previous 1: main:array:1={'}','a','a','a','a','a','a','a','a','a','a','a','a','a','a','a','a','a','a','a','a','a','a','a','a','a','a','a','a','a','a','a','a','a','a','a','a','a','a','a','a','a','a','a','a','a','a','a','a','a','a','a','a','a','a','a','a','a','a','a','a','a','a','a','a','a','a','a','a','a','a','a','a','a','a','a','a','a','a','a','a','a','a','a','a','a','a','a','a','a','a','a','a','a','a','a','a','a','a','a','a'}; 
Previous 2: main:array:1={'0','a','a','a','a','a','a','a','a','a','a','a','a','a','a','a','a','a','a','a','a','a','a','a','a','a','a','a','a','a','a','a','a','a','a','a','a','a','a','a','a','a','a','a','a','a','a','a','a','a','a','a','a','a','a','a','a','a','a','a','a','a','a','a','a','a','a','a','a','a','a','a','a','a','a','a','a','a','a','a','a','a','a','a','a','a','a','a','a','a','a','a','a','a','a','a','a','a','a','a','a'}; 
Previous 3: main:array:1={'a','a','a','a','a','a','a','a','a','a','a','a','a','a','a','a','a','a','a','a','a','a','a','a','a','a','a','a','a','a','a','a','a','a','a','a','a','a','a','a','a','a','a','a','a','a','a','a','a','a','a','a','a','a','a','a','a','a','a','a','a','a','a','a','a','a','a','a','a','a','a','a','a','a','a','a','a','a','a','a','a','a','a','a','a','a','a','a','a','a','a','a','a','a','a','a','a','a','a','a','a'}; 

Program:
extern char __VERIFIER_nondet_char(void);
/*
Commit Number: e6801c90311679fc0854af73da95fe58079c59f4
URL: https://github.com/FreeRADIUS/freeradius-server/commit/e6801c90311679fc0854af73da95fe58079c59f4
Project Name: freeradius-serve
License: GPL2
termination: TRUE
*/
int main()
{
    int stop = 0;
    char array[101];
    for( int i = 0 ; i < 100 ; i++ )
        array[i] =  __VERIFIER_nondet_char();
    array[100] = 0;
    char* p = array;
    while( (*p) && (!stop) )
    {
        switch(*p){
        case '}':
            stop = 1;
            break;

        case ':':
            if( *(p+1) && (*(p+1) == '-')){
                p += 2;
                stop = 1;
                break;
            }

        default:
            p++;
            break;
        }
    }
    return 0;
}

"
7,T,"main:array:1={'a','b','c','d','e','f','g','h','i','j','k','l','m','n','o','p','q','r','s','t','u','v','w','x','y','z','a','b','c','d','e','f','g','h','i','j','k','l','m','n','o','p','q','r','s','t','u','v','w','x','y','z','a','b','c','d','e','f','g','h','i','j','k','l','m','n','o','p','q','r','s','t','u','v','w','x','y','z','a','b','c','d','e','f','g','h','i','j','k','l','m','n','o','p','q','r','s','t','u','v','w'}
",/home/quasar/Documents/FocusTNT/results_InputGeneration/FSE/loop/Incorrect_Control_Statement_1_T/input_generator_artifacts/generated_programs/Incorrect_Control_Statement_1_T_TestCase5.c,COMPLETED,T,true,,"You generate concrete values for nondeterministic inputs in a C/C++ program.
Your goal is to produce ONE complete assignment set that is likely to make the program terminate.

Important rules:
1. Return a value for EVERY listed nondeterministic input ID.
2. Use each ID exactly once.
3. Respect the declared C/C++ type.
4. For an array, return the value as an array containing exactly the required number of elements.
5. For char arrays, each element must be exactly one character. Return the character itself without C single quotes.
6. Prefer small-magnitude values unless larger values are necessary to achieve the requested execution behavior.

Nondeterministic inputs:
- id: main:array:1, type: char, array: true, size: 101, required elements: 101

Previously generated assignment sets are listed below. Generate a materially different set and do not duplicate any of them.
Previous 1: main:array:1={'}','a','a','a','a','a','a','a','a','a','a','a','a','a','a','a','a','a','a','a','a','a','a','a','a','a','a','a','a','a','a','a','a','a','a','a','a','a','a','a','a','a','a','a','a','a','a','a','a','a','a','a','a','a','a','a','a','a','a','a','a','a','a','a','a','a','a','a','a','a','a','a','a','a','a','a','a','a','a','a','a','a','a','a','a','a','a','a','a','a','a','a','a','a','a','a','a','a','a','a','a'}; 
Previous 2: main:array:1={'0','a','a','a','a','a','a','a','a','a','a','a','a','a','a','a','a','a','a','a','a','a','a','a','a','a','a','a','a','a','a','a','a','a','a','a','a','a','a','a','a','a','a','a','a','a','a','a','a','a','a','a','a','a','a','a','a','a','a','a','a','a','a','a','a','a','a','a','a','a','a','a','a','a','a','a','a','a','a','a','a','a','a','a','a','a','a','a','a','a','a','a','a','a','a','a','a','a','a','a','a'}; 
Previous 3: main:array:1={'a','a','a','a','a','a','a','a','a','a','a','a','a','a','a','a','a','a','a','a','a','a','a','a','a','a','a','a','a','a','a','a','a','a','a','a','a','a','a','a','a','a','a','a','a','a','a','a','a','a','a','a','a','a','a','a','a','a','a','a','a','a','a','a','a','a','a','a','a','a','a','a','a','a','a','a','a','a','a','a','a','a','a','a','a','a','a','a','a','a','a','a','a','a','a','a','a','a','a','a','a'}; 
Previous 4: main:array:1={' ',' ',' ',' ',' ',' ',' ',' ',' ',' ',' ',' ',' ',' ',' ',' ',' ',' ',' ',' ',' ',' ',' ',' ',' ',' ',' ',' ',' ',' ',' ',' ',' ',' ',' ',' ',' ',' ',' ',' ',' ',' ',' ',' ',' ',' ',' ',' ',' ',' ',' ',' ',' ',' ',' ',' ',' ',' ',' ',' ',' ',' ',' ',' ',' ',' ',' ',' ',' ',' ',' ',' ',' ',' ',' ',' ',' ',' ',' ',' ',' ',' ',' ',' ',' ',' ',' ',' ',' ',' ',' ',' ',' ',' ',' ',' ',' ',' ',' ',' ',' '}; 

Program:
extern char __VERIFIER_nondet_char(void);
/*
Commit Number: e6801c90311679fc0854af73da95fe58079c59f4
URL: https://github.com/FreeRADIUS/freeradius-server/commit/e6801c90311679fc0854af73da95fe58079c59f4
Project Name: freeradius-serve
License: GPL2
termination: TRUE
*/
int main()
{
    int stop = 0;
    char array[101];
    for( int i = 0 ; i < 100 ; i++ )
        array[i] =  __VERIFIER_nondet_char();
    array[100] = 0;
    char* p = array;
    while( (*p) && (!stop) )
    {
        switch(*p){
        case '}':
            stop = 1;
            break;

        case ':':
            if( *(p+1) && (*(p+1) == '-')){
                p += 2;
                stop = 1;
                break;
            }

        default:
            p++;
            break;
        }
    }
    return 0;
}

"
8,T,"main:array:1={'1','A','B','C','D','E','F','G','H','I','J','K','L','M','N','O','P','Q','R','S','T','U','V','W','X','Y','Z','A','B','C','D','E','F','G','H','I','J','K','L','M','N','O','P','Q','R','S','T','U','V','W','X','Y','Z','A','B','C','D','E','F','G','H','I','J','K','L','M','N','O','P','Q','R','S','T','U','V','W','X','Y','Z','A','B','C','D','E','F','G','H','I','J','K','L','M','N','O','P','Q','R','S','T','U','V'}
",/home/quasar/Documents/FocusTNT/results_InputGeneration/FSE/loop/Incorrect_Control_Statement_1_T/input_generator_artifacts/generated_programs/Incorrect_Control_Statement_1_T_TestCase6.c,COMPLETED,T,true,,"You generate concrete values for nondeterministic inputs in a C/C++ program.
Your goal is to produce ONE complete assignment set that is likely to make the program terminate.

Important rules:
1. Return a value for EVERY listed nondeterministic input ID.
2. Use each ID exactly once.
3. Respect the declared C/C++ type.
4. For an array, return the value as an array containing exactly the required number of elements.
5. For char arrays, each element must be exactly one character. Return the character itself without C single quotes.
6. Prefer small-magnitude values unless larger values are necessary to achieve the requested execution behavior.

Nondeterministic inputs:
- id: main:array:1, type: char, array: true, size: 101, required elements: 101

Previously generated assignment sets are listed below. Generate a materially different set and do not duplicate any of them.
Previous 1: main:array:1={'}','a','a','a','a','a','a','a','a','a','a','a','a','a','a','a','a','a','a','a','a','a','a','a','a','a','a','a','a','a','a','a','a','a','a','a','a','a','a','a','a','a','a','a','a','a','a','a','a','a','a','a','a','a','a','a','a','a','a','a','a','a','a','a','a','a','a','a','a','a','a','a','a','a','a','a','a','a','a','a','a','a','a','a','a','a','a','a','a','a','a','a','a','a','a','a','a','a','a','a','a'}; 
Previous 2: main:array:1={'0','a','a','a','a','a','a','a','a','a','a','a','a','a','a','a','a','a','a','a','a','a','a','a','a','a','a','a','a','a','a','a','a','a','a','a','a','a','a','a','a','a','a','a','a','a','a','a','a','a','a','a','a','a','a','a','a','a','a','a','a','a','a','a','a','a','a','a','a','a','a','a','a','a','a','a','a','a','a','a','a','a','a','a','a','a','a','a','a','a','a','a','a','a','a','a','a','a','a','a','a'}; 
Previous 3: main:array:1={'a','a','a','a','a','a','a','a','a','a','a','a','a','a','a','a','a','a','a','a','a','a','a','a','a','a','a','a','a','a','a','a','a','a','a','a','a','a','a','a','a','a','a','a','a','a','a','a','a','a','a','a','a','a','a','a','a','a','a','a','a','a','a','a','a','a','a','a','a','a','a','a','a','a','a','a','a','a','a','a','a','a','a','a','a','a','a','a','a','a','a','a','a','a','a','a','a','a','a','a','a'}; 
Previous 4: main:array:1={' ',' ',' ',' ',' ',' ',' ',' ',' ',' ',' ',' ',' ',' ',' ',' ',' ',' ',' ',' ',' ',' ',' ',' ',' ',' ',' ',' ',' ',' ',' ',' ',' ',' ',' ',' ',' ',' ',' ',' ',' ',' ',' ',' ',' ',' ',' ',' ',' ',' ',' ',' ',' ',' ',' ',' ',' ',' ',' ',' ',' ',' ',' ',' ',' ',' ',' ',' ',' ',' ',' ',' ',' ',' ',' ',' ',' ',' ',' ',' ',' ',' ',' ',' ',' ',' ',' ',' ',' ',' ',' ',' ',' ',' ',' ',' ',' ',' ',' ',' ',' '}; 
Previous 5: main:array:1={'a','b','c','d','e','f','g','h','i','j','k','l','m','n','o','p','q','r','s','t','u','v','w','x','y','z','a','b','c','d','e','f','g','h','i','j','k','l','m','n','o','p','q','r','s','t','u','v','w','x','y','z','a','b','c','d','e','f','g','h','i','j','k','l','m','n','o','p','q','r','s','t','u','v','w','x','y','z','a','b','c','d','e','f','g','h','i','j','k','l','m','n','o','p','q','r','s','t','u','v','w'}; 

Program:
extern char __VERIFIER_nondet_char(void);
/*
Commit Number: e6801c90311679fc0854af73da95fe58079c59f4
URL: https://github.com/FreeRADIUS/freeradius-server/commit/e6801c90311679fc0854af73da95fe58079c59f4
Project Name: freeradius-serve
License: GPL2
termination: TRUE
*/
int main()
{
    int stop = 0;
    char array[101];
    for( int i = 0 ; i < 100 ; i++ )
        array[i] =  __VERIFIER_nondet_char();
    array[100] = 0;
    char* p = array;
    while( (*p) && (!stop) )
    {
        switch(*p){
        case '}':
            stop = 1;
            break;

        case ':':
            if( *(p+1) && (*(p+1) == '-')){
                p += 2;
                stop = 1;
                break;
            }

        default:
            p++;
            break;
        }
    }
    return 0;
}

"
9,T,"main:array:1={'a','a','a','a','a','a','a','a','a','a','b','b','b','b','b','b','b','b','b','b','}','c','c','c','c','c','c','c','c','c','c','c','c','c','c','c','c','c','c','c','c','c','c','c','c','c','c','c','c','c','c','c','c','c','c','c','c','c','c','c','c','c','c','c','c','c','c','c','c','c','c','c','c','c','c','c','c','c','c','c','c','c','c','c','c','c','c','c','c','c','c','c','c','c','c','c','c','c','c','c','d'}
",/home/quasar/Documents/FocusTNT/results_InputGeneration/FSE/loop/Incorrect_Control_Statement_1_T/input_generator_artifacts/generated_programs/Incorrect_Control_Statement_1_T_TestCase7.c,COMPLETED,T,true,,"You generate concrete values for nondeterministic inputs in a C/C++ program.
Your goal is to produce ONE complete assignment set that is likely to make the program terminate.

Important rules:
1. Return a value for EVERY listed nondeterministic input ID.
2. Use each ID exactly once.
3. Respect the declared C/C++ type.
4. For an array, return the value as an array containing exactly the required number of elements.
5. For char arrays, each element must be exactly one character. Return the character itself without C single quotes.
6. Prefer small-magnitude values unless larger values are necessary to achieve the requested execution behavior.

Nondeterministic inputs:
- id: main:array:1, type: char, array: true, size: 101, required elements: 101

Previously generated assignment sets are listed below. Generate a materially different set and do not duplicate any of them.
Previous 1: main:array:1={'}','a','a','a','a','a','a','a','a','a','a','a','a','a','a','a','a','a','a','a','a','a','a','a','a','a','a','a','a','a','a','a','a','a','a','a','a','a','a','a','a','a','a','a','a','a','a','a','a','a','a','a','a','a','a','a','a','a','a','a','a','a','a','a','a','a','a','a','a','a','a','a','a','a','a','a','a','a','a','a','a','a','a','a','a','a','a','a','a','a','a','a','a','a','a','a','a','a','a','a','a'}; 
Previous 2: main:array:1={'0','a','a','a','a','a','a','a','a','a','a','a','a','a','a','a','a','a','a','a','a','a','a','a','a','a','a','a','a','a','a','a','a','a','a','a','a','a','a','a','a','a','a','a','a','a','a','a','a','a','a','a','a','a','a','a','a','a','a','a','a','a','a','a','a','a','a','a','a','a','a','a','a','a','a','a','a','a','a','a','a','a','a','a','a','a','a','a','a','a','a','a','a','a','a','a','a','a','a','a','a'}; 
Previous 3: main:array:1={'a','a','a','a','a','a','a','a','a','a','a','a','a','a','a','a','a','a','a','a','a','a','a','a','a','a','a','a','a','a','a','a','a','a','a','a','a','a','a','a','a','a','a','a','a','a','a','a','a','a','a','a','a','a','a','a','a','a','a','a','a','a','a','a','a','a','a','a','a','a','a','a','a','a','a','a','a','a','a','a','a','a','a','a','a','a','a','a','a','a','a','a','a','a','a','a','a','a','a','a','a'}; 
Previous 4: main:array:1={' ',' ',' ',' ',' ',' ',' ',' ',' ',' ',' ',' ',' ',' ',' ',' ',' ',' ',' ',' ',' ',' ',' ',' ',' ',' ',' ',' ',' ',' ',' ',' ',' ',' ',' ',' ',' ',' ',' ',' ',' ',' ',' ',' ',' ',' ',' ',' ',' ',' ',' ',' ',' ',' ',' ',' ',' ',' ',' ',' ',' ',' ',' ',' ',' ',' ',' ',' ',' ',' ',' ',' ',' ',' ',' ',' ',' ',' ',' ',' ',' ',' ',' ',' ',' ',' ',' ',' ',' ',' ',' ',' ',' ',' ',' ',' ',' ',' ',' ',' ',' '}; 
Previous 5: main:array:1={'a','b','c','d','e','f','g','h','i','j','k','l','m','n','o','p','q','r','s','t','u','v','w','x','y','z','a','b','c','d','e','f','g','h','i','j','k','l','m','n','o','p','q','r','s','t','u','v','w','x','y','z','a','b','c','d','e','f','g','h','i','j','k','l','m','n','o','p','q','r','s','t','u','v','w','x','y','z','a','b','c','d','e','f','g','h','i','j','k','l','m','n','o','p','q','r','s','t','u','v','w'}; 
Previous 6: main:array:1={'1','A','B','C','D','E','F','G','H','I','J','K','L','M','N','O','P','Q','R','S','T','U','V','W','X','Y','Z','A','B','C','D','E','F','G','H','I','J','K','L','M','N','O','P','Q','R','S','T','U','V','W','X','Y','Z','A','B','C','D','E','F','G','H','I','J','K','L','M','N','O','P','Q','R','S','T','U','V','W','X','Y','Z','A','B','C','D','E','F','G','H','I','J','K','L','M','N','O','P','Q','R','S','T','U','V'}; 

Program:
extern char __VERIFIER_nondet_char(void);
/*
Commit Number: e6801c90311679fc0854af73da95fe58079c59f4
URL: https://github.com/FreeRADIUS/freeradius-server/commit/e6801c90311679fc0854af73da95fe58079c59f4
Project Name: freeradius-serve
License: GPL2
termination: TRUE
*/
int main()
{
    int stop = 0;
    char array[101];
    for( int i = 0 ; i < 100 ; i++ )
        array[i] =  __VERIFIER_nondet_char();
    array[100] = 0;
    char* p = array;
    while( (*p) && (!stop) )
    {
        switch(*p){
        case '}':
            stop = 1;
            break;

        case ':':
            if( *(p+1) && (*(p+1) == '-')){
                p += 2;
                stop = 1;
                break;
            }

        default:
            p++;
            break;
        }
    }
    return 0;
}

"
10,T,"main:array:1={'b','b','b','b','b','b','b','b','b','b','b','b','b','b','b','b','b','b','b','b','b','b','b','b','b','b','b','b','b','b','b','b','b','b','b','b','b','b','b','b','b','b','b','b','b','b','b','b','b','b','b','b','b','b','b','b','b','b','b','b','b','b','b','b','b','b','b','b','b','b','b','b','b','b','b','b','b','b','b','b','b','b','b','b','b','b','b','b','b','b','b','b','b','b','b','b','b','b','b','b','b'}
",/home/quasar/Documents/FocusTNT/results_InputGeneration/FSE/loop/Incorrect_Control_Statement_1_T/input_generator_artifacts/generated_programs/Incorrect_Control_Statement_1_T_TestCase8.c,COMPLETED,T,true,,"You generate concrete values for nondeterministic inputs in a C/C++ program.
Your goal is to produce ONE complete assignment set that is likely to make the program terminate.

Important rules:
1. Return a value for EVERY listed nondeterministic input ID.
2. Use each ID exactly once.
3. Respect the declared C/C++ type.
4. For an array, return the value as an array containing exactly the required number of elements.
5. For char arrays, each element must be exactly one character. Return the character itself without C single quotes.
6. Prefer small-magnitude values unless larger values are necessary to achieve the requested execution behavior.

Nondeterministic inputs:
- id: main:array:1, type: char, array: true, size: 101, required elements: 101

Previously generated assignment sets are listed below. Generate a materially different set and do not duplicate any of them.
Previous 1: main:array:1={'}','a','a','a','a','a','a','a','a','a','a','a','a','a','a','a','a','a','a','a','a','a','a','a','a','a','a','a','a','a','a','a','a','a','a','a','a','a','a','a','a','a','a','a','a','a','a','a','a','a','a','a','a','a','a','a','a','a','a','a','a','a','a','a','a','a','a','a','a','a','a','a','a','a','a','a','a','a','a','a','a','a','a','a','a','a','a','a','a','a','a','a','a','a','a','a','a','a','a','a','a'}; 
Previous 2: main:array:1={'0','a','a','a','a','a','a','a','a','a','a','a','a','a','a','a','a','a','a','a','a','a','a','a','a','a','a','a','a','a','a','a','a','a','a','a','a','a','a','a','a','a','a','a','a','a','a','a','a','a','a','a','a','a','a','a','a','a','a','a','a','a','a','a','a','a','a','a','a','a','a','a','a','a','a','a','a','a','a','a','a','a','a','a','a','a','a','a','a','a','a','a','a','a','a','a','a','a','a','a','a'}; 
Previous 3: main:array:1={'a','a','a','a','a','a','a','a','a','a','a','a','a','a','a','a','a','a','a','a','a','a','a','a','a','a','a','a','a','a','a','a','a','a','a','a','a','a','a','a','a','a','a','a','a','a','a','a','a','a','a','a','a','a','a','a','a','a','a','a','a','a','a','a','a','a','a','a','a','a','a','a','a','a','a','a','a','a','a','a','a','a','a','a','a','a','a','a','a','a','a','a','a','a','a','a','a','a','a','a','a'}; 
Previous 4: main:array:1={' ',' ',' ',' ',' ',' ',' ',' ',' ',' ',' ',' ',' ',' ',' ',' ',' ',' ',' ',' ',' ',' ',' ',' ',' ',' ',' ',' ',' ',' ',' ',' ',' ',' ',' ',' ',' ',' ',' ',' ',' ',' ',' ',' ',' ',' ',' ',' ',' ',' ',' ',' ',' ',' ',' ',' ',' ',' ',' ',' ',' ',' ',' ',' ',' ',' ',' ',' ',' ',' ',' ',' ',' ',' ',' ',' ',' ',' ',' ',' ',' ',' ',' ',' ',' ',' ',' ',' ',' ',' ',' ',' ',' ',' ',' ',' ',' ',' ',' ',' ',' '}; 
Previous 5: main:array:1={'a','b','c','d','e','f','g','h','i','j','k','l','m','n','o','p','q','r','s','t','u','v','w','x','y','z','a','b','c','d','e','f','g','h','i','j','k','l','m','n','o','p','q','r','s','t','u','v','w','x','y','z','a','b','c','d','e','f','g','h','i','j','k','l','m','n','o','p','q','r','s','t','u','v','w','x','y','z','a','b','c','d','e','f','g','h','i','j','k','l','m','n','o','p','q','r','s','t','u','v','w'}; 
Previous 6: main:array:1={'1','A','B','C','D','E','F','G','H','I','J','K','L','M','N','O','P','Q','R','S','T','U','V','W','X','Y','Z','A','B','C','D','E','F','G','H','I','J','K','L','M','N','O','P','Q','R','S','T','U','V','W','X','Y','Z','A','B','C','D','E','F','G','H','I','J','K','L','M','N','O','P','Q','R','S','T','U','V','W','X','Y','Z','A','B','C','D','E','F','G','H','I','J','K','L','M','N','O','P','Q','R','S','T','U','V'}; 
Previous 7: main:array:1={'a','a','a','a','a','a','a','a','a','a','b','b','b','b','b','b','b','b','b','b','}','c','c','c','c','c','c','c','c','c','c','c','c','c','c','c','c','c','c','c','c','c','c','c','c','c','c','c','c','c','c','c','c','c','c','c','c','c','c','c','c','c','c','c','c','c','c','c','c','c','c','c','c','c','c','c','c','c','c','c','c','c','c','c','c','c','c','c','c','c','c','c','c','c','c','c','c','c','c','c','d'}; 

Program:
extern char __VERIFIER_nondet_char(void);
/*
Commit Number: e6801c90311679fc0854af73da95fe58079c59f4
URL: https://github.com/FreeRADIUS/freeradius-server/commit/e6801c90311679fc0854af73da95fe58079c59f4
Project Name: freeradius-serve
License: GPL2
termination: TRUE
*/
int main()
{
    int stop = 0;
    char array[101];
    for( int i = 0 ; i < 100 ; i++ )
        array[i] =  __VERIFIER_nondet_char();
    array[100] = 0;
    char* p = array;
    while( (*p) && (!stop) )
    {
        switch(*p){
        case '}':
            stop = 1;
            break;

        case ':':
            if( *(p+1) && (*(p+1) == '-')){
                p += 2;
                stop = 1;
                break;
            }

        default:
            p++;
            break;
        }
    }
    return 0;
}

"
11,T,"main:array:1={'0','x','x','x','x','x','x','x','x','x','x','x','x','x','x','x','x','x','x','x','x','x','x','x','x','x','x','x','x','x','x','x','x','x','x','x','x','x','x','x','x','x','x','x','x','x','x','x','x','x','x','x','x','x','x','x','x','x','x','x','x','x','x','x','x','x','x','x','x','x','x','x','x','x','x','x','x','x','x','x','x','x','x','x','x','x','x','x','x','x','x','x','x','x','x','x','x','x','x','x','x'}
",/home/quasar/Documents/FocusTNT/results_InputGeneration/FSE/loop/Incorrect_Control_Statement_1_T/input_generator_artifacts/generated_programs/Incorrect_Control_Statement_1_T_TestCase9.c,COMPLETED,T,true,,"You generate concrete values for nondeterministic inputs in a C/C++ program.
Your goal is to produce ONE complete assignment set that is likely to make the program terminate.

Important rules:
1. Return a value for EVERY listed nondeterministic input ID.
2. Use each ID exactly once.
3. Respect the declared C/C++ type.
4. For an array, return the value as an array containing exactly the required number of elements.
5. For char arrays, each element must be exactly one character. Return the character itself without C single quotes.
6. Prefer small-magnitude values unless larger values are necessary to achieve the requested execution behavior.

Nondeterministic inputs:
- id: main:array:1, type: char, array: true, size: 101, required elements: 101

Previously generated assignment sets are listed below. Generate a materially different set and do not duplicate any of them.
Previous 1: main:array:1={'}','a','a','a','a','a','a','a','a','a','a','a','a','a','a','a','a','a','a','a','a','a','a','a','a','a','a','a','a','a','a','a','a','a','a','a','a','a','a','a','a','a','a','a','a','a','a','a','a','a','a','a','a','a','a','a','a','a','a','a','a','a','a','a','a','a','a','a','a','a','a','a','a','a','a','a','a','a','a','a','a','a','a','a','a','a','a','a','a','a','a','a','a','a','a','a','a','a','a','a','a'}; 
Previous 2: main:array:1={'0','a','a','a','a','a','a','a','a','a','a','a','a','a','a','a','a','a','a','a','a','a','a','a','a','a','a','a','a','a','a','a','a','a','a','a','a','a','a','a','a','a','a','a','a','a','a','a','a','a','a','a','a','a','a','a','a','a','a','a','a','a','a','a','a','a','a','a','a','a','a','a','a','a','a','a','a','a','a','a','a','a','a','a','a','a','a','a','a','a','a','a','a','a','a','a','a','a','a','a','a'}; 
Previous 3: main:array:1={'a','a','a','a','a','a','a','a','a','a','a','a','a','a','a','a','a','a','a','a','a','a','a','a','a','a','a','a','a','a','a','a','a','a','a','a','a','a','a','a','a','a','a','a','a','a','a','a','a','a','a','a','a','a','a','a','a','a','a','a','a','a','a','a','a','a','a','a','a','a','a','a','a','a','a','a','a','a','a','a','a','a','a','a','a','a','a','a','a','a','a','a','a','a','a','a','a','a','a','a','a'}; 
Previous 4: main:array:1={' ',' ',' ',' ',' ',' ',' ',' ',' ',' ',' ',' ',' ',' ',' ',' ',' ',' ',' ',' ',' ',' ',' ',' ',' ',' ',' ',' ',' ',' ',' ',' ',' ',' ',' ',' ',' ',' ',' ',' ',' ',' ',' ',' ',' ',' ',' ',' ',' ',' ',' ',' ',' ',' ',' ',' ',' ',' ',' ',' ',' ',' ',' ',' ',' ',' ',' ',' ',' ',' ',' ',' ',' ',' ',' ',' ',' ',' ',' ',' ',' ',' ',' ',' ',' ',' ',' ',' ',' ',' ',' ',' ',' ',' ',' ',' ',' ',' ',' ',' ',' '}; 
Previous 5: main:array:1={'a','b','c','d','e','f','g','h','i','j','k','l','m','n','o','p','q','r','s','t','u','v','w','x','y','z','a','b','c','d','e','f','g','h','i','j','k','l','m','n','o','p','q','r','s','t','u','v','w','x','y','z','a','b','c','d','e','f','g','h','i','j','k','l','m','n','o','p','q','r','s','t','u','v','w','x','y','z','a','b','c','d','e','f','g','h','i','j','k','l','m','n','o','p','q','r','s','t','u','v','w'}; 
Previous 6: main:array:1={'1','A','B','C','D','E','F','G','H','I','J','K','L','M','N','O','P','Q','R','S','T','U','V','W','X','Y','Z','A','B','C','D','E','F','G','H','I','J','K','L','M','N','O','P','Q','R','S','T','U','V','W','X','Y','Z','A','B','C','D','E','F','G','H','I','J','K','L','M','N','O','P','Q','R','S','T','U','V','W','X','Y','Z','A','B','C','D','E','F','G','H','I','J','K','L','M','N','O','P','Q','R','S','T','U','V'}; 
Previous 7: main:array:1={'a','a','a','a','a','a','a','a','a','a','b','b','b','b','b','b','b','b','b','b','}','c','c','c','c','c','c','c','c','c','c','c','c','c','c','c','c','c','c','c','c','c','c','c','c','c','c','c','c','c','c','c','c','c','c','c','c','c','c','c','c','c','c','c','c','c','c','c','c','c','c','c','c','c','c','c','c','c','c','c','c','c','c','c','c','c','c','c','c','c','c','c','c','c','c','c','c','c','c','c','d'}; 
Previous 8: main:array:1={'b','b','b','b','b','b','b','b','b','b','b','b','b','b','b','b','b','b','b','b','b','b','b','b','b','b','b','b','b','b','b','b','b','b','b','b','b','b','b','b','b','b','b','b','b','b','b','b','b','b','b','b','b','b','b','b','b','b','b','b','b','b','b','b','b','b','b','b','b','b','b','b','b','b','b','b','b','b','b','b','b','b','b','b','b','b','b','b','b','b','b','b','b','b','b','b','b','b','b','b','b'}; 

Program:
extern char __VERIFIER_nondet_char(void);
/*
Commit Number: e6801c90311679fc0854af73da95fe58079c59f4
URL: https://github.com/FreeRADIUS/freeradius-server/commit/e6801c90311679fc0854af73da95fe58079c59f4
Project Name: freeradius-serve
License: GPL2
termination: TRUE
*/
int main()
{
    int stop = 0;
    char array[101];
    for( int i = 0 ; i < 100 ; i++ )
        array[i] =  __VERIFIER_nondet_char();
    array[100] = 0;
    char* p = array;
    while( (*p) && (!stop) )
    {
        switch(*p){
        case '}':
            stop = 1;
            break;

        case ':':
            if( *(p+1) && (*(p+1) == '-')){
                p += 2;
                stop = 1;
                break;
            }

        default:
            p++;
            break;
        }
    }
    return 0;
}

"
12,T,"main:array:1={':','-',' ',' ',' ',' ',' ',' ',' ',' ',' ',' ',' ',' ',' ',' ',' ',' ',' ',' ',' ',' ',' ',' ',' ',' ',' ',' ',' ',' ',' ',' ',' ',' ',' ',' ',' ',' ',' ',' ',' ',' ',' ',' ',' ',' ',' ',' ',' ',' ',' ',' ',' ',' ',' ',' ',' ',' ',' ',' ',' ',' ',' ',' ',' ',' ',' ',' ',' ',' ',' ',' ',' ',' ',' ',' ',' ',' ',' ',' ',' ',' ',' ',' ',' ',' ',' ',' ',' ',' ',' ',' ',' ',' ',' ',' ',' ',' ',' ',' ',' '}
",/home/quasar/Documents/FocusTNT/results_InputGeneration/FSE/loop/Incorrect_Control_Statement_1_T/input_generator_artifacts/generated_programs/Incorrect_Control_Statement_1_T_TestCase10.c,COMPLETED,T,true,,"You generate concrete values for nondeterministic inputs in a C/C++ program.
Your goal is to produce ONE complete assignment set that is likely to make the program terminate.

Important rules:
1. Return a value for EVERY listed nondeterministic input ID.
2. Use each ID exactly once.
3. Respect the declared C/C++ type.
4. For an array, return the value as an array containing exactly the required number of elements.
5. For char arrays, each element must be exactly one character. Return the character itself without C single quotes.
6. Prefer small-magnitude values unless larger values are necessary to achieve the requested execution behavior.

Nondeterministic inputs:
- id: main:array:1, type: char, array: true, size: 101, required elements: 101

Previously generated assignment sets are listed below. Generate a materially different set and do not duplicate any of them.
Previous 1: main:array:1={'}','a','a','a','a','a','a','a','a','a','a','a','a','a','a','a','a','a','a','a','a','a','a','a','a','a','a','a','a','a','a','a','a','a','a','a','a','a','a','a','a','a','a','a','a','a','a','a','a','a','a','a','a','a','a','a','a','a','a','a','a','a','a','a','a','a','a','a','a','a','a','a','a','a','a','a','a','a','a','a','a','a','a','a','a','a','a','a','a','a','a','a','a','a','a','a','a','a','a','a','a'}; 
Previous 2: main:array:1={'0','a','a','a','a','a','a','a','a','a','a','a','a','a','a','a','a','a','a','a','a','a','a','a','a','a','a','a','a','a','a','a','a','a','a','a','a','a','a','a','a','a','a','a','a','a','a','a','a','a','a','a','a','a','a','a','a','a','a','a','a','a','a','a','a','a','a','a','a','a','a','a','a','a','a','a','a','a','a','a','a','a','a','a','a','a','a','a','a','a','a','a','a','a','a','a','a','a','a','a','a'}; 
Previous 3: main:array:1={'a','a','a','a','a','a','a','a','a','a','a','a','a','a','a','a','a','a','a','a','a','a','a','a','a','a','a','a','a','a','a','a','a','a','a','a','a','a','a','a','a','a','a','a','a','a','a','a','a','a','a','a','a','a','a','a','a','a','a','a','a','a','a','a','a','a','a','a','a','a','a','a','a','a','a','a','a','a','a','a','a','a','a','a','a','a','a','a','a','a','a','a','a','a','a','a','a','a','a','a','a'}; 
Previous 4: main:array:1={' ',' ',' ',' ',' ',' ',' ',' ',' ',' ',' ',' ',' ',' ',' ',' ',' ',' ',' ',' ',' ',' ',' ',' ',' ',' ',' ',' ',' ',' ',' ',' ',' ',' ',' ',' ',' ',' ',' ',' ',' ',' ',' ',' ',' ',' ',' ',' ',' ',' ',' ',' ',' ',' ',' ',' ',' ',' ',' ',' ',' ',' ',' ',' ',' ',' ',' ',' ',' ',' ',' ',' ',' ',' ',' ',' ',' ',' ',' ',' ',' ',' ',' ',' ',' ',' ',' ',' ',' ',' ',' ',' ',' ',' ',' ',' ',' ',' ',' ',' ',' '}; 
Previous 5: main:array:1={'a','b','c','d','e','f','g','h','i','j','k','l','m','n','o','p','q','r','s','t','u','v','w','x','y','z','a','b','c','d','e','f','g','h','i','j','k','l','m','n','o','p','q','r','s','t','u','v','w','x','y','z','a','b','c','d','e','f','g','h','i','j','k','l','m','n','o','p','q','r','s','t','u','v','w','x','y','z','a','b','c','d','e','f','g','h','i','j','k','l','m','n','o','p','q','r','s','t','u','v','w'}; 
Previous 6: main:array:1={'1','A','B','C','D','E','F','G','H','I','J','K','L','M','N','O','P','Q','R','S','T','U','V','W','X','Y','Z','A','B','C','D','E','F','G','H','I','J','K','L','M','N','O','P','Q','R','S','T','U','V','W','X','Y','Z','A','B','C','D','E','F','G','H','I','J','K','L','M','N','O','P','Q','R','S','T','U','V','W','X','Y','Z','A','B','C','D','E','F','G','H','I','J','K','L','M','N','O','P','Q','R','S','T','U','V'}; 
Previous 7: main:array:1={'a','a','a','a','a','a','a','a','a','a','b','b','b','b','b','b','b','b','b','b','}','c','c','c','c','c','c','c','c','c','c','c','c','c','c','c','c','c','c','c','c','c','c','c','c','c','c','c','c','c','c','c','c','c','c','c','c','c','c','c','c','c','c','c','c','c','c','c','c','c','c','c','c','c','c','c','c','c','c','c','c','c','c','c','c','c','c','c','c','c','c','c','c','c','c','c','c','c','c','c','d'}; 
Previous 8: main:array:1={'b','b','b','b','b','b','b','b','b','b','b','b','b','b','b','b','b','b','b','b','b','b','b','b','b','b','b','b','b','b','b','b','b','b','b','b','b','b','b','b','b','b','b','b','b','b','b','b','b','b','b','b','b','b','b','b','b','b','b','b','b','b','b','b','b','b','b','b','b','b','b','b','b','b','b','b','b','b','b','b','b','b','b','b','b','b','b','b','b','b','b','b','b','b','b','b','b','b','b','b','b'}; 
Previous 9: main:array:1={'0','x','x','x','x','x','x','x','x','x','x','x','x','x','x','x','x','x','x','x','x','x','x','x','x','x','x','x','x','x','x','x','x','x','x','x','x','x','x','x','x','x','x','x','x','x','x','x','x','x','x','x','x','x','x','x','x','x','x','x','x','x','x','x','x','x','x','x','x','x','x','x','x','x','x','x','x','x','x','x','x','x','x','x','x','x','x','x','x','x','x','x','x','x','x','x','x','x','x','x','x'}; 

Program:
extern char __VERIFIER_nondet_char(void);
/*
Commit Number: e6801c90311679fc0854af73da95fe58079c59f4
URL: https://github.com/FreeRADIUS/freeradius-server/commit/e6801c90311679fc0854af73da95fe58079c59f4
Project Name: freeradius-serve
License: GPL2
termination: TRUE
*/
int main()
{
    int stop = 0;
    char array[101];
    for( int i = 0 ; i < 100 ; i++ )
        array[i] =  __VERIFIER_nondet_char();
    array[100] = 0;
    char* p = array;
    while( (*p) && (!stop) )
    {
        switch(*p){
        case '}':
            stop = 1;
            break;

        case ':':
            if( *(p+1) && (*(p+1) == '-')){
                p += 2;
                stop = 1;
                break;
            }

        default:
            p++;
            break;
        }
    }
    return 0;
}

"
13,T,"main:array:1={'0','1','2','3','4','5','6','7','8','9','0','1','2','3','4','5','6','7','8','9','0','1','2','3','4','5','6','7','8','9','0','1','2','3','4','5','6','7','8','9','0','1','2','3','4','5','6','7','8','9','a','b','c','d','e','f','g','h','i','j','a','b','c','d','e','f','g','h','i','j','a','b','c','d','e','f','g','h','i','j','a','b','c','d','e','f','g','h','i','j','a','b','c','d','e','f','g','h','i','j','z'}
",/home/quasar/Documents/FocusTNT/results_InputGeneration/FSE/loop/Incorrect_Control_Statement_1_T/input_generator_artifacts/generated_programs/Incorrect_Control_Statement_1_T_TestCase11.c,COMPLETED,T,true,,"You generate concrete values for nondeterministic inputs in a C/C++ program.
Your goal is to produce ONE complete assignment set that is likely to make the program terminate.

Important rules:
1. Return a value for EVERY listed nondeterministic input ID.
2. Use each ID exactly once.
3. Respect the declared C/C++ type.
4. For an array, return the value as an array containing exactly the required number of elements.
5. For char arrays, each element must be exactly one character. Return the character itself without C single quotes.
6. Prefer small-magnitude values unless larger values are necessary to achieve the requested execution behavior.

Nondeterministic inputs:
- id: main:array:1, type: char, array: true, size: 101, required elements: 101

Previously generated assignment sets are listed below. Generate a materially different set and do not duplicate any of them.
Previous 1: main:array:1={'}','a','a','a','a','a','a','a','a','a','a','a','a','a','a','a','a','a','a','a','a','a','a','a','a','a','a','a','a','a','a','a','a','a','a','a','a','a','a','a','a','a','a','a','a','a','a','a','a','a','a','a','a','a','a','a','a','a','a','a','a','a','a','a','a','a','a','a','a','a','a','a','a','a','a','a','a','a','a','a','a','a','a','a','a','a','a','a','a','a','a','a','a','a','a','a','a','a','a','a','a'}; 
Previous 2: main:array:1={'0','a','a','a','a','a','a','a','a','a','a','a','a','a','a','a','a','a','a','a','a','a','a','a','a','a','a','a','a','a','a','a','a','a','a','a','a','a','a','a','a','a','a','a','a','a','a','a','a','a','a','a','a','a','a','a','a','a','a','a','a','a','a','a','a','a','a','a','a','a','a','a','a','a','a','a','a','a','a','a','a','a','a','a','a','a','a','a','a','a','a','a','a','a','a','a','a','a','a','a','a'}; 
Previous 3: main:array:1={'a','a','a','a','a','a','a','a','a','a','a','a','a','a','a','a','a','a','a','a','a','a','a','a','a','a','a','a','a','a','a','a','a','a','a','a','a','a','a','a','a','a','a','a','a','a','a','a','a','a','a','a','a','a','a','a','a','a','a','a','a','a','a','a','a','a','a','a','a','a','a','a','a','a','a','a','a','a','a','a','a','a','a','a','a','a','a','a','a','a','a','a','a','a','a','a','a','a','a','a','a'}; 
Previous 4: main:array:1={' ',' ',' ',' ',' ',' ',' ',' ',' ',' ',' ',' ',' ',' ',' ',' ',' ',' ',' ',' ',' ',' ',' ',' ',' ',' ',' ',' ',' ',' ',' ',' ',' ',' ',' ',' ',' ',' ',' ',' ',' ',' ',' ',' ',' ',' ',' ',' ',' ',' ',' ',' ',' ',' ',' ',' ',' ',' ',' ',' ',' ',' ',' ',' ',' ',' ',' ',' ',' ',' ',' ',' ',' ',' ',' ',' ',' ',' ',' ',' ',' ',' ',' ',' ',' ',' ',' ',' ',' ',' ',' ',' ',' ',' ',' ',' ',' ',' ',' ',' ',' '}; 
Previous 5: main:array:1={'a','b','c','d','e','f','g','h','i','j','k','l','m','n','o','p','q','r','s','t','u','v','w','x','y','z','a','b','c','d','e','f','g','h','i','j','k','l','m','n','o','p','q','r','s','t','u','v','w','x','y','z','a','b','c','d','e','f','g','h','i','j','k','l','m','n','o','p','q','r','s','t','u','v','w','x','y','z','a','b','c','d','e','f','g','h','i','j','k','l','m','n','o','p','q','r','s','t','u','v','w'}; 
Previous 6: main:array:1={'1','A','B','C','D','E','F','G','H','I','J','K','L','M','N','O','P','Q','R','S','T','U','V','W','X','Y','Z','A','B','C','D','E','F','G','H','I','J','K','L','M','N','O','P','Q','R','S','T','U','V','W','X','Y','Z','A','B','C','D','E','F','G','H','I','J','K','L','M','N','O','P','Q','R','S','T','U','V','W','X','Y','Z','A','B','C','D','E','F','G','H','I','J','K','L','M','N','O','P','Q','R','S','T','U','V'}; 
Previous 7: main:array:1={'a','a','a','a','a','a','a','a','a','a','b','b','b','b','b','b','b','b','b','b','}','c','c','c','c','c','c','c','c','c','c','c','c','c','c','c','c','c','c','c','c','c','c','c','c','c','c','c','c','c','c','c','c','c','c','c','c','c','c','c','c','c','c','c','c','c','c','c','c','c','c','c','c','c','c','c','c','c','c','c','c','c','c','c','c','c','c','c','c','c','c','c','c','c','c','c','c','c','c','c','d'}; 
Previous 8: main:array:1={'b','b','b','b','b','b','b','b','b','b','b','b','b','b','b','b','b','b','b','b','b','b','b','b','b','b','b','b','b','b','b','b','b','b','b','b','b','b','b','b','b','b','b','b','b','b','b','b','b','b','b','b','b','b','b','b','b','b','b','b','b','b','b','b','b','b','b','b','b','b','b','b','b','b','b','b','b','b','b','b','b','b','b','b','b','b','b','b','b','b','b','b','b','b','b','b','b','b','b','b','b'}; 
Previous 9: main:array:1={'0','x','x','x','x','x','x','x','x','x','x','x','x','x','x','x','x','x','x','x','x','x','x','x','x','x','x','x','x','x','x','x','x','x','x','x','x','x','x','x','x','x','x','x','x','x','x','x','x','x','x','x','x','x','x','x','x','x','x','x','x','x','x','x','x','x','x','x','x','x','x','x','x','x','x','x','x','x','x','x','x','x','x','x','x','x','x','x','x','x','x','x','x','x','x','x','x','x','x','x','x'}; 
Previous 10: main:array:1={':','-',' ',' ',' ',' ',' ',' ',' ',' ',' ',' ',' ',' ',' ',' ',' ',' ',' ',' ',' ',' ',' ',' ',' ',' ',' ',' ',' ',' ',' ',' ',' ',' ',' ',' ',' ',' ',' ',' ',' ',' ',' ',' ',' ',' ',' ',' ',' ',' ',' ',' ',' ',' ',' ',' ',' ',' ',' ',' ',' ',' ',' ',' ',' ',' ',' ',' ',' ',' ',' ',' ',' ',' ',' ',' ',' ',' ',' ',' ',' ',' ',' ',' ',' ',' ',' ',' ',' ',' ',' ',' ',' ',' ',' ',' ',' ',' ',' ',' ',' '}; 

Program:
extern char __VERIFIER_nondet_char(void);
/*
Commit Number: e6801c90311679fc0854af73da95fe58079c59f4
URL: https://github.com/FreeRADIUS/freeradius-server/commit/e6801c90311679fc0854af73da95fe58079c59f4
Project Name: freeradius-serve
License: GPL2
termination: TRUE
*/
int main()
{
    int stop = 0;
    char array[101];
    for( int i = 0 ; i < 100 ; i++ )
        array[i] =  __VERIFIER_nondet_char();
    array[100] = 0;
    char* p = array;
    while( (*p) && (!stop) )
    {
        switch(*p){
        case '}':
            stop = 1;
            break;

        case ':':
            if( *(p+1) && (*(p+1) == '-')){
                p += 2;
                stop = 1;
                break;
            }

        default:
            p++;
            break;
        }
    }
    return 0;
}

"
14,T,"main:array:1={'a','a','a','a','a','a','a','a','a','a','a','a','a','a','a','a','a','a','a','a','a','a','a','a','a','a','a','a','a','a','a','a','a','a','a','a','a','a','a','a','a','a','a','a','a','a','a','a','a','a','b','b','b','b','b','b','b','b','b','b','b','b','b','b','b','b','b','b','b','b','b','b','b','b','b','b','b','b','b','b','b','b','b','b','b','b','b','b','b','b','b','b','b','b','b','b','b','b','b','b','b'}
",/home/quasar/Documents/FocusTNT/results_InputGeneration/FSE/loop/Incorrect_Control_Statement_1_T/input_generator_artifacts/generated_programs/Incorrect_Control_Statement_1_T_TestCase12.c,COMPLETED,T,true,,"You generate concrete values for nondeterministic inputs in a C/C++ program.
Your goal is to produce ONE complete assignment set that is likely to make the program terminate.

Important rules:
1. Return a value for EVERY listed nondeterministic input ID.
2. Use each ID exactly once.
3. Respect the declared C/C++ type.
4. For an array, return the value as an array containing exactly the required number of elements.
5. For char arrays, each element must be exactly one character. Return the character itself without C single quotes.
6. Prefer small-magnitude values unless larger values are necessary to achieve the requested execution behavior.

Nondeterministic inputs:
- id: main:array:1, type: char, array: true, size: 101, required elements: 101

Previously generated assignment sets are listed below. Generate a materially different set and do not duplicate any of them.
Previous 1: main:array:1={'}','a','a','a','a','a','a','a','a','a','a','a','a','a','a','a','a','a','a','a','a','a','a','a','a','a','a','a','a','a','a','a','a','a','a','a','a','a','a','a','a','a','a','a','a','a','a','a','a','a','a','a','a','a','a','a','a','a','a','a','a','a','a','a','a','a','a','a','a','a','a','a','a','a','a','a','a','a','a','a','a','a','a','a','a','a','a','a','a','a','a','a','a','a','a','a','a','a','a','a','a'}; 
Previous 2: main:array:1={'0','a','a','a','a','a','a','a','a','a','a','a','a','a','a','a','a','a','a','a','a','a','a','a','a','a','a','a','a','a','a','a','a','a','a','a','a','a','a','a','a','a','a','a','a','a','a','a','a','a','a','a','a','a','a','a','a','a','a','a','a','a','a','a','a','a','a','a','a','a','a','a','a','a','a','a','a','a','a','a','a','a','a','a','a','a','a','a','a','a','a','a','a','a','a','a','a','a','a','a','a'}; 
Previous 3: main:array:1={'a','a','a','a','a','a','a','a','a','a','a','a','a','a','a','a','a','a','a','a','a','a','a','a','a','a','a','a','a','a','a','a','a','a','a','a','a','a','a','a','a','a','a','a','a','a','a','a','a','a','a','a','a','a','a','a','a','a','a','a','a','a','a','a','a','a','a','a','a','a','a','a','a','a','a','a','a','a','a','a','a','a','a','a','a','a','a','a','a','a','a','a','a','a','a','a','a','a','a','a','a'}; 
Previous 4: main:array:1={' ',' ',' ',' ',' ',' ',' ',' ',' ',' ',' ',' ',' ',' ',' ',' ',' ',' ',' ',' ',' ',' ',' ',' ',' ',' ',' ',' ',' ',' ',' ',' ',' ',' ',' ',' ',' ',' ',' ',' ',' ',' ',' ',' ',' ',' ',' ',' ',' ',' ',' ',' ',' ',' ',' ',' ',' ',' ',' ',' ',' ',' ',' ',' ',' ',' ',' ',' ',' ',' ',' ',' ',' ',' ',' ',' ',' ',' ',' ',' ',' ',' ',' ',' ',' ',' ',' ',' ',' ',' ',' ',' ',' ',' ',' ',' ',' ',' ',' ',' ',' '}; 
Previous 5: main:array:1={'a','b','c','d','e','f','g','h','i','j','k','l','m','n','o','p','q','r','s','t','u','v','w','x','y','z','a','b','c','d','e','f','g','h','i','j','k','l','m','n','o','p','q','r','s','t','u','v','w','x','y','z','a','b','c','d','e','f','g','h','i','j','k','l','m','n','o','p','q','r','s','t','u','v','w','x','y','z','a','b','c','d','e','f','g','h','i','j','k','l','m','n','o','p','q','r','s','t','u','v','w'}; 
Previous 6: main:array:1={'1','A','B','C','D','E','F','G','H','I','J','K','L','M','N','O','P','Q','R','S','T','U','V','W','X','Y','Z','A','B','C','D','E','F','G','H','I','J','K','L','M','N','O','P','Q','R','S','T','U','V','W','X','Y','Z','A','B','C','D','E','F','G','H','I','J','K','L','M','N','O','P','Q','R','S','T','U','V','W','X','Y','Z','A','B','C','D','E','F','G','H','I','J','K','L','M','N','O','P','Q','R','S','T','U','V'}; 
Previous 7: main:array:1={'a','a','a','a','a','a','a','a','a','a','b','b','b','b','b','b','b','b','b','b','}','c','c','c','c','c','c','c','c','c','c','c','c','c','c','c','c','c','c','c','c','c','c','c','c','c','c','c','c','c','c','c','c','c','c','c','c','c','c','c','c','c','c','c','c','c','c','c','c','c','c','c','c','c','c','c','c','c','c','c','c','c','c','c','c','c','c','c','c','c','c','c','c','c','c','c','c','c','c','c','d'}; 
Previous 8: main:array:1={'b','b','b','b','b','b','b','b','b','b','b','b','b','b','b','b','b','b','b','b','b','b','b','b','b','b','b','b','b','b','b','b','b','b','b','b','b','b','b','b','b','b','b','b','b','b','b','b','b','b','b','b','b','b','b','b','b','b','b','b','b','b','b','b','b','b','b','b','b','b','b','b','b','b','b','b','b','b','b','b','b','b','b','b','b','b','b','b','b','b','b','b','b','b','b','b','b','b','b','b','b'}; 
Previous 9: main:array:1={'0','x','x','x','x','x','x','x','x','x','x','x','x','x','x','x','x','x','x','x','x','x','x','x','x','x','x','x','x','x','x','x','x','x','x','x','x','x','x','x','x','x','x','x','x','x','x','x','x','x','x','x','x','x','x','x','x','x','x','x','x','x','x','x','x','x','x','x','x','x','x','x','x','x','x','x','x','x','x','x','x','x','x','x','x','x','x','x','x','x','x','x','x','x','x','x','x','x','x','x','x'}; 
Previous 10: main:array:1={':','-',' ',' ',' ',' ',' ',' ',' ',' ',' ',' ',' ',' ',' ',' ',' ',' ',' ',' ',' ',' ',' ',' ',' ',' ',' ',' ',' ',' ',' ',' ',' ',' ',' ',' ',' ',' ',' ',' ',' ',' ',' ',' ',' ',' ',' ',' ',' ',' ',' ',' ',' ',' ',' ',' ',' ',' ',' ',' ',' ',' ',' ',' ',' ',' ',' ',' ',' ',' ',' ',' ',' ',' ',' ',' ',' ',' ',' ',' ',' ',' ',' ',' ',' ',' ',' ',' ',' ',' ',' ',' ',' ',' ',' ',' ',' ',' ',' ',' ',' '}; 
Previous 11: main:array:1={'0','1','2','3','4','5','6','7','8','9','0','1','2','3','4','5','6','7','8','9','0','1','2','3','4','5','6','7','8','9','0','1','2','3','4','5','6','7','8','9','0','1','2','3','4','5','6','7','8','9','a','b','c','d','e','f','g','h','i','j','a','b','c','d','e','f','g','h','i','j','a','b','c','d','e','f','g','h','i','j','a','b','c','d','e','f','g','h','i','j','a','b','c','d','e','f','g','h','i','j','z'}; 

Program:
extern char __VERIFIER_nondet_char(void);
/*
Commit Number: e6801c90311679fc0854af73da95fe58079c59f4
URL: https://github.com/FreeRADIUS/freeradius-server/commit/e6801c90311679fc0854af73da95fe58079c59f4
Project Name: freeradius-serve
License: GPL2
termination: TRUE
*/
int main()
{
    int stop = 0;
    char array[101];
    for( int i = 0 ; i < 100 ; i++ )
        array[i] =  __VERIFIER_nondet_char();
    array[100] = 0;
    char* p = array;
    while( (*p) && (!stop) )
    {
        switch(*p){
        case '}':
            stop = 1;
            break;

        case ':':
            if( *(p+1) && (*(p+1) == '-')){
                p += 2;
                stop = 1;
                break;
            }

        default:
            p++;
            break;
        }
    }
    return 0;
}

"
15,T,"main:array:1={'x','x','x','x','x','x','x','x','x','x','x','x','x','x','x','x','x','x','x','x','x','x','x','x','x','x','x','x','x','x','x','x','x','x','x','x','x','x','x','x','x','x','x','x','x','x','x','x','x','x','x','x','x','x','x','x','x','x','x','x','x','x','x','x','x','x','x','x','x','x','x','x','x','x','x','x','x','x','x','x','x','x','x','x','x','x','x','x','x','x','x','x','x','x','x','x','x','x','x','x','x'}
",/home/quasar/Documents/FocusTNT/results_InputGeneration/FSE/loop/Incorrect_Control_Statement_1_T/input_generator_artifacts/generated_programs/Incorrect_Control_Statement_1_T_TestCase13.c,COMPLETED,T,true,,"You generate concrete values for nondeterministic inputs in a C/C++ program.
Your goal is to produce ONE complete assignment set that is likely to make the program terminate.

Important rules:
1. Return a value for EVERY listed nondeterministic input ID.
2. Use each ID exactly once.
3. Respect the declared C/C++ type.
4. For an array, return the value as an array containing exactly the required number of elements.
5. For char arrays, each element must be exactly one character. Return the character itself without C single quotes.
6. Prefer small-magnitude values unless larger values are necessary to achieve the requested execution behavior.

Nondeterministic inputs:
- id: main:array:1, type: char, array: true, size: 101, required elements: 101

Previously generated assignment sets are listed below. Generate a materially different set and do not duplicate any of them.
Previous 1: main:array:1={'}','a','a','a','a','a','a','a','a','a','a','a','a','a','a','a','a','a','a','a','a','a','a','a','a','a','a','a','a','a','a','a','a','a','a','a','a','a','a','a','a','a','a','a','a','a','a','a','a','a','a','a','a','a','a','a','a','a','a','a','a','a','a','a','a','a','a','a','a','a','a','a','a','a','a','a','a','a','a','a','a','a','a','a','a','a','a','a','a','a','a','a','a','a','a','a','a','a','a','a','a'}; 
Previous 2: main:array:1={'0','a','a','a','a','a','a','a','a','a','a','a','a','a','a','a','a','a','a','a','a','a','a','a','a','a','a','a','a','a','a','a','a','a','a','a','a','a','a','a','a','a','a','a','a','a','a','a','a','a','a','a','a','a','a','a','a','a','a','a','a','a','a','a','a','a','a','a','a','a','a','a','a','a','a','a','a','a','a','a','a','a','a','a','a','a','a','a','a','a','a','a','a','a','a','a','a','a','a','a','a'}; 
Previous 3: main:array:1={'a','a','a','a','a','a','a','a','a','a','a','a','a','a','a','a','a','a','a','a','a','a','a','a','a','a','a','a','a','a','a','a','a','a','a','a','a','a','a','a','a','a','a','a','a','a','a','a','a','a','a','a','a','a','a','a','a','a','a','a','a','a','a','a','a','a','a','a','a','a','a','a','a','a','a','a','a','a','a','a','a','a','a','a','a','a','a','a','a','a','a','a','a','a','a','a','a','a','a','a','a'}; 
Previous 4: main:array:1={' ',' ',' ',' ',' ',' ',' ',' ',' ',' ',' ',' ',' ',' ',' ',' ',' ',' ',' ',' ',' ',' ',' ',' ',' ',' ',' ',' ',' ',' ',' ',' ',' ',' ',' ',' ',' ',' ',' ',' ',' ',' ',' ',' ',' ',' ',' ',' ',' ',' ',' ',' ',' ',' ',' ',' ',' ',' ',' ',' ',' ',' ',' ',' ',' ',' ',' ',' ',' ',' ',' ',' ',' ',' ',' ',' ',' ',' ',' ',' ',' ',' ',' ',' ',' ',' ',' ',' ',' ',' ',' ',' ',' ',' ',' ',' ',' ',' ',' ',' ',' '}; 
Previous 5: main:array:1={'a','b','c','d','e','f','g','h','i','j','k','l','m','n','o','p','q','r','s','t','u','v','w','x','y','z','a','b','c','d','e','f','g','h','i','j','k','l','m','n','o','p','q','r','s','t','u','v','w','x','y','z','a','b','c','d','e','f','g','h','i','j','k','l','m','n','o','p','q','r','s','t','u','v','w','x','y','z','a','b','c','d','e','f','g','h','i','j','k','l','m','n','o','p','q','r','s','t','u','v','w'}; 
Previous 6: main:array:1={'1','A','B','C','D','E','F','G','H','I','J','K','L','M','N','O','P','Q','R','S','T','U','V','W','X','Y','Z','A','B','C','D','E','F','G','H','I','J','K','L','M','N','O','P','Q','R','S','T','U','V','W','X','Y','Z','A','B','C','D','E','F','G','H','I','J','K','L','M','N','O','P','Q','R','S','T','U','V','W','X','Y','Z','A','B','C','D','E','F','G','H','I','J','K','L','M','N','O','P','Q','R','S','T','U','V'}; 
Previous 7: main:array:1={'a','a','a','a','a','a','a','a','a','a','b','b','b','b','b','b','b','b','b','b','}','c','c','c','c','c','c','c','c','c','c','c','c','c','c','c','c','c','c','c','c','c','c','c','c','c','c','c','c','c','c','c','c','c','c','c','c','c','c','c','c','c','c','c','c','c','c','c','c','c','c','c','c','c','c','c','c','c','c','c','c','c','c','c','c','c','c','c','c','c','c','c','c','c','c','c','c','c','c','c','d'}; 
Previous 8: main:array:1={'b','b','b','b','b','b','b','b','b','b','b','b','b','b','b','b','b','b','b','b','b','b','b','b','b','b','b','b','b','b','b','b','b','b','b','b','b','b','b','b','b','b','b','b','b','b','b','b','b','b','b','b','b','b','b','b','b','b','b','b','b','b','b','b','b','b','b','b','b','b','b','b','b','b','b','b','b','b','b','b','b','b','b','b','b','b','b','b','b','b','b','b','b','b','b','b','b','b','b','b','b'}; 
Previous 9: main:array:1={'0','x','x','x','x','x','x','x','x','x','x','x','x','x','x','x','x','x','x','x','x','x','x','x','x','x','x','x','x','x','x','x','x','x','x','x','x','x','x','x','x','x','x','x','x','x','x','x','x','x','x','x','x','x','x','x','x','x','x','x','x','x','x','x','x','x','x','x','x','x','x','x','x','x','x','x','x','x','x','x','x','x','x','x','x','x','x','x','x','x','x','x','x','x','x','x','x','x','x','x','x'}; 
Previous 10: main:array:1={':','-',' ',' ',' ',' ',' ',' ',' ',' ',' ',' ',' ',' ',' ',' ',' ',' ',' ',' ',' ',' ',' ',' ',' ',' ',' ',' ',' ',' ',' ',' ',' ',' ',' ',' ',' ',' ',' ',' ',' ',' ',' ',' ',' ',' ',' ',' ',' ',' ',' ',' ',' ',' ',' ',' ',' ',' ',' ',' ',' ',' ',' ',' ',' ',' ',' ',' ',' ',' ',' ',' ',' ',' ',' ',' ',' ',' ',' ',' ',' ',' ',' ',' ',' ',' ',' ',' ',' ',' ',' ',' ',' ',' ',' ',' ',' ',' ',' ',' ',' '}; 
Previous 11: main:array:1={'0','1','2','3','4','5','6','7','8','9','0','1','2','3','4','5','6','7','8','9','0','1','2','3','4','5','6','7','8','9','0','1','2','3','4','5','6','7','8','9','0','1','2','3','4','5','6','7','8','9','a','b','c','d','e','f','g','h','i','j','a','b','c','d','e','f','g','h','i','j','a','b','c','d','e','f','g','h','i','j','a','b','c','d','e','f','g','h','i','j','a','b','c','d','e','f','g','h','i','j','z'}; 
Previous 12: main:array:1={'a','a','a','a','a','a','a','a','a','a','a','a','a','a','a','a','a','a','a','a','a','a','a','a','a','a','a','a','a','a','a','a','a','a','a','a','a','a','a','a','a','a','a','a','a','a','a','a','a','a','b','b','b','b','b','b','b','b','b','b','b','b','b','b','b','b','b','b','b','b','b','b','b','b','b','b','b','b','b','b','b','b','b','b','b','b','b','b','b','b','b','b','b','b','b','b','b','b','b','b','b'}; 

Program:
extern char __VERIFIER_nondet_char(void);
/*
Commit Number: e6801c90311679fc0854af73da95fe58079c59f4
URL: https://github.com/FreeRADIUS/freeradius-server/commit/e6801c90311679fc0854af73da95fe58079c59f4
Project Name: freeradius-serve
License: GPL2
termination: TRUE
*/
int main()
{
    int stop = 0;
    char array[101];
    for( int i = 0 ; i < 100 ; i++ )
        array[i] =  __VERIFIER_nondet_char();
    array[100] = 0;
    char* p = array;
    while( (*p) && (!stop) )
    {
        switch(*p){
        case '}':
            stop = 1;
            break;

        case ':':
            if( *(p+1) && (*(p+1) == '-')){
                p += 2;
                stop = 1;
                break;
            }

        default:
            p++;
            break;
        }
    }
    return 0;
}

"
16,T,"main:array:1={'a','a','a','a','a','a','a','a','a','a','a','a','a','a','a','a','a','a','a','a','a','a','a','a','a','a','a','a','a','a','b','b','b','b','b','b','b','b','b','b','b','b','b','b','b','b','b','b','b','b','b','b','b','b','b','b','b','b','b','b','c','c','c','c','c','c','c','c','c','c','c','c','c','c','c','c','c','c','c','c','c','c','c','c','c','c','c','c','c','c','c','c','c','c','c','c','c','c','c','c','d'}
",/home/quasar/Documents/FocusTNT/results_InputGeneration/FSE/loop/Incorrect_Control_Statement_1_T/input_generator_artifacts/generated_programs/Incorrect_Control_Statement_1_T_TestCase14.c,COMPLETED,T,true,,"You generate concrete values for nondeterministic inputs in a C/C++ program.
Your goal is to produce ONE complete assignment set that is likely to make the program terminate.

Important rules:
1. Return a value for EVERY listed nondeterministic input ID.
2. Use each ID exactly once.
3. Respect the declared C/C++ type.
4. For an array, return the value as an array containing exactly the required number of elements.
5. For char arrays, each element must be exactly one character. Return the character itself without C single quotes.
6. Prefer small-magnitude values unless larger values are necessary to achieve the requested execution behavior.

Nondeterministic inputs:
- id: main:array:1, type: char, array: true, size: 101, required elements: 101

Previously generated assignment sets are listed below. Generate a materially different set and do not duplicate any of them.
Previous 1: main:array:1={'}','a','a','a','a','a','a','a','a','a','a','a','a','a','a','a','a','a','a','a','a','a','a','a','a','a','a','a','a','a','a','a','a','a','a','a','a','a','a','a','a','a','a','a','a','a','a','a','a','a','a','a','a','a','a','a','a','a','a','a','a','a','a','a','a','a','a','a','a','a','a','a','a','a','a','a','a','a','a','a','a','a','a','a','a','a','a','a','a','a','a','a','a','a','a','a','a','a','a','a','a'}; 
Previous 2: main:array:1={'0','a','a','a','a','a','a','a','a','a','a','a','a','a','a','a','a','a','a','a','a','a','a','a','a','a','a','a','a','a','a','a','a','a','a','a','a','a','a','a','a','a','a','a','a','a','a','a','a','a','a','a','a','a','a','a','a','a','a','a','a','a','a','a','a','a','a','a','a','a','a','a','a','a','a','a','a','a','a','a','a','a','a','a','a','a','a','a','a','a','a','a','a','a','a','a','a','a','a','a','a'}; 
Previous 3: main:array:1={'a','a','a','a','a','a','a','a','a','a','a','a','a','a','a','a','a','a','a','a','a','a','a','a','a','a','a','a','a','a','a','a','a','a','a','a','a','a','a','a','a','a','a','a','a','a','a','a','a','a','a','a','a','a','a','a','a','a','a','a','a','a','a','a','a','a','a','a','a','a','a','a','a','a','a','a','a','a','a','a','a','a','a','a','a','a','a','a','a','a','a','a','a','a','a','a','a','a','a','a','a'}; 
Previous 4: main:array:1={' ',' ',' ',' ',' ',' ',' ',' ',' ',' ',' ',' ',' ',' ',' ',' ',' ',' ',' ',' ',' ',' ',' ',' ',' ',' ',' ',' ',' ',' ',' ',' ',' ',' ',' ',' ',' ',' ',' ',' ',' ',' ',' ',' ',' ',' ',' ',' ',' ',' ',' ',' ',' ',' ',' ',' ',' ',' ',' ',' ',' ',' ',' ',' ',' ',' ',' ',' ',' ',' ',' ',' ',' ',' ',' ',' ',' ',' ',' ',' ',' ',' ',' ',' ',' ',' ',' ',' ',' ',' ',' ',' ',' ',' ',' ',' ',' ',' ',' ',' ',' '}; 
Previous 5: main:array:1={'a','b','c','d','e','f','g','h','i','j','k','l','m','n','o','p','q','r','s','t','u','v','w','x','y','z','a','b','c','d','e','f','g','h','i','j','k','l','m','n','o','p','q','r','s','t','u','v','w','x','y','z','a','b','c','d','e','f','g','h','i','j','k','l','m','n','o','p','q','r','s','t','u','v','w','x','y','z','a','b','c','d','e','f','g','h','i','j','k','l','m','n','o','p','q','r','s','t','u','v','w'}; 
Previous 6: main:array:1={'1','A','B','C','D','E','F','G','H','I','J','K','L','M','N','O','P','Q','R','S','T','U','V','W','X','Y','Z','A','B','C','D','E','F','G','H','I','J','K','L','M','N','O','P','Q','R','S','T','U','V','W','X','Y','Z','A','B','C','D','E','F','G','H','I','J','K','L','M','N','O','P','Q','R','S','T','U','V','W','X','Y','Z','A','B','C','D','E','F','G','H','I','J','K','L','M','N','O','P','Q','R','S','T','U','V'}; 
Previous 7: main:array:1={'a','a','a','a','a','a','a','a','a','a','b','b','b','b','b','b','b','b','b','b','}','c','c','c','c','c','c','c','c','c','c','c','c','c','c','c','c','c','c','c','c','c','c','c','c','c','c','c','c','c','c','c','c','c','c','c','c','c','c','c','c','c','c','c','c','c','c','c','c','c','c','c','c','c','c','c','c','c','c','c','c','c','c','c','c','c','c','c','c','c','c','c','c','c','c','c','c','c','c','c','d'}; 
Previous 8: main:array:1={'b','b','b','b','b','b','b','b','b','b','b','b','b','b','b','b','b','b','b','b','b','b','b','b','b','b','b','b','b','b','b','b','b','b','b','b','b','b','b','b','b','b','b','b','b','b','b','b','b','b','b','b','b','b','b','b','b','b','b','b','b','b','b','b','b','b','b','b','b','b','b','b','b','b','b','b','b','b','b','b','b','b','b','b','b','b','b','b','b','b','b','b','b','b','b','b','b','b','b','b','b'}; 
Previous 9: main:array:1={'0','x','x','x','x','x','x','x','x','x','x','x','x','x','x','x','x','x','x','x','x','x','x','x','x','x','x','x','x','x','x','x','x','x','x','x','x','x','x','x','x','x','x','x','x','x','x','x','x','x','x','x','x','x','x','x','x','x','x','x','x','x','x','x','x','x','x','x','x','x','x','x','x','x','x','x','x','x','x','x','x','x','x','x','x','x','x','x','x','x','x','x','x','x','x','x','x','x','x','x','x'}; 
Previous 10: main:array:1={':','-',' ',' ',' ',' ',' ',' ',' ',' ',' ',' ',' ',' ',' ',' ',' ',' ',' ',' ',' ',' ',' ',' ',' ',' ',' ',' ',' ',' ',' ',' ',' ',' ',' ',' ',' ',' ',' ',' ',' ',' ',' ',' ',' ',' ',' ',' ',' ',' ',' ',' ',' ',' ',' ',' ',' ',' ',' ',' ',' ',' ',' ',' ',' ',' ',' ',' ',' ',' ',' ',' ',' ',' ',' ',' ',' ',' ',' ',' ',' ',' ',' ',' ',' ',' ',' ',' ',' ',' ',' ',' ',' ',' ',' ',' ',' ',' ',' ',' ',' '}; 
Previous 11: main:array:1={'0','1','2','3','4','5','6','7','8','9','0','1','2','3','4','5','6','7','8','9','0','1','2','3','4','5','6','7','8','9','0','1','2','3','4','5','6','7','8','9','0','1','2','3','4','5','6','7','8','9','a','b','c','d','e','f','g','h','i','j','a','b','c','d','e','f','g','h','i','j','a','b','c','d','e','f','g','h','i','j','a','b','c','d','e','f','g','h','i','j','a','b','c','d','e','f','g','h','i','j','z'}; 
Previous 12: main:array:1={'a','a','a','a','a','a','a','a','a','a','a','a','a','a','a','a','a','a','a','a','a','a','a','a','a','a','a','a','a','a','a','a','a','a','a','a','a','a','a','a','a','a','a','a','a','a','a','a','a','a','b','b','b','b','b','b','b','b','b','b','b','b','b','b','b','b','b','b','b','b','b','b','b','b','b','b','b','b','b','b','b','b','b','b','b','b','b','b','b','b','b','b','b','b','b','b','b','b','b','b','b'}; 
Previous 13: main:array:1={'x','x','x','x','x','x','x','x','x','x','x','x','x','x','x','x','x','x','x','x','x','x','x','x','x','x','x','x','x','x','x','x','x','x','x','x','x','x','x','x','x','x','x','x','x','x','x','x','x','x','x','x','x','x','x','x','x','x','x','x','x','x','x','x','x','x','x','x','x','x','x','x','x','x','x','x','x','x','x','x','x','x','x','x','x','x','x','x','x','x','x','x','x','x','x','x','x','x','x','x','x'}; 

Program:
extern char __VERIFIER_nondet_char(void);
/*
Commit Number: e6801c90311679fc0854af73da95fe58079c59f4
URL: https://github.com/FreeRADIUS/freeradius-server/commit/e6801c90311679fc0854af73da95fe58079c59f4
Project Name: freeradius-serve
License: GPL2
termination: TRUE
*/
int main()
{
    int stop = 0;
    char array[101];
    for( int i = 0 ; i < 100 ; i++ )
        array[i] =  __VERIFIER_nondet_char();
    array[100] = 0;
    char* p = array;
    while( (*p) && (!stop) )
    {
        switch(*p){
        case '}':
            stop = 1;
            break;

        case ':':
            if( *(p+1) && (*(p+1) == '-')){
                p += 2;
                stop = 1;
                break;
            }

        default:
            p++;
            break;
        }
    }
    return 0;
}

"
17,T,"main:array:1={'a','a','a','a','a','a','a','a','a','a','a','a','a','a','a','a','a','a','a','a','a','a','a','a','a','a','a','a','a','a','a','a','a','a','a','a','a','a','a','a','a','a','a','a','a','a','a','a','a','a','}','a','a','a','a','a','a','a','a','a','a','a','a','a','a','a','a','a','a','a','a','a','a','a','a','a','a','a','a','a','a','a','a','a','a','a','a','a','a','a','a','a','a','a','a','a','a','a','a','a','a'}
",/home/quasar/Documents/FocusTNT/results_InputGeneration/FSE/loop/Incorrect_Control_Statement_1_T/input_generator_artifacts/generated_programs/Incorrect_Control_Statement_1_T_TestCase15.c,COMPLETED,T,true,,"You generate concrete values for nondeterministic inputs in a C/C++ program.
Your goal is to produce ONE complete assignment set that is likely to make the program terminate.

Important rules:
1. Return a value for EVERY listed nondeterministic input ID.
2. Use each ID exactly once.
3. Respect the declared C/C++ type.
4. For an array, return the value as an array containing exactly the required number of elements.
5. For char arrays, each element must be exactly one character. Return the character itself without C single quotes.
6. Prefer small-magnitude values unless larger values are necessary to achieve the requested execution behavior.

Nondeterministic inputs:
- id: main:array:1, type: char, array: true, size: 101, required elements: 101

Previously generated assignment sets are listed below. Generate a materially different set and do not duplicate any of them.
Previous 1: main:array:1={'}','a','a','a','a','a','a','a','a','a','a','a','a','a','a','a','a','a','a','a','a','a','a','a','a','a','a','a','a','a','a','a','a','a','a','a','a','a','a','a','a','a','a','a','a','a','a','a','a','a','a','a','a','a','a','a','a','a','a','a','a','a','a','a','a','a','a','a','a','a','a','a','a','a','a','a','a','a','a','a','a','a','a','a','a','a','a','a','a','a','a','a','a','a','a','a','a','a','a','a','a'}; 
Previous 2: main:array:1={'0','a','a','a','a','a','a','a','a','a','a','a','a','a','a','a','a','a','a','a','a','a','a','a','a','a','a','a','a','a','a','a','a','a','a','a','a','a','a','a','a','a','a','a','a','a','a','a','a','a','a','a','a','a','a','a','a','a','a','a','a','a','a','a','a','a','a','a','a','a','a','a','a','a','a','a','a','a','a','a','a','a','a','a','a','a','a','a','a','a','a','a','a','a','a','a','a','a','a','a','a'}; 
Previous 3: main:array:1={'a','a','a','a','a','a','a','a','a','a','a','a','a','a','a','a','a','a','a','a','a','a','a','a','a','a','a','a','a','a','a','a','a','a','a','a','a','a','a','a','a','a','a','a','a','a','a','a','a','a','a','a','a','a','a','a','a','a','a','a','a','a','a','a','a','a','a','a','a','a','a','a','a','a','a','a','a','a','a','a','a','a','a','a','a','a','a','a','a','a','a','a','a','a','a','a','a','a','a','a','a'}; 
Previous 4: main:array:1={' ',' ',' ',' ',' ',' ',' ',' ',' ',' ',' ',' ',' ',' ',' ',' ',' ',' ',' ',' ',' ',' ',' ',' ',' ',' ',' ',' ',' ',' ',' ',' ',' ',' ',' ',' ',' ',' ',' ',' ',' ',' ',' ',' ',' ',' ',' ',' ',' ',' ',' ',' ',' ',' ',' ',' ',' ',' ',' ',' ',' ',' ',' ',' ',' ',' ',' ',' ',' ',' ',' ',' ',' ',' ',' ',' ',' ',' ',' ',' ',' ',' ',' ',' ',' ',' ',' ',' ',' ',' ',' ',' ',' ',' ',' ',' ',' ',' ',' ',' ',' '}; 
Previous 5: main:array:1={'a','b','c','d','e','f','g','h','i','j','k','l','m','n','o','p','q','r','s','t','u','v','w','x','y','z','a','b','c','d','e','f','g','h','i','j','k','l','m','n','o','p','q','r','s','t','u','v','w','x','y','z','a','b','c','d','e','f','g','h','i','j','k','l','m','n','o','p','q','r','s','t','u','v','w','x','y','z','a','b','c','d','e','f','g','h','i','j','k','l','m','n','o','p','q','r','s','t','u','v','w'}; 
Previous 6: main:array:1={'1','A','B','C','D','E','F','G','H','I','J','K','L','M','N','O','P','Q','R','S','T','U','V','W','X','Y','Z','A','B','C','D','E','F','G','H','I','J','K','L','M','N','O','P','Q','R','S','T','U','V','W','X','Y','Z','A','B','C','D','E','F','G','H','I','J','K','L','M','N','O','P','Q','R','S','T','U','V','W','X','Y','Z','A','B','C','D','E','F','G','H','I','J','K','L','M','N','O','P','Q','R','S','T','U','V'}; 
Previous 7: main:array:1={'a','a','a','a','a','a','a','a','a','a','b','b','b','b','b','b','b','b','b','b','}','c','c','c','c','c','c','c','c','c','c','c','c','c','c','c','c','c','c','c','c','c','c','c','c','c','c','c','c','c','c','c','c','c','c','c','c','c','c','c','c','c','c','c','c','c','c','c','c','c','c','c','c','c','c','c','c','c','c','c','c','c','c','c','c','c','c','c','c','c','c','c','c','c','c','c','c','c','c','c','d'}; 
Previous 8: main:array:1={'b','b','b','b','b','b','b','b','b','b','b','b','b','b','b','b','b','b','b','b','b','b','b','b','b','b','b','b','b','b','b','b','b','b','b','b','b','b','b','b','b','b','b','b','b','b','b','b','b','b','b','b','b','b','b','b','b','b','b','b','b','b','b','b','b','b','b','b','b','b','b','b','b','b','b','b','b','b','b','b','b','b','b','b','b','b','b','b','b','b','b','b','b','b','b','b','b','b','b','b','b'}; 
Previous 9: main:array:1={'0','x','x','x','x','x','x','x','x','x','x','x','x','x','x','x','x','x','x','x','x','x','x','x','x','x','x','x','x','x','x','x','x','x','x','x','x','x','x','x','x','x','x','x','x','x','x','x','x','x','x','x','x','x','x','x','x','x','x','x','x','x','x','x','x','x','x','x','x','x','x','x','x','x','x','x','x','x','x','x','x','x','x','x','x','x','x','x','x','x','x','x','x','x','x','x','x','x','x','x','x'}; 
Previous 10: main:array:1={':','-',' ',' ',' ',' ',' ',' ',' ',' ',' ',' ',' ',' ',' ',' ',' ',' ',' ',' ',' ',' ',' ',' ',' ',' ',' ',' ',' ',' ',' ',' ',' ',' ',' ',' ',' ',' ',' ',' ',' ',' ',' ',' ',' ',' ',' ',' ',' ',' ',' ',' ',' ',' ',' ',' ',' ',' ',' ',' ',' ',' ',' ',' ',' ',' ',' ',' ',' ',' ',' ',' ',' ',' ',' ',' ',' ',' ',' ',' ',' ',' ',' ',' ',' ',' ',' ',' ',' ',' ',' ',' ',' ',' ',' ',' ',' ',' ',' ',' ',' '}; 
Previous 11: main:array:1={'0','1','2','3','4','5','6','7','8','9','0','1','2','3','4','5','6','7','8','9','0','1','2','3','4','5','6','7','8','9','0','1','2','3','4','5','6','7','8','9','0','1','2','3','4','5','6','7','8','9','a','b','c','d','e','f','g','h','i','j','a','b','c','d','e','f','g','h','i','j','a','b','c','d','e','f','g','h','i','j','a','b','c','d','e','f','g','h','i','j','a','b','c','d','e','f','g','h','i','j','z'}; 
Previous 12: main:array:1={'a','a','a','a','a','a','a','a','a','a','a','a','a','a','a','a','a','a','a','a','a','a','a','a','a','a','a','a','a','a','a','a','a','a','a','a','a','a','a','a','a','a','a','a','a','a','a','a','a','a','b','b','b','b','b','b','b','b','b','b','b','b','b','b','b','b','b','b','b','b','b','b','b','b','b','b','b','b','b','b','b','b','b','b','b','b','b','b','b','b','b','b','b','b','b','b','b','b','b','b','b'}; 
Previous 13: main:array:1={'x','x','x','x','x','x','x','x','x','x','x','x','x','x','x','x','x','x','x','x','x','x','x','x','x','x','x','x','x','x','x','x','x','x','x','x','x','x','x','x','x','x','x','x','x','x','x','x','x','x','x','x','x','x','x','x','x','x','x','x','x','x','x','x','x','x','x','x','x','x','x','x','x','x','x','x','x','x','x','x','x','x','x','x','x','x','x','x','x','x','x','x','x','x','x','x','x','x','x','x','x'}; 
Previous 14: main:array:1={'a','a','a','a','a','a','a','a','a','a','a','a','a','a','a','a','a','a','a','a','a','a','a','a','a','a','a','a','a','a','b','b','b','b','b','b','b','b','b','b','b','b','b','b','b','b','b','b','b','b','b','b','b','b','b','b','b','b','b','b','c','c','c','c','c','c','c','c','c','c','c','c','c','c','c','c','c','c','c','c','c','c','c','c','c','c','c','c','c','c','c','c','c','c','c','c','c','c','c','c','d'}; 

Program:
extern char __VERIFIER_nondet_char(void);
/*
Commit Number: e6801c90311679fc0854af73da95fe58079c59f4
URL: https://github.com/FreeRADIUS/freeradius-server/commit/e6801c90311679fc0854af73da95fe58079c59f4
Project Name: freeradius-serve
License: GPL2
termination: TRUE
*/
int main()
{
    int stop = 0;
    char array[101];
    for( int i = 0 ; i < 100 ; i++ )
        array[i] =  __VERIFIER_nondet_char();
    array[100] = 0;
    char* p = array;
    while( (*p) && (!stop) )
    {
        switch(*p){
        case '}':
            stop = 1;
            break;

        case ':':
            if( *(p+1) && (*(p+1) == '-')){
                p += 2;
                stop = 1;
                break;
            }

        default:
            p++;
            break;
        }
    }
    return 0;
}

"
18,T,"main:array:1={'a','a','a','a','a','a','a','a','a','a','a','a','a','a','a','a','a','a','a','a','}','a','a','a','a','a','a','a','a','a','a','a','a','a','a','a','a','a','a','a','a','a','a','a','a','a','a','a','a','a','a','a','a','a','a','a','a','a','a','a','a','a','a','a','a','a','a','a','a','a','a','a','a','a','a','a','a','a','a','a','a','a','a','a','a','a','a','a','a','a','0','}',';','C',';',';',';',';',';',';',';'}
",/home/quasar/Documents/FocusTNT/results_InputGeneration/FSE/loop/Incorrect_Control_Statement_1_T/input_generator_artifacts/generated_programs/Incorrect_Control_Statement_1_T_TestCase16.c,COMPLETED,T,true,,"You generate concrete values for nondeterministic inputs in a C/C++ program.
Your goal is to produce ONE complete assignment set that is likely to make the program terminate.

Important rules:
1. Return a value for EVERY listed nondeterministic input ID.
2. Use each ID exactly once.
3. Respect the declared C/C++ type.
4. For an array, return the value as an array containing exactly the required number of elements.
5. For char arrays, each element must be exactly one character. Return the character itself without C single quotes.
6. Prefer small-magnitude values unless larger values are necessary to achieve the requested execution behavior.

Nondeterministic inputs:
- id: main:array:1, type: char, array: true, size: 101, required elements: 101

Previously generated assignment sets are listed below. Generate a materially different set and do not duplicate any of them.
Previous 1: main:array:1={'}','a','a','a','a','a','a','a','a','a','a','a','a','a','a','a','a','a','a','a','a','a','a','a','a','a','a','a','a','a','a','a','a','a','a','a','a','a','a','a','a','a','a','a','a','a','a','a','a','a','a','a','a','a','a','a','a','a','a','a','a','a','a','a','a','a','a','a','a','a','a','a','a','a','a','a','a','a','a','a','a','a','a','a','a','a','a','a','a','a','a','a','a','a','a','a','a','a','a','a','a'}; 
Previous 2: main:array:1={'0','a','a','a','a','a','a','a','a','a','a','a','a','a','a','a','a','a','a','a','a','a','a','a','a','a','a','a','a','a','a','a','a','a','a','a','a','a','a','a','a','a','a','a','a','a','a','a','a','a','a','a','a','a','a','a','a','a','a','a','a','a','a','a','a','a','a','a','a','a','a','a','a','a','a','a','a','a','a','a','a','a','a','a','a','a','a','a','a','a','a','a','a','a','a','a','a','a','a','a','a'}; 
Previous 3: main:array:1={'a','a','a','a','a','a','a','a','a','a','a','a','a','a','a','a','a','a','a','a','a','a','a','a','a','a','a','a','a','a','a','a','a','a','a','a','a','a','a','a','a','a','a','a','a','a','a','a','a','a','a','a','a','a','a','a','a','a','a','a','a','a','a','a','a','a','a','a','a','a','a','a','a','a','a','a','a','a','a','a','a','a','a','a','a','a','a','a','a','a','a','a','a','a','a','a','a','a','a','a','a'}; 
Previous 4: main:array:1={' ',' ',' ',' ',' ',' ',' ',' ',' ',' ',' ',' ',' ',' ',' ',' ',' ',' ',' ',' ',' ',' ',' ',' ',' ',' ',' ',' ',' ',' ',' ',' ',' ',' ',' ',' ',' ',' ',' ',' ',' ',' ',' ',' ',' ',' ',' ',' ',' ',' ',' ',' ',' ',' ',' ',' ',' ',' ',' ',' ',' ',' ',' ',' ',' ',' ',' ',' ',' ',' ',' ',' ',' ',' ',' ',' ',' ',' ',' ',' ',' ',' ',' ',' ',' ',' ',' ',' ',' ',' ',' ',' ',' ',' ',' ',' ',' ',' ',' ',' ',' '}; 
Previous 5: main:array:1={'a','b','c','d','e','f','g','h','i','j','k','l','m','n','o','p','q','r','s','t','u','v','w','x','y','z','a','b','c','d','e','f','g','h','i','j','k','l','m','n','o','p','q','r','s','t','u','v','w','x','y','z','a','b','c','d','e','f','g','h','i','j','k','l','m','n','o','p','q','r','s','t','u','v','w','x','y','z','a','b','c','d','e','f','g','h','i','j','k','l','m','n','o','p','q','r','s','t','u','v','w'}; 
Previous 6: main:array:1={'1','A','B','C','D','E','F','G','H','I','J','K','L','M','N','O','P','Q','R','S','T','U','V','W','X','Y','Z','A','B','C','D','E','F','G','H','I','J','K','L','M','N','O','P','Q','R','S','T','U','V','W','X','Y','Z','A','B','C','D','E','F','G','H','I','J','K','L','M','N','O','P','Q','R','S','T','U','V','W','X','Y','Z','A','B','C','D','E','F','G','H','I','J','K','L','M','N','O','P','Q','R','S','T','U','V'}; 
Previous 7: main:array:1={'a','a','a','a','a','a','a','a','a','a','b','b','b','b','b','b','b','b','b','b','}','c','c','c','c','c','c','c','c','c','c','c','c','c','c','c','c','c','c','c','c','c','c','c','c','c','c','c','c','c','c','c','c','c','c','c','c','c','c','c','c','c','c','c','c','c','c','c','c','c','c','c','c','c','c','c','c','c','c','c','c','c','c','c','c','c','c','c','c','c','c','c','c','c','c','c','c','c','c','c','d'}; 
Previous 8: main:array:1={'b','b','b','b','b','b','b','b','b','b','b','b','b','b','b','b','b','b','b','b','b','b','b','b','b','b','b','b','b','b','b','b','b','b','b','b','b','b','b','b','b','b','b','b','b','b','b','b','b','b','b','b','b','b','b','b','b','b','b','b','b','b','b','b','b','b','b','b','b','b','b','b','b','b','b','b','b','b','b','b','b','b','b','b','b','b','b','b','b','b','b','b','b','b','b','b','b','b','b','b','b'}; 
Previous 9: main:array:1={'0','x','x','x','x','x','x','x','x','x','x','x','x','x','x','x','x','x','x','x','x','x','x','x','x','x','x','x','x','x','x','x','x','x','x','x','x','x','x','x','x','x','x','x','x','x','x','x','x','x','x','x','x','x','x','x','x','x','x','x','x','x','x','x','x','x','x','x','x','x','x','x','x','x','x','x','x','x','x','x','x','x','x','x','x','x','x','x','x','x','x','x','x','x','x','x','x','x','x','x','x'}; 
Previous 10: main:array:1={':','-',' ',' ',' ',' ',' ',' ',' ',' ',' ',' ',' ',' ',' ',' ',' ',' ',' ',' ',' ',' ',' ',' ',' ',' ',' ',' ',' ',' ',' ',' ',' ',' ',' ',' ',' ',' ',' ',' ',' ',' ',' ',' ',' ',' ',' ',' ',' ',' ',' ',' ',' ',' ',' ',' ',' ',' ',' ',' ',' ',' ',' ',' ',' ',' ',' ',' ',' ',' ',' ',' ',' ',' ',' ',' ',' ',' ',' ',' ',' ',' ',' ',' ',' ',' ',' ',' ',' ',' ',' ',' ',' ',' ',' ',' ',' ',' ',' ',' ',' '}; 
Previous 11: main:array:1={'0','1','2','3','4','5','6','7','8','9','0','1','2','3','4','5','6','7','8','9','0','1','2','3','4','5','6','7','8','9','0','1','2','3','4','5','6','7','8','9','0','1','2','3','4','5','6','7','8','9','a','b','c','d','e','f','g','h','i','j','a','b','c','d','e','f','g','h','i','j','a','b','c','d','e','f','g','h','i','j','a','b','c','d','e','f','g','h','i','j','a','b','c','d','e','f','g','h','i','j','z'}; 
Previous 12: main:array:1={'a','a','a','a','a','a','a','a','a','a','a','a','a','a','a','a','a','a','a','a','a','a','a','a','a','a','a','a','a','a','a','a','a','a','a','a','a','a','a','a','a','a','a','a','a','a','a','a','a','a','b','b','b','b','b','b','b','b','b','b','b','b','b','b','b','b','b','b','b','b','b','b','b','b','b','b','b','b','b','b','b','b','b','b','b','b','b','b','b','b','b','b','b','b','b','b','b','b','b','b','b'}; 
Previous 13: main:array:1={'x','x','x','x','x','x','x','x','x','x','x','x','x','x','x','x','x','x','x','x','x','x','x','x','x','x','x','x','x','x','x','x','x','x','x','x','x','x','x','x','x','x','x','x','x','x','x','x','x','x','x','x','x','x','x','x','x','x','x','x','x','x','x','x','x','x','x','x','x','x','x','x','x','x','x','x','x','x','x','x','x','x','x','x','x','x','x','x','x','x','x','x','x','x','x','x','x','x','x','x','x'}; 
Previous 14: main:array:1={'a','a','a','a','a','a','a','a','a','a','a','a','a','a','a','a','a','a','a','a','a','a','a','a','a','a','a','a','a','a','b','b','b','b','b','b','b','b','b','b','b','b','b','b','b','b','b','b','b','b','b','b','b','b','b','b','b','b','b','b','c','c','c','c','c','c','c','c','c','c','c','c','c','c','c','c','c','c','c','c','c','c','c','c','c','c','c','c','c','c','c','c','c','c','c','c','c','c','c','c','d'}; 
Previous 15: main:array:1={'a','a','a','a','a','a','a','a','a','a','a','a','a','a','a','a','a','a','a','a','a','a','a','a','a','a','a','a','a','a','a','a','a','a','a','a','a','a','a','a','a','a','a','a','a','a','a','a','a','a','}','a','a','a','a','a','a','a','a','a','a','a','a','a','a','a','a','a','a','a','a','a','a','a','a','a','a','a','a','a','a','a','a','a','a','a','a','a','a','a','a','a','a','a','a','a','a','a','a','a','a'}; 

Program:
extern char __VERIFIER_nondet_char(void);
/*
Commit Number: e6801c90311679fc0854af73da95fe58079c59f4
URL: https://github.com/FreeRADIUS/freeradius-server/commit/e6801c90311679fc0854af73da95fe58079c59f4
Project Name: freeradius-serve
License: GPL2
termination: TRUE
*/
int main()
{
    int stop = 0;
    char array[101];
    for( int i = 0 ; i < 100 ; i++ )
        array[i] =  __VERIFIER_nondet_char();
    array[100] = 0;
    char* p = array;
    while( (*p) && (!stop) )
    {
        switch(*p){
        case '}':
            stop = 1;
            break;

        case ':':
            if( *(p+1) && (*(p+1) == '-')){
                p += 2;
                stop = 1;
                break;
            }

        default:
            p++;
            break;
        }
    }
    return 0;
}

"
19,T,"main:array:1={'a',':','-','x','x','x','x','x','x','x','x','x','x','x','x','x','x','x','x','x','x','x','x','x','x','x','x','x','x','x','x','x','x','x','x','x','x','x','x','x','x','x','x','x','x','x','x','x','x','x','x','x','x','x','x','x','x','x','x','x','x','x','x','x','x','x','x','x','x','x','x','x','x','x','x','x','x','x','x','x','x','x','x','x','x','x','x','x','x','x','x','x','x','x','x','x','x','x','x','x','x'}
",/home/quasar/Documents/FocusTNT/results_InputGeneration/FSE/loop/Incorrect_Control_Statement_1_T/input_generator_artifacts/generated_programs/Incorrect_Control_Statement_1_T_TestCase17.c,COMPLETED,T,true,,"You generate concrete values for nondeterministic inputs in a C/C++ program.
Your goal is to produce ONE complete assignment set that is likely to make the program terminate.

Important rules:
1. Return a value for EVERY listed nondeterministic input ID.
2. Use each ID exactly once.
3. Respect the declared C/C++ type.
4. For an array, return the value as an array containing exactly the required number of elements.
5. For char arrays, each element must be exactly one character. Return the character itself without C single quotes.
6. Prefer small-magnitude values unless larger values are necessary to achieve the requested execution behavior.

Nondeterministic inputs:
- id: main:array:1, type: char, array: true, size: 101, required elements: 101

Previously generated assignment sets are listed below. Generate a materially different set and do not duplicate any of them.
Previous 1: main:array:1={'}','a','a','a','a','a','a','a','a','a','a','a','a','a','a','a','a','a','a','a','a','a','a','a','a','a','a','a','a','a','a','a','a','a','a','a','a','a','a','a','a','a','a','a','a','a','a','a','a','a','a','a','a','a','a','a','a','a','a','a','a','a','a','a','a','a','a','a','a','a','a','a','a','a','a','a','a','a','a','a','a','a','a','a','a','a','a','a','a','a','a','a','a','a','a','a','a','a','a','a','a'}; 
Previous 2: main:array:1={'0','a','a','a','a','a','a','a','a','a','a','a','a','a','a','a','a','a','a','a','a','a','a','a','a','a','a','a','a','a','a','a','a','a','a','a','a','a','a','a','a','a','a','a','a','a','a','a','a','a','a','a','a','a','a','a','a','a','a','a','a','a','a','a','a','a','a','a','a','a','a','a','a','a','a','a','a','a','a','a','a','a','a','a','a','a','a','a','a','a','a','a','a','a','a','a','a','a','a','a','a'}; 
Previous 3: main:array:1={'a','a','a','a','a','a','a','a','a','a','a','a','a','a','a','a','a','a','a','a','a','a','a','a','a','a','a','a','a','a','a','a','a','a','a','a','a','a','a','a','a','a','a','a','a','a','a','a','a','a','a','a','a','a','a','a','a','a','a','a','a','a','a','a','a','a','a','a','a','a','a','a','a','a','a','a','a','a','a','a','a','a','a','a','a','a','a','a','a','a','a','a','a','a','a','a','a','a','a','a','a'}; 
Previous 4: main:array:1={' ',' ',' ',' ',' ',' ',' ',' ',' ',' ',' ',' ',' ',' ',' ',' ',' ',' ',' ',' ',' ',' ',' ',' ',' ',' ',' ',' ',' ',' ',' ',' ',' ',' ',' ',' ',' ',' ',' ',' ',' ',' ',' ',' ',' ',' ',' ',' ',' ',' ',' ',' ',' ',' ',' ',' ',' ',' ',' ',' ',' ',' ',' ',' ',' ',' ',' ',' ',' ',' ',' ',' ',' ',' ',' ',' ',' ',' ',' ',' ',' ',' ',' ',' ',' ',' ',' ',' ',' ',' ',' ',' ',' ',' ',' ',' ',' ',' ',' ',' ',' '}; 
Previous 5: main:array:1={'a','b','c','d','e','f','g','h','i','j','k','l','m','n','o','p','q','r','s','t','u','v','w','x','y','z','a','b','c','d','e','f','g','h','i','j','k','l','m','n','o','p','q','r','s','t','u','v','w','x','y','z','a','b','c','d','e','f','g','h','i','j','k','l','m','n','o','p','q','r','s','t','u','v','w','x','y','z','a','b','c','d','e','f','g','h','i','j','k','l','m','n','o','p','q','r','s','t','u','v','w'}; 
Previous 6: main:array:1={'1','A','B','C','D','E','F','G','H','I','J','K','L','M','N','O','P','Q','R','S','T','U','V','W','X','Y','Z','A','B','C','D','E','F','G','H','I','J','K','L','M','N','O','P','Q','R','S','T','U','V','W','X','Y','Z','A','B','C','D','E','F','G','H','I','J','K','L','M','N','O','P','Q','R','S','T','U','V','W','X','Y','Z','A','B','C','D','E','F','G','H','I','J','K','L','M','N','O','P','Q','R','S','T','U','V'}; 
Previous 7: main:array:1={'a','a','a','a','a','a','a','a','a','a','b','b','b','b','b','b','b','b','b','b','}','c','c','c','c','c','c','c','c','c','c','c','c','c','c','c','c','c','c','c','c','c','c','c','c','c','c','c','c','c','c','c','c','c','c','c','c','c','c','c','c','c','c','c','c','c','c','c','c','c','c','c','c','c','c','c','c','c','c','c','c','c','c','c','c','c','c','c','c','c','c','c','c','c','c','c','c','c','c','c','d'}; 
Previous 8: main:array:1={'b','b','b','b','b','b','b','b','b','b','b','b','b','b','b','b','b','b','b','b','b','b','b','b','b','b','b','b','b','b','b','b','b','b','b','b','b','b','b','b','b','b','b','b','b','b','b','b','b','b','b','b','b','b','b','b','b','b','b','b','b','b','b','b','b','b','b','b','b','b','b','b','b','b','b','b','b','b','b','b','b','b','b','b','b','b','b','b','b','b','b','b','b','b','b','b','b','b','b','b','b'}; 
Previous 9: main:array:1={'0','x','x','x','x','x','x','x','x','x','x','x','x','x','x','x','x','x','x','x','x','x','x','x','x','x','x','x','x','x','x','x','x','x','x','x','x','x','x','x','x','x','x','x','x','x','x','x','x','x','x','x','x','x','x','x','x','x','x','x','x','x','x','x','x','x','x','x','x','x','x','x','x','x','x','x','x','x','x','x','x','x','x','x','x','x','x','x','x','x','x','x','x','x','x','x','x','x','x','x','x'}; 
Previous 10: main:array:1={':','-',' ',' ',' ',' ',' ',' ',' ',' ',' ',' ',' ',' ',' ',' ',' ',' ',' ',' ',' ',' ',' ',' ',' ',' ',' ',' ',' ',' ',' ',' ',' ',' ',' ',' ',' ',' ',' ',' ',' ',' ',' ',' ',' ',' ',' ',' ',' ',' ',' ',' ',' ',' ',' ',' ',' ',' ',' ',' ',' ',' ',' ',' ',' ',' ',' ',' ',' ',' ',' ',' ',' ',' ',' ',' ',' ',' ',' ',' ',' ',' ',' ',' ',' ',' ',' ',' ',' ',' ',' ',' ',' ',' ',' ',' ',' ',' ',' ',' ',' '}; 
Previous 11: main:array:1={'0','1','2','3','4','5','6','7','8','9','0','1','2','3','4','5','6','7','8','9','0','1','2','3','4','5','6','7','8','9','0','1','2','3','4','5','6','7','8','9','0','1','2','3','4','5','6','7','8','9','a','b','c','d','e','f','g','h','i','j','a','b','c','d','e','f','g','h','i','j','a','b','c','d','e','f','g','h','i','j','a','b','c','d','e','f','g','h','i','j','a','b','c','d','e','f','g','h','i','j','z'}; 
Previous 12: main:array:1={'a','a','a','a','a','a','a','a','a','a','a','a','a','a','a','a','a','a','a','a','a','a','a','a','a','a','a','a','a','a','a','a','a','a','a','a','a','a','a','a','a','a','a','a','a','a','a','a','a','a','b','b','b','b','b','b','b','b','b','b','b','b','b','b','b','b','b','b','b','b','b','b','b','b','b','b','b','b','b','b','b','b','b','b','b','b','b','b','b','b','b','b','b','b','b','b','b','b','b','b','b'}; 
Previous 13: main:array:1={'x','x','x','x','x','x','x','x','x','x','x','x','x','x','x','x','x','x','x','x','x','x','x','x','x','x','x','x','x','x','x','x','x','x','x','x','x','x','x','x','x','x','x','x','x','x','x','x','x','x','x','x','x','x','x','x','x','x','x','x','x','x','x','x','x','x','x','x','x','x','x','x','x','x','x','x','x','x','x','x','x','x','x','x','x','x','x','x','x','x','x','x','x','x','x','x','x','x','x','x','x'}; 
Previous 14: main:array:1={'a','a','a','a','a','a','a','a','a','a','a','a','a','a','a','a','a','a','a','a','a','a','a','a','a','a','a','a','a','a','b','b','b','b','b','b','b','b','b','b','b','b','b','b','b','b','b','b','b','b','b','b','b','b','b','b','b','b','b','b','c','c','c','c','c','c','c','c','c','c','c','c','c','c','c','c','c','c','c','c','c','c','c','c','c','c','c','c','c','c','c','c','c','c','c','c','c','c','c','c','d'}; 
Previous 15: main:array:1={'a','a','a','a','a','a','a','a','a','a','a','a','a','a','a','a','a','a','a','a','a','a','a','a','a','a','a','a','a','a','a','a','a','a','a','a','a','a','a','a','a','a','a','a','a','a','a','a','a','a','}','a','a','a','a','a','a','a','a','a','a','a','a','a','a','a','a','a','a','a','a','a','a','a','a','a','a','a','a','a','a','a','a','a','a','a','a','a','a','a','a','a','a','a','a','a','a','a','a','a','a'}; 
Previous 16: main:array:1={'a','a','a','a','a','a','a','a','a','a','a','a','a','a','a','a','a','a','a','a','}','a','a','a','a','a','a','a','a','a','a','a','a','a','a','a','a','a','a','a','a','a','a','a','a','a','a','a','a','a','a','a','a','a','a','a','a','a','a','a','a','a','a','a','a','a','a','a','a','a','a','a','a','a','a','a','a','a','a','a','a','a','a','a','a','a','a','a','a','a','0','}',';','C',';',';',';',';',';',';',';'}; 

Program:
extern char __VERIFIER_nondet_char(void);
/*
Commit Number: e6801c90311679fc0854af73da95fe58079c59f4
URL: https://github.com/FreeRADIUS/freeradius-server/commit/e6801c90311679fc0854af73da95fe58079c59f4
Project Name: freeradius-serve
License: GPL2
termination: TRUE
*/
int main()
{
    int stop = 0;
    char array[101];
    for( int i = 0 ; i < 100 ; i++ )
        array[i] =  __VERIFIER_nondet_char();
    array[100] = 0;
    char* p = array;
    while( (*p) && (!stop) )
    {
        switch(*p){
        case '}':
            stop = 1;
            break;

        case ':':
            if( *(p+1) && (*(p+1) == '-')){
                p += 2;
                stop = 1;
                break;
            }

        default:
            p++;
            break;
        }
    }
    return 0;
}

"
20,T,"main:array:1={'A','A','A','A','A','A','A','A','A','A','A','A','A','A','A','A','A','A','A','A','A','A','A','A','A','A','A','A','A','A','A','A','A','A','A','A','A','A','A','A','A','A','A','A','A','A','A','A','A','A','A','A','A','A','A','A','A','A','A','A','A','A','A','A','A','A','A','A','A','A','A','A','A','A','A','A','A','A','A','A','A','A','A','A','A','A','A','A','A','A','A','A','A','A','A','A','A','A','A','A','A'}
",/home/quasar/Documents/FocusTNT/results_InputGeneration/FSE/loop/Incorrect_Control_Statement_1_T/input_generator_artifacts/generated_programs/Incorrect_Control_Statement_1_T_TestCase18.c,COMPLETED,T,true,,"You generate concrete values for nondeterministic inputs in a C/C++ program.
Your goal is to produce ONE complete assignment set that is likely to make the program terminate.

Important rules:
1. Return a value for EVERY listed nondeterministic input ID.
2. Use each ID exactly once.
3. Respect the declared C/C++ type.
4. For an array, return the value as an array containing exactly the required number of elements.
5. For char arrays, each element must be exactly one character. Return the character itself without C single quotes.
6. Prefer small-magnitude values unless larger values are necessary to achieve the requested execution behavior.

Nondeterministic inputs:
- id: main:array:1, type: char, array: true, size: 101, required elements: 101

Previously generated assignment sets are listed below. Generate a materially different set and do not duplicate any of them.
Previous 1: main:array:1={'}','a','a','a','a','a','a','a','a','a','a','a','a','a','a','a','a','a','a','a','a','a','a','a','a','a','a','a','a','a','a','a','a','a','a','a','a','a','a','a','a','a','a','a','a','a','a','a','a','a','a','a','a','a','a','a','a','a','a','a','a','a','a','a','a','a','a','a','a','a','a','a','a','a','a','a','a','a','a','a','a','a','a','a','a','a','a','a','a','a','a','a','a','a','a','a','a','a','a','a','a'}; 
Previous 2: main:array:1={'0','a','a','a','a','a','a','a','a','a','a','a','a','a','a','a','a','a','a','a','a','a','a','a','a','a','a','a','a','a','a','a','a','a','a','a','a','a','a','a','a','a','a','a','a','a','a','a','a','a','a','a','a','a','a','a','a','a','a','a','a','a','a','a','a','a','a','a','a','a','a','a','a','a','a','a','a','a','a','a','a','a','a','a','a','a','a','a','a','a','a','a','a','a','a','a','a','a','a','a','a'}; 
Previous 3: main:array:1={'a','a','a','a','a','a','a','a','a','a','a','a','a','a','a','a','a','a','a','a','a','a','a','a','a','a','a','a','a','a','a','a','a','a','a','a','a','a','a','a','a','a','a','a','a','a','a','a','a','a','a','a','a','a','a','a','a','a','a','a','a','a','a','a','a','a','a','a','a','a','a','a','a','a','a','a','a','a','a','a','a','a','a','a','a','a','a','a','a','a','a','a','a','a','a','a','a','a','a','a','a'}; 
Previous 4: main:array:1={' ',' ',' ',' ',' ',' ',' ',' ',' ',' ',' ',' ',' ',' ',' ',' ',' ',' ',' ',' ',' ',' ',' ',' ',' ',' ',' ',' ',' ',' ',' ',' ',' ',' ',' ',' ',' ',' ',' ',' ',' ',' ',' ',' ',' ',' ',' ',' ',' ',' ',' ',' ',' ',' ',' ',' ',' ',' ',' ',' ',' ',' ',' ',' ',' ',' ',' ',' ',' ',' ',' ',' ',' ',' ',' ',' ',' ',' ',' ',' ',' ',' ',' ',' ',' ',' ',' ',' ',' ',' ',' ',' ',' ',' ',' ',' ',' ',' ',' ',' ',' '}; 
Previous 5: main:array:1={'a','b','c','d','e','f','g','h','i','j','k','l','m','n','o','p','q','r','s','t','u','v','w','x','y','z','a','b','c','d','e','f','g','h','i','j','k','l','m','n','o','p','q','r','s','t','u','v','w','x','y','z','a','b','c','d','e','f','g','h','i','j','k','l','m','n','o','p','q','r','s','t','u','v','w','x','y','z','a','b','c','d','e','f','g','h','i','j','k','l','m','n','o','p','q','r','s','t','u','v','w'}; 
Previous 6: main:array:1={'1','A','B','C','D','E','F','G','H','I','J','K','L','M','N','O','P','Q','R','S','T','U','V','W','X','Y','Z','A','B','C','D','E','F','G','H','I','J','K','L','M','N','O','P','Q','R','S','T','U','V','W','X','Y','Z','A','B','C','D','E','F','G','H','I','J','K','L','M','N','O','P','Q','R','S','T','U','V','W','X','Y','Z','A','B','C','D','E','F','G','H','I','J','K','L','M','N','O','P','Q','R','S','T','U','V'}; 
Previous 7: main:array:1={'a','a','a','a','a','a','a','a','a','a','b','b','b','b','b','b','b','b','b','b','}','c','c','c','c','c','c','c','c','c','c','c','c','c','c','c','c','c','c','c','c','c','c','c','c','c','c','c','c','c','c','c','c','c','c','c','c','c','c','c','c','c','c','c','c','c','c','c','c','c','c','c','c','c','c','c','c','c','c','c','c','c','c','c','c','c','c','c','c','c','c','c','c','c','c','c','c','c','c','c','d'}; 
Previous 8: main:array:1={'b','b','b','b','b','b','b','b','b','b','b','b','b','b','b','b','b','b','b','b','b','b','b','b','b','b','b','b','b','b','b','b','b','b','b','b','b','b','b','b','b','b','b','b','b','b','b','b','b','b','b','b','b','b','b','b','b','b','b','b','b','b','b','b','b','b','b','b','b','b','b','b','b','b','b','b','b','b','b','b','b','b','b','b','b','b','b','b','b','b','b','b','b','b','b','b','b','b','b','b','b'}; 
Previous 9: main:array:1={'0','x','x','x','x','x','x','x','x','x','x','x','x','x','x','x','x','x','x','x','x','x','x','x','x','x','x','x','x','x','x','x','x','x','x','x','x','x','x','x','x','x','x','x','x','x','x','x','x','x','x','x','x','x','x','x','x','x','x','x','x','x','x','x','x','x','x','x','x','x','x','x','x','x','x','x','x','x','x','x','x','x','x','x','x','x','x','x','x','x','x','x','x','x','x','x','x','x','x','x','x'}; 
Previous 10: main:array:1={':','-',' ',' ',' ',' ',' ',' ',' ',' ',' ',' ',' ',' ',' ',' ',' ',' ',' ',' ',' ',' ',' ',' ',' ',' ',' ',' ',' ',' ',' ',' ',' ',' ',' ',' ',' ',' ',' ',' ',' ',' ',' ',' ',' ',' ',' ',' ',' ',' ',' ',' ',' ',' ',' ',' ',' ',' ',' ',' ',' ',' ',' ',' ',' ',' ',' ',' ',' ',' ',' ',' ',' ',' ',' ',' ',' ',' ',' ',' ',' ',' ',' ',' ',' ',' ',' ',' ',' ',' ',' ',' ',' ',' ',' ',' ',' ',' ',' ',' ',' '}; 
Previous 11: main:array:1={'0','1','2','3','4','5','6','7','8','9','0','1','2','3','4','5','6','7','8','9','0','1','2','3','4','5','6','7','8','9','0','1','2','3','4','5','6','7','8','9','0','1','2','3','4','5','6','7','8','9','a','b','c','d','e','f','g','h','i','j','a','b','c','d','e','f','g','h','i','j','a','b','c','d','e','f','g','h','i','j','a','b','c','d','e','f','g','h','i','j','a','b','c','d','e','f','g','h','i','j','z'}; 
Previous 12: main:array:1={'a','a','a','a','a','a','a','a','a','a','a','a','a','a','a','a','a','a','a','a','a','a','a','a','a','a','a','a','a','a','a','a','a','a','a','a','a','a','a','a','a','a','a','a','a','a','a','a','a','a','b','b','b','b','b','b','b','b','b','b','b','b','b','b','b','b','b','b','b','b','b','b','b','b','b','b','b','b','b','b','b','b','b','b','b','b','b','b','b','b','b','b','b','b','b','b','b','b','b','b','b'}; 
Previous 13: main:array:1={'x','x','x','x','x','x','x','x','x','x','x','x','x','x','x','x','x','x','x','x','x','x','x','x','x','x','x','x','x','x','x','x','x','x','x','x','x','x','x','x','x','x','x','x','x','x','x','x','x','x','x','x','x','x','x','x','x','x','x','x','x','x','x','x','x','x','x','x','x','x','x','x','x','x','x','x','x','x','x','x','x','x','x','x','x','x','x','x','x','x','x','x','x','x','x','x','x','x','x','x','x'}; 
Previous 14: main:array:1={'a','a','a','a','a','a','a','a','a','a','a','a','a','a','a','a','a','a','a','a','a','a','a','a','a','a','a','a','a','a','b','b','b','b','b','b','b','b','b','b','b','b','b','b','b','b','b','b','b','b','b','b','b','b','b','b','b','b','b','b','c','c','c','c','c','c','c','c','c','c','c','c','c','c','c','c','c','c','c','c','c','c','c','c','c','c','c','c','c','c','c','c','c','c','c','c','c','c','c','c','d'}; 
Previous 15: main:array:1={'a','a','a','a','a','a','a','a','a','a','a','a','a','a','a','a','a','a','a','a','a','a','a','a','a','a','a','a','a','a','a','a','a','a','a','a','a','a','a','a','a','a','a','a','a','a','a','a','a','a','}','a','a','a','a','a','a','a','a','a','a','a','a','a','a','a','a','a','a','a','a','a','a','a','a','a','a','a','a','a','a','a','a','a','a','a','a','a','a','a','a','a','a','a','a','a','a','a','a','a','a'}; 
Previous 16: main:array:1={'a','a','a','a','a','a','a','a','a','a','a','a','a','a','a','a','a','a','a','a','}','a','a','a','a','a','a','a','a','a','a','a','a','a','a','a','a','a','a','a','a','a','a','a','a','a','a','a','a','a','a','a','a','a','a','a','a','a','a','a','a','a','a','a','a','a','a','a','a','a','a','a','a','a','a','a','a','a','a','a','a','a','a','a','a','a','a','a','a','a','0','}',';','C',';',';',';',';',';',';',';'}; 
Previous 17: main:array:1={'a',':','-','x','x','x','x','x','x','x','x','x','x','x','x','x','x','x','x','x','x','x','x','x','x','x','x','x','x','x','x','x','x','x','x','x','x','x','x','x','x','x','x','x','x','x','x','x','x','x','x','x','x','x','x','x','x','x','x','x','x','x','x','x','x','x','x','x','x','x','x','x','x','x','x','x','x','x','x','x','x','x','x','x','x','x','x','x','x','x','x','x','x','x','x','x','x','x','x','x','x'}; 

Program:
extern char __VERIFIER_nondet_char(void);
/*
Commit Number: e6801c90311679fc0854af73da95fe58079c59f4
URL: https://github.com/FreeRADIUS/freeradius-server/commit/e6801c90311679fc0854af73da95fe58079c59f4
Project Name: freeradius-serve
License: GPL2
termination: TRUE
*/
int main()
{
    int stop = 0;
    char array[101];
    for( int i = 0 ; i < 100 ; i++ )
        array[i] =  __VERIFIER_nondet_char();
    array[100] = 0;
    char* p = array;
    while( (*p) && (!stop) )
    {
        switch(*p){
        case '}':
            stop = 1;
            break;

        case ':':
            if( *(p+1) && (*(p+1) == '-')){
                p += 2;
                stop = 1;
                break;
            }

        default:
            p++;
            break;
        }
    }
    return 0;
}

"
21,T,"main:array:1={'}','a','a','a','a','a','a','a','a','a','a','a','a','a','a','a','a','a','a','a','a','a','a','a','a','a','a','a','a','a','a','a','a','a','a','a','a','a','a','a','a','a','a','a','a','a','a','a','a','a','a','a','a','a','a','a','a','a','a','a','a','a','a','a','a','a','a','a','a','a','a','a','a','a','a','a','a','a','a','a','a','a','a','a','a','a','a','a','a','a','a','a','a','a','a','a','a','a','a','a','a'}
",,DUPLICATE,,false,,"You generate concrete values for nondeterministic inputs in a C/C++ program.
Your goal is to produce ONE complete assignment set that is likely to make the program terminate.

Important rules:
1. Return a value for EVERY listed nondeterministic input ID.
2. Use each ID exactly once.
3. Respect the declared C/C++ type.
4. For an array, return the value as an array containing exactly the required number of elements.
5. For char arrays, each element must be exactly one character. Return the character itself without C single quotes.
6. Prefer small-magnitude values unless larger values are necessary to achieve the requested execution behavior.

Nondeterministic inputs:
- id: main:array:1, type: char, array: true, size: 101, required elements: 101

Previously generated assignment sets are listed below. Generate a materially different set and do not duplicate any of them.
Previous 1: main:array:1={'}','a','a','a','a','a','a','a','a','a','a','a','a','a','a','a','a','a','a','a','a','a','a','a','a','a','a','a','a','a','a','a','a','a','a','a','a','a','a','a','a','a','a','a','a','a','a','a','a','a','a','a','a','a','a','a','a','a','a','a','a','a','a','a','a','a','a','a','a','a','a','a','a','a','a','a','a','a','a','a','a','a','a','a','a','a','a','a','a','a','a','a','a','a','a','a','a','a','a','a','a'}; 
Previous 2: main:array:1={'0','a','a','a','a','a','a','a','a','a','a','a','a','a','a','a','a','a','a','a','a','a','a','a','a','a','a','a','a','a','a','a','a','a','a','a','a','a','a','a','a','a','a','a','a','a','a','a','a','a','a','a','a','a','a','a','a','a','a','a','a','a','a','a','a','a','a','a','a','a','a','a','a','a','a','a','a','a','a','a','a','a','a','a','a','a','a','a','a','a','a','a','a','a','a','a','a','a','a','a','a'}; 
Previous 3: main:array:1={'a','a','a','a','a','a','a','a','a','a','a','a','a','a','a','a','a','a','a','a','a','a','a','a','a','a','a','a','a','a','a','a','a','a','a','a','a','a','a','a','a','a','a','a','a','a','a','a','a','a','a','a','a','a','a','a','a','a','a','a','a','a','a','a','a','a','a','a','a','a','a','a','a','a','a','a','a','a','a','a','a','a','a','a','a','a','a','a','a','a','a','a','a','a','a','a','a','a','a','a','a'}; 
Previous 4: main:array:1={' ',' ',' ',' ',' ',' ',' ',' ',' ',' ',' ',' ',' ',' ',' ',' ',' ',' ',' ',' ',' ',' ',' ',' ',' ',' ',' ',' ',' ',' ',' ',' ',' ',' ',' ',' ',' ',' ',' ',' ',' ',' ',' ',' ',' ',' ',' ',' ',' ',' ',' ',' ',' ',' ',' ',' ',' ',' ',' ',' ',' ',' ',' ',' ',' ',' ',' ',' ',' ',' ',' ',' ',' ',' ',' ',' ',' ',' ',' ',' ',' ',' ',' ',' ',' ',' ',' ',' ',' ',' ',' ',' ',' ',' ',' ',' ',' ',' ',' ',' ',' '}; 
Previous 5: main:array:1={'a','b','c','d','e','f','g','h','i','j','k','l','m','n','o','p','q','r','s','t','u','v','w','x','y','z','a','b','c','d','e','f','g','h','i','j','k','l','m','n','o','p','q','r','s','t','u','v','w','x','y','z','a','b','c','d','e','f','g','h','i','j','k','l','m','n','o','p','q','r','s','t','u','v','w','x','y','z','a','b','c','d','e','f','g','h','i','j','k','l','m','n','o','p','q','r','s','t','u','v','w'}; 
Previous 6: main:array:1={'1','A','B','C','D','E','F','G','H','I','J','K','L','M','N','O','P','Q','R','S','T','U','V','W','X','Y','Z','A','B','C','D','E','F','G','H','I','J','K','L','M','N','O','P','Q','R','S','T','U','V','W','X','Y','Z','A','B','C','D','E','F','G','H','I','J','K','L','M','N','O','P','Q','R','S','T','U','V','W','X','Y','Z','A','B','C','D','E','F','G','H','I','J','K','L','M','N','O','P','Q','R','S','T','U','V'}; 
Previous 7: main:array:1={'a','a','a','a','a','a','a','a','a','a','b','b','b','b','b','b','b','b','b','b','}','c','c','c','c','c','c','c','c','c','c','c','c','c','c','c','c','c','c','c','c','c','c','c','c','c','c','c','c','c','c','c','c','c','c','c','c','c','c','c','c','c','c','c','c','c','c','c','c','c','c','c','c','c','c','c','c','c','c','c','c','c','c','c','c','c','c','c','c','c','c','c','c','c','c','c','c','c','c','c','d'}; 
Previous 8: main:array:1={'b','b','b','b','b','b','b','b','b','b','b','b','b','b','b','b','b','b','b','b','b','b','b','b','b','b','b','b','b','b','b','b','b','b','b','b','b','b','b','b','b','b','b','b','b','b','b','b','b','b','b','b','b','b','b','b','b','b','b','b','b','b','b','b','b','b','b','b','b','b','b','b','b','b','b','b','b','b','b','b','b','b','b','b','b','b','b','b','b','b','b','b','b','b','b','b','b','b','b','b','b'}; 
Previous 9: main:array:1={'0','x','x','x','x','x','x','x','x','x','x','x','x','x','x','x','x','x','x','x','x','x','x','x','x','x','x','x','x','x','x','x','x','x','x','x','x','x','x','x','x','x','x','x','x','x','x','x','x','x','x','x','x','x','x','x','x','x','x','x','x','x','x','x','x','x','x','x','x','x','x','x','x','x','x','x','x','x','x','x','x','x','x','x','x','x','x','x','x','x','x','x','x','x','x','x','x','x','x','x','x'}; 
Previous 10: main:array:1={':','-',' ',' ',' ',' ',' ',' ',' ',' ',' ',' ',' ',' ',' ',' ',' ',' ',' ',' ',' ',' ',' ',' ',' ',' ',' ',' ',' ',' ',' ',' ',' ',' ',' ',' ',' ',' ',' ',' ',' ',' ',' ',' ',' ',' ',' ',' ',' ',' ',' ',' ',' ',' ',' ',' ',' ',' ',' ',' ',' ',' ',' ',' ',' ',' ',' ',' ',' ',' ',' ',' ',' ',' ',' ',' ',' ',' ',' ',' ',' ',' ',' ',' ',' ',' ',' ',' ',' ',' ',' ',' ',' ',' ',' ',' ',' ',' ',' ',' ',' '}; 
Previous 11: main:array:1={'0','1','2','3','4','5','6','7','8','9','0','1','2','3','4','5','6','7','8','9','0','1','2','3','4','5','6','7','8','9','0','1','2','3','4','5','6','7','8','9','0','1','2','3','4','5','6','7','8','9','a','b','c','d','e','f','g','h','i','j','a','b','c','d','e','f','g','h','i','j','a','b','c','d','e','f','g','h','i','j','a','b','c','d','e','f','g','h','i','j','a','b','c','d','e','f','g','h','i','j','z'}; 
Previous 12: main:array:1={'a','a','a','a','a','a','a','a','a','a','a','a','a','a','a','a','a','a','a','a','a','a','a','a','a','a','a','a','a','a','a','a','a','a','a','a','a','a','a','a','a','a','a','a','a','a','a','a','a','a','b','b','b','b','b','b','b','b','b','b','b','b','b','b','b','b','b','b','b','b','b','b','b','b','b','b','b','b','b','b','b','b','b','b','b','b','b','b','b','b','b','b','b','b','b','b','b','b','b','b','b'}; 
Previous 13: main:array:1={'x','x','x','x','x','x','x','x','x','x','x','x','x','x','x','x','x','x','x','x','x','x','x','x','x','x','x','x','x','x','x','x','x','x','x','x','x','x','x','x','x','x','x','x','x','x','x','x','x','x','x','x','x','x','x','x','x','x','x','x','x','x','x','x','x','x','x','x','x','x','x','x','x','x','x','x','x','x','x','x','x','x','x','x','x','x','x','x','x','x','x','x','x','x','x','x','x','x','x','x','x'}; 
Previous 14: main:array:1={'a','a','a','a','a','a','a','a','a','a','a','a','a','a','a','a','a','a','a','a','a','a','a','a','a','a','a','a','a','a','b','b','b','b','b','b','b','b','b','b','b','b','b','b','b','b','b','b','b','b','b','b','b','b','b','b','b','b','b','b','c','c','c','c','c','c','c','c','c','c','c','c','c','c','c','c','c','c','c','c','c','c','c','c','c','c','c','c','c','c','c','c','c','c','c','c','c','c','c','c','d'}; 
Previous 15: main:array:1={'a','a','a','a','a','a','a','a','a','a','a','a','a','a','a','a','a','a','a','a','a','a','a','a','a','a','a','a','a','a','a','a','a','a','a','a','a','a','a','a','a','a','a','a','a','a','a','a','a','a','}','a','a','a','a','a','a','a','a','a','a','a','a','a','a','a','a','a','a','a','a','a','a','a','a','a','a','a','a','a','a','a','a','a','a','a','a','a','a','a','a','a','a','a','a','a','a','a','a','a','a'}; 
Previous 16: main:array:1={'a','a','a','a','a','a','a','a','a','a','a','a','a','a','a','a','a','a','a','a','}','a','a','a','a','a','a','a','a','a','a','a','a','a','a','a','a','a','a','a','a','a','a','a','a','a','a','a','a','a','a','a','a','a','a','a','a','a','a','a','a','a','a','a','a','a','a','a','a','a','a','a','a','a','a','a','a','a','a','a','a','a','a','a','a','a','a','a','a','a','0','}',';','C',';',';',';',';',';',';',';'}; 
Previous 17: main:array:1={'a',':','-','x','x','x','x','x','x','x','x','x','x','x','x','x','x','x','x','x','x','x','x','x','x','x','x','x','x','x','x','x','x','x','x','x','x','x','x','x','x','x','x','x','x','x','x','x','x','x','x','x','x','x','x','x','x','x','x','x','x','x','x','x','x','x','x','x','x','x','x','x','x','x','x','x','x','x','x','x','x','x','x','x','x','x','x','x','x','x','x','x','x','x','x','x','x','x','x','x','x'}; 
Previous 18: main:array:1={'A','A','A','A','A','A','A','A','A','A','A','A','A','A','A','A','A','A','A','A','A','A','A','A','A','A','A','A','A','A','A','A','A','A','A','A','A','A','A','A','A','A','A','A','A','A','A','A','A','A','A','A','A','A','A','A','A','A','A','A','A','A','A','A','A','A','A','A','A','A','A','A','A','A','A','A','A','A','A','A','A','A','A','A','A','A','A','A','A','A','A','A','A','A','A','A','A','A','A','A','A'}; 

Program:
extern char __VERIFIER_nondet_char(void);
/*
Commit Number: e6801c90311679fc0854af73da95fe58079c59f4
URL: https://github.com/FreeRADIUS/freeradius-server/commit/e6801c90311679fc0854af73da95fe58079c59f4
Project Name: freeradius-serve
License: GPL2
termination: TRUE
*/
int main()
{
    int stop = 0;
    char array[101];
    for( int i = 0 ; i < 100 ; i++ )
        array[i] =  __VERIFIER_nondet_char();
    array[100] = 0;
    char* p = array;
    while( (*p) && (!stop) )
    {
        switch(*p){
        case '}':
            stop = 1;
            break;

        case ':':
            if( *(p+1) && (*(p+1) == '-')){
                p += 2;
                stop = 1;
                break;
            }

        default:
            p++;
            break;
        }
    }
    return 0;
}

"
22,T,"main:array:1={'x','y','z','}','q','w','e','r','t','y','u','i','o','p','a','s','d','f','g','h','j','k','l','.',',','/','0','1','2','3','4','5','6','7','8','9','A','B','C','D','E','F','G','H','I','J','K','L','M','N','O','P','Q','R','S','T','U','V','W','X','Y','Z','n','m','b','v','c','x','z','q','w','e','r','t','y','u','i','o','p','a','s','d','f','g','h','j','k','l',',','.','/',' ','-','+','*','/','(',' ',')','[',']'}
",/home/quasar/Documents/FocusTNT/results_InputGeneration/FSE/loop/Incorrect_Control_Statement_1_T/input_generator_artifacts/generated_programs/Incorrect_Control_Statement_1_T_TestCase19.c,COMPLETED,T,true,,"You generate concrete values for nondeterministic inputs in a C/C++ program.
Your goal is to produce ONE complete assignment set that is likely to make the program terminate.

Important rules:
1. Return a value for EVERY listed nondeterministic input ID.
2. Use each ID exactly once.
3. Respect the declared C/C++ type.
4. For an array, return the value as an array containing exactly the required number of elements.
5. For char arrays, each element must be exactly one character. Return the character itself without C single quotes.
6. Prefer small-magnitude values unless larger values are necessary to achieve the requested execution behavior.

Nondeterministic inputs:
- id: main:array:1, type: char, array: true, size: 101, required elements: 101

Previously generated assignment sets are listed below. Generate a materially different set and do not duplicate any of them.
Previous 1: main:array:1={'}','a','a','a','a','a','a','a','a','a','a','a','a','a','a','a','a','a','a','a','a','a','a','a','a','a','a','a','a','a','a','a','a','a','a','a','a','a','a','a','a','a','a','a','a','a','a','a','a','a','a','a','a','a','a','a','a','a','a','a','a','a','a','a','a','a','a','a','a','a','a','a','a','a','a','a','a','a','a','a','a','a','a','a','a','a','a','a','a','a','a','a','a','a','a','a','a','a','a','a','a'}; 
Previous 2: main:array:1={'0','a','a','a','a','a','a','a','a','a','a','a','a','a','a','a','a','a','a','a','a','a','a','a','a','a','a','a','a','a','a','a','a','a','a','a','a','a','a','a','a','a','a','a','a','a','a','a','a','a','a','a','a','a','a','a','a','a','a','a','a','a','a','a','a','a','a','a','a','a','a','a','a','a','a','a','a','a','a','a','a','a','a','a','a','a','a','a','a','a','a','a','a','a','a','a','a','a','a','a','a'}; 
Previous 3: main:array:1={'a','a','a','a','a','a','a','a','a','a','a','a','a','a','a','a','a','a','a','a','a','a','a','a','a','a','a','a','a','a','a','a','a','a','a','a','a','a','a','a','a','a','a','a','a','a','a','a','a','a','a','a','a','a','a','a','a','a','a','a','a','a','a','a','a','a','a','a','a','a','a','a','a','a','a','a','a','a','a','a','a','a','a','a','a','a','a','a','a','a','a','a','a','a','a','a','a','a','a','a','a'}; 
Previous 4: main:array:1={' ',' ',' ',' ',' ',' ',' ',' ',' ',' ',' ',' ',' ',' ',' ',' ',' ',' ',' ',' ',' ',' ',' ',' ',' ',' ',' ',' ',' ',' ',' ',' ',' ',' ',' ',' ',' ',' ',' ',' ',' ',' ',' ',' ',' ',' ',' ',' ',' ',' ',' ',' ',' ',' ',' ',' ',' ',' ',' ',' ',' ',' ',' ',' ',' ',' ',' ',' ',' ',' ',' ',' ',' ',' ',' ',' ',' ',' ',' ',' ',' ',' ',' ',' ',' ',' ',' ',' ',' ',' ',' ',' ',' ',' ',' ',' ',' ',' ',' ',' ',' '}; 
Previous 5: main:array:1={'a','b','c','d','e','f','g','h','i','j','k','l','m','n','o','p','q','r','s','t','u','v','w','x','y','z','a','b','c','d','e','f','g','h','i','j','k','l','m','n','o','p','q','r','s','t','u','v','w','x','y','z','a','b','c','d','e','f','g','h','i','j','k','l','m','n','o','p','q','r','s','t','u','v','w','x','y','z','a','b','c','d','e','f','g','h','i','j','k','l','m','n','o','p','q','r','s','t','u','v','w'}; 
Previous 6: main:array:1={'1','A','B','C','D','E','F','G','H','I','J','K','L','M','N','O','P','Q','R','S','T','U','V','W','X','Y','Z','A','B','C','D','E','F','G','H','I','J','K','L','M','N','O','P','Q','R','S','T','U','V','W','X','Y','Z','A','B','C','D','E','F','G','H','I','J','K','L','M','N','O','P','Q','R','S','T','U','V','W','X','Y','Z','A','B','C','D','E','F','G','H','I','J','K','L','M','N','O','P','Q','R','S','T','U','V'}; 
Previous 7: main:array:1={'a','a','a','a','a','a','a','a','a','a','b','b','b','b','b','b','b','b','b','b','}','c','c','c','c','c','c','c','c','c','c','c','c','c','c','c','c','c','c','c','c','c','c','c','c','c','c','c','c','c','c','c','c','c','c','c','c','c','c','c','c','c','c','c','c','c','c','c','c','c','c','c','c','c','c','c','c','c','c','c','c','c','c','c','c','c','c','c','c','c','c','c','c','c','c','c','c','c','c','c','d'}; 
Previous 8: main:array:1={'b','b','b','b','b','b','b','b','b','b','b','b','b','b','b','b','b','b','b','b','b','b','b','b','b','b','b','b','b','b','b','b','b','b','b','b','b','b','b','b','b','b','b','b','b','b','b','b','b','b','b','b','b','b','b','b','b','b','b','b','b','b','b','b','b','b','b','b','b','b','b','b','b','b','b','b','b','b','b','b','b','b','b','b','b','b','b','b','b','b','b','b','b','b','b','b','b','b','b','b','b'}; 
Previous 9: main:array:1={'0','x','x','x','x','x','x','x','x','x','x','x','x','x','x','x','x','x','x','x','x','x','x','x','x','x','x','x','x','x','x','x','x','x','x','x','x','x','x','x','x','x','x','x','x','x','x','x','x','x','x','x','x','x','x','x','x','x','x','x','x','x','x','x','x','x','x','x','x','x','x','x','x','x','x','x','x','x','x','x','x','x','x','x','x','x','x','x','x','x','x','x','x','x','x','x','x','x','x','x','x'}; 
Previous 10: main:array:1={':','-',' ',' ',' ',' ',' ',' ',' ',' ',' ',' ',' ',' ',' ',' ',' ',' ',' ',' ',' ',' ',' ',' ',' ',' ',' ',' ',' ',' ',' ',' ',' ',' ',' ',' ',' ',' ',' ',' ',' ',' ',' ',' ',' ',' ',' ',' ',' ',' ',' ',' ',' ',' ',' ',' ',' ',' ',' ',' ',' ',' ',' ',' ',' ',' ',' ',' ',' ',' ',' ',' ',' ',' ',' ',' ',' ',' ',' ',' ',' ',' ',' ',' ',' ',' ',' ',' ',' ',' ',' ',' ',' ',' ',' ',' ',' ',' ',' ',' ',' '}; 
Previous 11: main:array:1={'0','1','2','3','4','5','6','7','8','9','0','1','2','3','4','5','6','7','8','9','0','1','2','3','4','5','6','7','8','9','0','1','2','3','4','5','6','7','8','9','0','1','2','3','4','5','6','7','8','9','a','b','c','d','e','f','g','h','i','j','a','b','c','d','e','f','g','h','i','j','a','b','c','d','e','f','g','h','i','j','a','b','c','d','e','f','g','h','i','j','a','b','c','d','e','f','g','h','i','j','z'}; 
Previous 12: main:array:1={'a','a','a','a','a','a','a','a','a','a','a','a','a','a','a','a','a','a','a','a','a','a','a','a','a','a','a','a','a','a','a','a','a','a','a','a','a','a','a','a','a','a','a','a','a','a','a','a','a','a','b','b','b','b','b','b','b','b','b','b','b','b','b','b','b','b','b','b','b','b','b','b','b','b','b','b','b','b','b','b','b','b','b','b','b','b','b','b','b','b','b','b','b','b','b','b','b','b','b','b','b'}; 
Previous 13: main:array:1={'x','x','x','x','x','x','x','x','x','x','x','x','x','x','x','x','x','x','x','x','x','x','x','x','x','x','x','x','x','x','x','x','x','x','x','x','x','x','x','x','x','x','x','x','x','x','x','x','x','x','x','x','x','x','x','x','x','x','x','x','x','x','x','x','x','x','x','x','x','x','x','x','x','x','x','x','x','x','x','x','x','x','x','x','x','x','x','x','x','x','x','x','x','x','x','x','x','x','x','x','x'}; 
Previous 14: main:array:1={'a','a','a','a','a','a','a','a','a','a','a','a','a','a','a','a','a','a','a','a','a','a','a','a','a','a','a','a','a','a','b','b','b','b','b','b','b','b','b','b','b','b','b','b','b','b','b','b','b','b','b','b','b','b','b','b','b','b','b','b','c','c','c','c','c','c','c','c','c','c','c','c','c','c','c','c','c','c','c','c','c','c','c','c','c','c','c','c','c','c','c','c','c','c','c','c','c','c','c','c','d'}; 
Previous 15: main:array:1={'a','a','a','a','a','a','a','a','a','a','a','a','a','a','a','a','a','a','a','a','a','a','a','a','a','a','a','a','a','a','a','a','a','a','a','a','a','a','a','a','a','a','a','a','a','a','a','a','a','a','}','a','a','a','a','a','a','a','a','a','a','a','a','a','a','a','a','a','a','a','a','a','a','a','a','a','a','a','a','a','a','a','a','a','a','a','a','a','a','a','a','a','a','a','a','a','a','a','a','a','a'}; 
Previous 16: main:array:1={'a','a','a','a','a','a','a','a','a','a','a','a','a','a','a','a','a','a','a','a','}','a','a','a','a','a','a','a','a','a','a','a','a','a','a','a','a','a','a','a','a','a','a','a','a','a','a','a','a','a','a','a','a','a','a','a','a','a','a','a','a','a','a','a','a','a','a','a','a','a','a','a','a','a','a','a','a','a','a','a','a','a','a','a','a','a','a','a','a','a','0','}',';','C',';',';',';',';',';',';',';'}; 
Previous 17: main:array:1={'a',':','-','x','x','x','x','x','x','x','x','x','x','x','x','x','x','x','x','x','x','x','x','x','x','x','x','x','x','x','x','x','x','x','x','x','x','x','x','x','x','x','x','x','x','x','x','x','x','x','x','x','x','x','x','x','x','x','x','x','x','x','x','x','x','x','x','x','x','x','x','x','x','x','x','x','x','x','x','x','x','x','x','x','x','x','x','x','x','x','x','x','x','x','x','x','x','x','x','x','x'}; 
Previous 18: main:array:1={'A','A','A','A','A','A','A','A','A','A','A','A','A','A','A','A','A','A','A','A','A','A','A','A','A','A','A','A','A','A','A','A','A','A','A','A','A','A','A','A','A','A','A','A','A','A','A','A','A','A','A','A','A','A','A','A','A','A','A','A','A','A','A','A','A','A','A','A','A','A','A','A','A','A','A','A','A','A','A','A','A','A','A','A','A','A','A','A','A','A','A','A','A','A','A','A','A','A','A','A','A'}; 

Program:
extern char __VERIFIER_nondet_char(void);
/*
Commit Number: e6801c90311679fc0854af73da95fe58079c59f4
URL: https://github.com/FreeRADIUS/freeradius-server/commit/e6801c90311679fc0854af73da95fe58079c59f4
Project Name: freeradius-serve
License: GPL2
termination: TRUE
*/
int main()
{
    int stop = 0;
    char array[101];
    for( int i = 0 ; i < 100 ; i++ )
        array[i] =  __VERIFIER_nondet_char();
    array[100] = 0;
    char* p = array;
    while( (*p) && (!stop) )
    {
        switch(*p){
        case '}':
            stop = 1;
            break;

        case ':':
            if( *(p+1) && (*(p+1) == '-')){
                p += 2;
                stop = 1;
                break;
            }

        default:
            p++;
            break;
        }
    }
    return 0;
}

"
23,T,"main:array:1={'a','b','c','a','b','c','a','b','c','a','b','c','a','b','c','a','b','c','a','b','c','a','b','c','a','b','c','a','b','c','a','b','c','a','b','c','a','b','c','a','b','c','a','b','c','a','b','c','a','b','c','a','b','c','a','b','c','a','b','c','a','b','c','a','b','c','a','b','c','a','b','c','a','b','c','a','b','c','a','b','c','a','b','c','a','b','c','a','b','c','a','b','c','a','b','c','a','b','c','a','b'}
",/home/quasar/Documents/FocusTNT/results_InputGeneration/FSE/loop/Incorrect_Control_Statement_1_T/input_generator_artifacts/generated_programs/Incorrect_Control_Statement_1_T_TestCase20.c,COMPLETED,T,true,,"You generate concrete values for nondeterministic inputs in a C/C++ program.
Your goal is to produce ONE complete assignment set that is likely to make the program terminate.

Important rules:
1. Return a value for EVERY listed nondeterministic input ID.
2. Use each ID exactly once.
3. Respect the declared C/C++ type.
4. For an array, return the value as an array containing exactly the required number of elements.
5. For char arrays, each element must be exactly one character. Return the character itself without C single quotes.
6. Prefer small-magnitude values unless larger values are necessary to achieve the requested execution behavior.

Nondeterministic inputs:
- id: main:array:1, type: char, array: true, size: 101, required elements: 101

Previously generated assignment sets are listed below. Generate a materially different set and do not duplicate any of them.
Previous 1: main:array:1={'}','a','a','a','a','a','a','a','a','a','a','a','a','a','a','a','a','a','a','a','a','a','a','a','a','a','a','a','a','a','a','a','a','a','a','a','a','a','a','a','a','a','a','a','a','a','a','a','a','a','a','a','a','a','a','a','a','a','a','a','a','a','a','a','a','a','a','a','a','a','a','a','a','a','a','a','a','a','a','a','a','a','a','a','a','a','a','a','a','a','a','a','a','a','a','a','a','a','a','a','a'}; 
Previous 2: main:array:1={'0','a','a','a','a','a','a','a','a','a','a','a','a','a','a','a','a','a','a','a','a','a','a','a','a','a','a','a','a','a','a','a','a','a','a','a','a','a','a','a','a','a','a','a','a','a','a','a','a','a','a','a','a','a','a','a','a','a','a','a','a','a','a','a','a','a','a','a','a','a','a','a','a','a','a','a','a','a','a','a','a','a','a','a','a','a','a','a','a','a','a','a','a','a','a','a','a','a','a','a','a'}; 
Previous 3: main:array:1={'a','a','a','a','a','a','a','a','a','a','a','a','a','a','a','a','a','a','a','a','a','a','a','a','a','a','a','a','a','a','a','a','a','a','a','a','a','a','a','a','a','a','a','a','a','a','a','a','a','a','a','a','a','a','a','a','a','a','a','a','a','a','a','a','a','a','a','a','a','a','a','a','a','a','a','a','a','a','a','a','a','a','a','a','a','a','a','a','a','a','a','a','a','a','a','a','a','a','a','a','a'}; 
Previous 4: main:array:1={' ',' ',' ',' ',' ',' ',' ',' ',' ',' ',' ',' ',' ',' ',' ',' ',' ',' ',' ',' ',' ',' ',' ',' ',' ',' ',' ',' ',' ',' ',' ',' ',' ',' ',' ',' ',' ',' ',' ',' ',' ',' ',' ',' ',' ',' ',' ',' ',' ',' ',' ',' ',' ',' ',' ',' ',' ',' ',' ',' ',' ',' ',' ',' ',' ',' ',' ',' ',' ',' ',' ',' ',' ',' ',' ',' ',' ',' ',' ',' ',' ',' ',' ',' ',' ',' ',' ',' ',' ',' ',' ',' ',' ',' ',' ',' ',' ',' ',' ',' ',' '}; 
Previous 5: main:array:1={'a','b','c','d','e','f','g','h','i','j','k','l','m','n','o','p','q','r','s','t','u','v','w','x','y','z','a','b','c','d','e','f','g','h','i','j','k','l','m','n','o','p','q','r','s','t','u','v','w','x','y','z','a','b','c','d','e','f','g','h','i','j','k','l','m','n','o','p','q','r','s','t','u','v','w','x','y','z','a','b','c','d','e','f','g','h','i','j','k','l','m','n','o','p','q','r','s','t','u','v','w'}; 
Previous 6: main:array:1={'1','A','B','C','D','E','F','G','H','I','J','K','L','M','N','O','P','Q','R','S','T','U','V','W','X','Y','Z','A','B','C','D','E','F','G','H','I','J','K','L','M','N','O','P','Q','R','S','T','U','V','W','X','Y','Z','A','B','C','D','E','F','G','H','I','J','K','L','M','N','O','P','Q','R','S','T','U','V','W','X','Y','Z','A','B','C','D','E','F','G','H','I','J','K','L','M','N','O','P','Q','R','S','T','U','V'}; 
Previous 7: main:array:1={'a','a','a','a','a','a','a','a','a','a','b','b','b','b','b','b','b','b','b','b','}','c','c','c','c','c','c','c','c','c','c','c','c','c','c','c','c','c','c','c','c','c','c','c','c','c','c','c','c','c','c','c','c','c','c','c','c','c','c','c','c','c','c','c','c','c','c','c','c','c','c','c','c','c','c','c','c','c','c','c','c','c','c','c','c','c','c','c','c','c','c','c','c','c','c','c','c','c','c','c','d'}; 
Previous 8: main:array:1={'b','b','b','b','b','b','b','b','b','b','b','b','b','b','b','b','b','b','b','b','b','b','b','b','b','b','b','b','b','b','b','b','b','b','b','b','b','b','b','b','b','b','b','b','b','b','b','b','b','b','b','b','b','b','b','b','b','b','b','b','b','b','b','b','b','b','b','b','b','b','b','b','b','b','b','b','b','b','b','b','b','b','b','b','b','b','b','b','b','b','b','b','b','b','b','b','b','b','b','b','b'}; 
Previous 9: main:array:1={'0','x','x','x','x','x','x','x','x','x','x','x','x','x','x','x','x','x','x','x','x','x','x','x','x','x','x','x','x','x','x','x','x','x','x','x','x','x','x','x','x','x','x','x','x','x','x','x','x','x','x','x','x','x','x','x','x','x','x','x','x','x','x','x','x','x','x','x','x','x','x','x','x','x','x','x','x','x','x','x','x','x','x','x','x','x','x','x','x','x','x','x','x','x','x','x','x','x','x','x','x'}; 
Previous 10: main:array:1={':','-',' ',' ',' ',' ',' ',' ',' ',' ',' ',' ',' ',' ',' ',' ',' ',' ',' ',' ',' ',' ',' ',' ',' ',' ',' ',' ',' ',' ',' ',' ',' ',' ',' ',' ',' ',' ',' ',' ',' ',' ',' ',' ',' ',' ',' ',' ',' ',' ',' ',' ',' ',' ',' ',' ',' ',' ',' ',' ',' ',' ',' ',' ',' ',' ',' ',' ',' ',' ',' ',' ',' ',' ',' ',' ',' ',' ',' ',' ',' ',' ',' ',' ',' ',' ',' ',' ',' ',' ',' ',' ',' ',' ',' ',' ',' ',' ',' ',' ',' '}; 
Previous 11: main:array:1={'0','1','2','3','4','5','6','7','8','9','0','1','2','3','4','5','6','7','8','9','0','1','2','3','4','5','6','7','8','9','0','1','2','3','4','5','6','7','8','9','0','1','2','3','4','5','6','7','8','9','a','b','c','d','e','f','g','h','i','j','a','b','c','d','e','f','g','h','i','j','a','b','c','d','e','f','g','h','i','j','a','b','c','d','e','f','g','h','i','j','a','b','c','d','e','f','g','h','i','j','z'}; 
Previous 12: main:array:1={'a','a','a','a','a','a','a','a','a','a','a','a','a','a','a','a','a','a','a','a','a','a','a','a','a','a','a','a','a','a','a','a','a','a','a','a','a','a','a','a','a','a','a','a','a','a','a','a','a','a','b','b','b','b','b','b','b','b','b','b','b','b','b','b','b','b','b','b','b','b','b','b','b','b','b','b','b','b','b','b','b','b','b','b','b','b','b','b','b','b','b','b','b','b','b','b','b','b','b','b','b'}; 
Previous 13: main:array:1={'x','x','x','x','x','x','x','x','x','x','x','x','x','x','x','x','x','x','x','x','x','x','x','x','x','x','x','x','x','x','x','x','x','x','x','x','x','x','x','x','x','x','x','x','x','x','x','x','x','x','x','x','x','x','x','x','x','x','x','x','x','x','x','x','x','x','x','x','x','x','x','x','x','x','x','x','x','x','x','x','x','x','x','x','x','x','x','x','x','x','x','x','x','x','x','x','x','x','x','x','x'}; 
Previous 14: main:array:1={'a','a','a','a','a','a','a','a','a','a','a','a','a','a','a','a','a','a','a','a','a','a','a','a','a','a','a','a','a','a','b','b','b','b','b','b','b','b','b','b','b','b','b','b','b','b','b','b','b','b','b','b','b','b','b','b','b','b','b','b','c','c','c','c','c','c','c','c','c','c','c','c','c','c','c','c','c','c','c','c','c','c','c','c','c','c','c','c','c','c','c','c','c','c','c','c','c','c','c','c','d'}; 
Previous 15: main:array:1={'a','a','a','a','a','a','a','a','a','a','a','a','a','a','a','a','a','a','a','a','a','a','a','a','a','a','a','a','a','a','a','a','a','a','a','a','a','a','a','a','a','a','a','a','a','a','a','a','a','a','}','a','a','a','a','a','a','a','a','a','a','a','a','a','a','a','a','a','a','a','a','a','a','a','a','a','a','a','a','a','a','a','a','a','a','a','a','a','a','a','a','a','a','a','a','a','a','a','a','a','a'}; 
Previous 16: main:array:1={'a','a','a','a','a','a','a','a','a','a','a','a','a','a','a','a','a','a','a','a','}','a','a','a','a','a','a','a','a','a','a','a','a','a','a','a','a','a','a','a','a','a','a','a','a','a','a','a','a','a','a','a','a','a','a','a','a','a','a','a','a','a','a','a','a','a','a','a','a','a','a','a','a','a','a','a','a','a','a','a','a','a','a','a','a','a','a','a','a','a','0','}',';','C',';',';',';',';',';',';',';'}; 
Previous 17: main:array:1={'a',':','-','x','x','x','x','x','x','x','x','x','x','x','x','x','x','x','x','x','x','x','x','x','x','x','x','x','x','x','x','x','x','x','x','x','x','x','x','x','x','x','x','x','x','x','x','x','x','x','x','x','x','x','x','x','x','x','x','x','x','x','x','x','x','x','x','x','x','x','x','x','x','x','x','x','x','x','x','x','x','x','x','x','x','x','x','x','x','x','x','x','x','x','x','x','x','x','x','x','x'}; 
Previous 18: main:array:1={'A','A','A','A','A','A','A','A','A','A','A','A','A','A','A','A','A','A','A','A','A','A','A','A','A','A','A','A','A','A','A','A','A','A','A','A','A','A','A','A','A','A','A','A','A','A','A','A','A','A','A','A','A','A','A','A','A','A','A','A','A','A','A','A','A','A','A','A','A','A','A','A','A','A','A','A','A','A','A','A','A','A','A','A','A','A','A','A','A','A','A','A','A','A','A','A','A','A','A','A','A'}; 
Previous 19: main:array:1={'x','y','z','}','q','w','e','r','t','y','u','i','o','p','a','s','d','f','g','h','j','k','l','.',',','/','0','1','2','3','4','5','6','7','8','9','A','B','C','D','E','F','G','H','I','J','K','L','M','N','O','P','Q','R','S','T','U','V','W','X','Y','Z','n','m','b','v','c','x','z','q','w','e','r','t','y','u','i','o','p','a','s','d','f','g','h','j','k','l',',','.','/',' ','-','+','*','/','(',' ',')','[',']'}; 

Program:
extern char __VERIFIER_nondet_char(void);
/*
Commit Number: e6801c90311679fc0854af73da95fe58079c59f4
URL: https://github.com/FreeRADIUS/freeradius-server/commit/e6801c90311679fc0854af73da95fe58079c59f4
Project Name: freeradius-serve
License: GPL2
termination: TRUE
*/
int main()
{
    int stop = 0;
    char array[101];
    for( int i = 0 ; i < 100 ; i++ )
        array[i] =  __VERIFIER_nondet_char();
    array[100] = 0;
    char* p = array;
    while( (*p) && (!stop) )
    {
        switch(*p){
        case '}':
            stop = 1;
            break;

        case ':':
            if( *(p+1) && (*(p+1) == '-')){
                p += 2;
                stop = 1;
                break;
            }

        default:
            p++;
            break;
        }
    }
    return 0;
}

"
